00:00 KSA · AFTER   · scanner    · بدء المسح · 1154 رمزاً · الجلسة AFTER
00:00 KSA · AFTER   · scanner    · ساعة التأكيد مثبَّتة على شمعة 20:30Z (من cbar)
00:01 KSA · AFTER   · scanner    · بدء المسح · 1154 رمزاً · الجلسة AFTER
00:01 KSA · AFTER   · scanner    · ساعة التأكيد مثبَّتة على شمعة 20:45Z (من cbar)
00:01 KSA · AFTER   · signal     · LLY · vwapRec ▼ 60 · 15m · جلسة ممتدة
00:01 KSA · AFTER   · signal     · KO · vwapRec ▼ 73 · 15m · جلسة ممتدة
00:01 KSA · AFTER   · signal     · TMO · orb ▲ 95 · 15m · جلسة ممتدة
00:01 KSA · AFTER   · signal     · LIN · volSpike ▲ 67 · 15m · جلسة ممتدة
00:01 KSA · AFTER   · signal     · T · volSpike ▼ 100 · 15m · جلسة ممتدة
00:01 KSA · AFTER   · signal     · PH · rsiDiv ▼ 88 · 1h · جلسة ممتدة
00:01 KSA · AFTER   · signal     · MPC · orb ▼ 65 · 15m · جلسة ممتدة
00:01 KSA · AFTER   · signal     · ADP · momo ▼ 83 · 1h · جلسة ممتدة
00:01 KSA · AFTER   · signal     · FCX · orb ▼ 80 · 15m · جلسة ممتدة
00:01 KSA · AFTER   · signal     · CRCLB-USD · sqzExp ▼ 65 · 1h
00:01 KSA · AFTER   · signal     · MSTRB-USD · sqzExp ▲ 80 · 1h
00:01 KSA · AFTER   · signal     · HOLO-USD · brk ▼ 70 · 15m
00:02 KSA · AFTER   · scanner    · بدء المسح · 1154 رمزاً · الجلسة AFTER
00:02 KSA · AFTER   · scanner    · ساعة التأكيد مثبَّتة على شمعة 20:45Z (من cbar)
00:04 KSA · AFTER   · scanner    · بدء المسح · 1154 رمزاً · الجلسة AFTER
00:04 KSA · AFTER   · scanner    · ساعة التأكيد مثبَّتة على شمعة 20:45Z (من cbar)
00:06 KSA · AFTER   · scanner    · بدء المسح · 1154 رمزاً · الجلسة AFTER
00:06 KSA · AFTER   · scanner    · ساعة التأكيد مثبَّتة على شمعة 20:45Z (من cbar)
00:09 KSA · AFTER   · scanner    · بدء المسح · 1154 رمزاً · الجلسة AFTER
00:09 KSA · AFTER   · scanner    · ساعة التأكيد مثبَّتة على شمعة 20:45Z (من cbar)
00:10 KSA · AFTER   · scanner    · بدء المسح · 1154 رمزاً · الجلسة AFTER
00:10 KSA · AFTER   · scanner    · ساعة التأكيد مثبَّتة على شمعة 20:45Z (من cbar)
00:12 KSA · AFTER   · scanner    · بدء المسح · 1154 رمزاً · الجلسة AFTER
00:12 KSA · AFTER   · scanner    · ساعة التأكيد مثبَّتة على شمعة 20:45Z (من cbar)
00:14 KSA · AFTER   · scanner    · بدء المسح · 1154 رمزاً · الجلسة AFTER
00:14 KSA · AFTER   · scanner    · ساعة التأكيد مثبَّتة على شمعة 20:45Z (من cbar)
00:15 KSA · AFTER   · scanner    · بدء المسح · 1154 رمزاً · الجلسة AFTER
00:15 KSA · AFTER   · scanner    · ساعة التأكيد مثبَّتة على شمعة 21:00Z (من cbar)
00:15 KSA · AFTER   · signal     · MSFT · orb ▼ 70 · 15m · جلسة ممتدة
00:15 KSA · AFTER   · signal     · TMUS · orb ▲ 59 · 15m · جلسة ممتدة
00:15 KSA · AFTER   · signal     · HON · orb ▲ 60 · 15m · جلسة ممتدة
00:15 KSA · AFTER   · signal     · HON · meanRev ▼ 57 · 15m · جلسة ممتدة
00:16 KSA · AFTER   · scanner    · بدء المسح · 1154 رمزاً · الجلسة AFTER
00:16 KSA · AFTER   · scanner    · ساعة التأكيد مثبَّتة على شمعة 21:00Z (من cbar)
00:18 KSA · AFTER   · scanner    · بدء المسح · 1154 رمزاً · الجلسة AFTER
00:18 KSA · AFTER   · scanner    · ساعة التأكيد مثبَّتة على شمعة 21:00Z (من cbar)
00:21 KSA · AFTER   · scanner    · بدء المسح · 1154 رمزاً · الجلسة AFTER
00:21 KSA · AFTER   · scanner    · ساعة التأكيد مثبَّتة على شمعة 21:00Z (من cbar)
00:21 KSA · AFTER   · signal     · LIN · meanRev ▼ 57 · 15m · جلسة ممتدة
00:21 KSA · AFTER   · signal     · CEG · brk ▲ 73 · 15m · جلسة ممتدة
00:23 KSA · AFTER   · scanner    · بدء المسح · 1154 رمزاً · الجلسة AFTER
00:23 KSA · AFTER   · scanner    · ساعة التأكيد مثبَّتة على شمعة 21:00Z (من cbar)
00:24 KSA · AFTER   · scanner    · بدء المسح · 1154 رمزاً · الجلسة AFTER
00:24 KSA · AFTER   · scanner    · ساعة التأكيد مثبَّتة على شمعة 21:00Z (من cbar)
00:26 KSA · AFTER   · scanner    · بدء المسح · 1154 رمزاً · الجلسة AFTER
00:26 KSA · AFTER   · scanner    · ساعة التأكيد مثبَّتة على شمعة 21:00Z (من cbar)
00:28 KSA · AFTER   · scanner    · بدء المسح · 1154 رمزاً · الجلسة AFTER
00:28 KSA · AFTER   · scanner    · ساعة التأكيد مثبَّتة على شمعة 21:00Z (من cbar)
00:30 KSA · AFTER   · scanner    · بدء المسح · 1154 رمزاً · الجلسة AFTER
00:30 KSA · AFTER   · scanner    · ساعة التأكيد مثبَّتة على شمعة 21:00Z (من cbar)
00:31 KSA · AFTER   · scanner    · بدء المسح · 1154 رمزاً · الجلسة AFTER
00:31 KSA · AFTER   · scanner    · ساعة التأكيد مثبَّتة على شمعة 21:15Z (من cbar)
00:31 KSA · AFTER   · signal     · BA · vwapRec ▼ 78 · 15m · جلسة ممتدة
00:31 KSA · AFTER   · signal     · PENDLE-USD · vwapRec ▲ 85 · 15m
00:31 KSA · AFTER   · signal     · XPL-USD · brk ▲ 68 · 15m
00:32 KSA · AFTER   · scanner    · بدء المسح · 1154 رمزاً · الجلسة AFTER
00:32 KSA · AFTER   · scanner    · ساعة التأكيد مثبَّتة على شمعة 21:15Z (من cbar)
00:34 KSA · AFTER   · scanner    · بدء المسح · 1154 رمزاً · الجلسة AFTER
00:34 KSA · AFTER   · scanner    · ساعة التأكيد مثبَّتة على شمعة 21:15Z (من cbar)
00:36 KSA · AFTER   · scanner    · بدء المسح · 1154 رمزاً · الجلسة AFTER
00:36 KSA · AFTER   · scanner    · ساعة التأكيد مثبَّتة على شمعة 21:15Z (من cbar)
00:39 KSA · AFTER   · scanner    · بدء المسح · 1154 رمزاً · الجلسة AFTER
00:39 KSA · AFTER   · scanner    · ساعة التأكيد مثبَّتة على شمعة 21:15Z (من cbar)
00:40 KSA · AFTER   · scanner    · بدء المسح · 1154 رمزاً · الجلسة AFTER
00:40 KSA · AFTER   · scanner    · ساعة التأكيد مثبَّتة على شمعة 21:15Z (من cbar)
00:42 KSA · AFTER   · scanner    · بدء المسح · 1154 رمزاً · الجلسة AFTER
00:42 KSA · AFTER   · scanner    · ساعة التأكيد مثبَّتة على شمعة 21:15Z (من cbar)
00:44 KSA · AFTER   · scanner    · بدء المسح · 1154 رمزاً · الجلسة AFTER
00:44 KSA · AFTER   · scanner    · ساعة التأكيد مثبَّتة على شمعة 21:15Z (من cbar)
00:45 KSA · AFTER   · scanner    · بدء المسح · 1154 رمزاً · الجلسة AFTER
00:45 KSA · AFTER   · scanner    · ساعة التأكيد مثبَّتة على شمعة 21:30Z (من cbar)
00:45 KSA · AFTER   · signal     · C · vwapRec ▲ 70 · 15m · جلسة ممتدة
00:45 KSA · AFTER   · signal     · ADP · orb ▲ 65 · 15m · جلسة ممتدة
00:45 KSA · AFTER   · signal     · CDNS · orb ▲ 74 · 15m · جلسة ممتدة
00:45 KSA · AFTER   · signal     · ADSK · vwapRec ▼ 82 · 15m · جلسة ممتدة
00:45 KSA · AFTER   · signal     · PENGU-USD · brk ▲ 64 · 15m
00:46 KSA · AFTER   · scanner    · بدء المسح · 1154 رمزاً · الجلسة AFTER
00:46 KSA · AFTER   · scanner    · ساعة التأكيد مثبَّتة على شمعة 21:30Z (من cbar)
00:48 KSA · AFTER   · scanner    · بدء المسح · 1154 رمزاً · الجلسة AFTER
00:48 KSA · AFTER   · scanner    · ساعة التأكيد مثبَّتة على شمعة 21:30Z (من cbar)
00:51 KSA · AFTER   · scanner    · بدء المسح · 1154 رمزاً · الجلسة AFTER
00:51 KSA · AFTER   · scanner    · ساعة التأكيد مثبَّتة على شمعة 21:30Z (من cbar)
00:51 KSA · AFTER   · signal     · WFC · meanRev ▲ 75 · 15m · جلسة ممتدة
00:53 KSA · AFTER   · scanner    · بدء المسح · 1154 رمزاً · الجلسة AFTER
00:53 KSA · AFTER   · scanner    · ساعة التأكيد مثبَّتة على شمعة 21:30Z (من cbar)
00:54 KSA · AFTER   · scanner    · بدء المسح · 1154 رمزاً · الجلسة AFTER
00:54 KSA · AFTER   · scanner    · ساعة التأكيد مثبَّتة على شمعة 21:30Z (من cbar)
00:56 KSA · AFTER   · scanner    · بدء المسح · 1154 رمزاً · الجلسة AFTER
00:56 KSA · AFTER   · scanner    · ساعة التأكيد مثبَّتة على شمعة 21:30Z (من cbar)
00:58 KSA · AFTER   · scanner    · بدء المسح · 1154 رمزاً · الجلسة AFTER
00:58 KSA · AFTER   · scanner    · ساعة التأكيد مثبَّتة على شمعة 21:30Z (من cbar)
01:00 KSA · AFTER   · scanner    · بدء المسح · 1154 رمزاً · الجلسة AFTER
01:00 KSA · AFTER   · scanner    · ساعة التأكيد مثبَّتة على شمعة 21:30Z (من cbar)
01:01 KSA · AFTER   · scanner    · بدء المسح · 1154 رمزاً · الجلسة AFTER
01:01 KSA · AFTER   · scanner    · ساعة التأكيد مثبَّتة على شمعة 21:45Z (من cbar)
01:01 KSA · AFTER   · signal     · HD · meanRev ▲ 60 · 15m · جلسة ممتدة
01:01 KSA · AFTER   · signal     · ADP · meanRev ▲ 93 · 15m · جلسة ممتدة
01:02 KSA · AFTER   · scanner    · بدء المسح · 1154 رمزاً · الجلسة AFTER
01:02 KSA · AFTER   · scanner    · ساعة التأكيد مثبَّتة على شمعة 21:45Z (من cbar)
01:04 KSA · AFTER   · scanner    · بدء المسح · 1154 رمزاً · الجلسة AFTER
01:04 KSA · AFTER   · scanner    · ساعة التأكيد مثبَّتة على شمعة 21:45Z (من cbar)
01:06 KSA · AFTER   · scanner    · بدء المسح · 1154 رمزاً · الجلسة AFTER
01:06 KSA · AFTER   · scanner    · ساعة التأكيد مثبَّتة على شمعة 21:45Z (من cbar)
01:09 KSA · AFTER   · scanner    · بدء المسح · 1154 رمزاً · الجلسة AFTER
01:09 KSA · AFTER   · scanner    · ساعة التأكيد مثبَّتة على شمعة 21:45Z (من cbar)
01:10 KSA · AFTER   · scanner    · بدء المسح · 1154 رمزاً · الجلسة AFTER
01:10 KSA · AFTER   · scanner    · ساعة التأكيد مثبَّتة على شمعة 21:45Z (من cbar)
01:12 KSA · AFTER   · scanner    · بدء المسح · 1154 رمزاً · الجلسة AFTER
01:12 KSA · AFTER   · scanner    · ساعة التأكيد مثبَّتة على شمعة 21:45Z (من cbar)
01:14 KSA · AFTER   · scanner    · بدء المسح · 1154 رمزاً · الجلسة AFTER
01:14 KSA · AFTER   · scanner    · ساعة التأكيد مثبَّتة على شمعة 21:45Z (من cbar)
01:15 KSA · AFTER   · scanner    · بدء المسح · 1154 رمزاً · الجلسة AFTER
01:15 KSA · AFTER   · scanner    · ساعة التأكيد مثبَّتة على شمعة 22:00Z (من cbar)
01:15 KSA · AFTER   · signal     · META · orb ▲ 95 · 15m · جلسة ممتدة
01:15 KSA · AFTER   · signal     · C · orb ▲ 78 · 15m · جلسة ممتدة
01:15 KSA · AFTER   · signal     · HON · meanRev ▼ 78 · 15m · جلسة ممتدة
01:16 KSA · AFTER   · scanner    · بدء المسح · 1154 رمزاً · الجلسة AFTER
01:16 KSA · AFTER   · scanner    · ساعة التأكيد مثبَّتة على شمعة 22:00Z (من cbar)
01:18 KSA · AFTER   · scanner    · بدء المسح · 1154 رمزاً · الجلسة AFTER
01:18 KSA · AFTER   · scanner    · ساعة التأكيد مثبَّتة على شمعة 22:00Z (من cbar)
01:21 KSA · AFTER   · scanner    · بدء المسح · 1154 رمزاً · الجلسة AFTER
01:21 KSA · AFTER   · scanner    · ساعة التأكيد مثبَّتة على شمعة 22:00Z (من cbar)
01:23 KSA · AFTER   · scanner    · بدء المسح · 1154 رمزاً · الجلسة AFTER
01:23 KSA · AFTER   · scanner    · ساعة التأكيد مثبَّتة على شمعة 22:00Z (من cbar)
01:24 KSA · AFTER   · scanner    · بدء المسح · 1154 رمزاً · الجلسة AFTER
01:24 KSA · AFTER   · scanner    · ساعة التأكيد مثبَّتة على شمعة 22:00Z (من cbar)
01:26 KSA · AFTER   · scanner    · بدء المسح · 1154 رمزاً · الجلسة AFTER
01:26 KSA · AFTER   · scanner    · ساعة التأكيد مثبَّتة على شمعة 22:00Z (من cbar)
01:28 KSA · AFTER   · scanner    · بدء المسح · 1154 رمزاً · الجلسة AFTER
01:28 KSA · AFTER   · scanner    · ساعة التأكيد مثبَّتة على شمعة 22:00Z (من cbar)
01:30 KSA · AFTER   · scanner    · بدء المسح · 1154 رمزاً · الجلسة AFTER
01:30 KSA · AFTER   · scanner    · ساعة التأكيد مثبَّتة على شمعة 22:15Z (من cbar)
01:30 KSA · AFTER   · signal     · WMT · volSpike ▲ 83 · 15m · جلسة ممتدة
01:30 KSA · AFTER   · signal     · NSC · brk ▼ 56 · 15m · جلسة ممتدة
01:31 KSA · AFTER   · scanner    · بدء المسح · 1154 رمزاً · الجلسة AFTER
01:31 KSA · AFTER   · scanner    · ساعة التأكيد مثبَّتة على شمعة 22:15Z (من cbar)
01:32 KSA · AFTER   · scanner    · بدء المسح · 1154 رمزاً · الجلسة AFTER
01:32 KSA · AFTER   · scanner    · ساعة التأكيد مثبَّتة على شمعة 22:15Z (من cbar)
01:34 KSA · AFTER   · scanner    · بدء المسح · 1154 رمزاً · الجلسة AFTER
01:34 KSA · AFTER   · scanner    · ساعة التأكيد مثبَّتة على شمعة 22:15Z (من cbar)
01:36 KSA · AFTER   · scanner    · بدء المسح · 1154 رمزاً · الجلسة AFTER
01:36 KSA · AFTER   · scanner    · ساعة التأكيد مثبَّتة على شمعة 22:15Z (من cbar)
01:39 KSA · AFTER   · scanner    · بدء المسح · 1154 رمزاً · الجلسة AFTER
01:39 KSA · AFTER   · scanner    · ساعة التأكيد مثبَّتة على شمعة 22:15Z (من cbar)
01:40 KSA · AFTER   · scanner    · بدء المسح · 1154 رمزاً · الجلسة AFTER
01:40 KSA · AFTER   · scanner    · ساعة التأكيد مثبَّتة على شمعة 22:15Z (من cbar)
01:42 KSA · AFTER   · scanner    · بدء المسح · 1154 رمزاً · الجلسة AFTER
01:42 KSA · AFTER   · scanner    · ساعة التأكيد مثبَّتة على شمعة 22:15Z (من cbar)
01:44 KSA · AFTER   · scanner    · بدء المسح · 1154 رمزاً · الجلسة AFTER
01:44 KSA · AFTER   · scanner    · ساعة التأكيد مثبَّتة على شمعة 22:15Z (من cbar)
01:45 KSA · AFTER   · scanner    · بدء المسح · 1154 رمزاً · الجلسة AFTER
01:45 KSA · AFTER   · scanner    · ساعة التأكيد مثبَّتة على شمعة 22:30Z (من cbar)
01:45 KSA · AFTER   · signal     · COST · volSpike ▲ 61 · 15m · جلسة ممتدة
01:45 KSA · AFTER   · signal     · ETN · meanRev ▲ 57 · 15m · جلسة ممتدة
01:45 KSA · AFTER   · signal     · TRX-USD · brk ▼ 64 · 15m
01:45 KSA · AFTER   · signal     · BANK-USD · brk ▼ 68 · 15m
01:46 KSA · AFTER   · scanner    · بدء المسح · 1154 رمزاً · الجلسة AFTER
01:46 KSA · AFTER   · scanner    · ساعة التأكيد مثبَّتة على شمعة 22:30Z (من cbar)
01:48 KSA · AFTER   · scanner    · بدء المسح · 1154 رمزاً · الجلسة AFTER
01:48 KSA · AFTER   · scanner    · ساعة التأكيد مثبَّتة على شمعة 22:30Z (من cbar)
01:51 KSA · AFTER   · scanner    · بدء المسح · 1154 رمزاً · الجلسة AFTER
01:51 KSA · AFTER   · scanner    · ساعة التأكيد مثبَّتة على شمعة 22:30Z (من cbar)
01:51 KSA · AFTER   · signal     · MDLZ · orb ▲ 82 · 15m · جلسة ممتدة
01:51 KSA · AFTER   · signal     · MPWR · meanRev ▼ 65 · 15m · جلسة ممتدة
01:53 KSA · AFTER   · scanner    · بدء المسح · 1154 رمزاً · الجلسة AFTER
01:53 KSA · AFTER   · scanner    · ساعة التأكيد مثبَّتة على شمعة 22:30Z (من cbar)
01:54 KSA · AFTER   · scanner    · بدء المسح · 1154 رمزاً · الجلسة AFTER
01:54 KSA · AFTER   · scanner    · ساعة التأكيد مثبَّتة على شمعة 22:30Z (من cbar)
01:56 KSA · AFTER   · scanner    · بدء المسح · 1154 رمزاً · الجلسة AFTER
01:56 KSA · AFTER   · scanner    · ساعة التأكيد مثبَّتة على شمعة 22:30Z (من cbar)
01:58 KSA · AFTER   · scanner    · بدء المسح · 1154 رمزاً · الجلسة AFTER
01:58 KSA · AFTER   · scanner    · ساعة التأكيد مثبَّتة على شمعة 22:30Z (من cbar)
02:00 KSA · AFTER   · scanner    · بدء المسح · 1154 رمزاً · الجلسة AFTER
02:00 KSA · AFTER   · scanner    · ساعة التأكيد مثبَّتة على شمعة 22:45Z (من cbar)
02:00 KSA · AFTER   · signal     · BAC · orb ▲ 65 · 15m · جلسة ممتدة
02:00 KSA · AFTER   · signal     · MRK · orb ▼ 70 · 15m · جلسة ممتدة
02:00 KSA · AFTER   · signal     · AMGN · orb ▲ 85 · 15m · جلسة ممتدة
02:00 KSA · AFTER   · signal     · DIS · orb ▲ 65 · 15m · جلسة ممتدة
02:00 KSA · AFTER   · signal     · ADP · orb ▲ 59 · 15m · جلسة ممتدة
02:00 KSA · AFTER   · signal     · ADSK · vwapRec ▼ 74 · 15m · جلسة ممتدة
02:00 KSA · AFTER   · signal     · FIL-USD · volSpike ▲ 67 · 15m
02:01 KSA · AFTER   · scanner    · بدء المسح · 1154 رمزاً · الجلسة AFTER
02:01 KSA · AFTER   · scanner    · ساعة التأكيد مثبَّتة على شمعة 22:45Z (من cbar)
02:02 KSA · AFTER   · scanner    · بدء المسح · 1154 رمزاً · الجلسة AFTER
02:02 KSA · AFTER   · scanner    · ساعة التأكيد مثبَّتة على شمعة 22:45Z (من cbar)
02:04 KSA · AFTER   · scanner    · بدء المسح · 1154 رمزاً · الجلسة AFTER
02:04 KSA · AFTER   · scanner    · ساعة التأكيد مثبَّتة على شمعة 22:45Z (من cbar)
02:06 KSA · AFTER   · scanner    · بدء المسح · 1154 رمزاً · الجلسة AFTER
02:06 KSA · AFTER   · scanner    · ساعة التأكيد مثبَّتة على شمعة 22:45Z (من cbar)
02:09 KSA · AFTER   · scanner    · بدء المسح · 1154 رمزاً · الجلسة AFTER
02:09 KSA · AFTER   · scanner    · ساعة التأكيد مثبَّتة على شمعة 22:45Z (من cbar)
02:10 KSA · AFTER   · scanner    · بدء المسح · 1154 رمزاً · الجلسة AFTER
02:10 KSA · AFTER   · scanner    · ساعة التأكيد مثبَّتة على شمعة 22:45Z (من cbar)
02:12 KSA · AFTER   · scanner    · بدء المسح · 1154 رمزاً · الجلسة AFTER
02:12 KSA · AFTER   · scanner    · ساعة التأكيد مثبَّتة على شمعة 22:45Z (من cbar)
02:14 KSA · AFTER   · scanner    · بدء المسح · 1154 رمزاً · الجلسة AFTER
02:14 KSA · AFTER   · scanner    · ساعة التأكيد مثبَّتة على شمعة 22:45Z (من cbar)
02:15 KSA · AFTER   · scanner    · بدء المسح · 1154 رمزاً · الجلسة AFTER
02:15 KSA · AFTER   · scanner    · ساعة التأكيد مثبَّتة على شمعة 23:00Z (من cbar)
02:15 KSA · AFTER   · signal     · ABBV · vwapRec ▼ 71 · 15m · جلسة ممتدة
02:15 KSA · AFTER   · signal     · TRX-USD · brk ▲ 93 · 15m
02:15 KSA · AFTER   · signal     · ENA-USD · pbTrend ▲ 86 · 1h
02:15 KSA · AFTER   · signal     · HEMI-USD · rsiDiv ▲ 61 · 15m
02:15 KSA · AFTER   · signal     · BANK-USD · sqzExp ▲ 60 · 1h
02:16 KSA · AFTER   · scanner    · بدء المسح · 1154 رمزاً · الجلسة AFTER
02:16 KSA · AFTER   · scanner    · ساعة التأكيد مثبَّتة على شمعة 23:00Z (من cbar)
02:18 KSA · AFTER   · scanner    · بدء المسح · 1154 رمزاً · الجلسة AFTER
02:18 KSA · AFTER   · scanner    · ساعة التأكيد مثبَّتة على شمعة 23:00Z (من cbar)
02:22 KSA · AFTER   · scanner    · بدء المسح · 1154 رمزاً · الجلسة AFTER
02:22 KSA · AFTER   · scanner    · ساعة التأكيد مثبَّتة على شمعة 23:00Z (من cbar)
02:23 KSA · AFTER   · scanner    · بدء المسح · 1154 رمزاً · الجلسة AFTER
02:23 KSA · AFTER   · scanner    · ساعة التأكيد مثبَّتة على شمعة 23:00Z (من cbar)
02:24 KSA · AFTER   · scanner    · بدء المسح · 1154 رمزاً · الجلسة AFTER
02:24 KSA · AFTER   · scanner    · ساعة التأكيد مثبَّتة على شمعة 23:00Z (من cbar)
02:26 KSA · AFTER   · scanner    · بدء المسح · 1154 رمزاً · الجلسة AFTER
02:26 KSA · AFTER   · scanner    · ساعة التأكيد مثبَّتة على شمعة 23:00Z (من cbar)
02:28 KSA · AFTER   · scanner    · بدء المسح · 1154 رمزاً · الجلسة AFTER
02:28 KSA · AFTER   · scanner    · ساعة التأكيد مثبَّتة على شمعة 23:00Z (من cbar)
02:30 KSA · AFTER   · scanner    · بدء المسح · 1154 رمزاً · الجلسة AFTER
02:30 KSA · AFTER   · scanner    · ساعة التأكيد مثبَّتة على شمعة 23:15Z (من cbar)
02:30 KSA · AFTER   · signal     · META · orb ▲ 55 · 15m · جلسة ممتدة
02:30 KSA · AFTER   · signal     · VTHO-USD · orb ▼ 55 · 15m
02:30 KSA · AFTER   · signal     · VTHO-USD · brk ▲ 68 · 15m
02:31 KSA · AFTER   · scanner    · بدء المسح · 1154 رمزاً · الجلسة AFTER
02:31 KSA · AFTER   · scanner    · ساعة التأكيد مثبَّتة على شمعة 23:15Z (من cbar)
02:32 KSA · AFTER   · scanner    · بدء المسح · 1154 رمزاً · الجلسة AFTER
02:32 KSA · AFTER   · scanner    · ساعة التأكيد مثبَّتة على شمعة 23:15Z (من cbar)
02:34 KSA · AFTER   · scanner    · بدء المسح · 1154 رمزاً · الجلسة AFTER
02:34 KSA · AFTER   · scanner    · ساعة التأكيد مثبَّتة على شمعة 23:15Z (من cbar)
02:38 KSA · AFTER   · scanner    · بدء المسح · 1154 رمزاً · الجلسة AFTER
02:38 KSA · AFTER   · scanner    · ساعة التأكيد مثبَّتة على شمعة 23:15Z (من cbar)
02:40 KSA · AFTER   · scanner    · بدء المسح · 1154 رمزاً · الجلسة AFTER
02:40 KSA · AFTER   · scanner    · ساعة التأكيد مثبَّتة على شمعة 23:15Z (من cbar)
02:42 KSA · AFTER   · scanner    · بدء المسح · 1154 رمزاً · الجلسة AFTER
02:42 KSA · AFTER   · scanner    · ساعة التأكيد مثبَّتة على شمعة 23:15Z (من cbar)
02:44 KSA · AFTER   · scanner    · بدء المسح · 1154 رمزاً · الجلسة AFTER
02:44 KSA · AFTER   · scanner    · ساعة التأكيد مثبَّتة على شمعة 23:15Z (من cbar)
02:45 KSA · AFTER   · scanner    · بدء المسح · 1154 رمزاً · الجلسة AFTER
02:45 KSA · AFTER   · scanner    · ساعة التأكيد مثبَّتة على شمعة 23:30Z (من cbar)
02:45 KSA · AFTER   · signal     · DDOG · brk ▲ 72 · 15m · جلسة ممتدة
02:45 KSA · AFTER   · signal     · OP-USD · meanRev ▲ 60 · 15m
02:46 KSA · AFTER   · scanner    · بدء المسح · 1154 رمزاً · الجلسة AFTER
02:46 KSA · AFTER   · scanner    · ساعة التأكيد مثبَّتة على شمعة 23:30Z (من cbar)
02:48 KSA · AFTER   · scanner    · بدء المسح · 1154 رمزاً · الجلسة AFTER
02:48 KSA · AFTER   · scanner    · ساعة التأكيد مثبَّتة على شمعة 23:30Z (من cbar)
02:51 KSA · AFTER   · scanner    · بدء المسح · 1154 رمزاً · الجلسة AFTER
02:51 KSA · AFTER   · scanner    · ساعة التأكيد مثبَّتة على شمعة 23:30Z (من cbar)
02:51 KSA · AFTER   · signal     · SWKS · brk ▲ 56 · 15m · جلسة ممتدة
02:53 KSA · AFTER   · scanner    · بدء المسح · 1154 رمزاً · الجلسة AFTER
02:53 KSA · AFTER   · scanner    · ساعة التأكيد مثبَّتة على شمعة 23:30Z (من cbar)
02:54 KSA · AFTER   · scanner    · بدء المسح · 1154 رمزاً · الجلسة AFTER
02:54 KSA · AFTER   · scanner    · ساعة التأكيد مثبَّتة على شمعة 23:30Z (من cbar)
02:56 KSA · AFTER   · scanner    · بدء المسح · 1154 رمزاً · الجلسة AFTER
02:56 KSA · AFTER   · scanner    · ساعة التأكيد مثبَّتة على شمعة 23:30Z (من cbar)
02:58 KSA · AFTER   · scanner    · بدء المسح · 1154 رمزاً · الجلسة AFTER
02:58 KSA · AFTER   · scanner    · ساعة التأكيد مثبَّتة على شمعة 23:30Z (من cbar)
03:00 KSA · CLOSED  · scanner    · بدء المسح · 1154 رمزاً · الجلسة CLOSED
03:00 KSA · CLOSED  · scanner    · ساعة التأكيد مثبَّتة على شمعة 23:45Z (من cbar)
03:00 KSA · CLOSED  · signal     · AVGO · tfAlign ▼ 66 · 1d
03:00 KSA · CLOSED  · signal     · BAC · volSpike ▼ 89 · 15m
03:00 KSA · CLOSED  · signal     · SCHW · tfAlign ▼ 74 · 1d
03:00 KSA · CLOSED  · signal     · XAUT-USD · tfAlign ▼ 95 · 1d
03:00 KSA · CLOSED  · signal     · SO · meanRev ▲ 60 · 1d
03:00 KSA · CLOSED  · signal     · PNC · meanRev ▲ 78 · 1d
03:00 KSA · CLOSED  · signal     · RCL · brk ▼ 55 · 1d
03:00 KSA · CLOSED  · signal     · PSA · brk ▼ 58 · 1d
03:00 KSA · CLOSED  · signal     · O · sqzExp ▼ 100 · 1d
03:00 KSA · CLOSED  · signal     · PAYX · brk ▼ 63 · 1d
03:00 KSA · CLOSED  · signal     · PAYX · meanRev ▲ 85 · 1d
03:00 KSA · CLOSED  · signal     · PAYX · sqzExp ▼ 75 · 1d
03:00 KSA · CLOSED  · signal     · PEG · meanRev ▲ 60 · 1d
03:00 KSA · CLOSED  · signal     · WEC · meanRev ▲ 65 · 1d
03:00 KSA · CLOSED  · signal     · PPL · meanRev ▲ 70 · 1d
03:00 KSA · CLOSED  · signal     · RF · brk ▼ 66 · 1d
03:00 KSA · CLOSED  · signal     · RF · meanRev ▲ 65 · 1d
03:00 KSA · CLOSED  · signal     · SYF · meanRev ▲ 70 · 1d
03:00 KSA · CLOSED  · signal     · SYF · sqzExp ▼ 81 · 1d
03:00 KSA · CLOSED  · signal     · TPR · brk ▼ 71 · 1d
03:00 KSA · CLOSED  · signal     · ZBH · brk ▼ 63 · 1d
03:00 KSA · CLOSED  · signal     · ZBH · sqzExp ▼ 72 · 1d
03:00 KSA · CLOSED  · signal     · TXT · brk ▼ 79 · 1d
03:00 KSA · CLOSED  · signal     · PNW · sqzExp ▼ 100 · 1d
03:00 KSA · CLOSED  · signal     · UHS · meanRev ▼ 78 · 1d
03:00 KSA · CLOSED  · signal     · TTD · brk ▼ 66 · 1d
03:00 KSA · CLOSED  · signal     · ETC-USD · volSpike ▲ 78 · 1d
03:00 KSA · CLOSED  · signal     · QNT-USD · volSpike ▲ 100 · 1d
03:00 KSA · CLOSED  · signal     · KITE-USD · volSpike ▲ 83 · 1d
03:00 KSA · CLOSED  · signal     · XEC-USD · volSpike ▲ 67 · 1d
03:00 KSA · CLOSED  · signal     · BANANAS31-USD · volSpike ▲ 56 · 1d
03:00 KSA · CLOSED  · signal     · XNO-USD · volSpike ▼ 100 · 1d
03:00 KSA · CLOSED  · signal     · CELR-USD · volSpike ▼ 78 · 1d
03:00 KSA · CLOSED  · signal     · AUDIO-USD · volSpike ▼ 89 · 1d
03:00 KSA · CLOSED  · signal     · TNSR-USD · volSpike ▲ 56 · 1d
03:00 KSA · CLOSED  · signal     · NEWT-USD · volSpike ▼ 72 · 1d
03:00 KSA · CLOSED  · signal     · WDCB-USD · volSpike ▲ 78 · 1d
03:00 KSA · CLOSED  · signal     · PLTRB-USD · brk ▲ 95 · 1d
03:00 KSA · CLOSED  · signal     · PLTRB-USD · meanRev ▼ 78 · 1d
03:00 KSA · CLOSED  · signal     · PLTRB-USD · sqzExp ▲ 94 · 1d
03:00 KSA · CLOSED  · signal     · PLTRB-USD · volSpike ▲ 89 · 1d
03:00 KSA · CLOSED  · signal     · MUUB-USD · volSpike ▲ 94 · 1d
03:00 KSA · CLOSED  · signal     · FORM-USD · volSpike ▼ 75 · 1d
03:00 KSA · CLOSED  · signal     · FF-USD · rsiDiv ▼ 58 · 1d
03:00 KSA · CLOSED  · signal     · ZRO-USD · volSpike ▲ 81 · 1d
03:00 KSA · CLOSED  · signal     · BABY-USD · volSpike ▲ 94 · 1d
03:00 KSA · CLOSED  · signal     · TST-USD · volSpike ▲ 63 · 1d
03:00 KSA · CLOSED  · signal     · BROCCOLI714-USD · volSpike ▲ 63 · 1d
03:00 KSA · CLOSED  · signal     · APE-USD · volSpike ▲ 78 · 1d
03:00 KSA · CLOSED  · signal     · G-USD · rsiDiv ▼ 69 · 1d
03:00 KSA · CLOSED  · signal     · NIL-USD · volSpike ▲ 75 · 1d
03:00 KSA · CLOSED  · signal     · ZBT-USD · volSpike ▲ 69 · 1d
03:00 KSA · CLOSED  · signal     · 1000CAT-USD · volSpike ▲ 63 · 1d
03:01 KSA · CLOSED  · scanner    · بدء المسح · 1154 رمزاً · الجلسة CLOSED
03:01 KSA · CLOSED  · scanner    · ساعة التأكيد مثبَّتة على شمعة 23:45Z (من cbar)
03:02 KSA · CLOSED  · scanner    · بدء المسح · 1154 رمزاً · الجلسة CLOSED
03:02 KSA · CLOSED  · scanner    · ساعة التأكيد مثبَّتة على شمعة 23:45Z (من cbar)
03:04 KSA · CLOSED  · scanner    · بدء المسح · 1154 رمزاً · الجلسة CLOSED
03:04 KSA · CLOSED  · scanner    · ساعة التأكيد مثبَّتة على شمعة 23:45Z (من cbar)
03:09 KSA · CLOSED  · scanner    · بدء المسح · 1154 رمزاً · الجلسة CLOSED
03:09 KSA · CLOSED  · scanner    · ساعة التأكيد مثبَّتة على شمعة 23:45Z (من cbar)
03:10 KSA · CLOSED  · scanner    · بدء المسح · 1154 رمزاً · الجلسة CLOSED
03:10 KSA · CLOSED  · scanner    · ساعة التأكيد مثبَّتة على شمعة 23:45Z (من cbar)
03:12 KSA · CLOSED  · scanner    · بدء المسح · 1154 رمزاً · الجلسة CLOSED
03:12 KSA · CLOSED  · scanner    · ساعة التأكيد مثبَّتة على شمعة 23:45Z (من cbar)
03:14 KSA · CLOSED  · scanner    · بدء المسح · 1154 رمزاً · الجلسة CLOSED
03:14 KSA · CLOSED  · scanner    · ساعة التأكيد مثبَّتة على شمعة 23:45Z (من cbar)
03:15 KSA · CLOSED  · scanner    · بدء المسح · 1154 رمزاً · الجلسة CLOSED
03:15 KSA · CLOSED  · scanner    · ساعة التأكيد مثبَّتة على شمعة 00:00Z (من cbar)
03:16 KSA · CLOSED  · scanner    · بدء المسح · 1154 رمزاً · الجلسة CLOSED
03:16 KSA · CLOSED  · scanner    · ساعة التأكيد مثبَّتة على شمعة 00:00Z (من cbar)
03:18 KSA · CLOSED  · scanner    · بدء المسح · 1154 رمزاً · الجلسة CLOSED
03:18 KSA · CLOSED  · scanner    · ساعة التأكيد مثبَّتة على شمعة 00:00Z (من cbar)
03:20 KSA · CLOSED  · scanner    · بدء المسح · 1154 رمزاً · الجلسة CLOSED
03:20 KSA · CLOSED  · scanner    · ساعة التأكيد مثبَّتة على شمعة 00:00Z (من cbar)
03:22 KSA · CLOSED  · scanner    · بدء المسح · 1154 رمزاً · الجلسة CLOSED
03:22 KSA · CLOSED  · scanner    · ساعة التأكيد مثبَّتة على شمعة 00:00Z (من cbar)
03:23 KSA · CLOSED  · scanner    · بدء المسح · 1154 رمزاً · الجلسة CLOSED
03:23 KSA · CLOSED  · scanner    · ساعة التأكيد مثبَّتة على شمعة 00:00Z (من cbar)
03:24 KSA · CLOSED  · scanner    · بدء المسح · 1154 رمزاً · الجلسة CLOSED
03:24 KSA · CLOSED  · scanner    · ساعة التأكيد مثبَّتة على شمعة 00:00Z (من cbar)
03:26 KSA · CLOSED  · scanner    · بدء المسح · 1154 رمزاً · الجلسة CLOSED
03:26 KSA · CLOSED  · scanner    · ساعة التأكيد مثبَّتة على شمعة 00:00Z (من cbar)
03:28 KSA · CLOSED  · scanner    · بدء المسح · 1154 رمزاً · الجلسة CLOSED
03:28 KSA · CLOSED  · scanner    · ساعة التأكيد مثبَّتة على شمعة 00:00Z (من cbar)
03:30 KSA · CLOSED  · scanner    · بدء المسح · 1154 رمزاً · الجلسة CLOSED
03:30 KSA · CLOSED  · scanner    · ساعة التأكيد مثبَّتة على شمعة 00:00Z (من cbar)
03:31 KSA · CLOSED  · scanner    · بدء المسح · 1154 رمزاً · الجلسة CLOSED
03:31 KSA · CLOSED  · scanner    · ساعة التأكيد مثبَّتة على شمعة 00:15Z (من cbar)
03:31 KSA · CLOSED  · signal     · XRP-USD · vwapRec ▼ 68 · 15m
03:31 KSA · CLOSED  · signal     · TRX-USD · vwapRec ▼ 75 · 15m
03:31 KSA · CLOSED  · signal     · DOGE-USD · vwapRec ▼ 68 · 15m
03:31 KSA · CLOSED  · signal     · PAXG-USD · vwapRec ▼ 85 · 15m
03:31 KSA · CLOSED  · signal     · CAKE-USD · meanRev ▼ 78 · 15m
03:31 KSA · CLOSED  · signal     · SPCXB-USD · vwapRec ▼ 65 · 15m
03:31 KSA · CLOSED  · signal     · BNCB-USD · vwapRec ▼ 75 · 15m
03:31 KSA · CLOSED  · signal     · MTL-USD · vwapRec ▼ 68 · 15m
03:31 KSA · CLOSED  · signal     · HEMI-USD · vwapRec ▼ 100 · 15m
03:31 KSA · CLOSED  · signal     · SUI-USD · vwapRec ▼ 60 · 15m
03:31 KSA · CLOSED  · signal     · 牛来-USD · vwapRec ▼ 92 · 15m
03:31 KSA · CLOSED  · signal     · TAO-USD · vwapRec ▼ 60 · 15m
03:31 KSA · CLOSED  · signal     · HOLO-USD · vwapRec ▼ 75 · 15m
03:31 KSA · CLOSED  · signal     · ASTER-USD · vwapRec ▼ 68 · 15m
03:32 KSA · CLOSED  · scanner    · بدء المسح · 1154 رمزاً · الجلسة CLOSED
03:32 KSA · CLOSED  · scanner    · ساعة التأكيد مثبَّتة على شمعة 00:15Z (من cbar)
03:34 KSA · CLOSED  · scanner    · بدء المسح · 1154 رمزاً · الجلسة CLOSED
03:34 KSA · CLOSED  · scanner    · ساعة التأكيد مثبَّتة على شمعة 00:15Z (من cbar)
03:36 KSA · CLOSED  · scanner    · بدء المسح · 1154 رمزاً · الجلسة CLOSED
03:36 KSA · CLOSED  · scanner    · ساعة التأكيد مثبَّتة على شمعة 00:15Z (من cbar)
03:39 KSA · CLOSED  · scanner    · بدء المسح · 1154 رمزاً · الجلسة CLOSED
03:39 KSA · CLOSED  · scanner    · ساعة التأكيد مثبَّتة على شمعة 00:15Z (من cbar)
03:40 KSA · CLOSED  · scanner    · بدء المسح · 1154 رمزاً · الجلسة CLOSED
03:40 KSA · CLOSED  · scanner    · ساعة التأكيد مثبَّتة على شمعة 00:15Z (من cbar)
03:42 KSA · CLOSED  · scanner    · بدء المسح · 1154 رمزاً · الجلسة CLOSED
03:42 KSA · CLOSED  · scanner    · ساعة التأكيد مثبَّتة على شمعة 00:15Z (من cbar)
03:44 KSA · CLOSED  · scanner    · بدء المسح · 1154 رمزاً · الجلسة CLOSED
03:44 KSA · CLOSED  · scanner    · ساعة التأكيد مثبَّتة على شمعة 00:15Z (من cbar)
03:45 KSA · CLOSED  · scanner    · بدء المسح · 1154 رمزاً · الجلسة CLOSED
03:45 KSA · CLOSED  · scanner    · ساعة التأكيد مثبَّتة على شمعة 00:30Z (من cbar)
03:45 KSA · CLOSED  · signal     · XAUT-USD · orb ▼ 60 · 15m
03:45 KSA · CLOSED  · signal     · IOTA-USD · rsiDiv ▼ 61 · 15m
03:45 KSA · CLOSED  · signal     · UNI-USD · vwapRec ▼ 75 · 15m
03:45 KSA · CLOSED  · signal     · EUR-USD · brk ▼ 82 · 15m
03:47 KSA · CLOSED  · scanner    · بدء المسح · 1154 رمزاً · الجلسة CLOSED
03:47 KSA · CLOSED  · scanner    · ساعة التأكيد مثبَّتة على شمعة 00:30Z (من cbar)
03:48 KSA · CLOSED  · scanner    · بدء المسح · 1154 رمزاً · الجلسة CLOSED
03:48 KSA · CLOSED  · scanner    · ساعة التأكيد مثبَّتة على شمعة 00:30Z (من cbar)
03:50 KSA · CLOSED  · scanner    · بدء المسح · 1154 رمزاً · الجلسة CLOSED
03:50 KSA · CLOSED  · scanner    · ساعة التأكيد مثبَّتة على شمعة 00:30Z (من cbar)
03:52 KSA · CLOSED  · scanner    · بدء المسح · 1154 رمزاً · الجلسة CLOSED
03:52 KSA · CLOSED  · scanner    · ساعة التأكيد مثبَّتة على شمعة 00:30Z (من cbar)
03:53 KSA · CLOSED  · scanner    · بدء المسح · 1154 رمزاً · الجلسة CLOSED
03:53 KSA · CLOSED  · scanner    · ساعة التأكيد مثبَّتة على شمعة 00:30Z (من cbar)
03:54 KSA · CLOSED  · scanner    · بدء المسح · 1154 رمزاً · الجلسة CLOSED
03:54 KSA · CLOSED  · scanner    · ساعة التأكيد مثبَّتة على شمعة 00:30Z (من cbar)
03:56 KSA · CLOSED  · scanner    · بدء المسح · 1154 رمزاً · الجلسة CLOSED
03:56 KSA · CLOSED  · scanner    · ساعة التأكيد مثبَّتة على شمعة 00:30Z (من cbar)
03:58 KSA · CLOSED  · scanner    · بدء المسح · 1154 رمزاً · الجلسة CLOSED
03:58 KSA · CLOSED  · scanner    · ساعة التأكيد مثبَّتة على شمعة 00:30Z (من cbar)
04:00 KSA · CLOSED  · scanner    · بدء المسح · 1154 رمزاً · الجلسة CLOSED
04:00 KSA · CLOSED  · scanner    · ساعة التأكيد مثبَّتة على شمعة 00:30Z (من cbar)
04:01 KSA · CLOSED  · scanner    · بدء المسح · 1154 رمزاً · الجلسة CLOSED
04:01 KSA · CLOSED  · scanner    · ساعة التأكيد مثبَّتة على شمعة 00:45Z (من cbar)
04:01 KSA · CLOSED  · signal     · ETH-USD · momo ▼ 67 · 1h
04:01 KSA · CLOSED  · signal     · TRX-USD · momo ▲ 86 · 1h
04:01 KSA · CLOSED  · signal     · ICP-USD · rsiDiv ▼ 81 · 15m
04:01 KSA · CLOSED  · signal     · XPL-USD · orb ▼ 70 · 15m
04:01 KSA · CLOSED  · signal     · VTHO-USD · vwapRec ▼ 68 · 15m
04:01 KSA · CLOSED  · signal     · MTL-USD · vwapRec ▲ 60 · 15m
04:01 KSA · CLOSED  · signal     · CVC-USD · vwapRec ▼ 68 · 15m
04:01 KSA · CLOSED  · signal     · PUMP-USD · orb ▼ 63 · 15m
04:01 KSA · CLOSED  · signal     · BANK-USD · vwapRec ▼ 70 · 15m
04:01 KSA · CLOSED  · signal     · ASTER-USD · orb ▼ 70 · 15m
04:01 KSA · CLOSED  · signal     · ASTER-USD · volSpike ▼ 75 · 15m
04:02 KSA · CLOSED  · scanner    · بدء المسح · 1154 رمزاً · الجلسة CLOSED
04:02 KSA · CLOSED  · scanner    · ساعة التأكيد مثبَّتة على شمعة 00:45Z (من cbar)
04:04 KSA · CLOSED  · scanner    · بدء المسح · 1154 رمزاً · الجلسة CLOSED
04:04 KSA · CLOSED  · scanner    · ساعة التأكيد مثبَّتة على شمعة 00:45Z (من cbar)
04:06 KSA · CLOSED  · scanner    · بدء المسح · 1154 رمزاً · الجلسة CLOSED
04:06 KSA · CLOSED  · scanner    · ساعة التأكيد مثبَّتة على شمعة 00:45Z (من cbar)
04:09 KSA · CLOSED  · scanner    · بدء المسح · 1154 رمزاً · الجلسة CLOSED
04:09 KSA · CLOSED  · scanner    · ساعة التأكيد مثبَّتة على شمعة 00:45Z (من cbar)
04:10 KSA · CLOSED  · scanner    · بدء المسح · 1154 رمزاً · الجلسة CLOSED
04:10 KSA · CLOSED  · scanner    · ساعة التأكيد مثبَّتة على شمعة 00:45Z (من cbar)
04:12 KSA · CLOSED  · scanner    · بدء المسح · 1154 رمزاً · الجلسة CLOSED
04:12 KSA · CLOSED  · scanner    · ساعة التأكيد مثبَّتة على شمعة 00:45Z (من cbar)
04:14 KSA · CLOSED  · scanner    · بدء المسح · 1154 رمزاً · الجلسة CLOSED
04:14 KSA · CLOSED  · scanner    · ساعة التأكيد مثبَّتة على شمعة 00:45Z (من cbar)
04:16 KSA · CLOSED  · scanner    · بدء المسح · 1154 رمزاً · الجلسة CLOSED
04:16 KSA · CLOSED  · scanner    · ساعة التأكيد مثبَّتة على شمعة 01:00Z (من cbar)
04:16 KSA · CLOSED  · signal     · PAXG-USD · orb ▲ 73 · 15m
04:16 KSA · CLOSED  · signal     · PAXG-USD · meanRev ▼ 85 · 15m
04:16 KSA · CLOSED  · signal     · VTHO-USD · rsiDiv ▼ 69 · 15m
04:16 KSA · CLOSED  · signal     · T-USD · pbTrend ▲ 76 · 1h
04:16 KSA · CLOSED  · signal     · REZ-USD · vwapRec ▼ 68 · 15m
04:16 KSA · CLOSED  · signal     · BNCB-USD · volSpike ▲ 75 · 15m
04:17 KSA · CLOSED  · scanner    · بدء المسح · 1154 رمزاً · الجلسة CLOSED
04:17 KSA · CLOSED  · scanner    · ساعة التأكيد مثبَّتة على شمعة 01:00Z (من cbar)
04:18 KSA · CLOSED  · scanner    · بدء المسح · 1154 رمزاً · الجلسة CLOSED
04:18 KSA · CLOSED  · scanner    · ساعة التأكيد مثبَّتة على شمعة 01:00Z (من cbar)
04:20 KSA · CLOSED  · scanner    · بدء المسح · 1154 رمزاً · الجلسة CLOSED
04:20 KSA · CLOSED  · scanner    · ساعة التأكيد مثبَّتة على شمعة 01:00Z (من cbar)
04:22 KSA · CLOSED  · scanner    · بدء المسح · 1154 رمزاً · الجلسة CLOSED
04:22 KSA · CLOSED  · scanner    · ساعة التأكيد مثبَّتة على شمعة 01:00Z (من cbar)
04:23 KSA · CLOSED  · scanner    · بدء المسح · 1154 رمزاً · الجلسة CLOSED
04:23 KSA · CLOSED  · scanner    · ساعة التأكيد مثبَّتة على شمعة 01:00Z (من cbar)
04:24 KSA · CLOSED  · scanner    · بدء المسح · 1154 رمزاً · الجلسة CLOSED
04:24 KSA · CLOSED  · scanner    · ساعة التأكيد مثبَّتة على شمعة 01:00Z (من cbar)
04:26 KSA · CLOSED  · scanner    · بدء المسح · 1154 رمزاً · الجلسة CLOSED
04:26 KSA · CLOSED  · scanner    · ساعة التأكيد مثبَّتة على شمعة 01:00Z (من cbar)
04:28 KSA · CLOSED  · scanner    · بدء المسح · 1154 رمزاً · الجلسة CLOSED
04:28 KSA · CLOSED  · scanner    · ساعة التأكيد مثبَّتة على شمعة 01:00Z (من cbar)
04:30 KSA · CLOSED  · scanner    · بدء المسح · 1154 رمزاً · الجلسة CLOSED
04:30 KSA · CLOSED  · scanner    · ساعة التأكيد مثبَّتة على شمعة 01:00Z (من cbar)
04:31 KSA · CLOSED  · scanner    · بدء المسح · 1154 رمزاً · الجلسة CLOSED
04:31 KSA · CLOSED  · scanner    · ساعة التأكيد مثبَّتة على شمعة 01:15Z (من cbar)
04:31 KSA · CLOSED  · signal     · ZEC-USD · orb ▼ 70 · 15m
04:31 KSA · CLOSED  · signal     · CVC-USD · orb ▲ 63 · 15m
04:31 KSA · CLOSED  · signal     · THE-USD · orb ▼ 68 · 15m
04:31 KSA · CLOSED  · signal     · PUMP-USD · volSpike ▼ 63 · 15m
04:31 KSA · CLOSED  · signal     · WLFI-USD · tfAlign ▼ 87 · 1d
04:32 KSA · CLOSED  · scanner    · بدء المسح · 1154 رمزاً · الجلسة CLOSED
04:32 KSA · CLOSED  · scanner    · ساعة التأكيد مثبَّتة على شمعة 01:15Z (من cbar)
04:34 KSA · CLOSED  · scanner    · بدء المسح · 1154 رمزاً · الجلسة CLOSED
04:34 KSA · CLOSED  · scanner    · ساعة التأكيد مثبَّتة على شمعة 01:15Z (من cbar)
04:36 KSA · CLOSED  · scanner    · بدء المسح · 1154 رمزاً · الجلسة CLOSED
04:36 KSA · CLOSED  · scanner    · ساعة التأكيد مثبَّتة على شمعة 01:15Z (من cbar)
04:39 KSA · CLOSED  · scanner    · بدء المسح · 1154 رمزاً · الجلسة CLOSED
04:39 KSA · CLOSED  · scanner    · ساعة التأكيد مثبَّتة على شمعة 01:15Z (من cbar)
04:40 KSA · CLOSED  · scanner    · بدء المسح · 1154 رمزاً · الجلسة CLOSED
04:40 KSA · CLOSED  · scanner    · ساعة التأكيد مثبَّتة على شمعة 01:15Z (من cbar)
04:42 KSA · CLOSED  · scanner    · بدء المسح · 1154 رمزاً · الجلسة CLOSED
04:42 KSA · CLOSED  · scanner    · ساعة التأكيد مثبَّتة على شمعة 01:15Z (من cbar)
04:44 KSA · CLOSED  · scanner    · بدء المسح · 1154 رمزاً · الجلسة CLOSED
04:44 KSA · CLOSED  · scanner    · ساعة التأكيد مثبَّتة على شمعة 01:15Z (من cbar)
04:45 KSA · CLOSED  · scanner    · بدء المسح · 1154 رمزاً · الجلسة CLOSED
04:45 KSA · CLOSED  · scanner    · ساعة التأكيد مثبَّتة على شمعة 01:30Z (من cbar)
04:45 KSA · CLOSED  · signal     · BTC-USD · meanRev ▲ 80 · 15m
04:45 KSA · CLOSED  · signal     · ETH-USD · orb ▼ 80 · 15m
04:45 KSA · CLOSED  · signal     · AVAX-USD · orb ▼ 75 · 15m
04:45 KSA · CLOSED  · signal     · MARSCOIN-USD · meanRev ▲ 74 · 15m
04:45 KSA · CLOSED  · signal     · VTHO-USD · vwapRec ▲ 55 · 15m
04:45 KSA · CLOSED  · signal     · TAO-USD · orb ▼ 78 · 15m
04:45 KSA · CLOSED  · signal     · ASTER-USD · meanRev ▼ 70 · 15m
04:46 KSA · CLOSED  · scanner    · بدء المسح · 1154 رمزاً · الجلسة CLOSED
04:46 KSA · CLOSED  · scanner    · ساعة التأكيد مثبَّتة على شمعة 01:30Z (من cbar)
04:48 KSA · CLOSED  · scanner    · بدء المسح · 1154 رمزاً · الجلسة CLOSED
04:48 KSA · CLOSED  · scanner    · ساعة التأكيد مثبَّتة على شمعة 01:30Z (من cbar)
04:51 KSA · CLOSED  · scanner    · بدء المسح · 1154 رمزاً · الجلسة CLOSED
04:51 KSA · CLOSED  · scanner    · ساعة التأكيد مثبَّتة على شمعة 01:30Z (من cbar)
04:53 KSA · CLOSED  · scanner    · بدء المسح · 1154 رمزاً · الجلسة CLOSED
04:53 KSA · CLOSED  · scanner    · ساعة التأكيد مثبَّتة على شمعة 01:30Z (من cbar)
04:54 KSA · CLOSED  · scanner    · بدء المسح · 1154 رمزاً · الجلسة CLOSED
04:54 KSA · CLOSED  · scanner    · ساعة التأكيد مثبَّتة على شمعة 01:30Z (من cbar)
04:56 KSA · CLOSED  · scanner    · بدء المسح · 1154 رمزاً · الجلسة CLOSED
04:56 KSA · CLOSED  · scanner    · ساعة التأكيد مثبَّتة على شمعة 01:30Z (من cbar)
04:58 KSA · CLOSED  · scanner    · بدء المسح · 1154 رمزاً · الجلسة CLOSED
04:58 KSA · CLOSED  · scanner    · ساعة التأكيد مثبَّتة على شمعة 01:30Z (من cbar)
05:00 KSA · CLOSED  · scanner    · بدء المسح · 1154 رمزاً · الجلسة CLOSED
05:00 KSA · CLOSED  · scanner    · ساعة التأكيد مثبَّتة على شمعة 01:30Z (من cbar)
05:01 KSA · CLOSED  · scanner    · بدء المسح · 1154 رمزاً · الجلسة CLOSED
05:01 KSA · CLOSED  · scanner    · ساعة التأكيد مثبَّتة على شمعة 01:45Z (من cbar)
05:01 KSA · CLOSED  · signal     · LTC-USD · rsiDiv ▼ 64 · 15m
05:01 KSA · CLOSED  · signal     · ETHFI-USD · vwapRec ▼ 75 · 15m
05:01 KSA · CLOSED  · signal     · VTHO-USD · brk ▲ 64 · 15m
05:01 KSA · CLOSED  · signal     · BNCB-USD · meanRev ▲ 74 · 15m
05:02 KSA · CLOSED  · scanner    · بدء المسح · 1154 رمزاً · الجلسة CLOSED
05:02 KSA · CLOSED  · scanner    · ساعة التأكيد مثبَّتة على شمعة 01:45Z (من cbar)
05:04 KSA · CLOSED  · scanner    · بدء المسح · 1154 رمزاً · الجلسة CLOSED
05:04 KSA · CLOSED  · scanner    · ساعة التأكيد مثبَّتة على شمعة 01:45Z (من cbar)
05:06 KSA · CLOSED  · scanner    · بدء المسح · 1154 رمزاً · الجلسة CLOSED
05:06 KSA · CLOSED  · scanner    · ساعة التأكيد مثبَّتة على شمعة 01:45Z (من cbar)
05:09 KSA · CLOSED  · scanner    · بدء المسح · 1154 رمزاً · الجلسة CLOSED
05:09 KSA · CLOSED  · scanner    · ساعة التأكيد مثبَّتة على شمعة 01:45Z (من cbar)
05:10 KSA · CLOSED  · scanner    · بدء المسح · 1154 رمزاً · الجلسة CLOSED
05:10 KSA · CLOSED  · scanner    · ساعة التأكيد مثبَّتة على شمعة 01:45Z (من cbar)
05:12 KSA · CLOSED  · scanner    · بدء المسح · 1154 رمزاً · الجلسة CLOSED
05:12 KSA · CLOSED  · scanner    · ساعة التأكيد مثبَّتة على شمعة 01:45Z (من cbar)
05:14 KSA · CLOSED  · scanner    · بدء المسح · 1154 رمزاً · الجلسة CLOSED
05:14 KSA · CLOSED  · scanner    · ساعة التأكيد مثبَّتة على شمعة 01:45Z (من cbar)
05:15 KSA · CLOSED  · scanner    · بدء المسح · 1154 رمزاً · الجلسة CLOSED
05:15 KSA · CLOSED  · scanner    · ساعة التأكيد مثبَّتة على شمعة 02:00Z (من cbar)
05:15 KSA · CLOSED  · signal     · BNB-USD · orb ▼ 65 · 15m
05:15 KSA · CLOSED  · signal     · PAXG-USD · vwapRec ▼ 85 · 15m
05:15 KSA · CLOSED  · signal     · REZ-USD · vwapRec ▼ 75 · 15m
05:15 KSA · CLOSED  · signal     · BNCB-USD · brk ▼ 77 · 15m
05:15 KSA · CLOSED  · signal     · CVC-USD · vwapRec ▲ 85 · 15m
05:15 KSA · CLOSED  · signal     · UNI-USD · tfAlign ▲ 92 · 1d
05:15 KSA · CLOSED  · signal     · ASTER-USD · orb ▲ 90 · 15m
05:16 KSA · CLOSED  · scanner    · بدء المسح · 1154 رمزاً · الجلسة CLOSED
05:16 KSA · CLOSED  · scanner    · ساعة التأكيد مثبَّتة على شمعة 02:00Z (من cbar)
05:18 KSA · CLOSED  · scanner    · بدء المسح · 1154 رمزاً · الجلسة CLOSED
05:18 KSA · CLOSED  · scanner    · ساعة التأكيد مثبَّتة على شمعة 02:00Z (من cbar)
05:21 KSA · CLOSED  · scanner    · بدء المسح · 1154 رمزاً · الجلسة CLOSED
05:21 KSA · CLOSED  · scanner    · ساعة التأكيد مثبَّتة على شمعة 02:00Z (من cbar)
05:23 KSA · CLOSED  · scanner    · بدء المسح · 1154 رمزاً · الجلسة CLOSED
05:23 KSA · CLOSED  · scanner    · ساعة التأكيد مثبَّتة على شمعة 02:00Z (من cbar)
05:24 KSA · CLOSED  · scanner    · بدء المسح · 1154 رمزاً · الجلسة CLOSED
05:24 KSA · CLOSED  · scanner    · ساعة التأكيد مثبَّتة على شمعة 02:00Z (من cbar)
05:26 KSA · CLOSED  · scanner    · بدء المسح · 1154 رمزاً · الجلسة CLOSED
05:26 KSA · CLOSED  · scanner    · ساعة التأكيد مثبَّتة على شمعة 02:00Z (من cbar)
05:28 KSA · CLOSED  · scanner    · بدء المسح · 1154 رمزاً · الجلسة CLOSED
05:28 KSA · CLOSED  · scanner    · ساعة التأكيد مثبَّتة على شمعة 02:00Z (من cbar)
05:30 KSA · CLOSED  · scanner    · بدء المسح · 1154 رمزاً · الجلسة CLOSED
05:30 KSA · CLOSED  · scanner    · ساعة التأكيد مثبَّتة على شمعة 02:00Z (من cbar)
05:31 KSA · CLOSED  · scanner    · بدء المسح · 1154 رمزاً · الجلسة CLOSED
05:31 KSA · CLOSED  · scanner    · ساعة التأكيد مثبَّتة على شمعة 02:15Z (من cbar)
05:31 KSA · CLOSED  · signal     · NEAR-USD · vwapRec ▲ 78 · 15m
05:31 KSA · CLOSED  · signal     · LTC-USD · meanRev ▼ 70 · 15m
05:31 KSA · CLOSED  · signal     · VTHO-USD · orb ▲ 93 · 15m
05:31 KSA · CLOSED  · signal     · REZ-USD · brk ▲ 70 · 15m
05:31 KSA · CLOSED  · signal     · SNDKB-USD · rsiDiv ▲ 67 · 15m
05:31 KSA · CLOSED  · signal     · UNI-USD · vwapRec ▲ 70 · 15m
05:32 KSA · CLOSED  · scanner    · بدء المسح · 1154 رمزاً · الجلسة CLOSED
05:32 KSA · CLOSED  · scanner    · ساعة التأكيد مثبَّتة على شمعة 02:15Z (من cbar)
05:34 KSA · CLOSED  · scanner    · بدء المسح · 1154 رمزاً · الجلسة CLOSED
05:34 KSA · CLOSED  · scanner    · ساعة التأكيد مثبَّتة على شمعة 02:15Z (من cbar)
05:36 KSA · CLOSED  · scanner    · بدء المسح · 1154 رمزاً · الجلسة CLOSED
05:36 KSA · CLOSED  · scanner    · ساعة التأكيد مثبَّتة على شمعة 02:15Z (من cbar)
05:39 KSA · CLOSED  · scanner    · بدء المسح · 1154 رمزاً · الجلسة CLOSED
05:39 KSA · CLOSED  · scanner    · ساعة التأكيد مثبَّتة على شمعة 02:15Z (من cbar)
05:40 KSA · CLOSED  · scanner    · بدء المسح · 1154 رمزاً · الجلسة CLOSED
05:40 KSA · CLOSED  · scanner    · ساعة التأكيد مثبَّتة على شمعة 02:15Z (من cbar)
05:42 KSA · CLOSED  · scanner    · بدء المسح · 1154 رمزاً · الجلسة CLOSED
05:42 KSA · CLOSED  · scanner    · ساعة التأكيد مثبَّتة على شمعة 02:15Z (من cbar)
05:44 KSA · CLOSED  · scanner    · بدء المسح · 1154 رمزاً · الجلسة CLOSED
05:44 KSA · CLOSED  · scanner    · ساعة التأكيد مثبَّتة على شمعة 02:15Z (من cbar)
05:45 KSA · CLOSED  · scanner    · بدء المسح · 1154 رمزاً · الجلسة CLOSED
05:45 KSA · CLOSED  · scanner    · ساعة التأكيد مثبَّتة على شمعة 02:30Z (من cbar)
05:45 KSA · CLOSED  · signal     · BNB-USD · brk ▲ 93 · 15m
05:45 KSA · CLOSED  · signal     · PAXG-USD · orb ▲ 80 · 15m
05:45 KSA · CLOSED  · signal     · PAXG-USD · vwapRec ▼ 85 · 15m
05:45 KSA · CLOSED  · signal     · DASH-USD · brk ▼ 55 · 15m
05:45 KSA · CLOSED  · signal     · ETHFI-USD · brk ▲ 86 · 15m
05:45 KSA · CLOSED  · signal     · SNDKB-USD · vwapRec ▼ 68 · 15m
05:45 KSA · CLOSED  · signal     · THE-USD · brk ▲ 82 · 15m
05:45 KSA · CLOSED  · signal     · BANK-USD · vwapRec ▲ 68 · 15m
05:45 KSA · CLOSED  · signal     · BANK-USD · brk ▼ 64 · 15m
05:45 KSA · CLOSED  · signal     · PENGU-USD · vwapRec ▲ 68 · 15m
05:46 KSA · CLOSED  · scanner    · بدء المسح · 1154 رمزاً · الجلسة CLOSED
05:46 KSA · CLOSED  · scanner    · ساعة التأكيد مثبَّتة على شمعة 02:30Z (من cbar)
05:48 KSA · CLOSED  · scanner    · بدء المسح · 1154 رمزاً · الجلسة CLOSED
05:48 KSA · CLOSED  · scanner    · ساعة التأكيد مثبَّتة على شمعة 02:30Z (من cbar)
05:51 KSA · CLOSED  · scanner    · بدء المسح · 1154 رمزاً · الجلسة CLOSED
05:51 KSA · CLOSED  · scanner    · ساعة التأكيد مثبَّتة على شمعة 02:30Z (من cbar)
05:53 KSA · CLOSED  · scanner    · بدء المسح · 1154 رمزاً · الجلسة CLOSED
05:53 KSA · CLOSED  · scanner    · ساعة التأكيد مثبَّتة على شمعة 02:30Z (من cbar)
05:54 KSA · CLOSED  · scanner    · بدء المسح · 1154 رمزاً · الجلسة CLOSED
05:54 KSA · CLOSED  · scanner    · ساعة التأكيد مثبَّتة على شمعة 02:30Z (من cbar)
05:56 KSA · CLOSED  · scanner    · بدء المسح · 1154 رمزاً · الجلسة CLOSED
05:56 KSA · CLOSED  · scanner    · ساعة التأكيد مثبَّتة على شمعة 02:30Z (من cbar)
05:58 KSA · CLOSED  · scanner    · بدء المسح · 1154 رمزاً · الجلسة CLOSED
05:58 KSA · CLOSED  · scanner    · ساعة التأكيد مثبَّتة على شمعة 02:30Z (من cbar)
06:00 KSA · CLOSED  · scanner    · بدء المسح · 1154 رمزاً · الجلسة CLOSED
06:00 KSA · CLOSED  · scanner    · ساعة التأكيد مثبَّتة على شمعة 02:30Z (من cbar)
06:01 KSA · CLOSED  · scanner    · بدء المسح · 1154 رمزاً · الجلسة CLOSED
06:01 KSA · CLOSED  · scanner    · ساعة التأكيد مثبَّتة على شمعة 02:45Z (من cbar)
06:01 KSA · CLOSED  · signal     · BNB-USD · volSpike ▲ 89 · 15m
06:01 KSA · CLOSED  · signal     · WLD-USD · orb ▲ 83 · 15m
06:01 KSA · CLOSED  · signal     · INJ-USD · orb ▲ 93 · 15m
06:01 KSA · CLOSED  · signal     · T-USD · rsiDiv ▲ 56 · 15m
06:01 KSA · CLOSED  · signal     · REZ-USD · orb ▲ 90 · 15m
06:01 KSA · CLOSED  · signal     · BNCB-USD · volSpike ▲ 100 · 15m
06:01 KSA · CLOSED  · signal     · 牛来-USD · vwapRec ▲ 58 · 15m
06:01 KSA · CLOSED  · signal     · TAO-USD · vwapRec ▲ 70 · 15m
06:01 KSA · CLOSED  · signal     · TAO-USD · pbTrend ▲ 74 · 1h
06:01 KSA · CLOSED  · signal     · HOLO-USD · vwapRec ▲ 63 · 15m
06:02 KSA · CLOSED  · scanner    · بدء المسح · 1154 رمزاً · الجلسة CLOSED
06:02 KSA · CLOSED  · scanner    · ساعة التأكيد مثبَّتة على شمعة 02:45Z (من cbar)
06:04 KSA · CLOSED  · scanner    · بدء المسح · 1154 رمزاً · الجلسة CLOSED
06:04 KSA · CLOSED  · scanner    · ساعة التأكيد مثبَّتة على شمعة 02:45Z (من cbar)
06:06 KSA · CLOSED  · scanner    · بدء المسح · 1154 رمزاً · الجلسة CLOSED
06:06 KSA · CLOSED  · scanner    · ساعة التأكيد مثبَّتة على شمعة 02:45Z (من cbar)
06:09 KSA · CLOSED  · scanner    · بدء المسح · 1154 رمزاً · الجلسة CLOSED
06:09 KSA · CLOSED  · scanner    · ساعة التأكيد مثبَّتة على شمعة 02:45Z (من cbar)
06:10 KSA · CLOSED  · scanner    · بدء المسح · 1154 رمزاً · الجلسة CLOSED
06:10 KSA · CLOSED  · scanner    · ساعة التأكيد مثبَّتة على شمعة 02:45Z (من cbar)
06:12 KSA · CLOSED  · scanner    · بدء المسح · 1154 رمزاً · الجلسة CLOSED
06:12 KSA · CLOSED  · scanner    · ساعة التأكيد مثبَّتة على شمعة 02:45Z (من cbar)
06:14 KSA · CLOSED  · scanner    · بدء المسح · 1154 رمزاً · الجلسة CLOSED
06:14 KSA · CLOSED  · scanner    · ساعة التأكيد مثبَّتة على شمعة 02:45Z (من cbar)
06:15 KSA · CLOSED  · scanner    · بدء المسح · 1154 رمزاً · الجلسة CLOSED
06:15 KSA · CLOSED  · scanner    · ساعة التأكيد مثبَّتة على شمعة 03:00Z (من cbar)
06:15 KSA · CLOSED  · signal     · BNB-USD · orb ▲ 100 · 15m
06:15 KSA · CLOSED  · signal     · LINK-USD · momo ▼ 67 · 1h
06:15 KSA · CLOSED  · signal     · AVAX-USD · orb ▲ 100 · 15m
06:15 KSA · CLOSED  · signal     · WLD-USD · brk ▲ 64 · 15m
06:15 KSA · CLOSED  · signal     · WLD-USD · pbTrend ▲ 74 · 1h
06:15 KSA · CLOSED  · signal     · PENDLE-USD · vwapRec ▼ 68 · 15m
06:15 KSA · CLOSED  · signal     · BNCB-USD · brk ▼ 57 · 15m
06:15 KSA · CLOSED  · signal     · PEPE-USD · pbTrend ▲ 74 · 1h
06:15 KSA · CLOSED  · signal     · HOLO-USD · meanRev ▼ 70 · 15m
06:16 KSA · CLOSED  · scanner    · بدء المسح · 1154 رمزاً · الجلسة CLOSED
06:16 KSA · CLOSED  · scanner    · ساعة التأكيد مثبَّتة على شمعة 03:00Z (من cbar)
06:18 KSA · CLOSED  · scanner    · بدء المسح · 1154 رمزاً · الجلسة CLOSED
06:18 KSA · CLOSED  · scanner    · ساعة التأكيد مثبَّتة على شمعة 03:00Z (من cbar)
06:21 KSA · CLOSED  · scanner    · بدء المسح · 1154 رمزاً · الجلسة CLOSED
06:21 KSA · CLOSED  · scanner    · ساعة التأكيد مثبَّتة على شمعة 03:00Z (من cbar)
06:23 KSA · CLOSED  · scanner    · بدء المسح · 1154 رمزاً · الجلسة CLOSED
06:23 KSA · CLOSED  · scanner    · ساعة التأكيد مثبَّتة على شمعة 03:00Z (من cbar)
06:24 KSA · CLOSED  · scanner    · بدء المسح · 1154 رمزاً · الجلسة CLOSED
06:24 KSA · CLOSED  · scanner    · ساعة التأكيد مثبَّتة على شمعة 03:00Z (من cbar)
06:26 KSA · CLOSED  · scanner    · بدء المسح · 1154 رمزاً · الجلسة CLOSED
06:26 KSA · CLOSED  · scanner    · ساعة التأكيد مثبَّتة على شمعة 03:00Z (من cbar)
06:28 KSA · CLOSED  · scanner    · بدء المسح · 1154 رمزاً · الجلسة CLOSED
06:28 KSA · CLOSED  · scanner    · ساعة التأكيد مثبَّتة على شمعة 03:00Z (من cbar)
06:30 KSA · CLOSED  · scanner    · بدء المسح · 1154 رمزاً · الجلسة CLOSED
06:30 KSA · CLOSED  · scanner    · ساعة التأكيد مثبَّتة على شمعة 03:15Z (من cbar)
06:30 KSA · CLOSED  · signal     · CAKE-USD · rsiDiv ▲ 69 · 15m
06:30 KSA · CLOSED  · signal     · EUR-USD · tfAlign ▼ 89 · 1d
06:31 KSA · CLOSED  · scanner    · بدء المسح · 1154 رمزاً · الجلسة CLOSED
06:31 KSA · CLOSED  · scanner    · ساعة التأكيد مثبَّتة على شمعة 03:15Z (من cbar)
06:32 KSA · CLOSED  · scanner    · بدء المسح · 1154 رمزاً · الجلسة CLOSED
06:32 KSA · CLOSED  · scanner    · ساعة التأكيد مثبَّتة على شمعة 03:15Z (من cbar)
06:34 KSA · CLOSED  · scanner    · بدء المسح · 1154 رمزاً · الجلسة CLOSED
06:34 KSA · CLOSED  · scanner    · ساعة التأكيد مثبَّتة على شمعة 03:15Z (من cbar)
06:36 KSA · CLOSED  · scanner    · بدء المسح · 1154 رمزاً · الجلسة CLOSED
06:36 KSA · CLOSED  · scanner    · ساعة التأكيد مثبَّتة على شمعة 03:15Z (من cbar)
06:39 KSA · CLOSED  · scanner    · بدء المسح · 1154 رمزاً · الجلسة CLOSED
06:39 KSA · CLOSED  · scanner    · ساعة التأكيد مثبَّتة على شمعة 03:15Z (من cbar)
06:40 KSA · CLOSED  · scanner    · بدء المسح · 1154 رمزاً · الجلسة CLOSED
06:40 KSA · CLOSED  · scanner    · ساعة التأكيد مثبَّتة على شمعة 03:15Z (من cbar)
06:42 KSA · CLOSED  · scanner    · بدء المسح · 1154 رمزاً · الجلسة CLOSED
06:42 KSA · CLOSED  · scanner    · ساعة التأكيد مثبَّتة على شمعة 03:15Z (من cbar)
06:44 KSA · CLOSED  · scanner    · بدء المسح · 1154 رمزاً · الجلسة CLOSED
06:44 KSA · CLOSED  · scanner    · ساعة التأكيد مثبَّتة على شمعة 03:15Z (من cbar)
06:45 KSA · CLOSED  · scanner    · بدء المسح · 1154 رمزاً · الجلسة CLOSED
06:45 KSA · CLOSED  · scanner    · ساعة التأكيد مثبَّتة على شمعة 03:30Z (من cbar)
06:45 KSA · CLOSED  · signal     · XPL-USD · orb ▼ 90 · 15m
06:46 KSA · CLOSED  · scanner    · بدء المسح · 1154 رمزاً · الجلسة CLOSED
06:46 KSA · CLOSED  · scanner    · ساعة التأكيد مثبَّتة على شمعة 03:30Z (من cbar)
06:48 KSA · CLOSED  · scanner    · بدء المسح · 1154 رمزاً · الجلسة CLOSED
06:48 KSA · CLOSED  · scanner    · ساعة التأكيد مثبَّتة على شمعة 03:30Z (من cbar)
06:51 KSA · CLOSED  · scanner    · بدء المسح · 1154 رمزاً · الجلسة CLOSED
06:51 KSA · CLOSED  · scanner    · ساعة التأكيد مثبَّتة على شمعة 03:30Z (من cbar)
06:53 KSA · CLOSED  · scanner    · بدء المسح · 1154 رمزاً · الجلسة CLOSED
06:53 KSA · CLOSED  · scanner    · ساعة التأكيد مثبَّتة على شمعة 03:30Z (من cbar)
06:54 KSA · CLOSED  · scanner    · بدء المسح · 1154 رمزاً · الجلسة CLOSED
06:54 KSA · CLOSED  · scanner    · ساعة التأكيد مثبَّتة على شمعة 03:30Z (من cbar)
06:56 KSA · CLOSED  · scanner    · بدء المسح · 1154 رمزاً · الجلسة CLOSED
06:56 KSA · CLOSED  · scanner    · ساعة التأكيد مثبَّتة على شمعة 03:30Z (من cbar)
06:58 KSA · CLOSED  · scanner    · بدء المسح · 1154 رمزاً · الجلسة CLOSED
06:58 KSA · CLOSED  · scanner    · ساعة التأكيد مثبَّتة على شمعة 03:30Z (من cbar)
07:00 KSA · CLOSED  · scanner    · بدء المسح · 1154 رمزاً · الجلسة CLOSED
07:00 KSA · CLOSED  · scanner    · ساعة التأكيد مثبَّتة على شمعة 03:45Z (من cbar)
07:00 KSA · CLOSED  · signal     · ETHFI-USD · momo ▼ 67 · 1h
07:00 KSA · CLOSED  · signal     · VTHO-USD · momo ▲ 86 · 1h
07:00 KSA · CLOSED  · signal     · CVC-USD · meanRev ▼ 68 · 15m
07:00 KSA · CLOSED  · signal     · HEMI-USD · momo ▼ 83 · 1h
07:00 KSA · CLOSED  · signal     · SUI-USD · momo ▼ 67 · 1h
07:00 KSA · CLOSED  · signal     · PUMP-USD · orb ▼ 75 · 15m
07:01 KSA · CLOSED  · scanner    · بدء المسح · 1154 رمزاً · الجلسة CLOSED
07:01 KSA · CLOSED  · scanner    · ساعة التأكيد مثبَّتة على شمعة 03:45Z (من cbar)
07:02 KSA · CLOSED  · scanner    · بدء المسح · 1154 رمزاً · الجلسة CLOSED
07:02 KSA · CLOSED  · scanner    · ساعة التأكيد مثبَّتة على شمعة 03:45Z (من cbar)
07:04 KSA · CLOSED  · scanner    · بدء المسح · 1154 رمزاً · الجلسة CLOSED
07:04 KSA · CLOSED  · scanner    · ساعة التأكيد مثبَّتة على شمعة 03:45Z (من cbar)
07:08 KSA · CLOSED  · scanner    · بدء المسح · 1154 رمزاً · الجلسة CLOSED
07:08 KSA · CLOSED  · scanner    · ساعة التأكيد مثبَّتة على شمعة 03:45Z (من cbar)
07:10 KSA · CLOSED  · scanner    · بدء المسح · 1154 رمزاً · الجلسة CLOSED
07:10 KSA · CLOSED  · scanner    · ساعة التأكيد مثبَّتة على شمعة 03:45Z (من cbar)
07:12 KSA · CLOSED  · scanner    · بدء المسح · 1154 رمزاً · الجلسة CLOSED
07:12 KSA · CLOSED  · scanner    · ساعة التأكيد مثبَّتة على شمعة 03:45Z (من cbar)
07:14 KSA · CLOSED  · scanner    · بدء المسح · 1154 رمزاً · الجلسة CLOSED
07:14 KSA · CLOSED  · scanner    · ساعة التأكيد مثبَّتة على شمعة 03:45Z (من cbar)
07:15 KSA · CLOSED  · scanner    · بدء المسح · 1154 رمزاً · الجلسة CLOSED
07:15 KSA · CLOSED  · scanner    · ساعة التأكيد مثبَّتة على شمعة 04:00Z (من cbar)
07:15 KSA · CLOSED  · signal     · FET-USD · pbTrend ▲ 74 · 1h
07:15 KSA · CLOSED  · signal     · SPCXB-USD · orb ▼ 80 · 15m
07:15 KSA · CLOSED  · signal     · UNI-USD · vwapRec ▼ 68 · 15m
07:15 KSA · CLOSED  · signal     · UNI-USD · pbTrend ▲ 76 · 1h
07:15 KSA · CLOSED  · signal     · TAO-USD · vwapRec ▲ 85 · 15m
07:15 KSA · CLOSED  · signal     · WLFI-USD · tfAlign ▼ 84 · 1d
07:16 KSA · CLOSED  · scanner    · بدء المسح · 1154 رمزاً · الجلسة CLOSED
07:16 KSA · CLOSED  · scanner    · ساعة التأكيد مثبَّتة على شمعة 04:00Z (من cbar)
07:18 KSA · CLOSED  · scanner    · بدء المسح · 1154 رمزاً · الجلسة CLOSED
07:18 KSA · CLOSED  · scanner    · ساعة التأكيد مثبَّتة على شمعة 04:00Z (من cbar)
07:21 KSA · CLOSED  · scanner    · بدء المسح · 1154 رمزاً · الجلسة CLOSED
07:21 KSA · CLOSED  · scanner    · ساعة التأكيد مثبَّتة على شمعة 04:00Z (من cbar)
07:23 KSA · CLOSED  · scanner    · بدء المسح · 1154 رمزاً · الجلسة CLOSED
07:23 KSA · CLOSED  · scanner    · ساعة التأكيد مثبَّتة على شمعة 04:00Z (من cbar)
07:24 KSA · CLOSED  · scanner    · بدء المسح · 1154 رمزاً · الجلسة CLOSED
07:24 KSA · CLOSED  · scanner    · ساعة التأكيد مثبَّتة على شمعة 04:00Z (من cbar)
07:26 KSA · CLOSED  · scanner    · بدء المسح · 1154 رمزاً · الجلسة CLOSED
07:26 KSA · CLOSED  · scanner    · ساعة التأكيد مثبَّتة على شمعة 04:00Z (من cbar)
07:28 KSA · CLOSED  · scanner    · بدء المسح · 1154 رمزاً · الجلسة CLOSED
07:28 KSA · CLOSED  · scanner    · ساعة التأكيد مثبَّتة على شمعة 04:00Z (من cbar)
07:30 KSA · CLOSED  · scanner    · بدء المسح · 1154 رمزاً · الجلسة CLOSED
07:30 KSA · CLOSED  · scanner    · ساعة التأكيد مثبَّتة على شمعة 04:15Z (من cbar)
07:30 KSA · CLOSED  · signal     · AVAX-USD · orb ▲ 85 · 15m
07:30 KSA · CLOSED  · signal     · ARK-USD · meanRev ▼ 68 · 15m
07:30 KSA · CLOSED  · signal     · HEMI-USD · brk ▲ 66 · 15m
07:31 KSA · CLOSED  · scanner    · بدء المسح · 1154 رمزاً · الجلسة CLOSED
07:31 KSA · CLOSED  · scanner    · ساعة التأكيد مثبَّتة على شمعة 04:15Z (من cbar)
07:32 KSA · CLOSED  · scanner    · بدء المسح · 1154 رمزاً · الجلسة CLOSED
07:32 KSA · CLOSED  · scanner    · ساعة التأكيد مثبَّتة على شمعة 04:15Z (من cbar)
07:34 KSA · CLOSED  · scanner    · بدء المسح · 1154 رمزاً · الجلسة CLOSED
07:34 KSA · CLOSED  · scanner    · ساعة التأكيد مثبَّتة على شمعة 04:15Z (من cbar)
07:38 KSA · CLOSED  · scanner    · بدء المسح · 1154 رمزاً · الجلسة CLOSED
07:38 KSA · CLOSED  · scanner    · ساعة التأكيد مثبَّتة على شمعة 04:15Z (من cbar)
07:40 KSA · CLOSED  · scanner    · بدء المسح · 1154 رمزاً · الجلسة CLOSED
07:40 KSA · CLOSED  · scanner    · ساعة التأكيد مثبَّتة على شمعة 04:15Z (من cbar)
07:42 KSA · CLOSED  · scanner    · بدء المسح · 1154 رمزاً · الجلسة CLOSED
07:42 KSA · CLOSED  · scanner    · ساعة التأكيد مثبَّتة على شمعة 04:15Z (من cbar)
07:44 KSA · CLOSED  · scanner    · بدء المسح · 1154 رمزاً · الجلسة CLOSED
07:44 KSA · CLOSED  · scanner    · ساعة التأكيد مثبَّتة على شمعة 04:15Z (من cbar)
07:45 KSA · CLOSED  · scanner    · بدء المسح · 1154 رمزاً · الجلسة CLOSED
07:45 KSA · CLOSED  · scanner    · ساعة التأكيد مثبَّتة على شمعة 04:30Z (من cbar)
07:45 KSA · CLOSED  · signal     · 牛来-USD · vwapRec ▲ 67 · 15m
07:46 KSA · CLOSED  · scanner    · بدء المسح · 1154 رمزاً · الجلسة CLOSED
07:46 KSA · CLOSED  · scanner    · ساعة التأكيد مثبَّتة على شمعة 04:30Z (من cbar)
07:48 KSA · CLOSED  · scanner    · بدء المسح · 1154 رمزاً · الجلسة CLOSED
07:48 KSA · CLOSED  · scanner    · ساعة التأكيد مثبَّتة على شمعة 04:30Z (من cbar)
07:50 KSA · CLOSED  · scanner    · بدء المسح · 1154 رمزاً · الجلسة CLOSED
07:50 KSA · CLOSED  · scanner    · ساعة التأكيد مثبَّتة على شمعة 04:30Z (من cbar)
07:52 KSA · CLOSED  · scanner    · بدء المسح · 1154 رمزاً · الجلسة CLOSED
07:52 KSA · CLOSED  · scanner    · ساعة التأكيد مثبَّتة على شمعة 04:30Z (من cbar)
07:53 KSA · CLOSED  · scanner    · بدء المسح · 1154 رمزاً · الجلسة CLOSED
07:53 KSA · CLOSED  · scanner    · ساعة التأكيد مثبَّتة على شمعة 04:30Z (من cbar)
07:54 KSA · CLOSED  · scanner    · بدء المسح · 1154 رمزاً · الجلسة CLOSED
07:54 KSA · CLOSED  · scanner    · ساعة التأكيد مثبَّتة على شمعة 04:30Z (من cbar)
07:56 KSA · CLOSED  · scanner    · بدء المسح · 1154 رمزاً · الجلسة CLOSED
07:56 KSA · CLOSED  · scanner    · ساعة التأكيد مثبَّتة على شمعة 04:30Z (من cbar)
07:58 KSA · CLOSED  · scanner    · بدء المسح · 1154 رمزاً · الجلسة CLOSED
07:58 KSA · CLOSED  · scanner    · ساعة التأكيد مثبَّتة على شمعة 04:30Z (من cbar)
08:00 KSA · CLOSED  · scanner    · بدء المسح · 1154 رمزاً · الجلسة CLOSED
08:00 KSA · CLOSED  · scanner    · ساعة التأكيد مثبَّتة على شمعة 04:30Z (من cbar)
08:01 KSA · CLOSED  · scanner    · بدء المسح · 1154 رمزاً · الجلسة CLOSED
08:01 KSA · CLOSED  · scanner    · ساعة التأكيد مثبَّتة على شمعة 04:45Z (من cbar)
08:01 KSA · CLOSED  · signal     · BNB-USD · orb ▲ 93 · 15m
08:01 KSA · CLOSED  · signal     · DOT-USD · volSpike ▼ 89 · 15m
08:01 KSA · CLOSED  · signal     · WLD-USD · brk ▲ 61 · 15m
08:01 KSA · CLOSED  · signal     · ETHFI-USD · brk ▲ 68 · 15m
08:01 KSA · CLOSED  · signal     · SNXXB-USD · momo ▼ 67 · 1h
08:02 KSA · CLOSED  · scanner    · بدء المسح · 1154 رمزاً · الجلسة CLOSED
08:02 KSA · CLOSED  · scanner    · ساعة التأكيد مثبَّتة على شمعة 04:45Z (من cbar)
08:04 KSA · CLOSED  · scanner    · بدء المسح · 1154 رمزاً · الجلسة CLOSED
08:04 KSA · CLOSED  · scanner    · ساعة التأكيد مثبَّتة على شمعة 04:45Z (من cbar)
08:06 KSA · CLOSED  · scanner    · بدء المسح · 1154 رمزاً · الجلسة CLOSED
08:06 KSA · CLOSED  · scanner    · ساعة التأكيد مثبَّتة على شمعة 04:45Z (من cbar)
08:09 KSA · CLOSED  · scanner    · بدء المسح · 1154 رمزاً · الجلسة CLOSED
08:09 KSA · CLOSED  · scanner    · ساعة التأكيد مثبَّتة على شمعة 04:45Z (من cbar)
08:10 KSA · CLOSED  · scanner    · بدء المسح · 1154 رمزاً · الجلسة CLOSED
08:10 KSA · CLOSED  · scanner    · ساعة التأكيد مثبَّتة على شمعة 04:45Z (من cbar)
08:12 KSA · CLOSED  · scanner    · بدء المسح · 1154 رمزاً · الجلسة CLOSED
08:12 KSA · CLOSED  · scanner    · ساعة التأكيد مثبَّتة على شمعة 04:45Z (من cbar)
08:14 KSA · CLOSED  · scanner    · بدء المسح · 1154 رمزاً · الجلسة CLOSED
08:14 KSA · CLOSED  · scanner    · ساعة التأكيد مثبَّتة على شمعة 04:45Z (من cbar)
08:15 KSA · CLOSED  · scanner    · بدء المسح · 1154 رمزاً · الجلسة CLOSED
08:15 KSA · CLOSED  · scanner    · ساعة التأكيد مثبَّتة على شمعة 05:00Z (من cbar)
08:15 KSA · CLOSED  · signal     · XRP-USD · meanRev ▼ 70 · 15m
08:15 KSA · CLOSED  · signal     · ADA-USD · meanRev ▼ 70 · 15m
08:15 KSA · CLOSED  · signal     · XLM-USD · brk ▲ 68 · 15m
08:15 KSA · CLOSED  · signal     · AAVE-USD · meanRev ▼ 63 · 15m
08:15 KSA · CLOSED  · signal     · VTHO-USD · brk ▲ 80 · 15m
08:15 KSA · CLOSED  · signal     · TAO-USD · brk ▲ 91 · 15m
08:15 KSA · CLOSED  · signal     · TAO-USD · meanRev ▼ 70 · 15m
08:15 KSA · CLOSED  · signal     · HOLO-USD · meanRev ▼ 70 · 15m
08:15 KSA · CLOSED  · signal     · PENGU-USD · brk ▲ 95 · 15m
08:15 KSA · CLOSED  · signal     · PENGU-USD · volSpike ▲ 81 · 15m
08:16 KSA · CLOSED  · scanner    · بدء المسح · 1154 رمزاً · الجلسة CLOSED
08:16 KSA · CLOSED  · scanner    · ساعة التأكيد مثبَّتة على شمعة 05:00Z (من cbar)
08:18 KSA · CLOSED  · scanner    · بدء المسح · 1154 رمزاً · الجلسة CLOSED
08:18 KSA · CLOSED  · scanner    · ساعة التأكيد مثبَّتة على شمعة 05:00Z (من cbar)
08:20 KSA · CLOSED  · scanner    · بدء المسح · 1154 رمزاً · الجلسة CLOSED
08:20 KSA · CLOSED  · scanner    · ساعة التأكيد مثبَّتة على شمعة 05:00Z (من cbar)
08:22 KSA · CLOSED  · scanner    · بدء المسح · 1154 رمزاً · الجلسة CLOSED
08:22 KSA · CLOSED  · scanner    · ساعة التأكيد مثبَّتة على شمعة 05:00Z (من cbar)
08:23 KSA · CLOSED  · scanner    · بدء المسح · 1154 رمزاً · الجلسة CLOSED
08:23 KSA · CLOSED  · scanner    · ساعة التأكيد مثبَّتة على شمعة 05:00Z (من cbar)
08:24 KSA · CLOSED  · scanner    · بدء المسح · 1154 رمزاً · الجلسة CLOSED
08:24 KSA · CLOSED  · scanner    · ساعة التأكيد مثبَّتة على شمعة 05:00Z (من cbar)
08:26 KSA · CLOSED  · scanner    · بدء المسح · 1154 رمزاً · الجلسة CLOSED
08:26 KSA · CLOSED  · scanner    · ساعة التأكيد مثبَّتة على شمعة 05:00Z (من cbar)
08:28 KSA · CLOSED  · scanner    · بدء المسح · 1154 رمزاً · الجلسة CLOSED
08:28 KSA · CLOSED  · scanner    · ساعة التأكيد مثبَّتة على شمعة 05:00Z (من cbar)
08:30 KSA · CLOSED  · scanner    · بدء المسح · 1154 رمزاً · الجلسة CLOSED
08:30 KSA · CLOSED  · scanner    · ساعة التأكيد مثبَّتة على شمعة 05:00Z (من cbar)
08:31 KSA · CLOSED  · scanner    · بدء المسح · 1154 رمزاً · الجلسة CLOSED
08:31 KSA · CLOSED  · scanner    · ساعة التأكيد مثبَّتة على شمعة 05:15Z (من cbar)
08:31 KSA · CLOSED  · signal     · SPCXB-USD · volSpike ▼ 72 · 15m
08:31 KSA · CLOSED  · signal     · UNI-USD · vwapRec ▲ 85 · 15m
08:31 KSA · CLOSED  · signal     · PENGU-USD · meanRev ▼ 70 · 15m
08:32 KSA · CLOSED  · scanner    · بدء المسح · 1154 رمزاً · الجلسة CLOSED
08:32 KSA · CLOSED  · scanner    · ساعة التأكيد مثبَّتة على شمعة 05:15Z (من cbar)
08:34 KSA · CLOSED  · scanner    · بدء المسح · 1154 رمزاً · الجلسة CLOSED
08:34 KSA · CLOSED  · scanner    · ساعة التأكيد مثبَّتة على شمعة 05:15Z (من cbar)
08:36 KSA · CLOSED  · scanner    · بدء المسح · 1154 رمزاً · الجلسة CLOSED
08:36 KSA · CLOSED  · scanner    · ساعة التأكيد مثبَّتة على شمعة 05:15Z (من cbar)
08:39 KSA · CLOSED  · scanner    · بدء المسح · 1154 رمزاً · الجلسة CLOSED
08:39 KSA · CLOSED  · scanner    · ساعة التأكيد مثبَّتة على شمعة 05:15Z (من cbar)
08:40 KSA · CLOSED  · scanner    · بدء المسح · 1154 رمزاً · الجلسة CLOSED
08:40 KSA · CLOSED  · scanner    · ساعة التأكيد مثبَّتة على شمعة 05:15Z (من cbar)
08:42 KSA · CLOSED  · scanner    · بدء المسح · 1154 رمزاً · الجلسة CLOSED
08:42 KSA · CLOSED  · scanner    · ساعة التأكيد مثبَّتة على شمعة 05:15Z (من cbar)
08:44 KSA · CLOSED  · scanner    · بدء المسح · 1154 رمزاً · الجلسة CLOSED
08:44 KSA · CLOSED  · scanner    · ساعة التأكيد مثبَّتة على شمعة 05:15Z (من cbar)
08:45 KSA · CLOSED  · scanner    · بدء المسح · 1154 رمزاً · الجلسة CLOSED
08:45 KSA · CLOSED  · scanner    · ساعة التأكيد مثبَّتة على شمعة 05:30Z (من cbar)
08:45 KSA · CLOSED  · signal     · ZEC-USD · orb ▲ 90 · 15m
08:45 KSA · CLOSED  · signal     · TAO-USD · orb ▲ 100 · 15m
08:45 KSA · CLOSED  · signal     · PUMP-USD · orb ▼ 65 · 15m
08:46 KSA · CLOSED  · scanner    · بدء المسح · 1154 رمزاً · الجلسة CLOSED
08:46 KSA · CLOSED  · scanner    · ساعة التأكيد مثبَّتة على شمعة 05:30Z (من cbar)
08:48 KSA · CLOSED  · scanner    · بدء المسح · 1154 رمزاً · الجلسة CLOSED
08:48 KSA · CLOSED  · scanner    · ساعة التأكيد مثبَّتة على شمعة 05:30Z (من cbar)
08:50 KSA · CLOSED  · scanner    · بدء المسح · 1154 رمزاً · الجلسة CLOSED
08:50 KSA · CLOSED  · scanner    · ساعة التأكيد مثبَّتة على شمعة 05:30Z (من cbar)
08:52 KSA · CLOSED  · scanner    · بدء المسح · 1154 رمزاً · الجلسة CLOSED
08:52 KSA · CLOSED  · scanner    · ساعة التأكيد مثبَّتة على شمعة 05:30Z (من cbar)
08:53 KSA · CLOSED  · scanner    · بدء المسح · 1154 رمزاً · الجلسة CLOSED
08:53 KSA · CLOSED  · scanner    · ساعة التأكيد مثبَّتة على شمعة 05:30Z (من cbar)
08:54 KSA · CLOSED  · scanner    · بدء المسح · 1154 رمزاً · الجلسة CLOSED
08:54 KSA · CLOSED  · scanner    · ساعة التأكيد مثبَّتة على شمعة 05:30Z (من cbar)
08:56 KSA · CLOSED  · scanner    · بدء المسح · 1154 رمزاً · الجلسة CLOSED
08:56 KSA · CLOSED  · scanner    · ساعة التأكيد مثبَّتة على شمعة 05:30Z (من cbar)
08:58 KSA · CLOSED  · scanner    · بدء المسح · 1154 رمزاً · الجلسة CLOSED
08:58 KSA · CLOSED  · scanner    · ساعة التأكيد مثبَّتة على شمعة 05:30Z (من cbar)
09:00 KSA · CLOSED  · scanner    · بدء المسح · 1154 رمزاً · الجلسة CLOSED
09:00 KSA · CLOSED  · scanner    · ساعة التأكيد مثبَّتة على شمعة 05:30Z (من cbar)
09:01 KSA · CLOSED  · scanner    · بدء المسح · 1154 رمزاً · الجلسة CLOSED
09:01 KSA · CLOSED  · scanner    · ساعة التأكيد مثبَّتة على شمعة 05:45Z (من cbar)
09:01 KSA · CLOSED  · signal     · XLM-USD · momo ▼ 67 · 1h
09:01 KSA · CLOSED  · signal     · XAUT-USD · rsiDiv ▲ 81 · 1h
09:01 KSA · CLOSED  · signal     · SPCXB-USD · orb ▼ 95 · 15m
09:01 KSA · CLOSED  · signal     · ARK-USD · momo ▲ 89 · 1h
09:01 KSA · CLOSED  · signal     · HEMI-USD · momo ▲ 56 · 1h
09:01 KSA · CLOSED  · signal     · EUR-USD · tfAlign ▼ 100 · 1d
09:01 KSA · CLOSED  · signal     · BANK-USD · pbTrend ▼ 71 · 1h
09:02 KSA · CLOSED  · scanner    · بدء المسح · 1154 رمزاً · الجلسة CLOSED
09:02 KSA · CLOSED  · scanner    · ساعة التأكيد مثبَّتة على شمعة 05:45Z (من cbar)
09:04 KSA · CLOSED  · scanner    · بدء المسح · 1154 رمزاً · الجلسة CLOSED
09:04 KSA · CLOSED  · scanner    · ساعة التأكيد مثبَّتة على شمعة 05:45Z (من cbar)
09:06 KSA · CLOSED  · scanner    · بدء المسح · 1154 رمزاً · الجلسة CLOSED
09:06 KSA · CLOSED  · scanner    · ساعة التأكيد مثبَّتة على شمعة 05:45Z (من cbar)
09:09 KSA · CLOSED  · scanner    · بدء المسح · 1154 رمزاً · الجلسة CLOSED
09:09 KSA · CLOSED  · scanner    · ساعة التأكيد مثبَّتة على شمعة 05:45Z (من cbar)
09:10 KSA · CLOSED  · scanner    · بدء المسح · 1154 رمزاً · الجلسة CLOSED
09:10 KSA · CLOSED  · scanner    · ساعة التأكيد مثبَّتة على شمعة 05:45Z (من cbar)
09:12 KSA · CLOSED  · scanner    · بدء المسح · 1154 رمزاً · الجلسة CLOSED
09:12 KSA · CLOSED  · scanner    · ساعة التأكيد مثبَّتة على شمعة 05:45Z (من cbar)
09:14 KSA · CLOSED  · scanner    · بدء المسح · 1154 رمزاً · الجلسة CLOSED
09:14 KSA · CLOSED  · scanner    · ساعة التأكيد مثبَّتة على شمعة 05:45Z (من cbar)
09:15 KSA · CLOSED  · scanner    · بدء المسح · 1154 رمزاً · الجلسة CLOSED
09:15 KSA · CLOSED  · scanner    · ساعة التأكيد مثبَّتة على شمعة 06:00Z (من cbar)
09:15 KSA · CLOSED  · signal     · ZEC-USD · pbTrend ▲ 74 · 1h
09:15 KSA · CLOSED  · signal     · PAXG-USD · orb ▼ 83 · 15m
09:15 KSA · CLOSED  · signal     · DASH-USD · brk ▲ 66 · 15m
09:15 KSA · CLOSED  · signal     · HEMI-USD · volSpike ▲ 78 · 15m
09:15 KSA · CLOSED  · signal     · THE-USD · vwapRec ▲ 88 · 15m
09:15 KSA · CLOSED  · signal     · EUR-USD · brk ▼ 77 · 15m
09:16 KSA · CLOSED  · scanner    · بدء المسح · 1154 رمزاً · الجلسة CLOSED
09:16 KSA · CLOSED  · scanner    · ساعة التأكيد مثبَّتة على شمعة 06:00Z (من cbar)
09:18 KSA · CLOSED  · scanner    · بدء المسح · 1154 رمزاً · الجلسة CLOSED
09:18 KSA · CLOSED  · scanner    · ساعة التأكيد مثبَّتة على شمعة 06:00Z (من cbar)
09:21 KSA · CLOSED  · scanner    · بدء المسح · 1154 رمزاً · الجلسة CLOSED
09:21 KSA · CLOSED  · scanner    · ساعة التأكيد مثبَّتة على شمعة 06:00Z (من cbar)
09:23 KSA · CLOSED  · scanner    · بدء المسح · 1154 رمزاً · الجلسة CLOSED
09:23 KSA · CLOSED  · scanner    · ساعة التأكيد مثبَّتة على شمعة 06:00Z (من cbar)
09:24 KSA · CLOSED  · scanner    · بدء المسح · 1154 رمزاً · الجلسة CLOSED
09:24 KSA · CLOSED  · scanner    · ساعة التأكيد مثبَّتة على شمعة 06:00Z (من cbar)
09:26 KSA · CLOSED  · scanner    · بدء المسح · 1154 رمزاً · الجلسة CLOSED
09:26 KSA · CLOSED  · scanner    · ساعة التأكيد مثبَّتة على شمعة 06:00Z (من cbar)
09:49 KSA · CLOSED  · scanner    · بدء المسح · 1154 رمزاً · الجلسة CLOSED
09:49 KSA · CLOSED  · scanner    · ساعة التأكيد مثبَّتة على شمعة 06:00Z (من cbar)
09:51 KSA · CLOSED  · scanner    · بدء المسح · 1154 رمزاً · الجلسة CLOSED
09:51 KSA · CLOSED  · scanner    · ساعة التأكيد مثبَّتة على شمعة 06:30Z (من cbar)
09:51 KSA · CLOSED  · signal     · VTHO-USD · volSpike ▼ 89 · 15m
09:51 KSA · CLOSED  · signal     · 牛来-USD · vwapRec ▼ 64 · 15m
09:51 KSA · CLOSED  · signal     · 牛来-USD · meanRev ▲ 91 · 15m
09:53 KSA · CLOSED  · scanner    · بدء المسح · 1154 رمزاً · الجلسة CLOSED
09:53 KSA · CLOSED  · scanner    · ساعة التأكيد مثبَّتة على شمعة 06:30Z (من cbar)
09:54 KSA · CLOSED  · scanner    · بدء المسح · 1154 رمزاً · الجلسة CLOSED
09:54 KSA · CLOSED  · scanner    · ساعة التأكيد مثبَّتة على شمعة 06:30Z (من cbar)
09:56 KSA · CLOSED  · scanner    · بدء المسح · 1154 رمزاً · الجلسة CLOSED
09:56 KSA · CLOSED  · scanner    · ساعة التأكيد مثبَّتة على شمعة 06:30Z (من cbar)
09:58 KSA · CLOSED  · scanner    · بدء المسح · 1154 رمزاً · الجلسة CLOSED
09:58 KSA · CLOSED  · scanner    · ساعة التأكيد مثبَّتة على شمعة 06:30Z (من cbar)
10:00 KSA · CLOSED  · scanner    · بدء المسح · 1154 رمزاً · الجلسة CLOSED
10:00 KSA · CLOSED  · scanner    · ساعة التأكيد مثبَّتة على شمعة 06:30Z (من cbar)
10:01 KSA · CLOSED  · scanner    · بدء المسح · 1154 رمزاً · الجلسة CLOSED
10:01 KSA · CLOSED  · scanner    · ساعة التأكيد مثبَّتة على شمعة 06:45Z (من cbar)
10:01 KSA · CLOSED  · signal     · NEAR-USD · pbTrend ▲ 71 · 1h
10:01 KSA · CLOSED  · signal     · MARSCOIN-USD · rsiDiv ▼ 57 · 15m
10:01 KSA · CLOSED  · signal     · BNCB-USD · vwapRec ▲ 83 · 15m
10:02 KSA · CLOSED  · scanner    · بدء المسح · 1154 رمزاً · الجلسة CLOSED
10:02 KSA · CLOSED  · scanner    · ساعة التأكيد مثبَّتة على شمعة 06:45Z (من cbar)
10:04 KSA · CLOSED  · scanner    · بدء المسح · 1154 رمزاً · الجلسة CLOSED
10:04 KSA · CLOSED  · scanner    · ساعة التأكيد مثبَّتة على شمعة 06:45Z (من cbar)
10:06 KSA · CLOSED  · scanner    · بدء المسح · 1154 رمزاً · الجلسة CLOSED
10:06 KSA · CLOSED  · scanner    · ساعة التأكيد مثبَّتة على شمعة 06:45Z (من cbar)
10:09 KSA · CLOSED  · scanner    · بدء المسح · 1154 رمزاً · الجلسة CLOSED
10:09 KSA · CLOSED  · scanner    · ساعة التأكيد مثبَّتة على شمعة 06:45Z (من cbar)
10:10 KSA · CLOSED  · scanner    · بدء المسح · 1154 رمزاً · الجلسة CLOSED
10:10 KSA · CLOSED  · scanner    · ساعة التأكيد مثبَّتة على شمعة 06:45Z (من cbar)
10:12 KSA · CLOSED  · scanner    · بدء المسح · 1154 رمزاً · الجلسة CLOSED
10:12 KSA · CLOSED  · scanner    · ساعة التأكيد مثبَّتة على شمعة 06:45Z (من cbar)
10:14 KSA · CLOSED  · scanner    · بدء المسح · 1154 رمزاً · الجلسة CLOSED
10:14 KSA · CLOSED  · scanner    · ساعة التأكيد مثبَّتة على شمعة 06:45Z (من cbar)
10:15 KSA · CLOSED  · scanner    · بدء المسح · 1154 رمزاً · الجلسة CLOSED
10:15 KSA · CLOSED  · scanner    · ساعة التأكيد مثبَّتة على شمعة 07:00Z (من cbar)
10:15 KSA · CLOSED  · signal     · T-USD · sqzExp ▲ 65 · 1h
10:16 KSA · CLOSED  · scanner    · بدء المسح · 1154 رمزاً · الجلسة CLOSED
10:16 KSA · CLOSED  · scanner    · ساعة التأكيد مثبَّتة على شمعة 07:00Z (من cbar)
10:18 KSA · CLOSED  · scanner    · بدء المسح · 1154 رمزاً · الجلسة CLOSED
10:18 KSA · CLOSED  · scanner    · ساعة التأكيد مثبَّتة على شمعة 07:00Z (من cbar)
10:21 KSA · CLOSED  · scanner    · بدء المسح · 1154 رمزاً · الجلسة CLOSED
10:21 KSA · CLOSED  · scanner    · ساعة التأكيد مثبَّتة على شمعة 07:00Z (من cbar)
10:22 KSA · CLOSED  · scanner    · بدء المسح · 1154 رمزاً · الجلسة CLOSED
10:22 KSA · CLOSED  · scanner    · ساعة التأكيد مثبَّتة على شمعة 07:00Z (من cbar)
10:24 KSA · CLOSED  · scanner    · بدء المسح · 1154 رمزاً · الجلسة CLOSED
10:24 KSA · CLOSED  · scanner    · ساعة التأكيد مثبَّتة على شمعة 07:00Z (من cbar)
10:26 KSA · CLOSED  · scanner    · بدء المسح · 1154 رمزاً · الجلسة CLOSED
10:26 KSA · CLOSED  · scanner    · ساعة التأكيد مثبَّتة على شمعة 07:00Z (من cbar)
10:28 KSA · CLOSED  · scanner    · بدء المسح · 1154 رمزاً · الجلسة CLOSED
10:28 KSA · CLOSED  · scanner    · ساعة التأكيد مثبَّتة على شمعة 07:00Z (من cbar)
10:30 KSA · CLOSED  · scanner    · بدء المسح · 1154 رمزاً · الجلسة CLOSED
10:30 KSA · CLOSED  · scanner    · ساعة التأكيد مثبَّتة على شمعة 07:00Z (من cbar)
10:31 KSA · CLOSED  · scanner    · بدء المسح · 1154 رمزاً · الجلسة CLOSED
10:31 KSA · CLOSED  · scanner    · ساعة التأكيد مثبَّتة على شمعة 07:15Z (من cbar)
10:31 KSA · CLOSED  · signal     · XAUT-USD · volSpike ▲ 78 · 15m
10:31 KSA · CLOSED  · signal     · MTL-USD · rsiDiv ▼ 78 · 15m
10:31 KSA · CLOSED  · signal     · EUR-USD · brk ▼ 64 · 15m
10:32 KSA · CLOSED  · scanner    · بدء المسح · 1154 رمزاً · الجلسة CLOSED
10:32 KSA · CLOSED  · scanner    · ساعة التأكيد مثبَّتة على شمعة 07:15Z (من cbar)
10:34 KSA · CLOSED  · scanner    · بدء المسح · 1154 رمزاً · الجلسة CLOSED
10:34 KSA · CLOSED  · scanner    · ساعة التأكيد مثبَّتة على شمعة 07:15Z (من cbar)
10:36 KSA · CLOSED  · scanner    · بدء المسح · 1154 رمزاً · الجلسة CLOSED
10:36 KSA · CLOSED  · scanner    · ساعة التأكيد مثبَّتة على شمعة 07:15Z (من cbar)
10:39 KSA · CLOSED  · scanner    · بدء المسح · 1154 رمزاً · الجلسة CLOSED
10:39 KSA · CLOSED  · scanner    · ساعة التأكيد مثبَّتة على شمعة 07:15Z (من cbar)
10:40 KSA · CLOSED  · scanner    · بدء المسح · 1154 رمزاً · الجلسة CLOSED
10:40 KSA · CLOSED  · scanner    · ساعة التأكيد مثبَّتة على شمعة 07:15Z (من cbar)
10:42 KSA · CLOSED  · scanner    · بدء المسح · 1154 رمزاً · الجلسة CLOSED
10:42 KSA · CLOSED  · scanner    · ساعة التأكيد مثبَّتة على شمعة 07:15Z (من cbar)
10:44 KSA · CLOSED  · scanner    · بدء المسح · 1154 رمزاً · الجلسة CLOSED
10:44 KSA · CLOSED  · scanner    · ساعة التأكيد مثبَّتة على شمعة 07:15Z (من cbar)
10:45 KSA · CLOSED  · scanner    · بدء المسح · 1154 رمزاً · الجلسة CLOSED
10:45 KSA · CLOSED  · scanner    · ساعة التأكيد مثبَّتة على شمعة 07:30Z (من cbar)
10:46 KSA · CLOSED  · scanner    · بدء المسح · 1154 رمزاً · الجلسة CLOSED
10:46 KSA · CLOSED  · scanner    · ساعة التأكيد مثبَّتة على شمعة 07:30Z (من cbar)
10:48 KSA · CLOSED  · scanner    · بدء المسح · 1154 رمزاً · الجلسة CLOSED
10:48 KSA · CLOSED  · scanner    · ساعة التأكيد مثبَّتة على شمعة 07:30Z (من cbar)
10:52 KSA · CLOSED  · scanner    · بدء المسح · 1154 رمزاً · الجلسة CLOSED
10:52 KSA · CLOSED  · scanner    · ساعة التأكيد مثبَّتة على شمعة 07:30Z (من cbar)
10:52 KSA · CLOSED  · signal     · COF · meanRev ▲ 57 · 1d
10:52 KSA · CLOSED  · signal     · COF · sqzExp ▼ 91 · 1d
10:52 KSA · CLOSED  · signal     · ABNB · meanRev ▲ 88 · 1d
10:52 KSA · CLOSED  · signal     · AMT · brk ▼ 61 · 1d
10:52 KSA · CLOSED  · signal     · AMT · meanRev ▲ 63 · 1d
10:52 KSA · CLOSED  · signal     · CVNA · sqzExp ▼ 56 · 1d
10:52 KSA · CLOSED  · signal     · AEP · brk ▼ 87 · 1d
10:52 KSA · CLOSED  · signal     · AEP · meanRev ▲ 70 · 1d
10:52 KSA · CLOSED  · signal     · XYZ · brk ▼ 63 · 1d
10:52 KSA · CLOSED  · signal     · XYZ · sqzExp ▼ 72 · 1d
10:52 KSA · CLOSED  · signal     · CBRE · sqzExp ▼ 56 · 1d
10:52 KSA · CLOSED  · signal     · BIIB · brk ▲ 63 · 1d
10:52 KSA · CLOSED  · signal     · BIIB · meanRev ▼ 70 · 1d
10:52 KSA · CLOSED  · signal     · AWK · sqzExp ▼ 63 · 1d
10:52 KSA · CLOSED  · signal     · LNT · sqzExp ▼ 84 · 1d
10:52 KSA · CLOSED  · signal     · BALL · brk ▼ 84 · 1d
10:52 KSA · CLOSED  · signal     · BALL · sqzExp ▼ 84 · 1d
10:52 KSA · CLOSED  · signal     · AIZ · brk ▼ 79 · 1d
10:52 KSA · CLOSED  · signal     · BXP · brk ▼ 68 · 1d
10:52 KSA · CLOSED  · signal     · BXP · sqzExp ▼ 75 · 1d
10:53 KSA · CLOSED  · scanner    · بدء المسح · 1154 رمزاً · الجلسة CLOSED
10:53 KSA · CLOSED  · scanner    · ساعة التأكيد مثبَّتة على شمعة 07:30Z (من cbar)
10:54 KSA · CLOSED  · scanner    · بدء المسح · 1154 رمزاً · الجلسة CLOSED
10:54 KSA · CLOSED  · scanner    · ساعة التأكيد مثبَّتة على شمعة 07:30Z (من cbar)
10:56 KSA · CLOSED  · scanner    · بدء المسح · 1154 رمزاً · الجلسة CLOSED
10:56 KSA · CLOSED  · scanner    · ساعة التأكيد مثبَّتة على شمعة 07:30Z (من cbar)
10:58 KSA · CLOSED  · scanner    · بدء المسح · 1154 رمزاً · الجلسة CLOSED
10:58 KSA · CLOSED  · scanner    · ساعة التأكيد مثبَّتة على شمعة 07:30Z (من cbar)
11:00 KSA · PRE     · scanner    · بدء المسح · 1154 رمزاً · الجلسة PRE
11:00 KSA · PRE     · scanner    · ساعة التأكيد مثبَّتة على شمعة 07:30Z (من cbar)
11:00 KSA · PRE     · signal     · NSC · brk ▼ 56 · 15m · جلسة ممتدة
11:01 KSA · PRE     · scanner    · بدء المسح · 1154 رمزاً · الجلسة PRE
11:01 KSA · PRE     · scanner    · ساعة التأكيد مثبَّتة على شمعة 07:45Z (من cbar)
11:01 KSA · PRE     · signal     · ETH-USD · orb ▲ 90 · 15m
11:01 KSA · PRE     · signal     · CAKE-USD · meanRev ▼ 60 · 15m
11:01 KSA · PRE     · signal     · INJ-USD · orb ▲ 63 · 15m
11:01 KSA · PRE     · signal     · SNDKB-USD · rsiDiv ▲ 61 · 15m
11:01 KSA · PRE     · signal     · EUR-USD · brk ▲ 75 · 15m
11:02 KSA · PRE     · scanner    · بدء المسح · 1154 رمزاً · الجلسة PRE
11:02 KSA · PRE     · scanner    · ساعة التأكيد مثبَّتة على شمعة 07:45Z (من cbar)
11:04 KSA · PRE     · scanner    · بدء المسح · 1154 رمزاً · الجلسة PRE
11:04 KSA · PRE     · scanner    · ساعة التأكيد مثبَّتة على شمعة 07:45Z (من cbar)
11:06 KSA · PRE     · scanner    · بدء المسح · 1154 رمزاً · الجلسة PRE
11:06 KSA · PRE     · scanner    · ساعة التأكيد مثبَّتة على شمعة 07:45Z (من cbar)
11:09 KSA · PRE     · scanner    · بدء المسح · 1154 رمزاً · الجلسة PRE
11:09 KSA · PRE     · scanner    · ساعة التأكيد مثبَّتة على شمعة 07:45Z (من cbar)
11:10 KSA · PRE     · scanner    · بدء المسح · 1154 رمزاً · الجلسة PRE
11:10 KSA · PRE     · scanner    · ساعة التأكيد مثبَّتة على شمعة 07:45Z (من cbar)
11:12 KSA · PRE     · scanner    · بدء المسح · 1154 رمزاً · الجلسة PRE
11:12 KSA · PRE     · scanner    · ساعة التأكيد مثبَّتة على شمعة 07:45Z (من cbar)
11:14 KSA · PRE     · scanner    · بدء المسح · 1154 رمزاً · الجلسة PRE
11:14 KSA · PRE     · scanner    · ساعة التأكيد مثبَّتة على شمعة 07:45Z (من cbar)
11:19 KSA · PRE     · scanner    · بدء المسح · 1154 رمزاً · الجلسة PRE
11:19 KSA · PRE     · scanner    · ساعة التأكيد مثبَّتة على شمعة 08:00Z (من cbar)
11:19 KSA · PRE     · signal     · DDOG · brk ▲ 72 · 15m · جلسة ممتدة
11:19 KSA · PRE     · signal     · NXPI · brk ▲ 64 · 15m · جلسة ممتدة
11:19 KSA · PRE     · signal     · VST · brk ▼ 82 · 15m · جلسة ممتدة
11:19 KSA · PRE     · signal     · ADSK · brk ▲ 67 · 15m · جلسة ممتدة
11:19 KSA · PRE     · signal     · ADSK · meanRev ▼ 70 · 15m · جلسة ممتدة
11:27 KSA · PRE     · scanner    · بدء المسح · 1154 رمزاً · الجلسة PRE
11:27 KSA · PRE     · scanner    · ساعة التأكيد مثبَّتة على شمعة 08:00Z (من cbar)
11:36 KSA · PRE     · scanner    · بدء المسح · 1154 رمزاً · الجلسة PRE
11:36 KSA · PRE     · scanner    · ساعة التأكيد مثبَّتة على شمعة 08:00Z (من cbar)
11:39 KSA · PRE     · scanner    · بدء المسح · 1154 رمزاً · الجلسة PRE
11:39 KSA · PRE     · scanner    · ساعة التأكيد مثبَّتة على شمعة 08:00Z (من cbar)
11:40 KSA · PRE     · scanner    · بدء المسح · 1154 رمزاً · الجلسة PRE
11:40 KSA · PRE     · scanner    · ساعة التأكيد مثبَّتة على شمعة 08:00Z (من cbar)
11:42 KSA · PRE     · scanner    · بدء المسح · 1154 رمزاً · الجلسة PRE
11:42 KSA · PRE     · scanner    · ساعة التأكيد مثبَّتة على شمعة 08:00Z (من cbar)
11:44 KSA · PRE     · scanner    · بدء المسح · 1154 رمزاً · الجلسة PRE
11:44 KSA · PRE     · scanner    · ساعة التأكيد مثبَّتة على شمعة 08:00Z (من cbar)
11:45 KSA · PRE     · scanner    · بدء المسح · 1154 رمزاً · الجلسة PRE
11:45 KSA · PRE     · scanner    · ساعة التأكيد مثبَّتة على شمعة 08:30Z (من cbar)
11:45 KSA · PRE     · signal     · GOOGL · vwapRec ▲ 85 · 15m · جلسة ممتدة
11:45 KSA · PRE     · signal     · GOOGL · meanRev ▲ 68 · 15m · جلسة ممتدة
11:45 KSA · PRE     · signal     · AMZN · brk ▼ 75 · 15m · جلسة ممتدة
11:45 KSA · PRE     · signal     · META · orb ▼ 70 · 15m · جلسة ممتدة
11:45 KSA · PRE     · signal     · TSLA · brk ▲ 64 · 15m · جلسة ممتدة
11:45 KSA · PRE     · signal     · JPM · meanRev ▲ 60 · 15m · جلسة ممتدة
11:45 KSA · PRE     · signal     · V · vwapRec ▼ 65 · 15m · جلسة ممتدة
11:45 KSA · PRE     · signal     · MA · meanRev ▲ 70 · 15m · جلسة ممتدة
11:45 KSA · PRE     · signal     · COST · vwapRec ▲ 63 · 15m · جلسة ممتدة
11:45 KSA · PRE     · signal     · COST · brk ▲ 89 · 15m · جلسة ممتدة
11:45 KSA · PRE     · signal     · BAC · vwapRec ▲ 60 · 15m · جلسة ممتدة
11:45 KSA · PRE     · signal     · KO · vwapRec ▼ 90 · 15m · جلسة ممتدة
11:45 KSA · PRE     · signal     · CAT · vwapRec ▲ 85 · 15m · جلسة ممتدة
11:45 KSA · PRE     · signal     · PANW · vwapRec ▲ 100 · 15m · جلسة ممتدة
11:45 KSA · PRE     · signal     · KLAC · vwapRec ▲ 93 · 15m · جلسة ممتدة
11:45 KSA · PRE     · signal     · MRVL · brk ▲ 55 · 15m · جلسة ممتدة
11:45 KSA · PRE     · signal     · C · brk ▼ 77 · 15m · جلسة ممتدة
11:45 KSA · PRE     · signal     · QCOM · vwapRec ▲ 93 · 15m · جلسة ممتدة
11:45 KSA · PRE     · signal     · CRM · vwapRec ▲ 100 · 15m · جلسة ممتدة
11:45 KSA · PRE     · signal     · ADI · orb ▲ 60 · 15m · جلسة ممتدة
11:45 KSA · PRE     · signal     · ADI · vwapRec ▲ 100 · 15m · جلسة ممتدة
11:45 KSA · PRE     · signal     · ADI · brk ▲ 70 · 15m · جلسة ممتدة
11:45 KSA · PRE     · signal     · ETN · brk ▲ 59 · 15m · جلسة ممتدة
11:45 KSA · PRE     · signal     · BX · meanRev ▲ 60 · 15m · جلسة ممتدة
11:45 KSA · PRE     · signal     · NEM · vwapRec ▲ 93 · 15m · جلسة ممتدة
11:45 KSA · PRE     · signal     · SYK · meanRev ▼ 65 · 15m · جلسة ممتدة
11:45 KSA · PRE     · signal     · FCX · meanRev ▲ 57 · 15m · جلسة ممتدة
11:45 KSA · PRE     · signal     · ADBE · meanRev ▲ 55 · 15m · جلسة ممتدة
11:45 KSA · PRE     · signal     · CDNS · orb ▲ 55 · 15m · جلسة ممتدة
11:45 KSA · PRE     · signal     · LITE · orb ▲ 55 · 15m · جلسة ممتدة
11:45 KSA · PRE     · signal     · LITE · brk ▼ 93 · 15m · جلسة ممتدة
11:45 KSA · PRE     · signal     · MDLZ · brk ▲ 56 · 15m · جلسة ممتدة
11:45 KSA · PRE     · signal     · TRX-USD · meanRev ▲ 75 · 15m
11:45 KSA · PRE     · signal     · RDDT · orb ▼ 100 · 15m · جلسة ممتدة
11:45 KSA · PRE     · signal     · AVAX-USD · orb ▲ 60 · 15m
11:45 KSA · PRE     · signal     · ETHFI-USD · vwapRec ▲ 93 · 15m
11:45 KSA · PRE     · signal     · FET-USD · volSpike ▼ 78 · 15m
11:45 KSA · PRE     · signal     · MARSCOIN-USD · meanRev ▲ 71 · 15m
11:45 KSA · PRE     · signal     · LSK-USD · sqzExp ▼ 70 · 1h
11:45 KSA · PRE     · signal     · LSK-USD · tfAlign ▲ 100 · 1d
11:45 KSA · PRE     · signal     · SUI-USD · brk ▲ 64 · 15m
11:45 KSA · PRE     · signal     · UNI-USD · brk ▲ 59 · 15m
11:45 KSA · PRE     · signal     · THE-USD · brk ▲ 59 · 15m
11:45 KSA · PRE     · signal     · EUR-USD · tfAlign ▼ 84 · 1d
11:45 KSA · PRE     · signal     · ASTER-USD · vwapRec ▲ 93 · 15m
11:46 KSA · PRE     · scanner    · بدء المسح · 1154 رمزاً · الجلسة PRE
11:46 KSA · PRE     · scanner    · ساعة التأكيد مثبَّتة على شمعة 08:30Z (من cbar)
11:48 KSA · PRE     · scanner    · بدء المسح · 1154 رمزاً · الجلسة PRE
11:48 KSA · PRE     · scanner    · ساعة التأكيد مثبَّتة على شمعة 08:30Z (من cbar)
11:52 KSA · PRE     · scanner    · بدء المسح · 1154 رمزاً · الجلسة PRE
11:52 KSA · PRE     · scanner    · ساعة التأكيد مثبَّتة على شمعة 08:30Z (من cbar)
11:52 KSA · PRE     · signal     · INTU · brk ▼ 77 · 15m · جلسة ممتدة
11:52 KSA · PRE     · signal     · FITB · meanRev ▲ 65 · 1d · جلسة ممتدة
11:52 KSA · PRE     · signal     · EXC · meanRev ▲ 65 · 1d · جلسة ممتدة
11:52 KSA · PRE     · signal     · EXC · sqzExp ▼ 75 · 1d · جلسة ممتدة
11:52 KSA · PRE     · signal     · EXPE · brk ▼ 68 · 1d · جلسة ممتدة
11:52 KSA · PRE     · signal     · EXPE · sqzExp ▼ 63 · 1d · جلسة ممتدة
11:52 KSA · PRE     · signal     · HBAN · sqzExp ▼ 91 · 1d · جلسة ممتدة
11:52 KSA · PRE     · signal     · EXR · brk ▼ 82 · 1d · جلسة ممتدة
11:52 KSA · PRE     · signal     · FE · meanRev ▲ 65 · 1d · جلسة ممتدة
11:52 KSA · PRE     · signal     · FE · sqzExp ▼ 81 · 1d · جلسة ممتدة
11:52 KSA · PRE     · signal     · ES · brk ▼ 82 · 1d · جلسة ممتدة
11:52 KSA · PRE     · signal     · ES · meanRev ▲ 65 · 1d · جلسة ممتدة
11:52 KSA · PRE     · signal     · ES · sqzExp ▼ 100 · 1d · جلسة ممتدة
11:52 KSA · PRE     · signal     · EVRG · sqzExp ▼ 81 · 1d · جلسة ممتدة
11:52 KSA · PRE     · signal     · GEN · brk ▼ 66 · 1d · جلسة ممتدة
11:52 KSA · PRE     · signal     · GEN · meanRev ▲ 68 · 1d · جلسة ممتدة
11:52 KSA · PRE     · signal     · HAS · brk ▼ 55 · 1d · جلسة ممتدة
11:52 KSA · PRE     · signal     · ERIE · meanRev ▲ 70 · 1d · جلسة ممتدة
11:52 KSA · PRE     · signal     · HRL · brk ▼ 84 · 1d · جلسة ممتدة
11:52 KSA · PRE     · signal     · FRT · meanRev ▲ 60 · 1d · جلسة ممتدة
11:53 KSA · PRE     · scanner    · بدء المسح · 1154 رمزاً · الجلسة PRE
11:53 KSA · PRE     · scanner    · ساعة التأكيد مثبَّتة على شمعة 08:30Z (من cbar)
11:54 KSA · PRE     · scanner    · بدء المسح · 1154 رمزاً · الجلسة PRE
11:54 KSA · PRE     · scanner    · ساعة التأكيد مثبَّتة على شمعة 08:30Z (من cbar)
11:56 KSA · PRE     · scanner    · بدء المسح · 1154 رمزاً · الجلسة PRE
11:56 KSA · PRE     · scanner    · ساعة التأكيد مثبَّتة على شمعة 08:30Z (من cbar)
11:58 KSA · PRE     · scanner    · بدء المسح · 1154 رمزاً · الجلسة PRE
11:58 KSA · PRE     · scanner    · ساعة التأكيد مثبَّتة على شمعة 08:30Z (من cbar)
12:00 KSA · PRE     · scanner    · بدء المسح · 1154 رمزاً · الجلسة PRE
12:00 KSA · PRE     · scanner    · ساعة التأكيد مثبَّتة على شمعة 08:45Z (من cbar)
12:00 KSA · PRE     · signal     · GOOG · meanRev ▲ 68 · 15m · جلسة ممتدة
12:00 KSA · PRE     · signal     · WMT · volSpike ▲ 83 · 15m · جلسة ممتدة
12:00 KSA · PRE     · signal     · COST · orb ▲ 60 · 15m · جلسة ممتدة
12:00 KSA · PRE     · signal     · COST · meanRev ▼ 88 · 15m · جلسة ممتدة
12:00 KSA · PRE     · signal     · AMAT · orb ▼ 75 · 15m · جلسة ممتدة
12:00 KSA · PRE     · signal     · PM · orb ▲ 94 · 15m · جلسة ممتدة
12:00 KSA · PRE     · signal     · APH · vwapRec ▲ 85 · 15m · جلسة ممتدة
12:00 KSA · PRE     · signal     · ABT · volSpike ▲ 89 · 15m · جلسة ممتدة
12:00 KSA · PRE     · signal     · DDOG · brk ▼ 67 · 15m · جلسة ممتدة
12:00 KSA · PRE     · signal     · NXPI · orb ▼ 70 · 15m · جلسة ممتدة
12:00 KSA · PRE     · signal     · VST · volSpike ▼ 83 · 15m · جلسة ممتدة
12:00 KSA · PRE     · signal     · CRCLB-USD · pbTrend ▲ 71 · 1h
12:00 KSA · PRE     · signal     · SPCXB-USD · momo ▼ 64 · 1h
12:00 KSA · PRE     · signal     · MSTRB-USD · pbTrend ▲ 64 · 1h
12:00 KSA · PRE     · signal     · BNCB-USD · vwapRec ▲ 92 · 15m
12:00 KSA · PRE     · signal     · UNI-USD · momo ▼ 61 · 1h
12:00 KSA · PRE     · signal     · PUMP-USD · volSpike ▼ 75 · 15m
12:00 KSA · PRE     · signal     · HOLO-USD · orb ▲ 100 · 15m
12:00 KSA · PRE     · signal     · ASTER-USD · volSpike ▼ 88 · 15m
12:01 KSA · PRE     · scanner    · بدء المسح · 1154 رمزاً · الجلسة PRE
12:01 KSA · PRE     · scanner    · ساعة التأكيد مثبَّتة على شمعة 08:45Z (من cbar)
12:02 KSA · PRE     · scanner    · بدء المسح · 1154 رمزاً · الجلسة PRE
12:02 KSA · PRE     · scanner    · ساعة التأكيد مثبَّتة على شمعة 08:45Z (من cbar)
12:04 KSA · PRE     · scanner    · بدء المسح · 1154 رمزاً · الجلسة PRE
12:04 KSA · PRE     · scanner    · ساعة التأكيد مثبَّتة على شمعة 08:45Z (من cbar)
12:08 KSA · PRE     · scanner    · بدء المسح · 1154 رمزاً · الجلسة PRE
12:08 KSA · PRE     · scanner    · ساعة التأكيد مثبَّتة على شمعة 08:45Z (من cbar)
12:10 KSA · PRE     · scanner    · بدء المسح · 1154 رمزاً · الجلسة PRE
12:10 KSA · PRE     · scanner    · ساعة التأكيد مثبَّتة على شمعة 08:45Z (من cbar)
12:12 KSA · PRE     · scanner    · بدء المسح · 1154 رمزاً · الجلسة PRE
12:12 KSA · PRE     · scanner    · ساعة التأكيد مثبَّتة على شمعة 08:45Z (من cbar)
12:14 KSA · PRE     · scanner    · بدء المسح · 1154 رمزاً · الجلسة PRE
12:14 KSA · PRE     · scanner    · ساعة التأكيد مثبَّتة على شمعة 08:45Z (من cbar)
12:15 KSA · PRE     · scanner    · بدء المسح · 1154 رمزاً · الجلسة PRE
12:15 KSA · PRE     · scanner    · ساعة التأكيد مثبَّتة على شمعة 09:00Z (من cbar)
12:15 KSA · PRE     · signal     · TSLA · brk ▼ 61 · 15m · جلسة ممتدة
12:15 KSA · PRE     · signal     · AMD · brk ▼ 66 · 15m · جلسة ممتدة
12:15 KSA · PRE     · signal     · ETH-USD · orb ▼ 68 · 15m
12:15 KSA · PRE     · signal     · PANW · vwapRec ▲ 100 · 15m · جلسة ممتدة
12:15 KSA · PRE     · signal     · PANW · volSpike ▲ 78 · 15m · جلسة ممتدة
12:15 KSA · PRE     · signal     · MRVL · brk ▼ 73 · 15m · جلسة ممتدة
12:15 KSA · PRE     · signal     · QCOM · meanRev ▲ 55 · 15m · جلسة ممتدة
12:15 KSA · PRE     · signal     · APH · meanRev ▲ 57 · 15m · جلسة ممتدة
12:15 KSA · PRE     · signal     · ADI · orb ▼ 57 · 15m · جلسة ممتدة
12:15 KSA · PRE     · signal     · WDC · orb ▼ 73 · 15m · جلسة ممتدة
12:15 KSA · PRE     · signal     · VLO · orb ▲ 73 · 15m · جلسة ممتدة
12:15 KSA · PRE     · signal     · BNB-USD · rsiDiv ▼ 69 · 15m
12:15 KSA · PRE     · signal     · DDOG · orb ▼ 69 · 15m · جلسة ممتدة
12:15 KSA · PRE     · signal     · CDNS · orb ▼ 82 · 15m · جلسة ممتدة
12:15 KSA · PRE     · signal     · LITE · orb ▼ 85 · 15m · جلسة ممتدة
12:15 KSA · PRE     · signal     · VST · orb ▼ 93 · 15m · جلسة ممتدة
12:15 KSA · PRE     · signal     · LHX · vwapRec ▲ 75 · 15m · جلسة ممتدة
12:15 KSA · PRE     · signal     · TRX-USD · brk ▼ 80 · 15m
12:15 KSA · PRE     · signal     · XLM-USD · brk ▲ 70 · 15m
12:15 KSA · PRE     · signal     · ONDO-USD · rsiDiv ▼ 81 · 15m
12:15 KSA · PRE     · signal     · WLD-USD · brk ▲ 64 · 15m
12:15 KSA · PRE     · signal     · REZ-USD · vwapRec ▲ 85 · 15m
12:15 KSA · PRE     · signal     · UNI-USD · brk ▲ 64 · 15m
12:15 KSA · PRE     · signal     · 牛来-USD · volSpike ▲ 86 · 15m
12:15 KSA · PRE     · signal     · TAO-USD · orb ▲ 60 · 15m
12:15 KSA · PRE     · signal     · THE-USD · orb ▼ 78 · 15m
12:15 KSA · PRE     · signal     · THE-USD · meanRev ▲ 100 · 15m
12:16 KSA · PRE     · scanner    · بدء المسح · 1154 رمزاً · الجلسة PRE
12:16 KSA · PRE     · scanner    · ساعة التأكيد مثبَّتة على شمعة 09:00Z (من cbar)
12:18 KSA · PRE     · scanner    · بدء المسح · 1154 رمزاً · الجلسة PRE
12:18 KSA · PRE     · scanner    · ساعة التأكيد مثبَّتة على شمعة 09:00Z (من cbar)
12:22 KSA · PRE     · scanner    · بدء المسح · 1154 رمزاً · الجلسة PRE
12:22 KSA · PRE     · scanner    · ساعة التأكيد مثبَّتة على شمعة 09:00Z (من cbar)
12:22 KSA · PRE     · signal     · KEYS · meanRev ▼ 78 · 1d · جلسة ممتدة
12:22 KSA · PRE     · signal     · KEYS · sqzExp ▲ 69 · 1d · جلسة ممتدة
12:22 KSA · PRE     · signal     · NTRS · sqzExp ▼ 63 · 1d · جلسة ممتدة
12:22 KSA · PRE     · signal     · MTB · brk ▼ 66 · 1d · جلسة ممتدة
12:22 KSA · PRE     · signal     · MTB · meanRev ▲ 57 · 1d · جلسة ممتدة
12:22 KSA · PRE     · signal     · MTB · sqzExp ▼ 66 · 1d · جلسة ممتدة
12:22 KSA · PRE     · signal     · LH · meanRev ▲ 85 · 1d · جلسة ممتدة
12:22 KSA · PRE     · signal     · KEY · meanRev ▲ 65 · 1d · جلسة ممتدة
12:22 KSA · PRE     · signal     · KEY · sqzExp ▼ 84 · 1d · جلسة ممتدة
12:22 KSA · PRE     · signal     · L · sqzExp ▼ 91 · 1d · جلسة ممتدة
12:22 KSA · PRE     · signal     · NI · brk ▼ 87 · 1d · جلسة ممتدة
12:22 KSA · PRE     · signal     · NI · meanRev ▲ 73 · 1d · جلسة ممتدة
12:22 KSA · PRE     · signal     · NI · sqzExp ▼ 100 · 1d · جلسة ممتدة
12:22 KSA · PRE     · signal     · NWS · brk ▼ 58 · 1d · جلسة ممتدة
12:22 KSA · PRE     · signal     · NWS · meanRev ▲ 85 · 1d · جلسة ممتدة
12:22 KSA · PRE     · signal     · NWSA · brk ▼ 79 · 1d · جلسة ممتدة
12:22 KSA · PRE     · signal     · NWSA · meanRev ▲ 73 · 1d · جلسة ممتدة
12:22 KSA · PRE     · signal     · NWSA · sqzExp ▼ 69 · 1d · جلسة ممتدة
12:22 KSA · PRE     · signal     · JKHY · sqzExp ▼ 59 · 1d · جلسة ممتدة
12:22 KSA · PRE     · signal     · TAP · sqzExp ▼ 63 · 1d · جلسة ممتدة
12:24 KSA · PRE     · scanner    · بدء المسح · 1154 رمزاً · الجلسة PRE
12:24 KSA · PRE     · scanner    · ساعة التأكيد مثبَّتة على شمعة 09:00Z (من cbar)
12:26 KSA · PRE     · scanner    · بدء المسح · 1154 رمزاً · الجلسة PRE
12:26 KSA · PRE     · scanner    · ساعة التأكيد مثبَّتة على شمعة 09:00Z (من cbar)
12:28 KSA · PRE     · scanner    · بدء المسح · 1154 رمزاً · الجلسة PRE
12:28 KSA · PRE     · scanner    · ساعة التأكيد مثبَّتة على شمعة 09:00Z (من cbar)
12:30 KSA · PRE     · scanner    · بدء المسح · 1154 رمزاً · الجلسة PRE
12:30 KSA · PRE     · scanner    · ساعة التأكيد مثبَّتة على شمعة 09:15Z (من cbar)
12:30 KSA · PRE     · signal     · HD · orb ▼ 93 · 15m · جلسة ممتدة
12:30 KSA · PRE     · signal     · CIEN · brk ▼ 91 · 15m · جلسة ممتدة
12:30 KSA · PRE     · signal     · XLM-USD · volSpike ▼ 72 · 15m
12:30 KSA · PRE     · signal     · T-USD · vwapRec ▲ 85 · 15m
12:30 KSA · PRE     · signal     · HEMI-USD · vwapRec ▲ 75 · 15m
12:30 KSA · PRE     · signal     · HOLO-USD · brk ▼ 66 · 15m
12:30 KSA · PRE     · signal     · BANK-USD · meanRev ▲ 78 · 15m
12:31 KSA · PRE     · scanner    · بدء المسح · 1154 رمزاً · الجلسة PRE
12:31 KSA · PRE     · scanner    · ساعة التأكيد مثبَّتة على شمعة 09:15Z (من cbar)
12:32 KSA · PRE     · scanner    · بدء المسح · 1154 رمزاً · الجلسة PRE
12:32 KSA · PRE     · scanner    · ساعة التأكيد مثبَّتة على شمعة 09:15Z (من cbar)
12:34 KSA · PRE     · scanner    · بدء المسح · 1154 رمزاً · الجلسة PRE
12:34 KSA · PRE     · scanner    · ساعة التأكيد مثبَّتة على شمعة 09:15Z (من cbar)
12:38 KSA · PRE     · scanner    · بدء المسح · 1154 رمزاً · الجلسة PRE
12:38 KSA · PRE     · scanner    · ساعة التأكيد مثبَّتة على شمعة 09:15Z (من cbar)
12:40 KSA · PRE     · scanner    · بدء المسح · 1154 رمزاً · الجلسة PRE
12:40 KSA · PRE     · scanner    · ساعة التأكيد مثبَّتة على شمعة 09:15Z (من cbar)
12:42 KSA · PRE     · scanner    · بدء المسح · 1154 رمزاً · الجلسة PRE
12:42 KSA · PRE     · scanner    · ساعة التأكيد مثبَّتة على شمعة 09:15Z (من cbar)
12:44 KSA · PRE     · scanner    · بدء المسح · 1154 رمزاً · الجلسة PRE
12:44 KSA · PRE     · scanner    · ساعة التأكيد مثبَّتة على شمعة 09:15Z (من cbar)
12:45 KSA · PRE     · scanner    · بدء المسح · 1154 رمزاً · الجلسة PRE
12:45 KSA · PRE     · scanner    · ساعة التأكيد مثبَّتة على شمعة 09:30Z (من cbar)
12:45 KSA · PRE     · signal     · CAT · orb ▼ 75 · 15m · جلسة ممتدة
12:45 KSA · PRE     · signal     · APH · vwapRec ▲ 78 · 15m · جلسة ممتدة
12:45 KSA · PRE     · signal     · CRM · vwapRec ▲ 78 · 15m · جلسة ممتدة
12:45 KSA · PRE     · signal     · APP · orb ▼ 85 · 15m · جلسة ممتدة
12:45 KSA · PRE     · signal     · ZEC-USD · orb ▼ 80 · 15m
12:45 KSA · PRE     · signal     · XLM-USD · brk ▼ 86 · 15m
12:45 KSA · PRE     · signal     · XLM-USD · meanRev ▲ 85 · 15m
12:45 KSA · PRE     · signal     · DASH-USD · vwapRec ▲ 100 · 15m
12:45 KSA · PRE     · signal     · ETHFI-USD · brk ▲ 55 · 15m
12:45 KSA · PRE     · signal     · XPL-USD · brk ▼ 100 · 15m
12:45 KSA · PRE     · signal     · XPL-USD · meanRev ▲ 85 · 15m
12:45 KSA · PRE     · signal     · XPL-USD · volSpike ▼ 83 · 15m
12:45 KSA · PRE     · signal     · T-USD · volSpike ▼ 78 · 15m
12:45 KSA · PRE     · signal     · SUI-USD · meanRev ▲ 100 · 15m
12:46 KSA · PRE     · scanner    · بدء المسح · 1154 رمزاً · الجلسة PRE
12:46 KSA · PRE     · scanner    · ساعة التأكيد مثبَّتة على شمعة 09:30Z (من cbar)
12:48 KSA · PRE     · scanner    · بدء المسح · 1154 رمزاً · الجلسة PRE
12:48 KSA · PRE     · scanner    · ساعة التأكيد مثبَّتة على شمعة 09:30Z (من cbar)
12:51 KSA · PRE     · scanner    · بدء المسح · 1154 رمزاً · الجلسة PRE
12:51 KSA · PRE     · scanner    · ساعة التأكيد مثبَّتة على شمعة 09:30Z (من cbar)
12:53 KSA · PRE     · scanner    · بدء المسح · 1154 رمزاً · الجلسة PRE
12:53 KSA · PRE     · scanner    · ساعة التأكيد مثبَّتة على شمعة 09:30Z (من cbar)
12:54 KSA · PRE     · scanner    · بدء المسح · 1154 رمزاً · الجلسة PRE
12:54 KSA · PRE     · scanner    · ساعة التأكيد مثبَّتة على شمعة 09:30Z (من cbar)
12:56 KSA · PRE     · scanner    · بدء المسح · 1154 رمزاً · الجلسة PRE
12:56 KSA · PRE     · scanner    · ساعة التأكيد مثبَّتة على شمعة 09:30Z (من cbar)
12:58 KSA · PRE     · scanner    · بدء المسح · 1154 رمزاً · الجلسة PRE
12:58 KSA · PRE     · scanner    · ساعة التأكيد مثبَّتة على شمعة 09:30Z (من cbar)
13:00 KSA · PRE     · scanner    · بدء المسح · 1154 رمزاً · الجلسة PRE
13:00 KSA · PRE     · scanner    · ساعة التأكيد مثبَّتة على شمعة 09:45Z (من cbar)
13:00 KSA · PRE     · signal     · KO · orb ▲ 75 · 15m · جلسة ممتدة
13:00 KSA · PRE     · signal     · T-USD · vwapRec ▼ 57 · 15m
13:00 KSA · PRE     · signal     · REZ-USD · volSpike ▼ 67 · 15m
13:00 KSA · PRE     · signal     · TAO-USD · brk ▼ 80 · 15m
13:00 KSA · PRE     · signal     · TAO-USD · meanRev ▲ 85 · 15m
13:00 KSA · PRE     · signal     · HOLO-USD · momo ▼ 67 · 1h
13:00 KSA · PRE     · signal     · PENGU-USD · volSpike ▲ 75 · 15m
13:00 KSA · PRE     · signal     · ASTER-USD · orb ▲ 60 · 15m
13:01 KSA · PRE     · scanner    · بدء المسح · 1154 رمزاً · الجلسة PRE
13:01 KSA · PRE     · scanner    · ساعة التأكيد مثبَّتة على شمعة 09:45Z (من cbar)
13:02 KSA · PRE     · scanner    · بدء المسح · 1154 رمزاً · الجلسة PRE
13:02 KSA · PRE     · scanner    · ساعة التأكيد مثبَّتة على شمعة 09:45Z (من cbar)
13:04 KSA · PRE     · scanner    · بدء المسح · 1154 رمزاً · الجلسة PRE
13:04 KSA · PRE     · scanner    · ساعة التأكيد مثبَّتة على شمعة 09:45Z (من cbar)
13:08 KSA · PRE     · scanner    · بدء المسح · 1154 رمزاً · الجلسة PRE
13:08 KSA · PRE     · scanner    · ساعة التأكيد مثبَّتة على شمعة 09:45Z (من cbar)
13:10 KSA · PRE     · scanner    · بدء المسح · 1154 رمزاً · الجلسة PRE
13:10 KSA · PRE     · scanner    · ساعة التأكيد مثبَّتة على شمعة 09:45Z (من cbar)
13:12 KSA · PRE     · scanner    · بدء المسح · 1154 رمزاً · الجلسة PRE
13:12 KSA · PRE     · scanner    · ساعة التأكيد مثبَّتة على شمعة 09:45Z (من cbar)
13:14 KSA · PRE     · scanner    · بدء المسح · 1154 رمزاً · الجلسة PRE
13:14 KSA · PRE     · scanner    · ساعة التأكيد مثبَّتة على شمعة 09:45Z (من cbar)
13:15 KSA · PRE     · scanner    · بدء المسح · 1154 رمزاً · الجلسة PRE
13:15 KSA · PRE     · scanner    · ساعة التأكيد مثبَّتة على شمعة 10:00Z (من cbar)
13:15 KSA · PRE     · signal     · TXN · orb ▼ 65 · 15m · جلسة ممتدة
13:16 KSA · PRE     · scanner    · بدء المسح · 1154 رمزاً · الجلسة PRE
13:16 KSA · PRE     · scanner    · ساعة التأكيد مثبَّتة على شمعة 10:00Z (من cbar)
13:18 KSA · PRE     · scanner    · بدء المسح · 1154 رمزاً · الجلسة PRE
13:18 KSA · PRE     · scanner    · ساعة التأكيد مثبَّتة على شمعة 10:00Z (من cbar)
13:22 KSA · PRE     · scanner    · بدء المسح · 1154 رمزاً · الجلسة PRE
13:22 KSA · PRE     · scanner    · ساعة التأكيد مثبَّتة على شمعة 10:00Z (من cbar)
13:22 KSA · PRE     · signal     · SO · sqzExp ▼ 84 · 1d · جلسة ممتدة
13:22 KSA · PRE     · signal     · PNC · sqzExp ▼ 59 · 1d · جلسة ممتدة
13:22 KSA · PRE     · signal     · RCL · volSpike ▼ 89 · 1d · جلسة ممتدة
13:22 KSA · PRE     · signal     · OKE · brk ▼ 71 · 1d · جلسة ممتدة
13:22 KSA · PRE     · signal     · PCG · brk ▼ 87 · 1d · جلسة ممتدة
13:23 KSA · PRE     · scanner    · بدء المسح · 1154 رمزاً · الجلسة PRE
13:23 KSA · PRE     · scanner    · ساعة التأكيد مثبَّتة على شمعة 10:00Z (من cbar)
13:24 KSA · PRE     · scanner    · بدء المسح · 1154 رمزاً · الجلسة PRE
13:24 KSA · PRE     · scanner    · ساعة التأكيد مثبَّتة على شمعة 10:00Z (من cbar)
13:26 KSA · PRE     · scanner    · بدء المسح · 1154 رمزاً · الجلسة PRE
13:26 KSA · PRE     · scanner    · ساعة التأكيد مثبَّتة على شمعة 10:00Z (من cbar)
13:28 KSA · PRE     · scanner    · بدء المسح · 1154 رمزاً · الجلسة PRE
13:28 KSA · PRE     · scanner    · ساعة التأكيد مثبَّتة على شمعة 10:00Z (من cbar)
13:30 KSA · PRE     · scanner    · بدء المسح · 1154 رمزاً · الجلسة PRE
13:30 KSA · PRE     · scanner    · ساعة التأكيد مثبَّتة على شمعة 10:15Z (من cbar)
13:30 KSA · PRE     · signal     · AAPL · vwapRec ▲ 63 · 15m · جلسة ممتدة
13:30 KSA · PRE     · signal     · INJ-USD · orb ▲ 55 · 15m
13:31 KSA · PRE     · scanner    · بدء المسح · 1154 رمزاً · الجلسة PRE
13:31 KSA · PRE     · scanner    · ساعة التأكيد مثبَّتة على شمعة 10:15Z (من cbar)
13:32 KSA · PRE     · scanner    · بدء المسح · 1154 رمزاً · الجلسة PRE
13:32 KSA · PRE     · scanner    · ساعة التأكيد مثبَّتة على شمعة 10:15Z (من cbar)
13:34 KSA · PRE     · scanner    · بدء المسح · 1154 رمزاً · الجلسة PRE
13:34 KSA · PRE     · scanner    · ساعة التأكيد مثبَّتة على شمعة 10:15Z (من cbar)
13:39 KSA · PRE     · scanner    · بدء المسح · 1154 رمزاً · الجلسة PRE
13:39 KSA · PRE     · scanner    · ساعة التأكيد مثبَّتة على شمعة 10:15Z (من cbar)
13:40 KSA · PRE     · scanner    · بدء المسح · 1154 رمزاً · الجلسة PRE
13:40 KSA · PRE     · scanner    · ساعة التأكيد مثبَّتة على شمعة 10:15Z (من cbar)
13:42 KSA · PRE     · scanner    · بدء المسح · 1154 رمزاً · الجلسة PRE
13:42 KSA · PRE     · scanner    · ساعة التأكيد مثبَّتة على شمعة 10:15Z (من cbar)
13:44 KSA · PRE     · scanner    · بدء المسح · 1154 رمزاً · الجلسة PRE
13:44 KSA · PRE     · scanner    · ساعة التأكيد مثبَّتة على شمعة 10:15Z (من cbar)
13:45 KSA · PRE     · scanner    · بدء المسح · 1154 رمزاً · الجلسة PRE
13:45 KSA · PRE     · scanner    · ساعة التأكيد مثبَّتة على شمعة 10:30Z (من cbar)
13:45 KSA · PRE     · signal     · GILD · orb ▼ 69 · 15m · جلسة ممتدة
13:45 KSA · PRE     · signal     · NXPI · brk ▲ 64 · 15m · جلسة ممتدة
13:45 KSA · PRE     · signal     · HPQ · vwapRec ▲ 93 · 15m · جلسة ممتدة
13:45 KSA · PRE     · signal     · SPCXB-USD · rsiDiv ▼ 61 · 15m
13:45 KSA · PRE     · signal     · THE-USD · vwapRec ▼ 73 · 15m
13:46 KSA · PRE     · scanner    · بدء المسح · 1154 رمزاً · الجلسة PRE
13:46 KSA · PRE     · scanner    · ساعة التأكيد مثبَّتة على شمعة 10:30Z (من cbar)
13:48 KSA · PRE     · scanner    · بدء المسح · 1154 رمزاً · الجلسة PRE
13:48 KSA · PRE     · scanner    · ساعة التأكيد مثبَّتة على شمعة 10:30Z (من cbar)
13:52 KSA · PRE     · scanner    · بدء المسح · 1154 رمزاً · الجلسة PRE
13:52 KSA · PRE     · scanner    · ساعة التأكيد مثبَّتة على شمعة 10:30Z (من cbar)
13:52 KSA · PRE     · signal     · USB · brk ▼ 55 · 1d · جلسة ممتدة
13:52 KSA · PRE     · signal     · USB · sqzExp ▼ 66 · 1d · جلسة ممتدة
13:52 KSA · PRE     · signal     · TEL · meanRev ▼ 70 · 1d · جلسة ممتدة
13:52 KSA · PRE     · signal     · TFC · brk ▼ 79 · 1d · جلسة ممتدة
13:52 KSA · PRE     · signal     · TFC · meanRev ▲ 70 · 1d · جلسة ممتدة
13:52 KSA · PRE     · signal     · TFC · sqzExp ▼ 94 · 1d · جلسة ممتدة
13:52 KSA · PRE     · signal     · WEC · sqzExp ▼ 100 · 1d · جلسة ممتدة
13:52 KSA · PRE     · signal     · WRB · sqzExp ▼ 78 · 1d · جلسة ممتدة
13:52 KSA · PRE     · signal     · TPL · brk ▼ 74 · 1d · جلسة ممتدة
13:52 KSA · PRE     · signal     · TXT · meanRev ▲ 57 · 1d · جلسة ممتدة
13:53 KSA · PRE     · scanner    · بدء المسح · 1154 رمزاً · الجلسة PRE
13:53 KSA · PRE     · scanner    · ساعة التأكيد مثبَّتة على شمعة 10:30Z (من cbar)
13:54 KSA · PRE     · scanner    · بدء المسح · 1154 رمزاً · الجلسة PRE
13:54 KSA · PRE     · scanner    · ساعة التأكيد مثبَّتة على شمعة 10:30Z (من cbar)
13:56 KSA · PRE     · scanner    · بدء المسح · 1154 رمزاً · الجلسة PRE
13:56 KSA · PRE     · scanner    · ساعة التأكيد مثبَّتة على شمعة 10:30Z (من cbar)
13:58 KSA · PRE     · scanner    · بدء المسح · 1154 رمزاً · الجلسة PRE
13:58 KSA · PRE     · scanner    · ساعة التأكيد مثبَّتة على شمعة 10:30Z (من cbar)
14:00 KSA · PRE     · scanner    · بدء المسح · 1154 رمزاً · الجلسة PRE
14:00 KSA · PRE     · scanner    · ساعة التأكيد مثبَّتة على شمعة 10:45Z (من cbar)
14:00 KSA · PRE     · signal     · LLY · vwapRec ▼ 75 · 15m · جلسة ممتدة
14:00 KSA · PRE     · signal     · T · volSpike ▼ 78 · 15m · جلسة ممتدة
14:00 KSA · PRE     · signal     · NEM · volSpike ▼ 78 · 15m · جلسة ممتدة
14:00 KSA · PRE     · signal     · ON · vwapRec ▼ 60 · 15m · جلسة ممتدة
14:00 KSA · PRE     · signal     · T-USD · pbTrend ▲ 74 · 1h
14:00 KSA · PRE     · signal     · ARK-USD · meanRev ▼ 65 · 15m
14:00 KSA · PRE     · signal     · SOXLB-USD · pbTrend ▲ 81 · 1h
14:00 KSA · PRE     · signal     · U-USD · rsiDiv ▼ 69 · 1h
14:00 KSA · PRE     · signal     · 牛来-USD · sqzExp ▼ 83 · 1h
14:00 KSA · PRE     · signal     · ASTER-USD · vwapRec ▼ 68 · 15m
14:01 KSA · PRE     · scanner    · بدء المسح · 1154 رمزاً · الجلسة PRE
14:01 KSA · PRE     · scanner    · ساعة التأكيد مثبَّتة على شمعة 10:45Z (من cbar)
14:02 KSA · PRE     · scanner    · بدء المسح · 1154 رمزاً · الجلسة PRE
14:02 KSA · PRE     · scanner    · ساعة التأكيد مثبَّتة على شمعة 10:45Z (من cbar)
14:04 KSA · PRE     · scanner    · بدء المسح · 1154 رمزاً · الجلسة PRE
14:04 KSA · PRE     · scanner    · ساعة التأكيد مثبَّتة على شمعة 10:45Z (من cbar)
14:08 KSA · PRE     · scanner    · بدء المسح · 1154 رمزاً · الجلسة PRE
14:08 KSA · PRE     · scanner    · ساعة التأكيد مثبَّتة على شمعة 10:45Z (من cbar)
14:10 KSA · PRE     · scanner    · بدء المسح · 1154 رمزاً · الجلسة PRE
14:10 KSA · PRE     · scanner    · ساعة التأكيد مثبَّتة على شمعة 10:45Z (من cbar)
14:12 KSA · PRE     · scanner    · بدء المسح · 1154 رمزاً · الجلسة PRE
14:12 KSA · PRE     · scanner    · ساعة التأكيد مثبَّتة على شمعة 10:45Z (من cbar)
14:14 KSA · PRE     · scanner    · بدء المسح · 1154 رمزاً · الجلسة PRE
14:14 KSA · PRE     · scanner    · ساعة التأكيد مثبَّتة على شمعة 10:45Z (من cbar)
14:15 KSA · PRE     · scanner    · بدء المسح · 1154 رمزاً · الجلسة PRE
14:15 KSA · PRE     · scanner    · ساعة التأكيد مثبَّتة على شمعة 11:00Z (من cbar)
14:15 KSA · PRE     · signal     · GOOGL · meanRev ▲ 68 · 15m · جلسة ممتدة
14:15 KSA · PRE     · signal     · GOOG · meanRev ▲ 68 · 15m · جلسة ممتدة
14:15 KSA · PRE     · signal     · MPC · vwapRec ▼ 68 · 15m · جلسة ممتدة
14:15 KSA · PRE     · signal     · BNB-USD · orb ▲ 85 · 15m
14:15 KSA · PRE     · signal     · KKR · vwapRec ▼ 70 · 15m · جلسة ممتدة
14:15 KSA · PRE     · signal     · CMI · orb ▼ 70 · 15m · جلسة ممتدة
14:15 KSA · PRE     · signal     · CMI · vwapRec ▲ 60 · 15m · جلسة ممتدة
14:15 KSA · PRE     · signal     · HONA · brk ▼ 64 · 15m · جلسة ممتدة
14:15 KSA · PRE     · signal     · CIEN · vwapRec ▲ 70 · 15m · جلسة ممتدة
14:15 KSA · PRE     · signal     · SNXXB-USD · vwapRec ▼ 75 · 15m
14:16 KSA · PRE     · scanner    · بدء المسح · 1154 رمزاً · الجلسة PRE
14:16 KSA · PRE     · scanner    · ساعة التأكيد مثبَّتة على شمعة 11:00Z (من cbar)
14:18 KSA · PRE     · scanner    · بدء المسح · 1154 رمزاً · الجلسة PRE
14:18 KSA · PRE     · scanner    · ساعة التأكيد مثبَّتة على شمعة 11:00Z (من cbar)
14:22 KSA · PRE     · scanner    · بدء المسح · 1154 رمزاً · الجلسة PRE
14:22 KSA · PRE     · scanner    · ساعة التأكيد مثبَّتة على شمعة 11:00Z (من cbar)
14:23 KSA · PRE     · scanner    · بدء المسح · 1154 رمزاً · الجلسة PRE
14:23 KSA · PRE     · scanner    · ساعة التأكيد مثبَّتة على شمعة 11:00Z (من cbar)
14:24 KSA · PRE     · scanner    · بدء المسح · 1154 رمزاً · الجلسة PRE
14:24 KSA · PRE     · scanner    · ساعة التأكيد مثبَّتة على شمعة 11:00Z (من cbar)
14:26 KSA · PRE     · scanner    · بدء المسح · 1154 رمزاً · الجلسة PRE
14:26 KSA · PRE     · scanner    · ساعة التأكيد مثبَّتة على شمعة 11:00Z (من cbar)
14:28 KSA · PRE     · scanner    · بدء المسح · 1154 رمزاً · الجلسة PRE
14:28 KSA · PRE     · scanner    · ساعة التأكيد مثبَّتة على شمعة 11:00Z (من cbar)
14:30 KSA · PRE     · scanner    · بدء المسح · 1154 رمزاً · الجلسة PRE
14:30 KSA · PRE     · scanner    · ساعة التأكيد مثبَّتة على شمعة 11:15Z (من cbar)
14:30 KSA · PRE     · signal     · ORCL · volSpike ▼ 89 · 15m · جلسة ممتدة
14:30 KSA · PRE     · signal     · CAT · vwapRec ▼ 75 · 15m · جلسة ممتدة
14:30 KSA · PRE     · signal     · ADP · orb ▲ 65 · 15m · جلسة ممتدة
14:30 KSA · PRE     · signal     · ADBE · meanRev ▲ 55 · 15m · جلسة ممتدة
14:30 KSA · PRE     · signal     · ADSK · vwapRec ▼ 85 · 15m · جلسة ممتدة
14:30 KSA · PRE     · signal     · SMCI · volSpike ▼ 78 · 15m · جلسة ممتدة
14:30 KSA · PRE     · signal     · HOLO-USD · vwapRec ▼ 68 · 15m
14:31 KSA · PRE     · scanner    · بدء المسح · 1154 رمزاً · الجلسة PRE
14:31 KSA · PRE     · scanner    · ساعة التأكيد مثبَّتة على شمعة 11:15Z (من cbar)
14:32 KSA · PRE     · scanner    · بدء المسح · 1154 رمزاً · الجلسة PRE
14:32 KSA · PRE     · scanner    · ساعة التأكيد مثبَّتة على شمعة 11:15Z (من cbar)
14:34 KSA · PRE     · scanner    · بدء المسح · 1154 رمزاً · الجلسة PRE
14:34 KSA · PRE     · scanner    · ساعة التأكيد مثبَّتة على شمعة 11:15Z (من cbar)
14:39 KSA · PRE     · scanner    · بدء المسح · 1154 رمزاً · الجلسة PRE
14:39 KSA · PRE     · scanner    · ساعة التأكيد مثبَّتة على شمعة 11:15Z (من cbar)
14:40 KSA · PRE     · scanner    · بدء المسح · 1154 رمزاً · الجلسة PRE
14:40 KSA · PRE     · scanner    · ساعة التأكيد مثبَّتة على شمعة 11:15Z (من cbar)
14:42 KSA · PRE     · scanner    · بدء المسح · 1154 رمزاً · الجلسة PRE
14:42 KSA · PRE     · scanner    · ساعة التأكيد مثبَّتة على شمعة 11:15Z (من cbar)
14:44 KSA · PRE     · scanner    · بدء المسح · 1154 رمزاً · الجلسة PRE
14:44 KSA · PRE     · scanner    · ساعة التأكيد مثبَّتة على شمعة 11:15Z (من cbar)
14:45 KSA · PRE     · scanner    · بدء المسح · 1154 رمزاً · الجلسة PRE
14:45 KSA · PRE     · scanner    · ساعة التأكيد مثبَّتة على شمعة 11:30Z (من cbar)
14:45 KSA · PRE     · signal     · CRM · vwapRec ▲ 85 · 15m · جلسة ممتدة
14:45 KSA · PRE     · signal     · PFE · brk ▲ 70 · 15m · جلسة ممتدة
14:45 KSA · PRE     · signal     · COP · meanRev ▼ 70 · 15m · جلسة ممتدة
14:45 KSA · PRE     · signal     · 牛来-USD · brk ▼ 82 · 15m
14:45 KSA · PRE     · signal     · 牛来-USD · meanRev ▲ 71 · 15m
14:45 KSA · PRE     · signal     · PEPE-USD · pbTrend ▲ 57 · 1h
14:46 KSA · PRE     · scanner    · بدء المسح · 1154 رمزاً · الجلسة PRE
14:46 KSA · PRE     · scanner    · ساعة التأكيد مثبَّتة على شمعة 11:30Z (من cbar)
14:48 KSA · PRE     · scanner    · بدء المسح · 1154 رمزاً · الجلسة PRE
14:48 KSA · PRE     · scanner    · ساعة التأكيد مثبَّتة على شمعة 11:30Z (من cbar)
14:50 KSA · PRE     · scanner    · بدء المسح · 1154 رمزاً · الجلسة PRE
14:50 KSA · PRE     · scanner    · ساعة التأكيد مثبَّتة على شمعة 11:30Z (من cbar)
14:52 KSA · PRE     · scanner    · بدء المسح · 1154 رمزاً · الجلسة PRE
14:52 KSA · PRE     · scanner    · ساعة التأكيد مثبَّتة على شمعة 11:30Z (من cbar)
14:52 KSA · PRE     · signal     · ADP · meanRev ▲ 93 · 15m · جلسة ممتدة
14:54 KSA · PRE     · scanner    · بدء المسح · 1154 رمزاً · الجلسة PRE
14:54 KSA · PRE     · scanner    · ساعة التأكيد مثبَّتة على شمعة 11:30Z (من cbar)
14:56 KSA · PRE     · scanner    · بدء المسح · 1154 رمزاً · الجلسة PRE
14:56 KSA · PRE     · scanner    · ساعة التأكيد مثبَّتة على شمعة 11:30Z (من cbar)
14:58 KSA · PRE     · scanner    · بدء المسح · 1154 رمزاً · الجلسة PRE
14:58 KSA · PRE     · scanner    · ساعة التأكيد مثبَّتة على شمعة 11:30Z (من cbar)
15:00 KSA · PRE     · scanner    · بدء المسح · 1154 رمزاً · الجلسة PRE
15:00 KSA · PRE     · scanner    · ساعة التأكيد مثبَّتة على شمعة 11:30Z (من cbar)
15:01 KSA · PRE     · scanner    · بدء المسح · 1154 رمزاً · الجلسة PRE
15:01 KSA · PRE     · scanner    · ساعة التأكيد مثبَّتة على شمعة 11:45Z (من cbar)
15:01 KSA · PRE     · signal     · JPM · meanRev ▲ 60 · 15m · جلسة ممتدة
15:01 KSA · PRE     · signal     · T · volSpike ▼ 67 · 15m · جلسة ممتدة
15:01 KSA · PRE     · signal     · MPC · orb ▲ 73 · 15m · جلسة ممتدة
15:01 KSA · PRE     · signal     · MPC · vwapRec ▲ 55 · 15m · جلسة ممتدة
15:01 KSA · PRE     · signal     · NXPI · brk ▲ 64 · 15m · جلسة ممتدة
15:01 KSA · PRE     · signal     · CIEN · vwapRec ▲ 85 · 15m · جلسة ممتدة
15:01 KSA · PRE     · signal     · MCHP · brk ▼ 67 · 15m · جلسة ممتدة
15:01 KSA · PRE     · signal     · TRX-USD · momo ▼ 83 · 1h
15:01 KSA · PRE     · signal     · NEAR-USD · vwapRec ▼ 75 · 15m
15:01 KSA · PRE     · signal     · CVC-USD · meanRev ▼ 60 · 15m
15:01 KSA · PRE     · signal     · THE-USD · orb ▲ 90 · 15m
15:01 KSA · PRE     · signal     · THE-USD · vwapRec ▲ 88 · 15m
15:01 KSA · PRE     · signal     · PUMP-USD · sqzExp ▲ 70 · 1h
15:01 KSA · PRE     · signal     · HOLO-USD · pbTrend ▲ 64 · 1h
15:02 KSA · PRE     · scanner    · بدء المسح · 1154 رمزاً · الجلسة PRE
15:02 KSA · PRE     · scanner    · ساعة التأكيد مثبَّتة على شمعة 11:45Z (من cbar)
15:04 KSA · PRE     · scanner    · بدء المسح · 1154 رمزاً · الجلسة PRE
15:04 KSA · PRE     · scanner    · ساعة التأكيد مثبَّتة على شمعة 11:45Z (من cbar)
15:06 KSA · PRE     · scanner    · بدء المسح · 1154 رمزاً · الجلسة PRE
15:06 KSA · PRE     · scanner    · ساعة التأكيد مثبَّتة على شمعة 11:45Z (من cbar)
15:09 KSA · PRE     · scanner    · بدء المسح · 1154 رمزاً · الجلسة PRE
15:09 KSA · PRE     · scanner    · ساعة التأكيد مثبَّتة على شمعة 11:45Z (من cbar)
15:10 KSA · PRE     · scanner    · بدء المسح · 1154 رمزاً · الجلسة PRE
15:10 KSA · PRE     · scanner    · ساعة التأكيد مثبَّتة على شمعة 11:45Z (من cbar)
15:12 KSA · PRE     · scanner    · بدء المسح · 1154 رمزاً · الجلسة PRE
15:12 KSA · PRE     · scanner    · ساعة التأكيد مثبَّتة على شمعة 11:45Z (من cbar)
15:14 KSA · PRE     · scanner    · بدء المسح · 1154 رمزاً · الجلسة PRE
15:14 KSA · PRE     · scanner    · ساعة التأكيد مثبَّتة على شمعة 11:45Z (من cbar)
15:15 KSA · PRE     · scanner    · بدء المسح · 1154 رمزاً · الجلسة PRE
15:15 KSA · PRE     · scanner    · ساعة التأكيد مثبَّتة على شمعة 12:00Z (من cbar)
15:15 KSA · PRE     · signal     · LIN · meanRev ▼ 57 · 15m · جلسة ممتدة
15:15 KSA · PRE     · signal     · QCOM · vwapRec ▼ 75 · 15m · جلسة ممتدة
15:15 KSA · PRE     · signal     · VRTX · meanRev ▼ 75 · 15m · جلسة ممتدة
15:15 KSA · PRE     · signal     · LHX · vwapRec ▲ 75 · 15m · جلسة ممتدة
15:15 KSA · PRE     · signal     · WLD-USD · orb ▲ 90 · 15m
15:16 KSA · PRE     · scanner    · بدء المسح · 1154 رمزاً · الجلسة PRE
15:16 KSA · PRE     · scanner    · ساعة التأكيد مثبَّتة على شمعة 12:00Z (من cbar)
15:18 KSA · PRE     · scanner    · بدء المسح · 1154 رمزاً · الجلسة PRE
15:18 KSA · PRE     · scanner    · ساعة التأكيد مثبَّتة على شمعة 12:00Z (من cbar)
15:20 KSA · PRE     · scanner    · بدء المسح · 1154 رمزاً · الجلسة PRE
15:20 KSA · PRE     · scanner    · ساعة التأكيد مثبَّتة على شمعة 12:00Z (من cbar)
15:22 KSA · PRE     · scanner    · بدء المسح · 1154 رمزاً · الجلسة PRE
15:22 KSA · PRE     · scanner    · ساعة التأكيد مثبَّتة على شمعة 12:00Z (من cbar)
15:24 KSA · PRE     · scanner    · بدء المسح · 1154 رمزاً · الجلسة PRE
15:24 KSA · PRE     · scanner    · ساعة التأكيد مثبَّتة على شمعة 12:00Z (من cbar)
15:26 KSA · PRE     · scanner    · بدء المسح · 1154 رمزاً · الجلسة PRE
15:26 KSA · PRE     · scanner    · ساعة التأكيد مثبَّتة على شمعة 12:00Z (من cbar)
15:28 KSA · PRE     · scanner    · بدء المسح · 1154 رمزاً · الجلسة PRE
15:28 KSA · PRE     · scanner    · ساعة التأكيد مثبَّتة على شمعة 12:00Z (من cbar)
15:30 KSA · PRE     · scanner    · بدء المسح · 1154 رمزاً · الجلسة PRE
15:30 KSA · PRE     · scanner    · ساعة التأكيد مثبَّتة على شمعة 12:00Z (من cbar)
15:31 KSA · PRE     · scanner    · بدء المسح · 1154 رمزاً · الجلسة PRE
15:31 KSA · PRE     · scanner    · ساعة التأكيد مثبَّتة على شمعة 12:15Z (من cbar)
15:31 KSA · PRE     · signal     · TMUS · brk ▲ 73 · 15m · جلسة ممتدة
15:31 KSA · PRE     · signal     · FIX · vwapRec ▼ 75 · 15m · جلسة ممتدة
15:32 KSA · PRE     · scanner    · بدء المسح · 1154 رمزاً · الجلسة PRE
15:32 KSA · PRE     · scanner    · ساعة التأكيد مثبَّتة على شمعة 12:15Z (من cbar)
15:34 KSA · PRE     · scanner    · بدء المسح · 1154 رمزاً · الجلسة PRE
15:34 KSA · PRE     · scanner    · ساعة التأكيد مثبَّتة على شمعة 12:15Z (من cbar)
15:36 KSA · PRE     · scanner    · بدء المسح · 1154 رمزاً · الجلسة PRE
15:36 KSA · PRE     · scanner    · ساعة التأكيد مثبَّتة على شمعة 12:15Z (من cbar)
15:39 KSA · PRE     · scanner    · بدء المسح · 1154 رمزاً · الجلسة PRE
15:39 KSA · PRE     · scanner    · ساعة التأكيد مثبَّتة على شمعة 12:15Z (من cbar)
15:40 KSA · PRE     · scanner    · بدء المسح · 1154 رمزاً · الجلسة PRE
15:40 KSA · PRE     · scanner    · ساعة التأكيد مثبَّتة على شمعة 12:15Z (من cbar)
15:42 KSA · PRE     · scanner    · بدء المسح · 1154 رمزاً · الجلسة PRE
15:42 KSA · PRE     · scanner    · ساعة التأكيد مثبَّتة على شمعة 12:15Z (من cbar)
15:44 KSA · PRE     · scanner    · بدء المسح · 1154 رمزاً · الجلسة PRE
15:44 KSA · PRE     · scanner    · ساعة التأكيد مثبَّتة على شمعة 12:15Z (من cbar)
15:45 KSA · PRE     · scanner    · بدء المسح · 1154 رمزاً · الجلسة PRE
15:45 KSA · PRE     · scanner    · ساعة التأكيد مثبَّتة على شمعة 12:30Z (من cbar)
15:45 KSA · PRE     · signal     · LLY · vwapRec ▲ 63 · 15m · جلسة ممتدة
15:45 KSA · PRE     · signal     · CAT · brk ▼ 82 · 15m · جلسة ممتدة
15:45 KSA · PRE     · signal     · KLAC · vwapRec ▼ 60 · 15m · جلسة ممتدة
15:45 KSA · PRE     · signal     · GILD · vwapRec ▲ 63 · 15m · جلسة ممتدة
15:45 KSA · PRE     · signal     · KMB · orb ▲ 65 · 15m · جلسة ممتدة
15:45 KSA · PRE     · signal     · XAUT-USD · volSpike ▲ 78 · 15m
15:45 KSA · PRE     · signal     · PENDLE-USD · brk ▲ 82 · 15m
15:45 KSA · PRE     · signal     · PUMP-USD · rsiDiv ▼ 72 · 15m
15:45 KSA · PRE     · signal     · BANK-USD · momo ▼ 67 · 1h
15:46 KSA · PRE     · scanner    · بدء المسح · 1154 رمزاً · الجلسة PRE
15:46 KSA · PRE     · scanner    · ساعة التأكيد مثبَّتة على شمعة 12:30Z (من cbar)
15:48 KSA · PRE     · scanner    · بدء المسح · 1154 رمزاً · الجلسة PRE
15:48 KSA · PRE     · scanner    · ساعة التأكيد مثبَّتة على شمعة 12:30Z (من cbar)
15:52 KSA · PRE     · scanner    · بدء المسح · 1154 رمزاً · الجلسة PRE
15:52 KSA · PRE     · scanner    · ساعة التأكيد مثبَّتة على شمعة 12:30Z (من cbar)
15:52 KSA · PRE     · signal     · MCHP · vwapRec ▼ 62 · 15m · جلسة ممتدة
15:52 KSA · PRE     · signal     · NOM-USD · meanRev ▼ 60 · 1d
15:52 KSA · PRE     · signal     · NOM-USD · sqzExp ▲ 78 · 1d
15:53 KSA · PRE     · scanner    · بدء المسح · 1154 رمزاً · الجلسة PRE
15:53 KSA · PRE     · scanner    · ساعة التأكيد مثبَّتة على شمعة 12:30Z (من cbar)
15:54 KSA · PRE     · scanner    · بدء المسح · 1154 رمزاً · الجلسة PRE
15:54 KSA · PRE     · scanner    · ساعة التأكيد مثبَّتة على شمعة 12:30Z (من cbar)
15:56 KSA · PRE     · scanner    · بدء المسح · 1154 رمزاً · الجلسة PRE
15:56 KSA · PRE     · scanner    · ساعة التأكيد مثبَّتة على شمعة 12:30Z (من cbar)
15:58 KSA · PRE     · scanner    · بدء المسح · 1154 رمزاً · الجلسة PRE
15:58 KSA · PRE     · scanner    · ساعة التأكيد مثبَّتة على شمعة 12:30Z (من cbar)
16:00 KSA · PRE     · scanner    · بدء المسح · 1154 رمزاً · الجلسة PRE
16:00 KSA · PRE     · scanner    · ساعة التأكيد مثبَّتة على شمعة 12:30Z (من cbar)
16:01 KSA · PRE     · scanner    · بدء المسح · 1154 رمزاً · الجلسة PRE
16:01 KSA · PRE     · scanner    · ساعة التأكيد مثبَّتة على شمعة 12:45Z (من cbar)
16:01 KSA · PRE     · signal     · NEM · vwapRec ▼ 68 · 15m · جلسة ممتدة
16:01 KSA · PRE     · signal     · SNXXB-USD · vwapRec ▼ 68 · 15m
16:02 KSA · PRE     · scanner    · بدء المسح · 1154 رمزاً · الجلسة PRE
16:02 KSA · PRE     · scanner    · ساعة التأكيد مثبَّتة على شمعة 12:45Z (من cbar)
16:04 KSA · PRE     · scanner    · بدء المسح · 1154 رمزاً · الجلسة PRE
16:04 KSA · PRE     · scanner    · ساعة التأكيد مثبَّتة على شمعة 12:45Z (من cbar)
16:08 KSA · PRE     · scanner    · بدء المسح · 1154 رمزاً · الجلسة PRE
16:08 KSA · PRE     · scanner    · ساعة التأكيد مثبَّتة على شمعة 12:45Z (من cbar)
16:10 KSA · PRE     · scanner    · بدء المسح · 1154 رمزاً · الجلسة PRE
16:10 KSA · PRE     · scanner    · ساعة التأكيد مثبَّتة على شمعة 12:45Z (من cbar)
16:12 KSA · PRE     · scanner    · بدء المسح · 1154 رمزاً · الجلسة PRE
16:12 KSA · PRE     · scanner    · ساعة التأكيد مثبَّتة على شمعة 12:45Z (من cbar)
16:14 KSA · PRE     · scanner    · بدء المسح · 1154 رمزاً · الجلسة PRE
16:14 KSA · PRE     · scanner    · ساعة التأكيد مثبَّتة على شمعة 12:45Z (من cbar)
16:15 KSA · PRE     · scanner    · بدء المسح · 1154 رمزاً · الجلسة PRE
16:15 KSA · PRE     · scanner    · ساعة التأكيد مثبَّتة على شمعة 13:00Z (من cbar)
16:15 KSA · PRE     · signal     · PWR · orb ▼ 80 · 15m · جلسة ممتدة
16:15 KSA · PRE     · signal     · NXPI · vwapRec ▼ 76 · 15m · جلسة ممتدة
16:15 KSA · PRE     · signal     · MCHP · meanRev ▲ 78 · 15m · جلسة ممتدة
16:15 KSA · PRE     · signal     · AAVE-USD · vwapRec ▼ 60 · 15m
16:15 KSA · PRE     · signal     · HOLO-USD · orb ▲ 75 · 15m
16:15 KSA · PRE     · signal     · BANK-USD · volSpike ▲ 69 · 15m
16:16 KSA · PRE     · scanner    · بدء المسح · 1154 رمزاً · الجلسة PRE
16:16 KSA · PRE     · scanner    · ساعة التأكيد مثبَّتة على شمعة 13:00Z (من cbar)
16:18 KSA · PRE     · scanner    · بدء المسح · 1154 رمزاً · الجلسة PRE
16:18 KSA · PRE     · scanner    · ساعة التأكيد مثبَّتة على شمعة 13:00Z (من cbar)
16:22 KSA · PRE     · scanner    · بدء المسح · 1154 رمزاً · الجلسة PRE
16:22 KSA · PRE     · scanner    · ساعة التأكيد مثبَّتة على شمعة 13:00Z (من cbar)
16:23 KSA · PRE     · scanner    · بدء المسح · 1154 رمزاً · الجلسة PRE
16:23 KSA · PRE     · scanner    · ساعة التأكيد مثبَّتة على شمعة 13:00Z (من cbar)
16:24 KSA · PRE     · scanner    · بدء المسح · 1154 رمزاً · الجلسة PRE
16:24 KSA · PRE     · scanner    · ساعة التأكيد مثبَّتة على شمعة 13:00Z (من cbar)
16:26 KSA · PRE     · scanner    · بدء المسح · 1154 رمزاً · الجلسة PRE
16:26 KSA · PRE     · scanner    · ساعة التأكيد مثبَّتة على شمعة 13:00Z (من cbar)
16:28 KSA · PRE     · scanner    · بدء المسح · 1154 رمزاً · الجلسة PRE
16:28 KSA · PRE     · scanner    · ساعة التأكيد مثبَّتة على شمعة 13:00Z (من cbar)
16:30 KSA · REGULAR · scanner    · بدء المسح · 1154 رمزاً · الجلسة REGULAR
16:30 KSA · REGULAR · scanner    · ساعة التأكيد مثبَّتة على شمعة 13:15Z (من cbar)
16:30 KSA · REGULAR · signal     · BAC · volSpike ▼ 89 · 15m
16:30 KSA · REGULAR · signal     · LTC-USD · meanRev ▼ 65 · 15m
16:30 KSA · REGULAR · signal     · DASH-USD · brk ▲ 84 · 15m
16:30 KSA · REGULAR · signal     · SNXXB-USD · vwapRec ▼ 60 · 15m
16:30 KSA · REGULAR · signal     · PENGU-USD · vwapRec ▼ 68 · 15m
16:31 KSA · REGULAR · scanner    · بدء المسح · 1154 رمزاً · الجلسة REGULAR
16:31 KSA · REGULAR · scanner    · ساعة التأكيد مثبَّتة على شمعة 13:15Z (من cbar)
16:32 KSA · REGULAR · scanner    · بدء المسح · 1154 رمزاً · الجلسة REGULAR
16:32 KSA · REGULAR · scanner    · ساعة التأكيد مثبَّتة على شمعة 13:15Z (من cbar)
16:34 KSA · REGULAR · scanner    · بدء المسح · 1154 رمزاً · الجلسة REGULAR
16:34 KSA · REGULAR · scanner    · ساعة التأكيد مثبَّتة على شمعة 13:15Z (من cbar)
16:38 KSA · REGULAR · scanner    · بدء المسح · 1154 رمزاً · الجلسة REGULAR
16:38 KSA · REGULAR · scanner    · ساعة التأكيد مثبَّتة على شمعة 13:15Z (من cbar)
16:40 KSA · REGULAR · scanner    · بدء المسح · 1154 رمزاً · الجلسة REGULAR
16:40 KSA · REGULAR · scanner    · ساعة التأكيد مثبَّتة على شمعة 13:15Z (من cbar)
16:42 KSA · REGULAR · scanner    · بدء المسح · 1154 رمزاً · الجلسة REGULAR
16:42 KSA · REGULAR · scanner    · ساعة التأكيد مثبَّتة على شمعة 13:15Z (من cbar)
16:44 KSA · REGULAR · scanner    · بدء المسح · 1154 رمزاً · الجلسة REGULAR
16:44 KSA · REGULAR · scanner    · ساعة التأكيد مثبَّتة على شمعة 13:15Z (من cbar)
16:45 KSA · REGULAR · scanner    · بدء المسح · 1154 رمزاً · الجلسة REGULAR
16:45 KSA · REGULAR · scanner    · ساعة التأكيد مثبَّتة على شمعة 13:30Z (من cbar)
16:45 KSA · REGULAR · signal     · NVDA · meanRev ▲ 68 · 15m
16:45 KSA · REGULAR · signal     · AAPL · brk ▲ 66 · 15m
16:45 KSA · REGULAR · signal     · MSFT · brk ▲ 77 · 15m
16:45 KSA · REGULAR · signal     · MSFT · volSpike ▼ 67 · 15m
16:45 KSA · REGULAR · signal     · META · volSpike ▼ 56 · 15m
16:45 KSA · REGULAR · signal     · BRK-B · volSpike ▼ 89 · 15m
16:45 KSA · REGULAR · signal     · LLY · brk ▲ 68 · 15m
16:45 KSA · REGULAR · signal     · JPM · meanRev ▲ 60 · 15m
16:45 KSA · REGULAR · signal     · WMT · volSpike ▲ 72 · 15m
16:45 KSA · REGULAR · signal     · V · volSpike ▲ 83 · 15m
16:45 KSA · REGULAR · signal     · INTC · volSpike ▲ 83 · 15m
16:45 KSA · REGULAR · signal     · KO · brk ▲ 77 · 15m
16:45 KSA · REGULAR · signal     · LRCX · volSpike ▲ 78 · 15m
16:45 KSA · REGULAR · signal     · AMAT · meanRev ▲ 78 · 15m
16:45 KSA · REGULAR · signal     · CAT · meanRev ▲ 85 · 15m
16:45 KSA · REGULAR · signal     · CAT · volSpike ▲ 56 · 15m
16:45 KSA · REGULAR · signal     · DELL · meanRev ▲ 85 · 15m
16:45 KSA · REGULAR · signal     · PANW · sqzExp ▲ 68 · 1h
16:45 KSA · REGULAR · signal     · PM · meanRev ▼ 73 · 15m
16:45 KSA · REGULAR · signal     · PM · momo ▲ 69 · 1h
16:45 KSA · REGULAR · signal     · SNDK · meanRev ▲ 68 · 15m
16:45 KSA · REGULAR · signal     · WFC · sqzExp ▼ 65 · 1h
16:45 KSA · REGULAR · signal     · AMGN · volSpike ▼ 67 · 15m
16:45 KSA · REGULAR · signal     · QCOM · meanRev ▲ 73 · 15m
16:45 KSA · REGULAR · signal     · QCOM · rsiDiv ▼ 89 · 1h
16:45 KSA · REGULAR · signal     · APH · brk ▼ 77 · 15m
16:45 KSA · REGULAR · signal     · APH · meanRev ▲ 100 · 15m
16:45 KSA · REGULAR · signal     · VZ · volSpike ▼ 61 · 15m
16:45 KSA · REGULAR · signal     · ADI · brk ▲ 77 · 15m
16:45 KSA · REGULAR · signal     · DIS · brk ▲ 70 · 15m
16:45 KSA · REGULAR · signal     · DIS · meanRev ▼ 80 · 15m
16:45 KSA · REGULAR · signal     · T · volSpike ▼ 78 · 15m
16:45 KSA · REGULAR · signal     · BLK · brk ▼ 89 · 15m
16:45 KSA · REGULAR · signal     · MCD · meanRev ▼ 60 · 15m
16:45 KSA · REGULAR · signal     · ETN · brk ▼ 73 · 15m
16:45 KSA · REGULAR · signal     · PFE · meanRev ▼ 55 · 15m
16:45 KSA · REGULAR · signal     · PFE · volSpike ▲ 83 · 15m
16:45 KSA · REGULAR · signal     · PFE · momo ▲ 92 · 1h
16:45 KSA · REGULAR · signal     · COP · meanRev ▼ 78 · 15m
16:45 KSA · REGULAR · signal     · COP · volSpike ▼ 72 · 15m
16:45 KSA · REGULAR · signal     · NOW · volSpike ▼ 67 · 15m
16:45 KSA · REGULAR · signal     · VRTX · brk ▼ 55 · 15m
16:45 KSA · REGULAR · signal     · MDT · volSpike ▼ 78 · 15m
16:45 KSA · REGULAR · signal     · LOW · brk ▼ 89 · 15m
16:45 KSA · REGULAR · signal     · ADP · volSpike ▲ 72 · 15m
16:45 KSA · REGULAR · signal     · FCX · meanRev ▲ 65 · 15m
16:45 KSA · REGULAR · signal     · ADBE · meanRev ▲ 63 · 15m
16:45 KSA · REGULAR · signal     · DDOG · brk ▼ 80 · 15m
16:45 KSA · REGULAR · signal     · DDOG · meanRev ▲ 57 · 15m
16:45 KSA · REGULAR · signal     · MDLZ · momo ▲ 94 · 1h
16:45 KSA · REGULAR · signal     · INTU · brk ▼ 95 · 15m
16:45 KSA · REGULAR · signal     · NSC · volSpike ▼ 72 · 15m
16:45 KSA · REGULAR · signal     · BSX · volSpike ▼ 56 · 15m
16:45 KSA · REGULAR · signal     · NXPI · brk ▲ 77 · 15m
16:45 KSA · REGULAR · signal     · NXPI · volSpike ▲ 61 · 15m
16:45 KSA · REGULAR · signal     · NXPI · momo ▲ 75 · 1h
16:45 KSA · REGULAR · signal     · FIX · brk ▲ 55 · 15m
16:45 KSA · REGULAR · signal     · FIX · meanRev ▲ 78 · 15m
16:45 KSA · REGULAR · signal     · FIX · volSpike ▼ 67 · 15m
16:45 KSA · REGULAR · signal     · NKE · volSpike ▼ 61 · 15m
16:45 KSA · REGULAR · signal     · VST · momo ▼ 92 · 1h
16:45 KSA · REGULAR · signal     · ADSK · meanRev ▲ 65 · 15m
16:45 KSA · REGULAR · signal     · MCHP · meanRev ▲ 85 · 15m
16:45 KSA · REGULAR · signal     · SWKS · volSpike ▲ 72 · 15m
16:45 KSA · REGULAR · signal     · HBAR-USD · meanRev ▼ 57 · 15m
16:45 KSA · REGULAR · signal     · OP-USD · meanRev ▼ 88 · 15m
16:45 KSA · REGULAR · signal     · XPL-USD · orb ▼ 70 · 15m
16:45 KSA · REGULAR · signal     · QQQB-USD · pbTrend ▲ 67 · 1h
16:45 KSA · REGULAR · signal     · UNI-USD · vwapRec ▼ 75 · 15m
16:45 KSA · REGULAR · signal     · TAO-USD · vwapRec ▼ 75 · 15m
16:45 KSA · REGULAR · signal     · HOLO-USD · meanRev ▼ 85 · 15m
16:46 KSA · REGULAR · scanner    · بدء المسح · 1154 رمزاً · الجلسة REGULAR
16:46 KSA · REGULAR · scanner    · ساعة التأكيد مثبَّتة على شمعة 13:30Z (من cbar)
16:48 KSA · REGULAR · scanner    · بدء المسح · 1154 رمزاً · الجلسة REGULAR
16:48 KSA · REGULAR · scanner    · ساعة التأكيد مثبَّتة على شمعة 13:30Z (من cbar)
16:52 KSA · REGULAR · scanner    · بدء المسح · 1154 رمزاً · الجلسة REGULAR
16:52 KSA · REGULAR · scanner    · ساعة التأكيد مثبَّتة على شمعة 13:30Z (من cbar)
16:52 KSA · REGULAR · signal     · ATM-USD · meanRev ▲ 70 · 1d
16:53 KSA · REGULAR · scanner    · بدء المسح · 1154 رمزاً · الجلسة REGULAR
16:53 KSA · REGULAR · scanner    · ساعة التأكيد مثبَّتة على شمعة 13:30Z (من cbar)
16:54 KSA · REGULAR · scanner    · بدء المسح · 1154 رمزاً · الجلسة REGULAR
16:54 KSA · REGULAR · scanner    · ساعة التأكيد مثبَّتة على شمعة 13:30Z (من cbar)
16:56 KSA · REGULAR · scanner    · بدء المسح · 1154 رمزاً · الجلسة REGULAR
16:56 KSA · REGULAR · scanner    · ساعة التأكيد مثبَّتة على شمعة 13:30Z (من cbar)
16:58 KSA · REGULAR · scanner    · بدء المسح · 1154 رمزاً · الجلسة REGULAR
16:58 KSA · REGULAR · scanner    · ساعة التأكيد مثبَّتة على شمعة 13:30Z (من cbar)
17:00 KSA · REGULAR · scanner    · بدء المسح · 1154 رمزاً · الجلسة REGULAR
17:00 KSA · REGULAR · scanner    · ساعة التأكيد مثبَّتة على شمعة 13:45Z (من cbar)
17:00 KSA · REGULAR · signal     · AAPL · vwapRec ▲ 68 · 15m
17:00 KSA · REGULAR · signal     · V · brk ▼ 77 · 15m
17:00 KSA · REGULAR · signal     · INTC · meanRev ▼ 85 · 15m
17:00 KSA · REGULAR · signal     · ABBV · vwapRec ▲ 78 · 15m
17:00 KSA · REGULAR · signal     · TXN · vwapRec ▼ 60 · 15m
17:00 KSA · REGULAR · signal     · IBM · vwapRec ▲ 75 · 15m
17:00 KSA · REGULAR · signal     · QCOM · volSpike ▲ 56 · 15m
17:00 KSA · REGULAR · signal     · ADI · vwapRec ▼ 60 · 15m
17:00 KSA · REGULAR · signal     · PEP · meanRev ▼ 65 · 15m
17:00 KSA · REGULAR · signal     · PGR · vwapRec ▼ 65 · 15m
17:00 KSA · REGULAR · signal     · APP · volSpike ▼ 72 · 15m
17:00 KSA · REGULAR · signal     · PWR · volSpike ▲ 89 · 15m
17:00 KSA · REGULAR · signal     · LITE · brk ▼ 68 · 15m
17:00 KSA · REGULAR · signal     · CMCSA · vwapRec ▲ 75 · 15m
17:00 KSA · REGULAR · signal     · CMCSA · brk ▼ 100 · 15m
17:00 KSA · REGULAR · signal     · MRNA · volSpike ▲ 94 · 15m
17:00 KSA · REGULAR · signal     · HON · vwapRec ▼ 73 · 15m
17:00 KSA · REGULAR · signal     · MPWR · vwapRec ▼ 60 · 15m
17:00 KSA · REGULAR · signal     · AZO · brk ▼ 55 · 15m
17:00 KSA · REGULAR · signal     · ADSK · vwapRec ▲ 68 · 15m
17:00 KSA · REGULAR · signal     · FET-USD · sqzExp ▼ 60 · 1h
17:00 KSA · REGULAR · signal     · SPCXB-USD · vwapRec ▼ 57 · 15m
17:00 KSA · REGULAR · signal     · HEMI-USD · momo ▲ 56 · 1h
17:00 KSA · REGULAR · signal     · HOLO-USD · brk ▼ 57 · 15m
17:00 KSA · REGULAR · signal     · PENGU-USD · vwapRec ▲ 93 · 15m
17:00 KSA · REGULAR · signal     · ASTER-USD · vwapRec ▲ 68 · 15m
17:01 KSA · REGULAR · scanner    · بدء المسح · 1154 رمزاً · الجلسة REGULAR
17:01 KSA · REGULAR · scanner    · ساعة التأكيد مثبَّتة على شمعة 13:45Z (من cbar)
17:02 KSA · REGULAR · scanner    · بدء المسح · 1154 رمزاً · الجلسة REGULAR
17:02 KSA · REGULAR · scanner    · ساعة التأكيد مثبَّتة على شمعة 13:45Z (من cbar)
17:04 KSA · REGULAR · scanner    · بدء المسح · 1154 رمزاً · الجلسة REGULAR
17:04 KSA · REGULAR · scanner    · ساعة التأكيد مثبَّتة على شمعة 13:45Z (من cbar)
17:09 KSA · REGULAR · scanner    · بدء المسح · 1154 رمزاً · الجلسة REGULAR
17:09 KSA · REGULAR · scanner    · ساعة التأكيد مثبَّتة على شمعة 13:45Z (من cbar)
17:10 KSA · REGULAR · scanner    · بدء المسح · 1154 رمزاً · الجلسة REGULAR
17:10 KSA · REGULAR · scanner    · ساعة التأكيد مثبَّتة على شمعة 13:45Z (من cbar)
17:12 KSA · REGULAR · scanner    · بدء المسح · 1154 رمزاً · الجلسة REGULAR
17:12 KSA · REGULAR · scanner    · ساعة التأكيد مثبَّتة على شمعة 13:45Z (من cbar)
17:14 KSA · REGULAR · scanner    · بدء المسح · 1154 رمزاً · الجلسة REGULAR
17:14 KSA · REGULAR · scanner    · ساعة التأكيد مثبَّتة على شمعة 13:45Z (من cbar)
17:15 KSA · REGULAR · scanner    · بدء المسح · 1154 رمزاً · الجلسة REGULAR
17:15 KSA · REGULAR · scanner    · ساعة التأكيد مثبَّتة على شمعة 14:00Z (من cbar)
17:15 KSA · REGULAR · signal     · MSFT · meanRev ▲ 60 · 15m
17:15 KSA · REGULAR · signal     · WMT · brk ▲ 70 · 15m
17:15 KSA · REGULAR · signal     · MA · orb ▲ 65 · 15m
17:15 KSA · REGULAR · signal     · MA · brk ▼ 55 · 15m
17:15 KSA · REGULAR · signal     · PLTR · tfAlign ▲ 82 · 1d
17:15 KSA · REGULAR · signal     · MRK · meanRev ▼ 60 · 15m
17:15 KSA · REGULAR · signal     · HD · orb ▼ 100 · 15m
17:15 KSA · REGULAR · signal     · TMO · orb ▲ 95 · 15m
17:15 KSA · REGULAR · signal     · PFE · orb ▲ 100 · 15m
17:15 KSA · REGULAR · signal     · BX · volSpike ▼ 61 · 15m
17:15 KSA · REGULAR · signal     · FTNT · vwapRec ▲ 60 · 15m
17:15 KSA · REGULAR · signal     · PH · orb ▲ 83 · 15m
17:15 KSA · REGULAR · signal     · HON · orb ▲ 68 · 15m
17:15 KSA · REGULAR · signal     · AON · vwapRec ▲ 68 · 15m
17:15 KSA · REGULAR · signal     · LHX · orb ▲ 80 · 15m
17:15 KSA · REGULAR · signal     · KVUE · rsiDiv ▲ 72 · 15m
17:15 KSA · REGULAR · signal     · MTL-USD · meanRev ▼ 73 · 15m
17:15 KSA · REGULAR · signal     · BNCB-USD · volSpike ▲ 75 · 15m
17:16 KSA · REGULAR · scanner    · بدء المسح · 1154 رمزاً · الجلسة REGULAR
17:16 KSA · REGULAR · scanner    · ساعة التأكيد مثبَّتة على شمعة 14:00Z (من cbar)
17:18 KSA · REGULAR · scanner    · بدء المسح · 1154 رمزاً · الجلسة REGULAR
17:18 KSA · REGULAR · scanner    · ساعة التأكيد مثبَّتة على شمعة 14:00Z (من cbar)
17:22 KSA · REGULAR · scanner    · بدء المسح · 1154 رمزاً · الجلسة REGULAR
17:22 KSA · REGULAR · scanner    · ساعة التأكيد مثبَّتة على شمعة 14:00Z (من cbar)
17:23 KSA · REGULAR · scanner    · بدء المسح · 1154 رمزاً · الجلسة REGULAR
17:23 KSA · REGULAR · scanner    · ساعة التأكيد مثبَّتة على شمعة 14:00Z (من cbar)
17:24 KSA · REGULAR · scanner    · بدء المسح · 1154 رمزاً · الجلسة REGULAR
17:24 KSA · REGULAR · scanner    · ساعة التأكيد مثبَّتة على شمعة 14:00Z (من cbar)
17:26 KSA · REGULAR · scanner    · بدء المسح · 1154 رمزاً · الجلسة REGULAR
17:26 KSA · REGULAR · scanner    · ساعة التأكيد مثبَّتة على شمعة 14:00Z (من cbar)
17:28 KSA · REGULAR · scanner    · بدء المسح · 1154 رمزاً · الجلسة REGULAR
17:28 KSA · REGULAR · scanner    · ساعة التأكيد مثبَّتة على شمعة 14:00Z (من cbar)
17:30 KSA · REGULAR · scanner    · بدء المسح · 1154 رمزاً · الجلسة REGULAR
17:30 KSA · REGULAR · scanner    · ساعة التأكيد مثبَّتة على شمعة 14:15Z (من cbar)
17:30 KSA · REGULAR · signal     · GOOGL · rsiDiv ▲ 56 · 15m
17:30 KSA · REGULAR · signal     · GOOG · rsiDiv ▲ 67 · 15m
17:30 KSA · REGULAR · signal     · MSFT · pbTrend ▲ 76 · 1h
17:30 KSA · REGULAR · signal     · AMZN · sqzExp ▼ 70 · 1h
17:30 KSA · REGULAR · signal     · AMZN · momo ▼ 83 · 1h
17:30 KSA · REGULAR · signal     · AVGO · sqzExp ▼ 70 · 1h
17:30 KSA · REGULAR · signal     · MU · pbTrend ▲ 90 · 1h
17:30 KSA · REGULAR · signal     · JPM · rsiDiv ▼ 61 · 15m
17:30 KSA · REGULAR · signal     · WMT · rsiDiv ▼ 67 · 15m
17:30 KSA · REGULAR · signal     · XOM · sqzExp ▲ 63 · 1h
17:30 KSA · REGULAR · signal     · JNJ · sqzExp ▲ 68 · 1h
17:30 KSA · REGULAR · signal     · COST · sqzExp ▲ 65 · 1h
17:30 KSA · REGULAR · signal     · KO · sqzExp ▲ 83 · 1h
17:30 KSA · REGULAR · signal     · UNH · rsiDiv ▲ 67 · 15m
17:30 KSA · REGULAR · signal     · PM · sqzExp ▲ 78 · 1h
17:30 KSA · REGULAR · signal     · ANET · rsiDiv ▼ 72 · 15m
17:30 KSA · REGULAR · signal     · GEV · rsiDiv ▲ 58 · 15m
17:30 KSA · REGULAR · signal     · WFC · momo ▼ 81 · 1h
17:30 KSA · REGULAR · signal     · C · momo ▼ 61 · 1h
17:30 KSA · REGULAR · signal     · IBM · sqzExp ▲ 63 · 1h
17:30 KSA · REGULAR · signal     · APH · vwapRec ▼ 68 · 15m
17:30 KSA · REGULAR · signal     · VZ · momo ▲ 72 · 1h
17:30 KSA · REGULAR · signal     · DIS · sqzExp ▲ 75 · 1h
17:30 KSA · REGULAR · signal     · DIS · momo ▲ 64 · 1h
17:30 KSA · REGULAR · signal     · TMUS · rsiDiv ▲ 69 · 15m
17:30 KSA · REGULAR · signal     · T · momo ▲ 61 · 1h
17:30 KSA · REGULAR · signal     · SCHW · sqzExp ▼ 65 · 1h
17:30 KSA · REGULAR · signal     · ETN · pbTrend ▲ 74 · 1h
17:30 KSA · REGULAR · signal     · ETN · momo ▼ 64 · 1h
17:30 KSA · REGULAR · signal     · PFE · sqzExp ▲ 65 · 1h
17:30 KSA · REGULAR · signal     · UNP · meanRev ▲ 68 · 15m
17:30 KSA · REGULAR · signal     · COP · momo ▲ 72 · 1h
17:30 KSA · REGULAR · signal     · HOOD · sqzExp ▼ 83 · 1h
17:30 KSA · REGULAR · signal     · LOW · sqzExp ▼ 73 · 1h
17:30 KSA · REGULAR · signal     · SYK · rsiDiv ▼ 61 · 15m
17:30 KSA · REGULAR · signal     · ADP · meanRev ▲ 93 · 15m
17:30 KSA · REGULAR · signal     · BNB-USD · brk ▲ 82 · 15m
17:30 KSA · REGULAR · signal     · BNB-USD · volSpike ▲ 61 · 15m
17:30 KSA · REGULAR · signal     · VRT · sqzExp ▼ 95 · 1h
17:30 KSA · REGULAR · signal     · KKR · sqzExp ▼ 88 · 1h
17:30 KSA · REGULAR · signal     · MDLZ · sqzExp ▲ 55 · 1h
17:30 KSA · REGULAR · signal     · HON · pbTrend ▼ 60 · 1h
17:30 KSA · REGULAR · signal     · HON · momo ▲ 75 · 1h
17:30 KSA · REGULAR · signal     · TER · pbTrend ▲ 81 · 1h
17:30 KSA · REGULAR · signal     · COHR · rsiDiv ▲ 67 · 15m
17:30 KSA · REGULAR · signal     · COIN · rsiDiv ▲ 69 · 15m
17:30 KSA · REGULAR · signal     · HONA · vwapRec ▼ 70 · 15m
17:30 KSA · REGULAR · signal     · HONA · momo ▼ 78 · 1h
17:30 KSA · REGULAR · signal     · AZO · tfAlign ▼ 84 · 1d
17:30 KSA · REGULAR · signal     · ADSK · sqzExp ▼ 100 · 1h
17:30 KSA · REGULAR · signal     · MCHP · momo ▲ 61 · 1h
17:30 KSA · REGULAR · signal     · XPL-USD · volSpike ▼ 56 · 15m
17:30 KSA · REGULAR · signal     · BNCB-USD · vwapRec ▼ 83 · 15m
17:30 KSA · REGULAR · signal     · SNDKB-USD · vwapRec ▼ 75 · 15m
17:30 KSA · REGULAR · signal     · HEMI-USD · meanRev ▼ 93 · 15m
17:30 KSA · REGULAR · signal     · UNI-USD · meanRev ▼ 73 · 15m
17:30 KSA · REGULAR · signal     · 牛来-USD · vwapRec ▼ 100 · 15m
17:30 KSA · REGULAR · signal     · TAO-USD · brk ▼ 57 · 15m
17:30 KSA · REGULAR · signal     · PENGU-USD · meanRev ▼ 70 · 15m
17:30 KSA · REGULAR · signal     · ASTER-USD · meanRev ▼ 85 · 15m
17:31 KSA · REGULAR · scanner    · بدء المسح · 1154 رمزاً · الجلسة REGULAR
17:31 KSA · REGULAR · scanner    · ساعة التأكيد مثبَّتة على شمعة 14:15Z (من cbar)
17:32 KSA · REGULAR · scanner    · بدء المسح · 1154 رمزاً · الجلسة REGULAR
17:32 KSA · REGULAR · scanner    · ساعة التأكيد مثبَّتة على شمعة 14:15Z (من cbar)
17:34 KSA · REGULAR · scanner    · بدء المسح · 1154 رمزاً · الجلسة REGULAR
17:34 KSA · REGULAR · scanner    · ساعة التأكيد مثبَّتة على شمعة 14:15Z (من cbar)
17:39 KSA · REGULAR · scanner    · بدء المسح · 1154 رمزاً · الجلسة REGULAR
17:39 KSA · REGULAR · scanner    · ساعة التأكيد مثبَّتة على شمعة 14:15Z (من cbar)
17:40 KSA · REGULAR · scanner    · بدء المسح · 1154 رمزاً · الجلسة REGULAR
17:40 KSA · REGULAR · scanner    · ساعة التأكيد مثبَّتة على شمعة 14:15Z (من cbar)
17:42 KSA · REGULAR · scanner    · بدء المسح · 1154 رمزاً · الجلسة REGULAR
17:42 KSA · REGULAR · scanner    · ساعة التأكيد مثبَّتة على شمعة 14:15Z (من cbar)
17:44 KSA · REGULAR · scanner    · بدء المسح · 1154 رمزاً · الجلسة REGULAR
17:44 KSA · REGULAR · scanner    · ساعة التأكيد مثبَّتة على شمعة 14:15Z (من cbar)
17:45 KSA · REGULAR · scanner    · بدء المسح · 1154 رمزاً · الجلسة REGULAR
17:45 KSA · REGULAR · scanner    · ساعة التأكيد مثبَّتة على شمعة 14:30Z (من cbar)
17:45 KSA · REGULAR · signal     · LLY · orb ▲ 95 · 15m
17:45 KSA · REGULAR · signal     · LLY · sqzExp ▲ 65 · 1h
17:45 KSA · REGULAR · signal     · KO · vwapRec ▼ 68 · 15m
17:45 KSA · REGULAR · signal     · DE · pbTrend ▲ 81 · 1h
17:45 KSA · REGULAR · signal     · DE · momo ▲ 58 · 1h
17:45 KSA · REGULAR · signal     · T · sqzExp ▲ 57 · 1h
17:45 KSA · REGULAR · signal     · MDT · pbTrend ▲ 55 · 1h
17:45 KSA · REGULAR · signal     · ADP · orb ▼ 80 · 15m
17:45 KSA · REGULAR · signal     · PWR · orb ▲ 93 · 15m
17:45 KSA · REGULAR · signal     · PWR · pbTrend ▼ 57 · 1h
17:45 KSA · REGULAR · signal     · DDOG · orb ▲ 85 · 15m
17:45 KSA · REGULAR · signal     · LITE · pbTrend ▲ 86 · 1h
17:45 KSA · REGULAR · signal     · SNPS · vwapRec ▲ 83 · 15m
17:45 KSA · REGULAR · signal     · MDLZ · vwapRec ▲ 70 · 15m
17:45 KSA · REGULAR · signal     · CMI · vwapRec ▲ 60 · 15m
17:45 KSA · REGULAR · signal     · CIEN · vwapRec ▼ 75 · 15m
17:45 KSA · REGULAR · signal     · ON · momo ▲ 58 · 1h
17:45 KSA · REGULAR · signal     · SMCI · pbTrend ▲ 90 · 1h
17:45 KSA · REGULAR · signal     · SWKS · orb ▼ 65 · 15m
17:45 KSA · REGULAR · signal     · AVAX-USD · orb ▲ 95 · 15m
17:45 KSA · REGULAR · signal     · DOT-USD · volSpike ▼ 67 · 15m
17:45 KSA · REGULAR · signal     · WLD-USD · sqzExp ▲ 75 · 1h
17:45 KSA · REGULAR · signal     · XPL-USD · orb ▲ 70 · 15m
17:45 KSA · REGULAR · signal     · XPL-USD · brk ▲ 89 · 15m
17:45 KSA · REGULAR · signal     · SNDKB-USD · rsiDiv ▲ 72 · 15m
17:45 KSA · REGULAR · signal     · HEMI-USD · brk ▲ 93 · 15m
17:45 KSA · REGULAR · signal     · HEMI-USD · volSpike ▲ 78 · 15m
17:45 KSA · REGULAR · signal     · SNXXB-USD · vwapRec ▲ 93 · 15m
17:45 KSA · REGULAR · signal     · TAO-USD · volSpike ▲ 88 · 15m
17:46 KSA · REGULAR · scanner    · بدء المسح · 1154 رمزاً · الجلسة REGULAR
17:46 KSA · REGULAR · scanner    · ساعة التأكيد مثبَّتة على شمعة 14:30Z (من cbar)
17:48 KSA · REGULAR · scanner    · بدء المسح · 1154 رمزاً · الجلسة REGULAR
17:48 KSA · REGULAR · scanner    · ساعة التأكيد مثبَّتة على شمعة 14:30Z (من cbar)
17:52 KSA · REGULAR · scanner    · بدء المسح · 1154 رمزاً · الجلسة REGULAR
17:52 KSA · REGULAR · scanner    · ساعة التأكيد مثبَّتة على شمعة 14:30Z (من cbar)
17:54 KSA · REGULAR · scanner    · بدء المسح · 1154 رمزاً · الجلسة REGULAR
17:54 KSA · REGULAR · scanner    · ساعة التأكيد مثبَّتة على شمعة 14:30Z (من cbar)
17:56 KSA · REGULAR · scanner    · بدء المسح · 1154 رمزاً · الجلسة REGULAR
17:56 KSA · REGULAR · scanner    · ساعة التأكيد مثبَّتة على شمعة 14:30Z (من cbar)
17:58 KSA · REGULAR · scanner    · بدء المسح · 1154 رمزاً · الجلسة REGULAR
17:58 KSA · REGULAR · scanner    · ساعة التأكيد مثبَّتة على شمعة 14:30Z (من cbar)
18:00 KSA · REGULAR · scanner    · بدء المسح · 1154 رمزاً · الجلسة REGULAR
18:00 KSA · REGULAR · scanner    · ساعة التأكيد مثبَّتة على شمعة 14:45Z (من cbar)
18:00 KSA · REGULAR · signal     · AMZN · rsiDiv ▼ 61 · 15m
18:00 KSA · REGULAR · signal     · PANW · vwapRec ▼ 68 · 15m
18:00 KSA · REGULAR · signal     · DIS · vwapRec ▲ 60 · 15m
18:00 KSA · REGULAR · signal     · BNB-USD · sqzExp ▼ 60 · 1h
18:00 KSA · REGULAR · signal     · SHW · orb ▼ 78 · 15m
18:00 KSA · REGULAR · signal     · SHW · brk ▼ 77 · 15m
18:00 KSA · REGULAR · signal     · AON · vwapRec ▼ 57 · 15m
18:00 KSA · REGULAR · signal     · HONA · orb ▼ 65 · 15m
18:00 KSA · REGULAR · signal     · ZEC-USD · orb ▼ 63 · 15m
18:00 KSA · REGULAR · signal     · LINK-USD · sqzExp ▼ 60 · 1h
18:00 KSA · REGULAR · signal     · ADA-USD · sqzExp ▲ 100 · 1h
18:00 KSA · REGULAR · signal     · DOT-USD · sqzExp ▼ 57 · 1h
18:00 KSA · REGULAR · signal     · ICP-USD · momo ▲ 94 · 1h
18:00 KSA · REGULAR · signal     · OP-USD · sqzExp ▲ 90 · 1h
18:00 KSA · REGULAR · signal     · XPL-USD · sqzExp ▼ 70 · 1h
18:00 KSA · REGULAR · signal     · MSTRB-USD · orb ▼ 68 · 15m
18:00 KSA · REGULAR · signal     · MTL-USD · sqzExp ▲ 55 · 1h
18:00 KSA · REGULAR · signal     · TRUMP-USD · sqzExp ▼ 70 · 1h
18:01 KSA · REGULAR · scanner    · بدء المسح · 1154 رمزاً · الجلسة REGULAR
18:01 KSA · REGULAR · scanner    · ساعة التأكيد مثبَّتة على شمعة 14:45Z (من cbar)
18:02 KSA · REGULAR · scanner    · بدء المسح · 1154 رمزاً · الجلسة REGULAR
18:02 KSA · REGULAR · scanner    · ساعة التأكيد مثبَّتة على شمعة 14:45Z (من cbar)
18:04 KSA · REGULAR · scanner    · بدء المسح · 1154 رمزاً · الجلسة REGULAR
18:04 KSA · REGULAR · scanner    · ساعة التأكيد مثبَّتة على شمعة 14:45Z (من cbar)
18:09 KSA · REGULAR · scanner    · بدء المسح · 1154 رمزاً · الجلسة REGULAR
18:09 KSA · REGULAR · scanner    · ساعة التأكيد مثبَّتة على شمعة 14:45Z (من cbar)
18:10 KSA · REGULAR · scanner    · بدء المسح · 1154 رمزاً · الجلسة REGULAR
18:10 KSA · REGULAR · scanner    · ساعة التأكيد مثبَّتة على شمعة 14:45Z (من cbar)
18:12 KSA · REGULAR · scanner    · بدء المسح · 1154 رمزاً · الجلسة REGULAR
18:12 KSA · REGULAR · scanner    · ساعة التأكيد مثبَّتة على شمعة 14:45Z (من cbar)
18:14 KSA · REGULAR · scanner    · بدء المسح · 1154 رمزاً · الجلسة REGULAR
18:14 KSA · REGULAR · scanner    · ساعة التأكيد مثبَّتة على شمعة 14:45Z (من cbar)
18:15 KSA · REGULAR · scanner    · بدء المسح · 1154 رمزاً · الجلسة REGULAR
18:15 KSA · REGULAR · scanner    · ساعة التأكيد مثبَّتة على شمعة 15:00Z (من cbar)
18:15 KSA · REGULAR · signal     · MA · vwapRec ▼ 65 · 15m
18:15 KSA · REGULAR · signal     · ABT · orb ▼ 78 · 15m
18:15 KSA · REGULAR · signal     · ABT · meanRev ▲ 70 · 15m
18:15 KSA · REGULAR · signal     · MDLZ · vwapRec ▼ 57 · 15m
18:15 KSA · REGULAR · signal     · HON · orb ▼ 80 · 15m
18:15 KSA · REGULAR · signal     · HON · brk ▼ 91 · 15m
18:15 KSA · REGULAR · signal     · HPQ · brk ▼ 59 · 15m
18:15 KSA · REGULAR · signal     · RAY-USD · volSpike ▼ 78 · 15m
18:15 KSA · REGULAR · signal     · REZ-USD · volSpike ▼ 89 · 15m
18:15 KSA · REGULAR · signal     · SNDKB-USD · rsiDiv ▼ 81 · 15m
18:15 KSA · REGULAR · signal     · TAO-USD · vwapRec ▲ 93 · 15m
18:15 KSA · REGULAR · signal     · PENGU-USD · orb ▲ 85 · 15m
18:16 KSA · REGULAR · scanner    · بدء المسح · 1154 رمزاً · الجلسة REGULAR
18:16 KSA · REGULAR · scanner    · ساعة التأكيد مثبَّتة على شمعة 15:00Z (من cbar)
18:18 KSA · REGULAR · scanner    · بدء المسح · 1154 رمزاً · الجلسة REGULAR
18:18 KSA · REGULAR · scanner    · ساعة التأكيد مثبَّتة على شمعة 15:00Z (من cbar)
18:22 KSA · REGULAR · scanner    · بدء المسح · 1154 رمزاً · الجلسة REGULAR
18:22 KSA · REGULAR · scanner    · ساعة التأكيد مثبَّتة على شمعة 15:00Z (من cbar)
18:24 KSA · REGULAR · scanner    · بدء المسح · 1154 رمزاً · الجلسة REGULAR
18:24 KSA · REGULAR · scanner    · ساعة التأكيد مثبَّتة على شمعة 15:00Z (من cbar)
18:26 KSA · REGULAR · scanner    · بدء المسح · 1154 رمزاً · الجلسة REGULAR
18:26 KSA · REGULAR · scanner    · ساعة التأكيد مثبَّتة على شمعة 15:00Z (من cbar)
18:28 KSA · REGULAR · scanner    · بدء المسح · 1154 رمزاً · الجلسة REGULAR
18:28 KSA · REGULAR · scanner    · ساعة التأكيد مثبَّتة على شمعة 15:00Z (من cbar)
18:31 KSA · REGULAR · scanner    · بدء المسح · 1154 رمزاً · الجلسة REGULAR
18:31 KSA · REGULAR · scanner    · ساعة التأكيد مثبَّتة على شمعة 15:15Z (من cbar)
18:31 KSA · REGULAR · signal     · GS · momo ▼ 89 · 1h
18:31 KSA · REGULAR · signal     · VRTX · volSpike ▼ 83 · 15m
18:31 KSA · REGULAR · signal     · NEM · momo ▼ 78 · 1h
18:31 KSA · REGULAR · signal     · ACN · orb ▼ 88 · 15m
18:31 KSA · REGULAR · signal     · ACN · brk ▼ 84 · 15m
18:31 KSA · REGULAR · signal     · KKR · brk ▼ 70 · 15m
18:31 KSA · REGULAR · signal     · SNPS · pbTrend ▼ 55 · 1h
18:31 KSA · REGULAR · signal     · BSX · momo ▲ 67 · 1h
18:31 KSA · REGULAR · signal     · FIX · momo ▲ 61 · 1h
18:31 KSA · REGULAR · signal     · LHX · vwapRec ▼ 68 · 15m
18:31 KSA · REGULAR · signal     · MCHP · volSpike ▲ 67 · 15m
18:31 KSA · REGULAR · signal     · SWKS · pbTrend ▲ 86 · 1h
18:31 KSA · REGULAR · signal     · CAKE-USD · meanRev ▼ 65 · 15m
18:31 KSA · REGULAR · scanner    · بدء المسح · 1154 رمزاً · الجلسة REGULAR
18:31 KSA · REGULAR · scanner    · ساعة التأكيد مثبَّتة على شمعة 15:15Z (من cbar)
18:32 KSA · REGULAR · scanner    · بدء المسح · 1154 رمزاً · الجلسة REGULAR
18:32 KSA · REGULAR · scanner    · ساعة التأكيد مثبَّتة على شمعة 15:15Z (من cbar)
18:34 KSA · REGULAR · scanner    · بدء المسح · 1154 رمزاً · الجلسة REGULAR
18:34 KSA · REGULAR · scanner    · ساعة التأكيد مثبَّتة على شمعة 15:15Z (من cbar)
18:40 KSA · REGULAR · scanner    · بدء المسح · 1154 رمزاً · الجلسة REGULAR
18:40 KSA · REGULAR · scanner    · ساعة التأكيد مثبَّتة على شمعة 15:15Z (من cbar)
18:42 KSA · REGULAR · scanner    · بدء المسح · 1154 رمزاً · الجلسة REGULAR
18:42 KSA · REGULAR · scanner    · ساعة التأكيد مثبَّتة على شمعة 15:15Z (من cbar)
18:44 KSA · REGULAR · scanner    · بدء المسح · 1154 رمزاً · الجلسة REGULAR
18:44 KSA · REGULAR · scanner    · ساعة التأكيد مثبَّتة على شمعة 15:15Z (من cbar)
18:45 KSA · REGULAR · scanner    · بدء المسح · 1154 رمزاً · الجلسة REGULAR
18:45 KSA · REGULAR · scanner    · ساعة التأكيد مثبَّتة على شمعة 15:30Z (من cbar)
18:45 KSA · REGULAR · signal     · ABBV · vwapRec ▼ 60 · 15m
18:45 KSA · REGULAR · signal     · ABT · brk ▼ 61 · 15m
18:45 KSA · REGULAR · signal     · NEE · meanRev ▲ 60 · 15m
18:45 KSA · REGULAR · signal     · NEM · sqzExp ▲ 75 · 1h
18:45 KSA · REGULAR · signal     · PH · vwapRec ▲ 78 · 15m
18:45 KSA · REGULAR · signal     · ACN · sqzExp ▼ 90 · 1h
18:45 KSA · REGULAR · signal     · CDNS · orb ▲ 75 · 15m
18:45 KSA · REGULAR · signal     · CMI · vwapRec ▼ 78 · 15m
18:45 KSA · REGULAR · signal     · KMB · momo ▼ 81 · 1h
18:45 KSA · REGULAR · signal     · SMCI · sqzExp ▼ 70 · 1h
18:45 KSA · REGULAR · signal     · MSTRB-USD · pbTrend ▲ 55 · 1h
18:47 KSA · REGULAR · scanner    · بدء المسح · 1154 رمزاً · الجلسة REGULAR
18:47 KSA · REGULAR · scanner    · ساعة التأكيد مثبَّتة على شمعة 15:30Z (من cbar)
18:48 KSA · REGULAR · scanner    · بدء المسح · 1154 رمزاً · الجلسة REGULAR
18:48 KSA · REGULAR · scanner    · ساعة التأكيد مثبَّتة على شمعة 15:30Z (من cbar)
18:52 KSA · REGULAR · scanner    · بدء المسح · 1154 رمزاً · الجلسة REGULAR
18:52 KSA · REGULAR · scanner    · ساعة التأكيد مثبَّتة على شمعة 15:30Z (من cbar)
18:53 KSA · REGULAR · scanner    · بدء المسح · 1154 رمزاً · الجلسة REGULAR
18:53 KSA · REGULAR · scanner    · ساعة التأكيد مثبَّتة على شمعة 15:30Z (من cbar)
18:54 KSA · REGULAR · scanner    · بدء المسح · 1154 رمزاً · الجلسة REGULAR
18:54 KSA · REGULAR · scanner    · ساعة التأكيد مثبَّتة على شمعة 15:30Z (من cbar)
18:56 KSA · REGULAR · scanner    · بدء المسح · 1154 رمزاً · الجلسة REGULAR
18:56 KSA · REGULAR · scanner    · ساعة التأكيد مثبَّتة على شمعة 15:30Z (من cbar)
18:58 KSA · REGULAR · scanner    · بدء المسح · 1154 رمزاً · الجلسة REGULAR
18:58 KSA · REGULAR · scanner    · ساعة التأكيد مثبَّتة على شمعة 15:30Z (من cbar)
19:00 KSA · REGULAR · scanner    · بدء المسح · 1154 رمزاً · الجلسة REGULAR
19:00 KSA · REGULAR · scanner    · ساعة التأكيد مثبَّتة على شمعة 15:45Z (من cbar)
19:00 KSA · REGULAR · signal     · NEM · brk ▲ 59 · 15m
19:00 KSA · REGULAR · signal     · MDLZ · orb ▼ 70 · 15m
19:00 KSA · REGULAR · signal     · KMB · vwapRec ▼ 57 · 15m
19:00 KSA · REGULAR · signal     · GRAM-USD · tfAlign ▲ 79 · 1d
19:00 KSA · REGULAR · signal     · XPL-USD · sqzExp ▼ 80 · 1h
19:00 KSA · REGULAR · signal     · SPCXB-USD · vwapRec ▼ 73 · 15m
19:00 KSA · REGULAR · signal     · HOLO-USD · momo ▲ 92 · 1h
19:01 KSA · REGULAR · scanner    · بدء المسح · 1154 رمزاً · الجلسة REGULAR
19:01 KSA · REGULAR · scanner    · ساعة التأكيد مثبَّتة على شمعة 15:45Z (من cbar)
19:02 KSA · REGULAR · scanner    · بدء المسح · 1154 رمزاً · الجلسة REGULAR
19:02 KSA · REGULAR · scanner    · ساعة التأكيد مثبَّتة على شمعة 15:45Z (من cbar)
19:04 KSA · REGULAR · scanner    · بدء المسح · 1154 رمزاً · الجلسة REGULAR
19:04 KSA · REGULAR · scanner    · ساعة التأكيد مثبَّتة على شمعة 15:45Z (من cbar)
19:09 KSA · REGULAR · scanner    · بدء المسح · 1154 رمزاً · الجلسة REGULAR
19:09 KSA · REGULAR · scanner    · ساعة التأكيد مثبَّتة على شمعة 15:45Z (من cbar)
19:10 KSA · REGULAR · scanner    · بدء المسح · 1154 رمزاً · الجلسة REGULAR
19:10 KSA · REGULAR · scanner    · ساعة التأكيد مثبَّتة على شمعة 15:45Z (من cbar)
19:12 KSA · REGULAR · scanner    · بدء المسح · 1154 رمزاً · الجلسة REGULAR
19:12 KSA · REGULAR · scanner    · ساعة التأكيد مثبَّتة على شمعة 15:45Z (من cbar)
19:14 KSA · REGULAR · scanner    · بدء المسح · 1154 رمزاً · الجلسة REGULAR
19:14 KSA · REGULAR · scanner    · ساعة التأكيد مثبَّتة على شمعة 15:45Z (من cbar)
19:15 KSA · REGULAR · scanner    · بدء المسح · 1154 رمزاً · الجلسة REGULAR
19:15 KSA · REGULAR · scanner    · ساعة التأكيد مثبَّتة على شمعة 16:00Z (من cbar)
19:15 KSA · REGULAR · signal     · AAPL · orb ▲ 88 · 15m
19:15 KSA · REGULAR · signal     · V · vwapRec ▲ 57 · 15m
19:15 KSA · REGULAR · signal     · PG · orb ▼ 70 · 15m
19:15 KSA · REGULAR · signal     · ETH-USD · rsiDiv ▲ 69 · 15m
19:15 KSA · REGULAR · signal     · SPGI · brk ▼ 66 · 15m
19:15 KSA · REGULAR · signal     · PSX · orb ▲ 75 · 15m
19:15 KSA · REGULAR · signal     · MRNA · vwapRec ▲ 70 · 15m
19:15 KSA · REGULAR · signal     · AON · orb ▼ 93 · 15m
19:15 KSA · REGULAR · signal     · DOGE-USD · vwapRec ▲ 70 · 15m
19:15 KSA · REGULAR · signal     · AAVE-USD · vwapRec ▲ 70 · 15m
19:15 KSA · REGULAR · signal     · DASH-USD · vwapRec ▲ 85 · 15m
19:15 KSA · REGULAR · signal     · PENDLE-USD · vwapRec ▲ 78 · 15m
19:15 KSA · REGULAR · signal     · ARK-USD · brk ▲ 86 · 15m
19:15 KSA · REGULAR · signal     · HEMI-USD · vwapRec ▲ 60 · 15m
19:15 KSA · REGULAR · signal     · SUI-USD · vwapRec ▲ 78 · 15m
19:15 KSA · REGULAR · signal     · TAO-USD · tfAlign ▲ 79 · 1d
19:15 KSA · REGULAR · signal     · HOLO-USD · vwapRec ▲ 70 · 15m
19:16 KSA · REGULAR · scanner    · بدء المسح · 1154 رمزاً · الجلسة REGULAR
19:16 KSA · REGULAR · scanner    · ساعة التأكيد مثبَّتة على شمعة 16:00Z (من cbar)
19:18 KSA · REGULAR · scanner    · بدء المسح · 1154 رمزاً · الجلسة REGULAR
19:18 KSA · REGULAR · scanner    · ساعة التأكيد مثبَّتة على شمعة 16:00Z (من cbar)
19:20 KSA · REGULAR · scanner    · بدء المسح · 1154 رمزاً · الجلسة REGULAR
19:20 KSA · REGULAR · scanner    · ساعة التأكيد مثبَّتة على شمعة 16:00Z (من cbar)
19:22 KSA · REGULAR · scanner    · بدء المسح · 1154 رمزاً · الجلسة REGULAR
19:22 KSA · REGULAR · scanner    · ساعة التأكيد مثبَّتة على شمعة 16:00Z (من cbar)
19:23 KSA · REGULAR · scanner    · بدء المسح · 1154 رمزاً · الجلسة REGULAR
19:23 KSA · REGULAR · scanner    · ساعة التأكيد مثبَّتة على شمعة 16:00Z (من cbar)
19:24 KSA · REGULAR · scanner    · بدء المسح · 1154 رمزاً · الجلسة REGULAR
19:24 KSA · REGULAR · scanner    · ساعة التأكيد مثبَّتة على شمعة 16:00Z (من cbar)
19:26 KSA · REGULAR · scanner    · بدء المسح · 1154 رمزاً · الجلسة REGULAR
19:26 KSA · REGULAR · scanner    · ساعة التأكيد مثبَّتة على شمعة 16:00Z (من cbar)
19:28 KSA · REGULAR · scanner    · بدء المسح · 1154 رمزاً · الجلسة REGULAR
19:28 KSA · REGULAR · scanner    · ساعة التأكيد مثبَّتة على شمعة 16:00Z (من cbar)
19:30 KSA · REGULAR · scanner    · بدء المسح · 1154 رمزاً · الجلسة REGULAR
19:30 KSA · REGULAR · scanner    · ساعة التأكيد مثبَّتة على شمعة 16:00Z (من cbar)
19:31 KSA · REGULAR · scanner    · بدء المسح · 1154 رمزاً · الجلسة REGULAR
19:31 KSA · REGULAR · scanner    · ساعة التأكيد مثبَّتة على شمعة 16:15Z (من cbar)
19:31 KSA · REGULAR · signal     · MSFT · momo ▼ 75 · 1h
19:31 KSA · REGULAR · signal     · HD · vwapRec ▼ 78 · 15m
19:31 KSA · REGULAR · signal     · ANET · brk ▲ 70 · 15m
19:31 KSA · REGULAR · signal     · VZ · orb ▲ 83 · 15m
19:31 KSA · REGULAR · signal     · VRTX · momo ▲ 78 · 1h
19:31 KSA · REGULAR · signal     · NEM · rsiDiv ▼ 78 · 15m
19:31 KSA · REGULAR · signal     · ACN · momo ▼ 92 · 1h
19:31 KSA · REGULAR · signal     · MPC · momo ▲ 72 · 1h
19:31 KSA · REGULAR · signal     · VLO · vwapRec ▲ 78 · 15m
19:31 KSA · REGULAR · signal     · BNB-USD · brk ▲ 75 · 15m
19:31 KSA · REGULAR · signal     · PSX · momo ▲ 83 · 1h
19:31 KSA · REGULAR · signal     · SHW · vwapRec ▼ 85 · 15m
19:31 KSA · REGULAR · signal     · CMI · vwapRec ▼ 78 · 15m
19:31 KSA · REGULAR · signal     · MPWR · vwapRec ▲ 68 · 15m
19:31 KSA · REGULAR · signal     · ADSK · momo ▼ 92 · 1h
19:31 KSA · REGULAR · signal     · KVUE · momo ▼ 81 · 1h
19:31 KSA · REGULAR · signal     · SMCI · vwapRec ▼ 60 · 15m
19:31 KSA · REGULAR · signal     · BNCB-USD · brk ▲ 86 · 15m
19:31 KSA · REGULAR · signal     · BNCB-USD · meanRev ▼ 91 · 15m
19:32 KSA · REGULAR · scanner    · بدء المسح · 1154 رمزاً · الجلسة REGULAR
19:32 KSA · REGULAR · scanner    · ساعة التأكيد مثبَّتة على شمعة 16:15Z (من cbar)
19:34 KSA · REGULAR · scanner    · بدء المسح · 1154 رمزاً · الجلسة REGULAR
19:34 KSA · REGULAR · scanner    · ساعة التأكيد مثبَّتة على شمعة 16:15Z (من cbar)
19:36 KSA · REGULAR · scanner    · بدء المسح · 1154 رمزاً · الجلسة REGULAR
19:36 KSA · REGULAR · scanner    · ساعة التأكيد مثبَّتة على شمعة 16:15Z (من cbar)
19:39 KSA · REGULAR · scanner    · بدء المسح · 1154 رمزاً · الجلسة REGULAR
19:39 KSA · REGULAR · scanner    · ساعة التأكيد مثبَّتة على شمعة 16:15Z (من cbar)
19:40 KSA · REGULAR · scanner    · بدء المسح · 1154 رمزاً · الجلسة REGULAR
19:40 KSA · REGULAR · scanner    · ساعة التأكيد مثبَّتة على شمعة 16:15Z (من cbar)
19:42 KSA · REGULAR · scanner    · بدء المسح · 1154 رمزاً · الجلسة REGULAR
19:42 KSA · REGULAR · scanner    · ساعة التأكيد مثبَّتة على شمعة 16:15Z (من cbar)
19:44 KSA · REGULAR · scanner    · بدء المسح · 1154 رمزاً · الجلسة REGULAR
19:44 KSA · REGULAR · scanner    · ساعة التأكيد مثبَّتة على شمعة 16:15Z (من cbar)
19:45 KSA · REGULAR · scanner    · بدء المسح · 1154 رمزاً · الجلسة REGULAR
19:45 KSA · REGULAR · scanner    · ساعة التأكيد مثبَّتة على شمعة 16:30Z (من cbar)
19:45 KSA · REGULAR · signal     · C · vwapRec ▲ 60 · 15m
19:45 KSA · REGULAR · signal     · TJX · pbTrend ▼ 64 · 1h
19:45 KSA · REGULAR · signal     · BNB-USD · volSpike ▲ 89 · 15m
19:45 KSA · REGULAR · signal     · HWM · pbTrend ▼ 76 · 1h
19:45 KSA · REGULAR · signal     · HWM · volSpike ▲ 78 · 15m
19:45 KSA · REGULAR · signal     · HWM · momo ▲ 64 · 1h
19:45 KSA · REGULAR · signal     · KKR · rsiDiv ▼ 61 · 15m
19:45 KSA · REGULAR · signal     · SHW · volSpike ▲ 89 · 15m
19:45 KSA · REGULAR · signal     · FIX · pbTrend ▼ 67 · 1h
19:45 KSA · REGULAR · signal     · LINK-USD · sqzExp ▼ 70 · 1h
19:45 KSA · REGULAR · signal     · NEAR-USD · volSpike ▲ 67 · 15m
19:45 KSA · REGULAR · signal     · FIL-USD · volSpike ▲ 89 · 15m
19:45 KSA · REGULAR · signal     · SNXXB-USD · vwapRec ▼ 60 · 15m
19:46 KSA · REGULAR · scanner    · بدء المسح · 1154 رمزاً · الجلسة REGULAR
19:46 KSA · REGULAR · scanner    · ساعة التأكيد مثبَّتة على شمعة 16:30Z (من cbar)
19:48 KSA · REGULAR · scanner    · بدء المسح · 1154 رمزاً · الجلسة REGULAR
19:48 KSA · REGULAR · scanner    · ساعة التأكيد مثبَّتة على شمعة 16:30Z (من cbar)
19:50 KSA · REGULAR · scanner    · بدء المسح · 1154 رمزاً · الجلسة REGULAR
19:50 KSA · REGULAR · scanner    · ساعة التأكيد مثبَّتة على شمعة 16:30Z (من cbar)
19:52 KSA · REGULAR · scanner    · بدء المسح · 1154 رمزاً · الجلسة REGULAR
19:52 KSA · REGULAR · scanner    · ساعة التأكيد مثبَّتة على شمعة 16:30Z (من cbar)
19:53 KSA · REGULAR · scanner    · بدء المسح · 1154 رمزاً · الجلسة REGULAR
19:53 KSA · REGULAR · scanner    · ساعة التأكيد مثبَّتة على شمعة 16:30Z (من cbar)
19:54 KSA · REGULAR · scanner    · بدء المسح · 1154 رمزاً · الجلسة REGULAR
19:54 KSA · REGULAR · scanner    · ساعة التأكيد مثبَّتة على شمعة 16:30Z (من cbar)
19:56 KSA · REGULAR · scanner    · بدء المسح · 1154 رمزاً · الجلسة REGULAR
19:56 KSA · REGULAR · scanner    · ساعة التأكيد مثبَّتة على شمعة 16:30Z (من cbar)
19:58 KSA · REGULAR · scanner    · بدء المسح · 1154 رمزاً · الجلسة REGULAR
19:58 KSA · REGULAR · scanner    · ساعة التأكيد مثبَّتة على شمعة 16:30Z (من cbar)
20:00 KSA · REGULAR · scanner    · بدء المسح · 1154 رمزاً · الجلسة REGULAR
20:00 KSA · REGULAR · scanner    · ساعة التأكيد مثبَّتة على شمعة 16:30Z (من cbar)
20:01 KSA · REGULAR · scanner    · بدء المسح · 1154 رمزاً · الجلسة REGULAR
20:01 KSA · REGULAR · scanner    · ساعة التأكيد مثبَّتة على شمعة 16:45Z (من cbar)
20:01 KSA · REGULAR · signal     · GOOGL · brk ▲ 59 · 15m
20:01 KSA · REGULAR · signal     · META · orb ▲ 85 · 15m
20:01 KSA · REGULAR · signal     · DELL · vwapRec ▼ 68 · 15m
20:01 KSA · REGULAR · signal     · CRWD · orb ▲ 83 · 15m
20:01 KSA · REGULAR · signal     · GS · rsiDiv ▲ 78 · 15m
20:01 KSA · REGULAR · signal     · ETN · orb ▲ 78 · 15m
20:01 KSA · REGULAR · signal     · CB · orb ▼ 75 · 15m
20:01 KSA · REGULAR · signal     · DVN · orb ▲ 78 · 15m
20:01 KSA · REGULAR · signal     · CIEN · brk ▼ 61 · 15m
20:01 KSA · REGULAR · signal     · TRX-USD · brk ▼ 57 · 15m
20:01 KSA · REGULAR · signal     · XLM-USD · sqzExp ▼ 70 · 1h
20:01 KSA · REGULAR · signal     · IOTA-USD · sqzExp ▲ 95 · 1h
20:01 KSA · REGULAR · signal     · CRCLB-USD · momo ▲ 72 · 1h
20:01 KSA · REGULAR · signal     · THE-USD · sqzExp ▲ 73 · 1h
20:01 KSA · REGULAR · signal     · EUR-USD · tfAlign ▼ 74 · 1d
20:01 KSA · REGULAR · signal     · WLFI-USD · pbTrend ▼ 76 · 1h
20:02 KSA · REGULAR · scanner    · بدء المسح · 1154 رمزاً · الجلسة REGULAR
20:02 KSA · REGULAR · scanner    · ساعة التأكيد مثبَّتة على شمعة 16:45Z (من cbar)
20:04 KSA · REGULAR · scanner    · بدء المسح · 1154 رمزاً · الجلسة REGULAR
20:04 KSA · REGULAR · scanner    · ساعة التأكيد مثبَّتة على شمعة 16:45Z (من cbar)
20:08 KSA · REGULAR · scanner    · بدء المسح · 1154 رمزاً · الجلسة REGULAR
20:08 KSA · REGULAR · scanner    · ساعة التأكيد مثبَّتة على شمعة 16:45Z (من cbar)
20:10 KSA · REGULAR · scanner    · بدء المسح · 1154 رمزاً · الجلسة REGULAR
20:10 KSA · REGULAR · scanner    · ساعة التأكيد مثبَّتة على شمعة 16:45Z (من cbar)
20:12 KSA · REGULAR · scanner    · بدء المسح · 1154 رمزاً · الجلسة REGULAR
20:12 KSA · REGULAR · scanner    · ساعة التأكيد مثبَّتة على شمعة 16:45Z (من cbar)
20:14 KSA · REGULAR · scanner    · بدء المسح · 1154 رمزاً · الجلسة REGULAR
20:14 KSA · REGULAR · scanner    · ساعة التأكيد مثبَّتة على شمعة 16:45Z (من cbar)
20:15 KSA · REGULAR · scanner    · بدء المسح · 1154 رمزاً · الجلسة REGULAR
20:15 KSA · REGULAR · scanner    · ساعة التأكيد مثبَّتة على شمعة 17:00Z (من cbar)
20:15 KSA · REGULAR · signal     · GOOG · meanRev ▼ 60 · 15m
20:15 KSA · REGULAR · signal     · HPE · meanRev ▼ 57 · 15m
20:15 KSA · REGULAR · signal     · CMCSA · orb ▼ 70 · 15m
20:15 KSA · REGULAR · signal     · OP-USD · volSpike ▼ 83 · 15m
20:16 KSA · REGULAR · scanner    · بدء المسح · 1154 رمزاً · الجلسة REGULAR
20:16 KSA · REGULAR · scanner    · ساعة التأكيد مثبَّتة على شمعة 17:00Z (من cbar)
20:18 KSA · REGULAR · scanner    · بدء المسح · 1154 رمزاً · الجلسة REGULAR
20:18 KSA · REGULAR · scanner    · ساعة التأكيد مثبَّتة على شمعة 17:00Z (من cbar)
20:21 KSA · REGULAR · scanner    · بدء المسح · 1154 رمزاً · الجلسة REGULAR
20:21 KSA · REGULAR · scanner    · ساعة التأكيد مثبَّتة على شمعة 17:00Z (من cbar)
20:23 KSA · REGULAR · scanner    · بدء المسح · 1154 رمزاً · الجلسة REGULAR
20:23 KSA · REGULAR · scanner    · ساعة التأكيد مثبَّتة على شمعة 17:00Z (من cbar)
20:24 KSA · REGULAR · scanner    · بدء المسح · 1154 رمزاً · الجلسة REGULAR
20:24 KSA · REGULAR · scanner    · ساعة التأكيد مثبَّتة على شمعة 17:00Z (من cbar)
20:26 KSA · REGULAR · scanner    · بدء المسح · 1154 رمزاً · الجلسة REGULAR
20:26 KSA · REGULAR · scanner    · ساعة التأكيد مثبَّتة على شمعة 17:00Z (من cbar)
20:28 KSA · REGULAR · scanner    · بدء المسح · 1154 رمزاً · الجلسة REGULAR
20:28 KSA · REGULAR · scanner    · ساعة التأكيد مثبَّتة على شمعة 17:00Z (من cbar)
20:30 KSA · REGULAR · scanner    · بدء المسح · 1154 رمزاً · الجلسة REGULAR
20:30 KSA · REGULAR · scanner    · ساعة التأكيد مثبَّتة على شمعة 17:00Z (من cbar)
20:31 KSA · REGULAR · scanner    · بدء المسح · 1154 رمزاً · الجلسة REGULAR
20:31 KSA · REGULAR · scanner    · ساعة التأكيد مثبَّتة على شمعة 17:15Z (من cbar)
20:31 KSA · REGULAR · signal     · COST · tfAlign ▼ 95 · 1d
20:31 KSA · REGULAR · signal     · AMAT · pbTrend ▼ 55 · 1h
20:31 KSA · REGULAR · signal     · UBER · rsiDiv ▲ 72 · 15m
20:31 KSA · REGULAR · signal     · VLO · momo ▲ 64 · 1h
20:31 KSA · REGULAR · signal     · BNB-USD · rsiDiv ▼ 83 · 15m
20:31 KSA · REGULAR · signal     · MRNA · vwapRec ▼ 60 · 15m
20:31 KSA · REGULAR · signal     · MPWR · pbTrend ▼ 55 · 1h
20:31 KSA · REGULAR · signal     · FIX · rsiDiv ▼ 83 · 1h
20:31 KSA · REGULAR · signal     · NKE · rsiDiv ▲ 64 · 15m
20:31 KSA · REGULAR · signal     · FET-USD · rsiDiv ▲ 56 · 15m
20:31 KSA · REGULAR · signal     · EUR-USD · tfAlign ▼ 84 · 1d
20:32 KSA · REGULAR · scanner    · بدء المسح · 1154 رمزاً · الجلسة REGULAR
20:32 KSA · REGULAR · scanner    · ساعة التأكيد مثبَّتة على شمعة 17:15Z (من cbar)
20:34 KSA · REGULAR · scanner    · بدء المسح · 1154 رمزاً · الجلسة REGULAR
20:34 KSA · REGULAR · scanner    · ساعة التأكيد مثبَّتة على شمعة 17:15Z (من cbar)
20:38 KSA · REGULAR · scanner    · بدء المسح · 1154 رمزاً · الجلسة REGULAR
20:38 KSA · REGULAR · scanner    · ساعة التأكيد مثبَّتة على شمعة 17:15Z (من cbar)
20:40 KSA · REGULAR · scanner    · بدء المسح · 1154 رمزاً · الجلسة REGULAR
20:40 KSA · REGULAR · scanner    · ساعة التأكيد مثبَّتة على شمعة 17:15Z (من cbar)
20:42 KSA · REGULAR · scanner    · بدء المسح · 1154 رمزاً · الجلسة REGULAR
20:42 KSA · REGULAR · scanner    · ساعة التأكيد مثبَّتة على شمعة 17:15Z (من cbar)
20:44 KSA · REGULAR · scanner    · بدء المسح · 1154 رمزاً · الجلسة REGULAR
20:44 KSA · REGULAR · scanner    · ساعة التأكيد مثبَّتة على شمعة 17:15Z (من cbar)
20:46 KSA · REGULAR · scanner    · بدء المسح · 1154 رمزاً · الجلسة REGULAR
20:46 KSA · REGULAR · scanner    · ساعة التأكيد مثبَّتة على شمعة 17:30Z (من cbar)
20:46 KSA · REGULAR · signal     · MRK · momo ▼ 61 · 1h
20:46 KSA · REGULAR · signal     · ABT · sqzExp ▼ 70 · 1h
20:46 KSA · REGULAR · signal     · FTNT · vwapRec ▼ 60 · 15m
20:46 KSA · REGULAR · signal     · PSX · orb ▲ 75 · 15m
20:46 KSA · REGULAR · signal     · SYK · sqzExp ▼ 78 · 1h
20:46 KSA · REGULAR · signal     · XRP-USD · sqzExp ▼ 60 · 1h
20:46 KSA · REGULAR · signal     · HPE · sqzExp ▲ 83 · 1h
20:46 KSA · REGULAR · signal     · SHW · momo ▼ 94 · 1h
20:46 KSA · REGULAR · signal     · DVN · brk ▲ 70 · 15m
20:46 KSA · REGULAR · signal     · AZO · momo ▼ 69 · 1h
20:46 KSA · REGULAR · signal     · LHX · vwapRec ▼ 85 · 15m
20:46 KSA · REGULAR · scanner    · بدء المسح · 1154 رمزاً · الجلسة REGULAR
20:46 KSA · REGULAR · scanner    · ساعة التأكيد مثبَّتة على شمعة 17:30Z (من cbar)
20:48 KSA · REGULAR · scanner    · بدء المسح · 1154 رمزاً · الجلسة REGULAR
20:48 KSA · REGULAR · scanner    · ساعة التأكيد مثبَّتة على شمعة 17:30Z (من cbar)
20:52 KSA · REGULAR · scanner    · بدء المسح · 1154 رمزاً · الجلسة REGULAR
20:52 KSA · REGULAR · scanner    · ساعة التأكيد مثبَّتة على شمعة 17:30Z (من cbar)
20:53 KSA · REGULAR · scanner    · بدء المسح · 1154 رمزاً · الجلسة REGULAR
20:53 KSA · REGULAR · scanner    · ساعة التأكيد مثبَّتة على شمعة 17:30Z (من cbar)
20:54 KSA · REGULAR · scanner    · بدء المسح · 1154 رمزاً · الجلسة REGULAR
20:54 KSA · REGULAR · scanner    · ساعة التأكيد مثبَّتة على شمعة 17:30Z (من cbar)
20:56 KSA · REGULAR · scanner    · بدء المسح · 1154 رمزاً · الجلسة REGULAR
20:56 KSA · REGULAR · scanner    · ساعة التأكيد مثبَّتة على شمعة 17:30Z (من cbar)
20:58 KSA · REGULAR · scanner    · بدء المسح · 1154 رمزاً · الجلسة REGULAR
20:58 KSA · REGULAR · scanner    · ساعة التأكيد مثبَّتة على شمعة 17:30Z (من cbar)
21:00 KSA · REGULAR · scanner    · بدء المسح · 1154 رمزاً · الجلسة REGULAR
21:00 KSA · REGULAR · scanner    · ساعة التأكيد مثبَّتة على شمعة 17:45Z (من cbar)
21:00 KSA · REGULAR · signal     · ETHFI-USD · vwapRec ▲ 78 · 15m
21:00 KSA · REGULAR · signal     · REZ-USD · rsiDiv ▼ 83 · 1h
21:00 KSA · REGULAR · signal     · WLFI-USD · tfAlign ▼ 79 · 1d
21:01 KSA · REGULAR · scanner    · بدء المسح · 1154 رمزاً · الجلسة REGULAR
21:01 KSA · REGULAR · scanner    · ساعة التأكيد مثبَّتة على شمعة 17:45Z (من cbar)
21:02 KSA · REGULAR · scanner    · بدء المسح · 1154 رمزاً · الجلسة REGULAR
21:02 KSA · REGULAR · scanner    · ساعة التأكيد مثبَّتة على شمعة 17:45Z (من cbar)
21:04 KSA · REGULAR · scanner    · بدء المسح · 1154 رمزاً · الجلسة REGULAR
21:04 KSA · REGULAR · scanner    · ساعة التأكيد مثبَّتة على شمعة 17:45Z (من cbar)
21:09 KSA · REGULAR · scanner    · بدء المسح · 1154 رمزاً · الجلسة REGULAR
21:09 KSA · REGULAR · scanner    · ساعة التأكيد مثبَّتة على شمعة 17:45Z (من cbar)
21:10 KSA · REGULAR · scanner    · بدء المسح · 1154 رمزاً · الجلسة REGULAR
21:10 KSA · REGULAR · scanner    · ساعة التأكيد مثبَّتة على شمعة 17:45Z (من cbar)
21:12 KSA · REGULAR · scanner    · بدء المسح · 1154 رمزاً · الجلسة REGULAR
21:12 KSA · REGULAR · scanner    · ساعة التأكيد مثبَّتة على شمعة 17:45Z (من cbar)
21:14 KSA · REGULAR · scanner    · بدء المسح · 1154 رمزاً · الجلسة REGULAR
21:14 KSA · REGULAR · scanner    · ساعة التأكيد مثبَّتة على شمعة 17:45Z (من cbar)
21:15 KSA · REGULAR · scanner    · بدء المسح · 1154 رمزاً · الجلسة REGULAR
21:15 KSA · REGULAR · scanner    · ساعة التأكيد مثبَّتة على شمعة 18:00Z (من cbar)
21:15 KSA · REGULAR · signal     · DDOG · rsiDiv ▼ 78 · 15m
21:15 KSA · REGULAR · signal     · NSC · vwapRec ▼ 55 · 15m
21:15 KSA · REGULAR · signal     · DASH-USD · vwapRec ▼ 60 · 15m
21:16 KSA · REGULAR · scanner    · بدء المسح · 1154 رمزاً · الجلسة REGULAR
21:16 KSA · REGULAR · scanner    · ساعة التأكيد مثبَّتة على شمعة 18:00Z (من cbar)
21:18 KSA · REGULAR · scanner    · بدء المسح · 1154 رمزاً · الجلسة REGULAR
21:18 KSA · REGULAR · scanner    · ساعة التأكيد مثبَّتة على شمعة 18:00Z (من cbar)
21:22 KSA · REGULAR · scanner    · بدء المسح · 1154 رمزاً · الجلسة REGULAR
21:22 KSA · REGULAR · scanner    · ساعة التأكيد مثبَّتة على شمعة 18:00Z (من cbar)
21:23 KSA · REGULAR · scanner    · بدء المسح · 1154 رمزاً · الجلسة REGULAR
21:23 KSA · REGULAR · scanner    · ساعة التأكيد مثبَّتة على شمعة 18:00Z (من cbar)
21:24 KSA · REGULAR · scanner    · بدء المسح · 1154 رمزاً · الجلسة REGULAR
21:24 KSA · REGULAR · scanner    · ساعة التأكيد مثبَّتة على شمعة 18:00Z (من cbar)
21:26 KSA · REGULAR · scanner    · بدء المسح · 1154 رمزاً · الجلسة REGULAR
21:26 KSA · REGULAR · scanner    · ساعة التأكيد مثبَّتة على شمعة 18:00Z (من cbar)
21:28 KSA · REGULAR · scanner    · بدء المسح · 1154 رمزاً · الجلسة REGULAR
21:28 KSA · REGULAR · scanner    · ساعة التأكيد مثبَّتة على شمعة 18:00Z (من cbar)
21:30 KSA · REGULAR · scanner    · بدء المسح · 1154 رمزاً · الجلسة REGULAR
21:30 KSA · REGULAR · scanner    · ساعة التأكيد مثبَّتة على شمعة 18:15Z (من cbar)
21:30 KSA · REGULAR · signal     · ETN · orb ▲ 100 · 15m
21:30 KSA · REGULAR · signal     · NOW · momo ▲ 61 · 1h
21:30 KSA · REGULAR · signal     · ADP · rsiDiv ▲ 67 · 1h
21:30 KSA · REGULAR · signal     · MRNA · vwapRec ▼ 68 · 15m
21:30 KSA · REGULAR · signal     · DVN · rsiDiv ▼ 83 · 15m
21:30 KSA · REGULAR · signal     · VST · momo ▼ 83 · 1h
21:31 KSA · REGULAR · scanner    · بدء المسح · 1154 رمزاً · الجلسة REGULAR
21:31 KSA · REGULAR · scanner    · ساعة التأكيد مثبَّتة على شمعة 18:15Z (من cbar)
21:32 KSA · REGULAR · scanner    · بدء المسح · 1154 رمزاً · الجلسة REGULAR
21:32 KSA · REGULAR · scanner    · ساعة التأكيد مثبَّتة على شمعة 18:15Z (من cbar)
21:34 KSA · REGULAR · scanner    · بدء المسح · 1154 رمزاً · الجلسة REGULAR
21:34 KSA · REGULAR · scanner    · ساعة التأكيد مثبَّتة على شمعة 18:15Z (من cbar)
21:39 KSA · REGULAR · scanner    · بدء المسح · 1154 رمزاً · الجلسة REGULAR
21:39 KSA · REGULAR · scanner    · ساعة التأكيد مثبَّتة على شمعة 18:15Z (من cbar)
21:40 KSA · REGULAR · scanner    · بدء المسح · 1154 رمزاً · الجلسة REGULAR
21:40 KSA · REGULAR · scanner    · ساعة التأكيد مثبَّتة على شمعة 18:15Z (من cbar)
21:42 KSA · REGULAR · scanner    · بدء المسح · 1154 رمزاً · الجلسة REGULAR
21:42 KSA · REGULAR · scanner    · ساعة التأكيد مثبَّتة على شمعة 18:15Z (من cbar)
21:44 KSA · REGULAR · scanner    · بدء المسح · 1154 رمزاً · الجلسة REGULAR
21:44 KSA · REGULAR · scanner    · ساعة التأكيد مثبَّتة على شمعة 18:15Z (من cbar)
21:46 KSA · REGULAR · scanner    · بدء المسح · 1154 رمزاً · الجلسة REGULAR
21:46 KSA · REGULAR · scanner    · ساعة التأكيد مثبَّتة على شمعة 18:30Z (من cbar)
21:46 KSA · REGULAR · signal     · PFE · tfAlign ▲ 89 · 1d
21:46 KSA · REGULAR · signal     · APP · momo ▼ 83 · 1h
21:46 KSA · REGULAR · signal     · HPE · orb ▲ 88 · 15m
21:46 KSA · REGULAR · signal     · HPQ · vwapRec ▼ 75 · 15m
21:46 KSA · REGULAR · signal     · HPQ · pbTrend ▲ 74 · 1h
21:46 KSA · REGULAR · signal     · T-USD · vwapRec ▲ 78 · 15m
21:46 KSA · REGULAR · signal     · SNXXB-USD · momo ▼ 67 · 1h
21:46 KSA · REGULAR · signal     · BANK-USD · volSpike ▲ 88 · 15m
21:46 KSA · REGULAR · scanner    · بدء المسح · 1154 رمزاً · الجلسة REGULAR
21:46 KSA · REGULAR · scanner    · ساعة التأكيد مثبَّتة على شمعة 18:30Z (من cbar)
21:48 KSA · REGULAR · scanner    · بدء المسح · 1154 رمزاً · الجلسة REGULAR
21:48 KSA · REGULAR · scanner    · ساعة التأكيد مثبَّتة على شمعة 18:30Z (من cbar)
21:52 KSA · REGULAR · scanner    · بدء المسح · 1154 رمزاً · الجلسة REGULAR
21:52 KSA · REGULAR · scanner    · ساعة التأكيد مثبَّتة على شمعة 18:30Z (من cbar)
21:53 KSA · REGULAR · scanner    · بدء المسح · 1154 رمزاً · الجلسة REGULAR
21:53 KSA · REGULAR · scanner    · ساعة التأكيد مثبَّتة على شمعة 18:30Z (من cbar)
21:54 KSA · REGULAR · scanner    · بدء المسح · 1154 رمزاً · الجلسة REGULAR
21:54 KSA · REGULAR · scanner    · ساعة التأكيد مثبَّتة على شمعة 18:30Z (من cbar)
21:56 KSA · REGULAR · scanner    · بدء المسح · 1154 رمزاً · الجلسة REGULAR
21:56 KSA · REGULAR · scanner    · ساعة التأكيد مثبَّتة على شمعة 18:30Z (من cbar)
21:58 KSA · REGULAR · scanner    · بدء المسح · 1154 رمزاً · الجلسة REGULAR
21:58 KSA · REGULAR · scanner    · ساعة التأكيد مثبَّتة على شمعة 18:30Z (من cbar)
22:00 KSA · REGULAR · scanner    · بدء المسح · 1154 رمزاً · الجلسة REGULAR
22:00 KSA · REGULAR · scanner    · ساعة التأكيد مثبَّتة على شمعة 18:45Z (من cbar)
22:00 KSA · REGULAR · signal     · MA · momo ▲ 56 · 1h
22:00 KSA · REGULAR · signal     · TMO · orb ▲ 65 · 15m
22:00 KSA · REGULAR · signal     · PSX · meanRev ▲ 78 · 15m
22:00 KSA · REGULAR · signal     · HPE · meanRev ▼ 65 · 15m
22:00 KSA · REGULAR · signal     · VST · volSpike ▼ 83 · 15m
22:00 KSA · REGULAR · signal     · LINK-USD · meanRev ▼ 60 · 15m
22:00 KSA · REGULAR · signal     · LINK-USD · sqzExp ▼ 70 · 1h
22:00 KSA · REGULAR · signal     · NEAR-USD · vwapRec ▲ 78 · 15m
22:01 KSA · REGULAR · scanner    · بدء المسح · 1154 رمزاً · الجلسة REGULAR
22:01 KSA · REGULAR · scanner    · ساعة التأكيد مثبَّتة على شمعة 18:45Z (من cbar)
22:02 KSA · REGULAR · scanner    · بدء المسح · 1154 رمزاً · الجلسة REGULAR
22:02 KSA · REGULAR · scanner    · ساعة التأكيد مثبَّتة على شمعة 18:45Z (من cbar)
22:04 KSA · REGULAR · scanner    · بدء المسح · 1154 رمزاً · الجلسة REGULAR
22:04 KSA · REGULAR · scanner    · ساعة التأكيد مثبَّتة على شمعة 18:45Z (من cbar)
22:09 KSA · REGULAR · scanner    · بدء المسح · 1154 رمزاً · الجلسة REGULAR
22:09 KSA · REGULAR · scanner    · ساعة التأكيد مثبَّتة على شمعة 18:45Z (من cbar)
22:10 KSA · REGULAR · scanner    · بدء المسح · 1154 رمزاً · الجلسة REGULAR
22:10 KSA · REGULAR · scanner    · ساعة التأكيد مثبَّتة على شمعة 18:45Z (من cbar)
22:12 KSA · REGULAR · scanner    · بدء المسح · 1154 رمزاً · الجلسة REGULAR
22:12 KSA · REGULAR · scanner    · ساعة التأكيد مثبَّتة على شمعة 18:45Z (من cbar)
22:14 KSA · REGULAR · scanner    · بدء المسح · 1154 رمزاً · الجلسة REGULAR
22:14 KSA · REGULAR · scanner    · ساعة التأكيد مثبَّتة على شمعة 18:45Z (من cbar)
22:15 KSA · REGULAR · scanner    · بدء المسح · 1154 رمزاً · الجلسة REGULAR
22:15 KSA · REGULAR · scanner    · ساعة التأكيد مثبَّتة على شمعة 19:00Z (من cbar)
22:15 KSA · REGULAR · signal     · TMUS · volSpike ▼ 94 · 15m
22:15 KSA · REGULAR · signal     · INTU · brk ▼ 66 · 15m
22:15 KSA · REGULAR · signal     · AON · rsiDiv ▲ 78 · 15m
22:15 KSA · REGULAR · signal     · SMCI · volSpike ▼ 56 · 15m
22:15 KSA · REGULAR · signal     · HOLO-USD · brk ▲ 84 · 15m
22:16 KSA · REGULAR · scanner    · بدء المسح · 1154 رمزاً · الجلسة REGULAR
22:16 KSA · REGULAR · scanner    · ساعة التأكيد مثبَّتة على شمعة 19:00Z (من cbar)
22:18 KSA · REGULAR · scanner    · بدء المسح · 1154 رمزاً · الجلسة REGULAR
22:18 KSA · REGULAR · scanner    · ساعة التأكيد مثبَّتة على شمعة 19:00Z (من cbar)
22:22 KSA · REGULAR · scanner    · بدء المسح · 1154 رمزاً · الجلسة REGULAR
22:22 KSA · REGULAR · scanner    · ساعة التأكيد مثبَّتة على شمعة 19:00Z (من cbar)
22:23 KSA · REGULAR · scanner    · بدء المسح · 1154 رمزاً · الجلسة REGULAR
22:23 KSA · REGULAR · scanner    · ساعة التأكيد مثبَّتة على شمعة 19:00Z (من cbar)
22:24 KSA · REGULAR · scanner    · بدء المسح · 1154 رمزاً · الجلسة REGULAR
22:24 KSA · REGULAR · scanner    · ساعة التأكيد مثبَّتة على شمعة 19:00Z (من cbar)
22:26 KSA · REGULAR · scanner    · بدء المسح · 1154 رمزاً · الجلسة REGULAR
22:26 KSA · REGULAR · scanner    · ساعة التأكيد مثبَّتة على شمعة 19:00Z (من cbar)
22:28 KSA · REGULAR · scanner    · بدء المسح · 1154 رمزاً · الجلسة REGULAR
22:28 KSA · REGULAR · scanner    · ساعة التأكيد مثبَّتة على شمعة 19:00Z (من cbar)
22:30 KSA · REGULAR · scanner    · بدء المسح · 1154 رمزاً · الجلسة REGULAR
22:30 KSA · REGULAR · scanner    · ساعة التأكيد مثبَّتة على شمعة 19:15Z (من cbar)
22:30 KSA · REGULAR · signal     · AAPL · rsiDiv ▲ 64 · 1h
22:30 KSA · REGULAR · signal     · MSFT · tfAlign ▲ 89 · 1d
22:30 KSA · REGULAR · signal     · ORCL · tfAlign ▼ 84 · 1d
22:30 KSA · REGULAR · signal     · COST · momo ▼ 64 · 1h
22:30 KSA · REGULAR · signal     · PG · momo ▼ 64 · 1h
22:30 KSA · REGULAR · signal     · DE · volSpike ▼ 78 · 15m
22:30 KSA · REGULAR · signal     · MCD · orb ▼ 93 · 15m
22:30 KSA · REGULAR · signal     · FTNT · vwapRec ▲ 85 · 15m
22:30 KSA · REGULAR · signal     · HPE · momo ▲ 92 · 1h
22:30 KSA · REGULAR · signal     · MDLZ · pbTrend ▲ 64 · 1h
22:30 KSA · REGULAR · signal     · INTU · momo ▼ 72 · 1h
22:30 KSA · REGULAR · signal     · HONA · orb ▼ 83 · 15m
22:30 KSA · REGULAR · signal     · AAVE-USD · meanRev ▼ 63 · 15m
22:30 KSA · REGULAR · signal     · PENDLE-USD · brk ▲ 73 · 15m
22:30 KSA · REGULAR · signal     · CRCLB-USD · rsiDiv ▼ 69 · 15m
22:30 KSA · REGULAR · signal     · HOLO-USD · meanRev ▼ 70 · 15m
22:31 KSA · REGULAR · scanner    · بدء المسح · 1154 رمزاً · الجلسة REGULAR
22:31 KSA · REGULAR · scanner    · ساعة التأكيد مثبَّتة على شمعة 19:15Z (من cbar)
22:32 KSA · REGULAR · scanner    · بدء المسح · 1154 رمزاً · الجلسة REGULAR
22:32 KSA · REGULAR · scanner    · ساعة التأكيد مثبَّتة على شمعة 19:15Z (من cbar)
22:34 KSA · REGULAR · scanner    · بدء المسح · 1154 رمزاً · الجلسة REGULAR
22:34 KSA · REGULAR · scanner    · ساعة التأكيد مثبَّتة على شمعة 19:15Z (من cbar)
22:39 KSA · REGULAR · scanner    · بدء المسح · 1154 رمزاً · الجلسة REGULAR
22:39 KSA · REGULAR · scanner    · ساعة التأكيد مثبَّتة على شمعة 19:15Z (من cbar)
22:40 KSA · REGULAR · scanner    · بدء المسح · 1154 رمزاً · الجلسة REGULAR
22:40 KSA · REGULAR · scanner    · ساعة التأكيد مثبَّتة على شمعة 19:15Z (من cbar)
22:42 KSA · REGULAR · scanner    · بدء المسح · 1154 رمزاً · الجلسة REGULAR
22:42 KSA · REGULAR · scanner    · ساعة التأكيد مثبَّتة على شمعة 19:15Z (من cbar)
22:44 KSA · REGULAR · scanner    · بدء المسح · 1154 رمزاً · الجلسة REGULAR
22:44 KSA · REGULAR · scanner    · ساعة التأكيد مثبَّتة على شمعة 19:15Z (من cbar)
22:45 KSA · REGULAR · scanner    · بدء المسح · 1154 رمزاً · الجلسة REGULAR
22:45 KSA · REGULAR · scanner    · ساعة التأكيد مثبَّتة على شمعة 19:30Z (من cbar)
22:45 KSA · REGULAR · signal     · MS · rsiDiv ▲ 72 · 15m
22:45 KSA · REGULAR · signal     · ABT · momo ▼ 94 · 1h
22:45 KSA · REGULAR · signal     · BLK · brk ▼ 59 · 15m
22:45 KSA · REGULAR · signal     · MDT · volSpike ▼ 67 · 15m
22:45 KSA · REGULAR · signal     · PSX · pbTrend ▲ 64 · 1h
22:45 KSA · REGULAR · signal     · SWKS · momo ▼ 64 · 1h
22:45 KSA · REGULAR · signal     · XAUT-USD · volSpike ▲ 56 · 15m
22:45 KSA · REGULAR · signal     · XPL-USD · sqzExp ▼ 80 · 1h
22:45 KSA · REGULAR · signal     · TAO-USD · meanRev ▼ 70 · 15m
22:46 KSA · REGULAR · scanner    · بدء المسح · 1154 رمزاً · الجلسة REGULAR
22:46 KSA · REGULAR · scanner    · ساعة التأكيد مثبَّتة على شمعة 19:30Z (من cbar)
22:48 KSA · REGULAR · scanner    · بدء المسح · 1154 رمزاً · الجلسة REGULAR
22:48 KSA · REGULAR · scanner    · ساعة التأكيد مثبَّتة على شمعة 19:30Z (من cbar)
22:51 KSA · REGULAR · scanner    · بدء المسح · 1154 رمزاً · الجلسة REGULAR
22:51 KSA · REGULAR · scanner    · ساعة التأكيد مثبَّتة على شمعة 19:30Z (من cbar)
22:53 KSA · REGULAR · scanner    · بدء المسح · 1154 رمزاً · الجلسة REGULAR
22:53 KSA · REGULAR · scanner    · ساعة التأكيد مثبَّتة على شمعة 19:30Z (من cbar)
22:54 KSA · REGULAR · scanner    · بدء المسح · 1154 رمزاً · الجلسة REGULAR
22:54 KSA · REGULAR · scanner    · ساعة التأكيد مثبَّتة على شمعة 19:30Z (من cbar)
22:56 KSA · REGULAR · scanner    · بدء المسح · 1154 رمزاً · الجلسة REGULAR
22:56 KSA · REGULAR · scanner    · ساعة التأكيد مثبَّتة على شمعة 19:30Z (من cbar)
22:58 KSA · REGULAR · scanner    · بدء المسح · 1154 رمزاً · الجلسة REGULAR
22:58 KSA · REGULAR · scanner    · ساعة التأكيد مثبَّتة على شمعة 19:30Z (من cbar)
23:00 KSA · AFTER   · scanner    · بدء المسح · 1154 رمزاً · الجلسة AFTER
23:00 KSA · AFTER   · scanner    · ساعة التأكيد مثبَّتة على شمعة 19:30Z (من cbar)
23:01 KSA · AFTER   · scanner    · بدء المسح · 1154 رمزاً · الجلسة AFTER
23:01 KSA · AFTER   · scanner    · ساعة التأكيد مثبَّتة على شمعة 19:45Z (من cbar)
23:01 KSA · AFTER   · signal     · GILD · brk ▼ 84 · 15m · جلسة ممتدة
23:01 KSA · AFTER   · signal     · CB · brk ▼ 89 · 15m · جلسة ممتدة
23:01 KSA · AFTER   · signal     · CB · meanRev ▲ 85 · 15m · جلسة ممتدة
23:01 KSA · AFTER   · signal     · LMT · brk ▲ 55 · 15m · جلسة ممتدة
23:01 KSA · AFTER   · signal     · MDT · brk ▼ 86 · 15m · جلسة ممتدة
23:01 KSA · AFTER   · signal     · MDT · meanRev ▲ 78 · 15m · جلسة ممتدة
23:01 KSA · AFTER   · signal     · ACN · meanRev ▲ 60 · 15m · جلسة ممتدة
23:01 KSA · AFTER   · signal     · HWM · volSpike ▲ 56 · 15m · جلسة ممتدة
23:01 KSA · AFTER   · signal     · CDNS · meanRev ▼ 68 · 15m · جلسة ممتدة
23:01 KSA · AFTER   · signal     · AAVE-USD · sqzExp ▼ 55 · 1h
23:01 KSA · AFTER   · signal     · ETHFI-USD · momo ▲ 100 · 1h
23:01 KSA · AFTER   · signal     · LSK-USD · volSpike ▼ 56 · 15m
23:01 KSA · AFTER   · signal     · SUI-USD · momo ▲ 100 · 1h
23:02 KSA · AFTER   · scanner    · بدء المسح · 1154 رمزاً · الجلسة AFTER
23:02 KSA · AFTER   · scanner    · ساعة التأكيد مثبَّتة على شمعة 19:45Z (من cbar)
23:04 KSA · AFTER   · scanner    · بدء المسح · 1154 رمزاً · الجلسة AFTER
23:04 KSA · AFTER   · scanner    · ساعة التأكيد مثبَّتة على شمعة 19:45Z (من cbar)
23:06 KSA · AFTER   · scanner    · بدء المسح · 1154 رمزاً · الجلسة AFTER
23:06 KSA · AFTER   · scanner    · ساعة التأكيد مثبَّتة على شمعة 19:45Z (من cbar)
23:08 KSA · AFTER   · scanner    · بدء المسح · 1154 رمزاً · الجلسة AFTER
23:08 KSA · AFTER   · scanner    · ساعة التأكيد مثبَّتة على شمعة 19:45Z (من cbar)
23:10 KSA · AFTER   · scanner    · بدء المسح · 1154 رمزاً · الجلسة AFTER
23:10 KSA · AFTER   · scanner    · ساعة التأكيد مثبَّتة على شمعة 19:45Z (من cbar)
23:12 KSA · AFTER   · scanner    · بدء المسح · 1154 رمزاً · الجلسة AFTER
23:12 KSA · AFTER   · scanner    · ساعة التأكيد مثبَّتة على شمعة 19:45Z (من cbar)
23:14 KSA · AFTER   · scanner    · بدء المسح · 1154 رمزاً · الجلسة AFTER
23:14 KSA · AFTER   · scanner    · ساعة التأكيد مثبَّتة على شمعة 19:45Z (من cbar)
23:15 KSA · AFTER   · scanner    · بدء المسح · 1154 رمزاً · الجلسة AFTER
23:15 KSA · AFTER   · scanner    · ساعة التأكيد مثبَّتة على شمعة 19:45Z (من cbar)
23:16 KSA · AFTER   · scanner    · بدء المسح · 1154 رمزاً · الجلسة AFTER
23:16 KSA · AFTER   · scanner    · ساعة التأكيد مثبَّتة على شمعة 19:45Z (من cbar)
23:18 KSA · AFTER   · scanner    · بدء المسح · 1154 رمزاً · الجلسة AFTER
23:18 KSA · AFTER   · scanner    · ساعة التأكيد مثبَّتة على شمعة 19:45Z (من cbar)
23:20 KSA · AFTER   · scanner    · بدء المسح · 1154 رمزاً · الجلسة AFTER
23:20 KSA · AFTER   · scanner    · ساعة التأكيد مثبَّتة على شمعة 19:45Z (من cbar)
23:22 KSA · AFTER   · scanner    · بدء المسح · 1154 رمزاً · الجلسة AFTER
23:22 KSA · AFTER   · scanner    · ساعة التأكيد مثبَّتة على شمعة 19:45Z (من cbar)
23:23 KSA · AFTER   · scanner    · بدء المسح · 1154 رمزاً · الجلسة AFTER
23:23 KSA · AFTER   · scanner    · ساعة التأكيد مثبَّتة على شمعة 19:45Z (من cbar)
23:24 KSA · AFTER   · scanner    · بدء المسح · 1154 رمزاً · الجلسة AFTER
23:24 KSA · AFTER   · scanner    · ساعة التأكيد مثبَّتة على شمعة 19:45Z (من cbar)
23:26 KSA · AFTER   · scanner    · بدء المسح · 1154 رمزاً · الجلسة AFTER
23:26 KSA · AFTER   · scanner    · ساعة التأكيد مثبَّتة على شمعة 19:45Z (من cbar)
23:28 KSA · AFTER   · scanner    · بدء المسح · 1154 رمزاً · الجلسة AFTER
23:28 KSA · AFTER   · scanner    · ساعة التأكيد مثبَّتة على شمعة 19:45Z (من cbar)
23:30 KSA · AFTER   · scanner    · بدء المسح · 1154 رمزاً · الجلسة AFTER
23:30 KSA · AFTER   · scanner    · ساعة التأكيد مثبَّتة على شمعة 19:45Z (من cbar)
23:31 KSA · AFTER   · scanner    · بدء المسح · 1154 رمزاً · الجلسة AFTER
23:31 KSA · AFTER   · scanner    · ساعة التأكيد مثبَّتة على شمعة 19:45Z (من cbar)
23:32 KSA · AFTER   · scanner    · بدء المسح · 1154 رمزاً · الجلسة AFTER
23:32 KSA · AFTER   · scanner    · ساعة التأكيد مثبَّتة على شمعة 19:45Z (من cbar)
23:34 KSA · AFTER   · scanner    · بدء المسح · 1154 رمزاً · الجلسة AFTER
23:34 KSA · AFTER   · scanner    · ساعة التأكيد مثبَّتة على شمعة 19:45Z (من cbar)
23:36 KSA · AFTER   · scanner    · بدء المسح · 1154 رمزاً · الجلسة AFTER
23:36 KSA · AFTER   · scanner    · ساعة التأكيد مثبَّتة على شمعة 19:45Z (من cbar)
23:38 KSA · AFTER   · scanner    · بدء المسح · 1154 رمزاً · الجلسة AFTER
23:38 KSA · AFTER   · scanner    · ساعة التأكيد مثبَّتة على شمعة 19:45Z (من cbar)
23:40 KSA · AFTER   · scanner    · بدء المسح · 1154 رمزاً · الجلسة AFTER
23:40 KSA · AFTER   · scanner    · ساعة التأكيد مثبَّتة على شمعة 19:45Z (من cbar)
23:42 KSA · AFTER   · scanner    · بدء المسح · 1154 رمزاً · الجلسة AFTER
23:42 KSA · AFTER   · scanner    · ساعة التأكيد مثبَّتة على شمعة 19:45Z (من cbar)
23:44 KSA · AFTER   · scanner    · بدء المسح · 1154 رمزاً · الجلسة AFTER
23:44 KSA · AFTER   · scanner    · ساعة التأكيد مثبَّتة على شمعة 19:45Z (من cbar)
23:45 KSA · AFTER   · scanner    · بدء المسح · 1154 رمزاً · الجلسة AFTER
23:45 KSA · AFTER   · scanner    · ساعة التأكيد مثبَّتة على شمعة 19:45Z (من cbar)
23:45 KSA · AFTER   · signal     · LINK-USD · momo ▲ 89 · 1h
23:45 KSA · AFTER   · signal     · WLFI-USD · pbTrend ▼ 83 · 1h
23:46 KSA · AFTER   · scanner    · بدء المسح · 1154 رمزاً · الجلسة AFTER
23:46 KSA · AFTER   · scanner    · ساعة التأكيد مثبَّتة على شمعة 19:45Z (من cbar)
23:48 KSA · AFTER   · scanner    · بدء المسح · 1154 رمزاً · الجلسة AFTER
23:48 KSA · AFTER   · scanner    · ساعة التأكيد مثبَّتة على شمعة 19:45Z (من cbar)
23:50 KSA · AFTER   · scanner    · بدء المسح · 1154 رمزاً · الجلسة AFTER
23:50 KSA · AFTER   · scanner    · ساعة التأكيد مثبَّتة على شمعة 19:45Z (من cbar)
23:52 KSA · AFTER   · scanner    · بدء المسح · 1154 رمزاً · الجلسة AFTER
23:52 KSA · AFTER   · scanner    · ساعة التأكيد مثبَّتة على شمعة 19:45Z (من cbar)
23:53 KSA · AFTER   · scanner    · بدء المسح · 1154 رمزاً · الجلسة AFTER
23:53 KSA · AFTER   · scanner    · ساعة التأكيد مثبَّتة على شمعة 19:45Z (من cbar)
23:54 KSA · AFTER   · scanner    · بدء المسح · 1154 رمزاً · الجلسة AFTER
23:54 KSA · AFTER   · scanner    · ساعة التأكيد مثبَّتة على شمعة 19:45Z (من cbar)
23:56 KSA · AFTER   · scanner    · بدء المسح · 1154 رمزاً · الجلسة AFTER
23:56 KSA · AFTER   · scanner    · ساعة التأكيد مثبَّتة على شمعة 19:45Z (من cbar)
23:58 KSA · AFTER   · scanner    · بدء المسح · 1154 رمزاً · الجلسة AFTER
23:58 KSA · AFTER   · scanner    · ساعة التأكيد مثبَّتة على شمعة 19:45Z (من cbar)
