00:00 KSA · AFTER   · scanner    · بدء المسح · 1154 رمزاً · الجلسة AFTER
00:03 KSA · AFTER   · scanner    · بدء المسح · 1154 رمزاً · الجلسة AFTER
00:03 KSA · AFTER   · signal     · AMZN · orb ▲ 71 · 15m · جلسة ممتدة
00:03 KSA · AFTER   · signal     · LLY · orb ▼ 65 · 15m · جلسة ممتدة
00:03 KSA · AFTER   · signal     · LLY · vwapRec ▼ 60 · 15m · جلسة ممتدة
00:03 KSA · AFTER   · signal     · MRK · orb ▼ 60 · 15m · جلسة ممتدة
00:03 KSA · AFTER   · signal     · KLAC · volSpike ▲ 94 · 15m · جلسة ممتدة
00:03 KSA · AFTER   · signal     · MRVL · orb ▼ 65 · 15m · جلسة ممتدة
00:03 KSA · AFTER   · signal     · UNP · brk ▲ 56 · 15m · جلسة ممتدة
00:03 KSA · AFTER   · signal     · VRTX · vwapRec ▲ 59 · 15m · جلسة ممتدة
00:03 KSA · AFTER   · signal     · LMT · vwapRec ▼ 70 · 15m · جلسة ممتدة
00:03 KSA · AFTER   · signal     · ACN · orb ▲ 70 · 15m · جلسة ممتدة
00:03 KSA · AFTER   · signal     · ACN · volSpike ▲ 89 · 15m · جلسة ممتدة
00:03 KSA · AFTER   · signal     · HON · vwapRec ▼ 85 · 15m · جلسة ممتدة
00:03 KSA · AFTER   · signal     · BSX · orb ▲ 60 · 15m · جلسة ممتدة
00:03 KSA · AFTER   · signal     · MPWR · vwapRec ▼ 73 · 15m · جلسة ممتدة
00:03 KSA · AFTER   · signal     · NXPI · orb ▲ 70 · 15m · جلسة ممتدة
00:03 KSA · AFTER   · signal     · NXPI · brk ▲ 70 · 15m · جلسة ممتدة
00:03 KSA · AFTER   · signal     · NXPI · meanRev ▼ 93 · 15m · جلسة ممتدة
00:04 KSA · AFTER   · scanner    · بدء المسح · 1154 رمزاً · الجلسة AFTER
00:07 KSA · AFTER   · scanner    · بدء المسح · 1154 رمزاً · الجلسة AFTER
00:08 KSA · AFTER   · scanner    · بدء المسح · 1154 رمزاً · الجلسة AFTER
00:10 KSA · AFTER   · scanner    · بدء المسح · 1154 رمزاً · الجلسة AFTER
00:12 KSA · AFTER   · scanner    · بدء المسح · 1154 رمزاً · الجلسة AFTER
00:12 KSA · AFTER   · signal     · PLTR · meanRev ▼ 78 · 15m · جلسة ممتدة
00:12 KSA · AFTER   · signal     · PFE · orb ▼ 76 · 15m · جلسة ممتدة
00:12 KSA · AFTER   · signal     · KKR · brk ▲ 67 · 15m · جلسة ممتدة
00:12 KSA · AFTER   · signal     · NSC · orb ▲ 82 · 15m · جلسة ممتدة
00:12 KSA · AFTER   · signal     · HPQ · orb ▲ 94 · 15m · جلسة ممتدة
00:12 KSA · AFTER   · signal     · HPQ · vwapRec ▲ 65 · 15m · جلسة ممتدة
00:14 KSA · AFTER   · scanner    · بدء المسح · 1154 رمزاً · الجلسة AFTER
00:16 KSA · AFTER   · scanner    · بدء المسح · 1154 رمزاً · الجلسة AFTER
00:18 KSA · AFTER   · scanner    · بدء المسح · 1154 رمزاً · الجلسة AFTER
00:20 KSA · AFTER   · scanner    · بدء المسح · 1154 رمزاً · الجلسة AFTER
00:23 KSA · AFTER   · scanner    · بدء المسح · 1154 رمزاً · الجلسة AFTER
00:23 KSA · AFTER   · signal     · MA · brk ▼ 67 · 15m · جلسة ممتدة
00:23 KSA · AFTER   · signal     · UNH · orb ▲ 80 · 15m · جلسة ممتدة
00:23 KSA · AFTER   · signal     · DE · orb ▼ 62 · 15m · جلسة ممتدة
00:23 KSA · AFTER   · signal     · UNP · vwapRec ▲ 59 · 15m · جلسة ممتدة
00:23 KSA · AFTER   · signal     · CB · orb ▼ 73 · 15m · جلسة ممتدة
00:23 KSA · AFTER   · signal     · HWM · vwapRec ▼ 78 · 15m · جلسة ممتدة
00:23 KSA · AFTER   · signal     · NSC · brk ▼ 81 · 15m · جلسة ممتدة
00:23 KSA · AFTER   · signal     · HONA · orb ▲ 88 · 15m · جلسة ممتدة
00:23 KSA · AFTER   · signal     · AZO · meanRev ▼ 70 · 15m · جلسة ممتدة
00:23 KSA · AFTER   · signal     · LHX · vwapRec ▼ 68 · 15m · جلسة ممتدة
00:23 KSA · AFTER   · signal     · MCHP · vwapRec ▼ 57 · 15m · جلسة ممتدة
00:23 KSA · AFTER   · signal     · HPQ · orb ▼ 62 · 15m · جلسة ممتدة
00:24 KSA · AFTER   · scanner    · بدء المسح · 1154 رمزاً · الجلسة AFTER
00:26 KSA · AFTER   · scanner    · بدء المسح · 1154 رمزاً · الجلسة AFTER
00:28 KSA · AFTER   · scanner    · بدء المسح · 1154 رمزاً · الجلسة AFTER
00:30 KSA · AFTER   · scanner    · بدء المسح · 1154 رمزاً · الجلسة AFTER
00:32 KSA · AFTER   · scanner    · بدء المسح · 1154 رمزاً · الجلسة AFTER
00:32 KSA · AFTER   · signal     · SPGI · brk ▼ 61 · 15m · جلسة ممتدة
00:32 KSA · AFTER   · signal     · NSC · vwapRec ▼ 59 · 15m · جلسة ممتدة
00:32 KSA · AFTER   · signal     · NKE · vwapRec ▼ 59 · 15m · جلسة ممتدة
00:34 KSA · AFTER   · scanner    · بدء المسح · 1154 رمزاً · الجلسة AFTER
00:37 KSA · AFTER   · scanner    · بدء المسح · 1154 رمزاً · الجلسة AFTER
00:38 KSA · AFTER   · scanner    · بدء المسح · 1154 رمزاً · الجلسة AFTER
00:40 KSA · AFTER   · scanner    · بدء المسح · 1154 رمزاً · الجلسة AFTER
00:43 KSA · AFTER   · scanner    · بدء المسح · 1154 رمزاً · الجلسة AFTER
00:43 KSA · AFTER   · signal     · MSFT · orb ▲ 88 · 15m · جلسة ممتدة
00:43 KSA · AFTER   · signal     · NEAR-USD · rsiDiv ▼ 58 · 1h
00:44 KSA · AFTER   · scanner    · بدء المسح · 1154 رمزاً · الجلسة AFTER
00:46 KSA · AFTER   · scanner    · بدء المسح · 1154 رمزاً · الجلسة AFTER
00:48 KSA · AFTER   · scanner    · بدء المسح · 1154 رمزاً · الجلسة AFTER
00:50 KSA · AFTER   · scanner    · بدء المسح · 1154 رمزاً · الجلسة AFTER
00:53 KSA · AFTER   · scanner    · بدء المسح · 1154 رمزاً · الجلسة AFTER
00:53 KSA · AFTER   · signal     · VRTX · orb ▲ 59 · 15m · جلسة ممتدة
00:53 KSA · AFTER   · signal     · NXPI · volSpike ▲ 94 · 15m · جلسة ممتدة
00:53 KSA · AFTER   · signal     · HONA · brk ▲ 56 · 15m · جلسة ممتدة
00:53 KSA · AFTER   · signal     · ADSK · orb ▲ 71 · 15m · جلسة ممتدة
00:53 KSA · AFTER   · signal     · RDDT · orb ▲ 87 · 15m · جلسة ممتدة
00:54 KSA · AFTER   · scanner    · بدء المسح · 1154 رمزاً · الجلسة AFTER
00:56 KSA · AFTER   · scanner    · بدء المسح · 1154 رمزاً · الجلسة AFTER
00:58 KSA · AFTER   · scanner    · بدء المسح · 1154 رمزاً · الجلسة AFTER
01:00 KSA · AFTER   · scanner    · بدء المسح · 1154 رمزاً · الجلسة AFTER
01:02 KSA · AFTER   · scanner    · بدء المسح · 1154 رمزاً · الجلسة AFTER
01:02 KSA · AFTER   · signal     · DE · orb ▲ 85 · 15m · جلسة ممتدة
01:02 KSA · AFTER   · signal     · DE · brk ▲ 81 · 15m · جلسة ممتدة
01:02 KSA · AFTER   · signal     · MCD · orb ▲ 65 · 15m · جلسة ممتدة
01:02 KSA · AFTER   · signal     · UNP · brk ▼ 56 · 15m · جلسة ممتدة
01:02 KSA · AFTER   · signal     · UNP · meanRev ▲ 57 · 15m · جلسة ممتدة
01:02 KSA · AFTER   · signal     · ETN · vwapRec ▲ 59 · 15m · جلسة ممتدة
01:02 KSA · AFTER   · signal     · NEM · orb ▲ 75 · 15m · جلسة ممتدة
01:02 KSA · AFTER   · signal     · LOW · vwapRec ▲ 60 · 15m · جلسة ممتدة
01:02 KSA · AFTER   · signal     · AZO · orb ▼ 100 · 15m · جلسة ممتدة
01:02 KSA · AFTER   · signal     · LHX · vwapRec ▼ 78 · 15m · جلسة ممتدة
01:04 KSA · AFTER   · scanner    · بدء المسح · 1154 رمزاً · الجلسة AFTER
01:07 KSA · AFTER   · scanner    · بدء المسح · 1154 رمزاً · الجلسة AFTER
01:08 KSA · AFTER   · scanner    · بدء المسح · 1154 رمزاً · الجلسة AFTER
01:10 KSA · AFTER   · scanner    · بدء المسح · 1154 رمزاً · الجلسة AFTER
01:12 KSA · AFTER   · scanner    · بدء المسح · 1154 رمزاً · الجلسة AFTER
01:12 KSA · AFTER   · signal     · LIN · brk ▲ 83 · 15m · جلسة ممتدة
01:14 KSA · AFTER   · scanner    · بدء المسح · 1154 رمزاً · الجلسة AFTER
01:16 KSA · AFTER   · scanner    · بدء المسح · 1154 رمزاً · الجلسة AFTER
01:18 KSA · AFTER   · scanner    · بدء المسح · 1154 رمزاً · الجلسة AFTER
01:20 KSA · AFTER   · scanner    · بدء المسح · 1154 رمزاً · الجلسة AFTER
01:23 KSA · AFTER   · scanner    · بدء المسح · 1154 رمزاً · الجلسة AFTER
01:23 KSA · AFTER   · signal     · ISRG · vwapRec ▼ 59 · 15m · جلسة ممتدة
01:24 KSA · AFTER   · scanner    · بدء المسح · 1154 رمزاً · الجلسة AFTER
01:26 KSA · AFTER   · scanner    · بدء المسح · 1154 رمزاً · الجلسة AFTER
01:28 KSA · AFTER   · scanner    · بدء المسح · 1154 رمزاً · الجلسة AFTER
01:30 KSA · AFTER   · scanner    · بدء المسح · 1154 رمزاً · الجلسة AFTER
01:32 KSA · AFTER   · scanner    · بدء المسح · 1154 رمزاً · الجلسة AFTER
01:32 KSA · AFTER   · signal     · GOOG · volSpike ▼ 78 · 15m · جلسة ممتدة
01:32 KSA · AFTER   · signal     · ABT · brk ▲ 72 · 15m · جلسة ممتدة
01:32 KSA · AFTER   · signal     · ABT · meanRev ▼ 70 · 15m · جلسة ممتدة
01:32 KSA · AFTER   · signal     · UNP · meanRev ▲ 57 · 15m · جلسة ممتدة
01:32 KSA · AFTER   · signal     · HOOD · vwapRec ▲ 74 · 15m · جلسة ممتدة
01:34 KSA · AFTER   · scanner    · بدء المسح · 1154 رمزاً · الجلسة AFTER
01:37 KSA · AFTER   · scanner    · بدء المسح · 1154 رمزاً · الجلسة AFTER
01:38 KSA · AFTER   · scanner    · بدء المسح · 1154 رمزاً · الجلسة AFTER
01:40 KSA · AFTER   · scanner    · بدء المسح · 1154 رمزاً · الجلسة AFTER
01:43 KSA · AFTER   · scanner    · بدء المسح · 1154 رمزاً · الجلسة AFTER
01:43 KSA · AFTER   · signal     · FCX · orb ▼ 68 · 15m · جلسة ممتدة
01:43 KSA · AFTER   · signal     · XAUT-USD · pbTrend ▼ 60 · 1h
01:43 KSA · AFTER   · signal     · HOLO-USD · pbTrend ▼ 67 · 1h
01:43 KSA · AFTER   · signal     · ASTER-USD · momo ▲ 83 · 1h
01:44 KSA · AFTER   · scanner    · بدء المسح · 1154 رمزاً · الجلسة AFTER
01:46 KSA · AFTER   · scanner    · بدء المسح · 1154 رمزاً · الجلسة AFTER
01:48 KSA · AFTER   · scanner    · بدء المسح · 1154 رمزاً · الجلسة AFTER
01:50 KSA · AFTER   · scanner    · بدء المسح · 1154 رمزاً · الجلسة AFTER
01:52 KSA · AFTER   · scanner    · بدء المسح · 1154 رمزاً · الجلسة AFTER
01:52 KSA · AFTER   · signal     · JPM · orb ▲ 59 · 15m · جلسة ممتدة
01:52 KSA · AFTER   · signal     · ORCL · orb ▼ 65 · 15m · جلسة ممتدة
01:52 KSA · AFTER   · signal     · CRWD · orb ▼ 82 · 15m · جلسة ممتدة
01:52 KSA · AFTER   · signal     · NSC · brk ▼ 94 · 15m · جلسة ممتدة
01:52 KSA · AFTER   · signal     · SMCI · orb ▼ 65 · 15m · جلسة ممتدة
01:54 KSA · AFTER   · scanner    · بدء المسح · 1154 رمزاً · الجلسة AFTER
01:56 KSA · AFTER   · scanner    · بدء المسح · 1154 رمزاً · الجلسة AFTER
01:58 KSA · AFTER   · scanner    · بدء المسح · 1154 رمزاً · الجلسة AFTER
02:00 KSA · AFTER   · scanner    · بدء المسح · 1154 رمزاً · الجلسة AFTER
02:03 KSA · AFTER   · scanner    · بدء المسح · 1154 رمزاً · الجلسة AFTER
02:03 KSA · AFTER   · signal     · V · orb ▲ 65 · 15m · جلسة ممتدة
02:03 KSA · AFTER   · signal     · V · brk ▲ 67 · 15m · جلسة ممتدة
02:03 KSA · AFTER   · signal     · PG · brk ▲ 61 · 15m · جلسة ممتدة
02:03 KSA · AFTER   · signal     · MS · orb ▲ 59 · 15m · جلسة ممتدة
02:03 KSA · AFTER   · signal     · DE · orb ▼ 62 · 15m · جلسة ممتدة
02:03 KSA · AFTER   · signal     · DHR · brk ▼ 67 · 15m · جلسة ممتدة
02:03 KSA · AFTER   · signal     · DHR · meanRev ▲ 70 · 15m · جلسة ممتدة
02:03 KSA · AFTER   · signal     · ADP · orb ▲ 59 · 15m · جلسة ممتدة
02:03 KSA · AFTER   · signal     · ADP · brk ▲ 67 · 15m · جلسة ممتدة
02:04 KSA · AFTER   · scanner    · بدء المسح · 1154 رمزاً · الجلسة AFTER
02:07 KSA · AFTER   · scanner    · بدء المسح · 1154 رمزاً · الجلسة AFTER
02:08 KSA · AFTER   · scanner    · بدء المسح · 1154 رمزاً · الجلسة AFTER
02:10 KSA · AFTER   · scanner    · بدء المسح · 1154 رمزاً · الجلسة AFTER
02:12 KSA · AFTER   · scanner    · بدء المسح · 1154 رمزاً · الجلسة AFTER
02:12 KSA · AFTER   · signal     · JNJ · orb ▲ 76 · 15m · جلسة ممتدة
02:12 KSA · AFTER   · signal     · JNJ · vwapRec ▲ 59 · 15m · جلسة ممتدة
02:12 KSA · AFTER   · signal     · JNJ · brk ▲ 78 · 15m · جلسة ممتدة
02:12 KSA · AFTER   · signal     · MA · orb ▲ 76 · 15m · جلسة ممتدة
02:12 KSA · AFTER   · signal     · KO · vwapRec ▼ 62 · 15m · جلسة ممتدة
02:12 KSA · AFTER   · signal     · MS · brk ▲ 67 · 15m · جلسة ممتدة
02:12 KSA · AFTER   · signal     · APH · orb ▲ 68 · 15m · جلسة ممتدة
02:12 KSA · AFTER   · signal     · TER · vwapRec ▲ 65 · 15m · جلسة ممتدة
02:12 KSA · AFTER   · signal     · ADSK · orb ▼ 94 · 15m · جلسة ممتدة
02:12 KSA · AFTER   · signal     · ADSK · meanRev ▲ 63 · 15m · جلسة ممتدة
02:14 KSA · AFTER   · scanner    · بدء المسح · 1154 رمزاً · الجلسة AFTER
02:16 KSA · AFTER   · scanner    · بدء المسح · 1154 رمزاً · الجلسة AFTER
02:18 KSA · AFTER   · scanner    · بدء المسح · 1154 رمزاً · الجلسة AFTER
02:20 KSA · AFTER   · scanner    · بدء المسح · 1154 رمزاً · الجلسة AFTER
02:22 KSA · AFTER   · scanner    · بدء المسح · 1154 رمزاً · الجلسة AFTER
02:22 KSA · AFTER   · signal     · PM · brk ▼ 92 · 15m · جلسة ممتدة
02:22 KSA · AFTER   · signal     · DE · orb ▲ 94 · 15m · جلسة ممتدة
02:22 KSA · AFTER   · signal     · DE · brk ▲ 89 · 15m · جلسة ممتدة
02:22 KSA · AFTER   · signal     · SCHW · orb ▲ 65 · 15m · جلسة ممتدة
02:22 KSA · AFTER   · signal     · SCHW · brk ▲ 67 · 15m · جلسة ممتدة
02:22 KSA · AFTER   · signal     · UNP · brk ▲ 56 · 15m · جلسة ممتدة
02:22 KSA · AFTER   · signal     · COP · vwapRec ▲ 68 · 15m · جلسة ممتدة
02:24 KSA · AFTER   · scanner    · بدء المسح · 1154 رمزاً · الجلسة AFTER
02:26 KSA · AFTER   · scanner    · بدء المسح · 1154 رمزاً · الجلسة AFTER
02:28 KSA · AFTER   · scanner    · بدء المسح · 1154 رمزاً · الجلسة AFTER
02:30 KSA · AFTER   · scanner    · بدء المسح · 1154 رمزاً · الجلسة AFTER
02:33 KSA · AFTER   · scanner    · بدء المسح · 1154 رمزاً · الجلسة AFTER
02:33 KSA · AFTER   · signal     · TXN · orb ▲ 71 · 15m · جلسة ممتدة
02:33 KSA · AFTER   · signal     · TXN · vwapRec ▲ 74 · 15m · جلسة ممتدة
02:33 KSA · AFTER   · signal     · TXN · meanRev ▼ 60 · 15m · جلسة ممتدة
02:33 KSA · AFTER   · signal     · NEE · vwapRec ▲ 60 · 15m · جلسة ممتدة
02:33 KSA · AFTER   · signal     · CB · orb ▲ 62 · 15m · جلسة ممتدة
02:33 KSA · AFTER   · signal     · MDLZ · orb ▲ 88 · 15m · جلسة ممتدة
02:34 KSA · AFTER   · scanner    · بدء المسح · 1154 رمزاً · الجلسة AFTER
02:37 KSA · AFTER   · scanner    · بدء المسح · 1154 رمزاً · الجلسة AFTER
02:38 KSA · AFTER   · scanner    · بدء المسح · 1154 رمزاً · الجلسة AFTER
02:40 KSA · AFTER   · scanner    · بدء المسح · 1154 رمزاً · الجلسة AFTER
02:43 KSA · AFTER   · scanner    · بدء المسح · 1154 رمزاً · الجلسة AFTER
02:43 KSA · AFTER   · signal     · SCHW · meanRev ▼ 57 · 15m · جلسة ممتدة
02:43 KSA · AFTER   · signal     · PGR · orb ▼ 80 · 15m · جلسة ممتدة
02:45 KSA · AFTER   · scanner    · بدء المسح · 1154 رمزاً · الجلسة AFTER
02:46 KSA · AFTER   · scanner    · بدء المسح · 1154 رمزاً · الجلسة AFTER
02:48 KSA · AFTER   · scanner    · بدء المسح · 1154 رمزاً · الجلسة AFTER
02:50 KSA · AFTER   · scanner    · بدء المسح · 1154 رمزاً · الجلسة AFTER
02:52 KSA · AFTER   · scanner    · بدء المسح · 1154 رمزاً · الجلسة AFTER
02:52 KSA · AFTER   · signal     · JPM · vwapRec ▼ 73 · 15m · جلسة ممتدة
02:52 KSA · AFTER   · signal     · NEE · brk ▲ 69 · 15m · جلسة ممتدة
02:52 KSA · AFTER   · signal     · LHX · vwapRec ▼ 62 · 15m · جلسة ممتدة
02:54 KSA · AFTER   · scanner    · بدء المسح · 1154 رمزاً · الجلسة AFTER
02:56 KSA · AFTER   · scanner    · بدء المسح · 1154 رمزاً · الجلسة AFTER
02:58 KSA · AFTER   · scanner    · بدء المسح · 1154 رمزاً · الجلسة AFTER
03:00 KSA · CLOSED  · scanner    · بدء المسح · 1154 رمزاً · الجلسة CLOSED
03:00 KSA · CLOSED  · signal     · V · volSpike ▲ 83 · 15m
03:00 KSA · CLOSED  · signal     · JNJ · volSpike ▲ 100 · 15m
03:00 KSA · CLOSED  · signal     · MS · meanRev ▼ 70 · 15m
03:00 KSA · CLOSED  · signal     · ABT · volSpike ▲ 78 · 15m
03:00 KSA · CLOSED  · signal     · ETN · volSpike ▲ 83 · 15m
03:00 KSA · CLOSED  · signal     · SPGI · volSpike ▲ 78 · 15m
03:00 KSA · CLOSED  · signal     · ADP · volSpike ▲ 83 · 15m
03:00 KSA · CLOSED  · signal     · NSC · volSpike ▼ 67 · 15m
03:02 KSA · CLOSED  · scanner    · بدء المسح · 1154 رمزاً · الجلسة CLOSED
03:04 KSA · CLOSED  · scanner    · بدء المسح · 1154 رمزاً · الجلسة CLOSED
03:08 KSA · CLOSED  · scanner    · بدء المسح · 1154 رمزاً · الجلسة CLOSED
03:10 KSA · CLOSED  · scanner    · بدء المسح · 1154 رمزاً · الجلسة CLOSED
03:12 KSA · CLOSED  · scanner    · بدء المسح · 1154 رمزاً · الجلسة CLOSED
03:12 KSA · CLOSED  · signal     · PENGU-USD · tfAlign ▲ 79 · 1d
03:14 KSA · CLOSED  · scanner    · بدء المسح · 1154 رمزاً · الجلسة CLOSED
03:16 KSA · CLOSED  · scanner    · بدء المسح · 1154 رمزاً · الجلسة CLOSED
03:18 KSA · CLOSED  · scanner    · بدء المسح · 1154 رمزاً · الجلسة CLOSED
03:20 KSA · CLOSED  · scanner    · بدء المسح · 1154 رمزاً · الجلسة CLOSED
03:22 KSA · CLOSED  · scanner    · بدء المسح · 1154 رمزاً · الجلسة CLOSED
03:24 KSA · CLOSED  · scanner    · بدء المسح · 1154 رمزاً · الجلسة CLOSED
03:26 KSA · CLOSED  · scanner    · بدء المسح · 1154 رمزاً · الجلسة CLOSED
03:28 KSA · CLOSED  · scanner    · بدء المسح · 1154 رمزاً · الجلسة CLOSED
03:30 KSA · CLOSED  · scanner    · بدء المسح · 1154 رمزاً · الجلسة CLOSED
03:33 KSA · CLOSED  · scanner    · بدء المسح · 1154 رمزاً · الجلسة CLOSED
03:34 KSA · CLOSED  · scanner    · بدء المسح · 1154 رمزاً · الجلسة CLOSED
03:37 KSA · CLOSED  · scanner    · بدء المسح · 1154 رمزاً · الجلسة CLOSED
03:38 KSA · CLOSED  · scanner    · بدء المسح · 1154 رمزاً · الجلسة CLOSED
03:40 KSA · CLOSED  · scanner    · بدء المسح · 1154 رمزاً · الجلسة CLOSED
03:43 KSA · CLOSED  · scanner    · بدء المسح · 1154 رمزاً · الجلسة CLOSED
03:43 KSA · CLOSED  · signal     · CAKE-USD · pbTrend ▲ 83 · 1h
03:44 KSA · CLOSED  · scanner    · بدء المسح · 1154 رمزاً · الجلسة CLOSED
03:46 KSA · CLOSED  · scanner    · بدء المسح · 1154 رمزاً · الجلسة CLOSED
03:48 KSA · CLOSED  · scanner    · بدء المسح · 1154 رمزاً · الجلسة CLOSED
03:50 KSA · CLOSED  · scanner    · بدء المسح · 1154 رمزاً · الجلسة CLOSED
03:53 KSA · CLOSED  · scanner    · بدء المسح · 1154 رمزاً · الجلسة CLOSED
03:54 KSA · CLOSED  · scanner    · بدء المسح · 1154 رمزاً · الجلسة CLOSED
03:56 KSA · CLOSED  · scanner    · بدء المسح · 1154 رمزاً · الجلسة CLOSED
03:58 KSA · CLOSED  · scanner    · بدء المسح · 1154 رمزاً · الجلسة CLOSED
04:00 KSA · CLOSED  · scanner    · بدء المسح · 1154 رمزاً · الجلسة CLOSED
04:02 KSA · CLOSED  · scanner    · بدء المسح · 1154 رمزاً · الجلسة CLOSED
04:02 KSA · CLOSED  · signal     · MTL-USD · orb ▲ 100 · 15m
04:04 KSA · CLOSED  · scanner    · بدء المسح · 1154 رمزاً · الجلسة CLOSED
04:07 KSA · CLOSED  · scanner    · بدء المسح · 1154 رمزاً · الجلسة CLOSED
04:08 KSA · CLOSED  · scanner    · بدء المسح · 1154 رمزاً · الجلسة CLOSED
04:10 KSA · CLOSED  · scanner    · بدء المسح · 1154 رمزاً · الجلسة CLOSED
04:12 KSA · CLOSED  · scanner    · بدء المسح · 1154 رمزاً · الجلسة CLOSED
04:14 KSA · CLOSED  · scanner    · بدء المسح · 1154 رمزاً · الجلسة CLOSED
04:16 KSA · CLOSED  · scanner    · بدء المسح · 1154 رمزاً · الجلسة CLOSED
04:18 KSA · CLOSED  · scanner    · بدء المسح · 1154 رمزاً · الجلسة CLOSED
04:20 KSA · CLOSED  · scanner    · بدء المسح · 1154 رمزاً · الجلسة CLOSED
04:22 KSA · CLOSED  · scanner    · بدء المسح · 1154 رمزاً · الجلسة CLOSED
04:24 KSA · CLOSED  · scanner    · بدء المسح · 1154 رمزاً · الجلسة CLOSED
04:26 KSA · CLOSED  · scanner    · بدء المسح · 1154 رمزاً · الجلسة CLOSED
04:28 KSA · CLOSED  · scanner    · بدء المسح · 1154 رمزاً · الجلسة CLOSED
04:30 KSA · CLOSED  · scanner    · بدء المسح · 1154 رمزاً · الجلسة CLOSED
04:32 KSA · CLOSED  · scanner    · بدء المسح · 1154 رمزاً · الجلسة CLOSED
04:34 KSA · CLOSED  · scanner    · بدء المسح · 1154 رمزاً · الجلسة CLOSED
04:37 KSA · CLOSED  · scanner    · بدء المسح · 1154 رمزاً · الجلسة CLOSED
04:38 KSA · CLOSED  · scanner    · بدء المسح · 1154 رمزاً · الجلسة CLOSED
04:40 KSA · CLOSED  · scanner    · بدء المسح · 1154 رمزاً · الجلسة CLOSED
04:43 KSA · CLOSED  · scanner    · بدء المسح · 1154 رمزاً · الجلسة CLOSED
04:43 KSA · CLOSED  · signal     · HOLO-USD · pbTrend ▼ 57 · 1h
04:45 KSA · CLOSED  · scanner    · بدء المسح · 1154 رمزاً · الجلسة CLOSED
04:46 KSA · CLOSED  · scanner    · بدء المسح · 1154 رمزاً · الجلسة CLOSED
04:48 KSA · CLOSED  · scanner    · بدء المسح · 1154 رمزاً · الجلسة CLOSED
04:50 KSA · CLOSED  · scanner    · بدء المسح · 1154 رمزاً · الجلسة CLOSED
04:51 KSA · CLOSED  · scanner    · بدء المسح · 1154 رمزاً · الجلسة CLOSED
04:52 KSA · CLOSED  · scanner    · بدء المسح · 1154 رمزاً · الجلسة CLOSED
04:54 KSA · CLOSED  · scanner    · بدء المسح · 1154 رمزاً · الجلسة CLOSED
04:56 KSA · CLOSED  · scanner    · بدء المسح · 1154 رمزاً · الجلسة CLOSED
04:58 KSA · CLOSED  · scanner    · بدء المسح · 1154 رمزاً · الجلسة CLOSED
04:58 KSA · CLOSED  · signal     · BTC-USD · sqzExp ▲ 60 · 1h
04:58 KSA · CLOSED  · signal     · MU · sqzExp ▲ 75 · 1h
04:58 KSA · CLOSED  · signal     · CVX · brk ▼ 73 · 15m
04:58 KSA · CLOSED  · signal     · LRCX · sqzExp ▲ 80 · 1h
04:58 KSA · CLOSED  · signal     · AMAT · sqzExp ▲ 85 · 1h
04:58 KSA · CLOSED  · signal     · GE · tfAlign ▼ 79 · 1d
04:58 KSA · CLOSED  · signal     · PM · volSpike ▼ 78 · 15m
04:58 KSA · CLOSED  · signal     · PM · momo ▼ 75 · 1h
04:58 KSA · CLOSED  · signal     · SNDK · sqzExp ▲ 80 · 1h
04:58 KSA · CLOSED  · signal     · TXN · sqzExp ▲ 60 · 1h
04:58 KSA · CLOSED  · signal     · KLAC · sqzExp ▲ 80 · 1h
04:58 KSA · CLOSED  · signal     · ADI · sqzExp ▲ 80 · 1h
04:58 KSA · CLOSED  · signal     · ABT · meanRev ▼ 85 · 15m
04:58 KSA · CLOSED  · signal     · PEP · sqzExp ▼ 57 · 1h
04:58 KSA · CLOSED  · signal     · NEE · volSpike ▲ 78 · 15m
04:58 KSA · CLOSED  · signal     · ETN · sqzExp ▲ 57 · 1h
04:58 KSA · CLOSED  · signal     · VRTX · rsiDiv ▼ 56 · 15m
04:58 KSA · CLOSED  · signal     · PGR · volSpike ▼ 61 · 15m
04:58 KSA · CLOSED  · signal     · PH · meanRev ▼ 75 · 15m
04:58 KSA · CLOSED  · signal     · PH · sqzExp ▲ 75 · 1h
04:58 KSA · CLOSED  · signal     · PWR · momo ▲ 100 · 1h
04:58 KSA · CLOSED  · signal     · FIX · sqzExp ▲ 100 · 1h
04:58 KSA · CLOSED  · signal     · DASH-USD · brk ▲ 100 · 15m
04:58 KSA · CLOSED  · signal     · FIL-USD · sqzExp ▲ 80 · 1h
04:58 KSA · CLOSED  · signal     · MSTRB-USD · sqzExp ▲ 60 · 1h
04:58 KSA · CLOSED  · signal     · PEPE-USD · tfAlign ▲ 87 · 1d
04:58 KSA · CLOSED  · signal     · THE-USD · meanRev ▼ 68 · 15m
04:58 KSA · CLOSED  · signal     · EUR-USD · momo ▲ 78 · 1h
04:58 KSA · CLOSED  · signal     · TON-USD · momo ▼ 78 · 1h
04:58 KSA · CLOSED  · signal     · COF · brk ▼ 68 · 1d
04:58 KSA · CLOSED  · signal     · SO · brk ▼ 66 · 1d
04:58 KSA · CLOSED  · signal     · DUK · brk ▼ 89 · 1d
04:58 KSA · CLOSED  · signal     · REGN · brk ▼ 66 · 1d
04:58 KSA · CLOSED  · signal     · SPG · brk ▼ 68 · 1d
04:58 KSA · CLOSED  · signal     · NDAQ · brk ▼ 89 · 1d
04:58 KSA · CLOSED  · signal     · NDAQ · sqzExp ▼ 78 · 1d
04:58 KSA · CLOSED  · signal     · VMRK · meanRev ▲ 70 · 1d
04:58 KSA · CLOSED  · signal     · AMP · meanRev ▲ 78 · 1d
04:58 KSA · CLOSED  · signal     · XEL · brk ▼ 89 · 1d
04:58 KSA · CLOSED  · signal     · FERG · brk ▼ 82 · 1d
04:58 KSA · CLOSED  · signal     · MSCI · sqzExp ▼ 66 · 1d
04:58 KSA · CLOSED  · signal     · VICI · sqzExp ▼ 66 · 1d
04:58 KSA · CLOSED  · signal     · CMS · brk ▼ 68 · 1d
04:58 KSA · CLOSED  · signal     · MAA · meanRev ▲ 85 · 1d
04:58 KSA · CLOSED  · signal     · MAA · sqzExp ▼ 84 · 1d
04:58 KSA · CLOSED  · signal     · ALB · meanRev ▲ 65 · 1d
04:58 KSA · CLOSED  · signal     · UDR · sqzExp ▼ 100 · 1d
04:58 KSA · CLOSED  · signal     · BF-B · sqzExp ▼ 66 · 1d
04:58 KSA · CLOSED  · signal     · CPT · sqzExp ▼ 91 · 1d
04:58 KSA · CLOSED  · signal     · DPZ · sqzExp ▼ 91 · 1d
04:58 KSA · CLOSED  · signal     · HSIC · sqzExp ▼ 81 · 1d
04:58 KSA · CLOSED  · signal     · KMNO-USD · sqzExp ▲ 66 · 1d
04:58 KSA · CLOSED  · signal     · GENIUS-USD · sqzExp ▲ 81 · 1d
04:58 KSA · CLOSED  · signal     · KSM-USD · meanRev ▼ 60 · 1d
04:58 KSA · CLOSED  · signal     · COTI-USD · sqzExp ▲ 69 · 1d
04:58 KSA · CLOSED  · signal     · SOMI-USD · meanRev ▼ 60 · 1d
04:58 KSA · CLOSED  · signal     · SOMI-USD · sqzExp ▲ 59 · 1d
04:58 KSA · CLOSED  · signal     · WAVES-USD · brk ▼ 63 · 1d
04:58 KSA · CLOSED  · signal     · TORN-USD · volSpike ▲ 67 · 1d
04:58 KSA · CLOSED  · signal     · PUNDIX-USD · volSpike ▼ 89 · 1d
04:58 KSA · CLOSED  · signal     · ARDR-USD · brk ▼ 68 · 1d
04:58 KSA · CLOSED  · signal     · AUDIO-USD · volSpike ▼ 83 · 1d
04:58 KSA · CLOSED  · signal     · ICX-USD · meanRev ▲ 60 · 1d
04:58 KSA · CLOSED  · signal     · LRC-USD · brk ▼ 68 · 1d
04:58 KSA · CLOSED  · signal     · WRX-USD · sqzExp ▼ 69 · 1d
04:58 KSA · CLOSED  · signal     · DENT-USD · sqzExp ▼ 84 · 1d
04:58 KSA · CLOSED  · signal     · MDT-USD · volSpike ▼ 89 · 1d
04:58 KSA · CLOSED  · signal     · BETA-USD · brk ▼ 76 · 1d
04:58 KSA · CLOSED  · signal     · BLZ-USD · brk ▼ 66 · 1d
04:58 KSA · CLOSED  · signal     · XEM-USD · sqzExp ▼ 69 · 1d
04:58 KSA · CLOSED  · signal     · GHST-USD · volSpike ▼ 94 · 1d
04:58 KSA · CLOSED  · signal     · ANT-USD · sqzExp ▲ 66 · 1d
04:58 KSA · CLOSED  · signal     · WTC-USD · sqzExp ▼ 69 · 1d
04:58 KSA · CLOSED  · signal     · HIGH-USD · volSpike ▼ 61 · 1d
04:58 KSA · CLOSED  · signal     · ONE-USD · sqzExp ▲ 100 · 1d
04:58 KSA · CLOSED  · signal     · MBOX-USD · sqzExp ▼ 69 · 1d
04:58 KSA · CLOSED  · signal     · PIVX-USD · meanRev ▲ 65 · 1d
04:58 KSA · CLOSED  · signal     · PIVX-USD · sqzExp ▼ 69 · 1d
04:58 KSA · CLOSED  · signal     · BEAM-USD · sqzExp ▼ 72 · 1d
04:58 KSA · CLOSED  · signal     · AKRO-USD · volSpike ▼ 78 · 1d
04:58 KSA · CLOSED  · signal     · LEVER-USD · sqzExp ▼ 94 · 1d
04:58 KSA · CLOSED  · signal     · LEVER-USD · volSpike ▼ 83 · 1d
04:58 KSA · CLOSED  · signal     · COS-USD · sqzExp ▼ 69 · 1d
04:58 KSA · CLOSED  · signal     · COS-USD · volSpike ▼ 67 · 1d
04:58 KSA · CLOSED  · signal     · LTO-USD · meanRev ▲ 60 · 1d
04:58 KSA · CLOSED  · signal     · LTO-USD · sqzExp ▼ 69 · 1d
04:58 KSA · CLOSED  · signal     · FLNCB-USD · volSpike ▼ 78 · 1d
04:58 KSA · CLOSED  · signal     · VOXEL-USD · meanRev ▲ 70 · 1d
04:58 KSA · CLOSED  · signal     · CREAM-USD · rsiDiv ▲ 89 · 1d
04:58 KSA · CLOSED  · signal     · PDA-USD · volSpike ▼ 89 · 1d
04:58 KSA · CLOSED  · signal     · QNTB-USD · sqzExp ▲ 94 · 1d
04:58 KSA · CLOSED  · signal     · ACA-USD · sqzExp ▼ 72 · 1d
04:58 KSA · CLOSED  · signal     · NULS-USD · sqzExp ▼ 56 · 1d
04:58 KSA · CLOSED  · signal     · ALPHA-USD · sqzExp ▼ 56 · 1d
04:58 KSA · CLOSED  · signal     · ALPHA-USD · volSpike ▲ 56 · 1d
04:58 KSA · CLOSED  · signal     · DATA-USD · volSpike ▼ 78 · 1d
04:58 KSA · CLOSED  · signal     · BSW-USD · sqzExp ▼ 100 · 1d
04:58 KSA · CLOSED  · signal     · MITH-USD · sqzExp ▼ 69 · 1d
04:58 KSA · CLOSED  · signal     · DF-USD · sqzExp ▼ 69 · 1d
04:58 KSA · CLOSED  · signal     · FIS-USD · brk ▼ 82 · 1d
04:58 KSA · CLOSED  · signal     · OAX-USD · sqzExp ▼ 69 · 1d
04:58 KSA · CLOSED  · signal     · ACM-USD · volSpike ▼ 89 · 1d
04:58 KSA · CLOSED  · signal     · COMBO-USD · sqzExp ▼ 69 · 1d
04:58 KSA · CLOSED  · signal     · PLA-USD · meanRev ▼ 60 · 1d
04:58 KSA · CLOSED  · signal     · SYN-USD · brk ▲ 61 · 1d
04:58 KSA · CLOSED  · signal     · PNT-USD · sqzExp ▼ 69 · 1d
04:58 KSA · CLOSED  · signal     · PNT-USD · volSpike ▼ 89 · 1d
04:58 KSA · CLOSED  · signal     · FOR-USD · sqzExp ▼ 59 · 1d
04:58 KSA · CLOSED  · signal     · EPX-USD · sqzExp ▼ 69 · 1d
04:58 KSA · CLOSED  · signal     · DREP-USD · volSpike ▼ 67 · 1d
04:58 KSA · CLOSED  · signal     · OOKI-USD · sqzExp ▼ 69 · 1d
04:58 KSA · CLOSED  · signal     · NFP-USD · sqzExp ▼ 69 · 1d
04:58 KSA · CLOSED  · signal     · SAGA-USD · volSpike ▼ 67 · 1d
04:58 KSA · CLOSED  · signal     · METAB-USD · brk ▲ 63 · 1d
04:58 KSA · CLOSED  · signal     · LIT-USD · volSpike ▼ 78 · 1d
04:58 KSA · CLOSED  · signal     · BNX-USD · sqzExp ▲ 69 · 1d
04:58 KSA · CLOSED  · signal     · AION-USD · sqzExp ▼ 69 · 1d
04:58 KSA · CLOSED  · signal     · G-USD · meanRev ▼ 60 · 1d
04:58 KSA · CLOSED  · signal     · SXP-USD · sqzExp ▼ 59 · 1d
04:58 KSA · CLOSED  · signal     · AMB-USD · sqzExp ▼ 69 · 1d
04:58 KSA · CLOSED  · signal     · D-USD · volSpike ▼ 83 · 1d
04:58 KSA · CLOSED  · signal     · WING-USD · volSpike ▼ 83 · 1d
04:58 KSA · CLOSED  · signal     · QI-USD · volSpike ▼ 78 · 1d
04:58 KSA · CLOSED  · signal     · BIFI-USD · sqzExp ▼ 69 · 1d
04:58 KSA · CLOSED  · signal     · GBP-USD · sqzExp ▼ 94 · 1d
04:58 KSA · CLOSED  · signal     · VIDT-USD · brk ▼ 74 · 1d
04:58 KSA · CLOSED  · signal     · LINA-USD · sqzExp ▼ 69 · 1d
04:58 KSA · CLOSED  · signal     · CHESS-USD · sqzExp ▼ 84 · 1d
04:58 KSA · CLOSED  · scanner    · بدء المسح · 1154 رمزاً · الجلسة CLOSED
04:59 KSA · CLOSED  · scanner    · بدء المسح · 1154 رمزاً · الجلسة CLOSED
04:59 KSA · CLOSED  · scanner    · بدء المسح · 1154 رمزاً · الجلسة CLOSED
05:00 KSA · CLOSED  · scanner    · بدء المسح · 1154 رمزاً · الجلسة CLOSED
05:00 KSA · CLOSED  · scanner    · بدء المسح · 1154 رمزاً · الجلسة CLOSED
05:02 KSA · CLOSED  · scanner    · بدء المسح · 1154 رمزاً · الجلسة CLOSED
05:04 KSA · CLOSED  · scanner    · بدء المسح · 1154 رمزاً · الجلسة CLOSED
05:04 KSA · CLOSED  · scanner    · بدء المسح · 1154 رمزاً · الجلسة CLOSED
05:07 KSA · CLOSED  · scanner    · بدء المسح · 1154 رمزاً · الجلسة CLOSED
05:08 KSA · CLOSED  · scanner    · بدء المسح · 1154 رمزاً · الجلسة CLOSED
05:08 KSA · CLOSED  · scanner    · بدء المسح · 1154 رمزاً · الجلسة CLOSED
05:10 KSA · CLOSED  · scanner    · بدء المسح · 1154 رمزاً · الجلسة CLOSED
05:12 KSA · CLOSED  · scanner    · بدء المسح · 1154 رمزاً · الجلسة CLOSED
05:14 KSA · CLOSED  · scanner    · بدء المسح · 1154 رمزاً · الجلسة CLOSED
05:16 KSA · CLOSED  · scanner    · بدء المسح · 1154 رمزاً · الجلسة CLOSED
05:18 KSA · CLOSED  · scanner    · بدء المسح · 1154 رمزاً · الجلسة CLOSED
05:20 KSA · CLOSED  · scanner    · بدء المسح · 1154 رمزاً · الجلسة CLOSED
05:23 KSA · CLOSED  · scanner    · بدء المسح · 1154 رمزاً · الجلسة CLOSED
05:24 KSA · CLOSED  · scanner    · بدء المسح · 1154 رمزاً · الجلسة CLOSED
05:26 KSA · CLOSED  · scanner    · بدء المسح · 1154 رمزاً · الجلسة CLOSED
05:28 KSA · CLOSED  · scanner    · بدء المسح · 1154 رمزاً · الجلسة CLOSED
05:30 KSA · CLOSED  · scanner    · بدء المسح · 1154 رمزاً · الجلسة CLOSED
05:32 KSA · CLOSED  · scanner    · بدء المسح · 1154 رمزاً · الجلسة CLOSED
05:35 KSA · CLOSED  · scanner    · بدء المسح · 1154 رمزاً · الجلسة CLOSED
05:37 KSA · CLOSED  · scanner    · بدء المسح · 1154 رمزاً · الجلسة CLOSED
05:40 KSA · CLOSED  · scanner    · بدء المسح · 1154 رمزاً · الجلسة CLOSED
05:43 KSA · CLOSED  · scanner    · بدء المسح · 1154 رمزاً · الجلسة CLOSED
05:43 KSA · CLOSED  · signal     · STX · sqzExp ▲ 57 · 1h
05:45 KSA · CLOSED  · scanner    · بدء المسح · 1154 رمزاً · الجلسة CLOSED
05:46 KSA · CLOSED  · scanner    · بدء المسح · 1154 رمزاً · الجلسة CLOSED
05:48 KSA · CLOSED  · scanner    · بدء المسح · 1154 رمزاً · الجلسة CLOSED
05:50 KSA · CLOSED  · scanner    · بدء المسح · 1154 رمزاً · الجلسة CLOSED
05:54 KSA · CLOSED  · scanner    · بدء المسح · 1154 رمزاً · الجلسة CLOSED
05:54 KSA · CLOSED  · signal     · EBAY · brk ▲ 79 · 1d
05:54 KSA · CLOSED  · signal     · EBAY · meanRev ▼ 70 · 1d
05:54 KSA · CLOSED  · signal     · EBAY · sqzExp ▲ 78 · 1d
05:55 KSA · CLOSED  · scanner    · بدء المسح · 1154 رمزاً · الجلسة CLOSED
05:56 KSA · CLOSED  · scanner    · بدء المسح · 1154 رمزاً · الجلسة CLOSED
05:58 KSA · CLOSED  · scanner    · بدء المسح · 1154 رمزاً · الجلسة CLOSED
06:00 KSA · CLOSED  · scanner    · بدء المسح · 1154 رمزاً · الجلسة CLOSED
06:03 KSA · CLOSED  · scanner    · بدء المسح · 1154 رمزاً · الجلسة CLOSED
06:03 KSA · CLOSED  · signal     · BTC-USD · orb ▲ 83 · 15m
06:03 KSA · CLOSED  · signal     · BTC-USD · rsiDiv ▼ 64 · 15m
06:03 KSA · CLOSED  · signal     · ETH-USD · orb ▲ 85 · 15m
06:03 KSA · CLOSED  · signal     · XRP-USD · orb ▲ 100 · 15m
06:03 KSA · CLOSED  · signal     · LINK-USD · orb ▲ 93 · 15m
06:03 KSA · CLOSED  · signal     · ADA-USD · meanRev ▼ 75 · 15m
06:03 KSA · CLOSED  · signal     · ADA-USD · rsiDiv ▼ 58 · 15m
06:03 KSA · CLOSED  · signal     · GRAM-USD · vwapRec ▲ 93 · 15m
06:03 KSA · CLOSED  · signal     · AVAX-USD · orb ▲ 75 · 15m
06:03 KSA · CLOSED  · signal     · AVAX-USD · vwapRec ▲ 65 · 15m
06:03 KSA · CLOSED  · signal     · XAUT-USD · vwapRec ▲ 80 · 15m
06:03 KSA · CLOSED  · signal     · DOT-USD · brk ▲ 93 · 15m
06:03 KSA · CLOSED  · signal     · ENA-USD · orb ▲ 93 · 15m
06:03 KSA · CLOSED  · signal     · ENA-USD · rsiDiv ▼ 89 · 15m
06:03 KSA · CLOSED  · signal     · WLD-USD · orb ▲ 83 · 15m
06:03 KSA · CLOSED  · signal     · CAKE-USD · orb ▲ 80 · 15m
06:03 KSA · CLOSED  · signal     · CAKE-USD · vwapRec ▲ 85 · 15m
06:03 KSA · CLOSED  · signal     · FIL-USD · momo ▲ 89 · 1h
06:03 KSA · CLOSED  · signal     · ETHFI-USD · vwapRec ▲ 85 · 15m
06:03 KSA · CLOSED  · signal     · INJ-USD · orb ▲ 100 · 15m
06:03 KSA · CLOSED  · signal     · PENDLE-USD · meanRev ▼ 85 · 15m
06:03 KSA · CLOSED  · signal     · OP-USD · orb ▲ 95 · 15m
06:03 KSA · CLOSED  · signal     · XPL-USD · orb ▼ 83 · 15m
06:03 KSA · CLOSED  · signal     · LSK-USD · orb ▼ 57 · 15m
06:03 KSA · CLOSED  · signal     · MSTRB-USD · orb ▲ 85 · 15m
06:03 KSA · CLOSED  · signal     · QQQB-USD · orb ▼ 65 · 15m
06:03 KSA · CLOSED  · signal     · REZ-USD · vwapRec ▲ 60 · 15m
06:03 KSA · CLOSED  · signal     · HEMI-USD · orb ▼ 95 · 15m
06:03 KSA · CLOSED  · signal     · UNI-USD · orb ▲ 93 · 15m
06:03 KSA · CLOSED  · signal     · UNI-USD · vwapRec ▲ 78 · 15m
06:03 KSA · CLOSED  · signal     · SUI-USD · vwapRec ▲ 60 · 15m
06:03 KSA · CLOSED  · signal     · TAO-USD · orb ▲ 100 · 15m
06:03 KSA · CLOSED  · signal     · TAO-USD · vwapRec ▲ 55 · 15m
06:03 KSA · CLOSED  · signal     · TAO-USD · brk ▲ 100 · 15m
06:03 KSA · CLOSED  · signal     · TAO-USD · volSpike ▲ 78 · 15m
06:03 KSA · CLOSED  · signal     · THE-USD · vwapRec ▲ 68 · 15m
06:03 KSA · CLOSED  · signal     · TRUMP-USD · orb ▼ 88 · 15m
06:03 KSA · CLOSED  · signal     · ARB-USD · orb ▼ 65 · 15m
06:03 KSA · CLOSED  · signal     · BANK-USD · orb ▼ 90 · 15m
06:03 KSA · CLOSED  · signal     · BANK-USD · vwapRec ▼ 63 · 15m
06:03 KSA · CLOSED  · signal     · BANK-USD · brk ▼ 80 · 15m
06:03 KSA · CLOSED  · signal     · ASTER-USD · orb ▲ 93 · 15m
06:03 KSA · CLOSED  · signal     · ASTER-USD · vwapRec ▲ 70 · 15m
06:03 KSA · CLOSED  · signal     · ASTER-USD · rsiDiv ▼ 89 · 15m
06:03 KSA · CLOSED  · signal     · WBTC-USD · sqzExp ▲ 88 · 1d
06:03 KSA · CLOSED  · signal     · AR-USD · brk ▲ 74 · 1d
06:03 KSA · CLOSED  · signal     · EIGEN-USD · brk ▲ 61 · 1d
06:03 KSA · CLOSED  · signal     · EIGEN-USD · meanRev ▼ 78 · 1d
06:03 KSA · CLOSED  · signal     · EIGEN-USD · sqzExp ▲ 69 · 1d
06:03 KSA · CLOSED  · signal     · ZEN-USD · brk ▲ 95 · 1d
06:03 KSA · CLOSED  · signal     · POL-USD · meanRev ▼ 85 · 1d
06:03 KSA · CLOSED  · signal     · RED-USD · rsiDiv ▼ 78 · 1d
06:05 KSA · CLOSED  · scanner    · بدء المسح · 1154 رمزاً · الجلسة CLOSED
06:08 KSA · CLOSED  · scanner    · بدء المسح · 1154 رمزاً · الجلسة CLOSED
06:10 KSA · CLOSED  · scanner    · بدء المسح · 1154 رمزاً · الجلسة CLOSED
06:12 KSA · CLOSED  · scanner    · بدء المسح · 1154 رمزاً · الجلسة CLOSED
06:14 KSA · CLOSED  · scanner    · بدء المسح · 1154 رمزاً · الجلسة CLOSED
06:16 KSA · CLOSED  · scanner    · بدء المسح · 1154 رمزاً · الجلسة CLOSED
06:18 KSA · CLOSED  · scanner    · بدء المسح · 1154 رمزاً · الجلسة CLOSED
06:20 KSA · CLOSED  · scanner    · بدء المسح · 1154 رمزاً · الجلسة CLOSED
06:23 KSA · CLOSED  · scanner    · بدء المسح · 1154 رمزاً · الجلسة CLOSED
06:23 KSA · CLOSED  · signal     · BCH-USD · orb ▲ 60 · 15m
06:23 KSA · CLOSED  · signal     · AAVE-USD · meanRev ▼ 60 · 15m
06:23 KSA · CLOSED  · signal     · T-USD · volSpike ▲ 67 · 15m
06:23 KSA · CLOSED  · signal     · TAO-USD · meanRev ▼ 93 · 15m
06:23 KSA · CLOSED  · signal     · THE-USD · orb ▲ 75 · 15m
06:23 KSA · CLOSED  · signal     · PENGU-USD · vwapRec ▲ 73 · 15m
06:23 KSA · CLOSED  · signal     · ASTER-USD · momo ▲ 92 · 1h
06:23 KSA · CLOSED  · signal     · BNSOL-USD · brk ▲ 100 · 1d
06:23 KSA · CLOSED  · signal     · BNSOL-USD · sqzExp ▲ 84 · 1d
06:23 KSA · CLOSED  · signal     · XTZ-USD · meanRev ▼ 60 · 1d
06:23 KSA · CLOSED  · signal     · ORDI-USD · brk ▲ 66 · 1d
06:23 KSA · CLOSED  · signal     · ORDI-USD · meanRev ▼ 57 · 1d
06:23 KSA · CLOSED  · signal     · ORDI-USD · sqzExp ▲ 69 · 1d
06:23 KSA · CLOSED  · signal     · CFG-USD · meanRev ▼ 55 · 1d
06:23 KSA · CLOSED  · signal     · STRK-USD · brk ▲ 58 · 1d
06:23 KSA · CLOSED  · signal     · RONIN-USD · volSpike ▲ 63 · 1d
06:23 KSA · CLOSED  · signal     · VANA-USD · rsiDiv ▼ 67 · 1d
06:24 KSA · CLOSED  · scanner    · بدء المسح · 1154 رمزاً · الجلسة CLOSED
06:26 KSA · CLOSED  · scanner    · بدء المسح · 1154 رمزاً · الجلسة CLOSED
06:28 KSA · CLOSED  · scanner    · بدء المسح · 1154 رمزاً · الجلسة CLOSED
06:30 KSA · CLOSED  · scanner    · بدء المسح · 1154 رمزاً · الجلسة CLOSED
06:32 KSA · CLOSED  · scanner    · بدء المسح · 1154 رمزاً · الجلسة CLOSED
06:32 KSA · CLOSED  · signal     · ZEC-USD · orb ▼ 65 · 15m
06:32 KSA · CLOSED  · signal     · XPL-USD · meanRev ▲ 73 · 15m
06:32 KSA · CLOSED  · signal     · SUI-USD · vwapRec ▼ 70 · 15m
06:32 KSA · CLOSED  · signal     · U-USD · vwapRec ▲ 78 · 15m
06:32 KSA · CLOSED  · signal     · BANK-USD · rsiDiv ▼ 58 · 15m
06:32 KSA · CLOSED  · signal     · PENGU-USD · orb ▼ 70 · 15m
06:34 KSA · CLOSED  · scanner    · بدء المسح · 1154 رمزاً · الجلسة CLOSED
06:37 KSA · CLOSED  · scanner    · بدء المسح · 1154 رمزاً · الجلسة CLOSED
06:38 KSA · CLOSED  · scanner    · بدء المسح · 1154 رمزاً · الجلسة CLOSED
06:40 KSA · CLOSED  · scanner    · بدء المسح · 1154 رمزاً · الجلسة CLOSED
06:43 KSA · CLOSED  · scanner    · بدء المسح · 1154 رمزاً · الجلسة CLOSED
06:44 KSA · CLOSED  · signal     · U-USD · pbTrend ▲ 64 · 1h
06:44 KSA · CLOSED  · signal     · HOLO-USD · momo ▲ 67 · 1h
06:44 KSA · CLOSED  · signal     · BANK-USD · momo ▼ 72 · 1h
06:44 KSA · CLOSED  · signal     · THETA-USD · meanRev ▼ 60 · 1d
06:44 KSA · CLOSED  · signal     · AXS-USD · brk ▲ 74 · 1d
06:44 KSA · CLOSED  · signal     · NEO-USD · meanRev ▼ 60 · 1d
06:44 KSA · CLOSED  · signal     · LPT-USD · meanRev ▼ 60 · 1d
06:44 KSA · CLOSED  · signal     · LPT-USD · sqzExp ▲ 75 · 1d
06:44 KSA · CLOSED  · signal     · WAL-USD · brk ▲ 79 · 1d
06:44 KSA · CLOSED  · signal     · WAL-USD · meanRev ▼ 73 · 1d
06:44 KSA · CLOSED  · signal     · TREE-USD · rsiDiv ▼ 56 · 1d
06:44 KSA · CLOSED  · signal     · ZK-USD · meanRev ▼ 60 · 1d
06:45 KSA · CLOSED  · scanner    · بدء المسح · 1154 رمزاً · الجلسة CLOSED
06:46 KSA · CLOSED  · scanner    · بدء المسح · 1154 رمزاً · الجلسة CLOSED
06:48 KSA · CLOSED  · scanner    · بدء المسح · 1154 رمزاً · الجلسة CLOSED
06:50 KSA · CLOSED  · scanner    · بدء المسح · 1154 رمزاً · الجلسة CLOSED
06:53 KSA · CLOSED  · scanner    · بدء المسح · 1154 رمزاً · الجلسة CLOSED
06:53 KSA · CLOSED  · signal     · WLD-USD · rsiDiv ▼ 67 · 15m
06:53 KSA · CLOSED  · signal     · SUI-USD · vwapRec ▲ 68 · 15m
06:53 KSA · CLOSED  · signal     · U-USD · volSpike ▲ 67 · 15m
06:53 KSA · CLOSED  · signal     · THE-USD · vwapRec ▼ 55 · 15m
06:53 KSA · CLOSED  · signal     · BANK-USD · vwapRec ▼ 55 · 15m
06:53 KSA · CLOSED  · signal     · PEOPLE-USD · sqzExp ▲ 94 · 1d
06:53 KSA · CLOSED  · signal     · S-USD · meanRev ▼ 73 · 1d
06:53 KSA · CLOSED  · signal     · S-USD · sqzExp ▲ 59 · 1d
06:54 KSA · CLOSED  · scanner    · بدء المسح · 1154 رمزاً · الجلسة CLOSED
06:56 KSA · CLOSED  · scanner    · بدء المسح · 1154 رمزاً · الجلسة CLOSED
06:59 KSA · CLOSED  · scanner    · بدء المسح · 1154 رمزاً · الجلسة CLOSED
07:00 KSA · CLOSED  · scanner    · بدء المسح · 1154 رمزاً · الجلسة CLOSED
07:03 KSA · CLOSED  · scanner    · بدء المسح · 1154 رمزاً · الجلسة CLOSED
07:03 KSA · CLOSED  · signal     · BNB-USD · orb ▼ 60 · 15m
07:03 KSA · CLOSED  · signal     · NEAR-USD · vwapRec ▼ 60 · 15m
07:03 KSA · CLOSED  · signal     · AAVE-USD · rsiDiv ▼ 72 · 15m
07:03 KSA · CLOSED  · signal     · OP-USD · meanRev ▼ 75 · 15m
07:03 KSA · CLOSED  · signal     · MSTRB-USD · rsiDiv ▼ 78 · 15m
07:03 KSA · CLOSED  · signal     · SUI-USD · orb ▲ 65 · 15m
07:03 KSA · CLOSED  · signal     · U-USD · momo ▼ 67 · 1h
07:03 KSA · CLOSED  · signal     · HOLO-USD · vwapRec ▼ 78 · 15m
07:03 KSA · CLOSED  · signal     · W-USD · brk ▲ 87 · 1d
07:03 KSA · CLOSED  · signal     · W-USD · meanRev ▼ 73 · 1d
07:03 KSA · CLOSED  · signal     · PROVE-USD · brk ▲ 92 · 1d
07:03 KSA · CLOSED  · signal     · PROVE-USD · meanRev ▼ 75 · 1d
07:03 KSA · CLOSED  · signal     · PROVE-USD · sqzExp ▲ 78 · 1d
07:03 KSA · CLOSED  · signal     · SIGN-USD · brk ▲ 79 · 1d
07:03 KSA · CLOSED  · signal     · SUPER-USD · brk ▲ 79 · 1d
07:03 KSA · CLOSED  · signal     · SUPER-USD · meanRev ▼ 60 · 1d
07:03 KSA · CLOSED  · signal     · COW-USD · brk ▲ 66 · 1d
07:03 KSA · CLOSED  · signal     · COW-USD · meanRev ▼ 60 · 1d
07:03 KSA · CLOSED  · signal     · BEAMX-USD · meanRev ▼ 60 · 1d
07:03 KSA · CLOSED  · signal     · BEAMX-USD · sqzExp ▲ 75 · 1d
07:03 KSA · CLOSED  · signal     · OPEN-USD · meanRev ▼ 65 · 1d
07:04 KSA · CLOSED  · scanner    · بدء المسح · 1154 رمزاً · الجلسة CLOSED
07:07 KSA · CLOSED  · scanner    · بدء المسح · 1154 رمزاً · الجلسة CLOSED
07:08 KSA · CLOSED  · scanner    · بدء المسح · 1154 رمزاً · الجلسة CLOSED
07:10 KSA · CLOSED  · scanner    · بدء المسح · 1154 رمزاً · الجلسة CLOSED
07:13 KSA · CLOSED  · scanner    · بدء المسح · 1154 رمزاً · الجلسة CLOSED
07:13 KSA · CLOSED  · signal     · MANA-USD · meanRev ▼ 60 · 1d
07:13 KSA · CLOSED  · signal     · RIF-USD · brk ▲ 74 · 1d
07:13 KSA · CLOSED  · signal     · RIF-USD · sqzExp ▲ 75 · 1d
07:13 KSA · CLOSED  · signal     · EPIC-USD · meanRev ▼ 63 · 1d
07:13 KSA · CLOSED  · signal     · G-USD · brk ▲ 66 · 1d
07:13 KSA · CLOSED  · signal     · G-USD · sqzExp ▲ 100 · 1d
07:13 KSA · CLOSED  · signal     · ANIME-USD · meanRev ▼ 68 · 1d
07:14 KSA · CLOSED  · scanner    · بدء المسح · 1154 رمزاً · الجلسة CLOSED
07:16 KSA · CLOSED  · scanner    · بدء المسح · 1154 رمزاً · الجلسة CLOSED
07:18 KSA · CLOSED  · scanner    · بدء المسح · 1154 رمزاً · الجلسة CLOSED
07:20 KSA · CLOSED  · scanner    · بدء المسح · 1154 رمزاً · الجلسة CLOSED
07:23 KSA · CLOSED  · scanner    · بدء المسح · 1154 رمزاً · الجلسة CLOSED
07:23 KSA · CLOSED  · signal     · BNB-USD · orb ▲ 93 · 15m
07:23 KSA · CLOSED  · signal     · SOL-USD · tfAlign ▲ 95 · 1d
07:23 KSA · CLOSED  · signal     · VTHO-USD · volSpike ▼ 67 · 15m
07:23 KSA · CLOSED  · signal     · SNDKB-USD · vwapRec ▲ 70 · 15m
07:23 KSA · CLOSED  · signal     · U-USD · vwapRec ▲ 78 · 15m
07:23 KSA · CLOSED  · signal     · HOLO-USD · vwapRec ▲ 83 · 15m
07:23 KSA · CLOSED  · signal     · AWE-USD · brk ▲ 89 · 1d
07:23 KSA · CLOSED  · signal     · AWE-USD · meanRev ▼ 70 · 1d
07:23 KSA · CLOSED  · signal     · AWE-USD · sqzExp ▲ 94 · 1d
07:23 KSA · CLOSED  · signal     · BIGTIME-USD · brk ▲ 66 · 1d
07:23 KSA · CLOSED  · signal     · BIGTIME-USD · meanRev ▼ 60 · 1d
07:23 KSA · CLOSED  · signal     · DYM-USD · meanRev ▼ 60 · 1d
07:23 KSA · CLOSED  · signal     · DYM-USD · volSpike ▲ 67 · 1d
07:23 KSA · CLOSED  · signal     · ID-USD · meanRev ▼ 60 · 1d
07:23 KSA · CLOSED  · signal     · A-USD · brk ▲ 100 · 1d
07:23 KSA · CLOSED  · signal     · A-USD · meanRev ▼ 60 · 1d
07:23 KSA · CLOSED  · signal     · A-USD · sqzExp ▲ 100 · 1d
07:23 KSA · CLOSED  · signal     · A-USD · volSpike ▲ 83 · 1d
07:23 KSA · CLOSED  · signal     · MMT-USD · volSpike ▲ 100 · 1d
07:24 KSA · CLOSED  · scanner    · بدء المسح · 1154 رمزاً · الجلسة CLOSED
07:26 KSA · CLOSED  · scanner    · بدء المسح · 1154 رمزاً · الجلسة CLOSED
07:28 KSA · CLOSED  · scanner    · بدء المسح · 1154 رمزاً · الجلسة CLOSED
07:30 KSA · CLOSED  · scanner    · بدء المسح · 1154 رمزاً · الجلسة CLOSED
07:33 KSA · CLOSED  · scanner    · بدء المسح · 1154 رمزاً · الجلسة CLOSED
07:33 KSA · CLOSED  · signal     · ADA-USD · vwapRec ▼ 68 · 15m
07:33 KSA · CLOSED  · signal     · MUB-USD · vwapRec ▲ 100 · 15m
07:33 KSA · CLOSED  · signal     · PEPE-USD · volSpike ▲ 89 · 15m
07:33 KSA · CLOSED  · signal     · PENGU-USD · orb ▼ 70 · 15m
07:33 KSA · CLOSED  · signal     · NXPC-USD · brk ▲ 66 · 1d
07:33 KSA · CLOSED  · signal     · NXPC-USD · sqzExp ▲ 72 · 1d
07:33 KSA · CLOSED  · signal     · ACH-USD · brk ▲ 79 · 1d
07:33 KSA · CLOSED  · signal     · ACH-USD · meanRev ▼ 60 · 1d
07:33 KSA · CLOSED  · signal     · ACH-USD · sqzExp ▲ 63 · 1d
07:33 KSA · CLOSED  · signal     · OPG-USD · brk ▲ 68 · 1d
07:33 KSA · CLOSED  · signal     · OPG-USD · meanRev ▼ 70 · 1d
07:33 KSA · CLOSED  · signal     · F-USD · sqzExp ▲ 81 · 1d
07:33 KSA · CLOSED  · signal     · CHR-USD · meanRev ▼ 65 · 1d
07:33 KSA · CLOSED  · signal     · AMATB-USD · volSpike ▼ 61 · 1d
07:33 KSA · CLOSED  · signal     · NFLXB-USD · brk ▼ 84 · 1d
07:33 KSA · CLOSED  · signal     · NFLXB-USD · meanRev ▲ 70 · 1d
07:33 KSA · CLOSED  · signal     · NFLXB-USD · sqzExp ▼ 91 · 1d
07:33 KSA · CLOSED  · signal     · CTK-USD · rsiDiv ▼ 61 · 1d
07:33 KSA · CLOSED  · signal     · AXL-USD · rsiDiv ▼ 61 · 1d
07:38 KSA · CLOSED  · scanner    · بدء المسح · 1154 رمزاً · الجلسة CLOSED
07:40 KSA · CLOSED  · scanner    · بدء المسح · 1154 رمزاً · الجلسة CLOSED
07:44 KSA · CLOSED  · scanner    · بدء المسح · 1154 رمزاً · الجلسة CLOSED
07:44 KSA · CLOSED  · signal     · ENA-USD · sqzExp ▲ 68 · 1h
07:44 KSA · CLOSED  · signal     · XPL-USD · pbTrend ▲ 71 · 1h
07:44 KSA · CLOSED  · signal     · TRUMP-USD · pbTrend ▲ 81 · 1h
07:44 KSA · CLOSED  · signal     · HOLO-USD · pbTrend ▼ 74 · 1h
07:44 KSA · CLOSED  · signal     · HOLO-USD · rsiDiv ▼ 56 · 1h
07:44 KSA · CLOSED  · signal     · C-USD · brk ▲ 66 · 1d
07:44 KSA · CLOSED  · signal     · C-USD · meanRev ▼ 78 · 1d
07:44 KSA · CLOSED  · signal     · C-USD · sqzExp ▲ 84 · 1d
07:46 KSA · CLOSED  · scanner    · بدء المسح · 1154 رمزاً · الجلسة CLOSED
07:48 KSA · CLOSED  · scanner    · بدء المسح · 1154 رمزاً · الجلسة CLOSED
07:50 KSA · CLOSED  · scanner    · بدء المسح · 1154 رمزاً · الجلسة CLOSED
07:54 KSA · CLOSED  · scanner    · بدء المسح · 1154 رمزاً · الجلسة CLOSED
07:54 KSA · CLOSED  · signal     · BNB-USD · volSpike ▼ 78 · 15m
07:54 KSA · CLOSED  · signal     · SOL-USD · meanRev ▲ 85 · 15m
07:54 KSA · CLOSED  · signal     · WLD-USD · orb ▼ 80 · 15m
07:54 KSA · CLOSED  · signal     · DASH-USD · brk ▼ 57 · 15m
07:54 KSA · CLOSED  · signal     · LSK-USD · rsiDiv ▲ 72 · 15m
07:54 KSA · CLOSED  · signal     · SUI-USD · vwapRec ▼ 78 · 15m
07:54 KSA · CLOSED  · signal     · U-USD · vwapRec ▲ 78 · 15m
07:54 KSA · CLOSED  · signal     · THE-USD · orb ▼ 65 · 15m
07:54 KSA · CLOSED  · signal     · HOLO-USD · orb ▼ 83 · 15m
07:54 KSA · CLOSED  · signal     · HOLO-USD · meanRev ▲ 70 · 15m
07:54 KSA · CLOSED  · signal     · PENGU-USD · meanRev ▲ 73 · 15m
07:54 KSA · CLOSED  · signal     · HIG · meanRev ▲ 78 · 1d
07:54 KSA · CLOSED  · signal     · HIG · sqzExp ▼ 94 · 1d
07:54 KSA · CLOSED  · signal     · GPN · brk ▼ 66 · 1d
07:54 KSA · CLOSED  · signal     · HSIC · meanRev ▲ 80 · 1d
07:54 KSA · CLOSED  · signal     · SFP-USD · brk ▲ 58 · 1d
07:57 KSA · CLOSED  · scanner    · بدء المسح · 1154 رمزاً · الجلسة CLOSED
07:59 KSA · CLOSED  · scanner    · بدء المسح · 1154 رمزاً · الجلسة CLOSED
08:00 KSA · CLOSED  · scanner    · بدء المسح · 1154 رمزاً · الجلسة CLOSED
08:03 KSA · CLOSED  · scanner    · بدء المسح · 1154 رمزاً · الجلسة CLOSED
08:03 KSA · CLOSED  · signal     · LINK-USD · orb ▲ 70 · 15m
08:03 KSA · CLOSED  · signal     · CAKE-USD · orb ▼ 60 · 15m
08:03 KSA · CLOSED  · signal     · FIL-USD · rsiDiv ▼ 69 · 15m
08:03 KSA · CLOSED  · signal     · OP-USD · volSpike ▼ 83 · 15m
08:03 KSA · CLOSED  · signal     · PENGU-USD · volSpike ▼ 83 · 15m
08:03 KSA · CLOSED  · signal     · MRSH · brk ▼ 76 · 1d
08:03 KSA · CLOSED  · signal     · MRSH · sqzExp ▼ 88 · 1d
08:04 KSA · CLOSED  · scanner    · بدء المسح · 1154 رمزاً · الجلسة CLOSED
08:07 KSA · CLOSED  · scanner    · بدء المسح · 1154 رمزاً · الجلسة CLOSED
08:08 KSA · CLOSED  · scanner    · بدء المسح · 1154 رمزاً · الجلسة CLOSED
08:10 KSA · CLOSED  · scanner    · بدء المسح · 1154 رمزاً · الجلسة CLOSED
08:13 KSA · CLOSED  · scanner    · بدء المسح · 1154 رمزاً · الجلسة CLOSED
08:13 KSA · CLOSED  · signal     · ROK · brk ▼ 76 · 1d
08:13 KSA · CLOSED  · signal     · ROK · sqzExp ▼ 78 · 1d
08:14 KSA · CLOSED  · scanner    · بدء المسح · 1154 رمزاً · الجلسة CLOSED
08:16 KSA · CLOSED  · scanner    · بدء المسح · 1154 رمزاً · الجلسة CLOSED
08:18 KSA · CLOSED  · scanner    · بدء المسح · 1154 رمزاً · الجلسة CLOSED
08:20 KSA · CLOSED  · scanner    · بدء المسح · 1154 رمزاً · الجلسة CLOSED
08:23 KSA · CLOSED  · scanner    · بدء المسح · 1154 رمزاً · الجلسة CLOSED
08:23 KSA · CLOSED  · signal     · IOTA-USD · rsiDiv ▼ 67 · 15m
08:23 KSA · CLOSED  · signal     · T-USD · volSpike ▼ 100 · 15m
08:23 KSA · CLOSED  · signal     · MTL-USD · orb ▲ 90 · 15m
08:23 KSA · CLOSED  · signal     · HEMI-USD · orb ▼ 80 · 15m
08:23 KSA · CLOSED  · signal     · UNI-USD · orb ▲ 90 · 15m
08:23 KSA · CLOSED  · signal     · UNI-USD · volSpike ▲ 67 · 15m
08:23 KSA · CLOSED  · signal     · UNI-USD · tfAlign ▲ 100 · 1d
08:23 KSA · CLOSED  · signal     · SUI-USD · vwapRec ▲ 75 · 15m
08:23 KSA · CLOSED  · signal     · TAO-USD · vwapRec ▲ 85 · 15m
08:23 KSA · CLOSED  · signal     · THE-USD · vwapRec ▲ 83 · 15m
08:23 KSA · CLOSED  · signal     · THE-USD · volSpike ▲ 78 · 15m
08:23 KSA · CLOSED  · signal     · ASTER-USD · tfAlign ▲ 95 · 1d
08:23 KSA · CLOSED  · signal     · APT-USD · orb ▲ 68 · 15m
08:23 KSA · CLOSED  · signal     · USB · volSpike ▼ 72 · 1d
08:23 KSA · CLOSED  · signal     · WAT · sqzExp ▲ 91 · 1d
08:24 KSA · CLOSED  · scanner    · بدء المسح · 1154 رمزاً · الجلسة CLOSED
08:26 KSA · CLOSED  · scanner    · بدء المسح · 1154 رمزاً · الجلسة CLOSED
08:28 KSA · CLOSED  · scanner    · بدء المسح · 1154 رمزاً · الجلسة CLOSED
08:28 KSA · CLOSED  · signal     · META · brk ▼ 86 · 15m
08:28 KSA · CLOSED  · signal     · META · momo ▼ 72 · 1h
08:28 KSA · CLOSED  · signal     · JPM · brk ▲ 64 · 15m
08:28 KSA · CLOSED  · signal     · CSCO · meanRev ▼ 78 · 15m
08:28 KSA · CLOSED  · signal     · GE · brk ▲ 82 · 15m
08:28 KSA · CLOSED  · signal     · GE · meanRev ▼ 73 · 15m
08:28 KSA · CLOSED  · signal     · TXN · brk ▲ 91 · 15m
08:28 KSA · CLOSED  · signal     · LIN · tfAlign ▼ 66 · 1d
08:28 KSA · CLOSED  · signal     · PEP · meanRev ▲ 60 · 15m
08:28 KSA · CLOSED  · signal     · NEE · tfAlign ▼ 100 · 1d
08:28 KSA · CLOSED  · signal     · ETN · meanRev ▼ 60 · 15m
08:28 KSA · CLOSED  · signal     · SPGI · volSpike ▲ 56 · 15m
08:28 KSA · CLOSED  · signal     · SYK · meanRev ▲ 65 · 15m
08:28 KSA · CLOSED  · signal     · TER · brk ▲ 86 · 15m
08:28 KSA · CLOSED  · signal     · NXPI · meanRev ▼ 93 · 15m
08:28 KSA · CLOSED  · signal     · FET-USD · pbTrend ▲ 90 · 1h
08:28 KSA · CLOSED  · signal     · PUMP-USD · pbTrend ▲ 90 · 1h
08:28 KSA · CLOSED  · signal     · WELL · sqzExp ▼ 59 · 1d
08:28 KSA · CLOSED  · signal     · BMY · brk ▼ 68 · 1d
08:28 KSA · CLOSED  · signal     · CVS · sqzExp ▼ 88 · 1d
08:28 KSA · CLOSED  · signal     · WM · sqzExp ▼ 66 · 1d
08:28 KSA · CLOSED  · signal     · SLB · brk ▼ 66 · 1d
08:28 KSA · CLOSED  · signal     · GM · brk ▼ 76 · 1d
08:28 KSA · CLOSED  · signal     · GM · sqzExp ▼ 63 · 1d
08:28 KSA · CLOSED  · signal     · PSA · rsiDiv ▲ 83 · 1d
08:28 KSA · CLOSED  · signal     · VMRK · sqzExp ▼ 59 · 1d
08:28 KSA · CLOSED  · signal     · VTR · brk ▼ 84 · 1d
08:28 KSA · CLOSED  · signal     · LYV · brk ▼ 55 · 1d
08:28 KSA · CLOSED  · signal     · TTWO · brk ▼ 82 · 1d
08:28 KSA · CLOSED  · signal     · PEG · sqzExp ▼ 63 · 1d
08:28 KSA · CLOSED  · signal     · KHC · rsiDiv ▲ 78 · 1d
08:28 KSA · CLOSED  · signal     · VICI · meanRev ▲ 85 · 1d
08:28 KSA · CLOSED  · signal     · FISV · brk ▼ 68 · 1d
08:28 KSA · CLOSED  · signal     · FISV · meanRev ▲ 70 · 1d
08:28 KSA · CLOSED  · signal     · FISV · sqzExp ▼ 78 · 1d
08:28 KSA · CLOSED  · signal     · EXPD · rsiDiv ▼ 78 · 1d
08:28 KSA · CLOSED  · signal     · OMC · brk ▼ 66 · 1d
08:28 KSA · CLOSED  · signal     · OMC · sqzExp ▼ 63 · 1d
08:28 KSA · CLOSED  · signal     · STE · sqzExp ▼ 100 · 1d
08:28 KSA · CLOSED  · signal     · GPC · brk ▼ 74 · 1d
08:28 KSA · CLOSED  · signal     · GPC · meanRev ▲ 85 · 1d
08:28 KSA · CLOSED  · signal     · GPC · sqzExp ▼ 69 · 1d
08:28 KSA · CLOSED  · signal     · WY · sqzExp ▼ 59 · 1d
08:28 KSA · CLOSED  · signal     · GNRC · volSpike ▼ 89 · 1d
08:28 KSA · CLOSED  · signal     · PSKY · volSpike ▼ 89 · 1d
08:28 KSA · CLOSED  · signal     · ARE · brk ▲ 79 · 1d
08:28 KSA · CLOSED  · signal     · TAP · brk ▼ 71 · 1d
08:28 KSA · CLOSED  · signal     · BLDR · brk ▼ 63 · 1d
08:28 KSA · CLOSED  · signal     · FXS-USD · volSpike ▼ 83 · 1d
08:28 KSA · CLOSED  · signal     · SNT-USD · volSpike ▼ 100 · 1d
08:28 KSA · CLOSED  · signal     · LRC-USD · volSpike ▼ 72 · 1d
08:28 KSA · CLOSED  · signal     · XEM-USD · volSpike ▼ 67 · 1d
08:28 KSA · CLOSED  · signal     · CLV-USD · brk ▼ 55 · 1d
08:28 KSA · CLOSED  · signal     · YFII-USD · volSpike ▼ 67 · 1d
08:28 KSA · CLOSED  · signal     · AST-USD · volSpike ▼ 83 · 1d
08:28 KSA · CLOSED  · signal     · DOCK-USD · brk ▼ 61 · 1d
08:28 KSA · CLOSED  · signal     · ALPHA-USD · volSpike ▼ 67 · 1d
08:28 KSA · CLOSED  · signal     · STMX-USD · volSpike ▼ 89 · 1d
08:28 KSA · CLOSED  · signal     · IRIS-USD · brk ▼ 82 · 1d
08:28 KSA · CLOSED  · signal     · BSW-USD · volSpike ▼ 94 · 1d
08:28 KSA · CLOSED  · signal     · CTXC-USD · volSpike ▼ 72 · 1d
08:28 KSA · CLOSED  · signal     · AUTO-USD · brk ▼ 82 · 1d
08:28 KSA · CLOSED  · signal     · AUTO-USD · sqzExp ▼ 88 · 1d
08:28 KSA · CLOSED  · signal     · PERL-USD · brk ▼ 87 · 1d
08:28 KSA · CLOSED  · signal     · PERL-USD · sqzExp ▼ 56 · 1d
08:28 KSA · CLOSED  · signal     · EPX-USD · volSpike ▼ 72 · 1d
08:28 KSA · CLOSED  · signal     · SLF-USD · volSpike ▼ 94 · 1d
08:28 KSA · CLOSED  · signal     · OOKI-USD · volSpike ▼ 83 · 1d
08:28 KSA · CLOSED  · signal     · DTE · brk ▼ 87 · 1d
08:28 KSA · CLOSED  · signal     · DTE · meanRev ▲ 73 · 1d
08:28 KSA · CLOSED  · signal     · DTE · sqzExp ▼ 100 · 1d
08:28 KSA · CLOSED  · signal     · BNX-USD · volSpike ▲ 89 · 1d
08:28 KSA · CLOSED  · signal     · LINA-USD · volSpike ▼ 89 · 1d
08:30 KSA · CLOSED  · scanner    · بدء المسح · 1154 رمزاً · الجلسة CLOSED
08:30 KSA · CLOSED  · signal     · BNB-USD · orb ▲ 75 · 15m
08:30 KSA · CLOSED  · signal     · SPCXB-USD · brk ▲ 89 · 15m
08:30 KSA · CLOSED  · signal     · UNI-USD · vwapRec ▲ 78 · 15m
08:30 KSA · CLOSED  · signal     · U-USD · orb ▲ 100 · 15m
08:30 KSA · CLOSED  · signal     · U-USD · brk ▲ 93 · 15m
08:30 KSA · CLOSED  · signal     · TAO-USD · orb ▲ 75 · 15m
08:33 KSA · CLOSED  · scanner    · بدء المسح · 1154 رمزاً · الجلسة CLOSED
08:34 KSA · CLOSED  · scanner    · بدء المسح · 1154 رمزاً · الجلسة CLOSED
08:37 KSA · CLOSED  · scanner    · بدء المسح · 1154 رمزاً · الجلسة CLOSED
08:41 KSA · CLOSED  · scanner    · بدء المسح · 1154 رمزاً · الجلسة CLOSED
08:42 KSA · CLOSED  · scanner    · بدء المسح · 1154 رمزاً · الجلسة CLOSED
08:43 KSA · CLOSED  · scanner    · بدء المسح · 1154 رمزاً · الجلسة CLOSED
08:44 KSA · CLOSED  · scanner    · بدء المسح · 1154 رمزاً · الجلسة CLOSED
08:44 KSA · CLOSED  · scanner    · بدء المسح · 1154 رمزاً · الجلسة CLOSED
08:45 KSA · CLOSED  · scanner    · بدء المسح · 1154 رمزاً · الجلسة CLOSED
08:45 KSA · CLOSED  · signal     · T-USD · vwapRec ▼ 78 · 15m
08:45 KSA · CLOSED  · signal     · UNI-USD · vwapRec ▼ 60 · 15m
08:45 KSA · CLOSED  · signal     · SUI-USD · vwapRec ▼ 70 · 15m
08:45 KSA · CLOSED  · signal     · THE-USD · orb ▼ 90 · 15m
08:45 KSA · CLOSED  · signal     · THE-USD · vwapRec ▼ 63 · 15m
08:45 KSA · CLOSED  · signal     · HOLO-USD · orb ▼ 85 · 15m
08:47 KSA · CLOSED  · scanner    · بدء المسح · 1154 رمزاً · الجلسة CLOSED
08:47 KSA · CLOSED  · signal     · LTC-USD · meanRev ▲ 57 · 15m
08:47 KSA · CLOSED  · signal     · U-USD · orb ▲ 93 · 15m
08:48 KSA · CLOSED  · scanner    · بدء المسح · 1154 رمزاً · الجلسة CLOSED
08:54 KSA · CLOSED  · scanner    · بدء المسح · 1154 رمزاً · الجلسة CLOSED
08:58 KSA · CLOSED  · scanner    · بدء المسح · 1154 رمزاً · الجلسة CLOSED
09:00 KSA · CLOSED  · scanner    · بدء المسح · 1154 رمزاً · الجلسة CLOSED
09:00 KSA · CLOSED  · signal     · XRP-USD · momo ▲ 72 · 1h
09:00 KSA · CLOSED  · signal     · AVAX-USD · vwapRec ▼ 65 · 15m
09:00 KSA · CLOSED  · signal     · ETHFI-USD · volSpike ▼ 89 · 15m
09:00 KSA · CLOSED  · signal     · U-USD · momo ▲ 69 · 1h
09:00 KSA · CLOSED  · signal     · HOLO-USD · pbTrend ▼ 64 · 1h
09:03 KSA · CLOSED  · scanner    · بدء المسح · 1154 رمزاً · الجلسة CLOSED
09:03 KSA · CLOSED  · signal     · INJ-USD · meanRev ▼ 65 · 15m
09:04 KSA · CLOSED  · scanner    · بدء المسح · 1154 رمزاً · الجلسة CLOSED
09:06 KSA · CLOSED  · scanner    · بدء المسح · 1154 رمزاً · الجلسة CLOSED
09:08 KSA · CLOSED  · scanner    · بدء المسح · 1154 رمزاً · الجلسة CLOSED
09:10 KSA · CLOSED  · scanner    · بدء المسح · 1154 رمزاً · الجلسة CLOSED
09:13 KSA · CLOSED  · scanner    · بدء المسح · 1154 رمزاً · الجلسة CLOSED
09:14 KSA · CLOSED  · scanner    · بدء المسح · 1154 رمزاً · الجلسة CLOSED
09:16 KSA · CLOSED  · scanner    · بدء المسح · 1154 رمزاً · الجلسة CLOSED
09:16 KSA · CLOSED  · signal     · MUB-USD · brk ▼ 61 · 15m
09:16 KSA · CLOSED  · signal     · UNI-USD · vwapRec ▲ 70 · 15m
09:16 KSA · CLOSED  · signal     · PEPE-USD · momo ▼ 56 · 1h
09:16 KSA · CLOSED  · signal     · TAO-USD · vwapRec ▼ 60 · 15m
09:16 KSA · CLOSED  · signal     · HOLO-USD · brk ▼ 91 · 15m
09:16 KSA · CLOSED  · signal     · BANK-USD · volSpike ▲ 56 · 15m
09:16 KSA · CLOSED  · signal     · PENGU-USD · brk ▼ 68 · 15m
09:16 KSA · CLOSED  · signal     · PENGU-USD · meanRev ▲ 93 · 15m
09:19 KSA · CLOSED  · scanner    · بدء المسح · 1154 رمزاً · الجلسة CLOSED
09:22 KSA · CLOSED  · scanner    · بدء المسح · 1154 رمزاً · الجلسة CLOSED
09:24 KSA · CLOSED  · scanner    · بدء المسح · 1154 رمزاً · الجلسة CLOSED
09:26 KSA · CLOSED  · scanner    · بدء المسح · 1154 رمزاً · الجلسة CLOSED
09:27 KSA · CLOSED  · scanner    · بدء المسح · 1154 رمزاً · الجلسة CLOSED
09:50 KSA · CLOSED  · scanner    · بدء المسح · 1154 رمزاً · الجلسة CLOSED
09:50 KSA · CLOSED  · signal     · DOGE-USD · brk ▼ 59 · 15m
09:50 KSA · CLOSED  · signal     · DOGE-USD · meanRev ▲ 85 · 15m
09:50 KSA · CLOSED  · signal     · DOT-USD · brk ▼ 68 · 15m
09:50 KSA · CLOSED  · signal     · MUB-USD · meanRev ▲ 68 · 15m
09:50 KSA · CLOSED  · signal     · REZ-USD · brk ▼ 77 · 15m
09:50 KSA · CLOSED  · signal     · REZ-USD · volSpike ▼ 83 · 15m
09:50 KSA · CLOSED  · signal     · MTL-USD · vwapRec ▲ 78 · 15m
09:50 KSA · CLOSED  · signal     · HEMI-USD · brk ▼ 84 · 15m
09:50 KSA · CLOSED  · signal     · SUI-USD · orb ▼ 73 · 15m
09:50 KSA · CLOSED  · signal     · SUI-USD · meanRev ▲ 78 · 15m
09:50 KSA · CLOSED  · signal     · ASTER-USD · orb ▼ 65 · 15m
09:50 KSA · CLOSED  · signal     · ASTER-USD · brk ▼ 68 · 15m
09:50 KSA · CLOSED  · signal     · ASTER-USD · meanRev ▲ 85 · 15m
09:54 KSA · CLOSED  · scanner    · بدء المسح · 1154 رمزاً · الجلسة CLOSED
09:54 KSA · CLOSED  · signal     · TRX-USD · pbTrend ▲ 81 · 1h
09:54 KSA · CLOSED  · signal     · INJ-USD · momo ▲ 72 · 1h
09:54 KSA · CLOSED  · signal     · TAO-USD · orb ▲ 93 · 15m
09:54 KSA · CLOSED  · signal     · TAO-USD · vwapRec ▲ 85 · 15m
09:54 KSA · CLOSED  · signal     · TAO-USD · tfAlign ▲ 87 · 1d
09:54 KSA · CLOSED  · signal     · THE-USD · vwapRec ▲ 75 · 15m
09:54 KSA · CLOSED  · signal     · PUMP-USD · sqzExp ▼ 68 · 1h
09:55 KSA · CLOSED  · scanner    · بدء المسح · 1154 رمزاً · الجلسة CLOSED
09:56 KSA · CLOSED  · scanner    · بدء المسح · 1154 رمزاً · الجلسة CLOSED
09:56 KSA · CLOSED  · scanner    · بدء المسح · 1154 رمزاً · الجلسة CLOSED
09:59 KSA · CLOSED  · scanner    · بدء المسح · 1154 رمزاً · الجلسة CLOSED
10:00 KSA · CLOSED  · scanner    · بدء المسح · 1154 رمزاً · الجلسة CLOSED
10:00 KSA · CLOSED  · signal     · DASH-USD · pbTrend ▲ 90 · 1h
10:00 KSA · CLOSED  · signal     · INJ-USD · sqzExp ▲ 65 · 1h
10:00 KSA · CLOSED  · signal     · LSK-USD · orb ▲ 100 · 15m
10:00 KSA · CLOSED  · signal     · LSK-USD · meanRev ▼ 57 · 15m
10:00 KSA · CLOSED  · signal     · U-USD · rsiDiv ▼ 63 · 15m
10:00 KSA · CLOSED  · signal     · BANK-USD · momo ▼ 81 · 1h
10:00 KSA · CLOSED  · signal     · ASTER-USD · pbTrend ▲ 90 · 1h
10:02 KSA · CLOSED  · scanner    · بدء المسح · 1154 رمزاً · الجلسة CLOSED
10:04 KSA · CLOSED  · scanner    · بدء المسح · 1154 رمزاً · الجلسة CLOSED
10:07 KSA · CLOSED  · scanner    · بدء المسح · 1154 رمزاً · الجلسة CLOSED
10:08 KSA · CLOSED  · scanner    · بدء المسح · 1154 رمزاً · الجلسة CLOSED
10:10 KSA · CLOSED  · scanner    · بدء المسح · 1154 رمزاً · الجلسة CLOSED
10:12 KSA · CLOSED  · scanner    · بدء المسح · 1154 رمزاً · الجلسة CLOSED
10:14 KSA · CLOSED  · scanner    · بدء المسح · 1154 رمزاً · الجلسة CLOSED
10:16 KSA · CLOSED  · scanner    · بدء المسح · 1154 رمزاً · الجلسة CLOSED
10:16 KSA · CLOSED  · signal     · MUB-USD · vwapRec ▲ 91 · 15m
10:16 KSA · CLOSED  · signal     · SNDKB-USD · vwapRec ▲ 70 · 15m
10:16 KSA · CLOSED  · signal     · U-USD · orb ▲ 100 · 15m
10:16 KSA · CLOSED  · signal     · THE-USD · vwapRec ▲ 68 · 15m
10:18 KSA · CLOSED  · scanner    · بدء المسح · 1154 رمزاً · الجلسة CLOSED
10:20 KSA · CLOSED  · scanner    · بدء المسح · 1154 رمزاً · الجلسة CLOSED
10:22 KSA · CLOSED  · scanner    · بدء المسح · 1154 رمزاً · الجلسة CLOSED
10:24 KSA · CLOSED  · scanner    · بدء المسح · 1154 رمزاً · الجلسة CLOSED
10:26 KSA · CLOSED  · scanner    · بدء المسح · 1154 رمزاً · الجلسة CLOSED
10:28 KSA · CLOSED  · scanner    · بدء المسح · 1154 رمزاً · الجلسة CLOSED
10:30 KSA · CLOSED  · scanner    · بدء المسح · 1154 رمزاً · الجلسة CLOSED
10:32 KSA · CLOSED  · scanner    · بدء المسح · 1154 رمزاً · الجلسة CLOSED
10:32 KSA · CLOSED  · signal     · XLM-USD · meanRev ▲ 85 · 15m
10:32 KSA · CLOSED  · signal     · U-USD · orb ▲ 93 · 15m
10:34 KSA · CLOSED  · scanner    · بدء المسح · 1154 رمزاً · الجلسة CLOSED
10:37 KSA · CLOSED  · scanner    · بدء المسح · 1154 رمزاً · الجلسة CLOSED
10:38 KSA · CLOSED  · scanner    · بدء المسح · 1154 رمزاً · الجلسة CLOSED
10:40 KSA · CLOSED  · scanner    · بدء المسح · 1154 رمزاً · الجلسة CLOSED
10:42 KSA · CLOSED  · scanner    · بدء المسح · 1154 رمزاً · الجلسة CLOSED
10:44 KSA · CLOSED  · scanner    · بدء المسح · 1154 رمزاً · الجلسة CLOSED
10:46 KSA · CLOSED  · scanner    · بدء المسح · 1154 رمزاً · الجلسة CLOSED
10:46 KSA · CLOSED  · signal     · LSK-USD · orb ▼ 80 · 15m
10:48 KSA · CLOSED  · scanner    · بدء المسح · 1154 رمزاً · الجلسة CLOSED
10:50 KSA · CLOSED  · scanner    · بدء المسح · 1154 رمزاً · الجلسة CLOSED
10:53 KSA · CLOSED  · scanner    · بدء المسح · 1154 رمزاً · الجلسة CLOSED
10:53 KSA · CLOSED  · signal     · LSK-USD · sqzExp ▲ 55 · 1h
10:53 KSA · CLOSED  · signal     · HOLO-USD · pbTrend ▼ 64 · 1h
10:55 KSA · CLOSED  · scanner    · بدء المسح · 1154 رمزاً · الجلسة CLOSED
10:56 KSA · CLOSED  · scanner    · بدء المسح · 1154 رمزاً · الجلسة CLOSED
10:58 KSA · CLOSED  · scanner    · بدء المسح · 1154 رمزاً · الجلسة CLOSED
11:00 KSA · CLOSED  · scanner    · بدء المسح · 1154 رمزاً · الجلسة CLOSED
11:00 KSA · CLOSED  · signal     · GRAM-USD · sqzExp ▼ 75 · 1h
11:00 KSA · CLOSED  · signal     · DOT-USD · sqzExp ▼ 70 · 1h
11:00 KSA · CLOSED  · signal     · ENA-USD · rsiDiv ▼ 67 · 1h
11:00 KSA · CLOSED  · signal     · WLD-USD · pbTrend ▲ 90 · 1h
11:00 KSA · CLOSED  · signal     · HEMI-USD · sqzExp ▼ 57 · 1h
11:00 KSA · CLOSED  · signal     · SUI-USD · brk ▼ 77 · 15m
11:00 KSA · CLOSED  · signal     · THE-USD · orb ▲ 75 · 15m
11:00 KSA · CLOSED  · signal     · HOLO-USD · vwapRec ▲ 68 · 15m
11:00 KSA · CLOSED  · signal     · WLFI-USD · pbTrend ▲ 67 · 1h
11:00 KSA · CLOSED  · signal     · APT-USD · pbTrend ▲ 76 · 1h
11:02 KSA · CLOSED  · scanner    · بدء المسح · 1154 رمزاً · الجلسة CLOSED
11:04 KSA · CLOSED  · scanner    · بدء المسح · 1154 رمزاً · الجلسة CLOSED
11:07 KSA · CLOSED  · scanner    · بدء المسح · 1154 رمزاً · الجلسة CLOSED
11:10 KSA · CLOSED  · scanner    · بدء المسح · 1154 رمزاً · الجلسة CLOSED
11:12 KSA · CLOSED  · scanner    · بدء المسح · 1154 رمزاً · الجلسة CLOSED
11:14 KSA · CLOSED  · scanner    · بدء المسح · 1154 رمزاً · الجلسة CLOSED
11:16 KSA · CLOSED  · scanner    · بدء المسح · 1154 رمزاً · الجلسة CLOSED
11:16 KSA · CLOSED  · signal     · TAO-USD · tfAlign ▲ 76 · 1d
11:16 KSA · CLOSED  · signal     · THE-USD · brk ▲ 91 · 15m
11:18 KSA · CLOSED  · scanner    · بدء المسح · 1154 رمزاً · الجلسة CLOSED
11:20 KSA · CLOSED  · scanner    · بدء المسح · 1154 رمزاً · الجلسة CLOSED
11:22 KSA · CLOSED  · scanner    · بدء المسح · 1154 رمزاً · الجلسة CLOSED
11:22 KSA · CLOSED  · signal     · TAO-USD · orb ▲ 73 · 15m
11:22 KSA · CLOSED  · signal     · TAO-USD · vwapRec ▲ 85 · 15m
11:24 KSA · CLOSED  · scanner    · بدء المسح · 1154 رمزاً · الجلسة CLOSED
11:26 KSA · CLOSED  · scanner    · بدء المسح · 1154 رمزاً · الجلسة CLOSED
11:28 KSA · CLOSED  · scanner    · بدء المسح · 1154 رمزاً · الجلسة CLOSED
11:30 KSA · CLOSED  · scanner    · بدء المسح · 1154 رمزاً · الجلسة CLOSED
11:30 KSA · CLOSED  · signal     · BTC-USD · meanRev ▼ 70 · 15m
11:30 KSA · CLOSED  · signal     · REZ-USD · volSpike ▲ 89 · 15m
11:30 KSA · CLOSED  · signal     · UNI-USD · brk ▲ 73 · 15m
11:32 KSA · CLOSED  · scanner    · بدء المسح · 1154 رمزاً · الجلسة CLOSED
11:32 KSA · CLOSED  · signal     · UNI-USD · meanRev ▼ 65 · 15m
11:34 KSA · CLOSED  · scanner    · بدء المسح · 1154 رمزاً · الجلسة CLOSED
11:37 KSA · CLOSED  · scanner    · بدء المسح · 1154 رمزاً · الجلسة CLOSED
11:38 KSA · CLOSED  · scanner    · بدء المسح · 1154 رمزاً · الجلسة CLOSED
11:40 KSA · CLOSED  · scanner    · بدء المسح · 1154 رمزاً · الجلسة CLOSED
11:42 KSA · CLOSED  · scanner    · بدء المسح · 1154 رمزاً · الجلسة CLOSED
11:44 KSA · CLOSED  · scanner    · بدء المسح · 1154 رمزاً · الجلسة CLOSED
11:46 KSA · CLOSED  · scanner    · بدء المسح · 1154 رمزاً · الجلسة CLOSED
11:46 KSA · CLOSED  · signal     · RAY-USD · volSpike ▲ 83 · 15m
11:46 KSA · CLOSED  · signal     · BANK-USD · rsiDiv ▲ 81 · 15m
11:48 KSA · CLOSED  · scanner    · بدء المسح · 1154 رمزاً · الجلسة CLOSED
11:50 KSA · CLOSED  · scanner    · بدء المسح · 1154 رمزاً · الجلسة CLOSED
11:53 KSA · CLOSED  · scanner    · بدء المسح · 1154 رمزاً · الجلسة CLOSED
11:53 KSA · CLOSED  · signal     · HBAR-USD · momo ▼ 72 · 1h
11:55 KSA · CLOSED  · scanner    · بدء المسح · 1154 رمزاً · الجلسة CLOSED
11:56 KSA · CLOSED  · scanner    · بدء المسح · 1154 رمزاً · الجلسة CLOSED
11:58 KSA · CLOSED  · scanner    · بدء المسح · 1154 رمزاً · الجلسة CLOSED
12:00 KSA · CLOSED  · scanner    · بدء المسح · 1154 رمزاً · الجلسة CLOSED
12:00 KSA · CLOSED  · signal     · GRAM-USD · vwapRec ▲ 78 · 15m
12:00 KSA · CLOSED  · signal     · CAKE-USD · vwapRec ▲ 78 · 15m
12:00 KSA · CLOSED  · signal     · RAY-USD · sqzExp ▲ 80 · 1h
12:00 KSA · CLOSED  · signal     · U-USD · pbTrend ▲ 64 · 1h
12:00 KSA · CLOSED  · signal     · BANK-USD · volSpike ▲ 56 · 15m
12:02 KSA · CLOSED  · scanner    · بدء المسح · 1154 رمزاً · الجلسة CLOSED
12:02 KSA · CLOSED  · signal     · REZ-USD · vwapRec ▼ 83 · 15m
12:02 KSA · CLOSED  · signal     · HOLO-USD · brk ▲ 82 · 15m
12:02 KSA · CLOSED  · signal     · HOLO-USD · meanRev ▼ 85 · 15m
12:05 KSA · CLOSED  · scanner    · بدء المسح · 1154 رمزاً · الجلسة CLOSED
12:05 KSA · CLOSED  · scanner    · بدء المسح · 1154 رمزاً · الجلسة CLOSED
12:07 KSA · CLOSED  · scanner    · بدء المسح · 1154 رمزاً · الجلسة CLOSED
12:10 KSA · CLOSED  · scanner    · بدء المسح · 1154 رمزاً · الجلسة CLOSED
12:12 KSA · CLOSED  · scanner    · بدء المسح · 1154 رمزاً · الجلسة CLOSED
12:14 KSA · CLOSED  · scanner    · بدء المسح · 1154 رمزاً · الجلسة CLOSED
12:16 KSA · CLOSED  · scanner    · بدء المسح · 1154 رمزاً · الجلسة CLOSED
12:16 KSA · CLOSED  · signal     · AVAX-USD · vwapRec ▲ 55 · 15m
12:16 KSA · CLOSED  · signal     · CAKE-USD · orb ▲ 88 · 15m
12:16 KSA · CLOSED  · signal     · CAKE-USD · meanRev ▼ 63 · 15m
12:16 KSA · CLOSED  · signal     · TAO-USD · brk ▲ 86 · 15m
12:16 KSA · CLOSED  · signal     · TAO-USD · meanRev ▼ 78 · 15m
12:18 KSA · CLOSED  · scanner    · بدء المسح · 1154 رمزاً · الجلسة CLOSED
12:20 KSA · CLOSED  · scanner    · بدء المسح · 1154 رمزاً · الجلسة CLOSED
12:22 KSA · CLOSED  · scanner    · بدء المسح · 1154 رمزاً · الجلسة CLOSED
12:22 KSA · CLOSED  · signal     · SUI-USD · orb ▲ 70 · 15m
12:24 KSA · CLOSED  · scanner    · بدء المسح · 1154 رمزاً · الجلسة CLOSED
12:26 KSA · CLOSED  · scanner    · بدء المسح · 1154 رمزاً · الجلسة CLOSED
12:28 KSA · CLOSED  · scanner    · بدء المسح · 1154 رمزاً · الجلسة CLOSED
12:30 KSA · CLOSED  · scanner    · بدء المسح · 1154 رمزاً · الجلسة CLOSED
12:30 KSA · CLOSED  · signal     · LSK-USD · orb ▲ 75 · 15m
12:30 KSA · CLOSED  · signal     · U-USD · vwapRec ▲ 93 · 15m
12:30 KSA · CLOSED  · signal     · TAO-USD · volSpike ▲ 83 · 15m
12:30 KSA · CLOSED  · signal     · THE-USD · volSpike ▼ 89 · 15m
12:30 KSA · CLOSED  · signal     · BANK-USD · brk ▼ 75 · 15m
12:32 KSA · CLOSED  · scanner    · بدء المسح · 1154 رمزاً · الجلسة CLOSED
12:32 KSA · CLOSED  · signal     · LINK-USD · meanRev ▼ 63 · 15m
12:34 KSA · CLOSED  · scanner    · بدء المسح · 1154 رمزاً · الجلسة CLOSED
12:37 KSA · CLOSED  · scanner    · بدء المسح · 1154 رمزاً · الجلسة CLOSED
12:38 KSA · CLOSED  · scanner    · بدء المسح · 1154 رمزاً · الجلسة CLOSED
12:40 KSA · CLOSED  · scanner    · بدء المسح · 1154 رمزاً · الجلسة CLOSED
12:42 KSA · CLOSED  · scanner    · بدء المسح · 1154 رمزاً · الجلسة CLOSED
12:44 KSA · CLOSED  · scanner    · بدء المسح · 1154 رمزاً · الجلسة CLOSED
12:46 KSA · CLOSED  · scanner    · بدء المسح · 1154 رمزاً · الجلسة CLOSED
12:46 KSA · CLOSED  · signal     · BANK-USD · volSpike ▼ 100 · 15m
12:48 KSA · CLOSED  · scanner    · بدء المسح · 1154 رمزاً · الجلسة CLOSED
12:50 KSA · CLOSED  · scanner    · بدء المسح · 1154 رمزاً · الجلسة CLOSED
12:53 KSA · CLOSED  · scanner    · بدء المسح · 1154 رمزاً · الجلسة CLOSED
12:53 KSA · CLOSED  · signal     · IOTA-USD · sqzExp ▲ 68 · 1h
12:55 KSA · CLOSED  · scanner    · بدء المسح · 1154 رمزاً · الجلسة CLOSED
12:56 KSA · CLOSED  · scanner    · بدء المسح · 1154 رمزاً · الجلسة CLOSED
12:58 KSA · CLOSED  · scanner    · بدء المسح · 1154 رمزاً · الجلسة CLOSED
13:00 KSA · CLOSED  · scanner    · بدء المسح · 1154 رمزاً · الجلسة CLOSED
13:00 KSA · CLOSED  · signal     · RAY-USD · rsiDiv ▼ 67 · 15m
13:00 KSA · CLOSED  · signal     · ARK-USD · sqzExp ▲ 80 · 1h
13:00 KSA · CLOSED  · signal     · SUI-USD · brk ▲ 68 · 15m
13:00 KSA · CLOSED  · signal     · TAO-USD · sqzExp ▲ 88 · 1h
13:00 KSA · CLOSED  · signal     · TAO-USD · volSpike ▲ 72 · 15m
13:00 KSA · CLOSED  · signal     · TAO-USD · momo ▲ 72 · 1h
13:00 KSA · CLOSED  · signal     · THE-USD · momo ▲ 67 · 1h
13:02 KSA · CLOSED  · scanner    · بدء المسح · 1154 رمزاً · الجلسة CLOSED
13:02 KSA · CLOSED  · signal     · SUI-USD · meanRev ▼ 85 · 15m
13:04 KSA · CLOSED  · scanner    · بدء المسح · 1154 رمزاً · الجلسة CLOSED
13:07 KSA · CLOSED  · scanner    · بدء المسح · 1154 رمزاً · الجلسة CLOSED
13:08 KSA · CLOSED  · scanner    · بدء المسح · 1154 رمزاً · الجلسة CLOSED
13:10 KSA · CLOSED  · scanner    · بدء المسح · 1154 رمزاً · الجلسة CLOSED
13:12 KSA · CLOSED  · scanner    · بدء المسح · 1154 رمزاً · الجلسة CLOSED
13:14 KSA · CLOSED  · scanner    · بدء المسح · 1154 رمزاً · الجلسة CLOSED
13:16 KSA · CLOSED  · scanner    · بدء المسح · 1154 رمزاً · الجلسة CLOSED
13:16 KSA · CLOSED  · signal     · XAUT-USD · vwapRec ▲ 65 · 15m
13:16 KSA · CLOSED  · signal     · SNDKB-USD · vwapRec ▲ 60 · 15m
13:16 KSA · CLOSED  · signal     · SNDKB-USD · meanRev ▼ 63 · 15m
13:16 KSA · CLOSED  · signal     · SNXXB-USD · meanRev ▼ 55 · 15m
13:16 KSA · CLOSED  · signal     · SUI-USD · volSpike ▲ 56 · 15m
13:16 KSA · CLOSED  · signal     · U-USD · orb ▲ 85 · 15m
13:16 KSA · CLOSED  · signal     · TAO-USD · volSpike ▼ 78 · 15m
13:18 KSA · CLOSED  · scanner    · بدء المسح · 1154 رمزاً · الجلسة CLOSED
13:20 KSA · CLOSED  · scanner    · بدء المسح · 1154 رمزاً · الجلسة CLOSED
13:22 KSA · CLOSED  · scanner    · بدء المسح · 1154 رمزاً · الجلسة CLOSED
13:23 KSA · CLOSED  · signal     · MUB-USD · vwapRec ▲ 85 · 15m
13:23 KSA · CLOSED  · signal     · SUI-USD · brk ▲ 100 · 15m
13:23 KSA · CLOSED  · signal     · HOLO-USD · orb ▲ 75 · 15m
13:24 KSA · CLOSED  · scanner    · بدء المسح · 1154 رمزاً · الجلسة CLOSED
13:26 KSA · CLOSED  · scanner    · بدء المسح · 1154 رمزاً · الجلسة CLOSED
13:28 KSA · CLOSED  · scanner    · بدء المسح · 1154 رمزاً · الجلسة CLOSED
13:30 KSA · CLOSED  · scanner    · بدء المسح · 1154 رمزاً · الجلسة CLOSED
13:30 KSA · CLOSED  · signal     · PENGU-USD · vwapRec ▲ 73 · 15m
13:32 KSA · CLOSED  · scanner    · بدء المسح · 1154 رمزاً · الجلسة CLOSED
13:32 KSA · CLOSED  · signal     · DOGE-USD · vwapRec ▲ 60 · 15m
13:32 KSA · CLOSED  · signal     · DOGE-USD · meanRev ▼ 70 · 15m
13:32 KSA · CLOSED  · signal     · SUI-USD · meanRev ▼ 100 · 15m
13:32 KSA · CLOSED  · signal     · U-USD · orb ▲ 85 · 15m
13:32 KSA · CLOSED  · signal     · TAO-USD · brk ▲ 82 · 15m
13:32 KSA · CLOSED  · signal     · PENGU-USD · meanRev ▼ 85 · 15m
13:32 KSA · CLOSED  · signal     · WLFI-USD · brk ▲ 82 · 15m
13:34 KSA · CLOSED  · scanner    · بدء المسح · 1154 رمزاً · الجلسة CLOSED
13:37 KSA · CLOSED  · scanner    · بدء المسح · 1154 رمزاً · الجلسة CLOSED
13:38 KSA · CLOSED  · scanner    · بدء المسح · 1154 رمزاً · الجلسة CLOSED
13:40 KSA · CLOSED  · scanner    · بدء المسح · 1154 رمزاً · الجلسة CLOSED
13:42 KSA · CLOSED  · scanner    · بدء المسح · 1154 رمزاً · الجلسة CLOSED
13:44 KSA · CLOSED  · scanner    · بدء المسح · 1154 رمزاً · الجلسة CLOSED
13:46 KSA · CLOSED  · scanner    · بدء المسح · 1154 رمزاً · الجلسة CLOSED
13:46 KSA · CLOSED  · signal     · XAUT-USD · meanRev ▼ 70 · 15m
13:46 KSA · CLOSED  · signal     · SUI-USD · volSpike ▲ 61 · 15m
13:46 KSA · CLOSED  · signal     · PEPE-USD · volSpike ▲ 89 · 15m
13:46 KSA · CLOSED  · signal     · TAO-USD · volSpike ▲ 72 · 15m
13:46 KSA · CLOSED  · signal     · HOLO-USD · orb ▲ 75 · 15m
13:46 KSA · CLOSED  · signal     · PENGU-USD · brk ▲ 91 · 15m
13:48 KSA · CLOSED  · scanner    · بدء المسح · 1154 رمزاً · الجلسة CLOSED
13:50 KSA · CLOSED  · scanner    · بدء المسح · 1154 رمزاً · الجلسة CLOSED
13:53 KSA · CLOSED  · scanner    · بدء المسح · 1154 رمزاً · الجلسة CLOSED
13:54 KSA · CLOSED  · scanner    · بدء المسح · 1154 رمزاً · الجلسة CLOSED
13:56 KSA · CLOSED  · scanner    · بدء المسح · 1154 رمزاً · الجلسة CLOSED
13:58 KSA · CLOSED  · scanner    · بدء المسح · 1154 رمزاً · الجلسة CLOSED
14:00 KSA · CLOSED  · scanner    · بدء المسح · 1154 رمزاً · الجلسة CLOSED
14:00 KSA · CLOSED  · signal     · ZEC-USD · orb ▼ 63 · 15m
14:00 KSA · CLOSED  · signal     · ZEC-USD · meanRev ▲ 57 · 15m
14:00 KSA · CLOSED  · signal     · DOGE-USD · volSpike ▼ 67 · 15m
14:00 KSA · CLOSED  · signal     · GRAM-USD · pbTrend ▼ 67 · 1h
14:00 KSA · CLOSED  · signal     · HBAR-USD · sqzExp ▲ 63 · 1h
14:00 KSA · CLOSED  · signal     · HEMI-USD · rsiDiv ▲ 75 · 15m
14:00 KSA · CLOSED  · signal     · SUI-USD · sqzExp ▲ 68 · 1h
14:00 KSA · CLOSED  · signal     · SUI-USD · momo ▲ 56 · 1h
14:00 KSA · CLOSED  · signal     · 牛来-USD · momo ▼ 100 · 1h
14:00 KSA · CLOSED  · signal     · EUR-USD · momo ▼ 56 · 1h
14:00 KSA · CLOSED  · signal     · HOLO-USD · momo ▲ 67 · 1h
14:00 KSA · CLOSED  · signal     · ASTER-USD · tfAlign ▲ 84 · 1d
14:02 KSA · CLOSED  · scanner    · بدء المسح · 1154 رمزاً · الجلسة CLOSED
14:04 KSA · CLOSED  · scanner    · بدء المسح · 1154 رمزاً · الجلسة CLOSED
14:07 KSA · CLOSED  · scanner    · بدء المسح · 1154 رمزاً · الجلسة CLOSED
14:08 KSA · CLOSED  · scanner    · بدء المسح · 1154 رمزاً · الجلسة CLOSED
14:10 KSA · CLOSED  · scanner    · بدء المسح · 1154 رمزاً · الجلسة CLOSED
14:12 KSA · CLOSED  · scanner    · بدء المسح · 1154 رمزاً · الجلسة CLOSED
14:14 KSA · CLOSED  · scanner    · بدء المسح · 1154 رمزاً · الجلسة CLOSED
14:16 KSA · CLOSED  · scanner    · بدء المسح · 1154 رمزاً · الجلسة CLOSED
14:16 KSA · CLOSED  · signal     · DOGE-USD · meanRev ▼ 85 · 15m
14:16 KSA · CLOSED  · signal     · CAKE-USD · orb ▲ 73 · 15m
14:16 KSA · CLOSED  · signal     · UNI-USD · vwapRec ▲ 100 · 15m
14:16 KSA · CLOSED  · signal     · UNI-USD · tfAlign ▲ 89 · 1d
14:16 KSA · CLOSED  · signal     · TAO-USD · brk ▲ 70 · 15m
14:16 KSA · CLOSED  · signal     · HOLO-USD · brk ▲ 86 · 15m
14:16 KSA · CLOSED  · signal     · HOLO-USD · volSpike ▼ 67 · 15m
14:16 KSA · CLOSED  · signal     · PENGU-USD · brk ▲ 68 · 15m
14:16 KSA · CLOSED  · signal     · PENGU-USD · meanRev ▼ 93 · 15m
14:18 KSA · CLOSED  · scanner    · بدء المسح · 1154 رمزاً · الجلسة CLOSED
14:20 KSA · CLOSED  · scanner    · بدء المسح · 1154 رمزاً · الجلسة CLOSED
14:22 KSA · CLOSED  · scanner    · بدء المسح · 1154 رمزاً · الجلسة CLOSED
14:22 KSA · CLOSED  · signal     · U-USD · orb ▲ 85 · 15m
14:24 KSA · CLOSED  · scanner    · بدء المسح · 1154 رمزاً · الجلسة CLOSED
14:26 KSA · CLOSED  · scanner    · بدء المسح · 1154 رمزاً · الجلسة CLOSED
14:28 KSA · CLOSED  · scanner    · بدء المسح · 1154 رمزاً · الجلسة CLOSED
14:30 KSA · CLOSED  · scanner    · بدء المسح · 1154 رمزاً · الجلسة CLOSED
14:30 KSA · CLOSED  · signal     · DOGE-USD · brk ▲ 93 · 15m
14:30 KSA · CLOSED  · signal     · NEAR-USD · momo ▼ 56 · 1h
14:30 KSA · CLOSED  · signal     · WLD-USD · orb ▲ 100 · 15m
14:30 KSA · CLOSED  · signal     · SUI-USD · meanRev ▼ 75 · 15m
14:30 KSA · CLOSED  · signal     · SUI-USD · volSpike ▼ 67 · 15m
14:30 KSA · CLOSED  · signal     · TAO-USD · volSpike ▲ 72 · 15m
14:30 KSA · CLOSED  · signal     · PENGU-USD · volSpike ▲ 61 · 15m
14:32 KSA · CLOSED  · scanner    · بدء المسح · 1154 رمزاً · الجلسة CLOSED
14:32 KSA · CLOSED  · signal     · U-USD · orb ▲ 85 · 15m
14:32 KSA · CLOSED  · signal     · ASTER-USD · meanRev ▼ 63 · 15m
14:34 KSA · CLOSED  · scanner    · بدء المسح · 1154 رمزاً · الجلسة CLOSED
14:37 KSA · CLOSED  · scanner    · بدء المسح · 1154 رمزاً · الجلسة CLOSED
14:38 KSA · CLOSED  · scanner    · بدء المسح · 1154 رمزاً · الجلسة CLOSED
14:40 KSA · CLOSED  · scanner    · بدء المسح · 1154 رمزاً · الجلسة CLOSED
14:42 KSA · CLOSED  · scanner    · بدء المسح · 1154 رمزاً · الجلسة CLOSED
14:44 KSA · CLOSED  · scanner    · بدء المسح · 1154 رمزاً · الجلسة CLOSED
14:46 KSA · CLOSED  · scanner    · بدء المسح · 1154 رمزاً · الجلسة CLOSED
14:46 KSA · CLOSED  · signal     · DOT-USD · brk ▲ 82 · 15m
14:46 KSA · CLOSED  · signal     · DOT-USD · volSpike ▲ 83 · 15m
14:48 KSA · CLOSED  · scanner    · بدء المسح · 1154 رمزاً · الجلسة CLOSED
14:50 KSA · CLOSED  · scanner    · بدء المسح · 1154 رمزاً · الجلسة CLOSED
14:53 KSA · CLOSED  · scanner    · بدء المسح · 1154 رمزاً · الجلسة CLOSED
14:53 KSA · CLOSED  · signal     · UNI-USD · tfAlign ▲ 89 · 1d
14:53 KSA · CLOSED  · signal     · HOLO-USD · brk ▲ 93 · 15m
14:54 KSA · CLOSED  · scanner    · بدء المسح · 1154 رمزاً · الجلسة CLOSED
14:56 KSA · CLOSED  · scanner    · بدء المسح · 1154 رمزاً · الجلسة CLOSED
14:58 KSA · CLOSED  · scanner    · بدء المسح · 1154 رمزاً · الجلسة CLOSED
15:00 KSA · CLOSED  · scanner    · بدء المسح · 1154 رمزاً · الجلسة CLOSED
15:00 KSA · CLOSED  · signal     · ETH-USD · rsiDiv ▼ 67 · 1h
15:00 KSA · CLOSED  · signal     · GRAM-USD · sqzExp ▲ 83 · 1h
15:00 KSA · CLOSED  · signal     · HBAR-USD · momo ▲ 67 · 1h
15:00 KSA · CLOSED  · signal     · PENDLE-USD · sqzExp ▲ 73 · 1h
15:00 KSA · CLOSED  · signal     · VTHO-USD · volSpike ▲ 89 · 15m
15:00 KSA · CLOSED  · signal     · U-USD · orb ▲ 100 · 15m
15:00 KSA · CLOSED  · signal     · THE-USD · brk ▲ 64 · 15m
15:00 KSA · CLOSED  · signal     · HOLO-USD · sqzExp ▲ 60 · 1h
15:00 KSA · CLOSED  · signal     · BANK-USD · volSpike ▲ 78 · 15m
15:00 KSA · CLOSED  · signal     · ASTER-USD · tfAlign ▲ 100 · 1d
15:02 KSA · CLOSED  · scanner    · بدء المسح · 1154 رمزاً · الجلسة CLOSED
15:02 KSA · CLOSED  · signal     · VTHO-USD · orb ▲ 100 · 15m
15:04 KSA · CLOSED  · scanner    · بدء المسح · 1154 رمزاً · الجلسة CLOSED
15:07 KSA · CLOSED  · scanner    · بدء المسح · 1154 رمزاً · الجلسة CLOSED
15:08 KSA · CLOSED  · scanner    · بدء المسح · 1154 رمزاً · الجلسة CLOSED
15:10 KSA · CLOSED  · scanner    · بدء المسح · 1154 رمزاً · الجلسة CLOSED
15:12 KSA · CLOSED  · scanner    · بدء المسح · 1154 رمزاً · الجلسة CLOSED
15:14 KSA · CLOSED  · scanner    · بدء المسح · 1154 رمزاً · الجلسة CLOSED
15:16 KSA · CLOSED  · scanner    · بدء المسح · 1154 رمزاً · الجلسة CLOSED
15:16 KSA · CLOSED  · signal     · T-USD · brk ▲ 100 · 15m
15:16 KSA · CLOSED  · signal     · THE-USD · meanRev ▼ 75 · 15m
15:16 KSA · CLOSED  · signal     · THE-USD · volSpike ▼ 89 · 15m
15:18 KSA · CLOSED  · scanner    · بدء المسح · 1154 رمزاً · الجلسة CLOSED
15:20 KSA · CLOSED  · scanner    · بدء المسح · 1154 رمزاً · الجلسة CLOSED
15:22 KSA · CLOSED  · scanner    · بدء المسح · 1154 رمزاً · الجلسة CLOSED
15:22 KSA · CLOSED  · signal     · UNI-USD · tfAlign ▲ 89 · 1d
15:22 KSA · CLOSED  · signal     · U-USD · orb ▲ 85 · 15m
15:22 KSA · CLOSED  · signal     · U-USD · momo ▲ 83 · 1h
15:22 KSA · CLOSED  · signal     · HOLO-USD · brk ▲ 89 · 15m
15:24 KSA · CLOSED  · scanner    · بدء المسح · 1154 رمزاً · الجلسة CLOSED
15:26 KSA · CLOSED  · scanner    · بدء المسح · 1154 رمزاً · الجلسة CLOSED
15:28 KSA · CLOSED  · scanner    · بدء المسح · 1154 رمزاً · الجلسة CLOSED
15:30 KSA · CLOSED  · scanner    · بدء المسح · 1154 رمزاً · الجلسة CLOSED
15:30 KSA · CLOSED  · signal     · BNCB-USD · volSpike ▲ 81 · 15m
15:32 KSA · CLOSED  · scanner    · بدء المسح · 1154 رمزاً · الجلسة CLOSED
15:32 KSA · CLOSED  · signal     · UNI-USD · tfAlign ▲ 89 · 1d
15:34 KSA · CLOSED  · scanner    · بدء المسح · 1154 رمزاً · الجلسة CLOSED
15:37 KSA · CLOSED  · scanner    · بدء المسح · 1154 رمزاً · الجلسة CLOSED
15:38 KSA · CLOSED  · scanner    · بدء المسح · 1154 رمزاً · الجلسة CLOSED
15:40 KSA · CLOSED  · scanner    · بدء المسح · 1154 رمزاً · الجلسة CLOSED
15:42 KSA · CLOSED  · scanner    · بدء المسح · 1154 رمزاً · الجلسة CLOSED
15:44 KSA · CLOSED  · scanner    · بدء المسح · 1154 رمزاً · الجلسة CLOSED
15:46 KSA · CLOSED  · scanner    · بدء المسح · 1154 رمزاً · الجلسة CLOSED
15:46 KSA · CLOSED  · signal     · U-USD · orb ▲ 100 · 15m
15:46 KSA · CLOSED  · signal     · U-USD · volSpike ▼ 56 · 15m
15:46 KSA · CLOSED  · signal     · BANK-USD · volSpike ▲ 67 · 15m
15:48 KSA · CLOSED  · scanner    · بدء المسح · 1154 رمزاً · الجلسة CLOSED
15:50 KSA · CLOSED  · scanner    · بدء المسح · 1154 رمزاً · الجلسة CLOSED
15:53 KSA · CLOSED  · scanner    · بدء المسح · 1154 رمزاً · الجلسة CLOSED
15:53 KSA · CLOSED  · signal     · MTL-USD · sqzExp ▲ 70 · 1h
15:55 KSA · CLOSED  · scanner    · بدء المسح · 1154 رمزاً · الجلسة CLOSED
15:56 KSA · CLOSED  · scanner    · بدء المسح · 1154 رمزاً · الجلسة CLOSED
15:58 KSA · CLOSED  · scanner    · بدء المسح · 1154 رمزاً · الجلسة CLOSED
16:00 KSA · CLOSED  · scanner    · بدء المسح · 1154 رمزاً · الجلسة CLOSED
16:00 KSA · CLOSED  · signal     · BNB-USD · brk ▲ 77 · 15m
16:00 KSA · CLOSED  · signal     · XLM-USD · sqzExp ▲ 90 · 1h
16:00 KSA · CLOSED  · signal     · CAKE-USD · momo ▲ 69 · 1h
16:00 KSA · CLOSED  · signal     · IOTA-USD · rsiDiv ▼ 56 · 1h
16:00 KSA · CLOSED  · signal     · U-USD · orb ▲ 93 · 15m
16:00 KSA · CLOSED  · signal     · U-USD · vwapRec ▲ 75 · 15m
16:00 KSA · CLOSED  · signal     · U-USD · brk ▲ 86 · 15m
16:00 KSA · CLOSED  · signal     · U-USD · momo ▲ 92 · 1h
16:02 KSA · CLOSED  · scanner    · بدء المسح · 1154 رمزاً · الجلسة CLOSED
16:02 KSA · CLOSED  · signal     · DOGE-USD · meanRev ▼ 100 · 15m
16:04 KSA · CLOSED  · scanner    · بدء المسح · 1154 رمزاً · الجلسة CLOSED
16:07 KSA · CLOSED  · scanner    · بدء المسح · 1154 رمزاً · الجلسة CLOSED
16:08 KSA · CLOSED  · scanner    · بدء المسح · 1154 رمزاً · الجلسة CLOSED
16:10 KSA · CLOSED  · scanner    · بدء المسح · 1154 رمزاً · الجلسة CLOSED
16:12 KSA · CLOSED  · scanner    · بدء المسح · 1154 رمزاً · الجلسة CLOSED
16:14 KSA · CLOSED  · scanner    · بدء المسح · 1154 رمزاً · الجلسة CLOSED
16:16 KSA · CLOSED  · scanner    · بدء المسح · 1154 رمزاً · الجلسة CLOSED
16:16 KSA · CLOSED  · signal     · BNB-USD · volSpike ▲ 67 · 15m
16:16 KSA · CLOSED  · signal     · DOGE-USD · volSpike ▲ 78 · 15m
16:16 KSA · CLOSED  · signal     · T-USD · rsiDiv ▼ 67 · 15m
16:16 KSA · CLOSED  · signal     · UNI-USD · vwapRec ▼ 60 · 15m
16:16 KSA · CLOSED  · signal     · UNI-USD · brk ▼ 68 · 15m
16:16 KSA · CLOSED  · signal     · PENGU-USD · orb ▼ 68 · 15m
16:16 KSA · CLOSED  · signal     · ASTER-USD · orb ▼ 80 · 15m
16:18 KSA · CLOSED  · scanner    · بدء المسح · 1154 رمزاً · الجلسة CLOSED
16:20 KSA · CLOSED  · scanner    · بدء المسح · 1154 رمزاً · الجلسة CLOSED
16:22 KSA · CLOSED  · scanner    · بدء المسح · 1154 رمزاً · الجلسة CLOSED
16:22 KSA · CLOSED  · signal     · XRP-USD · meanRev ▼ 80 · 15m
16:24 KSA · CLOSED  · scanner    · بدء المسح · 1154 رمزاً · الجلسة CLOSED
16:26 KSA · CLOSED  · scanner    · بدء المسح · 1154 رمزاً · الجلسة CLOSED
16:28 KSA · CLOSED  · scanner    · بدء المسح · 1154 رمزاً · الجلسة CLOSED
16:30 KSA · CLOSED  · scanner    · بدء المسح · 1154 رمزاً · الجلسة CLOSED
16:30 KSA · CLOSED  · signal     · HBAR-USD · brk ▲ 86 · 15m
16:30 KSA · CLOSED  · signal     · INJ-USD · rsiDiv ▼ 72 · 15m
16:30 KSA · CLOSED  · signal     · U-USD · orb ▲ 100 · 15m
16:30 KSA · CLOSED  · signal     · U-USD · vwapRec ▲ 85 · 15m
16:30 KSA · CLOSED  · signal     · U-USD · volSpike ▼ 78 · 15m
16:30 KSA · CLOSED  · signal     · BANK-USD · volSpike ▼ 78 · 15m
16:30 KSA · CLOSED  · signal     · PENGU-USD · volSpike ▼ 72 · 15m
16:30 KSA · CLOSED  · signal     · ASTER-USD · volSpike ▼ 78 · 15m
16:32 KSA · CLOSED  · scanner    · بدء المسح · 1154 رمزاً · الجلسة CLOSED
16:32 KSA · CLOSED  · signal     · THE-USD · brk ▲ 82 · 15m
16:32 KSA · CLOSED  · signal     · THE-USD · meanRev ▼ 68 · 15m
16:32 KSA · CLOSED  · signal     · PENGU-USD · vwapRec ▼ 65 · 15m
16:34 KSA · CLOSED  · scanner    · بدء المسح · 1154 رمزاً · الجلسة CLOSED
16:37 KSA · CLOSED  · scanner    · بدء المسح · 1154 رمزاً · الجلسة CLOSED
16:38 KSA · CLOSED  · scanner    · بدء المسح · 1154 رمزاً · الجلسة CLOSED
16:40 KSA · CLOSED  · scanner    · بدء المسح · 1154 رمزاً · الجلسة CLOSED
16:42 KSA · CLOSED  · scanner    · بدء المسح · 1154 رمزاً · الجلسة CLOSED
16:44 KSA · CLOSED  · scanner    · بدء المسح · 1154 رمزاً · الجلسة CLOSED
16:46 KSA · CLOSED  · scanner    · بدء المسح · 1154 رمزاً · الجلسة CLOSED
16:46 KSA · CLOSED  · signal     · DOGE-USD · volSpike ▼ 100 · 15m
16:46 KSA · CLOSED  · signal     · SNDKB-USD · vwapRec ▲ 78 · 15m
16:46 KSA · CLOSED  · signal     · UNI-USD · meanRev ▲ 85 · 15m
16:46 KSA · CLOSED  · signal     · BANK-USD · vwapRec ▲ 60 · 15m
16:46 KSA · CLOSED  · signal     · BANK-USD · brk ▲ 68 · 15m
16:46 KSA · CLOSED  · signal     · BANK-USD · meanRev ▼ 68 · 15m
16:48 KSA · CLOSED  · scanner    · بدء المسح · 1154 رمزاً · الجلسة CLOSED
16:50 KSA · CLOSED  · scanner    · بدء المسح · 1154 رمزاً · الجلسة CLOSED
16:53 KSA · CLOSED  · scanner    · بدء المسح · 1154 رمزاً · الجلسة CLOSED
16:53 KSA · CLOSED  · signal     · HEMI-USD · brk ▼ 75 · 15m
16:55 KSA · CLOSED  · scanner    · بدء المسح · 1154 رمزاً · الجلسة CLOSED
16:56 KSA · CLOSED  · scanner    · بدء المسح · 1154 رمزاً · الجلسة CLOSED
16:58 KSA · CLOSED  · scanner    · بدء المسح · 1154 رمزاً · الجلسة CLOSED
17:00 KSA · CLOSED  · scanner    · بدء المسح · 1154 رمزاً · الجلسة CLOSED
17:00 KSA · CLOSED  · signal     · NEAR-USD · pbTrend ▲ 90 · 1h
17:00 KSA · CLOSED  · signal     · U-USD · rsiDiv ▼ 63 · 15m
17:00 KSA · CLOSED  · signal     · BANK-USD · pbTrend ▼ 55 · 1h
17:02 KSA · CLOSED  · scanner    · بدء المسح · 1154 رمزاً · الجلسة CLOSED
17:02 KSA · CLOSED  · signal     · HOLO-USD · brk ▲ 89 · 15m
17:04 KSA · CLOSED  · scanner    · بدء المسح · 1154 رمزاً · الجلسة CLOSED
17:07 KSA · CLOSED  · scanner    · بدء المسح · 1154 رمزاً · الجلسة CLOSED
17:08 KSA · CLOSED  · scanner    · بدء المسح · 1154 رمزاً · الجلسة CLOSED
17:10 KSA · CLOSED  · scanner    · بدء المسح · 1154 رمزاً · الجلسة CLOSED
17:12 KSA · CLOSED  · scanner    · بدء المسح · 1154 رمزاً · الجلسة CLOSED
17:14 KSA · CLOSED  · scanner    · بدء المسح · 1154 رمزاً · الجلسة CLOSED
17:16 KSA · CLOSED  · scanner    · بدء المسح · 1154 رمزاً · الجلسة CLOSED
17:16 KSA · CLOSED  · signal     · HEMI-USD · volSpike ▲ 67 · 15m
17:16 KSA · CLOSED  · signal     · THE-USD · brk ▲ 82 · 15m
17:16 KSA · CLOSED  · signal     · THE-USD · meanRev ▼ 68 · 15m
17:16 KSA · CLOSED  · signal     · THE-USD · volSpike ▼ 67 · 15m
17:16 KSA · CLOSED  · signal     · BANK-USD · orb ▲ 83 · 15m
17:16 KSA · CLOSED  · signal     · BANK-USD · volSpike ▲ 61 · 15m
17:18 KSA · CLOSED  · scanner    · بدء المسح · 1154 رمزاً · الجلسة CLOSED
17:20 KSA · CLOSED  · scanner    · بدء المسح · 1154 رمزاً · الجلسة CLOSED
17:22 KSA · CLOSED  · scanner    · بدء المسح · 1154 رمزاً · الجلسة CLOSED
17:22 KSA · CLOSED  · signal     · U-USD · orb ▲ 85 · 15m
17:22 KSA · CLOSED  · signal     · U-USD · vwapRec ▲ 70 · 15m
17:24 KSA · CLOSED  · scanner    · بدء المسح · 1154 رمزاً · الجلسة CLOSED
17:26 KSA · CLOSED  · scanner    · بدء المسح · 1154 رمزاً · الجلسة CLOSED
17:28 KSA · CLOSED  · scanner    · بدء المسح · 1154 رمزاً · الجلسة CLOSED
17:30 KSA · CLOSED  · scanner    · بدء المسح · 1154 رمزاً · الجلسة CLOSED
17:30 KSA · CLOSED  · signal     · DOGE-USD · meanRev ▼ 75 · 15m
17:30 KSA · CLOSED  · signal     · HBAR-USD · rsiDiv ▼ 56 · 15m
17:30 KSA · CLOSED  · signal     · HOLO-USD · momo ▲ 75 · 1h
17:30 KSA · CLOSED  · signal     · PENGU-USD · vwapRec ▲ 88 · 15m
17:32 KSA · CLOSED  · scanner    · بدء المسح · 1154 رمزاً · الجلسة CLOSED
17:32 KSA · CLOSED  · signal     · VTHO-USD · momo ▲ 92 · 1h
17:34 KSA · CLOSED  · scanner    · بدء المسح · 1154 رمزاً · الجلسة CLOSED
17:37 KSA · CLOSED  · scanner    · بدء المسح · 1154 رمزاً · الجلسة CLOSED
17:40 KSA · CLOSED  · scanner    · بدء المسح · 1154 رمزاً · الجلسة CLOSED
17:42 KSA · CLOSED  · scanner    · بدء المسح · 1154 رمزاً · الجلسة CLOSED
17:44 KSA · CLOSED  · scanner    · بدء المسح · 1154 رمزاً · الجلسة CLOSED
17:46 KSA · CLOSED  · scanner    · بدء المسح · 1154 رمزاً · الجلسة CLOSED
17:46 KSA · CLOSED  · signal     · BCH-USD · orb ▼ 65 · 15m
17:48 KSA · CLOSED  · scanner    · بدء المسح · 1154 رمزاً · الجلسة CLOSED
17:50 KSA · CLOSED  · scanner    · بدء المسح · 1154 رمزاً · الجلسة CLOSED
17:53 KSA · CLOSED  · scanner    · بدء المسح · 1154 رمزاً · الجلسة CLOSED
17:53 KSA · CLOSED  · signal     · HOLO-USD · sqzExp ▲ 68 · 1h
17:55 KSA · CLOSED  · scanner    · بدء المسح · 1154 رمزاً · الجلسة CLOSED
17:56 KSA · CLOSED  · scanner    · بدء المسح · 1154 رمزاً · الجلسة CLOSED
17:58 KSA · CLOSED  · scanner    · بدء المسح · 1154 رمزاً · الجلسة CLOSED
18:00 KSA · CLOSED  · scanner    · بدء المسح · 1154 رمزاً · الجلسة CLOSED
18:00 KSA · CLOSED  · signal     · U-USD · pbTrend ▲ 55 · 1h
18:00 KSA · CLOSED  · signal     · 牛来-USD · sqzExp ▼ 69 · 1h
18:00 KSA · CLOSED  · signal     · THE-USD · sqzExp ▲ 55 · 1h
18:00 KSA · CLOSED  · signal     · BANK-USD · sqzExp ▲ 90 · 1h
18:00 KSA · CLOSED  · signal     · BANK-USD · momo ▲ 56 · 1h
18:00 KSA · CLOSED  · signal     · PENGU-USD · vwapRec ▼ 65 · 15m
18:02 KSA · CLOSED  · scanner    · بدء المسح · 1154 رمزاً · الجلسة CLOSED
18:02 KSA · CLOSED  · signal     · BANK-USD · meanRev ▼ 75 · 15m
18:04 KSA · CLOSED  · scanner    · بدء المسح · 1154 رمزاً · الجلسة CLOSED
18:07 KSA · CLOSED  · scanner    · بدء المسح · 1154 رمزاً · الجلسة CLOSED
18:08 KSA · CLOSED  · scanner    · بدء المسح · 1154 رمزاً · الجلسة CLOSED
18:10 KSA · CLOSED  · scanner    · بدء المسح · 1154 رمزاً · الجلسة CLOSED
18:12 KSA · CLOSED  · scanner    · بدء المسح · 1154 رمزاً · الجلسة CLOSED
18:14 KSA · CLOSED  · scanner    · بدء المسح · 1154 رمزاً · الجلسة CLOSED
18:16 KSA · CLOSED  · scanner    · بدء المسح · 1154 رمزاً · الجلسة CLOSED
18:16 KSA · CLOSED  · signal     · XPL-USD · meanRev ▲ 70 · 15m
18:16 KSA · CLOSED  · signal     · ARK-USD · meanRev ▼ 75 · 15m
18:16 KSA · CLOSED  · signal     · SNDKB-USD · vwapRec ▲ 85 · 15m
18:16 KSA · CLOSED  · signal     · UNI-USD · tfAlign ▲ 74 · 1d
18:16 KSA · CLOSED  · signal     · TAO-USD · momo ▲ 81 · 1h
18:18 KSA · CLOSED  · scanner    · بدء المسح · 1154 رمزاً · الجلسة CLOSED
18:20 KSA · CLOSED  · scanner    · بدء المسح · 1154 رمزاً · الجلسة CLOSED
18:23 KSA · CLOSED  · scanner    · بدء المسح · 1154 رمزاً · الجلسة CLOSED
18:23 KSA · CLOSED  · signal     · ASTER-USD · orb ▼ 55 · 15m
18:24 KSA · CLOSED  · scanner    · بدء المسح · 1154 رمزاً · الجلسة CLOSED
18:26 KSA · CLOSED  · scanner    · بدء المسح · 1154 رمزاً · الجلسة CLOSED
18:28 KSA · CLOSED  · scanner    · بدء المسح · 1154 رمزاً · الجلسة CLOSED
18:30 KSA · CLOSED  · scanner    · بدء المسح · 1154 رمزاً · الجلسة CLOSED
18:30 KSA · CLOSED  · signal     · HEMI-USD · volSpike ▼ 89 · 15m
18:32 KSA · CLOSED  · scanner    · بدء المسح · 1154 رمزاً · الجلسة CLOSED
18:32 KSA · CLOSED  · signal     · TRUMP-USD · orb ▼ 60 · 15m
18:34 KSA · CLOSED  · scanner    · بدء المسح · 1154 رمزاً · الجلسة CLOSED
18:37 KSA · CLOSED  · scanner    · بدء المسح · 1154 رمزاً · الجلسة CLOSED
18:38 KSA · CLOSED  · scanner    · بدء المسح · 1154 رمزاً · الجلسة CLOSED
18:40 KSA · CLOSED  · scanner    · بدء المسح · 1154 رمزاً · الجلسة CLOSED
18:42 KSA · CLOSED  · scanner    · بدء المسح · 1154 رمزاً · الجلسة CLOSED
18:44 KSA · CLOSED  · scanner    · بدء المسح · 1154 رمزاً · الجلسة CLOSED
18:46 KSA · CLOSED  · scanner    · بدء المسح · 1154 رمزاً · الجلسة CLOSED
18:46 KSA · CLOSED  · signal     · LSK-USD · orb ▼ 80 · 15m
18:46 KSA · CLOSED  · signal     · UNI-USD · orb ▲ 70 · 15m
18:46 KSA · CLOSED  · signal     · UNI-USD · tfAlign ▲ 74 · 1d
18:48 KSA · CLOSED  · scanner    · بدء المسح · 1154 رمزاً · الجلسة CLOSED
18:50 KSA · CLOSED  · scanner    · بدء المسح · 1154 رمزاً · الجلسة CLOSED
18:53 KSA · CLOSED  · scanner    · بدء المسح · 1154 رمزاً · الجلسة CLOSED
18:53 KSA · CLOSED  · signal     · CAKE-USD · pbTrend ▲ 71 · 1h
18:53 KSA · CLOSED  · signal     · BANK-USD · brk ▲ 77 · 15m
18:55 KSA · CLOSED  · scanner    · بدء المسح · 1154 رمزاً · الجلسة CLOSED
18:56 KSA · CLOSED  · scanner    · بدء المسح · 1154 رمزاً · الجلسة CLOSED
18:58 KSA · CLOSED  · scanner    · بدء المسح · 1154 رمزاً · الجلسة CLOSED
19:00 KSA · CLOSED  · scanner    · بدء المسح · 1154 رمزاً · الجلسة CLOSED
19:00 KSA · CLOSED  · signal     · CAKE-USD · momo ▼ 56 · 1h
19:00 KSA · CLOSED  · signal     · U-USD · rsiDiv ▲ 58 · 15m
19:00 KSA · CLOSED  · signal     · U-USD · momo ▼ 67 · 1h
19:00 KSA · CLOSED  · signal     · TRUMP-USD · orb ▼ 63 · 15m
19:00 KSA · CLOSED  · signal     · ASTER-USD · orb ▼ 70 · 15m
19:02 KSA · CLOSED  · scanner    · بدء المسح · 1154 رمزاً · الجلسة CLOSED
19:02 KSA · CLOSED  · signal     · BCH-USD · orb ▼ 55 · 15m
19:02 KSA · CLOSED  · signal     · T-USD · brk ▲ 68 · 15m
19:04 KSA · CLOSED  · scanner    · بدء المسح · 1154 رمزاً · الجلسة CLOSED
19:08 KSA · CLOSED  · scanner    · بدء المسح · 1154 رمزاً · الجلسة CLOSED
19:10 KSA · CLOSED  · scanner    · بدء المسح · 1154 رمزاً · الجلسة CLOSED
19:12 KSA · CLOSED  · scanner    · بدء المسح · 1154 رمزاً · الجلسة CLOSED
19:14 KSA · CLOSED  · scanner    · بدء المسح · 1154 رمزاً · الجلسة CLOSED
19:16 KSA · CLOSED  · scanner    · بدء المسح · 1154 رمزاً · الجلسة CLOSED
19:16 KSA · CLOSED  · signal     · ONDO-USD · rsiDiv ▼ 56 · 15m
19:16 KSA · CLOSED  · signal     · MUB-USD · brk ▼ 66 · 15m
19:16 KSA · CLOSED  · signal     · BNCB-USD · brk ▼ 75 · 15m
19:18 KSA · CLOSED  · scanner    · بدء المسح · 1154 رمزاً · الجلسة CLOSED
19:20 KSA · CLOSED  · scanner    · بدء المسح · 1154 رمزاً · الجلسة CLOSED
19:22 KSA · CLOSED  · scanner    · بدء المسح · 1154 رمزاً · الجلسة CLOSED
19:24 KSA · CLOSED  · scanner    · بدء المسح · 1154 رمزاً · الجلسة CLOSED
19:26 KSA · CLOSED  · scanner    · بدء المسح · 1154 رمزاً · الجلسة CLOSED
19:28 KSA · CLOSED  · scanner    · بدء المسح · 1154 رمزاً · الجلسة CLOSED
19:30 KSA · CLOSED  · scanner    · بدء المسح · 1154 رمزاً · الجلسة CLOSED
19:32 KSA · CLOSED  · scanner    · بدء المسح · 1154 رمزاً · الجلسة CLOSED
19:32 KSA · CLOSED  · signal     · ZEC-USD · meanRev ▲ 100 · 15m
19:32 KSA · CLOSED  · signal     · THE-USD · brk ▲ 82 · 15m
19:32 KSA · CLOSED  · signal     · THE-USD · meanRev ▼ 60 · 15m
19:34 KSA · CLOSED  · scanner    · بدء المسح · 1154 رمزاً · الجلسة CLOSED
19:37 KSA · CLOSED  · scanner    · بدء المسح · 1154 رمزاً · الجلسة CLOSED
19:38 KSA · CLOSED  · scanner    · بدء المسح · 1154 رمزاً · الجلسة CLOSED
19:40 KSA · CLOSED  · scanner    · بدء المسح · 1154 رمزاً · الجلسة CLOSED
19:42 KSA · CLOSED  · scanner    · بدء المسح · 1154 رمزاً · الجلسة CLOSED
19:44 KSA · CLOSED  · scanner    · بدء المسح · 1154 رمزاً · الجلسة CLOSED
19:46 KSA · CLOSED  · scanner    · بدء المسح · 1154 رمزاً · الجلسة CLOSED
19:46 KSA · CLOSED  · signal     · BNCB-USD · vwapRec ▲ 83 · 15m
19:46 KSA · CLOSED  · signal     · BNCB-USD · volSpike ▲ 81 · 15m
19:46 KSA · CLOSED  · signal     · U-USD · orb ▼ 65 · 15m
19:46 KSA · CLOSED  · signal     · U-USD · brk ▼ 55 · 15m
19:46 KSA · CLOSED  · signal     · THE-USD · volSpike ▲ 61 · 15m
19:46 KSA · CLOSED  · signal     · WLFI-USD · volSpike ▲ 67 · 15m
19:48 KSA · CLOSED  · scanner    · بدء المسح · 1154 رمزاً · الجلسة CLOSED
19:50 KSA · CLOSED  · scanner    · بدء المسح · 1154 رمزاً · الجلسة CLOSED
19:53 KSA · CLOSED  · scanner    · بدء المسح · 1154 رمزاً · الجلسة CLOSED
19:55 KSA · CLOSED  · scanner    · بدء المسح · 1154 رمزاً · الجلسة CLOSED
19:56 KSA · CLOSED  · scanner    · بدء المسح · 1154 رمزاً · الجلسة CLOSED
19:58 KSA · CLOSED  · scanner    · بدء المسح · 1154 رمزاً · الجلسة CLOSED
20:00 KSA · CLOSED  · scanner    · بدء المسح · 1154 رمزاً · الجلسة CLOSED
20:00 KSA · CLOSED  · signal     · FIL-USD · volSpike ▲ 83 · 15m
20:00 KSA · CLOSED  · signal     · DASH-USD · rsiDiv ▲ 58 · 15m
20:00 KSA · CLOSED  · signal     · XPL-USD · orb ▼ 63 · 15m
20:00 KSA · CLOSED  · signal     · UNI-USD · pbTrend ▲ 90 · 1h
20:00 KSA · CLOSED  · signal     · PEPE-USD · sqzExp ▲ 88 · 1h
20:00 KSA · CLOSED  · signal     · PEPE-USD · momo ▲ 81 · 1h
20:00 KSA · CLOSED  · signal     · THE-USD · sqzExp ▲ 65 · 1h
20:00 KSA · CLOSED  · signal     · THE-USD · momo ▲ 72 · 1h
20:02 KSA · CLOSED  · scanner    · بدء المسح · 1154 رمزاً · الجلسة CLOSED
20:04 KSA · CLOSED  · scanner    · بدء المسح · 1154 رمزاً · الجلسة CLOSED
20:07 KSA · CLOSED  · scanner    · بدء المسح · 1154 رمزاً · الجلسة CLOSED
20:08 KSA · CLOSED  · scanner    · بدء المسح · 1154 رمزاً · الجلسة CLOSED
20:10 KSA · CLOSED  · scanner    · بدء المسح · 1154 رمزاً · الجلسة CLOSED
20:12 KSA · CLOSED  · scanner    · بدء المسح · 1154 رمزاً · الجلسة CLOSED
20:14 KSA · CLOSED  · scanner    · بدء المسح · 1154 رمزاً · الجلسة CLOSED
20:16 KSA · CLOSED  · scanner    · بدء المسح · 1154 رمزاً · الجلسة CLOSED
20:16 KSA · CLOSED  · signal     · DOGE-USD · meanRev ▼ 68 · 15m
20:16 KSA · CLOSED  · signal     · SUI-USD · momo ▲ 67 · 1h
20:16 KSA · CLOSED  · signal     · TRUMP-USD · orb ▲ 68 · 15m
20:16 KSA · CLOSED  · signal     · PENGU-USD · orb ▲ 95 · 15m
20:16 KSA · CLOSED  · signal     · PENGU-USD · brk ▲ 86 · 15m
20:16 KSA · CLOSED  · signal     · ASTER-USD · tfAlign ▲ 92 · 1d
20:18 KSA · CLOSED  · scanner    · بدء المسح · 1154 رمزاً · الجلسة CLOSED
20:20 KSA · CLOSED  · scanner    · بدء المسح · 1154 رمزاً · الجلسة CLOSED
20:22 KSA · CLOSED  · scanner    · بدء المسح · 1154 رمزاً · الجلسة CLOSED
20:22 KSA · CLOSED  · signal     · BANK-USD · brk ▲ 55 · 15m
20:24 KSA · CLOSED  · scanner    · بدء المسح · 1154 رمزاً · الجلسة CLOSED
20:26 KSA · CLOSED  · scanner    · بدء المسح · 1154 رمزاً · الجلسة CLOSED
20:28 KSA · CLOSED  · scanner    · بدء المسح · 1154 رمزاً · الجلسة CLOSED
20:30 KSA · CLOSED  · scanner    · بدء المسح · 1154 رمزاً · الجلسة CLOSED
20:30 KSA · CLOSED  · signal     · DOGE-USD · volSpike ▲ 72 · 15m
20:30 KSA · CLOSED  · signal     · NEAR-USD · volSpike ▲ 72 · 15m
20:30 KSA · CLOSED  · signal     · T-USD · volSpike ▼ 89 · 15m
20:30 KSA · CLOSED  · signal     · U-USD · rsiDiv ▲ 64 · 15m
20:30 KSA · CLOSED  · signal     · HOLO-USD · volSpike ▼ 89 · 15m
20:30 KSA · CLOSED  · signal     · PENGU-USD · volSpike ▲ 72 · 15m
20:30 KSA · CLOSED  · signal     · ASTER-USD · orb ▼ 73 · 15m
20:32 KSA · CLOSED  · scanner    · بدء المسح · 1154 رمزاً · الجلسة CLOSED
20:32 KSA · CLOSED  · signal     · REZ-USD · brk ▼ 70 · 15m
20:34 KSA · CLOSED  · scanner    · بدء المسح · 1154 رمزاً · الجلسة CLOSED
20:37 KSA · CLOSED  · scanner    · بدء المسح · 1154 رمزاً · الجلسة CLOSED
20:38 KSA · CLOSED  · scanner    · بدء المسح · 1154 رمزاً · الجلسة CLOSED
20:40 KSA · CLOSED  · scanner    · بدء المسح · 1154 رمزاً · الجلسة CLOSED
20:42 KSA · CLOSED  · scanner    · بدء المسح · 1154 رمزاً · الجلسة CLOSED
20:44 KSA · CLOSED  · scanner    · بدء المسح · 1154 رمزاً · الجلسة CLOSED
20:46 KSA · CLOSED  · scanner    · بدء المسح · 1154 رمزاً · الجلسة CLOSED
20:46 KSA · CLOSED  · signal     · VTHO-USD · vwapRec ▼ 60 · 15m
20:46 KSA · CLOSED  · signal     · REZ-USD · volSpike ▼ 78 · 15m
20:46 KSA · CLOSED  · signal     · UNI-USD · orb ▼ 75 · 15m
20:46 KSA · CLOSED  · signal     · UNI-USD · meanRev ▲ 68 · 15m
20:46 KSA · CLOSED  · signal     · THE-USD · volSpike ▼ 89 · 15m
20:46 KSA · CLOSED  · signal     · PENGU-USD · volSpike ▼ 94 · 15m
20:46 KSA · CLOSED  · signal     · WLFI-USD · volSpike ▼ 78 · 15m
20:46 KSA · CLOSED  · signal     · ASTER-USD · vwapRec ▼ 65 · 15m
20:48 KSA · CLOSED  · scanner    · بدء المسح · 1154 رمزاً · الجلسة CLOSED
20:50 KSA · CLOSED  · scanner    · بدء المسح · 1154 رمزاً · الجلسة CLOSED
20:54 KSA · CLOSED  · scanner    · بدء المسح · 1154 رمزاً · الجلسة CLOSED
20:54 KSA · CLOSED  · signal     · XRP-USD · meanRev ▲ 70 · 15m
20:54 KSA · CLOSED  · signal     · FIL-USD · sqzExp ▲ 57 · 1h
20:55 KSA · CLOSED  · scanner    · بدء المسح · 1154 رمزاً · الجلسة CLOSED
20:58 KSA · CLOSED  · scanner    · بدء المسح · 1154 رمزاً · الجلسة CLOSED
21:00 KSA · CLOSED  · scanner    · بدء المسح · 1154 رمزاً · الجلسة CLOSED
21:00 KSA · CLOSED  · signal     · UNI-USD · pbTrend ▲ 90 · 1h
21:00 KSA · CLOSED  · signal     · HOLO-USD · pbTrend ▼ 67 · 1h
21:00 KSA · CLOSED  · signal     · PENGU-USD · momo ▲ 75 · 1h
21:03 KSA · CLOSED  · scanner    · بدء المسح · 1154 رمزاً · الجلسة CLOSED
21:03 KSA · CLOSED  · signal     · BNB-USD · brk ▼ 64 · 15m
21:03 KSA · CLOSED  · signal     · XRP-USD · vwapRec ▲ 93 · 15m
21:03 KSA · CLOSED  · signal     · ENA-USD · tfAlign ▲ 100 · 1d
21:03 KSA · CLOSED  · signal     · MARSCOIN-USD · sqzExp ▼ 69 · 1h
21:03 KSA · CLOSED  · signal     · PENGU-USD · orb ▲ 85 · 15m
21:05 KSA · CLOSED  · scanner    · بدء المسح · 1154 رمزاً · الجلسة CLOSED
21:08 KSA · CLOSED  · scanner    · بدء المسح · 1154 رمزاً · الجلسة CLOSED
21:11 KSA · CLOSED  · scanner    · بدء المسح · 1154 رمزاً · الجلسة CLOSED
21:14 KSA · CLOSED  · scanner    · بدء المسح · 1154 رمزاً · الجلسة CLOSED
21:16 KSA · CLOSED  · scanner    · بدء المسح · 1154 رمزاً · الجلسة CLOSED
21:16 KSA · CLOSED  · signal     · GRAM-USD · rsiDiv ▼ 78 · 15m
21:16 KSA · CLOSED  · signal     · U-USD · rsiDiv ▲ 58 · 15m
21:16 KSA · CLOSED  · signal     · TAO-USD · brk ▼ 68 · 15m
21:19 KSA · CLOSED  · scanner    · بدء المسح · 1154 رمزاً · الجلسة CLOSED
21:20 KSA · CLOSED  · scanner    · بدء المسح · 1154 رمزاً · الجلسة CLOSED
21:23 KSA · CLOSED  · scanner    · بدء المسح · 1154 رمزاً · الجلسة CLOSED
21:24 KSA · CLOSED  · scanner    · بدء المسح · 1154 رمزاً · الجلسة CLOSED
21:26 KSA · CLOSED  · scanner    · بدء المسح · 1154 رمزاً · الجلسة CLOSED
21:28 KSA · CLOSED  · scanner    · بدء المسح · 1154 رمزاً · الجلسة CLOSED
21:30 KSA · CLOSED  · scanner    · بدء المسح · 1154 رمزاً · الجلسة CLOSED
21:30 KSA · CLOSED  · signal     · UNI-USD · meanRev ▲ 75 · 15m
21:32 KSA · CLOSED  · scanner    · بدء المسح · 1154 رمزاً · الجلسة CLOSED
21:32 KSA · CLOSED  · signal     · PENDLE-USD · meanRev ▲ 78 · 15m
21:32 KSA · CLOSED  · signal     · BANK-USD · momo ▲ 72 · 1h
21:34 KSA · CLOSED  · scanner    · بدء المسح · 1154 رمزاً · الجلسة CLOSED
21:37 KSA · CLOSED  · scanner    · بدء المسح · 1154 رمزاً · الجلسة CLOSED
21:40 KSA · CLOSED  · scanner    · بدء المسح · 1154 رمزاً · الجلسة CLOSED
21:42 KSA · CLOSED  · scanner    · بدء المسح · 1154 رمزاً · الجلسة CLOSED
21:44 KSA · CLOSED  · scanner    · بدء المسح · 1154 رمزاً · الجلسة CLOSED
21:46 KSA · CLOSED  · scanner    · بدء المسح · 1154 رمزاً · الجلسة CLOSED
21:46 KSA · CLOSED  · signal     · MARSCOIN-USD · meanRev ▲ 71 · 15m
21:46 KSA · CLOSED  · signal     · THE-USD · volSpike ▲ 56 · 15m
21:46 KSA · CLOSED  · signal     · ASTER-USD · volSpike ▲ 89 · 15m
21:48 KSA · CLOSED  · scanner    · بدء المسح · 1154 رمزاً · الجلسة CLOSED
21:50 KSA · CLOSED  · scanner    · بدء المسح · 1154 رمزاً · الجلسة CLOSED
21:53 KSA · CLOSED  · scanner    · بدء المسح · 1154 رمزاً · الجلسة CLOSED
21:53 KSA · CLOSED  · signal     · PENGU-USD · sqzExp ▲ 55 · 1h
21:53 KSA · CLOSED  · signal     · ASTER-USD · tfAlign ▲ 87 · 1d
21:55 KSA · CLOSED  · scanner    · بدء المسح · 1154 رمزاً · الجلسة CLOSED
21:56 KSA · CLOSED  · scanner    · بدء المسح · 1154 رمزاً · الجلسة CLOSED
21:58 KSA · CLOSED  · scanner    · بدء المسح · 1154 رمزاً · الجلسة CLOSED
22:00 KSA · CLOSED  · scanner    · بدء المسح · 1154 رمزاً · الجلسة CLOSED
22:00 KSA · CLOSED  · signal     · ICP-USD · sqzExp ▲ 100 · 1h
22:00 KSA · CLOSED  · signal     · MSTRB-USD · rsiDiv ▼ 94 · 1h
22:00 KSA · CLOSED  · signal     · UNI-USD · sqzExp ▼ 63 · 1h
22:00 KSA · CLOSED  · signal     · WLFI-USD · pbTrend ▲ 57 · 1h
22:03 KSA · CLOSED  · scanner    · بدء المسح · 1154 رمزاً · الجلسة CLOSED
22:03 KSA · CLOSED  · signal     · FET-USD · meanRev ▲ 85 · 15m
22:04 KSA · CLOSED  · scanner    · بدء المسح · 1154 رمزاً · الجلسة CLOSED
22:07 KSA · CLOSED  · scanner    · بدء المسح · 1154 رمزاً · الجلسة CLOSED
22:10 KSA · CLOSED  · scanner    · بدء المسح · 1154 رمزاً · الجلسة CLOSED
22:12 KSA · CLOSED  · scanner    · بدء المسح · 1154 رمزاً · الجلسة CLOSED
22:14 KSA · CLOSED  · scanner    · بدء المسح · 1154 رمزاً · الجلسة CLOSED
22:16 KSA · CLOSED  · scanner    · بدء المسح · 1154 رمزاً · الجلسة CLOSED
22:16 KSA · CLOSED  · signal     · ASTER-USD · volSpike ▼ 67 · 15m
22:18 KSA · CLOSED  · scanner    · بدء المسح · 1154 رمزاً · الجلسة CLOSED
22:20 KSA · CLOSED  · scanner    · بدء المسح · 1154 رمزاً · الجلسة CLOSED
22:22 KSA · CLOSED  · scanner    · بدء المسح · 1154 رمزاً · الجلسة CLOSED
22:22 KSA · CLOSED  · signal     · INJ-USD · meanRev ▼ 57 · 15m
22:24 KSA · CLOSED  · scanner    · بدء المسح · 1154 رمزاً · الجلسة CLOSED
22:26 KSA · CLOSED  · scanner    · بدء المسح · 1154 رمزاً · الجلسة CLOSED
22:28 KSA · CLOSED  · scanner    · بدء المسح · 1154 رمزاً · الجلسة CLOSED
22:30 KSA · CLOSED  · scanner    · بدء المسح · 1154 رمزاً · الجلسة CLOSED
22:30 KSA · CLOSED  · signal     · DOGE-USD · volSpike ▼ 78 · 15m
22:32 KSA · CLOSED  · scanner    · بدء المسح · 1154 رمزاً · الجلسة CLOSED
22:33 KSA · CLOSED  · signal     · TAO-USD · vwapRec ▲ 85 · 15m
22:33 KSA · CLOSED  · signal     · ASTER-USD · vwapRec ▲ 78 · 15m
22:36 KSA · CLOSED  · scanner    · بدء المسح · 1154 رمزاً · الجلسة CLOSED
22:37 KSA · CLOSED  · scanner    · بدء المسح · 1154 رمزاً · الجلسة CLOSED
22:39 KSA · CLOSED  · scanner    · بدء المسح · 1154 رمزاً · الجلسة CLOSED
22:42 KSA · CLOSED  · scanner    · بدء المسح · 1154 رمزاً · الجلسة CLOSED
22:44 KSA · CLOSED  · scanner    · بدء المسح · 1154 رمزاً · الجلسة CLOSED
22:46 KSA · CLOSED  · scanner    · بدء المسح · 1154 رمزاً · الجلسة CLOSED
22:46 KSA · CLOSED  · signal     · MUB-USD · brk ▲ 91 · 15m
22:46 KSA · CLOSED  · signal     · SUI-USD · brk ▲ 82 · 15m
22:48 KSA · CLOSED  · scanner    · بدء المسح · 1154 رمزاً · الجلسة CLOSED
22:50 KSA · CLOSED  · scanner    · بدء المسح · 1154 رمزاً · الجلسة CLOSED
22:53 KSA · CLOSED  · scanner    · بدء المسح · 1154 رمزاً · الجلسة CLOSED
22:53 KSA · CLOSED  · signal     · SUI-USD · meanRev ▼ 75 · 15m
22:53 KSA · CLOSED  · signal     · SUI-USD · momo ▲ 67 · 1h
22:54 KSA · CLOSED  · scanner    · بدء المسح · 1154 رمزاً · الجلسة CLOSED
22:56 KSA · CLOSED  · scanner    · بدء المسح · 1154 رمزاً · الجلسة CLOSED
22:58 KSA · CLOSED  · scanner    · بدء المسح · 1154 رمزاً · الجلسة CLOSED
23:00 KSA · CLOSED  · scanner    · بدء المسح · 1154 رمزاً · الجلسة CLOSED
23:00 KSA · CLOSED  · signal     · SUI-USD · sqzExp ▲ 70 · 1h
23:00 KSA · CLOSED  · signal     · 牛来-USD · rsiDiv ▲ 57 · 15m
23:00 KSA · CLOSED  · signal     · TAO-USD · vwapRec ▲ 85 · 15m
23:00 KSA · CLOSED  · signal     · ASTER-USD · tfAlign ▲ 100 · 1d
23:03 KSA · CLOSED  · scanner    · بدء المسح · 1154 رمزاً · الجلسة CLOSED
23:04 KSA · CLOSED  · scanner    · بدء المسح · 1154 رمزاً · الجلسة CLOSED
23:07 KSA · CLOSED  · scanner    · بدء المسح · 1154 رمزاً · الجلسة CLOSED
23:08 KSA · CLOSED  · scanner    · بدء المسح · 1154 رمزاً · الجلسة CLOSED
23:10 KSA · CLOSED  · scanner    · بدء المسح · 1154 رمزاً · الجلسة CLOSED
23:12 KSA · CLOSED  · scanner    · بدء المسح · 1154 رمزاً · الجلسة CLOSED
23:14 KSA · CLOSED  · scanner    · بدء المسح · 1154 رمزاً · الجلسة CLOSED
23:16 KSA · CLOSED  · scanner    · بدء المسح · 1154 رمزاً · الجلسة CLOSED
23:16 KSA · CLOSED  · signal     · BNCB-USD · meanRev ▼ 62 · 15m
23:16 KSA · CLOSED  · signal     · SUI-USD · volSpike ▼ 89 · 15m
23:18 KSA · CLOSED  · scanner    · بدء المسح · 1154 رمزاً · الجلسة CLOSED
23:20 KSA · CLOSED  · scanner    · بدء المسح · 1154 رمزاً · الجلسة CLOSED
23:22 KSA · CLOSED  · scanner    · بدء المسح · 1154 رمزاً · الجلسة CLOSED
23:22 KSA · CLOSED  · signal     · U-USD · vwapRec ▲ 70 · 15m
23:22 KSA · CLOSED  · signal     · TAO-USD · vwapRec ▲ 85 · 15m
23:22 KSA · CLOSED  · signal     · PENGU-USD · orb ▲ 80 · 15m
23:24 KSA · CLOSED  · scanner    · بدء المسح · 1154 رمزاً · الجلسة CLOSED
23:26 KSA · CLOSED  · scanner    · بدء المسح · 1154 رمزاً · الجلسة CLOSED
23:28 KSA · CLOSED  · scanner    · بدء المسح · 1154 رمزاً · الجلسة CLOSED
23:30 KSA · CLOSED  · scanner    · بدء المسح · 1154 رمزاً · الجلسة CLOSED
23:32 KSA · CLOSED  · scanner    · بدء المسح · 1154 رمزاً · الجلسة CLOSED
23:34 KSA · CLOSED  · scanner    · بدء المسح · 1154 رمزاً · الجلسة CLOSED
23:37 KSA · CLOSED  · scanner    · بدء المسح · 1154 رمزاً · الجلسة CLOSED
23:38 KSA · CLOSED  · scanner    · بدء المسح · 1154 رمزاً · الجلسة CLOSED
23:40 KSA · CLOSED  · scanner    · بدء المسح · 1154 رمزاً · الجلسة CLOSED
23:42 KSA · CLOSED  · scanner    · بدء المسح · 1154 رمزاً · الجلسة CLOSED
23:44 KSA · CLOSED  · scanner    · بدء المسح · 1154 رمزاً · الجلسة CLOSED
23:46 KSA · CLOSED  · scanner    · بدء المسح · 1154 رمزاً · الجلسة CLOSED
23:46 KSA · CLOSED  · signal     · TAO-USD · tfAlign ▲ 82 · 1d
23:48 KSA · CLOSED  · scanner    · بدء المسح · 1154 رمزاً · الجلسة CLOSED
23:50 KSA · CLOSED  · scanner    · بدء المسح · 1154 رمزاً · الجلسة CLOSED
23:53 KSA · CLOSED  · scanner    · بدء المسح · 1154 رمزاً · الجلسة CLOSED
23:53 KSA · CLOSED  · signal     · NEAR-USD · sqzExp ▼ 63 · 1h
23:53 KSA · CLOSED  · signal     · PUMP-USD · brk ▲ 68 · 15m
23:54 KSA · CLOSED  · scanner    · بدء المسح · 1154 رمزاً · الجلسة CLOSED
23:56 KSA · CLOSED  · scanner    · بدء المسح · 1154 رمزاً · الجلسة CLOSED
23:58 KSA · CLOSED  · scanner    · بدء المسح · 1154 رمزاً · الجلسة CLOSED
