00:00 KSA · CLOSED  · scanner    · بدء المسح · 1154 رمزاً · الجلسة CLOSED
00:00 KSA · CLOSED  · signal     · RAY-USD · rsiDiv ▲ 58 · 1h
00:00 KSA · CLOSED  · signal     · U-USD · tfAlign ▲ 76 · 1d
00:00 KSA · CLOSED  · signal     · TAO-USD · rsiDiv ▼ 78 · 15m
00:00 KSA · CLOSED  · signal     · EUR-USD · momo ▲ 75 · 1h
00:00 KSA · CLOSED  · signal     · ASTER-USD · rsiDiv ▲ 69 · 1h
00:03 KSA · CLOSED  · scanner    · بدء المسح · 1154 رمزاً · الجلسة CLOSED
00:04 KSA · CLOSED  · scanner    · بدء المسح · 1154 رمزاً · الجلسة CLOSED
00:07 KSA · CLOSED  · scanner    · بدء المسح · 1154 رمزاً · الجلسة CLOSED
00:08 KSA · CLOSED  · scanner    · بدء المسح · 1154 رمزاً · الجلسة CLOSED
00:10 KSA · CLOSED  · scanner    · بدء المسح · 1154 رمزاً · الجلسة CLOSED
00:12 KSA · CLOSED  · scanner    · بدء المسح · 1154 رمزاً · الجلسة CLOSED
00:14 KSA · CLOSED  · scanner    · بدء المسح · 1154 رمزاً · الجلسة CLOSED
00:16 KSA · CLOSED  · scanner    · بدء المسح · 1154 رمزاً · الجلسة CLOSED
00:16 KSA · CLOSED  · signal     · TRX-USD · vwapRec ▲ 85 · 15m
00:16 KSA · CLOSED  · signal     · ADA-USD · vwapRec ▲ 80 · 15m
00:16 KSA · CLOSED  · signal     · PUMP-USD · orb ▲ 65 · 15m
00:18 KSA · CLOSED  · scanner    · بدء المسح · 1154 رمزاً · الجلسة CLOSED
00:20 KSA · CLOSED  · scanner    · بدء المسح · 1154 رمزاً · الجلسة CLOSED
00:22 KSA · CLOSED  · scanner    · بدء المسح · 1154 رمزاً · الجلسة CLOSED
00:22 KSA · CLOSED  · signal     · U-USD · tfAlign ▲ 76 · 1d
00:24 KSA · CLOSED  · scanner    · بدء المسح · 1154 رمزاً · الجلسة CLOSED
00:26 KSA · CLOSED  · scanner    · بدء المسح · 1154 رمزاً · الجلسة CLOSED
00:28 KSA · CLOSED  · scanner    · بدء المسح · 1154 رمزاً · الجلسة CLOSED
00:30 KSA · CLOSED  · scanner    · بدء المسح · 1154 رمزاً · الجلسة CLOSED
00:30 KSA · CLOSED  · signal     · UNI-USD · orb ▲ 80 · 15m
00:32 KSA · CLOSED  · scanner    · بدء المسح · 1154 رمزاً · الجلسة CLOSED
00:32 KSA · CLOSED  · signal     · LINK-USD · orb ▲ 75 · 15m
00:34 KSA · CLOSED  · scanner    · بدء المسح · 1154 رمزاً · الجلسة CLOSED
00:37 KSA · CLOSED  · scanner    · بدء المسح · 1154 رمزاً · الجلسة CLOSED
00:38 KSA · CLOSED  · scanner    · بدء المسح · 1154 رمزاً · الجلسة CLOSED
00:40 KSA · CLOSED  · scanner    · بدء المسح · 1154 رمزاً · الجلسة CLOSED
00:42 KSA · CLOSED  · scanner    · بدء المسح · 1154 رمزاً · الجلسة CLOSED
00:44 KSA · CLOSED  · scanner    · بدء المسح · 1154 رمزاً · الجلسة CLOSED
00:46 KSA · CLOSED  · scanner    · بدء المسح · 1154 رمزاً · الجلسة CLOSED
00:46 KSA · CLOSED  · signal     · 牛来-USD · volSpike ▼ 71 · 15m
00:48 KSA · CLOSED  · scanner    · بدء المسح · 1154 رمزاً · الجلسة CLOSED
00:50 KSA · CLOSED  · scanner    · بدء المسح · 1154 رمزاً · الجلسة CLOSED
00:53 KSA · CLOSED  · scanner    · بدء المسح · 1154 رمزاً · الجلسة CLOSED
00:54 KSA · CLOSED  · scanner    · بدء المسح · 1154 رمزاً · الجلسة CLOSED
00:56 KSA · CLOSED  · scanner    · بدء المسح · 1154 رمزاً · الجلسة CLOSED
00:58 KSA · CLOSED  · scanner    · بدء المسح · 1154 رمزاً · الجلسة CLOSED
01:00 KSA · CLOSED  · scanner    · بدء المسح · 1154 رمزاً · الجلسة CLOSED
01:00 KSA · CLOSED  · signal     · MTL-USD · sqzExp ▲ 55 · 1h
01:00 KSA · CLOSED  · signal     · PENGU-USD · tfAlign ▲ 79 · 1d
01:02 KSA · CLOSED  · scanner    · بدء المسح · 1154 رمزاً · الجلسة CLOSED
01:02 KSA · CLOSED  · signal     · UNI-USD · tfAlign ▲ 95 · 1d
01:02 KSA · CLOSED  · signal     · TAO-USD · tfAlign ▲ 76 · 1d
01:02 KSA · CLOSED  · signal     · HOLO-USD · momo ▼ 56 · 1h
01:04 KSA · CLOSED  · scanner    · بدء المسح · 1154 رمزاً · الجلسة CLOSED
01:07 KSA · CLOSED  · scanner    · بدء المسح · 1154 رمزاً · الجلسة CLOSED
01:08 KSA · CLOSED  · scanner    · بدء المسح · 1154 رمزاً · الجلسة CLOSED
01:10 KSA · CLOSED  · scanner    · بدء المسح · 1154 رمزاً · الجلسة CLOSED
01:12 KSA · CLOSED  · scanner    · بدء المسح · 1154 رمزاً · الجلسة CLOSED
01:14 KSA · CLOSED  · scanner    · بدء المسح · 1154 رمزاً · الجلسة CLOSED
01:16 KSA · CLOSED  · scanner    · بدء المسح · 1154 رمزاً · الجلسة CLOSED
01:16 KSA · CLOSED  · signal     · XAUT-USD · meanRev ▼ 93 · 15m
01:16 KSA · CLOSED  · signal     · UNI-USD · meanRev ▼ 63 · 15m
01:18 KSA · CLOSED  · scanner    · بدء المسح · 1154 رمزاً · الجلسة CLOSED
01:20 KSA · CLOSED  · scanner    · بدء المسح · 1154 رمزاً · الجلسة CLOSED
01:22 KSA · CLOSED  · scanner    · بدء المسح · 1154 رمزاً · الجلسة CLOSED
01:22 KSA · CLOSED  · signal     · ASTER-USD · momo ▲ 64 · 1h
01:24 KSA · CLOSED  · scanner    · بدء المسح · 1154 رمزاً · الجلسة CLOSED
01:26 KSA · CLOSED  · scanner    · بدء المسح · 1154 رمزاً · الجلسة CLOSED
01:28 KSA · CLOSED  · scanner    · بدء المسح · 1154 رمزاً · الجلسة CLOSED
01:30 KSA · CLOSED  · scanner    · بدء المسح · 1154 رمزاً · الجلسة CLOSED
01:30 KSA · CLOSED  · signal     · BTC-USD · orb ▼ 55 · 15m
01:32 KSA · CLOSED  · scanner    · بدء المسح · 1154 رمزاً · الجلسة CLOSED
01:32 KSA · CLOSED  · signal     · UNI-USD · tfAlign ▲ 95 · 1d
01:32 KSA · CLOSED  · signal     · U-USD · tfAlign ▲ 68 · 1d
01:34 KSA · CLOSED  · scanner    · بدء المسح · 1154 رمزاً · الجلسة CLOSED
01:37 KSA · CLOSED  · scanner    · بدء المسح · 1154 رمزاً · الجلسة CLOSED
01:38 KSA · CLOSED  · scanner    · بدء المسح · 1154 رمزاً · الجلسة CLOSED
01:40 KSA · CLOSED  · scanner    · بدء المسح · 1154 رمزاً · الجلسة CLOSED
01:42 KSA · CLOSED  · scanner    · بدء المسح · 1154 رمزاً · الجلسة CLOSED
01:44 KSA · CLOSED  · scanner    · بدء المسح · 1154 رمزاً · الجلسة CLOSED
01:46 KSA · CLOSED  · scanner    · بدء المسح · 1154 رمزاً · الجلسة CLOSED
01:46 KSA · CLOSED  · signal     · ETH-USD · orb ▲ 88 · 15m
01:46 KSA · CLOSED  · signal     · XAUT-USD · vwapRec ▲ 63 · 15m
01:46 KSA · CLOSED  · signal     · QQQB-USD · orb ▲ 80 · 15m
01:48 KSA · CLOSED  · scanner    · بدء المسح · 1154 رمزاً · الجلسة CLOSED
01:50 KSA · CLOSED  · scanner    · بدء المسح · 1154 رمزاً · الجلسة CLOSED
01:53 KSA · CLOSED  · scanner    · بدء المسح · 1154 رمزاً · الجلسة CLOSED
01:54 KSA · CLOSED  · scanner    · بدء المسح · 1154 رمزاً · الجلسة CLOSED
01:56 KSA · CLOSED  · scanner    · بدء المسح · 1154 رمزاً · الجلسة CLOSED
01:58 KSA · CLOSED  · scanner    · بدء المسح · 1154 رمزاً · الجلسة CLOSED
02:00 KSA · CLOSED  · scanner    · بدء المسح · 1154 رمزاً · الجلسة CLOSED
02:00 KSA · CLOSED  · signal     · XLM-USD · momo ▲ 92 · 1h
02:00 KSA · CLOSED  · signal     · INJ-USD · orb ▼ 73 · 15m
02:00 KSA · CLOSED  · signal     · PENDLE-USD · sqzExp ▼ 60 · 1h
02:00 KSA · CLOSED  · signal     · EUR-USD · brk ▲ 73 · 15m
02:03 KSA · CLOSED  · scanner    · بدء المسح · 1154 رمزاً · الجلسة CLOSED
02:03 KSA · CLOSED  · signal     · XLM-USD · brk ▲ 93 · 15m
02:04 KSA · CLOSED  · scanner    · بدء المسح · 1154 رمزاً · الجلسة CLOSED
02:07 KSA · CLOSED  · scanner    · بدء المسح · 1154 رمزاً · الجلسة CLOSED
02:08 KSA · CLOSED  · scanner    · بدء المسح · 1154 رمزاً · الجلسة CLOSED
02:10 KSA · CLOSED  · scanner    · بدء المسح · 1154 رمزاً · الجلسة CLOSED
02:13 KSA · CLOSED  · scanner    · بدء المسح · 1154 رمزاً · الجلسة CLOSED
02:14 KSA · CLOSED  · scanner    · بدء المسح · 1154 رمزاً · الجلسة CLOSED
02:16 KSA · CLOSED  · scanner    · بدء المسح · 1154 رمزاً · الجلسة CLOSED
02:16 KSA · CLOSED  · signal     · BNB-USD · volSpike ▼ 67 · 15m
02:16 KSA · CLOSED  · signal     · MTL-USD · rsiDiv ▼ 78 · 15m
02:16 KSA · CLOSED  · signal     · SOXLB-USD · vwapRec ▲ 55 · 15m
02:16 KSA · CLOSED  · signal     · HOLO-USD · brk ▲ 64 · 15m
02:18 KSA · CLOSED  · scanner    · بدء المسح · 1154 رمزاً · الجلسة CLOSED
02:20 KSA · CLOSED  · scanner    · بدء المسح · 1154 رمزاً · الجلسة CLOSED
02:23 KSA · CLOSED  · scanner    · بدء المسح · 1154 رمزاً · الجلسة CLOSED
02:24 KSA · CLOSED  · scanner    · بدء المسح · 1154 رمزاً · الجلسة CLOSED
02:26 KSA · CLOSED  · scanner    · بدء المسح · 1154 رمزاً · الجلسة CLOSED
02:28 KSA · CLOSED  · scanner    · بدء المسح · 1154 رمزاً · الجلسة CLOSED
02:30 KSA · CLOSED  · scanner    · بدء المسح · 1154 رمزاً · الجلسة CLOSED
02:30 KSA · CLOSED  · signal     · XLM-USD · volSpike ▼ 89 · 15m
02:30 KSA · CLOSED  · signal     · U-USD · tfAlign ▲ 76 · 1d
02:30 KSA · CLOSED  · signal     · THE-USD · meanRev ▼ 78 · 15m
02:33 KSA · CLOSED  · scanner    · بدء المسح · 1154 رمزاً · الجلسة CLOSED
02:33 KSA · CLOSED  · signal     · TAO-USD · orb ▼ 60 · 15m
02:34 KSA · CLOSED  · scanner    · بدء المسح · 1154 رمزاً · الجلسة CLOSED
02:37 KSA · CLOSED  · scanner    · بدء المسح · 1154 رمزاً · الجلسة CLOSED
02:38 KSA · CLOSED  · scanner    · بدء المسح · 1154 رمزاً · الجلسة CLOSED
02:40 KSA · CLOSED  · scanner    · بدء المسح · 1154 رمزاً · الجلسة CLOSED
02:43 KSA · CLOSED  · scanner    · بدء المسح · 1154 رمزاً · الجلسة CLOSED
02:44 KSA · CLOSED  · scanner    · بدء المسح · 1154 رمزاً · الجلسة CLOSED
02:46 KSA · CLOSED  · scanner    · بدء المسح · 1154 رمزاً · الجلسة CLOSED
02:46 KSA · CLOSED  · signal     · REZ-USD · orb ▲ 93 · 15m
02:46 KSA · CLOSED  · signal     · THE-USD · meanRev ▼ 85 · 15m
02:48 KSA · CLOSED  · scanner    · بدء المسح · 1154 رمزاً · الجلسة CLOSED
02:50 KSA · CLOSED  · scanner    · بدء المسح · 1154 رمزاً · الجلسة CLOSED
02:54 KSA · CLOSED  · scanner    · بدء المسح · 1154 رمزاً · الجلسة CLOSED
02:54 KSA · CLOSED  · signal     · XAUT-USD · vwapRec ▲ 88 · 15m
02:54 KSA · CLOSED  · signal     · U-USD · tfAlign ▲ 76 · 1d
02:55 KSA · CLOSED  · scanner    · بدء المسح · 1154 رمزاً · الجلسة CLOSED
02:56 KSA · CLOSED  · scanner    · بدء المسح · 1154 رمزاً · الجلسة CLOSED
02:58 KSA · CLOSED  · scanner    · بدء المسح · 1154 رمزاً · الجلسة CLOSED
03:00 KSA · CLOSED  · scanner    · بدء المسح · 1154 رمزاً · الجلسة CLOSED
03:00 KSA · CLOSED  · signal     · BCH-USD · momo ▲ 75 · 1h
03:00 KSA · CLOSED  · signal     · HBAR-USD · tfAlign ▲ 87 · 1d
03:00 KSA · CLOSED  · signal     · OP-USD · tfAlign ▲ 82 · 1d
03:00 KSA · CLOSED  · signal     · SNXXB-USD · momo ▲ 89 · 1h
03:00 KSA · CLOSED  · signal     · SUI-USD · tfAlign ▲ 100 · 1d
03:00 KSA · CLOSED  · signal     · 牛来-USD · volSpike ▼ 57 · 15m
03:00 KSA · CLOSED  · signal     · HOLO-USD · brk ▲ 77 · 15m
03:00 KSA · CLOSED  · signal     · HOLO-USD · momo ▲ 78 · 1h
03:00 KSA · CLOSED  · signal     · VET-USD · volSpike ▲ 78 · 1d
03:00 KSA · CLOSED  · signal     · JTO-USD · meanRev ▼ 55 · 1d
03:00 KSA · CLOSED  · signal     · MINA-USD · brk ▲ 55 · 1d
03:00 KSA · CLOSED  · signal     · GENIUS-USD · volSpike ▲ 89 · 1d
03:00 KSA · CLOSED  · signal     · EGLD-USD · volSpike ▼ 89 · 1d
03:00 KSA · CLOSED  · signal     · KSM-USD · rsiDiv ▼ 78 · 1d
03:00 KSA · CLOSED  · signal     · ZIL-USD · volSpike ▲ 83 · 1d
03:00 KSA · CLOSED  · signal     · SSV-USD · volSpike ▼ 78 · 1d
03:00 KSA · CLOSED  · signal     · CELR-USD · volSpike ▲ 78 · 1d
03:00 KSA · CLOSED  · signal     · MANTA-USD · volSpike ▲ 83 · 1d
03:00 KSA · CLOSED  · signal     · CTSI-USD · brk ▲ 87 · 1d
03:00 KSA · CLOSED  · signal     · CTSI-USD · sqzExp ▲ 88 · 1d
03:00 KSA · CLOSED  · signal     · CTSI-USD · volSpike ▲ 94 · 1d
03:00 KSA · CLOSED  · signal     · RLC-USD · sqzExp ▲ 88 · 1d
03:00 KSA · CLOSED  · signal     · USUAL-USD · volSpike ▲ 89 · 1d
03:00 KSA · CLOSED  · signal     · SLP-USD · volSpike ▲ 78 · 1d
03:00 KSA · CLOSED  · signal     · LQTY-USD · volSpike ▲ 56 · 1d
03:00 KSA · CLOSED  · signal     · AGLD-USD · volSpike ▲ 83 · 1d
03:00 KSA · CLOSED  · signal     · C98-USD · volSpike ▲ 72 · 1d
03:00 KSA · CLOSED  · signal     · ARPA-USD · volSpike ▼ 67 · 1d
03:00 KSA · CLOSED  · signal     · JOE-USD · volSpike ▲ 78 · 1d
03:00 KSA · CLOSED  · signal     · OGN-USD · volSpike ▲ 78 · 1d
03:00 KSA · CLOSED  · signal     · BABAB-USD · rsiDiv ▲ 58 · 1d
03:00 KSA · CLOSED  · signal     · SYN-USD · brk ▲ 61 · 1d
03:00 KSA · CLOSED  · signal     · POL-USD · meanRev ▼ 65 · 1d
03:00 KSA · CLOSED  · signal     · SAGA-USD · meanRev ▼ 60 · 1d
03:00 KSA · CLOSED  · signal     · SAGA-USD · volSpike ▼ 78 · 1d
03:00 KSA · CLOSED  · signal     · RED-USD · volSpike ▼ 78 · 1d
03:00 KSA · CLOSED  · signal     · ESP-USD · volSpike ▼ 75 · 1d
03:00 KSA · CLOSED  · signal     · ZK-USD · brk ▲ 92 · 1d
03:00 KSA · CLOSED  · signal     · ZK-USD · sqzExp ▲ 63 · 1d
03:00 KSA · CLOSED  · signal     · NIL-USD · volSpike ▲ 67 · 1d
03:00 KSA · CLOSED  · signal     · HOME-USD · volSpike ▲ 83 · 1d
03:00 KSA · CLOSED  · signal     · IMX-USD · volSpike ▲ 72 · 1d
03:00 KSA · CLOSED  · signal     · MAGIC-USD · sqzExp ▲ 88 · 1d
03:00 KSA · CLOSED  · signal     · STG-USD · volSpike ▼ 100 · 1d
03:03 KSA · CLOSED  · scanner    · بدء المسح · 1154 رمزاً · الجلسة CLOSED
03:03 KSA · CLOSED  · signal     · U-USD · tfAlign ▲ 68 · 1d
03:03 KSA · CLOSED  · signal     · ALGO-USD · meanRev ▼ 70 · 1d
03:03 KSA · CLOSED  · signal     · RENDER-USD · brk ▲ 84 · 1d
03:03 KSA · CLOSED  · signal     · RENDER-USD · sqzExp ▲ 84 · 1d
03:03 KSA · CLOSED  · signal     · SEI-USD · brk ▲ 92 · 1d
03:03 KSA · CLOSED  · signal     · SEI-USD · sqzExp ▲ 78 · 1d
03:03 KSA · CLOSED  · signal     · SAGA-USD · brk ▲ 66 · 1d
03:03 KSA · CLOSED  · signal     · SAGA-USD · sqzExp ▲ 100 · 1d
03:03 KSA · CLOSED  · signal     · STX-USD · sqzExp ▲ 84 · 1d
03:04 KSA · CLOSED  · scanner    · بدء المسح · 1154 رمزاً · الجلسة CLOSED
03:07 KSA · CLOSED  · scanner    · بدء المسح · 1154 رمزاً · الجلسة CLOSED
03:08 KSA · CLOSED  · scanner    · بدء المسح · 1154 رمزاً · الجلسة CLOSED
03:10 KSA · CLOSED  · scanner    · بدء المسح · 1154 رمزاً · الجلسة CLOSED
03:13 KSA · CLOSED  · scanner    · بدء المسح · 1154 رمزاً · الجلسة CLOSED
03:13 KSA · CLOSED  · signal     · CFG-USD · brk ▲ 55 · 1d
03:13 KSA · CLOSED  · signal     · CFG-USD · meanRev ▼ 63 · 1d
03:13 KSA · CLOSED  · signal     · CFG-USD · sqzExp ▲ 59 · 1d
03:13 KSA · CLOSED  · signal     · STRK-USD · brk ▲ 87 · 1d
03:14 KSA · CLOSED  · scanner    · بدء المسح · 1154 رمزاً · الجلسة CLOSED
03:16 KSA · CLOSED  · scanner    · بدء المسح · 1154 رمزاً · الجلسة CLOSED
03:16 KSA · CLOSED  · signal     · DOGE-USD · brk ▲ 66 · 15m
03:16 KSA · CLOSED  · signal     · MUB-USD · brk ▲ 82 · 15m
03:16 KSA · CLOSED  · signal     · SNDKB-USD · meanRev ▼ 60 · 15m
03:16 KSA · CLOSED  · signal     · BNCB-USD · meanRev ▼ 79 · 15m
03:16 KSA · CLOSED  · signal     · SNXXB-USD · meanRev ▼ 60 · 15m
03:16 KSA · CLOSED  · signal     · SUI-USD · brk ▲ 84 · 15m
03:16 KSA · CLOSED  · signal     · SUI-USD · meanRev ▼ 57 · 15m
03:18 KSA · CLOSED  · scanner    · بدء المسح · 1154 رمزاً · الجلسة CLOSED
03:20 KSA · CLOSED  · scanner    · بدء المسح · 1154 رمزاً · الجلسة CLOSED
03:23 KSA · CLOSED  · scanner    · بدء المسح · 1154 رمزاً · الجلسة CLOSED
03:23 KSA · CLOSED  · signal     · U-USD · tfAlign ▲ 68 · 1d
03:23 KSA · CLOSED  · signal     · HOLO-USD · meanRev ▼ 65 · 15m
03:23 KSA · CLOSED  · signal     · PENGU-USD · brk ▲ 64 · 15m
03:23 KSA · CLOSED  · signal     · CFX-USD · brk ▲ 87 · 1d
03:23 KSA · CLOSED  · signal     · CFX-USD · meanRev ▼ 78 · 1d
03:24 KSA · CLOSED  · scanner    · بدء المسح · 1154 رمزاً · الجلسة CLOSED
03:26 KSA · CLOSED  · scanner    · بدء المسح · 1154 رمزاً · الجلسة CLOSED
03:28 KSA · CLOSED  · scanner    · بدء المسح · 1154 رمزاً · الجلسة CLOSED
03:30 KSA · CLOSED  · scanner    · بدء المسح · 1154 رمزاً · الجلسة CLOSED
03:30 KSA · CLOSED  · signal     · XRP-USD · vwapRec ▲ 55 · 15m
03:30 KSA · CLOSED  · signal     · XLM-USD · brk ▲ 100 · 15m
03:30 KSA · CLOSED  · signal     · XAUT-USD · vwapRec ▲ 95 · 15m
03:30 KSA · CLOSED  · signal     · AAVE-USD · vwapRec ▲ 55 · 15m
03:30 KSA · CLOSED  · signal     · DASH-USD · vwapRec ▲ 65 · 15m
03:30 KSA · CLOSED  · signal     · ETHFI-USD · vwapRec ▲ 60 · 15m
03:30 KSA · CLOSED  · signal     · ETHFI-USD · volSpike ▲ 89 · 15m
03:30 KSA · CLOSED  · signal     · FET-USD · vwapRec ▲ 60 · 15m
03:30 KSA · CLOSED  · signal     · MARSCOIN-USD · volSpike ▲ 88 · 15m
03:30 KSA · CLOSED  · signal     · VTHO-USD · vwapRec ▼ 75 · 15m
03:30 KSA · CLOSED  · signal     · T-USD · vwapRec ▼ 80 · 15m
03:30 KSA · CLOSED  · signal     · MUB-USD · vwapRec ▲ 68 · 15m
03:30 KSA · CLOSED  · signal     · SNDKB-USD · vwapRec ▲ 68 · 15m
03:30 KSA · CLOSED  · signal     · ARK-USD · vwapRec ▼ 75 · 15m
03:30 KSA · CLOSED  · signal     · MTL-USD · vwapRec ▲ 60 · 15m
03:30 KSA · CLOSED  · signal     · UNI-USD · tfAlign ▲ 95 · 1d
03:30 KSA · CLOSED  · signal     · SUI-USD · vwapRec ▲ 55 · 15m
03:30 KSA · CLOSED  · signal     · 牛来-USD · vwapRec ▼ 92 · 15m
03:30 KSA · CLOSED  · signal     · 牛来-USD · meanRev ▼ 85 · 15m
03:30 KSA · CLOSED  · signal     · TAO-USD · vwapRec ▲ 63 · 15m
03:30 KSA · CLOSED  · signal     · EUR-USD · vwapRec ▲ 93 · 15m
03:30 KSA · CLOSED  · signal     · HOLO-USD · vwapRec ▲ 55 · 15m
03:30 KSA · CLOSED  · signal     · HOLO-USD · volSpike ▼ 56 · 15m
03:30 KSA · CLOSED  · signal     · BANK-USD · vwapRec ▼ 63 · 15m
03:30 KSA · CLOSED  · signal     · PENGU-USD · vwapRec ▲ 70 · 15m
03:30 KSA · CLOSED  · signal     · PENGU-USD · meanRev ▼ 85 · 15m
03:30 KSA · CLOSED  · signal     · PENGU-USD · volSpike ▲ 89 · 15m
03:33 KSA · CLOSED  · scanner    · بدء المسح · 1154 رمزاً · الجلسة CLOSED
03:33 KSA · CLOSED  · signal     · TRX-USD · meanRev ▼ 55 · 15m
03:33 KSA · CLOSED  · signal     · NEAR-USD · vwapRec ▲ 70 · 15m
03:33 KSA · CLOSED  · signal     · SNXXB-USD · vwapRec ▲ 60 · 15m
03:33 KSA · CLOSED  · signal     · U-USD · tfAlign ▲ 82 · 1d
03:33 KSA · CLOSED  · signal     · W-USD · meanRev ▼ 60 · 1d
03:33 KSA · CLOSED  · signal     · LUNA-USD · meanRev ▼ 60 · 1d
03:33 KSA · CLOSED  · signal     · LUNA-USD · sqzExp ▲ 100 · 1d
03:33 KSA · CLOSED  · signal     · S-USD · brk ▲ 79 · 1d
03:33 KSA · CLOSED  · signal     · S-USD · meanRev ▼ 63 · 1d
03:33 KSA · CLOSED  · signal     · S-USD · sqzExp ▲ 84 · 1d
03:33 KSA · CLOSED  · signal     · GRT-USD · brk ▲ 84 · 1d
03:33 KSA · CLOSED  · signal     · GRT-USD · sqzExp ▲ 59 · 1d
03:34 KSA · CLOSED  · scanner    · بدء المسح · 1154 رمزاً · الجلسة CLOSED
03:37 KSA · CLOSED  · scanner    · بدء المسح · 1154 رمزاً · الجلسة CLOSED
03:38 KSA · CLOSED  · scanner    · بدء المسح · 1154 رمزاً · الجلسة CLOSED
03:40 KSA · CLOSED  · scanner    · بدء المسح · 1154 رمزاً · الجلسة CLOSED
03:42 KSA · CLOSED  · scanner    · بدء المسح · 1154 رمزاً · الجلسة CLOSED
03:44 KSA · CLOSED  · scanner    · بدء المسح · 1154 رمزاً · الجلسة CLOSED
03:46 KSA · CLOSED  · scanner    · بدء المسح · 1154 رمزاً · الجلسة CLOSED
03:46 KSA · CLOSED  · signal     · HEMI-USD · vwapRec ▼ 85 · 15m
03:46 KSA · CLOSED  · signal     · 牛来-USD · volSpike ▲ 93 · 15m
03:49 KSA · CLOSED  · scanner    · بدء المسح · 1154 رمزاً · الجلسة CLOSED
03:49 KSA · CLOSED  · signal     · BNB-USD · brk ▲ 75 · 15m
03:49 KSA · CLOSED  · signal     · VTHO-USD · orb ▼ 80 · 15m
03:49 KSA · CLOSED  · signal     · BNCB-USD · orb ▲ 72 · 15m
03:49 KSA · CLOSED  · signal     · PUMP-USD · brk ▲ 91 · 15m
03:49 KSA · CLOSED  · signal     · KMNO-USD · brk ▲ 58 · 1d
03:49 KSA · CLOSED  · signal     · KMNO-USD · meanRev ▼ 60 · 1d
03:49 KSA · CLOSED  · signal     · KMNO-USD · sqzExp ▲ 66 · 1d
03:49 KSA · CLOSED  · signal     · SUPER-USD · meanRev ▼ 60 · 1d
03:49 KSA · CLOSED  · signal     · COMP-USD · brk ▲ 92 · 1d
03:51 KSA · CLOSED  · scanner    · بدء المسح · 1154 رمزاً · الجلسة CLOSED
03:52 KSA · CLOSED  · scanner    · بدء المسح · 1154 رمزاً · الجلسة CLOSED
03:54 KSA · CLOSED  · scanner    · بدء المسح · 1154 رمزاً · الجلسة CLOSED
03:56 KSA · CLOSED  · scanner    · بدء المسح · 1154 رمزاً · الجلسة CLOSED
03:58 KSA · CLOSED  · scanner    · بدء المسح · 1154 رمزاً · الجلسة CLOSED
04:00 KSA · CLOSED  · scanner    · بدء المسح · 1154 رمزاً · الجلسة CLOSED
04:00 KSA · CLOSED  · signal     · ETH-USD · momo ▲ 89 · 1h
04:00 KSA · CLOSED  · signal     · FET-USD · brk ▲ 57 · 15m
04:00 KSA · CLOSED  · signal     · FET-USD · momo ▲ 69 · 1h
04:00 KSA · CLOSED  · signal     · XPL-USD · brk ▲ 91 · 15m
04:00 KSA · CLOSED  · signal     · T-USD · rsiDiv ▼ 78 · 15m
04:00 KSA · CLOSED  · signal     · BNCB-USD · sqzExp ▲ 58 · 1h
04:00 KSA · CLOSED  · signal     · BNCB-USD · volSpike ▲ 75 · 15m
04:00 KSA · CLOSED  · signal     · UNI-USD · orb ▲ 90 · 15m
04:00 KSA · CLOSED  · signal     · SUI-USD · sqzExp ▲ 60 · 1h
04:00 KSA · CLOSED  · signal     · TAO-USD · vwapRec ▲ 78 · 15m
04:00 KSA · CLOSED  · signal     · TAO-USD · momo ▲ 86 · 1h
04:00 KSA · CLOSED  · signal     · THE-USD · meanRev ▼ 75 · 15m
04:00 KSA · CLOSED  · signal     · THE-USD · momo ▲ 69 · 1h
04:00 KSA · CLOSED  · signal     · ASTER-USD · momo ▲ 92 · 1h
04:03 KSA · CLOSED  · scanner    · بدء المسح · 1154 رمزاً · الجلسة CLOSED
04:03 KSA · CLOSED  · signal     · U-USD · tfAlign ▲ 92 · 1d
04:03 KSA · CLOSED  · signal     · EPIC-USD · brk ▲ 74 · 1d
04:03 KSA · CLOSED  · signal     · EPIC-USD · sqzExp ▲ 94 · 1d
04:03 KSA · CLOSED  · signal     · NIL-USD · meanRev ▼ 60 · 1d
04:03 KSA · CLOSED  · signal     · NIL-USD · sqzExp ▲ 69 · 1d
04:04 KSA · CLOSED  · scanner    · بدء المسح · 1154 رمزاً · الجلسة CLOSED
04:07 KSA · CLOSED  · scanner    · بدء المسح · 1154 رمزاً · الجلسة CLOSED
04:08 KSA · CLOSED  · scanner    · بدء المسح · 1154 رمزاً · الجلسة CLOSED
04:10 KSA · CLOSED  · scanner    · بدء المسح · 1154 رمزاً · الجلسة CLOSED
04:12 KSA · CLOSED  · scanner    · بدء المسح · 1154 رمزاً · الجلسة CLOSED
04:14 KSA · CLOSED  · scanner    · بدء المسح · 1154 رمزاً · الجلسة CLOSED
04:19 KSA · CLOSED  · scanner    · بدء المسح · 1154 رمزاً · الجلسة CLOSED
04:19 KSA · CLOSED  · signal     · FET-USD · meanRev ▼ 85 · 15m
04:19 KSA · CLOSED  · signal     · MTL-USD · vwapRec ▼ 60 · 15m
04:19 KSA · CLOSED  · signal     · 牛来-USD · orb ▲ 94 · 15m
04:19 KSA · CLOSED  · signal     · TAO-USD · brk ▲ 77 · 15m
04:19 KSA · CLOSED  · signal     · THE-USD · brk ▲ 95 · 15m
04:19 KSA · CLOSED  · signal     · THE-USD · volSpike ▲ 67 · 15m
04:19 KSA · CLOSED  · signal     · PENGU-USD · orb ▲ 100 · 15m
04:19 KSA · CLOSED  · signal     · ARMB-USD · brk ▲ 55 · 1d
04:19 KSA · CLOSED  · signal     · ARMB-USD · sqzExp ▲ 75 · 1d
04:19 KSA · CLOSED  · signal     · IMX-USD · brk ▲ 82 · 1d
04:20 KSA · CLOSED  · scanner    · بدء المسح · 1154 رمزاً · الجلسة CLOSED
04:22 KSA · CLOSED  · scanner    · بدء المسح · 1154 رمزاً · الجلسة CLOSED
04:24 KSA · CLOSED  · scanner    · بدء المسح · 1154 رمزاً · الجلسة CLOSED
04:26 KSA · CLOSED  · scanner    · بدء المسح · 1154 رمزاً · الجلسة CLOSED
04:28 KSA · CLOSED  · scanner    · بدء المسح · 1154 رمزاً · الجلسة CLOSED
04:30 KSA · CLOSED  · scanner    · بدء المسح · 1154 رمزاً · الجلسة CLOSED
04:30 KSA · CLOSED  · signal     · DASH-USD · vwapRec ▼ 60 · 15m
04:30 KSA · CLOSED  · signal     · THE-USD · orb ▲ 83 · 15m
04:33 KSA · CLOSED  · scanner    · بدء المسح · 1154 رمزاً · الجلسة CLOSED
04:33 KSA · CLOSED  · signal     · DASH-USD · orb ▼ 80 · 15m
04:33 KSA · CLOSED  · signal     · VTHO-USD · orb ▼ 80 · 15m
04:33 KSA · CLOSED  · signal     · MTL-USD · orb ▼ 80 · 15m
04:33 KSA · CLOSED  · signal     · FTT-USD · brk ▲ 76 · 1d
04:33 KSA · CLOSED  · signal     · FTT-USD · sqzExp ▲ 100 · 1d
04:33 KSA · CLOSED  · signal     · MANTA-USD · meanRev ▼ 70 · 1d
04:33 KSA · CLOSED  · signal     · USTC-USD · sqzExp ▲ 88 · 1d
04:33 KSA · CLOSED  · signal     · CETUS-USD · sqzExp ▲ 69 · 1d
04:33 KSA · CLOSED  · signal     · AXL-USD · meanRev ▼ 68 · 1d
04:34 KSA · CLOSED  · scanner    · بدء المسح · 1154 رمزاً · الجلسة CLOSED
04:37 KSA · CLOSED  · scanner    · بدء المسح · 1154 رمزاً · الجلسة CLOSED
04:38 KSA · CLOSED  · scanner    · بدء المسح · 1154 رمزاً · الجلسة CLOSED
04:40 KSA · CLOSED  · scanner    · بدء المسح · 1154 رمزاً · الجلسة CLOSED
04:42 KSA · CLOSED  · scanner    · بدء المسح · 1154 رمزاً · الجلسة CLOSED
04:44 KSA · CLOSED  · scanner    · بدء المسح · 1154 رمزاً · الجلسة CLOSED
04:46 KSA · CLOSED  · scanner    · بدء المسح · 1154 رمزاً · الجلسة CLOSED
04:46 KSA · CLOSED  · signal     · NEAR-USD · rsiDiv ▼ 78 · 15m
04:46 KSA · CLOSED  · signal     · MARSCOIN-USD · brk ▲ 82 · 15m
04:46 KSA · CLOSED  · signal     · MARSCOIN-USD · meanRev ▼ 71 · 15m
04:46 KSA · CLOSED  · signal     · REZ-USD · rsiDiv ▼ 83 · 15m
04:46 KSA · CLOSED  · signal     · BNCB-USD · vwapRec ▲ 83 · 15m
04:46 KSA · CLOSED  · signal     · HOLO-USD · volSpike ▼ 89 · 15m
04:49 KSA · CLOSED  · scanner    · بدء المسح · 1154 رمزاً · الجلسة CLOSED
04:49 KSA · CLOSED  · signal     · SUI-USD · orb ▲ 90 · 15m
04:49 KSA · CLOSED  · signal     · 牛来-USD · brk ▲ 86 · 15m
04:49 KSA · CLOSED  · signal     · TAO-USD · vwapRec ▲ 85 · 15m
04:49 KSA · CLOSED  · signal     · THE-USD · brk ▲ 82 · 15m
04:49 KSA · CLOSED  · signal     · PENGU-USD · orb ▲ 90 · 15m
04:49 KSA · CLOSED  · signal     · JOE-USD · brk ▲ 87 · 1d
04:49 KSA · CLOSED  · signal     · JOE-USD · meanRev ▼ 68 · 1d
04:49 KSA · CLOSED  · signal     · SHELL-USD · sqzExp ▲ 94 · 1d
04:51 KSA · CLOSED  · scanner    · بدء المسح · 1154 رمزاً · الجلسة CLOSED
04:52 KSA · CLOSED  · scanner    · بدء المسح · 1154 رمزاً · الجلسة CLOSED
04:54 KSA · CLOSED  · scanner    · بدء المسح · 1154 رمزاً · الجلسة CLOSED
04:56 KSA · CLOSED  · scanner    · بدء المسح · 1154 رمزاً · الجلسة CLOSED
04:58 KSA · CLOSED  · scanner    · بدء المسح · 1154 رمزاً · الجلسة CLOSED
05:00 KSA · CLOSED  · scanner    · بدء المسح · 1154 رمزاً · الجلسة CLOSED
05:00 KSA · CLOSED  · signal     · AAVE-USD · vwapRec ▲ 85 · 15m
05:00 KSA · CLOSED  · signal     · ETHFI-USD · vwapRec ▲ 85 · 15m
05:00 KSA · CLOSED  · signal     · XPL-USD · meanRev ▼ 88 · 15m
05:00 KSA · CLOSED  · signal     · XPL-USD · momo ▲ 64 · 1h
05:00 KSA · CLOSED  · signal     · THE-USD · sqzExp ▲ 68 · 1h
05:00 KSA · CLOSED  · signal     · THE-USD · volSpike ▲ 72 · 15m
05:00 KSA · CLOSED  · signal     · HOLO-USD · vwapRec ▼ 78 · 15m
05:00 KSA · CLOSED  · signal     · PENGU-USD · vwapRec ▲ 85 · 15m
05:02 KSA · CLOSED  · scanner    · بدء المسح · 1154 رمزاً · الجلسة CLOSED
05:03 KSA · CLOSED  · signal     · BTC-USD · orb ▼ 80 · 15m
05:03 KSA · CLOSED  · signal     · XRP-USD · orb ▼ 63 · 15m
05:03 KSA · CLOSED  · signal     · BCH-USD · orb ▼ 80 · 15m
05:03 KSA · CLOSED  · signal     · MSTRB-USD · orb ▼ 80 · 15m
05:03 KSA · CLOSED  · signal     · T-USD · brk ▲ 70 · 15m
05:03 KSA · CLOSED  · signal     · REZ-USD · orb ▲ 60 · 15m
05:03 KSA · CLOSED  · signal     · UNI-USD · orb ▲ 60 · 15m
05:03 KSA · CLOSED  · signal     · TRUMP-USD · orb ▼ 90 · 15m
05:03 KSA · CLOSED  · signal     · HOLO-USD · orb ▼ 83 · 15m
05:03 KSA · CLOSED  · signal     · SPELL-USD · brk ▲ 68 · 1d
05:03 KSA · CLOSED  · signal     · SPELL-USD · meanRev ▼ 73 · 1d
05:04 KSA · CLOSED  · scanner    · بدء المسح · 1154 رمزاً · الجلسة CLOSED
05:07 KSA · CLOSED  · scanner    · بدء المسح · 1154 رمزاً · الجلسة CLOSED
05:08 KSA · CLOSED  · scanner    · بدء المسح · 1154 رمزاً · الجلسة CLOSED
05:10 KSA · CLOSED  · scanner    · بدء المسح · 1154 رمزاً · الجلسة CLOSED
05:12 KSA · CLOSED  · scanner    · بدء المسح · 1154 رمزاً · الجلسة CLOSED
05:14 KSA · CLOSED  · scanner    · بدء المسح · 1154 رمزاً · الجلسة CLOSED
05:17 KSA · CLOSED  · scanner    · بدء المسح · 1154 رمزاً · الجلسة CLOSED
05:17 KSA · CLOSED  · signal     · BNB-USD · volSpike ▼ 67 · 15m
05:17 KSA · CLOSED  · signal     · XRP-USD · vwapRec ▼ 60 · 15m
05:17 KSA · CLOSED  · signal     · LINK-USD · volSpike ▼ 78 · 15m
05:17 KSA · CLOSED  · signal     · AAVE-USD · rsiDiv ▲ 58 · 15m
05:17 KSA · CLOSED  · signal     · UNI-USD · volSpike ▼ 56 · 15m
05:17 KSA · CLOSED  · signal     · SUI-USD · volSpike ▼ 78 · 15m
05:17 KSA · CLOSED  · signal     · TAO-USD · vwapRec ▼ 68 · 15m
05:17 KSA · CLOSED  · signal     · ASTER-USD · volSpike ▼ 78 · 15m
05:19 KSA · CLOSED  · scanner    · بدء المسح · 1154 رمزاً · الجلسة CLOSED
05:20 KSA · CLOSED  · scanner    · بدء المسح · 1154 رمزاً · الجلسة CLOSED
05:22 KSA · CLOSED  · scanner    · بدء المسح · 1154 رمزاً · الجلسة CLOSED
05:24 KSA · CLOSED  · scanner    · بدء المسح · 1154 رمزاً · الجلسة CLOSED
05:26 KSA · CLOSED  · scanner    · بدء المسح · 1154 رمزاً · الجلسة CLOSED
05:28 KSA · CLOSED  · scanner    · بدء المسح · 1154 رمزاً · الجلسة CLOSED
05:30 KSA · CLOSED  · scanner    · بدء المسح · 1154 رمزاً · الجلسة CLOSED
05:30 KSA · CLOSED  · signal     · DOGE-USD · vwapRec ▼ 78 · 15m
05:30 KSA · CLOSED  · signal     · FET-USD · vwapRec ▼ 70 · 15m
05:30 KSA · CLOSED  · signal     · SNDKB-USD · vwapRec ▼ 75 · 15m
05:30 KSA · CLOSED  · signal     · SUI-USD · vwapRec ▲ 85 · 15m
05:30 KSA · CLOSED  · signal     · THE-USD · volSpike ▲ 56 · 15m
05:30 KSA · CLOSED  · signal     · ARB-USD · orb ▼ 80 · 15m
05:32 KSA · CLOSED  · scanner    · بدء المسح · 1154 رمزاً · الجلسة CLOSED
05:32 KSA · CLOSED  · signal     · BNCB-USD · vwapRec ▲ 83 · 15m
05:34 KSA · CLOSED  · scanner    · بدء المسح · 1154 رمزاً · الجلسة CLOSED
05:37 KSA · CLOSED  · scanner    · بدء المسح · 1154 رمزاً · الجلسة CLOSED
05:38 KSA · CLOSED  · scanner    · بدء المسح · 1154 رمزاً · الجلسة CLOSED
05:40 KSA · CLOSED  · scanner    · بدء المسح · 1154 رمزاً · الجلسة CLOSED
05:42 KSA · CLOSED  · scanner    · بدء المسح · 1154 رمزاً · الجلسة CLOSED
05:44 KSA · CLOSED  · scanner    · بدء المسح · 1154 رمزاً · الجلسة CLOSED
05:48 KSA · CLOSED  · scanner    · بدء المسح · 1154 رمزاً · الجلسة CLOSED
05:48 KSA · CLOSED  · signal     · XAUT-USD · vwapRec ▼ 65 · 15m
05:48 KSA · CLOSED  · signal     · IOTA-USD · pbTrend ▲ 76 · 1h
05:48 KSA · CLOSED  · signal     · BNCB-USD · volSpike ▲ 63 · 15m
05:48 KSA · CLOSED  · signal     · UNI-USD · pbTrend ▲ 67 · 1h
05:48 KSA · CLOSED  · signal     · U-USD · orb ▲ 55 · 15m
05:48 KSA · CLOSED  · signal     · U-USD · pbTrend ▲ 67 · 1h
05:48 KSA · CLOSED  · signal     · WLFI-USD · pbTrend ▲ 57 · 1h
05:50 KSA · CLOSED  · scanner    · بدء المسح · 1154 رمزاً · الجلسة CLOSED
05:52 KSA · CLOSED  · scanner    · بدء المسح · 1154 رمزاً · الجلسة CLOSED
05:54 KSA · CLOSED  · scanner    · بدء المسح · 1154 رمزاً · الجلسة CLOSED
05:56 KSA · CLOSED  · scanner    · بدء المسح · 1154 رمزاً · الجلسة CLOSED
05:58 KSA · CLOSED  · scanner    · بدء المسح · 1154 رمزاً · الجلسة CLOSED
06:00 KSA · CLOSED  · scanner    · بدء المسح · 1154 رمزاً · الجلسة CLOSED
06:00 KSA · CLOSED  · signal     · FET-USD · momo ▲ 69 · 1h
06:00 KSA · CLOSED  · signal     · SUI-USD · vwapRec ▲ 78 · 15m
06:00 KSA · CLOSED  · signal     · TRUMP-USD · orb ▼ 65 · 15m
06:00 KSA · CLOSED  · signal     · HOLO-USD · pbTrend ▼ 67 · 1h
06:02 KSA · CLOSED  · scanner    · بدء المسح · 1154 رمزاً · الجلسة CLOSED
06:02 KSA · CLOSED  · signal     · NEAR-USD · vwapRec ▼ 68 · 15m
06:02 KSA · CLOSED  · signal     · XPL-USD · meanRev ▼ 75 · 15m
06:02 KSA · CLOSED  · signal     · U-USD · orb ▲ 60 · 15m
06:02 KSA · CLOSED  · signal     · TAO-USD · momo ▲ 86 · 1h
06:02 KSA · CLOSED  · signal     · HOLO-USD · vwapRec ▼ 85 · 15m
06:02 KSA · CLOSED  · signal     · PENGU-USD · tfAlign ▲ 71 · 1d
06:04 KSA · CLOSED  · scanner    · بدء المسح · 1154 رمزاً · الجلسة CLOSED
06:07 KSA · CLOSED  · scanner    · بدء المسح · 1154 رمزاً · الجلسة CLOSED
06:10 KSA · CLOSED  · scanner    · بدء المسح · 1154 رمزاً · الجلسة CLOSED
06:12 KSA · CLOSED  · scanner    · بدء المسح · 1154 رمزاً · الجلسة CLOSED
06:14 KSA · CLOSED  · scanner    · بدء المسح · 1154 رمزاً · الجلسة CLOSED
06:17 KSA · CLOSED  · scanner    · بدء المسح · 1154 رمزاً · الجلسة CLOSED
06:17 KSA · CLOSED  · signal     · BNCB-USD · orb ▲ 100 · 15m
06:17 KSA · CLOSED  · signal     · TAO-USD · vwapRec ▲ 85 · 15m
06:19 KSA · CLOSED  · scanner    · بدء المسح · 1154 رمزاً · الجلسة CLOSED
06:20 KSA · CLOSED  · scanner    · بدء المسح · 1154 رمزاً · الجلسة CLOSED
06:22 KSA · CLOSED  · scanner    · بدء المسح · 1154 رمزاً · الجلسة CLOSED
06:24 KSA · CLOSED  · scanner    · بدء المسح · 1154 رمزاً · الجلسة CLOSED
06:26 KSA · CLOSED  · scanner    · بدء المسح · 1154 رمزاً · الجلسة CLOSED
06:28 KSA · CLOSED  · scanner    · بدء المسح · 1154 رمزاً · الجلسة CLOSED
06:30 KSA · CLOSED  · scanner    · بدء المسح · 1154 رمزاً · الجلسة CLOSED
06:30 KSA · CLOSED  · signal     · NEAR-USD · vwapRec ▲ 60 · 15m
06:30 KSA · CLOSED  · signal     · REZ-USD · brk ▲ 70 · 15m
06:30 KSA · CLOSED  · signal     · SUI-USD · vwapRec ▲ 70 · 15m
06:30 KSA · CLOSED  · signal     · TAO-USD · orb ▲ 93 · 15m
06:30 KSA · CLOSED  · signal     · THE-USD · vwapRec ▼ 70 · 15m
06:32 KSA · CLOSED  · scanner    · بدء المسح · 1154 رمزاً · الجلسة CLOSED
06:32 KSA · CLOSED  · signal     · MARSCOIN-USD · brk ▲ 73 · 15m
06:32 KSA · CLOSED  · signal     · HOLO-USD · brk ▲ 73 · 15m
06:32 KSA · CLOSED  · signal     · PENGU-USD · vwapRec ▼ 75 · 15m
06:34 KSA · CLOSED  · scanner    · بدء المسح · 1154 رمزاً · الجلسة CLOSED
06:36 KSA · CLOSED  · scanner    · بدء المسح · 1154 رمزاً · الجلسة CLOSED
06:38 KSA · CLOSED  · scanner    · بدء المسح · 1154 رمزاً · الجلسة CLOSED
06:40 KSA · CLOSED  · scanner    · بدء المسح · 1154 رمزاً · الجلسة CLOSED
06:42 KSA · CLOSED  · scanner    · بدء المسح · 1154 رمزاً · الجلسة CLOSED
06:44 KSA · CLOSED  · scanner    · بدء المسح · 1154 رمزاً · الجلسة CLOSED
06:48 KSA · CLOSED  · scanner    · بدء المسح · 1154 رمزاً · الجلسة CLOSED
06:48 KSA · CLOSED  · signal     · U-USD · pbTrend ▲ 67 · 1h
06:48 KSA · CLOSED  · signal     · HOLO-USD · momo ▲ 69 · 1h
06:48 KSA · CLOSED  · signal     · PENGU-USD · orb ▲ 75 · 15m
06:50 KSA · CLOSED  · scanner    · بدء المسح · 1154 رمزاً · الجلسة CLOSED
06:52 KSA · CLOSED  · scanner    · بدء المسح · 1154 رمزاً · الجلسة CLOSED
06:54 KSA · CLOSED  · scanner    · بدء المسح · 1154 رمزاً · الجلسة CLOSED
06:56 KSA · CLOSED  · scanner    · بدء المسح · 1154 رمزاً · الجلسة CLOSED
06:58 KSA · CLOSED  · scanner    · بدء المسح · 1154 رمزاً · الجلسة CLOSED
07:00 KSA · CLOSED  · scanner    · بدء المسح · 1154 رمزاً · الجلسة CLOSED
07:00 KSA · CLOSED  · signal     · XPL-USD · rsiDiv ▼ 78 · 15m
07:00 KSA · CLOSED  · signal     · BNCB-USD · sqzExp ▲ 86 · 1h
07:00 KSA · CLOSED  · signal     · SUI-USD · orb ▲ 93 · 15m
07:00 KSA · CLOSED  · signal     · U-USD · tfAlign ▲ 100 · 1d
07:00 KSA · CLOSED  · signal     · EUR-USD · orb ▼ 55 · 15m
07:00 KSA · CLOSED  · signal     · HOLO-USD · orb ▲ 65 · 15m
07:00 KSA · CLOSED  · signal     · HOLO-USD · sqzExp ▼ 65 · 1h
07:00 KSA · CLOSED  · signal     · PENGU-USD · vwapRec ▲ 70 · 15m
07:02 KSA · CLOSED  · scanner    · بدء المسح · 1154 رمزاً · الجلسة CLOSED
07:02 KSA · CLOSED  · signal     · HOLO-USD · brk ▲ 64 · 15m
07:04 KSA · CLOSED  · scanner    · بدء المسح · 1154 رمزاً · الجلسة CLOSED
07:07 KSA · CLOSED  · scanner    · بدء المسح · 1154 رمزاً · الجلسة CLOSED
07:08 KSA · CLOSED  · scanner    · بدء المسح · 1154 رمزاً · الجلسة CLOSED
07:10 KSA · CLOSED  · scanner    · بدء المسح · 1154 رمزاً · الجلسة CLOSED
07:12 KSA · CLOSED  · scanner    · بدء المسح · 1154 رمزاً · الجلسة CLOSED
07:14 KSA · CLOSED  · scanner    · بدء المسح · 1154 رمزاً · الجلسة CLOSED
07:17 KSA · CLOSED  · scanner    · بدء المسح · 1154 رمزاً · الجلسة CLOSED
07:17 KSA · CLOSED  · signal     · MTL-USD · vwapRec ▲ 93 · 15m
07:17 KSA · CLOSED  · signal     · BNCB-USD · meanRev ▼ 85 · 15m
07:19 KSA · CLOSED  · scanner    · بدء المسح · 1154 رمزاً · الجلسة CLOSED
07:20 KSA · CLOSED  · scanner    · بدء المسح · 1154 رمزاً · الجلسة CLOSED
07:22 KSA · CLOSED  · scanner    · بدء المسح · 1154 رمزاً · الجلسة CLOSED
07:24 KSA · CLOSED  · scanner    · بدء المسح · 1154 رمزاً · الجلسة CLOSED
07:26 KSA · CLOSED  · scanner    · بدء المسح · 1154 رمزاً · الجلسة CLOSED
07:28 KSA · CLOSED  · scanner    · بدء المسح · 1154 رمزاً · الجلسة CLOSED
07:30 KSA · CLOSED  · scanner    · بدء المسح · 1154 رمزاً · الجلسة CLOSED
07:30 KSA · CLOSED  · signal     · XPL-USD · volSpike ▼ 89 · 15m
07:30 KSA · CLOSED  · signal     · SUI-USD · orb ▲ 93 · 15m
07:32 KSA · CLOSED  · scanner    · بدء المسح · 1154 رمزاً · الجلسة CLOSED
07:32 KSA · CLOSED  · signal     · ICP-USD · momo ▲ 89 · 1h
07:32 KSA · CLOSED  · signal     · HEMI-USD · vwapRec ▼ 85 · 15m
07:32 KSA · CLOSED  · signal     · PENGU-USD · vwapRec ▲ 85 · 15m
07:34 KSA · CLOSED  · scanner    · بدء المسح · 1154 رمزاً · الجلسة CLOSED
07:37 KSA · CLOSED  · scanner    · بدء المسح · 1154 رمزاً · الجلسة CLOSED
07:38 KSA · CLOSED  · scanner    · بدء المسح · 1154 رمزاً · الجلسة CLOSED
07:40 KSA · CLOSED  · scanner    · بدء المسح · 1154 رمزاً · الجلسة CLOSED
07:42 KSA · CLOSED  · scanner    · بدء المسح · 1154 رمزاً · الجلسة CLOSED
07:44 KSA · CLOSED  · scanner    · بدء المسح · 1154 رمزاً · الجلسة CLOSED
07:48 KSA · CLOSED  · scanner    · بدء المسح · 1154 رمزاً · الجلسة CLOSED
07:48 KSA · CLOSED  · signal     · XAUT-USD · sqzExp ▼ 80 · 1h
07:48 KSA · CLOSED  · signal     · PUMP-USD · brk ▲ 91 · 15m
07:48 KSA · CLOSED  · signal     · ARB-USD · rsiDiv ▼ 67 · 15m
07:48 KSA · CLOSED  · signal     · HOLO-USD · volSpike ▼ 89 · 15m
07:48 KSA · CLOSED  · signal     · WLFI-USD · pbTrend ▲ 55 · 1h
07:49 KSA · CLOSED  · scanner    · بدء المسح · 1154 رمزاً · الجلسة CLOSED
07:52 KSA · CLOSED  · scanner    · بدء المسح · 1154 رمزاً · الجلسة CLOSED
07:54 KSA · CLOSED  · scanner    · بدء المسح · 1154 رمزاً · الجلسة CLOSED
07:56 KSA · CLOSED  · scanner    · بدء المسح · 1154 رمزاً · الجلسة CLOSED
07:58 KSA · CLOSED  · scanner    · بدء المسح · 1154 رمزاً · الجلسة CLOSED
08:00 KSA · CLOSED  · scanner    · بدء المسح · 1154 رمزاً · الجلسة CLOSED
08:00 KSA · CLOSED  · signal     · BNB-USD · rsiDiv ▼ 83 · 1h
08:00 KSA · CLOSED  · signal     · DOGE-USD · rsiDiv ▲ 72 · 1h
08:00 KSA · CLOSED  · signal     · GRAM-USD · momo ▲ 81 · 1h
08:00 KSA · CLOSED  · signal     · BNCB-USD · rsiDiv ▼ 64 · 15m
08:00 KSA · CLOSED  · signal     · BNCB-USD · momo ▲ 87 · 1h
08:00 KSA · CLOSED  · signal     · HEMI-USD · vwapRec ▼ 85 · 15m
08:00 KSA · CLOSED  · signal     · PEPE-USD · rsiDiv ▼ 69 · 1h
08:00 KSA · CLOSED  · signal     · EUR-USD · momo ▼ 83 · 1h
08:00 KSA · CLOSED  · signal     · PENGU-USD · vwapRec ▲ 70 · 15m
08:02 KSA · CLOSED  · scanner    · بدء المسح · 1154 رمزاً · الجلسة CLOSED
08:02 KSA · CLOSED  · signal     · TRX-USD · meanRev ▼ 70 · 15m
08:02 KSA · CLOSED  · signal     · U-USD · tfAlign ▲ 82 · 1d
08:02 KSA · CLOSED  · signal     · TAO-USD · vwapRec ▲ 85 · 15m
08:02 KSA · CLOSED  · signal     · ARB-USD · orb ▼ 63 · 15m
08:04 KSA · CLOSED  · scanner    · بدء المسح · 1154 رمزاً · الجلسة CLOSED
08:07 KSA · CLOSED  · scanner    · بدء المسح · 1154 رمزاً · الجلسة CLOSED
08:08 KSA · CLOSED  · scanner    · بدء المسح · 1154 رمزاً · الجلسة CLOSED
08:10 KSA · CLOSED  · scanner    · بدء المسح · 1154 رمزاً · الجلسة CLOSED
08:12 KSA · CLOSED  · scanner    · بدء المسح · 1154 رمزاً · الجلسة CLOSED
08:14 KSA · CLOSED  · scanner    · بدء المسح · 1154 رمزاً · الجلسة CLOSED
08:17 KSA · CLOSED  · scanner    · بدء المسح · 1154 رمزاً · الجلسة CLOSED
08:17 KSA · CLOSED  · signal     · FET-USD · vwapRec ▲ 75 · 15m
08:17 KSA · CLOSED  · signal     · SUI-USD · vwapRec ▲ 70 · 15m
08:19 KSA · CLOSED  · scanner    · بدء المسح · 1154 رمزاً · الجلسة CLOSED
08:20 KSA · CLOSED  · scanner    · بدء المسح · 1154 رمزاً · الجلسة CLOSED
08:22 KSA · CLOSED  · scanner    · بدء المسح · 1154 رمزاً · الجلسة CLOSED
08:24 KSA · CLOSED  · scanner    · بدء المسح · 1154 رمزاً · الجلسة CLOSED
08:26 KSA · CLOSED  · scanner    · بدء المسح · 1154 رمزاً · الجلسة CLOSED
08:28 KSA · CLOSED  · scanner    · بدء المسح · 1154 رمزاً · الجلسة CLOSED
08:30 KSA · CLOSED  · scanner    · بدء المسح · 1154 رمزاً · الجلسة CLOSED
08:30 KSA · CLOSED  · signal     · TAO-USD · vwapRec ▼ 60 · 15m
08:30 KSA · CLOSED  · signal     · THE-USD · orb ▼ 70 · 15m
08:30 KSA · CLOSED  · signal     · HOLO-USD · volSpike ▼ 78 · 15m
08:30 KSA · CLOSED  · signal     · PENGU-USD · vwapRec ▼ 60 · 15m
08:32 KSA · CLOSED  · scanner    · بدء المسح · 1154 رمزاً · الجلسة CLOSED
08:32 KSA · CLOSED  · signal     · TAO-USD · tfAlign ▲ 87 · 1d
08:34 KSA · CLOSED  · scanner    · بدء المسح · 1154 رمزاً · الجلسة CLOSED
08:37 KSA · CLOSED  · scanner    · بدء المسح · 1154 رمزاً · الجلسة CLOSED
08:38 KSA · CLOSED  · scanner    · بدء المسح · 1154 رمزاً · الجلسة CLOSED
08:40 KSA · CLOSED  · scanner    · بدء المسح · 1154 رمزاً · الجلسة CLOSED
08:42 KSA · CLOSED  · scanner    · بدء المسح · 1154 رمزاً · الجلسة CLOSED
08:44 KSA · CLOSED  · scanner    · بدء المسح · 1154 رمزاً · الجلسة CLOSED
08:48 KSA · CLOSED  · scanner    · بدء المسح · 1154 رمزاً · الجلسة CLOSED
08:48 KSA · CLOSED  · signal     · PAXG-USD · sqzExp ▼ 85 · 1h
08:48 KSA · CLOSED  · signal     · TAO-USD · orb ▲ 85 · 15m
08:48 KSA · CLOSED  · signal     · PUMP-USD · rsiDiv ▼ 78 · 15m
08:49 KSA · CLOSED  · scanner    · بدء المسح · 1154 رمزاً · الجلسة CLOSED
08:52 KSA · CLOSED  · scanner    · بدء المسح · 1154 رمزاً · الجلسة CLOSED
08:54 KSA · CLOSED  · scanner    · بدء المسح · 1154 رمزاً · الجلسة CLOSED
08:56 KSA · CLOSED  · scanner    · بدء المسح · 1154 رمزاً · الجلسة CLOSED
08:58 KSA · CLOSED  · scanner    · بدء المسح · 1154 رمزاً · الجلسة CLOSED
09:00 KSA · CLOSED  · scanner    · بدء المسح · 1154 رمزاً · الجلسة CLOSED
09:00 KSA · CLOSED  · signal     · XRP-USD · vwapRec ▲ 70 · 15m
09:00 KSA · CLOSED  · signal     · PAXG-USD · tfAlign ▼ 100 · 1d
09:00 KSA · CLOSED  · signal     · UNI-USD · pbTrend ▲ 76 · 1h
09:00 KSA · CLOSED  · signal     · UNI-USD · volSpike ▼ 78 · 15m
09:00 KSA · CLOSED  · signal     · TAO-USD · vwapRec ▲ 60 · 15m
09:00 KSA · CLOSED  · signal     · TAO-USD · momo ▲ 92 · 1h
09:00 KSA · CLOSED  · signal     · PENGU-USD · vwapRec ▼ 60 · 15m
09:02 KSA · CLOSED  · scanner    · بدء المسح · 1154 رمزاً · الجلسة CLOSED
09:02 KSA · CLOSED  · signal     · SUI-USD · vwapRec ▲ 85 · 15m
09:04 KSA · CLOSED  · scanner    · بدء المسح · 1154 رمزاً · الجلسة CLOSED
09:07 KSA · CLOSED  · scanner    · بدء المسح · 1154 رمزاً · الجلسة CLOSED
09:08 KSA · CLOSED  · scanner    · بدء المسح · 1154 رمزاً · الجلسة CLOSED
09:10 KSA · CLOSED  · scanner    · بدء المسح · 1154 رمزاً · الجلسة CLOSED
09:12 KSA · CLOSED  · scanner    · بدء المسح · 1154 رمزاً · الجلسة CLOSED
09:14 KSA · CLOSED  · scanner    · بدء المسح · 1154 رمزاً · الجلسة CLOSED
09:17 KSA · CLOSED  · scanner    · بدء المسح · 1154 رمزاً · الجلسة CLOSED
09:17 KSA · CLOSED  · signal     · UNI-USD · orb ▼ 73 · 15m
09:17 KSA · CLOSED  · signal     · SUI-USD · orb ▲ 85 · 15m
09:17 KSA · CLOSED  · signal     · SUI-USD · brk ▲ 64 · 15m
09:17 KSA · CLOSED  · signal     · TAO-USD · momo ▲ 92 · 1h
09:17 KSA · CLOSED  · signal     · THE-USD · orb ▼ 75 · 15m
09:19 KSA · CLOSED  · scanner    · بدء المسح · 1154 رمزاً · الجلسة CLOSED
09:20 KSA · CLOSED  · scanner    · بدء المسح · 1154 رمزاً · الجلسة CLOSED
09:22 KSA · CLOSED  · scanner    · بدء المسح · 1154 رمزاً · الجلسة CLOSED
09:24 KSA · CLOSED  · scanner    · بدء المسح · 1154 رمزاً · الجلسة CLOSED
09:26 KSA · CLOSED  · scanner    · بدء المسح · 1154 رمزاً · الجلسة CLOSED
09:49 KSA · CLOSED  · scanner    · بدء المسح · 1154 رمزاً · الجلسة CLOSED
09:49 KSA · CLOSED  · signal     · U-USD · orb ▲ 60 · 15m
09:49 KSA · CLOSED  · signal     · PENGU-USD · orb ▲ 85 · 15m
09:51 KSA · CLOSED  · scanner    · بدء المسح · 1154 رمزاً · الجلسة CLOSED
09:51 KSA · CLOSED  · signal     · NEAR-USD · vwapRec ▼ 68 · 15m
09:51 KSA · CLOSED  · signal     · U-USD · pbTrend ▲ 67 · 1h
09:52 KSA · CLOSED  · scanner    · بدء المسح · 1154 رمزاً · الجلسة CLOSED
09:54 KSA · CLOSED  · scanner    · بدء المسح · 1154 رمزاً · الجلسة CLOSED
09:56 KSA · CLOSED  · scanner    · بدء المسح · 1154 رمزاً · الجلسة CLOSED
09:58 KSA · CLOSED  · scanner    · بدء المسح · 1154 رمزاً · الجلسة CLOSED
10:00 KSA · CLOSED  · scanner    · بدء المسح · 1154 رمزاً · الجلسة CLOSED
10:00 KSA · CLOSED  · signal     · DOGE-USD · vwapRec ▲ 60 · 15m
10:00 KSA · CLOSED  · signal     · XLM-USD · momo ▲ 92 · 1h
10:00 KSA · CLOSED  · signal     · FET-USD · brk ▲ 57 · 15m
10:00 KSA · CLOSED  · signal     · MARSCOIN-USD · orb ▲ 56 · 15m
10:00 KSA · CLOSED  · signal     · HEMI-USD · momo ▼ 83 · 1h
10:00 KSA · CLOSED  · signal     · SUI-USD · sqzExp ▲ 55 · 1h
10:00 KSA · CLOSED  · signal     · U-USD · orb ▼ 78 · 15m
10:00 KSA · CLOSED  · signal     · PENGU-USD · orb ▲ 93 · 15m
10:00 KSA · CLOSED  · signal     · PENGU-USD · vwapRec ▼ 60 · 15m
10:00 KSA · CLOSED  · signal     · PENGU-USD · rsiDiv ▼ 94 · 1h
10:02 KSA · CLOSED  · scanner    · بدء المسح · 1154 رمزاً · الجلسة CLOSED
10:02 KSA · CLOSED  · signal     · FET-USD · meanRev ▼ 85 · 15m
10:04 KSA · CLOSED  · scanner    · بدء المسح · 1154 رمزاً · الجلسة CLOSED
10:07 KSA · CLOSED  · scanner    · بدء المسح · 1154 رمزاً · الجلسة CLOSED
10:08 KSA · CLOSED  · scanner    · بدء المسح · 1154 رمزاً · الجلسة CLOSED
10:10 KSA · CLOSED  · scanner    · بدء المسح · 1154 رمزاً · الجلسة CLOSED
10:12 KSA · CLOSED  · scanner    · بدء المسح · 1154 رمزاً · الجلسة CLOSED
10:14 KSA · CLOSED  · scanner    · بدء المسح · 1154 رمزاً · الجلسة CLOSED
10:17 KSA · CLOSED  · scanner    · بدء المسح · 1154 رمزاً · الجلسة CLOSED
10:17 KSA · CLOSED  · signal     · WLD-USD · orb ▲ 100 · 15m
10:17 KSA · CLOSED  · signal     · SOXLB-USD · brk ▲ 77 · 15m
10:19 KSA · CLOSED  · scanner    · بدء المسح · 1154 رمزاً · الجلسة CLOSED
10:20 KSA · CLOSED  · scanner    · بدء المسح · 1154 رمزاً · الجلسة CLOSED
10:22 KSA · CLOSED  · scanner    · بدء المسح · 1154 رمزاً · الجلسة CLOSED
10:24 KSA · CLOSED  · scanner    · بدء المسح · 1154 رمزاً · الجلسة CLOSED
10:26 KSA · CLOSED  · scanner    · بدء المسح · 1154 رمزاً · الجلسة CLOSED
10:28 KSA · CLOSED  · scanner    · بدء المسح · 1154 رمزاً · الجلسة CLOSED
10:30 KSA · CLOSED  · scanner    · بدء المسح · 1154 رمزاً · الجلسة CLOSED
10:30 KSA · CLOSED  · signal     · REZ-USD · volSpike ▼ 67 · 15m
10:30 KSA · CLOSED  · signal     · MTL-USD · vwapRec ▼ 60 · 15m
10:32 KSA · CLOSED  · scanner    · بدء المسح · 1154 رمزاً · الجلسة CLOSED
10:34 KSA · CLOSED  · scanner    · بدء المسح · 1154 رمزاً · الجلسة CLOSED
10:37 KSA · CLOSED  · scanner    · بدء المسح · 1154 رمزاً · الجلسة CLOSED
10:38 KSA · CLOSED  · scanner    · بدء المسح · 1154 رمزاً · الجلسة CLOSED
10:40 KSA · CLOSED  · scanner    · بدء المسح · 1154 رمزاً · الجلسة CLOSED
10:42 KSA · CLOSED  · scanner    · بدء المسح · 1154 رمزاً · الجلسة CLOSED
10:44 KSA · CLOSED  · scanner    · بدء المسح · 1154 رمزاً · الجلسة CLOSED
10:48 KSA · CLOSED  · scanner    · بدء المسح · 1154 رمزاً · الجلسة CLOSED
10:48 KSA · CLOSED  · signal     · BNB-USD · brk ▲ 55 · 15m
10:48 KSA · CLOSED  · signal     · TRUMP-USD · orb ▼ 90 · 15m
10:48 KSA · CLOSED  · signal     · ASTER-USD · volSpike ▼ 67 · 15m
10:49 KSA · CLOSED  · scanner    · بدء المسح · 1154 رمزاً · الجلسة CLOSED
10:52 KSA · CLOSED  · scanner    · بدء المسح · 1154 رمزاً · الجلسة CLOSED
10:54 KSA · CLOSED  · scanner    · بدء المسح · 1154 رمزاً · الجلسة CLOSED
10:56 KSA · CLOSED  · scanner    · بدء المسح · 1154 رمزاً · الجلسة CLOSED
10:58 KSA · CLOSED  · scanner    · بدء المسح · 1154 رمزاً · الجلسة CLOSED
11:00 KSA · PRE     · scanner    · بدء المسح · 1154 رمزاً · الجلسة PRE
11:00 KSA · PRE     · signal     · LIN · meanRev ▼ 57 · 15m · جلسة ممتدة
11:00 KSA · PRE     · signal     · ACN · brk ▲ 55 · 15m · جلسة ممتدة
11:00 KSA · PRE     · signal     · TER · volSpike ▲ 78 · 15m · جلسة ممتدة
11:00 KSA · PRE     · signal     · NEAR-USD · rsiDiv ▼ 67 · 1h
11:00 KSA · PRE     · signal     · UNI-USD · pbTrend ▲ 86 · 1h
11:00 KSA · PRE     · signal     · 牛来-USD · brk ▲ 57 · 15m
11:00 KSA · PRE     · signal     · 牛来-USD · meanRev ▼ 74 · 15m
11:00 KSA · PRE     · signal     · ASTER-USD · momo ▲ 58 · 1h
11:03 KSA · PRE     · scanner    · بدء المسح · 1154 رمزاً · الجلسة PRE
11:03 KSA · PRE     · signal     · GOOGL · meanRev ▼ 55 · 15m · جلسة ممتدة
11:03 KSA · PRE     · signal     · ANET · brk ▲ 95 · 15m · جلسة ممتدة
11:03 KSA · PRE     · signal     · UBER · brk ▲ 68 · 15m · جلسة ممتدة
11:03 KSA · PRE     · signal     · LITE · brk ▲ 100 · 15m · جلسة ممتدة
11:03 KSA · PRE     · signal     · MDLZ · brk ▼ 92 · 15m · جلسة ممتدة
11:03 KSA · PRE     · signal     · HON · brk ▲ 67 · 15m · جلسة ممتدة
11:03 KSA · PRE     · signal     · DOGE-USD · brk ▲ 68 · 15m
11:03 KSA · PRE     · signal     · SNXXB-USD · vwapRec ▼ 75 · 15m
11:03 KSA · PRE     · signal     · 牛来-USD · momo ▲ 100 · 1h
11:03 KSA · PRE     · signal     · HOLO-USD · brk ▲ 70 · 15m
11:03 KSA · PRE     · signal     · HOLO-USD · meanRev ▼ 60 · 15m
11:04 KSA · PRE     · scanner    · بدء المسح · 1154 رمزاً · الجلسة PRE
11:07 KSA · PRE     · scanner    · بدء المسح · 1154 رمزاً · الجلسة PRE
11:09 KSA · PRE     · scanner    · بدء المسح · 1154 رمزاً · الجلسة PRE
11:10 KSA · PRE     · scanner    · بدء المسح · 1154 رمزاً · الجلسة PRE
11:12 KSA · PRE     · scanner    · بدء المسح · 1154 رمزاً · الجلسة PRE
11:14 KSA · PRE     · scanner    · بدء المسح · 1154 رمزاً · الجلسة PRE
11:19 KSA · PRE     · scanner    · بدء المسح · 1154 رمزاً · الجلسة PRE
11:19 KSA · PRE     · signal     · GOOG · volSpike ▼ 56 · 15m · جلسة ممتدة
11:19 KSA · PRE     · signal     · META · brk ▼ 64 · 15m · جلسة ممتدة
11:19 KSA · PRE     · signal     · AMAT · volSpike ▲ 89 · 15m · جلسة ممتدة
11:19 KSA · PRE     · signal     · HD · meanRev ▼ 65 · 15m · جلسة ممتدة
11:19 KSA · PRE     · signal     · STX · meanRev ▼ 60 · 15m · جلسة ممتدة
11:19 KSA · PRE     · signal     · BX · brk ▲ 68 · 15m · جلسة ممتدة
11:19 KSA · PRE     · signal     · GLW · brk ▲ 84 · 15m · جلسة ممتدة
11:19 KSA · PRE     · signal     · ADP · brk ▼ 67 · 15m · جلسة ممتدة
11:19 KSA · PRE     · signal     · ADP · meanRev ▲ 57 · 15m · جلسة ممتدة
11:19 KSA · PRE     · signal     · HWM · meanRev ▼ 55 · 15m · جلسة ممتدة
11:19 KSA · PRE     · signal     · SOL-USD · meanRev ▼ 70 · 15m
11:19 KSA · PRE     · signal     · DVN · brk ▼ 86 · 15m · جلسة ممتدة
11:19 KSA · PRE     · signal     · KVUE · brk ▼ 59 · 15m · جلسة ممتدة
11:19 KSA · PRE     · signal     · SMCI · brk ▲ 77 · 15m · جلسة ممتدة
11:19 KSA · PRE     · signal     · SNDKB-USD · meanRev ▼ 65 · 15m
11:19 KSA · PRE     · signal     · BNCB-USD · meanRev ▲ 71 · 15m
11:19 KSA · PRE     · signal     · 牛来-USD · volSpike ▲ 100 · 15m
11:19 KSA · PRE     · signal     · TAO-USD · brk ▲ 100 · 15m
11:19 KSA · PRE     · signal     · TAO-USD · meanRev ▼ 60 · 15m
11:19 KSA · PRE     · signal     · HOLO-USD · volSpike ▼ 67 · 15m
11:19 KSA · PRE     · signal     · PENGU-USD · orb ▲ 93 · 15m
11:20 KSA · PRE     · scanner    · بدء المسح · 1154 رمزاً · الجلسة PRE
11:22 KSA · PRE     · scanner    · بدء المسح · 1154 رمزاً · الجلسة PRE
11:22 KSA · PRE     · signal     · TXN · volSpike ▲ 94 · 15m · جلسة ممتدة
11:24 KSA · PRE     · scanner    · بدء المسح · 1154 رمزاً · الجلسة PRE
11:26 KSA · PRE     · scanner    · بدء المسح · 1154 رمزاً · الجلسة PRE
11:26 KSA · PRE     · signal     · CAT · volSpike ▲ 83 · 15m · جلسة ممتدة
11:26 KSA · PRE     · signal     · RDDT · volSpike ▼ 89 · 15m · جلسة ممتدة
11:28 KSA · PRE     · scanner    · بدء المسح · 1154 رمزاً · الجلسة PRE
11:28 KSA · PRE     · signal     · FTNT · volSpike ▲ 83 · 15m · جلسة ممتدة
11:30 KSA · PRE     · scanner    · بدء المسح · 1154 رمزاً · الجلسة PRE
11:30 KSA · PRE     · signal     · BNB-USD · tfAlign ▲ 95 · 1d
11:30 KSA · PRE     · signal     · XRP-USD · orb ▲ 100 · 15m
11:30 KSA · PRE     · signal     · DOGE-USD · volSpike ▼ 56 · 15m
11:30 KSA · PRE     · signal     · MARSCOIN-USD · momo ▲ 77 · 1h
11:30 KSA · PRE     · signal     · SNDKB-USD · vwapRec ▲ 55 · 15m
11:30 KSA · PRE     · signal     · HEMI-USD · vwapRec ▼ 93 · 15m
11:30 KSA · PRE     · signal     · SNXXB-USD · vwapRec ▲ 60 · 15m
11:30 KSA · PRE     · signal     · TAO-USD · volSpike ▲ 67 · 15m
11:34 KSA · PRE     · scanner    · بدء المسح · 1154 رمزاً · الجلسة PRE
11:34 KSA · PRE     · signal     · AMZN · vwapRec ▼ 68 · 15m · جلسة ممتدة
11:34 KSA · PRE     · signal     · CSCO · vwapRec ▼ 60 · 15m · جلسة ممتدة
11:34 KSA · PRE     · signal     · MRVL · vwapRec ▲ 60 · 15m · جلسة ممتدة
11:34 KSA · PRE     · signal     · ADI · vwapRec ▲ 65 · 15m · جلسة ممتدة
11:34 KSA · PRE     · signal     · VRTX · vwapRec ▲ 57 · 15m · جلسة ممتدة
11:34 KSA · PRE     · signal     · XRP-USD · brk ▲ 100 · 15m
11:34 KSA · PRE     · signal     · CEG · vwapRec ▲ 60 · 15m · جلسة ممتدة
11:34 KSA · PRE     · signal     · MDLZ · vwapRec ▲ 74 · 15m · جلسة ممتدة
11:34 KSA · PRE     · signal     · TER · vwapRec ▲ 60 · 15m · جلسة ممتدة
11:34 KSA · PRE     · signal     · XLM-USD · brk ▲ 82 · 15m
11:34 KSA · PRE     · signal     · PENGU-USD · meanRev ▼ 70 · 15m
11:40 KSA · PRE     · scanner    · بدء المسح · 1154 رمزاً · الجلسة PRE
11:42 KSA · PRE     · scanner    · بدء المسح · 1154 رمزاً · الجلسة PRE
11:44 KSA · PRE     · scanner    · بدء المسح · 1154 رمزاً · الجلسة PRE
11:50 KSA · PRE     · scanner    · بدء المسح · 1154 رمزاً · الجلسة PRE
11:50 KSA · PRE     · signal     · AAPL · vwapRec ▲ 70 · 15m · جلسة ممتدة
11:50 KSA · PRE     · signal     · META · brk ▲ 61 · 15m · جلسة ممتدة
11:50 KSA · PRE     · signal     · BTC-USD · orb ▲ 85 · 15m
11:50 KSA · PRE     · signal     · JPM · orb ▲ 70 · 15m · جلسة ممتدة
11:50 KSA · PRE     · signal     · KO · orb ▼ 75 · 15m · جلسة ممتدة
11:50 KSA · PRE     · signal     · CAT · orb ▲ 80 · 15m · جلسة ممتدة
11:50 KSA · PRE     · signal     · ETH-USD · orb ▲ 90 · 15m
11:50 KSA · PRE     · signal     · ETH-USD · rsiDiv ▲ 61 · 15m
11:50 KSA · PRE     · signal     · KLAC · orb ▲ 70 · 15m · جلسة ممتدة
11:50 KSA · PRE     · signal     · AMGN · brk ▲ 64 · 15m · جلسة ممتدة
11:50 KSA · PRE     · signal     · ETN · vwapRec ▲ 68 · 15m · جلسة ممتدة
11:50 KSA · PRE     · signal     · BNB-USD · meanRev ▼ 63 · 15m
11:50 KSA · PRE     · signal     · XRP-USD · meanRev ▼ 80 · 15m
11:50 KSA · PRE     · signal     · INTU · vwapRec ▲ 60 · 15m · جلسة ممتدة
11:50 KSA · PRE     · signal     · MRNA · orb ▲ 100 · 15m · جلسة ممتدة
11:50 KSA · PRE     · signal     · MRNA · brk ▲ 59 · 15m · جلسة ممتدة
11:50 KSA · PRE     · signal     · NXPI · vwapRec ▲ 57 · 15m · جلسة ممتدة
11:50 KSA · PRE     · signal     · TRX-USD · meanRev ▼ 63 · 15m
11:50 KSA · PRE     · signal     · ON · orb ▲ 85 · 15m · جلسة ممتدة
11:50 KSA · PRE     · signal     · SMCI · orb ▲ 83 · 15m · جلسة ممتدة
11:50 KSA · PRE     · signal     · LINK-USD · meanRev ▼ 70 · 15m
11:50 KSA · PRE     · signal     · LTC-USD · meanRev ▼ 70 · 15m
11:50 KSA · PRE     · signal     · FET-USD · meanRev ▼ 73 · 15m
11:50 KSA · PRE     · signal     · SNXXB-USD · meanRev ▼ 60 · 15m
11:50 KSA · PRE     · signal     · SNXXB-USD · momo ▲ 92 · 1h
11:50 KSA · PRE     · signal     · UNI-USD · tfAlign ▲ 92 · 1d
11:50 KSA · PRE     · signal     · TAO-USD · vwapRec ▲ 60 · 15m
11:50 KSA · PRE     · signal     · TAO-USD · momo ▲ 92 · 1h
11:50 KSA · PRE     · signal     · THE-USD · volSpike ▲ 67 · 15m
11:50 KSA · PRE     · signal     · HOLO-USD · brk ▲ 80 · 15m
11:50 KSA · PRE     · signal     · HOLO-USD · sqzExp ▼ 68 · 1h
11:50 KSA · PRE     · signal     · HOLO-USD · momo ▲ 67 · 1h
11:50 KSA · PRE     · signal     · BANK-USD · meanRev ▼ 78 · 15m
11:50 KSA · PRE     · signal     · PENGU-USD · vwapRec ▲ 55 · 15m
11:50 KSA · PRE     · signal     · PENGU-USD · brk ▲ 100 · 15m
11:51 KSA · PRE     · scanner    · بدء المسح · 1154 رمزاً · الجلسة PRE
11:54 KSA · PRE     · scanner    · بدء المسح · 1154 رمزاً · الجلسة PRE
11:56 KSA · PRE     · scanner    · بدء المسح · 1154 رمزاً · الجلسة PRE
11:58 KSA · PRE     · scanner    · بدء المسح · 1154 رمزاً · الجلسة PRE
11:58 KSA · PRE     · signal     · MDLZ · orb ▲ 63 · 15m · جلسة ممتدة
12:00 KSA · PRE     · scanner    · بدء المسح · 1154 رمزاً · الجلسة PRE
12:00 KSA · PRE     · signal     · ETH-USD · momo ▲ 92 · 1h
12:00 KSA · PRE     · signal     · ADI · orb ▲ 90 · 15m · جلسة ممتدة
12:00 KSA · PRE     · signal     · DOGE-USD · volSpike ▲ 72 · 15m
12:00 KSA · PRE     · signal     · XLM-USD · meanRev ▼ 73 · 15m
12:00 KSA · PRE     · signal     · PAXG-USD · volSpike ▼ 56 · 15m
12:00 KSA · PRE     · signal     · FIL-USD · sqzExp ▲ 63 · 1h
12:00 KSA · PRE     · signal     · DASH-USD · brk ▲ 89 · 15m
12:00 KSA · PRE     · signal     · CRCLB-USD · sqzExp ▼ 57 · 1h
12:00 KSA · PRE     · signal     · CRCLB-USD · volSpike ▼ 56 · 15m
12:00 KSA · PRE     · signal     · CRCLB-USD · momo ▲ 72 · 1h
12:00 KSA · PRE     · signal     · MUB-USD · momo ▲ 89 · 1h
12:00 KSA · PRE     · signal     · BNCB-USD · volSpike ▲ 63 · 15m
12:00 KSA · PRE     · signal     · SUI-USD · brk ▲ 89 · 15m
12:00 KSA · PRE     · signal     · SUI-USD · sqzExp ▲ 65 · 1h
12:00 KSA · PRE     · signal     · U-USD · sqzExp ▼ 63 · 1h
12:00 KSA · PRE     · signal     · THE-USD · orb ▲ 90 · 15m
12:00 KSA · PRE     · signal     · THE-USD · vwapRec ▲ 63 · 15m
12:00 KSA · PRE     · signal     · THE-USD · momo ▲ 61 · 1h
12:00 KSA · PRE     · signal     · BANK-USD · pbTrend ▼ 60 · 1h
12:00 KSA · PRE     · signal     · BANK-USD · sqzExp ▲ 55 · 1h
12:00 KSA · PRE     · signal     · PENGU-USD · volSpike ▲ 78 · 15m
12:04 KSA · PRE     · scanner    · بدء المسح · 1154 رمزاً · الجلسة PRE
12:04 KSA · PRE     · signal     · AVGO · orb ▲ 75 · 15m · جلسة ممتدة
12:04 KSA · PRE     · signal     · TSLA · orb ▲ 73 · 15m · جلسة ممتدة
12:04 KSA · PRE     · signal     · MU · orb ▲ 88 · 15m · جلسة ممتدة
12:04 KSA · PRE     · signal     · GE · orb ▲ 65 · 15m · جلسة ممتدة
12:04 KSA · PRE     · signal     · TXN · volSpike ▲ 94 · 15m · جلسة ممتدة
12:04 KSA · PRE     · signal     · GLW · orb ▲ 70 · 15m · جلسة ممتدة
12:04 KSA · PRE     · signal     · CIEN · volSpike ▲ 83 · 15m · جلسة ممتدة
12:04 KSA · PRE     · signal     · SUI-USD · vwapRec ▲ 60 · 15m
12:04 KSA · PRE     · signal     · TAO-USD · vwapRec ▲ 60 · 15m
12:12 KSA · PRE     · scanner    · بدء المسح · 1154 رمزاً · الجلسة PRE
12:14 KSA · PRE     · scanner    · بدء المسح · 1154 رمزاً · الجلسة PRE
12:18 KSA · PRE     · scanner    · بدء المسح · 1154 رمزاً · الجلسة PRE
12:18 KSA · PRE     · signal     · AMZN · vwapRec ▲ 57 · 15m · جلسة ممتدة
12:18 KSA · PRE     · signal     · SCHW · volSpike ▲ 72 · 15m · جلسة ممتدة
12:18 KSA · PRE     · signal     · FTNT · orb ▲ 95 · 15m · جلسة ممتدة
12:18 KSA · PRE     · signal     · FTNT · vwapRec ▲ 60 · 15m · جلسة ممتدة
12:18 KSA · PRE     · signal     · ACN · vwapRec ▲ 60 · 15m · جلسة ممتدة
12:18 KSA · PRE     · signal     · BCH-USD · orb ▲ 90 · 15m
12:18 KSA · PRE     · signal     · AAVE-USD · meanRev ▼ 60 · 15m
12:18 KSA · PRE     · signal     · MARSCOIN-USD · brk ▲ 64 · 15m
12:18 KSA · PRE     · signal     · VTHO-USD · brk ▼ 55 · 15m
12:18 KSA · PRE     · signal     · MSTRB-USD · orb ▲ 85 · 15m
12:18 KSA · PRE     · signal     · BNCB-USD · orb ▼ 100 · 15m
12:18 KSA · PRE     · signal     · HEMI-USD · volSpike ▲ 67 · 15m
12:18 KSA · PRE     · signal     · UNI-USD · meanRev ▼ 70 · 15m
12:18 KSA · PRE     · signal     · 牛来-USD · brk ▲ 93 · 15m
12:18 KSA · PRE     · signal     · 牛来-USD · meanRev ▼ 76 · 15m
12:18 KSA · PRE     · signal     · 牛来-USD · volSpike ▲ 64 · 15m
12:18 KSA · PRE     · signal     · BANK-USD · volSpike ▲ 72 · 15m
12:18 KSA · PRE     · signal     · ASTER-USD · meanRev ▼ 78 · 15m
12:20 KSA · PRE     · scanner    · بدء المسح · 1154 رمزاً · الجلسة PRE
12:20 KSA · PRE     · scanner    · ساعة التأكيد مثبَّتة على شمعة 09:00Z (من cbar)
12:21 KSA · PRE     · scanner    · بدء المسح · 1154 رمزاً · الجلسة PRE
12:21 KSA · PRE     · scanner    · ساعة التأكيد مثبَّتة على شمعة 09:00Z (من cbar)
12:22 KSA · PRE     · scanner    · بدء المسح · 1154 رمزاً · الجلسة PRE
12:22 KSA · PRE     · scanner    · ساعة التأكيد مثبَّتة على شمعة 09:00Z (من cbar)
12:23 KSA · PRE     · scanner    · بدء المسح · 1154 رمزاً · الجلسة PRE
12:23 KSA · PRE     · scanner    · ساعة التأكيد مثبَّتة على شمعة 09:00Z (من cbar)
12:23 KSA · PRE     · signal     · META · vwapRec ▲ 57 · 15m · جلسة ممتدة
12:23 KSA · PRE     · signal     · QCOM · vwapRec ▲ 55 · 15m · جلسة ممتدة
12:24 KSA · PRE     · scanner    · بدء المسح · 1154 رمزاً · الجلسة PRE
12:24 KSA · PRE     · scanner    · ساعة التأكيد مثبَّتة على شمعة 09:00Z (من cbar)
12:26 KSA · PRE     · scanner    · بدء المسح · 1154 رمزاً · الجلسة PRE
12:26 KSA · PRE     · scanner    · ساعة التأكيد مثبَّتة على شمعة 09:00Z (من cbar)
12:31 KSA · PRE     · scanner    · بدء المسح · 1154 رمزاً · الجلسة PRE
12:31 KSA · PRE     · scanner    · ساعة التأكيد مثبَّتة على شمعة 09:00Z (من cbar)
12:35 KSA · PRE     · scanner    · بدء المسح · 1154 رمزاً · الجلسة PRE
12:35 KSA · PRE     · scanner    · ساعة التأكيد مثبَّتة على شمعة 09:00Z (من cbar)
12:36 KSA · PRE     · scanner    · بدء المسح · 1154 رمزاً · الجلسة PRE
12:36 KSA · PRE     · scanner    · ساعة التأكيد مثبَّتة على شمعة 09:15Z (من cbar)
12:36 KSA · PRE     · signal     · NVDA · rsiDiv ▼ 83 · 1d · جلسة ممتدة
12:36 KSA · PRE     · signal     · AAPL · rsiDiv ▼ 72 · 1h · جلسة ممتدة
12:36 KSA · PRE     · signal     · AVGO · pbTrend ▼ 64 · 1h · جلسة ممتدة
12:36 KSA · PRE     · signal     · AVGO · rsiDiv ▲ 67 · 1d · جلسة ممتدة
12:36 KSA · PRE     · signal     · BTC-USD · rsiDiv ▼ 72 · 1h
12:36 KSA · PRE     · signal     · META · rsiDiv ▼ 58 · 1h · جلسة ممتدة
12:36 KSA · PRE     · signal     · META · momo ▼ 72 · 1h · جلسة ممتدة
12:36 KSA · PRE     · signal     · V · rsiDiv ▲ 56 · 1h · جلسة ممتدة
12:36 KSA · PRE     · signal     · INTC · orb ▲ 72 · 15m · جلسة ممتدة
12:36 KSA · PRE     · signal     · MA · pbTrend ▲ 71 · 1h · جلسة ممتدة
12:36 KSA · PRE     · signal     · ABBV · rsiDiv ▼ 75 · 1h · جلسة ممتدة
12:36 KSA · PRE     · signal     · CVX · pbTrend ▲ 64 · 1h · جلسة ممتدة
12:36 KSA · PRE     · signal     · MRK · vwapRec ▼ 68 · 15m · جلسة ممتدة
12:36 KSA · PRE     · signal     · HD · meanRev ▼ 65 · 15m · جلسة ممتدة
12:36 KSA · PRE     · signal     · HD · rsiDiv ▲ 83 · 1h · جلسة ممتدة
12:36 KSA · PRE     · signal     · HD · tfAlign ▼ 100 · 1d · جلسة ممتدة
12:36 KSA · PRE     · signal     · PANW · pbTrend ▲ 83 · 1h · جلسة ممتدة
12:36 KSA · PRE     · signal     · PM · pbTrend ▲ 76 · 1h · جلسة ممتدة
12:36 KSA · PRE     · signal     · TXN · pbTrend ▼ 57 · 1h · جلسة ممتدة
12:36 KSA · PRE     · signal     · TXN · rsiDiv ▲ 56 · 1d · جلسة ممتدة
12:36 KSA · PRE     · signal     · TXN · momo ▲ 89 · 1h · جلسة ممتدة
12:36 KSA · PRE     · signal     · CRWD · rsiDiv ▼ 69 · 1h · جلسة ممتدة
12:36 KSA · PRE     · signal     · KLAC · rsiDiv ▼ 94 · 1h · جلسة ممتدة
12:36 KSA · PRE     · signal     · MRVL · orb ▲ 73 · 15m · جلسة ممتدة
12:36 KSA · PRE     · signal     · MRVL · momo ▲ 83 · 1h · جلسة ممتدة
12:36 KSA · PRE     · signal     · STX · rsiDiv ▼ 89 · 1h · جلسة ممتدة
12:36 KSA · PRE     · signal     · QCOM · pbTrend ▲ 55 · 1h · جلسة ممتدة
12:36 KSA · PRE     · signal     · GILD · rsiDiv ▼ 100 · 1d · جلسة ممتدة
12:36 KSA · PRE     · signal     · ADI · orb ▲ 100 · 15m · جلسة ممتدة
12:36 KSA · PRE     · signal     · SCHW · momo ▲ 56 · 1h · جلسة ممتدة
12:36 KSA · PRE     · signal     · T · pbTrend ▲ 60 · 1h · جلسة ممتدة
12:36 KSA · PRE     · signal     · ETN · tfAlign ▲ 82 · 1d · جلسة ممتدة
12:36 KSA · PRE     · signal     · WDC · pbTrend ▼ 67 · 1h · جلسة ممتدة
12:36 KSA · PRE     · signal     · COP · pbTrend ▲ 55 · 1h · جلسة ممتدة
12:36 KSA · PRE     · signal     · PFE · momo ▲ 67 · 1h · جلسة ممتدة
12:36 KSA · PRE     · signal     · GLW · pbTrend ▼ 71 · 1h · جلسة ممتدة
12:36 KSA · PRE     · signal     · FTNT · rsiDiv ▼ 69 · 1h · جلسة ممتدة
12:36 KSA · PRE     · signal     · ADP · pbTrend ▲ 71 · 1h · جلسة ممتدة
12:36 KSA · PRE     · signal     · BNB-USD · rsiDiv ▼ 89 · 1h
12:36 KSA · PRE     · signal     · VRT · pbTrend ▼ 62 · 1h · جلسة ممتدة
12:36 KSA · PRE     · signal     · PWR · pbTrend ▼ 57 · 1h · جلسة ممتدة
12:36 KSA · PRE     · signal     · XRP-USD · momo ▲ 89 · 1h
12:36 KSA · PRE     · signal     · HWM · pbTrend ▼ 90 · 1h · جلسة ممتدة
12:36 KSA · PRE     · signal     · CEG · orb ▲ 65 · 15m · جلسة ممتدة
12:36 KSA · PRE     · signal     · CEG · rsiDiv ▲ 67 · 1h · جلسة ممتدة
12:36 KSA · PRE     · signal     · INTU · tfAlign ▼ 82 · 1d · جلسة ممتدة
12:36 KSA · PRE     · signal     · CDNS · vwapRec ▲ 63 · 15m · جلسة ممتدة
12:36 KSA · PRE     · signal     · SNPS · pbTrend ▼ 81 · 1h · جلسة ممتدة
12:36 KSA · PRE     · signal     · CMI · pbTrend ▼ 86 · 1h · جلسة ممتدة
12:36 KSA · PRE     · signal     · SOL-USD · meanRev ▼ 60 · 15m
12:36 KSA · PRE     · signal     · TER · rsiDiv ▼ 89 · 1h · جلسة ممتدة
12:36 KSA · PRE     · signal     · TER · volSpike ▲ 78 · 15m · جلسة ممتدة
12:36 KSA · PRE     · signal     · VST · momo ▼ 78 · 1h · جلسة ممتدة
12:36 KSA · PRE     · signal     · ON · rsiDiv ▲ 81 · 1d · جلسة ممتدة
12:36 KSA · PRE     · signal     · DOGE-USD · meanRev ▼ 75 · 15m
12:36 KSA · PRE     · signal     · XLM-USD · momo ▲ 81 · 1h
12:36 KSA · PRE     · signal     · DASH-USD · orb ▲ 100 · 15m
12:36 KSA · PRE     · signal     · ETHFI-USD · volSpike ▼ 67 · 15m
12:36 KSA · PRE     · signal     · PENDLE-USD · meanRev ▼ 78 · 15m
12:36 KSA · PRE     · signal     · PENDLE-USD · rsiDiv ▼ 89 · 1d
12:36 KSA · PRE     · signal     · CRCLB-USD · sqzExp ▼ 57 · 1h
12:36 KSA · PRE     · signal     · MARSCOIN-USD · meanRev ▼ 68 · 15m
12:36 KSA · PRE     · signal     · MSTRB-USD · rsiDiv ▼ 100 · 1h
12:36 KSA · PRE     · signal     · MUB-USD · tfAlign ▲ 89 · 1d
12:36 KSA · PRE     · signal     · HEMI-USD · meanRev ▼ 100 · 15m
12:36 KSA · PRE     · signal     · HEMI-USD · rsiDiv ▲ 69 · 1d
12:36 KSA · PRE     · signal     · HEMI-USD · momo ▼ 67 · 1h
12:36 KSA · PRE     · signal     · UNI-USD · tfAlign ▲ 100 · 1d
12:36 KSA · PRE     · signal     · SUI-USD · sqzExp ▲ 65 · 1h
12:36 KSA · PRE     · signal     · SUI-USD · tfAlign ▲ 100 · 1d
12:36 KSA · PRE     · signal     · U-USD · pbTrend ▲ 76 · 1h
12:36 KSA · PRE     · signal     · 牛来-USD · orb ▲ 78 · 15m
12:36 KSA · PRE     · signal     · 牛来-USD · meanRev ▼ 62 · 15m
12:36 KSA · PRE     · signal     · TAO-USD · meanRev ▼ 68 · 15m
12:36 KSA · PRE     · signal     · TAO-USD · rsiDiv ▼ 89 · 1h
12:36 KSA · PRE     · signal     · TAO-USD · momo ▲ 92 · 1h
12:36 KSA · PRE     · signal     · TAO-USD · tfAlign ▲ 87 · 1d
12:36 KSA · PRE     · signal     · THE-USD · momo ▲ 61 · 1h
12:36 KSA · PRE     · signal     · TRUMP-USD · orb ▲ 90 · 15m
12:36 KSA · PRE     · signal     · PUMP-USD · orb ▲ 85 · 15m
12:36 KSA · PRE     · signal     · HOLO-USD · sqzExp ▼ 68 · 1h
12:36 KSA · PRE     · signal     · HOLO-USD · momo ▲ 67 · 1h
12:36 KSA · PRE     · signal     · BANK-USD · pbTrend ▼ 60 · 1h
12:36 KSA · PRE     · signal     · BANK-USD · sqzExp ▲ 55 · 1h
12:36 KSA · PRE     · signal     · PENGU-USD · brk ▲ 93 · 15m
12:36 KSA · PRE     · signal     · PENGU-USD · meanRev ▼ 80 · 15m
12:36 KSA · PRE     · signal     · PENGU-USD · tfAlign ▲ 76 · 1d
12:36 KSA · PRE     · signal     · ASTER-USD · sqzExp ▼ 55 · 1h
12:36 KSA · PRE     · signal     · ASTER-USD · momo ▲ 86 · 1h
12:38 KSA · PRE     · scanner    · بدء المسح · 1154 رمزاً · الجلسة PRE
12:38 KSA · PRE     · scanner    · ساعة التأكيد مثبَّتة على شمعة 09:15Z (من cbar)
12:43 KSA · PRE     · scanner    · بدء المسح · 1154 رمزاً · الجلسة PRE
12:43 KSA · PRE     · scanner    · ساعة التأكيد مثبَّتة على شمعة 09:15Z (من cbar)
12:44 KSA · PRE     · scanner    · بدء المسح · 1154 رمزاً · الجلسة PRE
12:44 KSA · PRE     · scanner    · ساعة التأكيد مثبَّتة على شمعة 09:15Z (من cbar)
12:48 KSA · PRE     · scanner    · بدء المسح · 1154 رمزاً · الجلسة PRE
12:48 KSA · PRE     · scanner    · ساعة التأكيد مثبَّتة على شمعة 09:30Z (من cbar)
12:48 KSA · PRE     · signal     · META · vwapRec ▲ 57 · 15m · جلسة ممتدة
12:48 KSA · PRE     · signal     · CSCO · orb ▲ 55 · 15m · جلسة ممتدة
12:48 KSA · PRE     · signal     · COST · orb ▼ 85 · 15m · جلسة ممتدة
12:48 KSA · PRE     · signal     · GILD · orb ▼ 69 · 15m · جلسة ممتدة
12:48 KSA · PRE     · signal     · LMT · orb ▼ 100 · 15m · جلسة ممتدة
12:48 KSA · PRE     · signal     · ADP · orb ▲ 65 · 15m · جلسة ممتدة
12:48 KSA · PRE     · signal     · ADP · brk ▼ 56 · 15m · جلسة ممتدة
12:48 KSA · PRE     · signal     · CEG · volSpike ▼ 67 · 15m · جلسة ممتدة
12:48 KSA · PRE     · signal     · DVN · orb ▼ 65 · 15m · جلسة ممتدة
12:48 KSA · PRE     · signal     · INJ-USD · orb ▲ 100 · 15m
12:48 KSA · PRE     · signal     · VTHO-USD · brk ▲ 86 · 15m
12:48 KSA · PRE     · signal     · UNI-USD · orb ▲ 93 · 15m
12:48 KSA · PRE     · signal     · U-USD · rsiDiv ▼ 67 · 15m
12:48 KSA · PRE     · signal     · THE-USD · brk ▲ 95 · 15m
12:48 KSA · PRE     · signal     · HOLO-USD · brk ▲ 80 · 15m
12:48 KSA · PRE     · signal     · HOLO-USD · meanRev ▼ 75 · 15m
12:48 KSA · PRE     · signal     · PENGU-USD · volSpike ▲ 83 · 15m
12:50 KSA · PRE     · scanner    · بدء المسح · 1154 رمزاً · الجلسة PRE
12:50 KSA · PRE     · scanner    · ساعة التأكيد مثبَّتة على شمعة 09:30Z (من cbar)
12:52 KSA · PRE     · scanner    · بدء المسح · 1154 رمزاً · الجلسة PRE
12:52 KSA · PRE     · scanner    · ساعة التأكيد مثبَّتة على شمعة 09:30Z (من cbar)
12:54 KSA · PRE     · scanner    · بدء المسح · 1154 رمزاً · الجلسة PRE
12:54 KSA · PRE     · scanner    · ساعة التأكيد مثبَّتة على شمعة 09:30Z (من cbar)
12:56 KSA · PRE     · scanner    · بدء المسح · 1154 رمزاً · الجلسة PRE
12:56 KSA · PRE     · scanner    · ساعة التأكيد مثبَّتة على شمعة 09:30Z (من cbar)
12:58 KSA · PRE     · scanner    · بدء المسح · 1154 رمزاً · الجلسة PRE
12:58 KSA · PRE     · scanner    · ساعة التأكيد مثبَّتة على شمعة 09:30Z (من cbar)
13:05 KSA · PRE     · scanner    · بدء المسح · 1154 رمزاً · الجلسة PRE
13:05 KSA · PRE     · scanner    · ساعة التأكيد مثبَّتة على شمعة 09:45Z (من cbar)
13:14 KSA · PRE     · scanner    · بدء المسح · 1154 رمزاً · الجلسة PRE
13:14 KSA · PRE     · scanner    · ساعة التأكيد مثبَّتة على شمعة 09:45Z (من cbar)
13:14 KSA · PRE     · signal     · AVGO · pbTrend ▼ 64 · 1h · جلسة ممتدة
13:14 KSA · PRE     · signal     · BTC-USD · rsiDiv ▼ 72 · 1h
13:14 KSA · PRE     · signal     · META · rsiDiv ▼ 58 · 1h · جلسة ممتدة
13:14 KSA · PRE     · signal     · META · momo ▼ 72 · 1h · جلسة ممتدة
13:14 KSA · PRE     · signal     · KLAC · rsiDiv ▼ 100 · 1h · جلسة ممتدة
13:14 KSA · PRE     · signal     · GLW · pbTrend ▼ 71 · 1h · جلسة ممتدة
13:14 KSA · PRE     · signal     · VRTX · orb ▲ 74 · 15m · جلسة ممتدة
13:14 KSA · PRE     · signal     · VRT · pbTrend ▼ 62 · 1h · جلسة ممتدة
13:14 KSA · PRE     · signal     · HWM · pbTrend ▼ 90 · 1h · جلسة ممتدة
13:14 KSA · PRE     · signal     · TER · rsiDiv ▼ 89 · 1h · جلسة ممتدة
13:14 KSA · PRE     · signal     · MCHP · momo ▲ 86 · 1h · جلسة ممتدة
13:14 KSA · PRE     · signal     · LTC-USD · rsiDiv ▼ 89 · 1h
13:14 KSA · PRE     · signal     · AAVE-USD · sqzExp ▼ 70 · 1h
13:14 KSA · PRE     · signal     · ONDO-USD · rsiDiv ▲ 58 · 1d
13:14 KSA · PRE     · signal     · CRCLB-USD · rsiDiv ▼ 67 · 1h
13:14 KSA · PRE     · signal     · MSTRB-USD · sqzExp ▲ 65 · 1h
13:14 KSA · PRE     · signal     · BNCB-USD · momo ▲ 60 · 1h
13:14 KSA · PRE     · signal     · UNI-USD · tfAlign ▲ 100 · 1d
13:14 KSA · PRE     · signal     · SUI-USD · tfAlign ▲ 100 · 1d
13:14 KSA · PRE     · signal     · TAO-USD · rsiDiv ▼ 89 · 1h
13:14 KSA · PRE     · signal     · TAO-USD · momo ▲ 92 · 1h
13:14 KSA · PRE     · signal     · TAO-USD · tfAlign ▲ 87 · 1d
13:14 KSA · PRE     · signal     · THE-USD · rsiDiv ▼ 56 · 1d
13:14 KSA · PRE     · signal     · THE-USD · momo ▲ 69 · 1h
13:14 KSA · PRE     · signal     · PUMP-USD · orb ▲ 90 · 15m
13:14 KSA · PRE     · signal     · HOLO-USD · momo ▲ 83 · 1h
13:14 KSA · PRE     · signal     · BANK-USD · pbTrend ▼ 64 · 1h
13:14 KSA · PRE     · signal     · PENGU-USD · tfAlign ▲ 76 · 1d
13:14 KSA · PRE     · signal     · ASTER-USD · momo ▲ 86 · 1h
13:16 KSA · PRE     · scanner    · بدء المسح · 1154 رمزاً · الجلسة PRE
13:16 KSA · PRE     · scanner    · ساعة التأكيد مثبَّتة على شمعة 09:45Z (من cbar)
13:20 KSA · PRE     · scanner    · بدء المسح · 1154 رمزاً · الجلسة PRE
13:20 KSA · PRE     · scanner    · ساعة التأكيد مثبَّتة على شمعة 10:00Z (من cbar)
13:20 KSA · PRE     · scanner    · بدء المسح · 1154 رمزاً · الجلسة PRE
13:20 KSA · PRE     · scanner    · ساعة التأكيد مثبَّتة على شمعة 10:00Z (من cbar)
13:26 KSA · PRE     · scanner    · بدء المسح · 1154 رمزاً · الجلسة PRE
13:26 KSA · PRE     · scanner    · ساعة التأكيد مثبَّتة على شمعة 10:00Z (من cbar)
13:26 KSA · PRE     · signal     · AVGO · pbTrend ▼ 64 · 1h · جلسة ممتدة
13:26 KSA · PRE     · signal     · META · rsiDiv ▼ 58 · 1h · جلسة ممتدة
13:26 KSA · PRE     · signal     · META · momo ▼ 72 · 1h · جلسة ممتدة
13:26 KSA · PRE     · signal     · KLAC · rsiDiv ▼ 89 · 1h · جلسة ممتدة
13:26 KSA · PRE     · signal     · GLW · pbTrend ▼ 71 · 1h · جلسة ممتدة
13:26 KSA · PRE     · signal     · VRT · pbTrend ▼ 62 · 1h · جلسة ممتدة
13:26 KSA · PRE     · signal     · HWM · pbTrend ▼ 90 · 1h · جلسة ممتدة
13:26 KSA · PRE     · signal     · TER · rsiDiv ▼ 83 · 1h · جلسة ممتدة
13:26 KSA · PRE     · signal     · UNI-USD · tfAlign ▲ 100 · 1d
13:26 KSA · PRE     · signal     · SUI-USD · tfAlign ▲ 100 · 1d
13:26 KSA · PRE     · signal     · TAO-USD · rsiDiv ▼ 89 · 1h
13:26 KSA · PRE     · signal     · TAO-USD · momo ▲ 92 · 1h
13:26 KSA · PRE     · signal     · TAO-USD · tfAlign ▲ 87 · 1d
13:26 KSA · PRE     · signal     · THE-USD · momo ▲ 69 · 1h
13:26 KSA · PRE     · signal     · HOLO-USD · momo ▲ 83 · 1h
13:26 KSA · PRE     · signal     · BANK-USD · pbTrend ▼ 64 · 1h
13:26 KSA · PRE     · signal     · PENGU-USD · tfAlign ▲ 76 · 1d
13:26 KSA · PRE     · signal     · ASTER-USD · momo ▲ 86 · 1h
13:28 KSA · PRE     · scanner    · بدء المسح · 1154 رمزاً · الجلسة PRE
13:28 KSA · PRE     · scanner    · ساعة التأكيد مثبَّتة على شمعة 10:00Z (من cbar)
13:30 KSA · PRE     · scanner    · بدء المسح · 1154 رمزاً · الجلسة PRE
13:30 KSA · PRE     · scanner    · ساعة التأكيد مثبَّتة على شمعة 10:00Z (من cbar)
13:35 KSA · PRE     · scanner    · بدء المسح · 1154 رمزاً · الجلسة PRE
13:35 KSA · PRE     · scanner    · ساعة التأكيد مثبَّتة على شمعة 10:15Z (من cbar)
13:36 KSA · PRE     · scanner    · بدء المسح · 1154 رمزاً · الجلسة PRE
13:36 KSA · PRE     · scanner    · ساعة التأكيد مثبَّتة على شمعة 10:15Z (من cbar)
13:42 KSA · PRE     · scanner    · بدء المسح · 1154 رمزاً · الجلسة PRE
13:42 KSA · PRE     · scanner    · ساعة التأكيد مثبَّتة على شمعة 10:15Z (من cbar)
13:44 KSA · PRE     · scanner    · بدء المسح · 1154 رمزاً · الجلسة PRE
13:44 KSA · PRE     · scanner    · ساعة التأكيد مثبَّتة على شمعة 10:15Z (من cbar)
13:48 KSA · PRE     · scanner    · بدء المسح · 1154 رمزاً · الجلسة PRE
13:48 KSA · PRE     · scanner    · ساعة التأكيد مثبَّتة على شمعة 10:30Z (من cbar)
13:49 KSA · PRE     · scanner    · بدء المسح · 1154 رمزاً · الجلسة PRE
13:49 KSA · PRE     · scanner    · ساعة التأكيد مثبَّتة على شمعة 10:30Z (من cbar)
13:55 KSA · PRE     · scanner    · بدء المسح · 1154 رمزاً · الجلسة PRE
13:55 KSA · PRE     · scanner    · ساعة التأكيد مثبَّتة على شمعة 10:30Z (من cbar)
13:55 KSA · PRE     · signal     · META · rsiDiv ▼ 58 · 1h · جلسة ممتدة
13:55 KSA · PRE     · signal     · META · momo ▼ 72 · 1h · جلسة ممتدة
13:55 KSA · PRE     · signal     · KLAC · rsiDiv ▼ 89 · 1h · جلسة ممتدة
13:55 KSA · PRE     · signal     · COP · pbTrend ▲ 55 · 1h · جلسة ممتدة
13:55 KSA · PRE     · signal     · GLW · pbTrend ▼ 71 · 1h · جلسة ممتدة
13:55 KSA · PRE     · signal     · FTNT · rsiDiv ▼ 81 · 1h · جلسة ممتدة
13:55 KSA · PRE     · signal     · VRT · pbTrend ▼ 62 · 1h · جلسة ممتدة
13:55 KSA · PRE     · signal     · XRP-USD · rsiDiv ▼ 78 · 1h
13:55 KSA · PRE     · signal     · HWM · pbTrend ▼ 90 · 1h · جلسة ممتدة
13:55 KSA · PRE     · signal     · SNPS · pbTrend ▼ 81 · 1h · جلسة ممتدة
13:55 KSA · PRE     · signal     · TER · rsiDiv ▼ 89 · 1h · جلسة ممتدة
13:55 KSA · PRE     · signal     · BCH-USD · momo ▲ 69 · 1h
13:55 KSA · PRE     · signal     · UNI-USD · tfAlign ▲ 100 · 1d
13:55 KSA · PRE     · signal     · SUI-USD · tfAlign ▲ 100 · 1d
13:55 KSA · PRE     · signal     · PEPE-USD · rsiDiv ▼ 89 · 1h
13:55 KSA · PRE     · signal     · TAO-USD · rsiDiv ▼ 89 · 1h
13:55 KSA · PRE     · signal     · TAO-USD · momo ▲ 92 · 1h
13:55 KSA · PRE     · signal     · TAO-USD · tfAlign ▲ 87 · 1d
13:55 KSA · PRE     · signal     · THE-USD · momo ▲ 69 · 1h
13:55 KSA · PRE     · signal     · HOLO-USD · momo ▲ 83 · 1h
13:55 KSA · PRE     · signal     · BANK-USD · pbTrend ▼ 64 · 1h
13:55 KSA · PRE     · signal     · PENGU-USD · rsiDiv ▼ 94 · 1h
13:55 KSA · PRE     · signal     · PENGU-USD · tfAlign ▲ 76 · 1d
13:55 KSA · PRE     · signal     · ASTER-USD · momo ▲ 86 · 1h
13:57 KSA · PRE     · scanner    · بدء المسح · 1154 رمزاً · الجلسة PRE
13:57 KSA · PRE     · scanner    · ساعة التأكيد مثبَّتة على شمعة 10:30Z (من cbar)
13:58 KSA · PRE     · scanner    · بدء المسح · 1154 رمزاً · الجلسة PRE
13:58 KSA · PRE     · scanner    · ساعة التأكيد مثبَّتة على شمعة 10:30Z (من cbar)
14:04 KSA · PRE     · scanner    · بدء المسح · 1154 رمزاً · الجلسة PRE
14:04 KSA · PRE     · scanner    · ساعة التأكيد مثبَّتة على شمعة 10:45Z (من cbar)
14:05 KSA · PRE     · scanner    · بدء المسح · 1154 رمزاً · الجلسة PRE
14:05 KSA · PRE     · scanner    · ساعة التأكيد مثبَّتة على شمعة 10:45Z (من cbar)
14:06 KSA · PRE     · scanner    · بدء المسح · 1154 رمزاً · الجلسة PRE
14:06 KSA · PRE     · scanner    · ساعة التأكيد مثبَّتة على شمعة 10:45Z (من cbar)
14:11 KSA · PRE     · scanner    · بدء المسح · 1154 رمزاً · الجلسة PRE
14:11 KSA · PRE     · scanner    · ساعة التأكيد مثبَّتة على شمعة 10:45Z (من cbar)
14:12 KSA · PRE     · scanner    · بدء المسح · 1154 رمزاً · الجلسة PRE
14:12 KSA · PRE     · scanner    · ساعة التأكيد مثبَّتة على شمعة 10:45Z (من cbar)
14:14 KSA · PRE     · scanner    · بدء المسح · 1154 رمزاً · الجلسة PRE
14:14 KSA · PRE     · scanner    · ساعة التأكيد مثبَّتة على شمعة 10:45Z (من cbar)
14:18 KSA · PRE     · scanner    · بدء المسح · 1154 رمزاً · الجلسة PRE
14:18 KSA · PRE     · scanner    · ساعة التأكيد مثبَّتة على شمعة 11:00Z (من cbar)
14:19 KSA · PRE     · scanner    · بدء المسح · 1154 رمزاً · الجلسة PRE
14:19 KSA · PRE     · scanner    · ساعة التأكيد مثبَّتة على شمعة 11:00Z (من cbar)
14:26 KSA · PRE     · scanner    · بدء المسح · 1154 رمزاً · الجلسة PRE
14:26 KSA · PRE     · scanner    · ساعة التأكيد مثبَّتة على شمعة 11:00Z (من cbar)
14:26 KSA · PRE     · signal     · META · rsiDiv ▼ 64 · 1h · جلسة ممتدة
14:26 KSA · PRE     · signal     · META · momo ▼ 72 · 1h · جلسة ممتدة
14:26 KSA · PRE     · signal     · CVX · pbTrend ▲ 64 · 1h · جلسة ممتدة
14:26 KSA · PRE     · signal     · TXN · pbTrend ▼ 57 · 1h · جلسة ممتدة
14:26 KSA · PRE     · signal     · KLAC · rsiDiv ▼ 94 · 1h · جلسة ممتدة
14:26 KSA · PRE     · signal     · STX · rsiDiv ▼ 100 · 1h · جلسة ممتدة
14:26 KSA · PRE     · signal     · COP · pbTrend ▲ 55 · 1h · جلسة ممتدة
14:26 KSA · PRE     · signal     · GLW · pbTrend ▼ 71 · 1h · جلسة ممتدة
14:26 KSA · PRE     · signal     · VRT · pbTrend ▼ 62 · 1h · جلسة ممتدة
14:26 KSA · PRE     · signal     · HWM · pbTrend ▼ 90 · 1h · جلسة ممتدة
14:26 KSA · PRE     · signal     · TER · rsiDiv ▼ 89 · 1h · جلسة ممتدة
14:26 KSA · PRE     · signal     · UNI-USD · momo ▲ 81 · 1h
14:26 KSA · PRE     · signal     · UNI-USD · tfAlign ▲ 95 · 1d
14:26 KSA · PRE     · signal     · SUI-USD · tfAlign ▲ 100 · 1d
14:26 KSA · PRE     · signal     · PEPE-USD · rsiDiv ▼ 83 · 1h
14:26 KSA · PRE     · signal     · TAO-USD · rsiDiv ▼ 87 · 1h
14:26 KSA · PRE     · signal     · TAO-USD · momo ▲ 89 · 1h
14:26 KSA · PRE     · signal     · TAO-USD · tfAlign ▲ 87 · 1d
14:26 KSA · PRE     · signal     · THE-USD · momo ▲ 75 · 1h
14:26 KSA · PRE     · signal     · HOLO-USD · momo ▲ 72 · 1h
14:26 KSA · PRE     · signal     · BANK-USD · pbTrend ▼ 64 · 1h
14:26 KSA · PRE     · signal     · BANK-USD · momo ▲ 69 · 1h
14:26 KSA · PRE     · signal     · PENGU-USD · rsiDiv ▼ 89 · 1h
14:26 KSA · PRE     · signal     · PENGU-USD · momo ▲ 92 · 1h
14:26 KSA · PRE     · signal     · PENGU-USD · tfAlign ▲ 76 · 1d
14:26 KSA · PRE     · signal     · ASTER-USD · momo ▲ 94 · 1h
14:28 KSA · PRE     · scanner    · بدء المسح · 1154 رمزاً · الجلسة PRE
14:28 KSA · PRE     · scanner    · ساعة التأكيد مثبَّتة على شمعة 11:00Z (من cbar)
14:33 KSA · PRE     · scanner    · بدء المسح · 1154 رمزاً · الجلسة PRE
14:33 KSA · PRE     · scanner    · ساعة التأكيد مثبَّتة على شمعة 11:15Z (من cbar)
14:34 KSA · PRE     · scanner    · بدء المسح · 1154 رمزاً · الجلسة PRE
14:34 KSA · PRE     · scanner    · ساعة التأكيد مثبَّتة على شمعة 11:15Z (من cbar)
14:40 KSA · PRE     · scanner    · بدء المسح · 1154 رمزاً · الجلسة PRE
14:40 KSA · PRE     · scanner    · ساعة التأكيد مثبَّتة على شمعة 11:15Z (من cbar)
14:42 KSA · PRE     · scanner    · بدء المسح · 1154 رمزاً · الجلسة PRE
14:42 KSA · PRE     · scanner    · ساعة التأكيد مثبَّتة على شمعة 11:15Z (من cbar)
14:44 KSA · PRE     · scanner    · بدء المسح · 1154 رمزاً · الجلسة PRE
14:44 KSA · PRE     · scanner    · ساعة التأكيد مثبَّتة على شمعة 11:15Z (من cbar)
14:48 KSA · PRE     · scanner    · بدء المسح · 1154 رمزاً · الجلسة PRE
14:48 KSA · PRE     · scanner    · ساعة التأكيد مثبَّتة على شمعة 11:30Z (من cbar)
14:49 KSA · PRE     · scanner    · بدء المسح · 1154 رمزاً · الجلسة PRE
14:49 KSA · PRE     · scanner    · ساعة التأكيد مثبَّتة على شمعة 11:30Z (من cbar)
14:55 KSA · PRE     · scanner    · بدء المسح · 1154 رمزاً · الجلسة PRE
14:55 KSA · PRE     · scanner    · ساعة التأكيد مثبَّتة على شمعة 11:30Z (من cbar)
14:55 KSA · PRE     · signal     · META · rsiDiv ▼ 64 · 1h · جلسة ممتدة
14:55 KSA · PRE     · signal     · META · momo ▼ 72 · 1h · جلسة ممتدة
14:55 KSA · PRE     · signal     · CVX · pbTrend ▲ 64 · 1h · جلسة ممتدة
14:55 KSA · PRE     · signal     · KLAC · rsiDiv ▼ 89 · 1h · جلسة ممتدة
14:55 KSA · PRE     · signal     · STX · rsiDiv ▼ 100 · 1h · جلسة ممتدة
14:55 KSA · PRE     · signal     · COP · pbTrend ▲ 55 · 1h · جلسة ممتدة
14:55 KSA · PRE     · signal     · GLW · pbTrend ▼ 71 · 1h · جلسة ممتدة
14:55 KSA · PRE     · signal     · BNB-USD · rsiDiv ▼ 89 · 1h
14:55 KSA · PRE     · signal     · VRT · pbTrend ▼ 62 · 1h · جلسة ممتدة
14:55 KSA · PRE     · signal     · PWR · rsiDiv ▼ 78 · 1h · جلسة ممتدة
14:55 KSA · PRE     · signal     · HON · orb ▲ 58 · 15m · جلسة ممتدة
14:55 KSA · PRE     · signal     · TER · rsiDiv ▼ 83 · 1h · جلسة ممتدة
14:55 KSA · PRE     · signal     · LTC-USD · rsiDiv ▼ 83 · 1h
14:55 KSA · PRE     · signal     · UNI-USD · momo ▲ 81 · 1h
14:55 KSA · PRE     · signal     · UNI-USD · tfAlign ▲ 100 · 1d
14:55 KSA · PRE     · signal     · SUI-USD · tfAlign ▲ 100 · 1d
14:55 KSA · PRE     · signal     · PEPE-USD · rsiDiv ▼ 89 · 1h
14:55 KSA · PRE     · signal     · TAO-USD · rsiDiv ▼ 87 · 1h
14:55 KSA · PRE     · signal     · TAO-USD · momo ▲ 89 · 1h
14:55 KSA · PRE     · signal     · TAO-USD · tfAlign ▲ 87 · 1d
14:55 KSA · PRE     · signal     · THE-USD · momo ▲ 75 · 1h
14:55 KSA · PRE     · signal     · HOLO-USD · momo ▲ 72 · 1h
14:55 KSA · PRE     · signal     · BANK-USD · pbTrend ▼ 64 · 1h
14:55 KSA · PRE     · signal     · BANK-USD · momo ▲ 69 · 1h
14:55 KSA · PRE     · signal     · PENGU-USD · rsiDiv ▼ 100 · 1h
14:55 KSA · PRE     · signal     · PENGU-USD · momo ▲ 92 · 1h
14:55 KSA · PRE     · signal     · PENGU-USD · tfAlign ▲ 76 · 1d
14:55 KSA · PRE     · signal     · ASTER-USD · momo ▲ 94 · 1h
14:56 KSA · PRE     · scanner    · بدء المسح · 1154 رمزاً · الجلسة PRE
14:56 KSA · PRE     · scanner    · ساعة التأكيد مثبَّتة على شمعة 11:30Z (من cbar)
14:58 KSA · PRE     · scanner    · بدء المسح · 1154 رمزاً · الجلسة PRE
14:58 KSA · PRE     · scanner    · ساعة التأكيد مثبَّتة على شمعة 11:30Z (من cbar)
15:05 KSA · PRE     · scanner    · بدء المسح · 1154 رمزاً · الجلسة PRE
15:05 KSA · PRE     · scanner    · ساعة التأكيد مثبَّتة على شمعة 11:45Z (من cbar)
15:11 KSA · PRE     · scanner    · بدء المسح · 1154 رمزاً · الجلسة PRE
15:11 KSA · PRE     · scanner    · ساعة التأكيد مثبَّتة على شمعة 11:45Z (من cbar)
15:12 KSA · PRE     · scanner    · بدء المسح · 1154 رمزاً · الجلسة PRE
15:12 KSA · PRE     · scanner    · ساعة التأكيد مثبَّتة على شمعة 11:45Z (من cbar)
15:14 KSA · PRE     · scanner    · بدء المسح · 1154 رمزاً · الجلسة PRE
15:14 KSA · PRE     · scanner    · ساعة التأكيد مثبَّتة على شمعة 11:45Z (من cbar)
15:18 KSA · PRE     · scanner    · بدء المسح · 1154 رمزاً · الجلسة PRE
15:18 KSA · PRE     · scanner    · ساعة التأكيد مثبَّتة على شمعة 12:00Z (من cbar)
15:19 KSA · PRE     · scanner    · بدء المسح · 1154 رمزاً · الجلسة PRE
15:19 KSA · PRE     · scanner    · ساعة التأكيد مثبَّتة على شمعة 12:00Z (من cbar)
15:20 KSA · PRE     · scanner    · بدء المسح · 1154 رمزاً · الجلسة PRE
15:20 KSA · PRE     · scanner    · ساعة التأكيد مثبَّتة على شمعة 12:00Z (من cbar)
15:26 KSA · PRE     · scanner    · بدء المسح · 1154 رمزاً · الجلسة PRE
15:26 KSA · PRE     · scanner    · ساعة التأكيد مثبَّتة على شمعة 12:00Z (من cbar)
15:26 KSA · PRE     · signal     · AVGO · pbTrend ▼ 64 · 1h · جلسة ممتدة
15:26 KSA · PRE     · signal     · META · rsiDiv ▼ 69 · 1h · جلسة ممتدة
15:26 KSA · PRE     · signal     · META · momo ▼ 72 · 1h · جلسة ممتدة
15:26 KSA · PRE     · signal     · CVX · pbTrend ▲ 64 · 1h · جلسة ممتدة
15:26 KSA · PRE     · signal     · TXN · pbTrend ▼ 57 · 1h · جلسة ممتدة
15:26 KSA · PRE     · signal     · KLAC · rsiDiv ▼ 94 · 1h · جلسة ممتدة
15:26 KSA · PRE     · signal     · STX · rsiDiv ▼ 100 · 1h · جلسة ممتدة
15:26 KSA · PRE     · signal     · COP · pbTrend ▲ 55 · 1h · جلسة ممتدة
15:26 KSA · PRE     · signal     · GLW · pbTrend ▼ 71 · 1h · جلسة ممتدة
15:26 KSA · PRE     · signal     · VRT · pbTrend ▼ 62 · 1h · جلسة ممتدة
15:26 KSA · PRE     · signal     · CDNS · pbTrend ▼ 81 · 1h · جلسة ممتدة
15:26 KSA · PRE     · signal     · CMI · pbTrend ▼ 86 · 1h · جلسة ممتدة
15:26 KSA · PRE     · signal     · TER · rsiDiv ▼ 89 · 1h · جلسة ممتدة
15:26 KSA · PRE     · signal     · FET-USD · sqzExp ▼ 55 · 1h
15:26 KSA · PRE     · signal     · SNDKB-USD · rsiDiv ▼ 78 · 1h
15:26 KSA · PRE     · signal     · UNI-USD · tfAlign ▲ 95 · 1d
15:26 KSA · PRE     · signal     · SUI-USD · tfAlign ▲ 100 · 1d
15:26 KSA · PRE     · signal     · PEPE-USD · rsiDiv ▼ 89 · 1h
15:26 KSA · PRE     · signal     · TAO-USD · rsiDiv ▼ 80 · 1h
15:26 KSA · PRE     · signal     · TAO-USD · momo ▲ 100 · 1h
15:26 KSA · PRE     · signal     · TAO-USD · tfAlign ▲ 87 · 1d
15:26 KSA · PRE     · signal     · THE-USD · momo ▲ 75 · 1h
15:26 KSA · PRE     · signal     · HOLO-USD · sqzExp ▼ 68 · 1h
15:26 KSA · PRE     · signal     · HOLO-USD · momo ▲ 72 · 1h
15:26 KSA · PRE     · signal     · BANK-USD · momo ▲ 69 · 1h
15:26 KSA · PRE     · signal     · PENGU-USD · rsiDiv ▼ 94 · 1h
15:26 KSA · PRE     · signal     · PENGU-USD · tfAlign ▲ 76 · 1d
15:26 KSA · PRE     · signal     · ASTER-USD · momo ▲ 94 · 1h
15:26 KSA · PRE     · signal     · ASTER-USD · tfAlign ▲ 95 · 1d
15:27 KSA · PRE     · scanner    · بدء المسح · 1154 رمزاً · الجلسة PRE
15:27 KSA · PRE     · scanner    · ساعة التأكيد مثبَّتة على شمعة 12:00Z (من cbar)
15:29 KSA · PRE     · scanner    · بدء المسح · 1154 رمزاً · الجلسة PRE
15:29 KSA · PRE     · scanner    · ساعة التأكيد مثبَّتة على شمعة 12:00Z (من cbar)
15:30 KSA · PRE     · scanner    · بدء المسح · 1154 رمزاً · الجلسة PRE
15:30 KSA · PRE     · scanner    · ساعة التأكيد مثبَّتة على شمعة 12:00Z (من cbar)
15:34 KSA · PRE     · scanner    · بدء المسح · 1154 رمزاً · الجلسة PRE
15:34 KSA · PRE     · scanner    · ساعة التأكيد مثبَّتة على شمعة 12:15Z (من cbar)
15:36 KSA · PRE     · scanner    · بدء المسح · 1154 رمزاً · الجلسة PRE
15:36 KSA · PRE     · scanner    · ساعة التأكيد مثبَّتة على شمعة 12:15Z (من cbar)
15:41 KSA · PRE     · scanner    · بدء المسح · 1154 رمزاً · الجلسة PRE
15:41 KSA · PRE     · scanner    · ساعة التأكيد مثبَّتة على شمعة 12:15Z (من cbar)
15:42 KSA · PRE     · scanner    · بدء المسح · 1154 رمزاً · الجلسة PRE
15:42 KSA · PRE     · scanner    · ساعة التأكيد مثبَّتة على شمعة 12:15Z (من cbar)
15:44 KSA · PRE     · scanner    · بدء المسح · 1154 رمزاً · الجلسة PRE
15:44 KSA · PRE     · scanner    · ساعة التأكيد مثبَّتة على شمعة 12:15Z (من cbar)
15:48 KSA · PRE     · scanner    · بدء المسح · 1154 رمزاً · الجلسة PRE
15:48 KSA · PRE     · scanner    · ساعة التأكيد مثبَّتة على شمعة 12:30Z (من cbar)
15:49 KSA · PRE     · scanner    · بدء المسح · 1154 رمزاً · الجلسة PRE
15:49 KSA · PRE     · scanner    · ساعة التأكيد مثبَّتة على شمعة 12:30Z (من cbar)
15:50 KSA · PRE     · scanner    · بدء المسح · 1154 رمزاً · الجلسة PRE
15:50 KSA · PRE     · scanner    · ساعة التأكيد مثبَّتة على شمعة 12:30Z (من cbar)
15:55 KSA · PRE     · scanner    · بدء المسح · 1154 رمزاً · الجلسة PRE
15:55 KSA · PRE     · scanner    · ساعة التأكيد مثبَّتة على شمعة 12:30Z (من cbar)
15:55 KSA · PRE     · signal     · BTC-USD · rsiDiv ▼ 72 · 1h
15:55 KSA · PRE     · signal     · META · rsiDiv ▼ 69 · 1h · جلسة ممتدة
15:55 KSA · PRE     · signal     · META · momo ▼ 72 · 1h · جلسة ممتدة
15:55 KSA · PRE     · signal     · CVX · pbTrend ▲ 64 · 1h · جلسة ممتدة
15:55 KSA · PRE     · signal     · TXN · pbTrend ▼ 57 · 1h · جلسة ممتدة
15:55 KSA · PRE     · signal     · KLAC · rsiDiv ▼ 100 · 1h · جلسة ممتدة
15:55 KSA · PRE     · signal     · STX · rsiDiv ▼ 100 · 1h · جلسة ممتدة
15:55 KSA · PRE     · signal     · COP · pbTrend ▲ 55 · 1h · جلسة ممتدة
15:55 KSA · PRE     · signal     · GLW · pbTrend ▼ 71 · 1h · جلسة ممتدة
15:55 KSA · PRE     · signal     · VRT · pbTrend ▼ 62 · 1h · جلسة ممتدة
15:55 KSA · PRE     · signal     · HON · pbTrend ▼ 67 · 1h · جلسة ممتدة
15:55 KSA · PRE     · signal     · TER · rsiDiv ▼ 78 · 1h · جلسة ممتدة
15:55 KSA · PRE     · signal     · NXPI · pbTrend ▼ 71 · 1h · جلسة ممتدة
15:55 KSA · PRE     · signal     · LTC-USD · rsiDiv ▼ 89 · 1h
15:55 KSA · PRE     · signal     · VTHO-USD · momo ▲ 75 · 1h
15:55 KSA · PRE     · signal     · UNI-USD · tfAlign ▲ 100 · 1d
15:55 KSA · PRE     · signal     · SUI-USD · tfAlign ▲ 100 · 1d
15:55 KSA · PRE     · signal     · TAO-USD · rsiDiv ▼ 73 · 1h
15:55 KSA · PRE     · signal     · TAO-USD · momo ▲ 100 · 1h
15:55 KSA · PRE     · signal     · TAO-USD · tfAlign ▲ 87 · 1d
15:55 KSA · PRE     · signal     · THE-USD · rsiDiv ▼ 56 · 1d
15:55 KSA · PRE     · signal     · THE-USD · momo ▲ 75 · 1h
15:55 KSA · PRE     · signal     · HOLO-USD · sqzExp ▼ 68 · 1h
15:55 KSA · PRE     · signal     · HOLO-USD · momo ▲ 72 · 1h
15:55 KSA · PRE     · signal     · PENGU-USD · rsiDiv ▼ 94 · 1h
15:55 KSA · PRE     · signal     · PENGU-USD · tfAlign ▲ 76 · 1d
15:55 KSA · PRE     · signal     · ASTER-USD · tfAlign ▲ 95 · 1d
15:57 KSA · PRE     · scanner    · بدء المسح · 1154 رمزاً · الجلسة PRE
15:57 KSA · PRE     · scanner    · ساعة التأكيد مثبَّتة على شمعة 12:30Z (من cbar)
15:58 KSA · PRE     · scanner    · بدء المسح · 1154 رمزاً · الجلسة PRE
15:58 KSA · PRE     · scanner    · ساعة التأكيد مثبَّتة على شمعة 12:30Z (من cbar)
16:00 KSA · PRE     · scanner    · بدء المسح · 1154 رمزاً · الجلسة PRE
16:00 KSA · PRE     · scanner    · ساعة التأكيد مثبَّتة على شمعة 12:30Z (من cbar)
16:04 KSA · PRE     · scanner    · بدء المسح · 1154 رمزاً · الجلسة PRE
16:04 KSA · PRE     · scanner    · ساعة التأكيد مثبَّتة على شمعة 12:45Z (من cbar)
16:05 KSA · PRE     · scanner    · بدء المسح · 1154 رمزاً · الجلسة PRE
16:05 KSA · PRE     · scanner    · ساعة التأكيد مثبَّتة على شمعة 12:45Z (من cbar)
16:06 KSA · PRE     · scanner    · بدء المسح · 1154 رمزاً · الجلسة PRE
16:06 KSA · PRE     · scanner    · ساعة التأكيد مثبَّتة على شمعة 12:45Z (من cbar)
16:12 KSA · PRE     · scanner    · بدء المسح · 1154 رمزاً · الجلسة PRE
16:12 KSA · PRE     · scanner    · ساعة التأكيد مثبَّتة على شمعة 12:45Z (من cbar)
16:14 KSA · PRE     · scanner    · بدء المسح · 1154 رمزاً · الجلسة PRE
16:14 KSA · PRE     · scanner    · ساعة التأكيد مثبَّتة على شمعة 12:45Z (من cbar)
16:18 KSA · PRE     · scanner    · بدء المسح · 1154 رمزاً · الجلسة PRE
16:18 KSA · PRE     · scanner    · ساعة التأكيد مثبَّتة على شمعة 13:00Z (من cbar)
16:19 KSA · PRE     · scanner    · بدء المسح · 1154 رمزاً · الجلسة PRE
16:19 KSA · PRE     · scanner    · ساعة التأكيد مثبَّتة على شمعة 13:00Z (من cbar)
16:20 KSA · PRE     · scanner    · بدء المسح · 1154 رمزاً · الجلسة PRE
16:20 KSA · PRE     · scanner    · ساعة التأكيد مثبَّتة على شمعة 13:00Z (من cbar)
16:26 KSA · PRE     · scanner    · بدء المسح · 1154 رمزاً · الجلسة PRE
16:26 KSA · PRE     · scanner    · ساعة التأكيد مثبَّتة على شمعة 13:00Z (من cbar)
16:26 KSA · PRE     · signal     · META · rsiDiv ▼ 69 · 1h · جلسة ممتدة
16:26 KSA · PRE     · signal     · META · momo ▼ 72 · 1h · جلسة ممتدة
16:26 KSA · PRE     · signal     · CVX · pbTrend ▲ 64 · 1h · جلسة ممتدة
16:26 KSA · PRE     · signal     · TXN · pbTrend ▼ 57 · 1h · جلسة ممتدة
16:26 KSA · PRE     · signal     · KLAC · rsiDiv ▼ 100 · 1h · جلسة ممتدة
16:26 KSA · PRE     · signal     · STX · rsiDiv ▼ 100 · 1h · جلسة ممتدة
16:26 KSA · PRE     · signal     · COP · pbTrend ▲ 55 · 1h · جلسة ممتدة
16:26 KSA · PRE     · signal     · GLW · pbTrend ▼ 71 · 1h · جلسة ممتدة
16:26 KSA · PRE     · signal     · VRT · pbTrend ▼ 62 · 1h · جلسة ممتدة
16:26 KSA · PRE     · signal     · HWM · pbTrend ▼ 90 · 1h · جلسة ممتدة
16:26 KSA · PRE     · signal     · CMI · pbTrend ▼ 86 · 1h · جلسة ممتدة
16:26 KSA · PRE     · signal     · TER · rsiDiv ▼ 89 · 1h · جلسة ممتدة
16:26 KSA · PRE     · signal     · NXPI · pbTrend ▼ 71 · 1h · جلسة ممتدة
16:26 KSA · PRE     · signal     · ADA-USD · sqzExp ▲ 60 · 1h
16:26 KSA · PRE     · signal     · LTC-USD · rsiDiv ▼ 72 · 1h
16:26 KSA · PRE     · signal     · HBAR-USD · sqzExp ▼ 57 · 1h
16:26 KSA · PRE     · signal     · WLD-USD · rsiDiv ▼ 72 · 1h
16:26 KSA · PRE     · signal     · UNI-USD · tfAlign ▲ 100 · 1d
16:26 KSA · PRE     · signal     · SUI-USD · momo ▲ 89 · 1h
16:26 KSA · PRE     · signal     · SUI-USD · tfAlign ▲ 100 · 1d
16:26 KSA · PRE     · signal     · U-USD · pbTrend ▲ 71 · 1h
16:26 KSA · PRE     · signal     · U-USD · rsiDiv ▲ 58 · 1h
16:26 KSA · PRE     · signal     · TAO-USD · rsiDiv ▼ 73 · 1h
16:26 KSA · PRE     · signal     · TAO-USD · momo ▲ 89 · 1h
16:26 KSA · PRE     · signal     · TAO-USD · tfAlign ▲ 87 · 1d
16:26 KSA · PRE     · signal     · HOLO-USD · sqzExp ▼ 60 · 1h
16:26 KSA · PRE     · signal     · HOLO-USD · momo ▲ 72 · 1h
16:26 KSA · PRE     · signal     · PENGU-USD · tfAlign ▲ 76 · 1d
16:26 KSA · PRE     · signal     · ASTER-USD · tfAlign ▲ 100 · 1d
16:28 KSA · PRE     · scanner    · بدء المسح · 1154 رمزاً · الجلسة PRE
16:28 KSA · PRE     · scanner    · ساعة التأكيد مثبَّتة على شمعة 13:00Z (من cbar)
16:30 KSA · REGULAR · scanner    · بدء المسح · 1154 رمزاً · الجلسة REGULAR
16:30 KSA · REGULAR · scanner    · ساعة التأكيد مثبَّتة على شمعة 13:00Z (من cbar)
16:30 KSA · REGULAR · signal     · XOM · volSpike ▲ 78 · 15m
16:30 KSA · REGULAR · signal     · CAT · volSpike ▲ 83 · 15m
16:30 KSA · REGULAR · signal     · SPGI · volSpike ▲ 56 · 15m
16:30 KSA · REGULAR · signal     · ADP · volSpike ▲ 61 · 15m
16:30 KSA · REGULAR · signal     · SYK · meanRev ▲ 65 · 15m
16:34 KSA · REGULAR · scanner    · بدء المسح · 1154 رمزاً · الجلسة REGULAR
16:34 KSA · REGULAR · scanner    · ساعة التأكيد مثبَّتة على شمعة 13:15Z (من cbar)
16:36 KSA · REGULAR · scanner    · بدء المسح · 1154 رمزاً · الجلسة REGULAR
16:36 KSA · REGULAR · scanner    · ساعة التأكيد مثبَّتة على شمعة 13:15Z (من cbar)
16:42 KSA · REGULAR · scanner    · بدء المسح · 1154 رمزاً · الجلسة REGULAR
16:42 KSA · REGULAR · scanner    · ساعة التأكيد مثبَّتة على شمعة 13:15Z (من cbar)
16:44 KSA · REGULAR · scanner    · بدء المسح · 1154 رمزاً · الجلسة REGULAR
16:44 KSA · REGULAR · scanner    · ساعة التأكيد مثبَّتة على شمعة 13:15Z (من cbar)
16:48 KSA · REGULAR · scanner    · بدء المسح · 1154 رمزاً · الجلسة REGULAR
16:48 KSA · REGULAR · scanner    · ساعة التأكيد مثبَّتة على شمعة 13:30Z (من cbar)
16:49 KSA · REGULAR · scanner    · بدء المسح · 1154 رمزاً · الجلسة REGULAR
16:49 KSA · REGULAR · scanner    · ساعة التأكيد مثبَّتة على شمعة 13:30Z (من cbar)
16:56 KSA · REGULAR · scanner    · بدء المسح · 1154 رمزاً · الجلسة REGULAR
16:56 KSA · REGULAR · scanner    · ساعة التأكيد مثبَّتة على شمعة 13:30Z (من cbar)
16:56 KSA · REGULAR · signal     · AMD · sqzExp ▲ 94 · 1d
16:56 KSA · REGULAR · signal     · CVX · meanRev ▲ 60 · 15m
16:56 KSA · REGULAR · signal     · NFLX · sqzExp ▼ 84 · 1d
16:56 KSA · REGULAR · signal     · HD · sqzExp ▼ 59 · 1d
16:56 KSA · REGULAR · signal     · CB · rsiDiv ▲ 58 · 1d
16:56 KSA · REGULAR · signal     · INTU · sqzExp ▼ 84 · 1d
16:56 KSA · REGULAR · signal     · NKE · sqzExp ▼ 56 · 1d
16:56 KSA · REGULAR · signal     · ON · rsiDiv ▲ 89 · 1d
16:56 KSA · REGULAR · signal     · FET-USD · sqzExp ▼ 55 · 1h
16:56 KSA · REGULAR · signal     · CRCLB-USD · rsiDiv ▼ 61 · 1h
16:56 KSA · REGULAR · signal     · BNCB-USD · momo ▼ 83 · 1h
16:56 KSA · REGULAR · signal     · UNI-USD · tfAlign ▲ 95 · 1d
16:56 KSA · REGULAR · signal     · SUI-USD · momo ▲ 89 · 1h
16:56 KSA · REGULAR · signal     · SUI-USD · tfAlign ▲ 100 · 1d
16:56 KSA · REGULAR · signal     · U-USD · pbTrend ▲ 71 · 1h
16:56 KSA · REGULAR · signal     · U-USD · rsiDiv ▲ 58 · 1h
16:56 KSA · REGULAR · signal     · TAO-USD · rsiDiv ▼ 80 · 1h
16:56 KSA · REGULAR · signal     · TAO-USD · tfAlign ▲ 87 · 1d
16:56 KSA · REGULAR · signal     · THE-USD · rsiDiv ▼ 56 · 1d
16:56 KSA · REGULAR · signal     · HOLO-USD · sqzExp ▼ 60 · 1h
16:57 KSA · REGULAR · scanner    · بدء المسح · 1154 رمزاً · الجلسة REGULAR
16:57 KSA · REGULAR · scanner    · ساعة التأكيد مثبَّتة على شمعة 13:30Z (من cbar)
16:59 KSA · REGULAR · scanner    · بدء المسح · 1154 رمزاً · الجلسة REGULAR
16:59 KSA · REGULAR · scanner    · ساعة التأكيد مثبَّتة على شمعة 13:30Z (من cbar)
17:00 KSA · REGULAR · scanner    · بدء المسح · 1154 رمزاً · الجلسة REGULAR
17:00 KSA · REGULAR · scanner    · ساعة التأكيد مثبَّتة على شمعة 13:30Z (من cbar)
17:04 KSA · REGULAR · scanner    · بدء المسح · 1154 رمزاً · الجلسة REGULAR
17:04 KSA · REGULAR · scanner    · ساعة التأكيد مثبَّتة على شمعة 13:45Z (من cbar)
17:05 KSA · REGULAR · scanner    · بدء المسح · 1154 رمزاً · الجلسة REGULAR
17:05 KSA · REGULAR · scanner    · ساعة التأكيد مثبَّتة على شمعة 13:45Z (من cbar)
17:06 KSA · REGULAR · scanner    · بدء المسح · 1154 رمزاً · الجلسة REGULAR
17:06 KSA · REGULAR · scanner    · ساعة التأكيد مثبَّتة على شمعة 13:45Z (من cbar)
17:11 KSA · REGULAR · scanner    · بدء المسح · 1154 رمزاً · الجلسة REGULAR
17:11 KSA · REGULAR · scanner    · ساعة التأكيد مثبَّتة على شمعة 13:45Z (من cbar)
17:12 KSA · REGULAR · scanner    · بدء المسح · 1154 رمزاً · الجلسة REGULAR
17:12 KSA · REGULAR · scanner    · ساعة التأكيد مثبَّتة على شمعة 13:45Z (من cbar)
17:14 KSA · REGULAR · scanner    · بدء المسح · 1154 رمزاً · الجلسة REGULAR
17:14 KSA · REGULAR · scanner    · ساعة التأكيد مثبَّتة على شمعة 13:45Z (من cbar)
17:18 KSA · REGULAR · scanner    · بدء المسح · 1154 رمزاً · الجلسة REGULAR
17:18 KSA · REGULAR · scanner    · ساعة التأكيد مثبَّتة على شمعة 14:00Z (من cbar)
17:20 KSA · REGULAR · scanner    · بدء المسح · 1154 رمزاً · الجلسة REGULAR
17:20 KSA · REGULAR · scanner    · ساعة التأكيد مثبَّتة على شمعة 14:00Z (من cbar)
17:26 KSA · REGULAR · scanner    · بدء المسح · 1154 رمزاً · الجلسة REGULAR
17:26 KSA · REGULAR · scanner    · ساعة التأكيد مثبَّتة على شمعة 14:00Z (من cbar)
17:26 KSA · REGULAR · signal     · PLTR · rsiDiv ▼ 89 · 1d
17:26 KSA · REGULAR · signal     · COP · rsiDiv ▼ 69 · 1d
17:26 KSA · REGULAR · signal     · FET-USD · sqzExp ▼ 55 · 1h
17:26 KSA · REGULAR · signal     · SPCXB-USD · momo ▲ 72 · 1h
17:26 KSA · REGULAR · signal     · MSTRB-USD · sqzExp ▲ 75 · 1h
17:26 KSA · REGULAR · signal     · MUB-USD · momo ▲ 81 · 1h
17:26 KSA · REGULAR · signal     · SNDKB-USD · pbTrend ▲ 90 · 1h
17:26 KSA · REGULAR · signal     · SNDKB-USD · rsiDiv ▼ 81 · 1h
17:26 KSA · REGULAR · signal     · SNXXB-USD · pbTrend ▲ 74 · 1h
17:26 KSA · REGULAR · signal     · SUI-USD · tfAlign ▲ 100 · 1d
17:26 KSA · REGULAR · signal     · U-USD · pbTrend ▲ 67 · 1h
17:26 KSA · REGULAR · signal     · U-USD · rsiDiv ▲ 72 · 1h
17:26 KSA · REGULAR · signal     · PEPE-USD · rsiDiv ▼ 89 · 1h
17:26 KSA · REGULAR · signal     · TAO-USD · rsiDiv ▼ 73 · 1h
17:26 KSA · REGULAR · signal     · TAO-USD · tfAlign ▲ 87 · 1d
17:26 KSA · REGULAR · signal     · PENGU-USD · tfAlign ▲ 66 · 1d
17:28 KSA · REGULAR · scanner    · بدء المسح · 1154 رمزاً · الجلسة REGULAR
17:28 KSA · REGULAR · scanner    · ساعة التأكيد مثبَّتة على شمعة 14:00Z (من cbar)
17:30 KSA · REGULAR · scanner    · بدء المسح · 1154 رمزاً · الجلسة REGULAR
17:30 KSA · REGULAR · scanner    · ساعة التأكيد مثبَّتة على شمعة 14:00Z (من cbar)
17:32 KSA · REGULAR · scanner    · بدء المسح · 1154 رمزاً · الجلسة REGULAR
17:32 KSA · REGULAR · scanner    · ساعة التأكيد مثبَّتة على شمعة 14:15Z (من cbar)
17:33 KSA · REGULAR · scanner    · بدء المسح · 1154 رمزاً · الجلسة REGULAR
17:33 KSA · REGULAR · scanner    · ساعة التأكيد مثبَّتة على شمعة 14:15Z (من cbar)
17:34 KSA · REGULAR · scanner    · بدء المسح · 1154 رمزاً · الجلسة REGULAR
17:34 KSA · REGULAR · scanner    · ساعة التأكيد مثبَّتة على شمعة 14:15Z (من cbar)
17:36 KSA · REGULAR · scanner    · بدء المسح · 1154 رمزاً · الجلسة REGULAR
17:36 KSA · REGULAR · scanner    · ساعة التأكيد مثبَّتة على شمعة 14:15Z (من cbar)
17:39 KSA · REGULAR · scanner    · بدء المسح · 1154 رمزاً · الجلسة REGULAR
17:39 KSA · REGULAR · scanner    · ساعة التأكيد مثبَّتة على شمعة 14:15Z (من cbar)
17:40 KSA · REGULAR · scanner    · بدء المسح · 1154 رمزاً · الجلسة REGULAR
17:40 KSA · REGULAR · scanner    · ساعة التأكيد مثبَّتة على شمعة 14:15Z (من cbar)
17:42 KSA · REGULAR · scanner    · بدء المسح · 1154 رمزاً · الجلسة REGULAR
17:42 KSA · REGULAR · scanner    · ساعة التأكيد مثبَّتة على شمعة 14:15Z (من cbar)
17:44 KSA · REGULAR · scanner    · بدء المسح · 1154 رمزاً · الجلسة REGULAR
17:44 KSA · REGULAR · scanner    · ساعة التأكيد مثبَّتة على شمعة 14:15Z (من cbar)
17:45 KSA · REGULAR · scanner    · بدء المسح · 1154 رمزاً · الجلسة REGULAR
17:45 KSA · REGULAR · scanner    · ساعة التأكيد مثبَّتة على شمعة 14:30Z (من cbar)
17:47 KSA · REGULAR · scanner    · بدء المسح · 1154 رمزاً · الجلسة REGULAR
17:47 KSA · REGULAR · scanner    · ساعة التأكيد مثبَّتة على شمعة 14:30Z (من cbar)
17:48 KSA · REGULAR · scanner    · بدء المسح · 1154 رمزاً · الجلسة REGULAR
17:48 KSA · REGULAR · scanner    · ساعة التأكيد مثبَّتة على شمعة 14:30Z (من cbar)
17:53 KSA · REGULAR · scanner    · بدء المسح · 1154 رمزاً · الجلسة REGULAR
17:53 KSA · REGULAR · scanner    · ساعة التأكيد مثبَّتة على شمعة 14:30Z (من cbar)
17:53 KSA · REGULAR · signal     · BTC-USD · rsiDiv ▼ 72 · 1h
17:53 KSA · REGULAR · signal     · SNDKB-USD · rsiDiv ▼ 81 · 1h
17:53 KSA · REGULAR · signal     · SUI-USD · tfAlign ▲ 100 · 1d
17:53 KSA · REGULAR · signal     · U-USD · pbTrend ▲ 67 · 1h
17:53 KSA · REGULAR · signal     · U-USD · rsiDiv ▲ 72 · 1h
17:53 KSA · REGULAR · signal     · TAO-USD · rsiDiv ▼ 73 · 1h
17:53 KSA · REGULAR · signal     · TAO-USD · tfAlign ▲ 87 · 1d
17:53 KSA · REGULAR · signal     · THE-USD · rsiDiv ▼ 56 · 1d
17:53 KSA · REGULAR · signal     · PENGU-USD · tfAlign ▲ 76 · 1d
17:54 KSA · REGULAR · scanner    · بدء المسح · 1154 رمزاً · الجلسة REGULAR
17:54 KSA · REGULAR · scanner    · ساعة التأكيد مثبَّتة على شمعة 14:30Z (من cbar)
17:56 KSA · REGULAR · scanner    · بدء المسح · 1154 رمزاً · الجلسة REGULAR
17:56 KSA · REGULAR · scanner    · ساعة التأكيد مثبَّتة على شمعة 14:30Z (من cbar)
17:58 KSA · REGULAR · scanner    · بدء المسح · 1154 رمزاً · الجلسة REGULAR
17:58 KSA · REGULAR · scanner    · ساعة التأكيد مثبَّتة على شمعة 14:30Z (من cbar)
18:00 KSA · REGULAR · scanner    · بدء المسح · 1154 رمزاً · الجلسة REGULAR
18:00 KSA · REGULAR · scanner    · ساعة التأكيد مثبَّتة على شمعة 14:30Z (من cbar)
18:01 KSA · REGULAR · scanner    · بدء المسح · 1154 رمزاً · الجلسة REGULAR
18:01 KSA · REGULAR · scanner    · ساعة التأكيد مثبَّتة على شمعة 14:45Z (من cbar)
18:02 KSA · REGULAR · scanner    · بدء المسح · 1154 رمزاً · الجلسة REGULAR
18:02 KSA · REGULAR · scanner    · ساعة التأكيد مثبَّتة على شمعة 14:45Z (من cbar)
18:04 KSA · REGULAR · scanner    · بدء المسح · 1154 رمزاً · الجلسة REGULAR
18:04 KSA · REGULAR · scanner    · ساعة التأكيد مثبَّتة على شمعة 14:45Z (من cbar)
18:06 KSA · REGULAR · scanner    · بدء المسح · 1154 رمزاً · الجلسة REGULAR
18:06 KSA · REGULAR · scanner    · ساعة التأكيد مثبَّتة على شمعة 14:45Z (من cbar)
18:09 KSA · REGULAR · scanner    · بدء المسح · 1154 رمزاً · الجلسة REGULAR
18:09 KSA · REGULAR · scanner    · ساعة التأكيد مثبَّتة على شمعة 14:45Z (من cbar)
18:10 KSA · REGULAR · scanner    · بدء المسح · 1154 رمزاً · الجلسة REGULAR
18:10 KSA · REGULAR · scanner    · ساعة التأكيد مثبَّتة على شمعة 14:45Z (من cbar)
18:12 KSA · REGULAR · scanner    · بدء المسح · 1154 رمزاً · الجلسة REGULAR
18:12 KSA · REGULAR · scanner    · ساعة التأكيد مثبَّتة على شمعة 14:45Z (من cbar)
18:14 KSA · REGULAR · scanner    · بدء المسح · 1154 رمزاً · الجلسة REGULAR
18:14 KSA · REGULAR · scanner    · ساعة التأكيد مثبَّتة على شمعة 14:45Z (من cbar)
18:15 KSA · REGULAR · scanner    · بدء المسح · 1154 رمزاً · الجلسة REGULAR
18:15 KSA · REGULAR · scanner    · ساعة التأكيد مثبَّتة على شمعة 15:00Z (من cbar)
18:16 KSA · REGULAR · scanner    · بدء المسح · 1154 رمزاً · الجلسة REGULAR
18:16 KSA · REGULAR · scanner    · ساعة التأكيد مثبَّتة على شمعة 15:00Z (من cbar)
18:18 KSA · REGULAR · scanner    · بدء المسح · 1154 رمزاً · الجلسة REGULAR
18:18 KSA · REGULAR · scanner    · ساعة التأكيد مثبَّتة على شمعة 15:00Z (من cbar)
18:23 KSA · REGULAR · scanner    · بدء المسح · 1154 رمزاً · الجلسة REGULAR
18:23 KSA · REGULAR · scanner    · ساعة التأكيد مثبَّتة على شمعة 15:00Z (من cbar)
18:23 KSA · REGULAR · signal     · GRAM-USD · sqzExp ▲ 75 · 1h
18:23 KSA · REGULAR · signal     · DASH-USD · sqzExp ▼ 60 · 1h
18:23 KSA · REGULAR · signal     · DASH-USD · momo ▲ 100 · 1h
18:23 KSA · REGULAR · signal     · VTHO-USD · momo ▲ 100 · 1h
18:23 KSA · REGULAR · signal     · SNXXB-USD · momo ▲ 58 · 1h
18:23 KSA · REGULAR · signal     · SUI-USD · tfAlign ▲ 95 · 1d
18:23 KSA · REGULAR · signal     · U-USD · pbTrend ▲ 81 · 1h
18:23 KSA · REGULAR · signal     · U-USD · rsiDiv ▲ 64 · 1h
18:23 KSA · REGULAR · signal     · TAO-USD · rsiDiv ▼ 72 · 1d
18:23 KSA · REGULAR · signal     · TAO-USD · tfAlign ▲ 87 · 1d
18:23 KSA · REGULAR · signal     · PENGU-USD · momo ▲ 92 · 1h
18:23 KSA · REGULAR · signal     · PENGU-USD · tfAlign ▲ 76 · 1d
18:23 KSA · REGULAR · signal     · ASTER-USD · tfAlign ▲ 100 · 1d
18:24 KSA · REGULAR · scanner    · بدء المسح · 1154 رمزاً · الجلسة REGULAR
18:24 KSA · REGULAR · scanner    · ساعة التأكيد مثبَّتة على شمعة 15:00Z (من cbar)
18:26 KSA · REGULAR · scanner    · بدء المسح · 1154 رمزاً · الجلسة REGULAR
18:26 KSA · REGULAR · scanner    · ساعة التأكيد مثبَّتة على شمعة 15:00Z (من cbar)
18:28 KSA · REGULAR · scanner    · بدء المسح · 1154 رمزاً · الجلسة REGULAR
18:28 KSA · REGULAR · scanner    · ساعة التأكيد مثبَّتة على شمعة 15:00Z (من cbar)
18:30 KSA · REGULAR · scanner    · بدء المسح · 1154 رمزاً · الجلسة REGULAR
18:30 KSA · REGULAR · scanner    · ساعة التأكيد مثبَّتة على شمعة 15:00Z (من cbar)
18:31 KSA · REGULAR · scanner    · بدء المسح · 1154 رمزاً · الجلسة REGULAR
18:31 KSA · REGULAR · scanner    · ساعة التأكيد مثبَّتة على شمعة 15:15Z (من cbar)
18:32 KSA · REGULAR · scanner    · بدء المسح · 1154 رمزاً · الجلسة REGULAR
18:32 KSA · REGULAR · scanner    · ساعة التأكيد مثبَّتة على شمعة 15:15Z (من cbar)
18:34 KSA · REGULAR · scanner    · بدء المسح · 1154 رمزاً · الجلسة REGULAR
18:34 KSA · REGULAR · scanner    · ساعة التأكيد مثبَّتة على شمعة 15:15Z (من cbar)
18:36 KSA · REGULAR · scanner    · بدء المسح · 1154 رمزاً · الجلسة REGULAR
18:36 KSA · REGULAR · scanner    · ساعة التأكيد مثبَّتة على شمعة 15:15Z (من cbar)
18:39 KSA · REGULAR · scanner    · بدء المسح · 1154 رمزاً · الجلسة REGULAR
18:39 KSA · REGULAR · scanner    · ساعة التأكيد مثبَّتة على شمعة 15:15Z (من cbar)
18:40 KSA · REGULAR · scanner    · بدء المسح · 1154 رمزاً · الجلسة REGULAR
18:40 KSA · REGULAR · scanner    · ساعة التأكيد مثبَّتة على شمعة 15:15Z (من cbar)
18:42 KSA · REGULAR · scanner    · بدء المسح · 1154 رمزاً · الجلسة REGULAR
18:42 KSA · REGULAR · scanner    · ساعة التأكيد مثبَّتة على شمعة 15:15Z (من cbar)
18:44 KSA · REGULAR · scanner    · بدء المسح · 1154 رمزاً · الجلسة REGULAR
18:44 KSA · REGULAR · scanner    · ساعة التأكيد مثبَّتة على شمعة 15:15Z (من cbar)
18:45 KSA · REGULAR · scanner    · بدء المسح · 1154 رمزاً · الجلسة REGULAR
18:45 KSA · REGULAR · scanner    · ساعة التأكيد مثبَّتة على شمعة 15:30Z (من cbar)
18:46 KSA · REGULAR · scanner    · بدء المسح · 1154 رمزاً · الجلسة REGULAR
18:46 KSA · REGULAR · scanner    · ساعة التأكيد مثبَّتة على شمعة 15:30Z (من cbar)
18:48 KSA · REGULAR · scanner    · بدء المسح · 1154 رمزاً · الجلسة REGULAR
18:48 KSA · REGULAR · scanner    · ساعة التأكيد مثبَّتة على شمعة 15:30Z (من cbar)
18:53 KSA · REGULAR · scanner    · بدء المسح · 1154 رمزاً · الجلسة REGULAR
18:53 KSA · REGULAR · scanner    · ساعة التأكيد مثبَّتة على شمعة 15:30Z (من cbar)
18:53 KSA · REGULAR · signal     · UNI-USD · tfAlign ▲ 95 · 1d
18:53 KSA · REGULAR · signal     · SUI-USD · tfAlign ▲ 89 · 1d
18:53 KSA · REGULAR · signal     · U-USD · pbTrend ▲ 81 · 1h
18:53 KSA · REGULAR · signal     · U-USD · rsiDiv ▲ 69 · 1h
18:53 KSA · REGULAR · signal     · TAO-USD · rsiDiv ▼ 78 · 1d
18:53 KSA · REGULAR · signal     · TAO-USD · tfAlign ▲ 87 · 1d
18:53 KSA · REGULAR · signal     · THE-USD · rsiDiv ▼ 56 · 1d
18:53 KSA · REGULAR · signal     · PENGU-USD · momo ▲ 92 · 1h
18:53 KSA · REGULAR · signal     · PENGU-USD · tfAlign ▲ 76 · 1d
18:55 KSA · REGULAR · scanner    · بدء المسح · 1154 رمزاً · الجلسة REGULAR
18:55 KSA · REGULAR · scanner    · ساعة التأكيد مثبَّتة على شمعة 15:30Z (من cbar)
18:56 KSA · REGULAR · scanner    · بدء المسح · 1154 رمزاً · الجلسة REGULAR
18:56 KSA · REGULAR · scanner    · ساعة التأكيد مثبَّتة على شمعة 15:30Z (من cbar)
18:58 KSA · REGULAR · scanner    · بدء المسح · 1154 رمزاً · الجلسة REGULAR
18:58 KSA · REGULAR · scanner    · ساعة التأكيد مثبَّتة على شمعة 15:30Z (من cbar)
19:00 KSA · REGULAR · scanner    · بدء المسح · 1154 رمزاً · الجلسة REGULAR
19:00 KSA · REGULAR · scanner    · ساعة التأكيد مثبَّتة على شمعة 15:30Z (من cbar)
19:01 KSA · REGULAR · scanner    · بدء المسح · 1154 رمزاً · الجلسة REGULAR
19:01 KSA · REGULAR · scanner    · ساعة التأكيد مثبَّتة على شمعة 15:45Z (من cbar)
19:02 KSA · REGULAR · scanner    · بدء المسح · 1154 رمزاً · الجلسة REGULAR
19:02 KSA · REGULAR · scanner    · ساعة التأكيد مثبَّتة على شمعة 15:45Z (من cbar)
19:04 KSA · REGULAR · scanner    · بدء المسح · 1154 رمزاً · الجلسة REGULAR
19:04 KSA · REGULAR · scanner    · ساعة التأكيد مثبَّتة على شمعة 15:45Z (من cbar)
19:08 KSA · REGULAR · scanner    · بدء المسح · 1154 رمزاً · الجلسة REGULAR
19:08 KSA · REGULAR · scanner    · ساعة التأكيد مثبَّتة على شمعة 15:45Z (من cbar)
19:10 KSA · REGULAR · scanner    · بدء المسح · 1154 رمزاً · الجلسة REGULAR
19:10 KSA · REGULAR · scanner    · ساعة التأكيد مثبَّتة على شمعة 15:45Z (من cbar)
19:12 KSA · REGULAR · scanner    · بدء المسح · 1154 رمزاً · الجلسة REGULAR
19:12 KSA · REGULAR · scanner    · ساعة التأكيد مثبَّتة على شمعة 15:45Z (من cbar)
19:14 KSA · REGULAR · scanner    · بدء المسح · 1154 رمزاً · الجلسة REGULAR
19:14 KSA · REGULAR · scanner    · ساعة التأكيد مثبَّتة على شمعة 15:45Z (من cbar)
19:16 KSA · REGULAR · scanner    · بدء المسح · 1154 رمزاً · الجلسة REGULAR
19:16 KSA · REGULAR · scanner    · ساعة التأكيد مثبَّتة على شمعة 16:00Z (من cbar)
19:16 KSA · REGULAR · scanner    · بدء المسح · 1154 رمزاً · الجلسة REGULAR
19:16 KSA · REGULAR · scanner    · ساعة التأكيد مثبَّتة على شمعة 16:00Z (من cbar)
19:18 KSA · REGULAR · scanner    · بدء المسح · 1154 رمزاً · الجلسة REGULAR
19:18 KSA · REGULAR · scanner    · ساعة التأكيد مثبَّتة على شمعة 16:00Z (من cbar)
19:23 KSA · REGULAR · scanner    · بدء المسح · 1154 رمزاً · الجلسة REGULAR
19:23 KSA · REGULAR · scanner    · ساعة التأكيد مثبَّتة على شمعة 16:00Z (من cbar)
19:23 KSA · REGULAR · signal     · BNB-USD · rsiDiv ▼ 67 · 1h
19:23 KSA · REGULAR · signal     · NEAR-USD · pbTrend ▲ 95 · 1h
19:23 KSA · REGULAR · signal     · UNI-USD · tfAlign ▲ 100 · 1d
19:23 KSA · REGULAR · signal     · SUI-USD · tfAlign ▲ 100 · 1d
19:23 KSA · REGULAR · signal     · TAO-USD · rsiDiv ▼ 78 · 1d
19:23 KSA · REGULAR · signal     · TAO-USD · tfAlign ▲ 87 · 1d
19:23 KSA · REGULAR · signal     · BANK-USD · momo ▲ 75 · 1h
19:23 KSA · REGULAR · signal     · PENGU-USD · momo ▲ 89 · 1h
19:23 KSA · REGULAR · signal     · PENGU-USD · tfAlign ▲ 87 · 1d
19:23 KSA · REGULAR · signal     · WLFI-USD · sqzExp ▼ 90 · 1h
19:23 KSA · REGULAR · signal     · WLFI-USD · tfAlign ▼ 79 · 1d
19:24 KSA · REGULAR · scanner    · بدء المسح · 1154 رمزاً · الجلسة REGULAR
19:24 KSA · REGULAR · scanner    · ساعة التأكيد مثبَّتة على شمعة 16:00Z (من cbar)
19:26 KSA · REGULAR · scanner    · بدء المسح · 1154 رمزاً · الجلسة REGULAR
19:26 KSA · REGULAR · scanner    · ساعة التأكيد مثبَّتة على شمعة 16:00Z (من cbar)
19:28 KSA · REGULAR · scanner    · بدء المسح · 1154 رمزاً · الجلسة REGULAR
19:28 KSA · REGULAR · scanner    · ساعة التأكيد مثبَّتة على شمعة 16:00Z (من cbar)
19:30 KSA · REGULAR · scanner    · بدء المسح · 1154 رمزاً · الجلسة REGULAR
19:30 KSA · REGULAR · scanner    · ساعة التأكيد مثبَّتة على شمعة 16:15Z (من cbar)
19:31 KSA · REGULAR · scanner    · بدء المسح · 1154 رمزاً · الجلسة REGULAR
19:31 KSA · REGULAR · scanner    · ساعة التأكيد مثبَّتة على شمعة 16:15Z (من cbar)
19:32 KSA · REGULAR · scanner    · بدء المسح · 1154 رمزاً · الجلسة REGULAR
19:32 KSA · REGULAR · scanner    · ساعة التأكيد مثبَّتة على شمعة 16:15Z (من cbar)
19:34 KSA · REGULAR · scanner    · بدء المسح · 1154 رمزاً · الجلسة REGULAR
19:34 KSA · REGULAR · scanner    · ساعة التأكيد مثبَّتة على شمعة 16:15Z (من cbar)
19:39 KSA · REGULAR · scanner    · بدء المسح · 1154 رمزاً · الجلسة REGULAR
19:39 KSA · REGULAR · scanner    · ساعة التأكيد مثبَّتة على شمعة 16:15Z (من cbar)
19:40 KSA · REGULAR · scanner    · بدء المسح · 1154 رمزاً · الجلسة REGULAR
19:40 KSA · REGULAR · scanner    · ساعة التأكيد مثبَّتة على شمعة 16:15Z (من cbar)
19:42 KSA · REGULAR · scanner    · بدء المسح · 1154 رمزاً · الجلسة REGULAR
19:42 KSA · REGULAR · scanner    · ساعة التأكيد مثبَّتة على شمعة 16:15Z (من cbar)
19:44 KSA · REGULAR · scanner    · بدء المسح · 1154 رمزاً · الجلسة REGULAR
19:44 KSA · REGULAR · scanner    · ساعة التأكيد مثبَّتة على شمعة 16:15Z (من cbar)
19:45 KSA · REGULAR · scanner    · بدء المسح · 1154 رمزاً · الجلسة REGULAR
19:45 KSA · REGULAR · scanner    · ساعة التأكيد مثبَّتة على شمعة 16:30Z (من cbar)
19:46 KSA · REGULAR · scanner    · بدء المسح · 1154 رمزاً · الجلسة REGULAR
19:46 KSA · REGULAR · scanner    · ساعة التأكيد مثبَّتة على شمعة 16:30Z (من cbar)
19:48 KSA · REGULAR · scanner    · بدء المسح · 1154 رمزاً · الجلسة REGULAR
19:48 KSA · REGULAR · scanner    · ساعة التأكيد مثبَّتة على شمعة 16:30Z (من cbar)
19:50 KSA · REGULAR · scanner    · بدء المسح · 1154 رمزاً · الجلسة REGULAR
19:50 KSA · REGULAR · scanner    · ساعة التأكيد مثبَّتة على شمعة 16:30Z (من cbar)
19:54 KSA · REGULAR · scanner    · بدء المسح · 1154 رمزاً · الجلسة REGULAR
19:54 KSA · REGULAR · scanner    · ساعة التأكيد مثبَّتة على شمعة 16:30Z (من cbar)
19:54 KSA · REGULAR · signal     · SNDKB-USD · pbTrend ▲ 67 · 1h
19:54 KSA · REGULAR · signal     · SNXXB-USD · pbTrend ▲ 67 · 1h
19:54 KSA · REGULAR · signal     · SNXXB-USD · rsiDiv ▲ 67 · 1h
19:54 KSA · REGULAR · signal     · SNXXB-USD · momo ▼ 83 · 1h
19:54 KSA · REGULAR · signal     · UNI-USD · tfAlign ▲ 100 · 1d
19:54 KSA · REGULAR · signal     · TAO-USD · rsiDiv ▼ 72 · 1d
19:54 KSA · REGULAR · signal     · TAO-USD · tfAlign ▲ 87 · 1d
19:54 KSA · REGULAR · signal     · THE-USD · rsiDiv ▼ 56 · 1d
19:54 KSA · REGULAR · signal     · BANK-USD · momo ▲ 75 · 1h
19:54 KSA · REGULAR · signal     · PENGU-USD · momo ▲ 89 · 1h
19:54 KSA · REGULAR · signal     · PENGU-USD · tfAlign ▲ 87 · 1d
19:54 KSA · REGULAR · signal     · WLFI-USD · sqzExp ▼ 90 · 1h
19:54 KSA · REGULAR · signal     · WLFI-USD · tfAlign ▼ 79 · 1d
19:55 KSA · REGULAR · scanner    · بدء المسح · 1154 رمزاً · الجلسة REGULAR
19:55 KSA · REGULAR · scanner    · ساعة التأكيد مثبَّتة على شمعة 16:30Z (من cbar)
19:56 KSA · REGULAR · scanner    · بدء المسح · 1154 رمزاً · الجلسة REGULAR
19:56 KSA · REGULAR · scanner    · ساعة التأكيد مثبَّتة على شمعة 16:30Z (من cbar)
19:58 KSA · REGULAR · scanner    · بدء المسح · 1154 رمزاً · الجلسة REGULAR
19:58 KSA · REGULAR · scanner    · ساعة التأكيد مثبَّتة على شمعة 16:30Z (من cbar)
20:00 KSA · REGULAR · scanner    · بدء المسح · 1154 رمزاً · الجلسة REGULAR
20:00 KSA · REGULAR · scanner    · ساعة التأكيد مثبَّتة على شمعة 16:30Z (من cbar)
20:01 KSA · REGULAR · scanner    · بدء المسح · 1154 رمزاً · الجلسة REGULAR
20:01 KSA · REGULAR · scanner    · ساعة التأكيد مثبَّتة على شمعة 16:45Z (من cbar)
20:02 KSA · REGULAR · scanner    · بدء المسح · 1154 رمزاً · الجلسة REGULAR
20:02 KSA · REGULAR · scanner    · ساعة التأكيد مثبَّتة على شمعة 16:45Z (من cbar)
20:04 KSA · REGULAR · scanner    · بدء المسح · 1154 رمزاً · الجلسة REGULAR
20:04 KSA · REGULAR · scanner    · ساعة التأكيد مثبَّتة على شمعة 16:45Z (من cbar)
20:06 KSA · REGULAR · scanner    · بدء المسح · 1154 رمزاً · الجلسة REGULAR
20:06 KSA · REGULAR · scanner    · ساعة التأكيد مثبَّتة على شمعة 16:45Z (من cbar)
20:09 KSA · REGULAR · scanner    · بدء المسح · 1154 رمزاً · الجلسة REGULAR
20:09 KSA · REGULAR · scanner    · ساعة التأكيد مثبَّتة على شمعة 16:45Z (من cbar)
20:10 KSA · REGULAR · scanner    · بدء المسح · 1154 رمزاً · الجلسة REGULAR
20:10 KSA · REGULAR · scanner    · ساعة التأكيد مثبَّتة على شمعة 16:45Z (من cbar)
20:12 KSA · REGULAR · scanner    · بدء المسح · 1154 رمزاً · الجلسة REGULAR
20:12 KSA · REGULAR · scanner    · ساعة التأكيد مثبَّتة على شمعة 16:45Z (من cbar)
20:14 KSA · REGULAR · scanner    · بدء المسح · 1154 رمزاً · الجلسة REGULAR
20:14 KSA · REGULAR · scanner    · ساعة التأكيد مثبَّتة على شمعة 16:45Z (من cbar)
20:15 KSA · REGULAR · scanner    · بدء المسح · 1154 رمزاً · الجلسة REGULAR
20:15 KSA · REGULAR · scanner    · ساعة التأكيد مثبَّتة على شمعة 17:00Z (من cbar)
20:16 KSA · REGULAR · scanner    · بدء المسح · 1154 رمزاً · الجلسة REGULAR
20:16 KSA · REGULAR · scanner    · ساعة التأكيد مثبَّتة على شمعة 17:00Z (من cbar)
20:18 KSA · REGULAR · scanner    · بدء المسح · 1154 رمزاً · الجلسة REGULAR
20:18 KSA · REGULAR · scanner    · ساعة التأكيد مثبَّتة على شمعة 17:00Z (من cbar)
20:20 KSA · REGULAR · scanner    · بدء المسح · 1154 رمزاً · الجلسة REGULAR
20:20 KSA · REGULAR · scanner    · ساعة التأكيد مثبَّتة على شمعة 17:00Z (من cbar)
20:23 KSA · REGULAR · scanner    · بدء المسح · 1154 رمزاً · الجلسة REGULAR
20:23 KSA · REGULAR · scanner    · ساعة التأكيد مثبَّتة على شمعة 17:00Z (من cbar)
20:23 KSA · REGULAR · signal     · ENA-USD · pbTrend ▲ 81 · 1h
20:23 KSA · REGULAR · signal     · REZ-USD · rsiDiv ▼ 67 · 1h
20:23 KSA · REGULAR · signal     · SNDKB-USD · pbTrend ▲ 67 · 1h
20:23 KSA · REGULAR · signal     · UNI-USD · tfAlign ▲ 100 · 1d
20:23 KSA · REGULAR · signal     · TAO-USD · rsiDiv ▼ 72 · 1d
20:23 KSA · REGULAR · signal     · THE-USD · sqzExp ▲ 78 · 1h
20:23 KSA · REGULAR · signal     · THE-USD · rsiDiv ▼ 56 · 1d
20:23 KSA · REGULAR · signal     · THE-USD · momo ▲ 64 · 1h
20:23 KSA · REGULAR · signal     · PENGU-USD · momo ▲ 100 · 1h
20:23 KSA · REGULAR · signal     · PENGU-USD · tfAlign ▲ 87 · 1d
20:23 KSA · REGULAR · signal     · WLFI-USD · tfAlign ▼ 79 · 1d
20:25 KSA · REGULAR · scanner    · بدء المسح · 1154 رمزاً · الجلسة REGULAR
20:25 KSA · REGULAR · scanner    · ساعة التأكيد مثبَّتة على شمعة 17:00Z (من cbar)
20:26 KSA · REGULAR · scanner    · بدء المسح · 1154 رمزاً · الجلسة REGULAR
20:26 KSA · REGULAR · scanner    · ساعة التأكيد مثبَّتة على شمعة 17:00Z (من cbar)
20:28 KSA · REGULAR · scanner    · بدء المسح · 1154 رمزاً · الجلسة REGULAR
20:28 KSA · REGULAR · scanner    · ساعة التأكيد مثبَّتة على شمعة 17:00Z (من cbar)
20:30 KSA · REGULAR · scanner    · بدء المسح · 1154 رمزاً · الجلسة REGULAR
20:30 KSA · REGULAR · scanner    · ساعة التأكيد مثبَّتة على شمعة 17:00Z (من cbar)
20:31 KSA · REGULAR · scanner    · بدء المسح · 1154 رمزاً · الجلسة REGULAR
20:31 KSA · REGULAR · scanner    · ساعة التأكيد مثبَّتة على شمعة 17:15Z (من cbar)
20:32 KSA · REGULAR · scanner    · بدء المسح · 1154 رمزاً · الجلسة REGULAR
20:32 KSA · REGULAR · scanner    · ساعة التأكيد مثبَّتة على شمعة 17:15Z (من cbar)
20:34 KSA · REGULAR · scanner    · بدء المسح · 1154 رمزاً · الجلسة REGULAR
20:34 KSA · REGULAR · scanner    · ساعة التأكيد مثبَّتة على شمعة 17:15Z (من cbar)
20:36 KSA · REGULAR · scanner    · بدء المسح · 1154 رمزاً · الجلسة REGULAR
20:36 KSA · REGULAR · scanner    · ساعة التأكيد مثبَّتة على شمعة 17:15Z (من cbar)
20:39 KSA · REGULAR · scanner    · بدء المسح · 1154 رمزاً · الجلسة REGULAR
20:39 KSA · REGULAR · scanner    · ساعة التأكيد مثبَّتة على شمعة 17:15Z (من cbar)
20:40 KSA · REGULAR · scanner    · بدء المسح · 1154 رمزاً · الجلسة REGULAR
20:40 KSA · REGULAR · scanner    · ساعة التأكيد مثبَّتة على شمعة 17:15Z (من cbar)
20:42 KSA · REGULAR · scanner    · بدء المسح · 1154 رمزاً · الجلسة REGULAR
20:42 KSA · REGULAR · scanner    · ساعة التأكيد مثبَّتة على شمعة 17:15Z (من cbar)
20:44 KSA · REGULAR · scanner    · بدء المسح · 1154 رمزاً · الجلسة REGULAR
20:44 KSA · REGULAR · scanner    · ساعة التأكيد مثبَّتة على شمعة 17:15Z (من cbar)
20:45 KSA · REGULAR · scanner    · بدء المسح · 1154 رمزاً · الجلسة REGULAR
20:45 KSA · REGULAR · scanner    · ساعة التأكيد مثبَّتة على شمعة 17:30Z (من cbar)
20:46 KSA · REGULAR · scanner    · بدء المسح · 1154 رمزاً · الجلسة REGULAR
20:46 KSA · REGULAR · scanner    · ساعة التأكيد مثبَّتة على شمعة 17:30Z (من cbar)
20:48 KSA · REGULAR · scanner    · بدء المسح · 1154 رمزاً · الجلسة REGULAR
20:48 KSA · REGULAR · scanner    · ساعة التأكيد مثبَّتة على شمعة 17:30Z (من cbar)
20:50 KSA · REGULAR · scanner    · بدء المسح · 1154 رمزاً · الجلسة REGULAR
20:50 KSA · REGULAR · scanner    · ساعة التأكيد مثبَّتة على شمعة 17:30Z (من cbar)
20:53 KSA · REGULAR · scanner    · بدء المسح · 1154 رمزاً · الجلسة REGULAR
20:53 KSA · REGULAR · scanner    · ساعة التأكيد مثبَّتة على شمعة 17:30Z (من cbar)
20:53 KSA · REGULAR · signal     · SNXXB-USD · pbTrend ▲ 67 · 1h
20:53 KSA · REGULAR · signal     · SNXXB-USD · rsiDiv ▲ 72 · 1h
20:53 KSA · REGULAR · signal     · THE-USD · sqzExp ▲ 78 · 1h
20:53 KSA · REGULAR · signal     · THE-USD · rsiDiv ▼ 56 · 1d
20:53 KSA · REGULAR · signal     · THE-USD · momo ▲ 64 · 1h
20:53 KSA · REGULAR · signal     · PENGU-USD · tfAlign ▲ 87 · 1d
20:53 KSA · REGULAR · signal     · WLFI-USD · tfAlign ▼ 79 · 1d
20:55 KSA · REGULAR · scanner    · بدء المسح · 1154 رمزاً · الجلسة REGULAR
20:55 KSA · REGULAR · scanner    · ساعة التأكيد مثبَّتة على شمعة 17:30Z (من cbar)
20:56 KSA · REGULAR · scanner    · بدء المسح · 1154 رمزاً · الجلسة REGULAR
20:56 KSA · REGULAR · scanner    · ساعة التأكيد مثبَّتة على شمعة 17:30Z (من cbar)
20:58 KSA · REGULAR · scanner    · بدء المسح · 1154 رمزاً · الجلسة REGULAR
20:58 KSA · REGULAR · scanner    · ساعة التأكيد مثبَّتة على شمعة 17:30Z (من cbar)
21:00 KSA · REGULAR · scanner    · بدء المسح · 1154 رمزاً · الجلسة REGULAR
21:00 KSA · REGULAR · scanner    · ساعة التأكيد مثبَّتة على شمعة 17:30Z (من cbar)
21:01 KSA · REGULAR · scanner    · بدء المسح · 1154 رمزاً · الجلسة REGULAR
21:01 KSA · REGULAR · scanner    · ساعة التأكيد مثبَّتة على شمعة 17:45Z (من cbar)
21:02 KSA · REGULAR · scanner    · بدء المسح · 1154 رمزاً · الجلسة REGULAR
21:02 KSA · REGULAR · scanner    · ساعة التأكيد مثبَّتة على شمعة 17:45Z (من cbar)
21:04 KSA · REGULAR · scanner    · بدء المسح · 1154 رمزاً · الجلسة REGULAR
21:04 KSA · REGULAR · scanner    · ساعة التأكيد مثبَّتة على شمعة 17:45Z (من cbar)
21:06 KSA · REGULAR · scanner    · بدء المسح · 1154 رمزاً · الجلسة REGULAR
21:06 KSA · REGULAR · scanner    · ساعة التأكيد مثبَّتة على شمعة 17:45Z (من cbar)
21:09 KSA · REGULAR · scanner    · بدء المسح · 1154 رمزاً · الجلسة REGULAR
21:09 KSA · REGULAR · scanner    · ساعة التأكيد مثبَّتة على شمعة 17:45Z (من cbar)
21:10 KSA · REGULAR · scanner    · بدء المسح · 1154 رمزاً · الجلسة REGULAR
21:10 KSA · REGULAR · scanner    · ساعة التأكيد مثبَّتة على شمعة 17:45Z (من cbar)
21:12 KSA · REGULAR · scanner    · بدء المسح · 1154 رمزاً · الجلسة REGULAR
21:12 KSA · REGULAR · scanner    · ساعة التأكيد مثبَّتة على شمعة 17:45Z (من cbar)
21:14 KSA · REGULAR · scanner    · بدء المسح · 1154 رمزاً · الجلسة REGULAR
21:14 KSA · REGULAR · scanner    · ساعة التأكيد مثبَّتة على شمعة 17:45Z (من cbar)
21:15 KSA · REGULAR · scanner    · بدء المسح · 1154 رمزاً · الجلسة REGULAR
21:15 KSA · REGULAR · scanner    · ساعة التأكيد مثبَّتة على شمعة 18:00Z (من cbar)
21:16 KSA · REGULAR · scanner    · بدء المسح · 1154 رمزاً · الجلسة REGULAR
21:16 KSA · REGULAR · scanner    · ساعة التأكيد مثبَّتة على شمعة 18:00Z (من cbar)
21:18 KSA · REGULAR · scanner    · بدء المسح · 1154 رمزاً · الجلسة REGULAR
21:18 KSA · REGULAR · scanner    · ساعة التأكيد مثبَّتة على شمعة 18:00Z (من cbar)
21:23 KSA · REGULAR · scanner    · بدء المسح · 1154 رمزاً · الجلسة REGULAR
21:23 KSA · REGULAR · scanner    · ساعة التأكيد مثبَّتة على شمعة 18:00Z (من cbar)
21:23 KSA · REGULAR · signal     · AVAX-USD · pbTrend ▲ 90 · 1h
21:23 KSA · REGULAR · signal     · PAXG-USD · rsiDiv ▼ 58 · 1h
21:23 KSA · REGULAR · signal     · QQQB-USD · momo ▲ 89 · 1h
21:23 KSA · REGULAR · signal     · QQQB-USD · tfAlign ▲ 95 · 1d
21:23 KSA · REGULAR · signal     · SUI-USD · momo ▲ 83 · 1h
21:23 KSA · REGULAR · signal     · 牛来-USD · momo ▼ 80 · 1h
21:23 KSA · REGULAR · signal     · THE-USD · rsiDiv ▼ 56 · 1d
21:23 KSA · REGULAR · signal     · PUMP-USD · pbTrend ▲ 67 · 1h
21:23 KSA · REGULAR · signal     · PENGU-USD · tfAlign ▲ 87 · 1d
21:23 KSA · REGULAR · signal     · WLFI-USD · tfAlign ▼ 87 · 1d
21:23 KSA · REGULAR · signal     · ASTER-USD · pbTrend ▲ 67 · 1h
21:23 KSA · REGULAR · signal     · APT-USD · pbTrend ▲ 86 · 1h
21:24 KSA · REGULAR · scanner    · بدء المسح · 1154 رمزاً · الجلسة REGULAR
21:24 KSA · REGULAR · scanner    · ساعة التأكيد مثبَّتة على شمعة 18:00Z (من cbar)
21:26 KSA · REGULAR · scanner    · بدء المسح · 1154 رمزاً · الجلسة REGULAR
21:26 KSA · REGULAR · scanner    · ساعة التأكيد مثبَّتة على شمعة 18:00Z (من cbar)
21:28 KSA · REGULAR · scanner    · بدء المسح · 1154 رمزاً · الجلسة REGULAR
21:28 KSA · REGULAR · scanner    · ساعة التأكيد مثبَّتة على شمعة 18:00Z (من cbar)
21:30 KSA · REGULAR · scanner    · بدء المسح · 1154 رمزاً · الجلسة REGULAR
21:30 KSA · REGULAR · scanner    · ساعة التأكيد مثبَّتة على شمعة 18:00Z (من cbar)
21:31 KSA · REGULAR · scanner    · بدء المسح · 1154 رمزاً · الجلسة REGULAR
21:31 KSA · REGULAR · scanner    · ساعة التأكيد مثبَّتة على شمعة 18:15Z (من cbar)
21:32 KSA · REGULAR · scanner    · بدء المسح · 1154 رمزاً · الجلسة REGULAR
21:32 KSA · REGULAR · scanner    · ساعة التأكيد مثبَّتة على شمعة 18:15Z (من cbar)
21:34 KSA · REGULAR · scanner    · بدء المسح · 1154 رمزاً · الجلسة REGULAR
21:34 KSA · REGULAR · scanner    · ساعة التأكيد مثبَّتة على شمعة 18:15Z (من cbar)
21:36 KSA · REGULAR · scanner    · بدء المسح · 1154 رمزاً · الجلسة REGULAR
21:36 KSA · REGULAR · scanner    · ساعة التأكيد مثبَّتة على شمعة 18:15Z (من cbar)
21:39 KSA · REGULAR · scanner    · بدء المسح · 1154 رمزاً · الجلسة REGULAR
21:39 KSA · REGULAR · scanner    · ساعة التأكيد مثبَّتة على شمعة 18:15Z (من cbar)
21:40 KSA · REGULAR · scanner    · بدء المسح · 1154 رمزاً · الجلسة REGULAR
21:40 KSA · REGULAR · scanner    · ساعة التأكيد مثبَّتة على شمعة 18:15Z (من cbar)
21:42 KSA · REGULAR · scanner    · بدء المسح · 1154 رمزاً · الجلسة REGULAR
21:42 KSA · REGULAR · scanner    · ساعة التأكيد مثبَّتة على شمعة 18:15Z (من cbar)
21:44 KSA · REGULAR · scanner    · بدء المسح · 1154 رمزاً · الجلسة REGULAR
21:44 KSA · REGULAR · scanner    · ساعة التأكيد مثبَّتة على شمعة 18:15Z (من cbar)
21:46 KSA · REGULAR · scanner    · بدء المسح · 1154 رمزاً · الجلسة REGULAR
21:46 KSA · REGULAR · scanner    · ساعة التأكيد مثبَّتة على شمعة 18:30Z (من cbar)
21:47 KSA · REGULAR · scanner    · بدء المسح · 1154 رمزاً · الجلسة REGULAR
21:47 KSA · REGULAR · scanner    · ساعة التأكيد مثبَّتة على شمعة 18:30Z (من cbar)
21:48 KSA · REGULAR · scanner    · بدء المسح · 1154 رمزاً · الجلسة REGULAR
21:48 KSA · REGULAR · scanner    · ساعة التأكيد مثبَّتة على شمعة 18:30Z (من cbar)
21:53 KSA · REGULAR · scanner    · بدء المسح · 1154 رمزاً · الجلسة REGULAR
21:53 KSA · REGULAR · scanner    · ساعة التأكيد مثبَّتة على شمعة 18:30Z (من cbar)
21:53 KSA · REGULAR · signal     · SUI-USD · momo ▲ 83 · 1h
21:53 KSA · REGULAR · signal     · TAO-USD · tfAlign ▲ 76 · 1d
21:53 KSA · REGULAR · signal     · PENGU-USD · tfAlign ▲ 87 · 1d
21:53 KSA · REGULAR · signal     · WLFI-USD · tfAlign ▼ 87 · 1d
21:53 KSA · REGULAR · signal     · ASTER-USD · pbTrend ▲ 67 · 1h
21:54 KSA · REGULAR · scanner    · بدء المسح · 1154 رمزاً · الجلسة REGULAR
21:54 KSA · REGULAR · scanner    · ساعة التأكيد مثبَّتة على شمعة 18:30Z (من cbar)
21:56 KSA · REGULAR · scanner    · بدء المسح · 1154 رمزاً · الجلسة REGULAR
21:56 KSA · REGULAR · scanner    · ساعة التأكيد مثبَّتة على شمعة 18:30Z (من cbar)
21:58 KSA · REGULAR · scanner    · بدء المسح · 1154 رمزاً · الجلسة REGULAR
21:58 KSA · REGULAR · scanner    · ساعة التأكيد مثبَّتة على شمعة 18:30Z (من cbar)
22:00 KSA · REGULAR · scanner    · بدء المسح · 1154 رمزاً · الجلسة REGULAR
22:00 KSA · REGULAR · scanner    · ساعة التأكيد مثبَّتة على شمعة 18:30Z (من cbar)
22:02 KSA · REGULAR · scanner    · بدء المسح · 1154 رمزاً · الجلسة REGULAR
22:02 KSA · REGULAR · scanner    · ساعة التأكيد مثبَّتة على شمعة 18:45Z (من cbar)
22:04 KSA · REGULAR · scanner    · بدء المسح · 1154 رمزاً · الجلسة REGULAR
22:04 KSA · REGULAR · scanner    · ساعة التأكيد مثبَّتة على شمعة 18:45Z (من cbar)
22:06 KSA · REGULAR · scanner    · بدء المسح · 1154 رمزاً · الجلسة REGULAR
22:06 KSA · REGULAR · scanner    · ساعة التأكيد مثبَّتة على شمعة 18:45Z (من cbar)
22:09 KSA · REGULAR · scanner    · بدء المسح · 1154 رمزاً · الجلسة REGULAR
22:09 KSA · REGULAR · scanner    · ساعة التأكيد مثبَّتة على شمعة 18:45Z (من cbar)
22:10 KSA · REGULAR · scanner    · بدء المسح · 1154 رمزاً · الجلسة REGULAR
22:10 KSA · REGULAR · scanner    · ساعة التأكيد مثبَّتة على شمعة 18:45Z (من cbar)
22:12 KSA · REGULAR · scanner    · بدء المسح · 1154 رمزاً · الجلسة REGULAR
22:12 KSA · REGULAR · scanner    · ساعة التأكيد مثبَّتة على شمعة 18:45Z (من cbar)
22:14 KSA · REGULAR · scanner    · بدء المسح · 1154 رمزاً · الجلسة REGULAR
22:14 KSA · REGULAR · scanner    · ساعة التأكيد مثبَّتة على شمعة 18:45Z (من cbar)
22:15 KSA · REGULAR · scanner    · بدء المسح · 1154 رمزاً · الجلسة REGULAR
22:15 KSA · REGULAR · scanner    · ساعة التأكيد مثبَّتة على شمعة 19:00Z (من cbar)
22:16 KSA · REGULAR · scanner    · بدء المسح · 1154 رمزاً · الجلسة REGULAR
22:16 KSA · REGULAR · scanner    · ساعة التأكيد مثبَّتة على شمعة 19:00Z (من cbar)
22:18 KSA · REGULAR · scanner    · بدء المسح · 1154 رمزاً · الجلسة REGULAR
22:18 KSA · REGULAR · scanner    · ساعة التأكيد مثبَّتة على شمعة 19:00Z (من cbar)
22:23 KSA · REGULAR · scanner    · بدء المسح · 1154 رمزاً · الجلسة REGULAR
22:23 KSA · REGULAR · scanner    · ساعة التأكيد مثبَّتة على شمعة 19:00Z (من cbar)
22:23 KSA · REGULAR · signal     · HOOD · rsiDiv ▼ 67 · 1d
22:23 KSA · REGULAR · signal     · SPCXB-USD · sqzExp ▲ 68 · 1h
22:23 KSA · REGULAR · signal     · SUI-USD · momo ▲ 83 · 1h
22:23 KSA · REGULAR · signal     · SUI-USD · tfAlign ▲ 89 · 1d
22:23 KSA · REGULAR · signal     · TAO-USD · tfAlign ▲ 87 · 1d
22:23 KSA · REGULAR · signal     · PENGU-USD · momo ▲ 89 · 1h
22:23 KSA · REGULAR · signal     · PENGU-USD · tfAlign ▲ 87 · 1d
22:23 KSA · REGULAR · signal     · WLFI-USD · tfAlign ▼ 87 · 1d
22:23 KSA · REGULAR · signal     · ASTER-USD · pbTrend ▲ 81 · 1h
22:25 KSA · REGULAR · scanner    · بدء المسح · 1154 رمزاً · الجلسة REGULAR
22:25 KSA · REGULAR · scanner    · ساعة التأكيد مثبَّتة على شمعة 19:00Z (من cbar)
22:26 KSA · REGULAR · scanner    · بدء المسح · 1154 رمزاً · الجلسة REGULAR
22:26 KSA · REGULAR · scanner    · ساعة التأكيد مثبَّتة على شمعة 19:00Z (من cbar)
22:28 KSA · REGULAR · scanner    · بدء المسح · 1154 رمزاً · الجلسة REGULAR
22:28 KSA · REGULAR · scanner    · ساعة التأكيد مثبَّتة على شمعة 19:00Z (من cbar)
22:30 KSA · REGULAR · scanner    · بدء المسح · 1154 رمزاً · الجلسة REGULAR
22:30 KSA · REGULAR · scanner    · ساعة التأكيد مثبَّتة على شمعة 19:00Z (من cbar)
22:31 KSA · REGULAR · scanner    · بدء المسح · 1154 رمزاً · الجلسة REGULAR
22:31 KSA · REGULAR · scanner    · ساعة التأكيد مثبَّتة على شمعة 19:15Z (من cbar)
22:32 KSA · REGULAR · scanner    · بدء المسح · 1154 رمزاً · الجلسة REGULAR
22:32 KSA · REGULAR · scanner    · ساعة التأكيد مثبَّتة على شمعة 19:15Z (من cbar)
22:34 KSA · REGULAR · scanner    · بدء المسح · 1154 رمزاً · الجلسة REGULAR
22:34 KSA · REGULAR · scanner    · ساعة التأكيد مثبَّتة على شمعة 19:15Z (من cbar)
22:36 KSA · REGULAR · scanner    · بدء المسح · 1154 رمزاً · الجلسة REGULAR
22:36 KSA · REGULAR · scanner    · ساعة التأكيد مثبَّتة على شمعة 19:15Z (من cbar)
22:39 KSA · REGULAR · scanner    · بدء المسح · 1154 رمزاً · الجلسة REGULAR
22:39 KSA · REGULAR · scanner    · ساعة التأكيد مثبَّتة على شمعة 19:15Z (من cbar)
22:40 KSA · REGULAR · scanner    · بدء المسح · 1154 رمزاً · الجلسة REGULAR
22:40 KSA · REGULAR · scanner    · ساعة التأكيد مثبَّتة على شمعة 19:15Z (من cbar)
22:42 KSA · REGULAR · scanner    · بدء المسح · 1154 رمزاً · الجلسة REGULAR
22:42 KSA · REGULAR · scanner    · ساعة التأكيد مثبَّتة على شمعة 19:15Z (من cbar)
22:44 KSA · REGULAR · scanner    · بدء المسح · 1154 رمزاً · الجلسة REGULAR
22:44 KSA · REGULAR · scanner    · ساعة التأكيد مثبَّتة على شمعة 19:15Z (من cbar)
22:45 KSA · REGULAR · scanner    · بدء المسح · 1154 رمزاً · الجلسة REGULAR
22:45 KSA · REGULAR · scanner    · ساعة التأكيد مثبَّتة على شمعة 19:30Z (من cbar)
22:46 KSA · REGULAR · scanner    · بدء المسح · 1154 رمزاً · الجلسة REGULAR
22:46 KSA · REGULAR · scanner    · ساعة التأكيد مثبَّتة على شمعة 19:30Z (من cbar)
22:48 KSA · REGULAR · scanner    · بدء المسح · 1154 رمزاً · الجلسة REGULAR
22:48 KSA · REGULAR · scanner    · ساعة التأكيد مثبَّتة على شمعة 19:30Z (من cbar)
22:53 KSA · REGULAR · scanner    · بدء المسح · 1154 رمزاً · الجلسة REGULAR
22:53 KSA · REGULAR · scanner    · ساعة التأكيد مثبَّتة على شمعة 19:30Z (من cbar)
22:53 KSA · REGULAR · signal     · NVDA · rsiDiv ▼ 75 · 1d
22:53 KSA · REGULAR · signal     · AVGO · rsiDiv ▲ 75 · 1d
22:53 KSA · REGULAR · signal     · TXN · rsiDiv ▼ 81 · 1d
22:53 KSA · REGULAR · signal     · SUI-USD · momo ▲ 83 · 1h
22:53 KSA · REGULAR · signal     · SUI-USD · tfAlign ▲ 100 · 1d
22:53 KSA · REGULAR · signal     · TAO-USD · tfAlign ▲ 87 · 1d
22:53 KSA · REGULAR · signal     · PENGU-USD · momo ▲ 89 · 1h
22:53 KSA · REGULAR · signal     · PENGU-USD · tfAlign ▲ 87 · 1d
22:53 KSA · REGULAR · signal     · ASTER-USD · pbTrend ▲ 81 · 1h
22:55 KSA · REGULAR · scanner    · بدء المسح · 1154 رمزاً · الجلسة REGULAR
22:55 KSA · REGULAR · scanner    · ساعة التأكيد مثبَّتة على شمعة 19:30Z (من cbar)
22:56 KSA · REGULAR · scanner    · بدء المسح · 1154 رمزاً · الجلسة REGULAR
22:56 KSA · REGULAR · scanner    · ساعة التأكيد مثبَّتة على شمعة 19:30Z (من cbar)
22:58 KSA · REGULAR · scanner    · بدء المسح · 1154 رمزاً · الجلسة REGULAR
22:58 KSA · REGULAR · scanner    · ساعة التأكيد مثبَّتة على شمعة 19:30Z (من cbar)
23:00 KSA · AFTER   · scanner    · بدء المسح · 1154 رمزاً · الجلسة AFTER
23:00 KSA · AFTER   · scanner    · ساعة التأكيد مثبَّتة على شمعة 19:30Z (من cbar)
23:01 KSA · AFTER   · scanner    · بدء المسح · 1154 رمزاً · الجلسة AFTER
23:01 KSA · AFTER   · scanner    · ساعة التأكيد مثبَّتة على شمعة 19:45Z (من cbar)
23:02 KSA · AFTER   · scanner    · بدء المسح · 1154 رمزاً · الجلسة AFTER
23:02 KSA · AFTER   · scanner    · ساعة التأكيد مثبَّتة على شمعة 19:45Z (من cbar)
23:04 KSA · AFTER   · scanner    · بدء المسح · 1154 رمزاً · الجلسة AFTER
23:04 KSA · AFTER   · scanner    · ساعة التأكيد مثبَّتة على شمعة 19:45Z (من cbar)
23:06 KSA · AFTER   · scanner    · بدء المسح · 1154 رمزاً · الجلسة AFTER
23:06 KSA · AFTER   · scanner    · ساعة التأكيد مثبَّتة على شمعة 19:45Z (من cbar)
23:09 KSA · AFTER   · scanner    · بدء المسح · 1154 رمزاً · الجلسة AFTER
23:09 KSA · AFTER   · scanner    · ساعة التأكيد مثبَّتة على شمعة 19:45Z (من cbar)
23:10 KSA · AFTER   · scanner    · بدء المسح · 1154 رمزاً · الجلسة AFTER
23:10 KSA · AFTER   · scanner    · ساعة التأكيد مثبَّتة على شمعة 19:45Z (من cbar)
23:12 KSA · AFTER   · scanner    · بدء المسح · 1154 رمزاً · الجلسة AFTER
23:12 KSA · AFTER   · scanner    · ساعة التأكيد مثبَّتة على شمعة 19:45Z (من cbar)
23:14 KSA · AFTER   · scanner    · بدء المسح · 1154 رمزاً · الجلسة AFTER
23:14 KSA · AFTER   · scanner    · ساعة التأكيد مثبَّتة على شمعة 19:45Z (من cbar)
23:15 KSA · AFTER   · scanner    · بدء المسح · 1154 رمزاً · الجلسة AFTER
23:15 KSA · AFTER   · scanner    · ساعة التأكيد مثبَّتة على شمعة 20:00Z (من cbar)
23:16 KSA · AFTER   · scanner    · بدء المسح · 1154 رمزاً · الجلسة AFTER
23:16 KSA · AFTER   · scanner    · ساعة التأكيد مثبَّتة على شمعة 20:00Z (من cbar)
23:18 KSA · AFTER   · scanner    · بدء المسح · 1154 رمزاً · الجلسة AFTER
23:18 KSA · AFTER   · scanner    · ساعة التأكيد مثبَّتة على شمعة 20:00Z (من cbar)
23:23 KSA · AFTER   · scanner    · بدء المسح · 1154 رمزاً · الجلسة AFTER
23:23 KSA · AFTER   · scanner    · ساعة التأكيد مثبَّتة على شمعة 20:00Z (من cbar)
23:23 KSA · AFTER   · signal     · XRP-USD · rsiDiv ▼ 56 · 1h
23:23 KSA · AFTER   · signal     · GRAM-USD · momo ▲ 81 · 1h
23:23 KSA · AFTER   · signal     · GRAM-USD · tfAlign ▲ 76 · 1d
23:23 KSA · AFTER   · signal     · RAY-USD · sqzExp ▼ 55 · 1h
23:23 KSA · AFTER   · signal     · SPCXB-USD · momo ▼ 83 · 1h
23:23 KSA · AFTER   · signal     · BNCB-USD · momo ▼ 57 · 1h
23:23 KSA · AFTER   · signal     · UNI-USD · momo ▲ 56 · 1h
23:23 KSA · AFTER   · signal     · SUI-USD · tfAlign ▲ 100 · 1d
23:23 KSA · AFTER   · signal     · TAO-USD · momo ▲ 81 · 1h
23:23 KSA · AFTER   · signal     · TAO-USD · tfAlign ▲ 87 · 1d
23:23 KSA · AFTER   · signal     · PENGU-USD · momo ▲ 100 · 1h
23:23 KSA · AFTER   · signal     · PENGU-USD · tfAlign ▲ 87 · 1d
23:24 KSA · AFTER   · scanner    · بدء المسح · 1154 رمزاً · الجلسة AFTER
23:24 KSA · AFTER   · scanner    · ساعة التأكيد مثبَّتة على شمعة 20:00Z (من cbar)
23:26 KSA · AFTER   · scanner    · بدء المسح · 1154 رمزاً · الجلسة AFTER
23:26 KSA · AFTER   · scanner    · ساعة التأكيد مثبَّتة على شمعة 20:00Z (من cbar)
23:28 KSA · AFTER   · scanner    · بدء المسح · 1154 رمزاً · الجلسة AFTER
23:28 KSA · AFTER   · scanner    · ساعة التأكيد مثبَّتة على شمعة 20:00Z (من cbar)
23:30 KSA · AFTER   · scanner    · بدء المسح · 1154 رمزاً · الجلسة AFTER
23:30 KSA · AFTER   · scanner    · ساعة التأكيد مثبَّتة على شمعة 20:00Z (من cbar)
23:31 KSA · AFTER   · scanner    · بدء المسح · 1154 رمزاً · الجلسة AFTER
23:31 KSA · AFTER   · scanner    · ساعة التأكيد مثبَّتة على شمعة 20:15Z (من cbar)
23:32 KSA · AFTER   · scanner    · بدء المسح · 1154 رمزاً · الجلسة AFTER
23:32 KSA · AFTER   · scanner    · ساعة التأكيد مثبَّتة على شمعة 20:15Z (من cbar)
23:34 KSA · AFTER   · scanner    · بدء المسح · 1154 رمزاً · الجلسة AFTER
23:34 KSA · AFTER   · scanner    · ساعة التأكيد مثبَّتة على شمعة 20:15Z (من cbar)
23:39 KSA · AFTER   · scanner    · بدء المسح · 1154 رمزاً · الجلسة AFTER
23:39 KSA · AFTER   · scanner    · ساعة التأكيد مثبَّتة على شمعة 20:15Z (من cbar)
23:40 KSA · AFTER   · scanner    · بدء المسح · 1154 رمزاً · الجلسة AFTER
23:40 KSA · AFTER   · scanner    · ساعة التأكيد مثبَّتة على شمعة 20:15Z (من cbar)
23:42 KSA · AFTER   · scanner    · بدء المسح · 1154 رمزاً · الجلسة AFTER
23:42 KSA · AFTER   · scanner    · ساعة التأكيد مثبَّتة على شمعة 20:15Z (من cbar)
23:44 KSA · AFTER   · scanner    · بدء المسح · 1154 رمزاً · الجلسة AFTER
23:44 KSA · AFTER   · scanner    · ساعة التأكيد مثبَّتة على شمعة 20:15Z (من cbar)
23:45 KSA · AFTER   · scanner    · بدء المسح · 1154 رمزاً · الجلسة AFTER
23:45 KSA · AFTER   · scanner    · ساعة التأكيد مثبَّتة على شمعة 20:30Z (من cbar)
23:46 KSA · AFTER   · scanner    · بدء المسح · 1154 رمزاً · الجلسة AFTER
23:46 KSA · AFTER   · scanner    · ساعة التأكيد مثبَّتة على شمعة 20:30Z (من cbar)
23:48 KSA · AFTER   · scanner    · بدء المسح · 1154 رمزاً · الجلسة AFTER
23:48 KSA · AFTER   · scanner    · ساعة التأكيد مثبَّتة على شمعة 20:30Z (من cbar)
23:53 KSA · AFTER   · scanner    · بدء المسح · 1154 رمزاً · الجلسة AFTER
23:53 KSA · AFTER   · scanner    · ساعة التأكيد مثبَّتة على شمعة 20:30Z (من cbar)
23:53 KSA · AFTER   · signal     · VRTX · orb ▲ 91 · 15m · جلسة ممتدة
23:53 KSA · AFTER   · signal     · SUI-USD · tfAlign ▲ 100 · 1d
23:53 KSA · AFTER   · signal     · TAO-USD · momo ▲ 81 · 1h
23:53 KSA · AFTER   · signal     · TAO-USD · tfAlign ▲ 87 · 1d
23:54 KSA · AFTER   · scanner    · بدء المسح · 1154 رمزاً · الجلسة AFTER
23:54 KSA · AFTER   · scanner    · ساعة التأكيد مثبَّتة على شمعة 20:30Z (من cbar)
23:56 KSA · AFTER   · scanner    · بدء المسح · 1154 رمزاً · الجلسة AFTER
23:56 KSA · AFTER   · scanner    · ساعة التأكيد مثبَّتة على شمعة 20:30Z (من cbar)
23:58 KSA · AFTER   · scanner    · بدء المسح · 1154 رمزاً · الجلسة AFTER
23:58 KSA · AFTER   · scanner    · ساعة التأكيد مثبَّتة على شمعة 20:30Z (من cbar)
