00:00 KSA · AFTER   · scanner    · بدء المسح · 1154 رمزاً · الجلسة AFTER
00:00 KSA · AFTER   · scanner    · ساعة التأكيد مثبَّتة على شمعة 20:30Z (من cbar)
00:01 KSA · AFTER   · scanner    · بدء المسح · 1154 رمزاً · الجلسة AFTER
00:01 KSA · AFTER   · scanner    · ساعة التأكيد مثبَّتة على شمعة 20:45Z (من cbar)
00:02 KSA · AFTER   · scanner    · بدء المسح · 1154 رمزاً · الجلسة AFTER
00:02 KSA · AFTER   · scanner    · ساعة التأكيد مثبَّتة على شمعة 20:45Z (من cbar)
00:04 KSA · AFTER   · scanner    · بدء المسح · 1154 رمزاً · الجلسة AFTER
00:04 KSA · AFTER   · scanner    · ساعة التأكيد مثبَّتة على شمعة 20:45Z (من cbar)
00:06 KSA · AFTER   · scanner    · بدء المسح · 1154 رمزاً · الجلسة AFTER
00:06 KSA · AFTER   · scanner    · ساعة التأكيد مثبَّتة على شمعة 20:45Z (من cbar)
00:09 KSA · AFTER   · scanner    · بدء المسح · 1154 رمزاً · الجلسة AFTER
00:09 KSA · AFTER   · scanner    · ساعة التأكيد مثبَّتة على شمعة 20:45Z (من cbar)
00:10 KSA · AFTER   · scanner    · بدء المسح · 1154 رمزاً · الجلسة AFTER
00:10 KSA · AFTER   · scanner    · ساعة التأكيد مثبَّتة على شمعة 20:45Z (من cbar)
00:12 KSA · AFTER   · scanner    · بدء المسح · 1154 رمزاً · الجلسة AFTER
00:12 KSA · AFTER   · scanner    · ساعة التأكيد مثبَّتة على شمعة 20:45Z (من cbar)
00:14 KSA · AFTER   · scanner    · بدء المسح · 1154 رمزاً · الجلسة AFTER
00:14 KSA · AFTER   · scanner    · ساعة التأكيد مثبَّتة على شمعة 20:45Z (من cbar)
00:15 KSA · AFTER   · scanner    · بدء المسح · 1154 رمزاً · الجلسة AFTER
00:15 KSA · AFTER   · scanner    · ساعة التأكيد مثبَّتة على شمعة 21:00Z (من cbar)
00:16 KSA · AFTER   · scanner    · بدء المسح · 1154 رمزاً · الجلسة AFTER
00:16 KSA · AFTER   · scanner    · ساعة التأكيد مثبَّتة على شمعة 21:00Z (من cbar)
00:18 KSA · AFTER   · scanner    · بدء المسح · 1154 رمزاً · الجلسة AFTER
00:18 KSA · AFTER   · scanner    · ساعة التأكيد مثبَّتة على شمعة 21:00Z (من cbar)
00:20 KSA · AFTER   · scanner    · بدء المسح · 1154 رمزاً · الجلسة AFTER
00:20 KSA · AFTER   · scanner    · ساعة التأكيد مثبَّتة على شمعة 21:00Z (من cbar)
00:23 KSA · AFTER   · scanner    · بدء المسح · 1154 رمزاً · الجلسة AFTER
00:23 KSA · AFTER   · scanner    · ساعة التأكيد مثبَّتة على شمعة 21:00Z (من cbar)
00:23 KSA · AFTER   · signal     · MSFT · momo ▲ 89 · 1h · جلسة ممتدة
00:23 KSA · AFTER   · signal     · META · rsiDiv ▼ 61 · 1h · جلسة ممتدة
00:23 KSA · AFTER   · signal     · TSLA · pbTrend ▼ 86 · 1h · جلسة ممتدة
00:23 KSA · AFTER   · signal     · BRK-B · pbTrend ▲ 60 · 1h · جلسة ممتدة
00:23 KSA · AFTER   · signal     · V · vwapRec ▼ 73 · 15m · جلسة ممتدة
00:23 KSA · AFTER   · signal     · V · momo ▲ 64 · 1h · جلسة ممتدة
00:23 KSA · AFTER   · signal     · XOM · pbTrend ▲ 60 · 1h · جلسة ممتدة
00:23 KSA · AFTER   · signal     · JNJ · rsiDiv ▼ 92 · 1h · جلسة ممتدة
00:23 KSA · AFTER   · signal     · MA · momo ▲ 64 · 1h · جلسة ممتدة
00:23 KSA · AFTER   · signal     · CSCO · momo ▲ 89 · 1h · جلسة ممتدة
00:23 KSA · AFTER   · signal     · KO · pbTrend ▲ 60 · 1h · جلسة ممتدة
00:23 KSA · AFTER   · signal     · KO · rsiDiv ▼ 72 · 1h · جلسة ممتدة
00:23 KSA · AFTER   · signal     · PG · momo ▼ 86 · 1h · جلسة ممتدة
00:23 KSA · AFTER   · signal     · PM · pbTrend ▲ 67 · 1h · جلسة ممتدة
00:23 KSA · AFTER   · signal     · CRWD · rsiDiv ▲ 61 · 1h · جلسة ممتدة
00:23 KSA · AFTER   · signal     · KLAC · rsiDiv ▼ 100 · 1h · جلسة ممتدة
00:23 KSA · AFTER   · signal     · TMUS · rsiDiv ▲ 78 · 1h · جلسة ممتدة
00:23 KSA · AFTER   · signal     · CB · momo ▼ 83 · 1h · جلسة ممتدة
00:23 KSA · AFTER   · signal     · FTNT · rsiDiv ▼ 88 · 1h · جلسة ممتدة
00:23 KSA · AFTER   · signal     · PGR · momo ▼ 83 · 1h · جلسة ممتدة
00:23 KSA · AFTER   · signal     · ACN · rsiDiv ▲ 69 · 1h · جلسة ممتدة
00:23 KSA · AFTER   · signal     · VLO · pbTrend ▲ 76 · 1h · جلسة ممتدة
00:23 KSA · AFTER   · signal     · MPC · pbTrend ▲ 76 · 1h · جلسة ممتدة
00:23 KSA · AFTER   · signal     · APP · pbTrend ▼ 76 · 1h · جلسة ممتدة
00:23 KSA · AFTER   · signal     · ADP · pbTrend ▲ 60 · 1h · جلسة ممتدة
00:23 KSA · AFTER   · signal     · ADP · momo ▼ 75 · 1h · جلسة ممتدة
00:23 KSA · AFTER   · signal     · LOW · momo ▼ 83 · 1h · جلسة ممتدة
00:23 KSA · AFTER   · signal     · KKR · pbTrend ▼ 76 · 1h · جلسة ممتدة
00:23 KSA · AFTER   · signal     · CEG · rsiDiv ▲ 69 · 1h · جلسة ممتدة
00:23 KSA · AFTER   · signal     · DDOG · momo ▲ 89 · 1h · جلسة ممتدة
00:23 KSA · AFTER   · signal     · BSX · pbTrend ▼ 86 · 1h · جلسة ممتدة
00:23 KSA · AFTER   · signal     · TER · rsiDiv ▼ 78 · 1h · جلسة ممتدة
00:23 KSA · AFTER   · signal     · COIN · pbTrend ▼ 86 · 1h · جلسة ممتدة
00:23 KSA · AFTER   · signal     · DVN · pbTrend ▲ 76 · 1h · جلسة ممتدة
00:23 KSA · AFTER   · signal     · AZO · momo ▼ 86 · 1h · جلسة ممتدة
00:23 KSA · AFTER   · signal     · ADSK · rsiDiv ▼ 69 · 1h · جلسة ممتدة
00:23 KSA · AFTER   · signal     · HPQ · pbTrend ▲ 81 · 1h · جلسة ممتدة
00:23 KSA · AFTER   · signal     · ZEC-USD · sqzExp ▲ 55 · 1h
00:23 KSA · AFTER   · signal     · WLD-USD · rsiDiv ▼ 78 · 1h
00:23 KSA · AFTER   · signal     · HEMI-USD · momo ▲ 69 · 1h
00:23 KSA · AFTER   · signal     · SUI-USD · tfAlign ▲ 95 · 1d
00:23 KSA · AFTER   · signal     · TAO-USD · rsiDiv ▼ 78 · 1d
00:23 KSA · AFTER   · signal     · TAO-USD · momo ▲ 89 · 1h
00:23 KSA · AFTER   · signal     · TAO-USD · tfAlign ▲ 87 · 1d
00:23 KSA · AFTER   · signal     · BANK-USD · momo ▲ 67 · 1h
00:23 KSA · AFTER   · signal     · WLFI-USD · tfAlign ▼ 74 · 1d
00:25 KSA · AFTER   · scanner    · بدء المسح · 1154 رمزاً · الجلسة AFTER
00:25 KSA · AFTER   · scanner    · ساعة التأكيد مثبَّتة على شمعة 21:00Z (من cbar)
00:26 KSA · AFTER   · scanner    · بدء المسح · 1154 رمزاً · الجلسة AFTER
00:26 KSA · AFTER   · scanner    · ساعة التأكيد مثبَّتة على شمعة 21:00Z (من cbar)
00:28 KSA · AFTER   · scanner    · بدء المسح · 1154 رمزاً · الجلسة AFTER
00:28 KSA · AFTER   · scanner    · ساعة التأكيد مثبَّتة على شمعة 21:00Z (من cbar)
00:30 KSA · AFTER   · scanner    · بدء المسح · 1154 رمزاً · الجلسة AFTER
00:30 KSA · AFTER   · scanner    · ساعة التأكيد مثبَّتة على شمعة 21:15Z (من cbar)
00:31 KSA · AFTER   · scanner    · بدء المسح · 1154 رمزاً · الجلسة AFTER
00:31 KSA · AFTER   · scanner    · ساعة التأكيد مثبَّتة على شمعة 21:15Z (من cbar)
00:32 KSA · AFTER   · scanner    · بدء المسح · 1154 رمزاً · الجلسة AFTER
00:32 KSA · AFTER   · scanner    · ساعة التأكيد مثبَّتة على شمعة 21:15Z (من cbar)
00:34 KSA · AFTER   · scanner    · بدء المسح · 1154 رمزاً · الجلسة AFTER
00:34 KSA · AFTER   · scanner    · ساعة التأكيد مثبَّتة على شمعة 21:15Z (من cbar)
00:36 KSA · AFTER   · scanner    · بدء المسح · 1154 رمزاً · الجلسة AFTER
00:36 KSA · AFTER   · scanner    · ساعة التأكيد مثبَّتة على شمعة 21:15Z (من cbar)
00:39 KSA · AFTER   · scanner    · بدء المسح · 1154 رمزاً · الجلسة AFTER
00:39 KSA · AFTER   · scanner    · ساعة التأكيد مثبَّتة على شمعة 21:15Z (من cbar)
00:40 KSA · AFTER   · scanner    · بدء المسح · 1154 رمزاً · الجلسة AFTER
00:40 KSA · AFTER   · scanner    · ساعة التأكيد مثبَّتة على شمعة 21:15Z (من cbar)
00:42 KSA · AFTER   · scanner    · بدء المسح · 1154 رمزاً · الجلسة AFTER
00:42 KSA · AFTER   · scanner    · ساعة التأكيد مثبَّتة على شمعة 21:15Z (من cbar)
00:44 KSA · AFTER   · scanner    · بدء المسح · 1154 رمزاً · الجلسة AFTER
00:44 KSA · AFTER   · scanner    · ساعة التأكيد مثبَّتة على شمعة 21:15Z (من cbar)
00:45 KSA · AFTER   · scanner    · بدء المسح · 1154 رمزاً · الجلسة AFTER
00:45 KSA · AFTER   · scanner    · ساعة التأكيد مثبَّتة على شمعة 21:30Z (من cbar)
00:46 KSA · AFTER   · scanner    · بدء المسح · 1154 رمزاً · الجلسة AFTER
00:46 KSA · AFTER   · scanner    · ساعة التأكيد مثبَّتة على شمعة 21:30Z (من cbar)
00:48 KSA · AFTER   · scanner    · بدء المسح · 1154 رمزاً · الجلسة AFTER
00:48 KSA · AFTER   · scanner    · ساعة التأكيد مثبَّتة على شمعة 21:30Z (من cbar)
00:50 KSA · AFTER   · scanner    · بدء المسح · 1154 رمزاً · الجلسة AFTER
00:50 KSA · AFTER   · scanner    · ساعة التأكيد مثبَّتة على شمعة 21:30Z (من cbar)
00:54 KSA · AFTER   · scanner    · بدء المسح · 1154 رمزاً · الجلسة AFTER
00:54 KSA · AFTER   · scanner    · ساعة التأكيد مثبَّتة على شمعة 21:30Z (من cbar)
00:54 KSA · AFTER   · signal     · ADI · orb ▲ 93 · 15m · جلسة ممتدة
00:54 KSA · AFTER   · signal     · ADI · brk ▲ 86 · 15m · جلسة ممتدة
00:54 KSA · AFTER   · signal     · SCHW · volSpike ▲ 72 · 15m · جلسة ممتدة
00:54 KSA · AFTER   · signal     · APP · rsiDiv ▲ 61 · 1h · جلسة ممتدة
00:54 KSA · AFTER   · signal     · XRP-USD · rsiDiv ▼ 61 · 1h
00:54 KSA · AFTER   · signal     · DDOG · rsiDiv ▲ 56 · 1h · جلسة ممتدة
00:54 KSA · AFTER   · signal     · SNPS · vwapRec ▲ 71 · 15m · جلسة ممتدة
00:54 KSA · AFTER   · signal     · MCHP · vwapRec ▲ 59 · 15m · جلسة ممتدة
00:54 KSA · AFTER   · signal     · UNI-USD · tfAlign ▲ 100 · 1d
00:54 KSA · AFTER   · signal     · SUI-USD · momo ▲ 83 · 1h
00:54 KSA · AFTER   · signal     · SUI-USD · tfAlign ▲ 100 · 1d
00:54 KSA · AFTER   · signal     · TAO-USD · rsiDiv ▼ 72 · 1d
00:54 KSA · AFTER   · signal     · TAO-USD · momo ▲ 89 · 1h
00:54 KSA · AFTER   · signal     · TAO-USD · tfAlign ▲ 87 · 1d
00:54 KSA · AFTER   · signal     · BANK-USD · momo ▲ 67 · 1h
00:54 KSA · AFTER   · signal     · WLFI-USD · tfAlign ▼ 68 · 1d
00:55 KSA · AFTER   · scanner    · بدء المسح · 1154 رمزاً · الجلسة AFTER
00:55 KSA · AFTER   · scanner    · ساعة التأكيد مثبَّتة على شمعة 21:30Z (من cbar)
00:56 KSA · AFTER   · scanner    · بدء المسح · 1154 رمزاً · الجلسة AFTER
00:56 KSA · AFTER   · scanner    · ساعة التأكيد مثبَّتة على شمعة 21:30Z (من cbar)
00:58 KSA · AFTER   · scanner    · بدء المسح · 1154 رمزاً · الجلسة AFTER
00:58 KSA · AFTER   · scanner    · ساعة التأكيد مثبَّتة على شمعة 21:30Z (من cbar)
01:00 KSA · AFTER   · scanner    · بدء المسح · 1154 رمزاً · الجلسة AFTER
01:00 KSA · AFTER   · scanner    · ساعة التأكيد مثبَّتة على شمعة 21:45Z (من cbar)
01:01 KSA · AFTER   · scanner    · بدء المسح · 1154 رمزاً · الجلسة AFTER
01:01 KSA · AFTER   · scanner    · ساعة التأكيد مثبَّتة على شمعة 21:45Z (من cbar)
01:02 KSA · AFTER   · scanner    · بدء المسح · 1154 رمزاً · الجلسة AFTER
01:02 KSA · AFTER   · scanner    · ساعة التأكيد مثبَّتة على شمعة 21:45Z (من cbar)
01:04 KSA · AFTER   · scanner    · بدء المسح · 1154 رمزاً · الجلسة AFTER
01:04 KSA · AFTER   · scanner    · ساعة التأكيد مثبَّتة على شمعة 21:45Z (من cbar)
01:06 KSA · AFTER   · scanner    · بدء المسح · 1154 رمزاً · الجلسة AFTER
01:06 KSA · AFTER   · scanner    · ساعة التأكيد مثبَّتة على شمعة 21:45Z (من cbar)
01:09 KSA · AFTER   · scanner    · بدء المسح · 1154 رمزاً · الجلسة AFTER
01:09 KSA · AFTER   · scanner    · ساعة التأكيد مثبَّتة على شمعة 21:45Z (من cbar)
01:10 KSA · AFTER   · scanner    · بدء المسح · 1154 رمزاً · الجلسة AFTER
01:10 KSA · AFTER   · scanner    · ساعة التأكيد مثبَّتة على شمعة 21:45Z (من cbar)
01:12 KSA · AFTER   · scanner    · بدء المسح · 1154 رمزاً · الجلسة AFTER
01:12 KSA · AFTER   · scanner    · ساعة التأكيد مثبَّتة على شمعة 21:45Z (من cbar)
01:14 KSA · AFTER   · scanner    · بدء المسح · 1154 رمزاً · الجلسة AFTER
01:14 KSA · AFTER   · scanner    · ساعة التأكيد مثبَّتة على شمعة 21:45Z (من cbar)
01:15 KSA · AFTER   · scanner    · بدء المسح · 1154 رمزاً · الجلسة AFTER
01:15 KSA · AFTER   · scanner    · ساعة التأكيد مثبَّتة على شمعة 22:00Z (من cbar)
01:16 KSA · AFTER   · scanner    · بدء المسح · 1154 رمزاً · الجلسة AFTER
01:16 KSA · AFTER   · scanner    · ساعة التأكيد مثبَّتة على شمعة 22:00Z (من cbar)
01:18 KSA · AFTER   · scanner    · بدء المسح · 1154 رمزاً · الجلسة AFTER
01:18 KSA · AFTER   · scanner    · ساعة التأكيد مثبَّتة على شمعة 22:00Z (من cbar)
01:20 KSA · AFTER   · scanner    · بدء المسح · 1154 رمزاً · الجلسة AFTER
01:20 KSA · AFTER   · scanner    · ساعة التأكيد مثبَّتة على شمعة 22:00Z (من cbar)
01:24 KSA · AFTER   · scanner    · بدء المسح · 1154 رمزاً · الجلسة AFTER
01:24 KSA · AFTER   · scanner    · ساعة التأكيد مثبَّتة على شمعة 22:00Z (من cbar)
01:24 KSA · AFTER   · signal     · FTNT · brk ▲ 94 · 15m · جلسة ممتدة
01:24 KSA · AFTER   · signal     · XRP-USD · rsiDiv ▼ 56 · 1h
01:24 KSA · AFTER   · signal     · DASH-USD · momo ▲ 67 · 1h
01:24 KSA · AFTER   · signal     · SUI-USD · tfAlign ▲ 100 · 1d
01:24 KSA · AFTER   · signal     · TAO-USD · rsiDiv ▼ 72 · 1d
01:24 KSA · AFTER   · signal     · TAO-USD · momo ▲ 89 · 1h
01:24 KSA · AFTER   · signal     · TAO-USD · tfAlign ▲ 87 · 1d
01:24 KSA · AFTER   · signal     · PENGU-USD · tfAlign ▲ 87 · 1d
01:24 KSA · AFTER   · signal     · ASTER-USD · pbTrend ▲ 71 · 1h
01:25 KSA · AFTER   · scanner    · بدء المسح · 1154 رمزاً · الجلسة AFTER
01:25 KSA · AFTER   · scanner    · ساعة التأكيد مثبَّتة على شمعة 22:00Z (من cbar)
01:26 KSA · AFTER   · scanner    · بدء المسح · 1154 رمزاً · الجلسة AFTER
01:26 KSA · AFTER   · scanner    · ساعة التأكيد مثبَّتة على شمعة 22:00Z (من cbar)
01:28 KSA · AFTER   · scanner    · بدء المسح · 1154 رمزاً · الجلسة AFTER
01:28 KSA · AFTER   · scanner    · ساعة التأكيد مثبَّتة على شمعة 22:00Z (من cbar)
01:30 KSA · AFTER   · scanner    · بدء المسح · 1154 رمزاً · الجلسة AFTER
01:30 KSA · AFTER   · scanner    · ساعة التأكيد مثبَّتة على شمعة 22:15Z (من cbar)
01:31 KSA · AFTER   · scanner    · بدء المسح · 1154 رمزاً · الجلسة AFTER
01:31 KSA · AFTER   · scanner    · ساعة التأكيد مثبَّتة على شمعة 22:15Z (من cbar)
01:32 KSA · AFTER   · scanner    · بدء المسح · 1154 رمزاً · الجلسة AFTER
01:32 KSA · AFTER   · scanner    · ساعة التأكيد مثبَّتة على شمعة 22:15Z (من cbar)
01:34 KSA · AFTER   · scanner    · بدء المسح · 1154 رمزاً · الجلسة AFTER
01:34 KSA · AFTER   · scanner    · ساعة التأكيد مثبَّتة على شمعة 22:15Z (من cbar)
01:36 KSA · AFTER   · scanner    · بدء المسح · 1154 رمزاً · الجلسة AFTER
01:36 KSA · AFTER   · scanner    · ساعة التأكيد مثبَّتة على شمعة 22:15Z (من cbar)
01:39 KSA · AFTER   · scanner    · بدء المسح · 1154 رمزاً · الجلسة AFTER
01:39 KSA · AFTER   · scanner    · ساعة التأكيد مثبَّتة على شمعة 22:15Z (من cbar)
01:40 KSA · AFTER   · scanner    · بدء المسح · 1154 رمزاً · الجلسة AFTER
01:40 KSA · AFTER   · scanner    · ساعة التأكيد مثبَّتة على شمعة 22:15Z (من cbar)
01:42 KSA · AFTER   · scanner    · بدء المسح · 1154 رمزاً · الجلسة AFTER
01:42 KSA · AFTER   · scanner    · ساعة التأكيد مثبَّتة على شمعة 22:15Z (من cbar)
01:44 KSA · AFTER   · scanner    · بدء المسح · 1154 رمزاً · الجلسة AFTER
01:44 KSA · AFTER   · scanner    · ساعة التأكيد مثبَّتة على شمعة 22:15Z (من cbar)
01:45 KSA · AFTER   · scanner    · بدء المسح · 1154 رمزاً · الجلسة AFTER
01:45 KSA · AFTER   · scanner    · ساعة التأكيد مثبَّتة على شمعة 22:30Z (من cbar)
01:46 KSA · AFTER   · scanner    · بدء المسح · 1154 رمزاً · الجلسة AFTER
01:46 KSA · AFTER   · scanner    · ساعة التأكيد مثبَّتة على شمعة 22:30Z (من cbar)
01:48 KSA · AFTER   · scanner    · بدء المسح · 1154 رمزاً · الجلسة AFTER
01:48 KSA · AFTER   · scanner    · ساعة التأكيد مثبَّتة على شمعة 22:30Z (من cbar)
01:53 KSA · AFTER   · scanner    · بدء المسح · 1154 رمزاً · الجلسة AFTER
01:53 KSA · AFTER   · scanner    · ساعة التأكيد مثبَّتة على شمعة 22:30Z (من cbar)
01:53 KSA · AFTER   · signal     · UNI-USD · tfAlign ▲ 92 · 1d
01:53 KSA · AFTER   · signal     · SUI-USD · tfAlign ▲ 100 · 1d
01:53 KSA · AFTER   · signal     · TAO-USD · rsiDiv ▼ 67 · 1d
01:53 KSA · AFTER   · signal     · TAO-USD · tfAlign ▲ 87 · 1d
01:53 KSA · AFTER   · signal     · THE-USD · rsiDiv ▼ 60 · 1h
01:53 KSA · AFTER   · signal     · PENGU-USD · tfAlign ▲ 87 · 1d
01:53 KSA · AFTER   · signal     · WLFI-USD · tfAlign ▼ 74 · 1d
01:53 KSA · AFTER   · signal     · ASTER-USD · pbTrend ▲ 71 · 1h
01:54 KSA · AFTER   · scanner    · بدء المسح · 1154 رمزاً · الجلسة AFTER
01:54 KSA · AFTER   · scanner    · ساعة التأكيد مثبَّتة على شمعة 22:30Z (من cbar)
01:56 KSA · AFTER   · scanner    · بدء المسح · 1154 رمزاً · الجلسة AFTER
01:56 KSA · AFTER   · scanner    · ساعة التأكيد مثبَّتة على شمعة 22:30Z (من cbar)
01:58 KSA · AFTER   · scanner    · بدء المسح · 1154 رمزاً · الجلسة AFTER
01:58 KSA · AFTER   · scanner    · ساعة التأكيد مثبَّتة على شمعة 22:30Z (من cbar)
02:00 KSA · AFTER   · scanner    · بدء المسح · 1154 رمزاً · الجلسة AFTER
02:00 KSA · AFTER   · scanner    · ساعة التأكيد مثبَّتة على شمعة 22:45Z (من cbar)
02:01 KSA · AFTER   · scanner    · بدء المسح · 1154 رمزاً · الجلسة AFTER
02:01 KSA · AFTER   · scanner    · ساعة التأكيد مثبَّتة على شمعة 22:45Z (من cbar)
02:02 KSA · AFTER   · scanner    · بدء المسح · 1154 رمزاً · الجلسة AFTER
02:02 KSA · AFTER   · scanner    · ساعة التأكيد مثبَّتة على شمعة 22:45Z (من cbar)
02:04 KSA · AFTER   · scanner    · بدء المسح · 1154 رمزاً · الجلسة AFTER
02:04 KSA · AFTER   · scanner    · ساعة التأكيد مثبَّتة على شمعة 22:45Z (من cbar)
02:06 KSA · AFTER   · scanner    · بدء المسح · 1154 رمزاً · الجلسة AFTER
02:06 KSA · AFTER   · scanner    · ساعة التأكيد مثبَّتة على شمعة 22:45Z (من cbar)
02:09 KSA · AFTER   · scanner    · بدء المسح · 1154 رمزاً · الجلسة AFTER
02:09 KSA · AFTER   · scanner    · ساعة التأكيد مثبَّتة على شمعة 22:45Z (من cbar)
02:10 KSA · AFTER   · scanner    · بدء المسح · 1154 رمزاً · الجلسة AFTER
02:10 KSA · AFTER   · scanner    · ساعة التأكيد مثبَّتة على شمعة 22:45Z (من cbar)
02:12 KSA · AFTER   · scanner    · بدء المسح · 1154 رمزاً · الجلسة AFTER
02:12 KSA · AFTER   · scanner    · ساعة التأكيد مثبَّتة على شمعة 22:45Z (من cbar)
02:14 KSA · AFTER   · scanner    · بدء المسح · 1154 رمزاً · الجلسة AFTER
02:14 KSA · AFTER   · scanner    · ساعة التأكيد مثبَّتة على شمعة 22:45Z (من cbar)
02:15 KSA · AFTER   · scanner    · بدء المسح · 1154 رمزاً · الجلسة AFTER
02:15 KSA · AFTER   · scanner    · ساعة التأكيد مثبَّتة على شمعة 23:00Z (من cbar)
02:16 KSA · AFTER   · scanner    · بدء المسح · 1154 رمزاً · الجلسة AFTER
02:16 KSA · AFTER   · scanner    · ساعة التأكيد مثبَّتة على شمعة 23:00Z (من cbar)
02:18 KSA · AFTER   · scanner    · بدء المسح · 1154 رمزاً · الجلسة AFTER
02:18 KSA · AFTER   · scanner    · ساعة التأكيد مثبَّتة على شمعة 23:00Z (من cbar)
02:23 KSA · AFTER   · scanner    · بدء المسح · 1154 رمزاً · الجلسة AFTER
02:23 KSA · AFTER   · scanner    · ساعة التأكيد مثبَّتة على شمعة 23:00Z (من cbar)
02:23 KSA · AFTER   · signal     · UNI-USD · momo ▲ 72 · 1h
02:23 KSA · AFTER   · signal     · UNI-USD · tfAlign ▲ 100 · 1d
02:23 KSA · AFTER   · signal     · SUI-USD · tfAlign ▲ 100 · 1d
02:23 KSA · AFTER   · signal     · TAO-USD · rsiDiv ▼ 72 · 1d
02:23 KSA · AFTER   · signal     · TAO-USD · momo ▲ 89 · 1h
02:23 KSA · AFTER   · signal     · TAO-USD · tfAlign ▲ 87 · 1d
02:23 KSA · AFTER   · signal     · HOLO-USD · momo ▲ 56 · 1h
02:23 KSA · AFTER   · signal     · PENGU-USD · tfAlign ▲ 87 · 1d
02:23 KSA · AFTER   · signal     · ASTER-USD · tfAlign ▲ 82 · 1d
02:24 KSA · AFTER   · scanner    · بدء المسح · 1154 رمزاً · الجلسة AFTER
02:24 KSA · AFTER   · scanner    · ساعة التأكيد مثبَّتة على شمعة 23:00Z (من cbar)
02:26 KSA · AFTER   · scanner    · بدء المسح · 1154 رمزاً · الجلسة AFTER
02:26 KSA · AFTER   · scanner    · ساعة التأكيد مثبَّتة على شمعة 23:00Z (من cbar)
02:28 KSA · AFTER   · scanner    · بدء المسح · 1154 رمزاً · الجلسة AFTER
02:28 KSA · AFTER   · scanner    · ساعة التأكيد مثبَّتة على شمعة 23:00Z (من cbar)
02:30 KSA · AFTER   · scanner    · بدء المسح · 1154 رمزاً · الجلسة AFTER
02:30 KSA · AFTER   · scanner    · ساعة التأكيد مثبَّتة على شمعة 23:15Z (من cbar)
02:31 KSA · AFTER   · scanner    · بدء المسح · 1154 رمزاً · الجلسة AFTER
02:31 KSA · AFTER   · scanner    · ساعة التأكيد مثبَّتة على شمعة 23:15Z (من cbar)
02:32 KSA · AFTER   · scanner    · بدء المسح · 1154 رمزاً · الجلسة AFTER
02:32 KSA · AFTER   · scanner    · ساعة التأكيد مثبَّتة على شمعة 23:15Z (من cbar)
02:34 KSA · AFTER   · scanner    · بدء المسح · 1154 رمزاً · الجلسة AFTER
02:34 KSA · AFTER   · scanner    · ساعة التأكيد مثبَّتة على شمعة 23:15Z (من cbar)
02:36 KSA · AFTER   · scanner    · بدء المسح · 1154 رمزاً · الجلسة AFTER
02:36 KSA · AFTER   · scanner    · ساعة التأكيد مثبَّتة على شمعة 23:15Z (من cbar)
02:38 KSA · AFTER   · scanner    · بدء المسح · 1154 رمزاً · الجلسة AFTER
02:38 KSA · AFTER   · scanner    · ساعة التأكيد مثبَّتة على شمعة 23:15Z (من cbar)
02:40 KSA · AFTER   · scanner    · بدء المسح · 1154 رمزاً · الجلسة AFTER
02:40 KSA · AFTER   · scanner    · ساعة التأكيد مثبَّتة على شمعة 23:15Z (من cbar)
02:42 KSA · AFTER   · scanner    · بدء المسح · 1154 رمزاً · الجلسة AFTER
02:42 KSA · AFTER   · scanner    · ساعة التأكيد مثبَّتة على شمعة 23:15Z (من cbar)
02:44 KSA · AFTER   · scanner    · بدء المسح · 1154 رمزاً · الجلسة AFTER
02:44 KSA · AFTER   · scanner    · ساعة التأكيد مثبَّتة على شمعة 23:15Z (من cbar)
02:45 KSA · AFTER   · scanner    · بدء المسح · 1154 رمزاً · الجلسة AFTER
02:45 KSA · AFTER   · scanner    · ساعة التأكيد مثبَّتة على شمعة 23:30Z (من cbar)
02:46 KSA · AFTER   · scanner    · بدء المسح · 1154 رمزاً · الجلسة AFTER
02:46 KSA · AFTER   · scanner    · ساعة التأكيد مثبَّتة على شمعة 23:30Z (من cbar)
02:48 KSA · AFTER   · scanner    · بدء المسح · 1154 رمزاً · الجلسة AFTER
02:48 KSA · AFTER   · scanner    · ساعة التأكيد مثبَّتة على شمعة 23:30Z (من cbar)
02:53 KSA · AFTER   · scanner    · بدء المسح · 1154 رمزاً · الجلسة AFTER
02:53 KSA · AFTER   · scanner    · ساعة التأكيد مثبَّتة على شمعة 23:30Z (من cbar)
02:53 KSA · AFTER   · signal     · ISRG · vwapRec ▼ 76 · 15m · جلسة ممتدة
02:53 KSA · AFTER   · signal     · UNI-USD · momo ▲ 72 · 1h
02:53 KSA · AFTER   · signal     · UNI-USD · tfAlign ▲ 100 · 1d
02:53 KSA · AFTER   · signal     · SUI-USD · tfAlign ▲ 100 · 1d
02:53 KSA · AFTER   · signal     · TAO-USD · rsiDiv ▼ 72 · 1d
02:53 KSA · AFTER   · signal     · TAO-USD · momo ▲ 89 · 1h
02:53 KSA · AFTER   · signal     · TAO-USD · tfAlign ▲ 87 · 1d
02:53 KSA · AFTER   · signal     · HOLO-USD · momo ▲ 56 · 1h
02:53 KSA · AFTER   · signal     · PENGU-USD · tfAlign ▲ 82 · 1d
02:54 KSA · AFTER   · scanner    · بدء المسح · 1154 رمزاً · الجلسة AFTER
02:54 KSA · AFTER   · scanner    · ساعة التأكيد مثبَّتة على شمعة 23:30Z (من cbar)
02:56 KSA · AFTER   · scanner    · بدء المسح · 1154 رمزاً · الجلسة AFTER
02:56 KSA · AFTER   · scanner    · ساعة التأكيد مثبَّتة على شمعة 23:30Z (من cbar)
02:58 KSA · AFTER   · scanner    · بدء المسح · 1154 رمزاً · الجلسة AFTER
02:58 KSA · AFTER   · scanner    · ساعة التأكيد مثبَّتة على شمعة 23:30Z (من cbar)
03:00 KSA · CLOSED  · scanner    · بدء المسح · 1154 رمزاً · الجلسة CLOSED
03:00 KSA · CLOSED  · scanner    · ساعة التأكيد مثبَّتة على شمعة 23:45Z (من cbar)
03:00 KSA · CLOSED  · signal     · PLD · rsiDiv ▲ 67 · 1d
03:00 KSA · CLOSED  · signal     · BMY · volSpike ▲ 94 · 1d
03:00 KSA · CLOSED  · signal     · COF · volSpike ▲ 67 · 1d
03:00 KSA · CLOSED  · signal     · CVS · volSpike ▼ 83 · 1d
03:00 KSA · CLOSED  · signal     · BNY · volSpike ▲ 83 · 1d
03:00 KSA · CLOSED  · signal     · SO · volSpike ▼ 78 · 1d
03:00 KSA · CLOSED  · signal     · HCA · volSpike ▼ 89 · 1d
03:00 KSA · CLOSED  · signal     · MAR · volSpike ▲ 78 · 1d
03:00 KSA · CLOSED  · signal     · CSX · meanRev ▲ 88 · 1d
03:00 KSA · CLOSED  · signal     · CSX · volSpike ▼ 78 · 1d
03:00 KSA · CLOSED  · signal     · WM · meanRev ▲ 85 · 1d
03:00 KSA · CLOSED  · signal     · UPS · brk ▼ 100 · 1d
03:00 KSA · CLOSED  · signal     · UPS · sqzExp ▼ 100 · 1d
03:00 KSA · CLOSED  · signal     · UPS · volSpike ▼ 78 · 1d
03:00 KSA · CLOSED  · signal     · SPG · volSpike ▲ 89 · 1d
03:00 KSA · CLOSED  · signal     · WBD · brk ▲ 63 · 1d
03:00 KSA · CLOSED  · signal     · WBD · sqzExp ▲ 69 · 1d
03:00 KSA · CLOSED  · signal     · WBD · volSpike ▼ 56 · 1d
03:00 KSA · CLOSED  · signal     · GM · volSpike ▼ 67 · 1d
03:00 KSA · CLOSED  · signal     · EOG · brk ▼ 63 · 1d
03:00 KSA · CLOSED  · signal     · EOG · volSpike ▼ 83 · 1d
03:00 KSA · CLOSED  · signal     · RSG · sqzExp ▼ 94 · 1d
03:00 KSA · CLOSED  · signal     · APD · brk ▼ 71 · 1d
03:00 KSA · CLOSED  · signal     · MET · volSpike ▲ 67 · 1d
03:00 KSA · CLOSED  · signal     · ALL · brk ▼ 74 · 1d
03:00 KSA · CLOSED  · signal     · ALL · meanRev ▲ 85 · 1d
03:00 KSA · CLOSED  · signal     · ALL · sqzExp ▼ 81 · 1d
03:00 KSA · CLOSED  · signal     · BKR · volSpike ▲ 72 · 1d
03:00 KSA · CLOSED  · signal     · OXY · brk ▼ 82 · 1d
03:00 KSA · CLOSED  · signal     · OXY · sqzExp ▼ 88 · 1d
03:00 KSA · CLOSED  · signal     · NUE · volSpike ▼ 78 · 1d
03:00 KSA · CLOSED  · signal     · GRMN · volSpike ▲ 78 · 1d
03:00 KSA · CLOSED  · signal     · O · volSpike ▼ 72 · 1d
03:00 KSA · CLOSED  · signal     · FANG · sqzExp ▼ 88 · 1d
03:00 KSA · CLOSED  · signal     · CAH · volSpike ▲ 83 · 1d
03:00 KSA · CLOSED  · signal     · STT · volSpike ▲ 83 · 1d
03:00 KSA · CLOSED  · signal     · FITB · rsiDiv ▲ 56 · 1d
03:00 KSA · CLOSED  · signal     · EBAY · volSpike ▼ 78 · 1d
03:00 KSA · CLOSED  · signal     · WDAY · volSpike ▼ 78 · 1d
03:00 KSA · CLOSED  · signal     · A · meanRev ▼ 57 · 1d
03:00 KSA · CLOSED  · signal     · PYPL · volSpike ▼ 67 · 1d
03:00 KSA · CLOSED  · signal     · XEL · brk ▼ 87 · 1d
03:00 KSA · CLOSED  · signal     · XEL · sqzExp ▼ 56 · 1d
03:00 KSA · CLOSED  · signal     · VTR · volSpike ▼ 83 · 1d
03:00 KSA · CLOSED  · signal     · VEEV · volSpike ▼ 67 · 1d
03:00 KSA · CLOSED  · signal     · KDP · meanRev ▲ 78 · 1d
03:00 KSA · CLOSED  · signal     · KDP · sqzExp ▼ 75 · 1d
03:00 KSA · CLOSED  · signal     · CBRE · volSpike ▲ 78 · 1d
03:00 KSA · CLOSED  · signal     · PAYX · volSpike ▲ 61 · 1d
03:00 KSA · CLOSED  · signal     · ADM · volSpike ▼ 67 · 1d
03:00 KSA · CLOSED  · signal     · ED · brk ▼ 89 · 1d
03:00 KSA · CLOSED  · signal     · ED · sqzExp ▼ 88 · 1d
03:00 KSA · CLOSED  · signal     · TKO · volSpike ▲ 89 · 1d
03:00 KSA · CLOSED  · signal     · PEG · volSpike ▼ 72 · 1d
03:00 KSA · CLOSED  · signal     · HSY · volSpike ▲ 56 · 1d
03:00 KSA · CLOSED  · signal     · DXCM · volSpike ▲ 83 · 1d
03:00 KSA · CLOSED  · signal     · EME · volSpike ▲ 89 · 1d
03:00 KSA · CLOSED  · signal     · STLD · volSpike ▼ 67 · 1d
03:00 KSA · CLOSED  · signal     · BIIB · volSpike ▼ 56 · 1d
03:00 KSA · CLOSED  · signal     · RMD · volSpike ▼ 89 · 1d
03:00 KSA · CLOSED  · signal     · CNC · volSpike ▼ 78 · 1d
03:00 KSA · CLOSED  · signal     · RJF · volSpike ▲ 78 · 1d
03:00 KSA · CLOSED  · signal     · EQT · volSpike ▼ 67 · 1d
03:00 KSA · CLOSED  · signal     · EXR · rsiDiv ▲ 78 · 1d
03:00 KSA · CLOSED  · signal     · EXR · volSpike ▼ 89 · 1d
03:00 KSA · CLOSED  · signal     · GEHC · volSpike ▼ 56 · 1d
03:00 KSA · CLOSED  · signal     · MTD · sqzExp ▲ 88 · 1d
03:00 KSA · CLOSED  · signal     · WTW · brk ▼ 79 · 1d
03:00 KSA · CLOSED  · signal     · VRSN · brk ▲ 79 · 1d
03:00 KSA · CLOSED  · signal     · VRSN · meanRev ▼ 70 · 1d
03:00 KSA · CLOSED  · signal     · HAL · sqzExp ▼ 72 · 1d
03:00 KSA · CLOSED  · signal     · ATO · meanRev ▲ 85 · 1d
03:00 KSA · CLOSED  · signal     · CPRT · sqzExp ▼ 56 · 1d
03:00 KSA · CLOSED  · signal     · CTSH · volSpike ▼ 89 · 1d
03:00 KSA · CLOSED  · signal     · DTE · volSpike ▼ 61 · 1d
03:00 KSA · CLOSED  · signal     · LVS · volSpike ▼ 56 · 1d
03:00 KSA · CLOSED  · signal     · FE · brk ▼ 76 · 1d
03:00 KSA · CLOSED  · signal     · CINF · meanRev ▲ 78 · 1d
03:00 KSA · CLOSED  · signal     · FFIV · meanRev ▼ 70 · 1d
03:00 KSA · CLOSED  · signal     · OTIS · brk ▼ 89 · 1d
03:00 KSA · CLOSED  · signal     · OTIS · sqzExp ▼ 88 · 1d
03:00 KSA · CLOSED  · signal     · OTIS · volSpike ▼ 67 · 1d
03:00 KSA · CLOSED  · signal     · INCY · volSpike ▼ 78 · 1d
03:00 KSA · CLOSED  · signal     · ES · volSpike ▼ 89 · 1d
03:00 KSA · CLOSED  · signal     · EXPD · volSpike ▲ 83 · 1d
03:00 KSA · CLOSED  · signal     · PFG · volSpike ▲ 72 · 1d
03:00 KSA · CLOSED  · signal     · PPL · brk ▼ 63 · 1d
03:00 KSA · CLOSED  · signal     · VLTO · volSpike ▼ 56 · 1d
03:00 KSA · CLOSED  · signal     · KEY · rsiDiv ▲ 78 · 1d
03:00 KSA · CLOSED  · signal     · L · brk ▼ 92 · 1d
03:00 KSA · CLOSED  · signal     · BG · volSpike ▼ 94 · 1d
03:00 KSA · CLOSED  · signal     · DOW · brk ▼ 82 · 1d
03:00 KSA · CLOSED  · signal     · STZ · volSpike ▼ 83 · 1d
03:00 KSA · CLOSED  · signal     · EXE · volSpike ▼ 72 · 1d
03:00 KSA · CLOSED  · signal     · CMS · sqzExp ▼ 100 · 1d
03:00 KSA · CLOSED  · signal     · STE · volSpike ▼ 72 · 1d
03:00 KSA · CLOSED  · signal     · FICO · volSpike ▼ 72 · 1d
03:00 KSA · CLOSED  · signal     · LYB · brk ▼ 89 · 1d
03:00 KSA · CLOSED  · signal     · LYB · meanRev ▲ 85 · 1d
03:00 KSA · CLOSED  · signal     · SNA · brk ▼ 66 · 1d
03:00 KSA · CLOSED  · signal     · GIS · brk ▼ 87 · 1d
03:00 KSA · CLOSED  · signal     · GIS · sqzExp ▼ 56 · 1d
03:00 KSA · CLOSED  · signal     · SBAC · brk ▼ 89 · 1d
03:00 KSA · CLOSED  · signal     · SBAC · meanRev ▲ 78 · 1d
03:00 KSA · CLOSED  · signal     · SBAC · sqzExp ▼ 88 · 1d
03:00 KSA · CLOSED  · signal     · EVRG · brk ▼ 95 · 1d
03:00 KSA · CLOSED  · signal     · EVRG · meanRev ▲ 70 · 1d
03:00 KSA · CLOSED  · signal     · NWS · volSpike ▼ 72 · 1d
03:00 KSA · CLOSED  · signal     · FDXF · volSpike ▼ 89 · 1d
03:00 KSA · CLOSED  · signal     · GEN · volSpike ▼ 83 · 1d
03:00 KSA · CLOSED  · signal     · GPC · volSpike ▼ 83 · 1d
03:00 KSA · CLOSED  · signal     · AKAM · sqzExp ▲ 100 · 1d
03:00 KSA · CLOSED  · signal     · NVR · volSpike ▼ 78 · 1d
03:00 KSA · CLOSED  · signal     · CHTR · volSpike ▼ 83 · 1d
03:00 KSA · CLOSED  · signal     · LDOS · volSpike ▼ 89 · 1d
03:00 KSA · CLOSED  · signal     · INVH · volSpike ▼ 72 · 1d
03:00 KSA · CLOSED  · signal     · ROL · volSpike ▼ 78 · 1d
03:00 KSA · CLOSED  · signal     · SOLV · volSpike ▲ 78 · 1d
03:00 KSA · CLOSED  · signal     · PTC · volSpike ▲ 89 · 1d
03:00 KSA · CLOSED  · signal     · EG · volSpike ▼ 89 · 1d
03:00 KSA · CLOSED  · signal     · MAA · volSpike ▼ 72 · 1d
03:00 KSA · CLOSED  · signal     · MAS · volSpike ▲ 67 · 1d
03:00 KSA · CLOSED  · signal     · MKC · volSpike ▼ 89 · 1d
03:00 KSA · CLOSED  · signal     · AVY · volSpike ▼ 78 · 1d
03:00 KSA · CLOSED  · signal     · ERIE · volSpike ▼ 89 · 1d
03:00 KSA · CLOSED  · signal     · GNRC · rsiDiv ▲ 58 · 1d
03:00 KSA · CLOSED  · signal     · BF-B · volSpike ▼ 56 · 1d
03:00 KSA · CLOSED  · signal     · CSGP · volSpike ▼ 89 · 1d
03:00 KSA · CLOSED  · signal     · BXP · volSpike ▼ 67 · 1d
03:00 KSA · CLOSED  · signal     · PSKY · brk ▼ 74 · 1d
03:00 KSA · CLOSED  · signal     · WBETH-USD · brk ▲ 84 · 1d
03:00 KSA · CLOSED  · signal     · WBETH-USD · sqzExp ▲ 91 · 1d
03:00 KSA · CLOSED  · signal     · UHS · volSpike ▼ 89 · 1d
03:00 KSA · CLOSED  · signal     · WBTC-USD · brk ▲ 76 · 1d
03:00 KSA · CLOSED  · signal     · FRT · volSpike ▼ 72 · 1d
03:00 KSA · CLOSED  · signal     · HSIC · volSpike ▼ 61 · 1d
03:00 KSA · CLOSED  · signal     · APTV · volSpike ▲ 67 · 1d
03:00 KSA · CLOSED  · signal     · WYNN · volSpike ▼ 56 · 1d
03:00 KSA · CLOSED  · signal     · TAP · volSpike ▼ 89 · 1d
03:00 KSA · CLOSED  · signal     · TTD · volSpike ▼ 94 · 1d
03:00 KSA · CLOSED  · signal     · SHIB-USD · brk ▲ 89 · 1d
03:00 KSA · CLOSED  · signal     · RENDER-USD · volSpike ▲ 83 · 1d
03:00 KSA · CLOSED  · signal     · JST-USD · rsiDiv ▼ 78 · 1d
03:00 KSA · CLOSED  · signal     · NEXO-USD · sqzExp ▲ 81 · 1d
03:00 KSA · CLOSED  · signal     · SEI-USD · volSpike ▲ 83 · 1d
03:00 KSA · CLOSED  · signal     · BONK-USD · sqzExp ▲ 78 · 1d
03:00 KSA · CLOSED  · signal     · ENS-USD · brk ▲ 92 · 1d
03:00 KSA · CLOSED  · signal     · ENS-USD · meanRev ▼ 60 · 1d
03:00 KSA · CLOSED  · signal     · CFX-USD · sqzExp ▲ 81 · 1d
03:00 KSA · CLOSED  · signal     · CFX-USD · volSpike ▲ 89 · 1d
03:00 KSA · CLOSED  · signal     · FLOKI-USD · brk ▲ 71 · 1d
03:00 KSA · CLOSED  · signal     · FLOKI-USD · meanRev ▼ 65 · 1d
03:00 KSA · CLOSED  · signal     · FLOKI-USD · sqzExp ▲ 75 · 1d
03:00 KSA · CLOSED  · signal     · WIF-USD · brk ▲ 71 · 1d
03:00 KSA · CLOSED  · signal     · WIF-USD · sqzExp ▲ 75 · 1d
03:00 KSA · CLOSED  · signal     · RUNE-USD · brk ▲ 71 · 1d
03:00 KSA · CLOSED  · signal     · AXS-USD · brk ▲ 89 · 1d
03:00 KSA · CLOSED  · signal     · AXS-USD · meanRev ▼ 73 · 1d
03:00 KSA · CLOSED  · signal     · AXS-USD · sqzExp ▲ 84 · 1d
03:00 KSA · CLOSED  · signal     · CHZ-USD · brk ▲ 71 · 1d
03:00 KSA · CLOSED  · signal     · CHZ-USD · meanRev ▼ 85 · 1d
03:00 KSA · CLOSED  · signal     · CHZ-USD · sqzExp ▲ 78 · 1d
03:00 KSA · CLOSED  · signal     · MINA-USD · meanRev ▼ 60 · 1d
03:00 KSA · CLOSED  · signal     · 1INCH-USD · meanRev ▼ 70 · 1d
03:00 KSA · CLOSED  · signal     · 1INCH-USD · sqzExp ▲ 91 · 1d
03:00 KSA · CLOSED  · signal     · BAT-USD · meanRev ▼ 60 · 1d
03:00 KSA · CLOSED  · signal     · GALA-USD · brk ▲ 84 · 1d
03:00 KSA · CLOSED  · signal     · GALA-USD · meanRev ▼ 78 · 1d
03:00 KSA · CLOSED  · signal     · GALA-USD · sqzExp ▲ 78 · 1d
03:00 KSA · CLOSED  · signal     · PLUME-USD · sqzExp ▲ 88 · 1d
03:00 KSA · CLOSED  · signal     · LPT-USD · brk ▲ 74 · 1d
03:00 KSA · CLOSED  · signal     · LPT-USD · meanRev ▼ 68 · 1d
03:00 KSA · CLOSED  · signal     · W-USD · volSpike ▲ 72 · 1d
03:00 KSA · CLOSED  · signal     · PNUT-USD · brk ▲ 58 · 1d
03:00 KSA · CLOSED  · signal     · NOT-USD · sqzExp ▲ 88 · 1d
03:00 KSA · CLOSED  · signal     · COTI-USD · rsiDiv ▼ 64 · 1d
03:00 KSA · CLOSED  · signal     · MUBARAK-USD · brk ▲ 68 · 1d
03:00 KSA · CLOSED  · signal     · MUBARAK-USD · sqzExp ▲ 75 · 1d
03:00 KSA · CLOSED  · signal     · REQ-USD · rsiDiv ▲ 92 · 1d
03:00 KSA · CLOSED  · signal     · REQ-USD · volSpike ▼ 100 · 1d
03:00 KSA · CLOSED  · signal     · IOTX-USD · meanRev ▼ 60 · 1d
03:00 KSA · CLOSED  · signal     · ARKM-USD · brk ▲ 84 · 1d
03:00 KSA · CLOSED  · signal     · ARKM-USD · meanRev ▼ 78 · 1d
03:00 KSA · CLOSED  · signal     · ARKM-USD · sqzExp ▲ 94 · 1d
03:00 KSA · CLOSED  · signal     · SKL-USD · volSpike ▼ 83 · 1d
03:00 KSA · CLOSED  · signal     · CETUS-USD · brk ▲ 100 · 1d
03:00 KSA · CLOSED  · signal     · ENSO-USD · meanRev ▼ 60 · 1d
03:00 KSA · CLOSED  · signal     · COINB-USD · brk ▲ 79 · 1d
03:00 KSA · CLOSED  · signal     · COINB-USD · sqzExp ▲ 91 · 1d
03:00 KSA · CLOSED  · signal     · INTCB-USD · brk ▲ 66 · 1d
03:00 KSA · CLOSED  · signal     · INTCB-USD · meanRev ▼ 73 · 1d
03:00 KSA · CLOSED  · signal     · INTCB-USD · sqzExp ▲ 66 · 1d
03:00 KSA · CLOSED  · signal     · SPYB-USD · sqzExp ▲ 100 · 1d
03:00 KSA · CLOSED  · signal     · GUN-USD · volSpike ▼ 100 · 1d
03:00 KSA · CLOSED  · signal     · BMNRB-USD · brk ▲ 79 · 1d
03:00 KSA · CLOSED  · signal     · BMNRB-USD · sqzExp ▲ 81 · 1d
03:00 KSA · CLOSED  · signal     · MRVLB-USD · brk ▲ 74 · 1d
03:00 KSA · CLOSED  · signal     · MRVLB-USD · sqzExp ▲ 75 · 1d
03:00 KSA · CLOSED  · signal     · BAR-USD · volSpike ▼ 94 · 1d
03:00 KSA · CLOSED  · signal     · AMDB-USD · meanRev ▼ 85 · 1d
03:00 KSA · CLOSED  · signal     · AXTIB-USD · brk ▲ 74 · 1d
03:00 KSA · CLOSED  · signal     · AXTIB-USD · meanRev ▼ 70 · 1d
03:00 KSA · CLOSED  · signal     · AXTIB-USD · sqzExp ▲ 75 · 1d
03:00 KSA · CLOSED  · signal     · EPIC-USD · volSpike ▲ 94 · 1d
03:00 KSA · CLOSED  · signal     · COHRB-USD · brk ▲ 55 · 1d
03:00 KSA · CLOSED  · signal     · COHRB-USD · sqzExp ▲ 56 · 1d
03:00 KSA · CLOSED  · signal     · TQQQB-USD · brk ▲ 66 · 1d
03:00 KSA · CLOSED  · signal     · TQQQB-USD · meanRev ▼ 63 · 1d
03:00 KSA · CLOSED  · signal     · TQQQB-USD · sqzExp ▲ 75 · 1d
03:00 KSA · CLOSED  · signal     · SOXSB-USD · brk ▼ 74 · 1d
03:00 KSA · CLOSED  · signal     · SOXSB-USD · meanRev ▲ 70 · 1d
03:00 KSA · CLOSED  · signal     · SOXSB-USD · sqzExp ▼ 75 · 1d
03:00 KSA · CLOSED  · signal     · DELLB-USD · rsiDiv ▼ 78 · 1d
03:00 KSA · CLOSED  · signal     · MASK-USD · brk ▲ 58 · 1d
03:00 KSA · CLOSED  · signal     · SYN-USD · meanRev ▼ 60 · 1d
03:00 KSA · CLOSED  · signal     · FORM-USD · meanRev ▼ 60 · 1d
03:00 KSA · CLOSED  · signal     · SUPER-USD · rsiDiv ▼ 72 · 1d
03:00 KSA · CLOSED  · signal     · POL-USD · sqzExp ▲ 72 · 1d
03:00 KSA · CLOSED  · signal     · METAB-USD · brk ▲ 61 · 1d
03:00 KSA · CLOSED  · signal     · METAB-USD · meanRev ▼ 60 · 1d
03:00 KSA · CLOSED  · signal     · MET-USD · meanRev ▼ 60 · 1d
03:00 KSA · CLOSED  · signal     · RONIN-USD · brk ▲ 84 · 1d
03:00 KSA · CLOSED  · signal     · RONIN-USD · meanRev ▼ 60 · 1d
03:00 KSA · CLOSED  · signal     · RONIN-USD · sqzExp ▲ 94 · 1d
03:00 KSA · CLOSED  · signal     · WAL-USD · meanRev ▼ 60 · 1d
03:00 KSA · CLOSED  · signal     · WAL-USD · sqzExp ▲ 56 · 1d
03:00 KSA · CLOSED  · signal     · IO-USD · brk ▲ 89 · 1d
03:00 KSA · CLOSED  · signal     · IO-USD · sqzExp ▲ 94 · 1d
03:00 KSA · CLOSED  · signal     · S-USD · volSpike ▲ 83 · 1d
03:00 KSA · CLOSED  · signal     · MIRA-USD · meanRev ▼ 60 · 1d
03:00 KSA · CLOSED  · signal     · GRT-USD · volSpike ▲ 83 · 1d
03:00 KSA · CLOSED  · signal     · G-USD · volSpike ▼ 89 · 1d
03:00 KSA · CLOSED  · signal     · NIL-USD · brk ▲ 61 · 1d
03:01 KSA · CLOSED  · scanner    · بدء المسح · 1154 رمزاً · الجلسة CLOSED
03:01 KSA · CLOSED  · scanner    · ساعة التأكيد مثبَّتة على شمعة 23:45Z (من cbar)
03:02 KSA · CLOSED  · scanner    · بدء المسح · 1154 رمزاً · الجلسة CLOSED
03:02 KSA · CLOSED  · scanner    · ساعة التأكيد مثبَّتة على شمعة 23:45Z (من cbar)
03:04 KSA · CLOSED  · scanner    · بدء المسح · 1154 رمزاً · الجلسة CLOSED
03:04 KSA · CLOSED  · scanner    · ساعة التأكيد مثبَّتة على شمعة 23:45Z (من cbar)
03:06 KSA · CLOSED  · scanner    · بدء المسح · 1154 رمزاً · الجلسة CLOSED
03:06 KSA · CLOSED  · scanner    · ساعة التأكيد مثبَّتة على شمعة 23:45Z (من cbar)
03:09 KSA · CLOSED  · scanner    · بدء المسح · 1154 رمزاً · الجلسة CLOSED
03:09 KSA · CLOSED  · scanner    · ساعة التأكيد مثبَّتة على شمعة 23:45Z (من cbar)
03:10 KSA · CLOSED  · scanner    · بدء المسح · 1154 رمزاً · الجلسة CLOSED
03:10 KSA · CLOSED  · scanner    · ساعة التأكيد مثبَّتة على شمعة 23:45Z (من cbar)
03:12 KSA · CLOSED  · scanner    · بدء المسح · 1154 رمزاً · الجلسة CLOSED
03:12 KSA · CLOSED  · scanner    · ساعة التأكيد مثبَّتة على شمعة 23:45Z (من cbar)
03:14 KSA · CLOSED  · scanner    · بدء المسح · 1154 رمزاً · الجلسة CLOSED
03:14 KSA · CLOSED  · scanner    · ساعة التأكيد مثبَّتة على شمعة 23:45Z (من cbar)
03:15 KSA · CLOSED  · scanner    · بدء المسح · 1154 رمزاً · الجلسة CLOSED
03:15 KSA · CLOSED  · scanner    · ساعة التأكيد مثبَّتة على شمعة 00:00Z (من cbar)
03:16 KSA · CLOSED  · scanner    · بدء المسح · 1154 رمزاً · الجلسة CLOSED
03:16 KSA · CLOSED  · scanner    · ساعة التأكيد مثبَّتة على شمعة 00:00Z (من cbar)
03:18 KSA · CLOSED  · scanner    · بدء المسح · 1154 رمزاً · الجلسة CLOSED
03:18 KSA · CLOSED  · scanner    · ساعة التأكيد مثبَّتة على شمعة 00:00Z (من cbar)
03:23 KSA · CLOSED  · scanner    · بدء المسح · 1154 رمزاً · الجلسة CLOSED
03:23 KSA · CLOSED  · scanner    · ساعة التأكيد مثبَّتة على شمعة 00:00Z (من cbar)
03:23 KSA · CLOSED  · signal     · MSFT · tfAlign ▲ 74 · 1d
03:23 KSA · CLOSED  · signal     · AVGO · pbTrend ▼ 69 · 1h
03:23 KSA · CLOSED  · signal     · LRCX · tfAlign ▲ 76 · 1d
03:23 KSA · CLOSED  · signal     · CAT · pbTrend ▼ 55 · 1h
03:23 KSA · CLOSED  · signal     · PG · pbTrend ▲ 57 · 1h
03:23 KSA · CLOSED  · signal     · PANW · tfAlign ▲ 95 · 1d
03:23 KSA · CLOSED  · signal     · TXN · tfAlign ▲ 95 · 1d
03:23 KSA · CLOSED  · signal     · QCOM · tfAlign ▲ 100 · 1d
03:23 KSA · CLOSED  · signal     · GILD · rsiDiv ▲ 58 · 1d
03:23 KSA · CLOSED  · signal     · PFE · tfAlign ▲ 74 · 1d
03:23 KSA · CLOSED  · signal     · FCX · tfAlign ▲ 63 · 1d
03:23 KSA · CLOSED  · signal     · PWR · pbTrend ▼ 55 · 1h
03:23 KSA · CLOSED  · signal     · VRT · pbTrend ▼ 76 · 1h
03:23 KSA · CLOSED  · signal     · CMI · pbTrend ▼ 95 · 1h
03:23 KSA · CLOSED  · signal     · FIX · pbTrend ▼ 67 · 1h
03:23 KSA · CLOSED  · signal     · HONA · tfAlign ▲ 68 · 1d
03:23 KSA · CLOSED  · signal     · CIEN · pbTrend ▼ 55 · 1h
03:23 KSA · CLOSED  · signal     · ON · pbTrend ▼ 67 · 1h
03:23 KSA · CLOSED  · signal     · DOGE-USD · tfAlign ▲ 92 · 1d
03:23 KSA · CLOSED  · signal     · ADA-USD · tfAlign ▲ 95 · 1d
03:23 KSA · CLOSED  · signal     · PAXG-USD · rsiDiv ▼ 67 · 1h
03:23 KSA · CLOSED  · signal     · FET-USD · tfAlign ▲ 100 · 1d
03:23 KSA · CLOSED  · signal     · XPL-USD · tfAlign ▲ 68 · 1d
03:23 KSA · CLOSED  · signal     · CRCLB-USD · tfAlign ▲ 95 · 1d
03:23 KSA · CLOSED  · signal     · T-USD · tfAlign ▲ 76 · 1d
03:23 KSA · CLOSED  · signal     · UNI-USD · momo ▲ 72 · 1h
03:23 KSA · CLOSED  · signal     · UNI-USD · tfAlign ▲ 100 · 1d
03:23 KSA · CLOSED  · signal     · SUI-USD · tfAlign ▲ 100 · 1d
03:23 KSA · CLOSED  · signal     · TAO-USD · rsiDiv ▼ 64 · 1d
03:23 KSA · CLOSED  · signal     · TAO-USD · momo ▲ 89 · 1h
03:23 KSA · CLOSED  · signal     · TAO-USD · tfAlign ▲ 92 · 1d
03:23 KSA · CLOSED  · signal     · THE-USD · rsiDiv ▼ 58 · 1h
03:23 KSA · CLOSED  · signal     · HOLO-USD · momo ▲ 64 · 1h
03:23 KSA · CLOSED  · signal     · PENGU-USD · tfAlign ▲ 100 · 1d
03:23 KSA · CLOSED  · signal     · WLFI-USD · tfAlign ▼ 87 · 1d
03:23 KSA · CLOSED  · signal     · CKB-USD · brk ▲ 68 · 1d
03:23 KSA · CLOSED  · signal     · AMP-USD · sqzExp ▲ 78 · 1d
03:23 KSA · CLOSED  · signal     · FLUX-USD · meanRev ▼ 85 · 1d
03:23 KSA · CLOSED  · signal     · DIA-USD · sqzExp ▲ 69 · 1d
03:23 KSA · CLOSED  · signal     · NEWT-USD · meanRev ▼ 68 · 1d
03:23 KSA · CLOSED  · signal     · KERNEL-USD · brk ▲ 71 · 1d
03:23 KSA · CLOSED  · signal     · KERNEL-USD · meanRev ▼ 68 · 1d
03:23 KSA · CLOSED  · signal     · KERNEL-USD · sqzExp ▲ 84 · 1d
03:23 KSA · CLOSED  · signal     · RKLBB-USD · brk ▲ 71 · 1d
03:23 KSA · CLOSED  · signal     · RKLBB-USD · sqzExp ▲ 81 · 1d
03:23 KSA · CLOSED  · signal     · SUPER-USD · meanRev ▼ 60 · 1d
03:23 KSA · CLOSED  · signal     · COMP-USD · sqzExp ▲ 56 · 1d
03:23 KSA · CLOSED  · signal     · GMT-USD · brk ▲ 92 · 1d
03:23 KSA · CLOSED  · signal     · GMT-USD · meanRev ▼ 65 · 1d
03:23 KSA · CLOSED  · signal     · GMT-USD · sqzExp ▲ 94 · 1d
03:25 KSA · CLOSED  · scanner    · بدء المسح · 1154 رمزاً · الجلسة CLOSED
03:25 KSA · CLOSED  · scanner    · ساعة التأكيد مثبَّتة على شمعة 00:00Z (من cbar)
03:26 KSA · CLOSED  · scanner    · بدء المسح · 1154 رمزاً · الجلسة CLOSED
03:26 KSA · CLOSED  · scanner    · ساعة التأكيد مثبَّتة على شمعة 00:00Z (من cbar)
03:28 KSA · CLOSED  · scanner    · بدء المسح · 1154 رمزاً · الجلسة CLOSED
03:28 KSA · CLOSED  · scanner    · ساعة التأكيد مثبَّتة على شمعة 00:00Z (من cbar)
03:30 KSA · CLOSED  · scanner    · بدء المسح · 1154 رمزاً · الجلسة CLOSED
03:30 KSA · CLOSED  · scanner    · ساعة التأكيد مثبَّتة على شمعة 00:15Z (من cbar)
03:31 KSA · CLOSED  · scanner    · بدء المسح · 1154 رمزاً · الجلسة CLOSED
03:31 KSA · CLOSED  · scanner    · ساعة التأكيد مثبَّتة على شمعة 00:15Z (من cbar)
03:32 KSA · CLOSED  · scanner    · بدء المسح · 1154 رمزاً · الجلسة CLOSED
03:32 KSA · CLOSED  · scanner    · ساعة التأكيد مثبَّتة على شمعة 00:15Z (من cbar)
03:34 KSA · CLOSED  · scanner    · بدء المسح · 1154 رمزاً · الجلسة CLOSED
03:34 KSA · CLOSED  · scanner    · ساعة التأكيد مثبَّتة على شمعة 00:15Z (من cbar)
03:36 KSA · CLOSED  · scanner    · بدء المسح · 1154 رمزاً · الجلسة CLOSED
03:36 KSA · CLOSED  · scanner    · ساعة التأكيد مثبَّتة على شمعة 00:15Z (من cbar)
03:39 KSA · CLOSED  · scanner    · بدء المسح · 1154 رمزاً · الجلسة CLOSED
03:39 KSA · CLOSED  · scanner    · ساعة التأكيد مثبَّتة على شمعة 00:15Z (من cbar)
03:40 KSA · CLOSED  · scanner    · بدء المسح · 1154 رمزاً · الجلسة CLOSED
03:40 KSA · CLOSED  · scanner    · ساعة التأكيد مثبَّتة على شمعة 00:15Z (من cbar)
03:42 KSA · CLOSED  · scanner    · بدء المسح · 1154 رمزاً · الجلسة CLOSED
03:42 KSA · CLOSED  · scanner    · ساعة التأكيد مثبَّتة على شمعة 00:15Z (من cbar)
03:44 KSA · CLOSED  · scanner    · بدء المسح · 1154 رمزاً · الجلسة CLOSED
03:44 KSA · CLOSED  · scanner    · ساعة التأكيد مثبَّتة على شمعة 00:15Z (من cbar)
03:45 KSA · CLOSED  · scanner    · بدء المسح · 1154 رمزاً · الجلسة CLOSED
03:45 KSA · CLOSED  · scanner    · ساعة التأكيد مثبَّتة على شمعة 00:30Z (من cbar)
03:46 KSA · CLOSED  · scanner    · بدء المسح · 1154 رمزاً · الجلسة CLOSED
03:46 KSA · CLOSED  · scanner    · ساعة التأكيد مثبَّتة على شمعة 00:30Z (من cbar)
03:48 KSA · CLOSED  · scanner    · بدء المسح · 1154 رمزاً · الجلسة CLOSED
03:48 KSA · CLOSED  · scanner    · ساعة التأكيد مثبَّتة على شمعة 00:30Z (من cbar)
03:53 KSA · CLOSED  · scanner    · بدء المسح · 1154 رمزاً · الجلسة CLOSED
03:53 KSA · CLOSED  · scanner    · ساعة التأكيد مثبَّتة على شمعة 00:30Z (من cbar)
03:53 KSA · CLOSED  · signal     · UNI-USD · momo ▲ 72 · 1h
03:53 KSA · CLOSED  · signal     · UNI-USD · tfAlign ▲ 100 · 1d
03:53 KSA · CLOSED  · signal     · SUI-USD · tfAlign ▲ 100 · 1d
03:53 KSA · CLOSED  · signal     · TAO-USD · rsiDiv ▼ 69 · 1d
03:53 KSA · CLOSED  · signal     · TAO-USD · momo ▲ 89 · 1h
03:53 KSA · CLOSED  · signal     · TAO-USD · tfAlign ▲ 92 · 1d
03:53 KSA · CLOSED  · signal     · THE-USD · rsiDiv ▼ 64 · 1h
03:53 KSA · CLOSED  · signal     · HOLO-USD · momo ▲ 64 · 1h
03:53 KSA · CLOSED  · signal     · PENGU-USD · tfAlign ▲ 100 · 1d
03:53 KSA · CLOSED  · signal     · 1000SATS-USD · brk ▲ 66 · 1d
03:53 KSA · CLOSED  · signal     · SUN-USD · brk ▲ 71 · 1d
03:53 KSA · CLOSED  · signal     · SNX-USD · brk ▲ 71 · 1d
03:53 KSA · CLOSED  · signal     · SNX-USD · sqzExp ▲ 78 · 1d
03:53 KSA · CLOSED  · signal     · AVNT-USD · meanRev ▼ 73 · 1d
03:53 KSA · CLOSED  · signal     · AVNT-USD · sqzExp ▲ 84 · 1d
03:53 KSA · CLOSED  · signal     · SKL-USD · meanRev ▼ 73 · 1d
03:53 KSA · CLOSED  · signal     · EPIC-USD · sqzExp ▲ 100 · 1d
03:53 KSA · CLOSED  · signal     · QCOMB-USD · brk ▲ 79 · 1d
03:53 KSA · CLOSED  · signal     · QCOMB-USD · meanRev ▼ 65 · 1d
03:53 KSA · CLOSED  · signal     · MVLLB-USD · brk ▲ 68 · 1d
03:53 KSA · CLOSED  · signal     · MVLLB-USD · meanRev ▼ 78 · 1d
03:53 KSA · CLOSED  · signal     · MVLLB-USD · sqzExp ▲ 75 · 1d
03:53 KSA · CLOSED  · signal     · VELODROME-USD · brk ▲ 79 · 1d
03:53 KSA · CLOSED  · signal     · HOME-USD · brk ▲ 68 · 1d
03:53 KSA · CLOSED  · signal     · ME-USD · brk ▲ 66 · 1d
03:53 KSA · CLOSED  · signal     · ME-USD · meanRev ▼ 85 · 1d
03:53 KSA · CLOSED  · signal     · ME-USD · sqzExp ▲ 69 · 1d
03:53 KSA · CLOSED  · signal     · ANIME-USD · meanRev ▼ 68 · 1d
03:59 KSA · CLOSED  · scanner    · بدء المسح · 1154 رمزاً · الجلسة CLOSED
03:59 KSA · CLOSED  · scanner    · ساعة التأكيد مثبَّتة على شمعة 00:30Z (من cbar)
04:04 KSA · CLOSED  · scanner    · بدء المسح · 1154 رمزاً · الجلسة CLOSED
04:04 KSA · CLOSED  · scanner    · ساعة التأكيد مثبَّتة على شمعة 00:45Z (من cbar)
04:05 KSA · CLOSED  · scanner    · بدء المسح · 1154 رمزاً · الجلسة CLOSED
04:05 KSA · CLOSED  · scanner    · ساعة التأكيد مثبَّتة على شمعة 00:45Z (من cbar)
04:06 KSA · CLOSED  · scanner    · بدء المسح · 1154 رمزاً · الجلسة CLOSED
04:06 KSA · CLOSED  · scanner    · ساعة التأكيد مثبَّتة على شمعة 00:45Z (من cbar)
04:08 KSA · CLOSED  · scanner    · بدء المسح · 1154 رمزاً · الجلسة CLOSED
04:08 KSA · CLOSED  · scanner    · ساعة التأكيد مثبَّتة على شمعة 00:45Z (من cbar)
04:10 KSA · CLOSED  · scanner    · بدء المسح · 1154 رمزاً · الجلسة CLOSED
04:10 KSA · CLOSED  · scanner    · ساعة التأكيد مثبَّتة على شمعة 00:45Z (من cbar)
04:12 KSA · CLOSED  · scanner    · بدء المسح · 1154 رمزاً · الجلسة CLOSED
04:12 KSA · CLOSED  · scanner    · ساعة التأكيد مثبَّتة على شمعة 00:45Z (من cbar)
04:14 KSA · CLOSED  · scanner    · بدء المسح · 1154 رمزاً · الجلسة CLOSED
04:14 KSA · CLOSED  · scanner    · ساعة التأكيد مثبَّتة على شمعة 00:45Z (من cbar)
04:20 KSA · CLOSED  · scanner    · بدء المسح · 1154 رمزاً · الجلسة CLOSED
04:20 KSA · CLOSED  · scanner    · ساعة التأكيد مثبَّتة على شمعة 01:00Z (من cbar)
04:21 KSA · CLOSED  · scanner    · بدء المسح · 1154 رمزاً · الجلسة CLOSED
04:21 KSA · CLOSED  · scanner    · ساعة التأكيد مثبَّتة على شمعة 01:00Z (من cbar)
04:25 KSA · CLOSED  · scanner    · بدء المسح · 1154 رمزاً · الجلسة CLOSED
04:25 KSA · CLOSED  · scanner    · ساعة التأكيد مثبَّتة على شمعة 01:00Z (من cbar)
04:25 KSA · CLOSED  · signal     · ADP · rsiDiv ▲ 78 · 1h
04:25 KSA · CLOSED  · signal     · CRCLB-USD · pbTrend ▲ 86 · 1h
04:25 KSA · CLOSED  · signal     · CRCLB-USD · momo ▼ 56 · 1h
04:25 KSA · CLOSED  · signal     · VTHO-USD · sqzExp ▼ 55 · 1h
04:25 KSA · CLOSED  · signal     · QQQB-USD · sqzExp ▲ 60 · 1h
04:25 KSA · CLOSED  · signal     · UNI-USD · momo ▲ 72 · 1h
04:25 KSA · CLOSED  · signal     · UNI-USD · tfAlign ▲ 95 · 1d
04:25 KSA · CLOSED  · signal     · SUI-USD · tfAlign ▲ 100 · 1d
04:25 KSA · CLOSED  · signal     · U-USD · pbTrend ▲ 67 · 1h
04:25 KSA · CLOSED  · signal     · TAO-USD · rsiDiv ▼ 64 · 1d
04:25 KSA · CLOSED  · signal     · TAO-USD · tfAlign ▲ 87 · 1d
04:25 KSA · CLOSED  · signal     · THE-USD · rsiDiv ▼ 58 · 1h
04:25 KSA · CLOSED  · signal     · THE-USD · momo ▲ 58 · 1h
04:25 KSA · CLOSED  · signal     · PENGU-USD · tfAlign ▲ 100 · 1d
04:25 KSA · CLOSED  · signal     · WLFI-USD · tfAlign ▼ 87 · 1d
04:25 KSA · CLOSED  · signal     · ASTER-USD · pbTrend ▲ 76 · 1h
04:25 KSA · CLOSED  · signal     · XEC-USD · brk ▲ 92 · 1d
04:25 KSA · CLOSED  · signal     · XEC-USD · sqzExp ▲ 100 · 1d
04:25 KSA · CLOSED  · signal     · FLOW-USD · brk ▲ 87 · 1d
04:25 KSA · CLOSED  · signal     · FLOW-USD · meanRev ▼ 85 · 1d
04:25 KSA · CLOSED  · signal     · FLOW-USD · sqzExp ▲ 88 · 1d
04:25 KSA · CLOSED  · signal     · DUSK-USD · brk ▲ 89 · 1d
04:25 KSA · CLOSED  · signal     · DUSK-USD · meanRev ▼ 65 · 1d
04:25 KSA · CLOSED  · signal     · TNSR-USD · meanRev ▼ 60 · 1d
04:25 KSA · CLOSED  · signal     · DYM-USD · brk ▲ 87 · 1d
04:25 KSA · CLOSED  · signal     · DYM-USD · sqzExp ▲ 81 · 1d
04:25 KSA · CLOSED  · signal     · DYM-USD · rsiDiv ▼ 78 · 1d
04:25 KSA · CLOSED  · signal     · XAI-USD · sqzExp ▲ 88 · 1d
04:25 KSA · CLOSED  · signal     · TSMB-USD · brk ▲ 55 · 1d
04:25 KSA · CLOSED  · signal     · TSMB-USD · meanRev ▼ 63 · 1d
04:25 KSA · CLOSED  · signal     · ARMB-USD · meanRev ▼ 75 · 1d
04:25 KSA · CLOSED  · signal     · WCT-USD · meanRev ▼ 85 · 1d
04:25 KSA · CLOSED  · signal     · ID-USD · brk ▲ 71 · 1d
04:25 KSA · CLOSED  · signal     · ID-USD · sqzExp ▲ 91 · 1d
04:25 KSA · CLOSED  · signal     · ALABB-USD · brk ▲ 68 · 1d
04:25 KSA · CLOSED  · signal     · ALABB-USD · meanRev ▼ 63 · 1d
04:25 KSA · CLOSED  · signal     · ALABB-USD · sqzExp ▲ 75 · 1d
04:25 KSA · CLOSED  · signal     · ERA-USD · meanRev ▼ 65 · 1d
04:25 KSA · CLOSED  · signal     · ERA-USD · sqzExp ▲ 84 · 1d
04:25 KSA · CLOSED  · signal     · AIGENSYN-USD · meanRev ▼ 63 · 1d
04:25 KSA · CLOSED  · signal     · AIGENSYN-USD · sqzExp ▲ 69 · 1d
04:25 KSA · CLOSED  · signal     · IMX-USD · brk ▲ 87 · 1d
04:25 KSA · CLOSED  · signal     · IMX-USD · meanRev ▼ 78 · 1d
04:25 KSA · CLOSED  · signal     · IMX-USD · sqzExp ▲ 94 · 1d
04:25 KSA · CLOSED  · signal     · MEME-USD · brk ▲ 66 · 1d
04:25 KSA · CLOSED  · signal     · MEME-USD · meanRev ▼ 70 · 1d
04:25 KSA · CLOSED  · signal     · MEME-USD · sqzExp ▲ 59 · 1d
04:25 KSA · CLOSED  · signal     · RARE-USD · sqzExp ▲ 69 · 1d
04:29 KSA · CLOSED  · scanner    · بدء المسح · 1154 رمزاً · الجلسة CLOSED
04:29 KSA · CLOSED  · scanner    · ساعة التأكيد مثبَّتة على شمعة 01:00Z (من cbar)
04:30 KSA · CLOSED  · scanner    · بدء المسح · 1154 رمزاً · الجلسة CLOSED
04:30 KSA · CLOSED  · scanner    · ساعة التأكيد مثبَّتة على شمعة 01:00Z (من cbar)
04:35 KSA · CLOSED  · scanner    · بدء المسح · 1154 رمزاً · الجلسة CLOSED
04:35 KSA · CLOSED  · scanner    · ساعة التأكيد مثبَّتة على شمعة 01:15Z (من cbar)
04:36 KSA · CLOSED  · scanner    · بدء المسح · 1154 رمزاً · الجلسة CLOSED
04:36 KSA · CLOSED  · scanner    · ساعة التأكيد مثبَّتة على شمعة 01:15Z (من cbar)
04:39 KSA · CLOSED  · scanner    · بدء المسح · 1154 رمزاً · الجلسة CLOSED
04:39 KSA · CLOSED  · scanner    · ساعة التأكيد مثبَّتة على شمعة 01:15Z (من cbar)
04:40 KSA · CLOSED  · scanner    · بدء المسح · 1154 رمزاً · الجلسة CLOSED
04:40 KSA · CLOSED  · scanner    · ساعة التأكيد مثبَّتة على شمعة 01:15Z (من cbar)
04:42 KSA · CLOSED  · scanner    · بدء المسح · 1154 رمزاً · الجلسة CLOSED
04:42 KSA · CLOSED  · scanner    · ساعة التأكيد مثبَّتة على شمعة 01:15Z (من cbar)
04:44 KSA · CLOSED  · scanner    · بدء المسح · 1154 رمزاً · الجلسة CLOSED
04:44 KSA · CLOSED  · scanner    · ساعة التأكيد مثبَّتة على شمعة 01:15Z (من cbar)
04:50 KSA · CLOSED  · scanner    · بدء المسح · 1154 رمزاً · الجلسة CLOSED
04:50 KSA · CLOSED  · scanner    · ساعة التأكيد مثبَّتة على شمعة 01:30Z (من cbar)
04:51 KSA · CLOSED  · scanner    · بدء المسح · 1154 رمزاً · الجلسة CLOSED
04:51 KSA · CLOSED  · scanner    · ساعة التأكيد مثبَّتة على شمعة 01:30Z (من cbar)
04:55 KSA · CLOSED  · scanner    · بدء المسح · 1154 رمزاً · الجلسة CLOSED
04:55 KSA · CLOSED  · scanner    · ساعة التأكيد مثبَّتة على شمعة 01:30Z (من cbar)
04:55 KSA · CLOSED  · signal     · APH · tfAlign ▲ 71 · 1d
04:55 KSA · CLOSED  · signal     · MDLZ · tfAlign ▼ 68 · 1d
04:55 KSA · CLOSED  · signal     · CMI · rsiDiv ▲ 69 · 1d
04:55 KSA · CLOSED  · signal     · NSC · tfAlign ▼ 82 · 1d
04:55 KSA · CLOSED  · signal     · UNI-USD · momo ▲ 72 · 1h
04:55 KSA · CLOSED  · signal     · UNI-USD · tfAlign ▲ 100 · 1d
04:55 KSA · CLOSED  · signal     · SUI-USD · tfAlign ▲ 100 · 1d
04:55 KSA · CLOSED  · signal     · U-USD · pbTrend ▲ 67 · 1h
04:55 KSA · CLOSED  · signal     · TAO-USD · rsiDiv ▼ 69 · 1d
04:55 KSA · CLOSED  · signal     · TAO-USD · tfAlign ▲ 92 · 1d
04:55 KSA · CLOSED  · signal     · THE-USD · rsiDiv ▼ 58 · 1h
04:55 KSA · CLOSED  · signal     · EUR-USD · tfAlign ▼ 100 · 1d
04:55 KSA · CLOSED  · signal     · PENGU-USD · tfAlign ▲ 100 · 1d
04:55 KSA · CLOSED  · signal     · WLFI-USD · tfAlign ▼ 87 · 1d
04:55 KSA · CLOSED  · signal     · ASTER-USD · pbTrend ▲ 76 · 1h
04:55 KSA · CLOSED  · signal     · NXPC-USD · brk ▲ 71 · 1d
04:55 KSA · CLOSED  · signal     · NXPC-USD · meanRev ▼ 85 · 1d
04:55 KSA · CLOSED  · signal     · NXPC-USD · sqzExp ▲ 81 · 1d
04:55 KSA · CLOSED  · signal     · OPG-USD · brk ▲ 79 · 1d
04:55 KSA · CLOSED  · signal     · OPG-USD · meanRev ▼ 85 · 1d
04:55 KSA · CLOSED  · signal     · OPG-USD · sqzExp ▲ 84 · 1d
04:55 KSA · CLOSED  · signal     · CHR-USD · sqzExp ▲ 81 · 1d
04:55 KSA · CLOSED  · signal     · HAEDAL-USD · meanRev ▼ 80 · 1d
04:55 KSA · CLOSED  · signal     · HAEDAL-USD · sqzExp ▲ 69 · 1d
04:55 KSA · CLOSED  · signal     · PIXEL-USD · brk ▲ 61 · 1d
04:55 KSA · CLOSED  · signal     · PIXEL-USD · sqzExp ▲ 94 · 1d
04:55 KSA · CLOSED  · signal     · MAGIC-USD · meanRev ▼ 60 · 1d
04:55 KSA · CLOSED  · signal     · AXL-USD · meanRev ▼ 60 · 1d
04:55 KSA · CLOSED  · signal     · HOT-USD · brk ▲ 84 · 1d
05:06 KSA · CLOSED  · scanner    · بدء المسح · 1154 رمزاً · الجلسة CLOSED
05:06 KSA · CLOSED  · scanner    · ساعة التأكيد مثبَّتة على شمعة 01:45Z (من cbar)
05:09 KSA · CLOSED  · scanner    · بدء المسح · 1154 رمزاً · الجلسة CLOSED
05:09 KSA · CLOSED  · scanner    · ساعة التأكيد مثبَّتة على شمعة 01:45Z (من cbar)
05:10 KSA · CLOSED  · scanner    · بدء المسح · 1154 رمزاً · الجلسة CLOSED
05:10 KSA · CLOSED  · scanner    · ساعة التأكيد مثبَّتة على شمعة 01:45Z (من cbar)
05:12 KSA · CLOSED  · scanner    · بدء المسح · 1154 رمزاً · الجلسة CLOSED
05:12 KSA · CLOSED  · scanner    · ساعة التأكيد مثبَّتة على شمعة 01:45Z (من cbar)
05:14 KSA · CLOSED  · scanner    · بدء المسح · 1154 رمزاً · الجلسة CLOSED
05:14 KSA · CLOSED  · scanner    · ساعة التأكيد مثبَّتة على شمعة 01:45Z (من cbar)
05:20 KSA · CLOSED  · scanner    · بدء المسح · 1154 رمزاً · الجلسة CLOSED
05:20 KSA · CLOSED  · scanner    · ساعة التأكيد مثبَّتة على شمعة 02:00Z (من cbar)
05:21 KSA · CLOSED  · scanner    · بدء المسح · 1154 رمزاً · الجلسة CLOSED
05:21 KSA · CLOSED  · scanner    · ساعة التأكيد مثبَّتة على شمعة 02:00Z (من cbar)
05:24 KSA · CLOSED  · scanner    · بدء المسح · 1154 رمزاً · الجلسة CLOSED
05:24 KSA · CLOSED  · scanner    · ساعة التأكيد مثبَّتة على شمعة 02:00Z (من cbar)
05:24 KSA · CLOSED  · signal     · LSK-USD · sqzExp ▼ 70 · 1h
05:24 KSA · CLOSED  · signal     · UNI-USD · momo ▲ 86 · 1h
05:24 KSA · CLOSED  · signal     · UNI-USD · tfAlign ▲ 100 · 1d
05:24 KSA · CLOSED  · signal     · SUI-USD · momo ▲ 83 · 1h
05:24 KSA · CLOSED  · signal     · SUI-USD · tfAlign ▲ 100 · 1d
05:24 KSA · CLOSED  · signal     · U-USD · pbTrend ▲ 67 · 1h
05:24 KSA · CLOSED  · signal     · TAO-USD · rsiDiv ▼ 69 · 1d
05:24 KSA · CLOSED  · signal     · TAO-USD · tfAlign ▲ 92 · 1d
05:24 KSA · CLOSED  · signal     · THE-USD · momo ▲ 75 · 1h
05:24 KSA · CLOSED  · signal     · EUR-USD · tfAlign ▼ 95 · 1d
05:24 KSA · CLOSED  · signal     · PENGU-USD · tfAlign ▲ 95 · 1d
05:24 KSA · CLOSED  · signal     · WLFI-USD · tfAlign ▼ 92 · 1d
05:24 KSA · CLOSED  · signal     · ASTER-USD · pbTrend ▲ 76 · 1h
05:24 KSA · CLOSED  · signal     · UMA-USD · sqzExp ▲ 59 · 1d
05:24 KSA · CLOSED  · signal     · RLC-USD · brk ▲ 79 · 1d
05:24 KSA · CLOSED  · signal     · RLC-USD · meanRev ▼ 93 · 1d
05:24 KSA · CLOSED  · signal     · RLC-USD · sqzExp ▲ 94 · 1d
05:24 KSA · CLOSED  · signal     · OGN-USD · brk ▲ 71 · 1d
05:24 KSA · CLOSED  · signal     · INTWB-USD · brk ▲ 61 · 1d
05:24 KSA · CLOSED  · signal     · INTWB-USD · meanRev ▼ 85 · 1d
05:24 KSA · CLOSED  · signal     · INTWB-USD · sqzExp ▲ 66 · 1d
05:24 KSA · CLOSED  · signal     · BTTC-USD · brk ▲ 89 · 1d
05:24 KSA · CLOSED  · signal     · BTTC-USD · sqzExp ▲ 59 · 1d
05:24 KSA · CLOSED  · signal     · BTTC-USD · rsiDiv ▼ 78 · 1d
05:24 KSA · CLOSED  · signal     · SHELL-USD · brk ▲ 92 · 1d
05:24 KSA · CLOSED  · signal     · SHELL-USD · meanRev ▼ 68 · 1d
05:24 KSA · CLOSED  · signal     · SHELL-USD · sqzExp ▲ 94 · 1d
05:24 KSA · CLOSED  · signal     · COOKIE-USD · sqzExp ▲ 78 · 1d
05:26 KSA · CLOSED  · scanner    · بدء المسح · 1154 رمزاً · الجلسة CLOSED
05:26 KSA · CLOSED  · scanner    · ساعة التأكيد مثبَّتة على شمعة 02:00Z (من cbar)
05:28 KSA · CLOSED  · scanner    · بدء المسح · 1154 رمزاً · الجلسة CLOSED
05:28 KSA · CLOSED  · scanner    · ساعة التأكيد مثبَّتة على شمعة 02:00Z (من cbar)
05:30 KSA · CLOSED  · scanner    · بدء المسح · 1154 رمزاً · الجلسة CLOSED
05:30 KSA · CLOSED  · scanner    · ساعة التأكيد مثبَّتة على شمعة 02:15Z (من cbar)
05:30 KSA · CLOSED  · signal     · XPL-USD · rsiDiv ▲ 58 · 15m
05:30 KSA · CLOSED  · signal     · SNXXB-USD · vwapRec ▲ 63 · 15m
05:30 KSA · CLOSED  · signal     · SUI-USD · orb ▲ 80 · 15m
05:31 KSA · CLOSED  · scanner    · بدء المسح · 1154 رمزاً · الجلسة CLOSED
05:31 KSA · CLOSED  · scanner    · ساعة التأكيد مثبَّتة على شمعة 02:15Z (من cbar)
05:32 KSA · CLOSED  · scanner    · بدء المسح · 1154 رمزاً · الجلسة CLOSED
05:32 KSA · CLOSED  · scanner    · ساعة التأكيد مثبَّتة على شمعة 02:15Z (من cbar)
05:34 KSA · CLOSED  · scanner    · بدء المسح · 1154 رمزاً · الجلسة CLOSED
05:34 KSA · CLOSED  · scanner    · ساعة التأكيد مثبَّتة على شمعة 02:15Z (من cbar)
05:36 KSA · CLOSED  · scanner    · بدء المسح · 1154 رمزاً · الجلسة CLOSED
05:36 KSA · CLOSED  · scanner    · ساعة التأكيد مثبَّتة على شمعة 02:15Z (من cbar)
05:39 KSA · CLOSED  · scanner    · بدء المسح · 1154 رمزاً · الجلسة CLOSED
05:39 KSA · CLOSED  · scanner    · ساعة التأكيد مثبَّتة على شمعة 02:15Z (من cbar)
05:40 KSA · CLOSED  · scanner    · بدء المسح · 1154 رمزاً · الجلسة CLOSED
05:40 KSA · CLOSED  · scanner    · ساعة التأكيد مثبَّتة على شمعة 02:15Z (من cbar)
05:42 KSA · CLOSED  · scanner    · بدء المسح · 1154 رمزاً · الجلسة CLOSED
05:42 KSA · CLOSED  · scanner    · ساعة التأكيد مثبَّتة على شمعة 02:15Z (من cbar)
05:44 KSA · CLOSED  · scanner    · بدء المسح · 1154 رمزاً · الجلسة CLOSED
05:44 KSA · CLOSED  · scanner    · ساعة التأكيد مثبَّتة على شمعة 02:15Z (من cbar)
05:45 KSA · CLOSED  · scanner    · بدء المسح · 1154 رمزاً · الجلسة CLOSED
05:45 KSA · CLOSED  · scanner    · ساعة التأكيد مثبَّتة على شمعة 02:30Z (من cbar)
05:45 KSA · CLOSED  · signal     · SNDKB-USD · vwapRec ▲ 55 · 15m
05:45 KSA · CLOSED  · signal     · HEMI-USD · vwapRec ▼ 78 · 15m
05:45 KSA · CLOSED  · signal     · UNI-USD · vwapRec ▼ 68 · 15m
05:45 KSA · CLOSED  · signal     · THE-USD · brk ▲ 80 · 15m
05:45 KSA · CLOSED  · signal     · THE-USD · meanRev ▼ 60 · 15m
05:45 KSA · CLOSED  · signal     · HOLO-USD · orb ▲ 95 · 15m
05:46 KSA · CLOSED  · scanner    · بدء المسح · 1154 رمزاً · الجلسة CLOSED
05:46 KSA · CLOSED  · scanner    · ساعة التأكيد مثبَّتة على شمعة 02:30Z (من cbar)
05:48 KSA · CLOSED  · scanner    · بدء المسح · 1154 رمزاً · الجلسة CLOSED
05:48 KSA · CLOSED  · scanner    · ساعة التأكيد مثبَّتة على شمعة 02:30Z (من cbar)
05:50 KSA · CLOSED  · scanner    · بدء المسح · 1154 رمزاً · الجلسة CLOSED
05:50 KSA · CLOSED  · scanner    · ساعة التأكيد مثبَّتة على شمعة 02:30Z (من cbar)
05:52 KSA · CLOSED  · scanner    · بدء المسح · 1154 رمزاً · الجلسة CLOSED
05:52 KSA · CLOSED  · scanner    · ساعة التأكيد مثبَّتة على شمعة 02:30Z (من cbar)
05:52 KSA · CLOSED  · signal     · SFP-USD · sqzExp ▲ 66 · 1d
05:52 KSA · CLOSED  · signal     · RPL-USD · brk ▲ 79 · 1d
05:52 KSA · CLOSED  · signal     · RPL-USD · sqzExp ▲ 81 · 1d
05:52 KSA · CLOSED  · signal     · WOO-USD · sqzExp ▲ 75 · 1d
05:52 KSA · CLOSED  · signal     · SPELL-USD · meanRev ▼ 73 · 1d
05:52 KSA · CLOSED  · signal     · SMHB-USD · brk ▲ 68 · 1d
05:52 KSA · CLOSED  · signal     · SMHB-USD · meanRev ▼ 63 · 1d
05:52 KSA · CLOSED  · signal     · SMHB-USD · sqzExp ▲ 84 · 1d
05:59 KSA · CLOSED  · scanner    · بدء المسح · 1154 رمزاً · الجلسة CLOSED
05:59 KSA · CLOSED  · scanner    · ساعة التأكيد مثبَّتة على شمعة 02:30Z (من cbar)
06:00 KSA · CLOSED  · scanner    · بدء المسح · 1154 رمزاً · الجلسة CLOSED
06:00 KSA · CLOSED  · scanner    · ساعة التأكيد مثبَّتة على شمعة 02:30Z (من cbar)
06:01 KSA · CLOSED  · scanner    · بدء المسح · 1154 رمزاً · الجلسة CLOSED
06:01 KSA · CLOSED  · scanner    · ساعة التأكيد مثبَّتة على شمعة 02:45Z (من cbar)
06:01 KSA · CLOSED  · signal     · FIL-USD · rsiDiv ▼ 67 · 15m
06:01 KSA · CLOSED  · signal     · DASH-USD · vwapRec ▲ 85 · 15m
06:01 KSA · CLOSED  · signal     · MARSCOIN-USD · brk ▼ 91 · 15m
06:01 KSA · CLOSED  · signal     · MARSCOIN-USD · meanRev ▲ 91 · 15m
06:01 KSA · CLOSED  · signal     · SPCXB-USD · vwapRec ▼ 75 · 15m
06:01 KSA · CLOSED  · signal     · SUI-USD · momo ▲ 92 · 1h
06:01 KSA · CLOSED  · signal     · THE-USD · volSpike ▲ 61 · 15m
06:01 KSA · CLOSED  · signal     · PENGU-USD · momo ▲ 83 · 1h
06:01 KSA · CLOSED  · signal     · ASTER-USD · momo ▼ 69 · 1h
06:02 KSA · CLOSED  · scanner    · بدء المسح · 1154 رمزاً · الجلسة CLOSED
06:02 KSA · CLOSED  · scanner    · ساعة التأكيد مثبَّتة على شمعة 02:45Z (من cbar)
06:04 KSA · CLOSED  · scanner    · بدء المسح · 1154 رمزاً · الجلسة CLOSED
06:04 KSA · CLOSED  · scanner    · ساعة التأكيد مثبَّتة على شمعة 02:45Z (من cbar)
06:06 KSA · CLOSED  · scanner    · بدء المسح · 1154 رمزاً · الجلسة CLOSED
06:06 KSA · CLOSED  · scanner    · ساعة التأكيد مثبَّتة على شمعة 02:45Z (من cbar)
06:09 KSA · CLOSED  · scanner    · بدء المسح · 1154 رمزاً · الجلسة CLOSED
06:09 KSA · CLOSED  · scanner    · ساعة التأكيد مثبَّتة على شمعة 02:45Z (من cbar)
06:10 KSA · CLOSED  · scanner    · بدء المسح · 1154 رمزاً · الجلسة CLOSED
06:10 KSA · CLOSED  · scanner    · ساعة التأكيد مثبَّتة على شمعة 02:45Z (من cbar)
06:12 KSA · CLOSED  · scanner    · بدء المسح · 1154 رمزاً · الجلسة CLOSED
06:12 KSA · CLOSED  · scanner    · ساعة التأكيد مثبَّتة على شمعة 02:45Z (من cbar)
06:14 KSA · CLOSED  · scanner    · بدء المسح · 1154 رمزاً · الجلسة CLOSED
06:14 KSA · CLOSED  · scanner    · ساعة التأكيد مثبَّتة على شمعة 02:45Z (من cbar)
06:15 KSA · CLOSED  · scanner    · بدء المسح · 1154 رمزاً · الجلسة CLOSED
06:15 KSA · CLOSED  · scanner    · ساعة التأكيد مثبَّتة على شمعة 03:00Z (من cbar)
06:15 KSA · CLOSED  · signal     · DASH-USD · orb ▲ 55 · 15m
06:15 KSA · CLOSED  · signal     · VTHO-USD · orb ▼ 75 · 15m
06:15 KSA · CLOSED  · signal     · UNI-USD · vwapRec ▼ 75 · 15m
06:15 KSA · CLOSED  · signal     · TAO-USD · vwapRec ▼ 60 · 15m
06:15 KSA · CLOSED  · signal     · HOLO-USD · vwapRec ▲ 80 · 15m
06:15 KSA · CLOSED  · signal     · ASTER-USD · brk ▼ 68 · 15m
06:16 KSA · CLOSED  · scanner    · بدء المسح · 1154 رمزاً · الجلسة CLOSED
06:16 KSA · CLOSED  · scanner    · ساعة التأكيد مثبَّتة على شمعة 03:00Z (من cbar)
06:18 KSA · CLOSED  · scanner    · بدء المسح · 1154 رمزاً · الجلسة CLOSED
06:18 KSA · CLOSED  · scanner    · ساعة التأكيد مثبَّتة على شمعة 03:00Z (من cbar)
06:22 KSA · CLOSED  · scanner    · بدء المسح · 1154 رمزاً · الجلسة CLOSED
06:22 KSA · CLOSED  · scanner    · ساعة التأكيد مثبَّتة على شمعة 03:00Z (من cbar)
06:22 KSA · CLOSED  · signal     · LTC-USD · pbTrend ▲ 90 · 1h
06:22 KSA · CLOSED  · signal     · XPL-USD · pbTrend ▲ 86 · 1h
06:26 KSA · CLOSED  · scanner    · بدء المسح · 1154 رمزاً · الجلسة CLOSED
06:26 KSA · CLOSED  · scanner    · ساعة التأكيد مثبَّتة على شمعة 03:00Z (من cbar)
06:28 KSA · CLOSED  · scanner    · بدء المسح · 1154 رمزاً · الجلسة CLOSED
06:28 KSA · CLOSED  · scanner    · ساعة التأكيد مثبَّتة على شمعة 03:00Z (من cbar)
06:30 KSA · CLOSED  · scanner    · بدء المسح · 1154 رمزاً · الجلسة CLOSED
06:30 KSA · CLOSED  · scanner    · ساعة التأكيد مثبَّتة على شمعة 03:15Z (من cbar)
06:30 KSA · CLOSED  · signal     · REZ-USD · vwapRec ▲ 78 · 15m
06:30 KSA · CLOSED  · signal     · EUR-USD · meanRev ▼ 93 · 15m
06:30 KSA · CLOSED  · signal     · BANK-USD · brk ▼ 68 · 15m
06:31 KSA · CLOSED  · scanner    · بدء المسح · 1154 رمزاً · الجلسة CLOSED
06:31 KSA · CLOSED  · scanner    · ساعة التأكيد مثبَّتة على شمعة 03:15Z (من cbar)
06:32 KSA · CLOSED  · scanner    · بدء المسح · 1154 رمزاً · الجلسة CLOSED
06:32 KSA · CLOSED  · scanner    · ساعة التأكيد مثبَّتة على شمعة 03:15Z (من cbar)
06:34 KSA · CLOSED  · scanner    · بدء المسح · 1154 رمزاً · الجلسة CLOSED
06:34 KSA · CLOSED  · scanner    · ساعة التأكيد مثبَّتة على شمعة 03:15Z (من cbar)
06:36 KSA · CLOSED  · scanner    · بدء المسح · 1154 رمزاً · الجلسة CLOSED
06:36 KSA · CLOSED  · scanner    · ساعة التأكيد مثبَّتة على شمعة 03:15Z (من cbar)
06:39 KSA · CLOSED  · scanner    · بدء المسح · 1154 رمزاً · الجلسة CLOSED
06:39 KSA · CLOSED  · scanner    · ساعة التأكيد مثبَّتة على شمعة 03:15Z (من cbar)
06:40 KSA · CLOSED  · scanner    · بدء المسح · 1154 رمزاً · الجلسة CLOSED
06:40 KSA · CLOSED  · scanner    · ساعة التأكيد مثبَّتة على شمعة 03:15Z (من cbar)
06:42 KSA · CLOSED  · scanner    · بدء المسح · 1154 رمزاً · الجلسة CLOSED
06:42 KSA · CLOSED  · scanner    · ساعة التأكيد مثبَّتة على شمعة 03:15Z (من cbar)
06:44 KSA · CLOSED  · scanner    · بدء المسح · 1154 رمزاً · الجلسة CLOSED
06:44 KSA · CLOSED  · scanner    · ساعة التأكيد مثبَّتة على شمعة 03:15Z (من cbar)
06:45 KSA · CLOSED  · scanner    · بدء المسح · 1154 رمزاً · الجلسة CLOSED
06:45 KSA · CLOSED  · scanner    · ساعة التأكيد مثبَّتة على شمعة 03:30Z (من cbar)
06:45 KSA · CLOSED  · signal     · BNCB-USD · vwapRec ▼ 75 · 15m
06:45 KSA · CLOSED  · signal     · SUI-USD · vwapRec ▼ 60 · 15m
06:45 KSA · CLOSED  · signal     · TAO-USD · orb ▼ 55 · 15m
06:45 KSA · CLOSED  · signal     · ASTER-USD · volSpike ▼ 56 · 15m
06:46 KSA · CLOSED  · scanner    · بدء المسح · 1154 رمزاً · الجلسة CLOSED
06:46 KSA · CLOSED  · scanner    · ساعة التأكيد مثبَّتة على شمعة 03:30Z (من cbar)
06:48 KSA · CLOSED  · scanner    · بدء المسح · 1154 رمزاً · الجلسة CLOSED
06:48 KSA · CLOSED  · scanner    · ساعة التأكيد مثبَّتة على شمعة 03:30Z (من cbar)
06:51 KSA · CLOSED  · scanner    · بدء المسح · 1154 رمزاً · الجلسة CLOSED
06:51 KSA · CLOSED  · scanner    · ساعة التأكيد مثبَّتة على شمعة 03:30Z (من cbar)
06:53 KSA · CLOSED  · scanner    · بدء المسح · 1154 رمزاً · الجلسة CLOSED
06:53 KSA · CLOSED  · scanner    · ساعة التأكيد مثبَّتة على شمعة 03:30Z (من cbar)
06:54 KSA · CLOSED  · scanner    · بدء المسح · 1154 رمزاً · الجلسة CLOSED
06:54 KSA · CLOSED  · scanner    · ساعة التأكيد مثبَّتة على شمعة 03:30Z (من cbar)
06:56 KSA · CLOSED  · scanner    · بدء المسح · 1154 رمزاً · الجلسة CLOSED
06:56 KSA · CLOSED  · scanner    · ساعة التأكيد مثبَّتة على شمعة 03:30Z (من cbar)
06:58 KSA · CLOSED  · scanner    · بدء المسح · 1154 رمزاً · الجلسة CLOSED
06:58 KSA · CLOSED  · scanner    · ساعة التأكيد مثبَّتة على شمعة 03:30Z (من cbar)
07:00 KSA · CLOSED  · scanner    · بدء المسح · 1154 رمزاً · الجلسة CLOSED
07:00 KSA · CLOSED  · scanner    · ساعة التأكيد مثبَّتة على شمعة 03:45Z (من cbar)
07:00 KSA · CLOSED  · signal     · DOGE-USD · vwapRec ▲ 60 · 15m
07:00 KSA · CLOSED  · signal     · NEAR-USD · vwapRec ▲ 78 · 15m
07:00 KSA · CLOSED  · signal     · GRAM-USD · rsiDiv ▼ 72 · 1h
07:00 KSA · CLOSED  · signal     · PAXG-USD · volSpike ▼ 100 · 15m
07:00 KSA · CLOSED  · signal     · SUI-USD · rsiDiv ▼ 58 · 1h
07:00 KSA · CLOSED  · signal     · HOLO-USD · momo ▲ 75 · 1h
07:00 KSA · CLOSED  · signal     · BANK-USD · momo ▲ 58 · 1h
07:00 KSA · CLOSED  · signal     · PENGU-USD · orb ▲ 93 · 15m
07:00 KSA · CLOSED  · signal     · PENGU-USD · vwapRec ▼ 60 · 15m
07:01 KSA · CLOSED  · scanner    · بدء المسح · 1154 رمزاً · الجلسة CLOSED
07:01 KSA · CLOSED  · scanner    · ساعة التأكيد مثبَّتة على شمعة 03:45Z (من cbar)
07:02 KSA · CLOSED  · scanner    · بدء المسح · 1154 رمزاً · الجلسة CLOSED
07:02 KSA · CLOSED  · scanner    · ساعة التأكيد مثبَّتة على شمعة 03:45Z (من cbar)
07:04 KSA · CLOSED  · scanner    · بدء المسح · 1154 رمزاً · الجلسة CLOSED
07:04 KSA · CLOSED  · scanner    · ساعة التأكيد مثبَّتة على شمعة 03:45Z (من cbar)
07:08 KSA · CLOSED  · scanner    · بدء المسح · 1154 رمزاً · الجلسة CLOSED
07:08 KSA · CLOSED  · scanner    · ساعة التأكيد مثبَّتة على شمعة 03:45Z (من cbar)
07:10 KSA · CLOSED  · scanner    · بدء المسح · 1154 رمزاً · الجلسة CLOSED
07:10 KSA · CLOSED  · scanner    · ساعة التأكيد مثبَّتة على شمعة 03:45Z (من cbar)
07:12 KSA · CLOSED  · scanner    · بدء المسح · 1154 رمزاً · الجلسة CLOSED
07:12 KSA · CLOSED  · scanner    · ساعة التأكيد مثبَّتة على شمعة 03:45Z (من cbar)
07:14 KSA · CLOSED  · scanner    · بدء المسح · 1154 رمزاً · الجلسة CLOSED
07:14 KSA · CLOSED  · scanner    · ساعة التأكيد مثبَّتة على شمعة 03:45Z (من cbar)
07:15 KSA · CLOSED  · scanner    · بدء المسح · 1154 رمزاً · الجلسة CLOSED
07:15 KSA · CLOSED  · scanner    · ساعة التأكيد مثبَّتة على شمعة 04:00Z (من cbar)
07:15 KSA · CLOSED  · signal     · ADA-USD · meanRev ▼ 70 · 15m
07:15 KSA · CLOSED  · signal     · HBAR-USD · meanRev ▼ 63 · 15m
07:15 KSA · CLOSED  · signal     · BNCB-USD · volSpike ▼ 63 · 15m
07:15 KSA · CLOSED  · signal     · SNDKB-USD · vwapRec ▲ 70 · 15m
07:15 KSA · CLOSED  · signal     · SNXXB-USD · vwapRec ▲ 78 · 15m
07:15 KSA · CLOSED  · signal     · BANK-USD · brk ▼ 75 · 15m
07:15 KSA · CLOSED  · signal     · PENGU-USD · brk ▲ 89 · 15m
07:15 KSA · CLOSED  · signal     · PENGU-USD · meanRev ▼ 63 · 15m
07:15 KSA · CLOSED  · signal     · PENGU-USD · volSpike ▲ 78 · 15m
07:16 KSA · CLOSED  · scanner    · بدء المسح · 1154 رمزاً · الجلسة CLOSED
07:16 KSA · CLOSED  · scanner    · ساعة التأكيد مثبَّتة على شمعة 04:00Z (من cbar)
07:18 KSA · CLOSED  · scanner    · بدء المسح · 1154 رمزاً · الجلسة CLOSED
07:18 KSA · CLOSED  · scanner    · ساعة التأكيد مثبَّتة على شمعة 04:00Z (من cbar)
07:22 KSA · CLOSED  · scanner    · بدء المسح · 1154 رمزاً · الجلسة CLOSED
07:22 KSA · CLOSED  · scanner    · ساعة التأكيد مثبَّتة على شمعة 04:00Z (من cbar)
07:24 KSA · CLOSED  · scanner    · بدء المسح · 1154 رمزاً · الجلسة CLOSED
07:24 KSA · CLOSED  · scanner    · ساعة التأكيد مثبَّتة على شمعة 04:00Z (من cbar)
07:26 KSA · CLOSED  · scanner    · بدء المسح · 1154 رمزاً · الجلسة CLOSED
07:26 KSA · CLOSED  · scanner    · ساعة التأكيد مثبَّتة على شمعة 04:00Z (من cbar)
07:28 KSA · CLOSED  · scanner    · بدء المسح · 1154 رمزاً · الجلسة CLOSED
07:28 KSA · CLOSED  · scanner    · ساعة التأكيد مثبَّتة على شمعة 04:00Z (من cbar)
07:30 KSA · CLOSED  · scanner    · بدء المسح · 1154 رمزاً · الجلسة CLOSED
07:30 KSA · CLOSED  · scanner    · ساعة التأكيد مثبَّتة على شمعة 04:15Z (من cbar)
07:30 KSA · CLOSED  · signal     · SPCXB-USD · orb ▼ 65 · 15m
07:30 KSA · CLOSED  · signal     · REZ-USD · volSpike ▼ 78 · 15m
07:30 KSA · CLOSED  · signal     · HOLO-USD · vwapRec ▲ 73 · 15m
07:30 KSA · CLOSED  · signal     · BANK-USD · meanRev ▲ 80 · 15m
07:30 KSA · CLOSED  · signal     · PENGU-USD · vwapRec ▲ 78 · 15m
07:31 KSA · CLOSED  · scanner    · بدء المسح · 1154 رمزاً · الجلسة CLOSED
07:31 KSA · CLOSED  · scanner    · ساعة التأكيد مثبَّتة على شمعة 04:15Z (من cbar)
07:32 KSA · CLOSED  · scanner    · بدء المسح · 1154 رمزاً · الجلسة CLOSED
07:32 KSA · CLOSED  · scanner    · ساعة التأكيد مثبَّتة على شمعة 04:15Z (من cbar)
07:34 KSA · CLOSED  · scanner    · بدء المسح · 1154 رمزاً · الجلسة CLOSED
07:34 KSA · CLOSED  · scanner    · ساعة التأكيد مثبَّتة على شمعة 04:15Z (من cbar)
07:38 KSA · CLOSED  · scanner    · بدء المسح · 1154 رمزاً · الجلسة CLOSED
07:38 KSA · CLOSED  · scanner    · ساعة التأكيد مثبَّتة على شمعة 04:15Z (من cbar)
07:40 KSA · CLOSED  · scanner    · بدء المسح · 1154 رمزاً · الجلسة CLOSED
07:40 KSA · CLOSED  · scanner    · ساعة التأكيد مثبَّتة على شمعة 04:15Z (من cbar)
07:42 KSA · CLOSED  · scanner    · بدء المسح · 1154 رمزاً · الجلسة CLOSED
07:42 KSA · CLOSED  · scanner    · ساعة التأكيد مثبَّتة على شمعة 04:15Z (من cbar)
07:44 KSA · CLOSED  · scanner    · بدء المسح · 1154 رمزاً · الجلسة CLOSED
07:44 KSA · CLOSED  · scanner    · ساعة التأكيد مثبَّتة على شمعة 04:15Z (من cbar)
07:45 KSA · CLOSED  · scanner    · بدء المسح · 1154 رمزاً · الجلسة CLOSED
07:45 KSA · CLOSED  · scanner    · ساعة التأكيد مثبَّتة على شمعة 04:30Z (من cbar)
07:45 KSA · CLOSED  · signal     · XPL-USD · orb ▼ 70 · 15m
07:45 KSA · CLOSED  · signal     · SPCXB-USD · brk ▼ 82 · 15m
07:45 KSA · CLOSED  · signal     · ARK-USD · vwapRec ▼ 60 · 15m
07:45 KSA · CLOSED  · signal     · SUI-USD · orb ▼ 65 · 15m
07:45 KSA · CLOSED  · signal     · PUMP-USD · orb ▲ 75 · 15m
07:46 KSA · CLOSED  · scanner    · بدء المسح · 1154 رمزاً · الجلسة CLOSED
07:46 KSA · CLOSED  · scanner    · ساعة التأكيد مثبَّتة على شمعة 04:30Z (من cbar)
07:48 KSA · CLOSED  · scanner    · بدء المسح · 1154 رمزاً · الجلسة CLOSED
07:48 KSA · CLOSED  · scanner    · ساعة التأكيد مثبَّتة على شمعة 04:30Z (من cbar)
07:52 KSA · CLOSED  · scanner    · بدء المسح · 1154 رمزاً · الجلسة CLOSED
07:52 KSA · CLOSED  · scanner    · ساعة التأكيد مثبَّتة على شمعة 04:30Z (من cbar)
07:54 KSA · CLOSED  · scanner    · بدء المسح · 1154 رمزاً · الجلسة CLOSED
07:54 KSA · CLOSED  · scanner    · ساعة التأكيد مثبَّتة على شمعة 04:30Z (من cbar)
07:56 KSA · CLOSED  · scanner    · بدء المسح · 1154 رمزاً · الجلسة CLOSED
07:56 KSA · CLOSED  · scanner    · ساعة التأكيد مثبَّتة على شمعة 04:30Z (من cbar)
07:58 KSA · CLOSED  · scanner    · بدء المسح · 1154 رمزاً · الجلسة CLOSED
07:58 KSA · CLOSED  · scanner    · ساعة التأكيد مثبَّتة على شمعة 04:30Z (من cbar)
08:00 KSA · CLOSED  · scanner    · بدء المسح · 1154 رمزاً · الجلسة CLOSED
08:00 KSA · CLOSED  · scanner    · ساعة التأكيد مثبَّتة على شمعة 04:45Z (من cbar)
08:00 KSA · CLOSED  · signal     · EUR-USD · brk ▲ 77 · 15m
08:00 KSA · CLOSED  · signal     · HOLO-USD · vwapRec ▲ 73 · 15m
08:00 KSA · CLOSED  · signal     · BANK-USD · brk ▼ 73 · 15m
08:00 KSA · CLOSED  · signal     · BANK-USD · meanRev ▲ 80 · 15m
08:00 KSA · CLOSED  · signal     · PENGU-USD · momo ▲ 83 · 1h
08:01 KSA · CLOSED  · scanner    · بدء المسح · 1154 رمزاً · الجلسة CLOSED
08:01 KSA · CLOSED  · scanner    · ساعة التأكيد مثبَّتة على شمعة 04:45Z (من cbar)
08:02 KSA · CLOSED  · scanner    · بدء المسح · 1154 رمزاً · الجلسة CLOSED
08:02 KSA · CLOSED  · scanner    · ساعة التأكيد مثبَّتة على شمعة 04:45Z (من cbar)
08:04 KSA · CLOSED  · scanner    · بدء المسح · 1154 رمزاً · الجلسة CLOSED
08:04 KSA · CLOSED  · scanner    · ساعة التأكيد مثبَّتة على شمعة 04:45Z (من cbar)
08:06 KSA · CLOSED  · scanner    · بدء المسح · 1154 رمزاً · الجلسة CLOSED
08:06 KSA · CLOSED  · scanner    · ساعة التأكيد مثبَّتة على شمعة 04:45Z (من cbar)
08:09 KSA · CLOSED  · scanner    · بدء المسح · 1154 رمزاً · الجلسة CLOSED
08:09 KSA · CLOSED  · scanner    · ساعة التأكيد مثبَّتة على شمعة 04:45Z (من cbar)
08:10 KSA · CLOSED  · scanner    · بدء المسح · 1154 رمزاً · الجلسة CLOSED
08:10 KSA · CLOSED  · scanner    · ساعة التأكيد مثبَّتة على شمعة 04:45Z (من cbar)
08:12 KSA · CLOSED  · scanner    · بدء المسح · 1154 رمزاً · الجلسة CLOSED
08:12 KSA · CLOSED  · scanner    · ساعة التأكيد مثبَّتة على شمعة 04:45Z (من cbar)
08:14 KSA · CLOSED  · scanner    · بدء المسح · 1154 رمزاً · الجلسة CLOSED
08:14 KSA · CLOSED  · scanner    · ساعة التأكيد مثبَّتة على شمعة 04:45Z (من cbar)
08:15 KSA · CLOSED  · scanner    · بدء المسح · 1154 رمزاً · الجلسة CLOSED
08:15 KSA · CLOSED  · scanner    · ساعة التأكيد مثبَّتة على شمعة 05:00Z (من cbar)
08:15 KSA · CLOSED  · signal     · ZEC-USD · orb ▼ 57 · 15m
08:15 KSA · CLOSED  · signal     · WLD-USD · orb ▼ 80 · 15m
08:15 KSA · CLOSED  · signal     · UNI-USD · orb ▼ 73 · 15m
08:15 KSA · CLOSED  · signal     · 牛来-USD · vwapRec ▼ 92 · 15m
08:15 KSA · CLOSED  · signal     · TAO-USD · tfAlign ▲ 87 · 1d
08:15 KSA · CLOSED  · signal     · ASTER-USD · volSpike ▼ 89 · 15m
08:16 KSA · CLOSED  · scanner    · بدء المسح · 1154 رمزاً · الجلسة CLOSED
08:16 KSA · CLOSED  · scanner    · ساعة التأكيد مثبَّتة على شمعة 05:00Z (من cbar)
08:18 KSA · CLOSED  · scanner    · بدء المسح · 1154 رمزاً · الجلسة CLOSED
08:18 KSA · CLOSED  · scanner    · ساعة التأكيد مثبَّتة على شمعة 05:00Z (من cbar)
08:20 KSA · CLOSED  · scanner    · بدء المسح · 1154 رمزاً · الجلسة CLOSED
08:20 KSA · CLOSED  · scanner    · ساعة التأكيد مثبَّتة على شمعة 05:00Z (من cbar)
08:23 KSA · CLOSED  · scanner    · بدء المسح · 1154 رمزاً · الجلسة CLOSED
08:23 KSA · CLOSED  · scanner    · ساعة التأكيد مثبَّتة على شمعة 05:00Z (من cbar)
08:23 KSA · CLOSED  · signal     · ETHFI-USD · sqzExp ▼ 68 · 1h
08:23 KSA · CLOSED  · signal     · MSTRB-USD · pbTrend ▲ 90 · 1h
08:23 KSA · CLOSED  · signal     · EUR-USD · pbTrend ▼ 90 · 1h
08:23 KSA · CLOSED  · signal     · PENGU-USD · momo ▲ 83 · 1h
08:25 KSA · CLOSED  · scanner    · بدء المسح · 1154 رمزاً · الجلسة CLOSED
08:25 KSA · CLOSED  · scanner    · ساعة التأكيد مثبَّتة على شمعة 05:00Z (من cbar)
08:26 KSA · CLOSED  · scanner    · بدء المسح · 1154 رمزاً · الجلسة CLOSED
08:26 KSA · CLOSED  · scanner    · ساعة التأكيد مثبَّتة على شمعة 05:00Z (من cbar)
08:28 KSA · CLOSED  · scanner    · بدء المسح · 1154 رمزاً · الجلسة CLOSED
08:28 KSA · CLOSED  · scanner    · ساعة التأكيد مثبَّتة على شمعة 05:00Z (من cbar)
08:30 KSA · CLOSED  · scanner    · بدء المسح · 1154 رمزاً · الجلسة CLOSED
08:30 KSA · CLOSED  · scanner    · ساعة التأكيد مثبَّتة على شمعة 05:00Z (من cbar)
08:31 KSA · CLOSED  · scanner    · بدء المسح · 1154 رمزاً · الجلسة CLOSED
08:31 KSA · CLOSED  · scanner    · ساعة التأكيد مثبَّتة على شمعة 05:15Z (من cbar)
08:31 KSA · CLOSED  · signal     · RAY-USD · volSpike ▼ 78 · 15m
08:31 KSA · CLOSED  · signal     · OP-USD · volSpike ▼ 89 · 15m
08:31 KSA · CLOSED  · signal     · THE-USD · vwapRec ▲ 80 · 15m
08:31 KSA · CLOSED  · signal     · HOLO-USD · orb ▼ 78 · 15m
08:31 KSA · CLOSED  · signal     · HOLO-USD · brk ▲ 70 · 15m
08:32 KSA · CLOSED  · scanner    · بدء المسح · 1154 رمزاً · الجلسة CLOSED
08:32 KSA · CLOSED  · scanner    · ساعة التأكيد مثبَّتة على شمعة 05:15Z (من cbar)
08:34 KSA · CLOSED  · scanner    · بدء المسح · 1154 رمزاً · الجلسة CLOSED
08:34 KSA · CLOSED  · scanner    · ساعة التأكيد مثبَّتة على شمعة 05:15Z (من cbar)
08:38 KSA · CLOSED  · scanner    · بدء المسح · 1154 رمزاً · الجلسة CLOSED
08:38 KSA · CLOSED  · scanner    · ساعة التأكيد مثبَّتة على شمعة 05:15Z (من cbar)
08:40 KSA · CLOSED  · scanner    · بدء المسح · 1154 رمزاً · الجلسة CLOSED
08:40 KSA · CLOSED  · scanner    · ساعة التأكيد مثبَّتة على شمعة 05:15Z (من cbar)
08:42 KSA · CLOSED  · scanner    · بدء المسح · 1154 رمزاً · الجلسة CLOSED
08:42 KSA · CLOSED  · scanner    · ساعة التأكيد مثبَّتة على شمعة 05:15Z (من cbar)
08:44 KSA · CLOSED  · scanner    · بدء المسح · 1154 رمزاً · الجلسة CLOSED
08:44 KSA · CLOSED  · scanner    · ساعة التأكيد مثبَّتة على شمعة 05:15Z (من cbar)
08:45 KSA · CLOSED  · scanner    · بدء المسح · 1154 رمزاً · الجلسة CLOSED
08:45 KSA · CLOSED  · scanner    · ساعة التأكيد مثبَّتة على شمعة 05:30Z (من cbar)
08:45 KSA · CLOSED  · signal     · UNI-USD · tfAlign ▲ 82 · 1d
08:45 KSA · CLOSED  · signal     · TAO-USD · vwapRec ▼ 60 · 15m
08:45 KSA · CLOSED  · signal     · PENGU-USD · orb ▲ 88 · 15m
08:46 KSA · CLOSED  · scanner    · بدء المسح · 1154 رمزاً · الجلسة CLOSED
08:46 KSA · CLOSED  · scanner    · ساعة التأكيد مثبَّتة على شمعة 05:30Z (من cbar)
08:48 KSA · CLOSED  · scanner    · بدء المسح · 1154 رمزاً · الجلسة CLOSED
08:48 KSA · CLOSED  · scanner    · ساعة التأكيد مثبَّتة على شمعة 05:30Z (من cbar)
08:50 KSA · CLOSED  · scanner    · بدء المسح · 1154 رمزاً · الجلسة CLOSED
08:50 KSA · CLOSED  · scanner    · ساعة التأكيد مثبَّتة على شمعة 05:30Z (من cbar)
08:52 KSA · CLOSED  · scanner    · بدء المسح · 1154 رمزاً · الجلسة CLOSED
08:52 KSA · CLOSED  · scanner    · ساعة التأكيد مثبَّتة على شمعة 05:30Z (من cbar)
08:53 KSA · CLOSED  · scanner    · بدء المسح · 1154 رمزاً · الجلسة CLOSED
08:53 KSA · CLOSED  · scanner    · ساعة التأكيد مثبَّتة على شمعة 05:30Z (من cbar)
08:54 KSA · CLOSED  · scanner    · بدء المسح · 1154 رمزاً · الجلسة CLOSED
08:54 KSA · CLOSED  · scanner    · ساعة التأكيد مثبَّتة على شمعة 05:30Z (من cbar)
08:56 KSA · CLOSED  · scanner    · بدء المسح · 1154 رمزاً · الجلسة CLOSED
08:56 KSA · CLOSED  · scanner    · ساعة التأكيد مثبَّتة على شمعة 05:30Z (من cbar)
08:58 KSA · CLOSED  · scanner    · بدء المسح · 1154 رمزاً · الجلسة CLOSED
08:58 KSA · CLOSED  · scanner    · ساعة التأكيد مثبَّتة على شمعة 05:30Z (من cbar)
09:00 KSA · CLOSED  · scanner    · بدء المسح · 1154 رمزاً · الجلسة CLOSED
09:00 KSA · CLOSED  · scanner    · ساعة التأكيد مثبَّتة على شمعة 05:30Z (من cbar)
09:01 KSA · CLOSED  · scanner    · بدء المسح · 1154 رمزاً · الجلسة CLOSED
09:01 KSA · CLOSED  · scanner    · ساعة التأكيد مثبَّتة على شمعة 05:45Z (من cbar)
09:01 KSA · CLOSED  · signal     · TRX-USD · rsiDiv ▼ 56 · 15m
09:01 KSA · CLOSED  · signal     · SNXXB-USD · momo ▼ 61 · 1h
09:01 KSA · CLOSED  · signal     · UNI-USD · momo ▲ 61 · 1h
09:01 KSA · CLOSED  · signal     · TAO-USD · meanRev ▼ 63 · 15m
09:01 KSA · CLOSED  · signal     · HOLO-USD · rsiDiv ▼ 72 · 1h
09:01 KSA · CLOSED  · signal     · BANK-USD · momo ▼ 64 · 1h
09:01 KSA · CLOSED  · signal     · PENGU-USD · meanRev ▼ 63 · 15m
09:01 KSA · CLOSED  · signal     · ASTER-USD · vwapRec ▼ 83 · 15m
09:02 KSA · CLOSED  · scanner    · بدء المسح · 1154 رمزاً · الجلسة CLOSED
09:02 KSA · CLOSED  · scanner    · ساعة التأكيد مثبَّتة على شمعة 05:45Z (من cbar)
09:04 KSA · CLOSED  · scanner    · بدء المسح · 1154 رمزاً · الجلسة CLOSED
09:04 KSA · CLOSED  · scanner    · ساعة التأكيد مثبَّتة على شمعة 05:45Z (من cbar)
09:08 KSA · CLOSED  · scanner    · بدء المسح · 1154 رمزاً · الجلسة CLOSED
09:08 KSA · CLOSED  · scanner    · ساعة التأكيد مثبَّتة على شمعة 05:45Z (من cbar)
09:10 KSA · CLOSED  · scanner    · بدء المسح · 1154 رمزاً · الجلسة CLOSED
09:10 KSA · CLOSED  · scanner    · ساعة التأكيد مثبَّتة على شمعة 05:45Z (من cbar)
09:12 KSA · CLOSED  · scanner    · بدء المسح · 1154 رمزاً · الجلسة CLOSED
09:12 KSA · CLOSED  · scanner    · ساعة التأكيد مثبَّتة على شمعة 05:45Z (من cbar)
09:14 KSA · CLOSED  · scanner    · بدء المسح · 1154 رمزاً · الجلسة CLOSED
09:14 KSA · CLOSED  · scanner    · ساعة التأكيد مثبَّتة على شمعة 05:45Z (من cbar)
09:15 KSA · CLOSED  · scanner    · بدء المسح · 1154 رمزاً · الجلسة CLOSED
09:15 KSA · CLOSED  · scanner    · ساعة التأكيد مثبَّتة على شمعة 06:00Z (من cbar)
09:15 KSA · CLOSED  · signal     · ZEC-USD · orb ▲ 90 · 15m
09:15 KSA · CLOSED  · signal     · TAO-USD · vwapRec ▲ 78 · 15m
09:15 KSA · CLOSED  · signal     · BANK-USD · vwapRec ▼ 73 · 15m
09:15 KSA · CLOSED  · signal     · PENGU-USD · vwapRec ▲ 68 · 15m
09:16 KSA · CLOSED  · scanner    · بدء المسح · 1154 رمزاً · الجلسة CLOSED
09:16 KSA · CLOSED  · scanner    · ساعة التأكيد مثبَّتة على شمعة 06:00Z (من cbar)
09:18 KSA · CLOSED  · scanner    · بدء المسح · 1154 رمزاً · الجلسة CLOSED
09:18 KSA · CLOSED  · scanner    · ساعة التأكيد مثبَّتة على شمعة 06:00Z (من cbar)
09:20 KSA · CLOSED  · scanner    · بدء المسح · 1154 رمزاً · الجلسة CLOSED
09:20 KSA · CLOSED  · scanner    · ساعة التأكيد مثبَّتة على شمعة 06:00Z (من cbar)
09:23 KSA · CLOSED  · scanner    · بدء المسح · 1154 رمزاً · الجلسة CLOSED
09:23 KSA · CLOSED  · scanner    · ساعة التأكيد مثبَّتة على شمعة 06:00Z (من cbar)
09:23 KSA · CLOSED  · signal     · T-USD · sqzExp ▲ 75 · 1h
09:23 KSA · CLOSED  · signal     · TAO-USD · momo ▲ 92 · 1h
09:23 KSA · CLOSED  · signal     · EUR-USD · tfAlign ▼ 84 · 1d
09:24 KSA · CLOSED  · scanner    · بدء المسح · 1154 رمزاً · الجلسة CLOSED
09:24 KSA · CLOSED  · scanner    · ساعة التأكيد مثبَّتة على شمعة 06:00Z (من cbar)
09:26 KSA · CLOSED  · scanner    · بدء المسح · 1154 رمزاً · الجلسة CLOSED
09:26 KSA · CLOSED  · scanner    · ساعة التأكيد مثبَّتة على شمعة 06:00Z (من cbar)
09:47 KSA · CLOSED  · scanner    · بدء المسح · 1154 رمزاً · الجلسة CLOSED
09:47 KSA · CLOSED  · scanner    · ساعة التأكيد مثبَّتة على شمعة 06:00Z (من cbar)
09:49 KSA · CLOSED  · scanner    · بدء المسح · 1154 رمزاً · الجلسة CLOSED
09:49 KSA · CLOSED  · scanner    · ساعة التأكيد مثبَّتة على شمعة 06:00Z (من cbar)
09:50 KSA · CLOSED  · scanner    · بدء المسح · 1154 رمزاً · الجلسة CLOSED
09:50 KSA · CLOSED  · scanner    · ساعة التأكيد مثبَّتة على شمعة 06:00Z (من cbar)
09:52 KSA · CLOSED  · scanner    · بدء المسح · 1154 رمزاً · الجلسة CLOSED
09:52 KSA · CLOSED  · scanner    · ساعة التأكيد مثبَّتة على شمعة 06:30Z (من cbar)
09:52 KSA · CLOSED  · signal     · UNI-USD · orb ▼ 65 · 15m
09:52 KSA · CLOSED  · signal     · U-USD · rsiDiv ▲ 89 · 15m
09:52 KSA · CLOSED  · signal     · THE-USD · momo ▲ 75 · 1h
09:52 KSA · CLOSED  · signal     · ASTER-USD · vwapRec ▲ 85 · 15m
09:53 KSA · CLOSED  · scanner    · بدء المسح · 1154 رمزاً · الجلسة CLOSED
09:53 KSA · CLOSED  · scanner    · ساعة التأكيد مثبَّتة على شمعة 06:30Z (من cbar)
09:54 KSA · CLOSED  · scanner    · بدء المسح · 1154 رمزاً · الجلسة CLOSED
09:54 KSA · CLOSED  · scanner    · ساعة التأكيد مثبَّتة على شمعة 06:30Z (من cbar)
09:56 KSA · CLOSED  · scanner    · بدء المسح · 1154 رمزاً · الجلسة CLOSED
09:56 KSA · CLOSED  · scanner    · ساعة التأكيد مثبَّتة على شمعة 06:30Z (من cbar)
09:58 KSA · CLOSED  · scanner    · بدء المسح · 1154 رمزاً · الجلسة CLOSED
09:58 KSA · CLOSED  · scanner    · ساعة التأكيد مثبَّتة على شمعة 06:30Z (من cbar)
10:00 KSA · CLOSED  · scanner    · بدء المسح · 1154 رمزاً · الجلسة CLOSED
10:00 KSA · CLOSED  · scanner    · ساعة التأكيد مثبَّتة على شمعة 06:45Z (من cbar)
10:00 KSA · CLOSED  · signal     · MTL-USD · orb ▼ 55 · 15m
10:00 KSA · CLOSED  · signal     · SOXLB-USD · pbTrend ▲ 86 · 1h
10:00 KSA · CLOSED  · signal     · UNI-USD · momo ▲ 61 · 1h
10:00 KSA · CLOSED  · signal     · SUI-USD · tfAlign ▲ 74 · 1d
10:00 KSA · CLOSED  · signal     · ASTER-USD · pbTrend ▲ 64 · 1h
10:01 KSA · CLOSED  · scanner    · بدء المسح · 1154 رمزاً · الجلسة CLOSED
10:01 KSA · CLOSED  · scanner    · ساعة التأكيد مثبَّتة على شمعة 06:45Z (من cbar)
10:02 KSA · CLOSED  · scanner    · بدء المسح · 1154 رمزاً · الجلسة CLOSED
10:02 KSA · CLOSED  · scanner    · ساعة التأكيد مثبَّتة على شمعة 06:45Z (من cbar)
10:04 KSA · CLOSED  · scanner    · بدء المسح · 1154 رمزاً · الجلسة CLOSED
10:04 KSA · CLOSED  · scanner    · ساعة التأكيد مثبَّتة على شمعة 06:45Z (من cbar)
10:08 KSA · CLOSED  · scanner    · بدء المسح · 1154 رمزاً · الجلسة CLOSED
10:08 KSA · CLOSED  · scanner    · ساعة التأكيد مثبَّتة على شمعة 06:45Z (من cbar)
10:10 KSA · CLOSED  · scanner    · بدء المسح · 1154 رمزاً · الجلسة CLOSED
10:10 KSA · CLOSED  · scanner    · ساعة التأكيد مثبَّتة على شمعة 06:45Z (من cbar)
10:12 KSA · CLOSED  · scanner    · بدء المسح · 1154 رمزاً · الجلسة CLOSED
10:12 KSA · CLOSED  · scanner    · ساعة التأكيد مثبَّتة على شمعة 06:45Z (من cbar)
10:14 KSA · CLOSED  · scanner    · بدء المسح · 1154 رمزاً · الجلسة CLOSED
10:14 KSA · CLOSED  · scanner    · ساعة التأكيد مثبَّتة على شمعة 06:45Z (من cbar)
10:15 KSA · CLOSED  · scanner    · بدء المسح · 1154 رمزاً · الجلسة CLOSED
10:15 KSA · CLOSED  · scanner    · ساعة التأكيد مثبَّتة على شمعة 07:00Z (من cbar)
10:15 KSA · CLOSED  · signal     · XRP-USD · vwapRec ▲ 70 · 15m
10:15 KSA · CLOSED  · signal     · MARSCOIN-USD · volSpike ▲ 88 · 15m
10:15 KSA · CLOSED  · signal     · UNI-USD · tfAlign ▲ 89 · 1d
10:15 KSA · CLOSED  · signal     · HOLO-USD · vwapRec ▼ 65 · 15m
10:16 KSA · CLOSED  · scanner    · بدء المسح · 1154 رمزاً · الجلسة CLOSED
10:16 KSA · CLOSED  · scanner    · ساعة التأكيد مثبَّتة على شمعة 07:00Z (من cbar)
10:18 KSA · CLOSED  · scanner    · بدء المسح · 1154 رمزاً · الجلسة CLOSED
10:18 KSA · CLOSED  · scanner    · ساعة التأكيد مثبَّتة على شمعة 07:00Z (من cbar)
10:20 KSA · CLOSED  · scanner    · بدء المسح · 1154 رمزاً · الجلسة CLOSED
10:20 KSA · CLOSED  · scanner    · ساعة التأكيد مثبَّتة على شمعة 07:00Z (من cbar)
10:23 KSA · CLOSED  · scanner    · بدء المسح · 1154 رمزاً · الجلسة CLOSED
10:23 KSA · CLOSED  · scanner    · ساعة التأكيد مثبَّتة على شمعة 07:00Z (من cbar)
10:23 KSA · CLOSED  · signal     · PENGU-USD · momo ▲ 83 · 1h
10:25 KSA · CLOSED  · scanner    · بدء المسح · 1154 رمزاً · الجلسة CLOSED
10:25 KSA · CLOSED  · scanner    · ساعة التأكيد مثبَّتة على شمعة 07:00Z (من cbar)
10:26 KSA · CLOSED  · scanner    · بدء المسح · 1154 رمزاً · الجلسة CLOSED
10:26 KSA · CLOSED  · scanner    · ساعة التأكيد مثبَّتة على شمعة 07:00Z (من cbar)
10:28 KSA · CLOSED  · scanner    · بدء المسح · 1154 رمزاً · الجلسة CLOSED
10:28 KSA · CLOSED  · scanner    · ساعة التأكيد مثبَّتة على شمعة 07:00Z (من cbar)
10:30 KSA · CLOSED  · scanner    · بدء المسح · 1154 رمزاً · الجلسة CLOSED
10:30 KSA · CLOSED  · scanner    · ساعة التأكيد مثبَّتة على شمعة 07:15Z (من cbar)
10:30 KSA · CLOSED  · signal     · SPCXB-USD · brk ▼ 64 · 15m
10:30 KSA · CLOSED  · signal     · REZ-USD · brk ▲ 91 · 15m
10:30 KSA · CLOSED  · signal     · MTL-USD · brk ▲ 59 · 15m
10:30 KSA · CLOSED  · signal     · TAO-USD · orb ▼ 55 · 15m
10:30 KSA · CLOSED  · signal     · TAO-USD · vwapRec ▲ 85 · 15m
10:30 KSA · CLOSED  · signal     · THE-USD · vwapRec ▲ 80 · 15m
10:30 KSA · CLOSED  · signal     · HOLO-USD · orb ▼ 70 · 15m
10:31 KSA · CLOSED  · scanner    · بدء المسح · 1154 رمزاً · الجلسة CLOSED
10:31 KSA · CLOSED  · scanner    · ساعة التأكيد مثبَّتة على شمعة 07:15Z (من cbar)
10:32 KSA · CLOSED  · scanner    · بدء المسح · 1154 رمزاً · الجلسة CLOSED
10:32 KSA · CLOSED  · scanner    · ساعة التأكيد مثبَّتة على شمعة 07:15Z (من cbar)
10:34 KSA · CLOSED  · scanner    · بدء المسح · 1154 رمزاً · الجلسة CLOSED
10:34 KSA · CLOSED  · scanner    · ساعة التأكيد مثبَّتة على شمعة 07:15Z (من cbar)
10:38 KSA · CLOSED  · scanner    · بدء المسح · 1154 رمزاً · الجلسة CLOSED
10:38 KSA · CLOSED  · scanner    · ساعة التأكيد مثبَّتة على شمعة 07:15Z (من cbar)
10:40 KSA · CLOSED  · scanner    · بدء المسح · 1154 رمزاً · الجلسة CLOSED
10:40 KSA · CLOSED  · scanner    · ساعة التأكيد مثبَّتة على شمعة 07:15Z (من cbar)
10:42 KSA · CLOSED  · scanner    · بدء المسح · 1154 رمزاً · الجلسة CLOSED
10:42 KSA · CLOSED  · scanner    · ساعة التأكيد مثبَّتة على شمعة 07:15Z (من cbar)
10:44 KSA · CLOSED  · scanner    · بدء المسح · 1154 رمزاً · الجلسة CLOSED
10:44 KSA · CLOSED  · scanner    · ساعة التأكيد مثبَّتة على شمعة 07:15Z (من cbar)
10:45 KSA · CLOSED  · scanner    · بدء المسح · 1154 رمزاً · الجلسة CLOSED
10:45 KSA · CLOSED  · scanner    · ساعة التأكيد مثبَّتة على شمعة 07:30Z (من cbar)
10:45 KSA · CLOSED  · signal     · UNI-USD · tfAlign ▲ 87 · 1d
10:46 KSA · CLOSED  · scanner    · بدء المسح · 1154 رمزاً · الجلسة CLOSED
10:46 KSA · CLOSED  · scanner    · ساعة التأكيد مثبَّتة على شمعة 07:30Z (من cbar)
10:48 KSA · CLOSED  · scanner    · بدء المسح · 1154 رمزاً · الجلسة CLOSED
10:48 KSA · CLOSED  · scanner    · ساعة التأكيد مثبَّتة على شمعة 07:30Z (من cbar)
10:51 KSA · CLOSED  · scanner    · بدء المسح · 1154 رمزاً · الجلسة CLOSED
10:51 KSA · CLOSED  · scanner    · ساعة التأكيد مثبَّتة على شمعة 07:30Z (من cbar)
10:53 KSA · CLOSED  · scanner    · بدء المسح · 1154 رمزاً · الجلسة CLOSED
10:53 KSA · CLOSED  · scanner    · ساعة التأكيد مثبَّتة على شمعة 07:30Z (من cbar)
10:54 KSA · CLOSED  · scanner    · بدء المسح · 1154 رمزاً · الجلسة CLOSED
10:54 KSA · CLOSED  · scanner    · ساعة التأكيد مثبَّتة على شمعة 07:30Z (من cbar)
10:56 KSA · CLOSED  · scanner    · بدء المسح · 1154 رمزاً · الجلسة CLOSED
10:56 KSA · CLOSED  · scanner    · ساعة التأكيد مثبَّتة على شمعة 07:30Z (من cbar)
10:58 KSA · CLOSED  · scanner    · بدء المسح · 1154 رمزاً · الجلسة CLOSED
10:58 KSA · CLOSED  · scanner    · ساعة التأكيد مثبَّتة على شمعة 07:30Z (من cbar)
11:00 KSA · PRE     · scanner    · بدء المسح · 1154 رمزاً · الجلسة PRE
11:00 KSA · PRE     · scanner    · ساعة التأكيد مثبَّتة على شمعة 07:45Z (من cbar)
11:00 KSA · PRE     · signal     · AMD · brk ▲ 82 · 15m · جلسة ممتدة
11:00 KSA · PRE     · signal     · XOM · volSpike ▲ 61 · 15m · جلسة ممتدة
11:00 KSA · PRE     · signal     · MS · volSpike ▼ 72 · 15m · جلسة ممتدة
11:00 KSA · PRE     · signal     · QCOM · brk ▲ 86 · 15m · جلسة ممتدة
11:00 KSA · PRE     · signal     · QCOM · meanRev ▼ 60 · 15m · جلسة ممتدة
11:00 KSA · PRE     · signal     · ADI · meanRev ▼ 60 · 15m · جلسة ممتدة
11:00 KSA · PRE     · signal     · NEM · brk ▲ 82 · 15m · جلسة ممتدة
11:00 KSA · PRE     · signal     · PSX · brk ▼ 57 · 15m · جلسة ممتدة
11:00 KSA · PRE     · signal     · MPWR · meanRev ▼ 60 · 15m · جلسة ممتدة
11:00 KSA · PRE     · signal     · NXPI · meanRev ▼ 55 · 15m · جلسة ممتدة
11:00 KSA · PRE     · signal     · FIX · volSpike ▲ 100 · 15m · جلسة ممتدة
11:00 KSA · PRE     · signal     · CIEN · brk ▲ 77 · 15m · جلسة ممتدة
11:00 KSA · PRE     · signal     · RDDT · volSpike ▼ 67 · 15m · جلسة ممتدة
11:00 KSA · PRE     · signal     · ON · brk ▲ 70 · 15m · جلسة ممتدة
11:00 KSA · PRE     · signal     · ON · meanRev ▼ 68 · 15m · جلسة ممتدة
11:00 KSA · PRE     · signal     · ADA-USD · rsiDiv ▼ 75 · 1h
11:00 KSA · PRE     · signal     · HBAR-USD · rsiDiv ▼ 78 · 1h
11:00 KSA · PRE     · signal     · MARSCOIN-USD · brk ▼ 55 · 15m
11:00 KSA · PRE     · signal     · MARSCOIN-USD · sqzExp ▲ 75 · 1h
11:00 KSA · PRE     · signal     · THE-USD · vwapRec ▼ 57 · 15m
11:01 KSA · PRE     · scanner    · بدء المسح · 1154 رمزاً · الجلسة PRE
11:01 KSA · PRE     · scanner    · ساعة التأكيد مثبَّتة على شمعة 07:45Z (من cbar)
11:02 KSA · PRE     · scanner    · بدء المسح · 1154 رمزاً · الجلسة PRE
11:02 KSA · PRE     · scanner    · ساعة التأكيد مثبَّتة على شمعة 07:45Z (من cbar)
11:04 KSA · PRE     · scanner    · بدء المسح · 1154 رمزاً · الجلسة PRE
11:04 KSA · PRE     · scanner    · ساعة التأكيد مثبَّتة على شمعة 07:45Z (من cbar)
11:08 KSA · PRE     · scanner    · بدء المسح · 1154 رمزاً · الجلسة PRE
11:08 KSA · PRE     · scanner    · ساعة التأكيد مثبَّتة على شمعة 07:45Z (من cbar)
11:10 KSA · PRE     · scanner    · بدء المسح · 1154 رمزاً · الجلسة PRE
11:10 KSA · PRE     · scanner    · ساعة التأكيد مثبَّتة على شمعة 07:45Z (من cbar)
11:12 KSA · PRE     · scanner    · بدء المسح · 1154 رمزاً · الجلسة PRE
11:12 KSA · PRE     · scanner    · ساعة التأكيد مثبَّتة على شمعة 07:45Z (من cbar)
11:14 KSA · PRE     · scanner    · بدء المسح · 1154 رمزاً · الجلسة PRE
11:14 KSA · PRE     · scanner    · ساعة التأكيد مثبَّتة على شمعة 07:45Z (من cbar)
11:15 KSA · PRE     · scanner    · بدء المسح · 1154 رمزاً · الجلسة PRE
11:15 KSA · PRE     · scanner    · ساعة التأكيد مثبَّتة على شمعة 08:00Z (من cbar)
11:15 KSA · PRE     · signal     · AAPL · brk ▲ 66 · 15m · جلسة ممتدة
11:15 KSA · PRE     · signal     · GOOGL · meanRev ▼ 55 · 15m · جلسة ممتدة
11:15 KSA · PRE     · signal     · GOOG · brk ▲ 55 · 15m · جلسة ممتدة
11:15 KSA · PRE     · signal     · GOOG · meanRev ▼ 55 · 15m · جلسة ممتدة
11:15 KSA · PRE     · signal     · ABBV · brk ▼ 67 · 15m · جلسة ممتدة
11:15 KSA · PRE     · signal     · PLTR · brk ▲ 77 · 15m · جلسة ممتدة
11:15 KSA · PRE     · signal     · NFLX · meanRev ▼ 57 · 15m · جلسة ممتدة
11:15 KSA · PRE     · signal     · PANW · meanRev ▼ 63 · 15m · جلسة ممتدة
11:15 KSA · PRE     · signal     · CRWD · meanRev ▼ 63 · 15m · جلسة ممتدة
11:15 KSA · PRE     · signal     · HOOD · brk ▲ 55 · 15m · جلسة ممتدة
11:15 KSA · PRE     · signal     · ADBE · brk ▼ 59 · 15m · جلسة ممتدة
11:15 KSA · PRE     · signal     · DDOG · meanRev ▼ 60 · 15m · جلسة ممتدة
11:15 KSA · PRE     · signal     · CDNS · meanRev ▼ 60 · 15m · جلسة ممتدة
11:15 KSA · PRE     · signal     · COHR · brk ▲ 64 · 15m · جلسة ممتدة
11:15 KSA · PRE     · signal     · NXPI · volSpike ▲ 56 · 15m · جلسة ممتدة
11:15 KSA · PRE     · signal     · ADSK · brk ▲ 80 · 15m · جلسة ممتدة
11:15 KSA · PRE     · signal     · ADSK · meanRev ▼ 57 · 15m · جلسة ممتدة
11:15 KSA · PRE     · signal     · XAUT-USD · brk ▼ 84 · 15m
11:15 KSA · PRE     · signal     · PAXG-USD · brk ▼ 91 · 15m
11:15 KSA · PRE     · signal     · VTHO-USD · brk ▲ 80 · 15m
11:15 KSA · PRE     · signal     · EUR-USD · brk ▼ 66 · 15m
11:15 KSA · PRE     · signal     · EUR-USD · meanRev ▲ 60 · 15m
11:15 KSA · PRE     · signal     · PUMP-USD · volSpike ▼ 75 · 15m
11:16 KSA · PRE     · scanner    · بدء المسح · 1154 رمزاً · الجلسة PRE
11:16 KSA · PRE     · scanner    · ساعة التأكيد مثبَّتة على شمعة 08:00Z (من cbar)
11:18 KSA · PRE     · scanner    · بدء المسح · 1154 رمزاً · الجلسة PRE
11:18 KSA · PRE     · scanner    · ساعة التأكيد مثبَّتة على شمعة 08:00Z (من cbar)
11:22 KSA · PRE     · scanner    · بدء المسح · 1154 رمزاً · الجلسة PRE
11:22 KSA · PRE     · scanner    · ساعة التأكيد مثبَّتة على شمعة 08:00Z (من cbar)
11:22 KSA · PRE     · signal     · PAXG-USD · sqzExp ▼ 63 · 1h
11:23 KSA · PRE     · scanner    · بدء المسح · 1154 رمزاً · الجلسة PRE
11:23 KSA · PRE     · scanner    · ساعة التأكيد مثبَّتة على شمعة 08:00Z (من cbar)
11:24 KSA · PRE     · scanner    · بدء المسح · 1154 رمزاً · الجلسة PRE
11:24 KSA · PRE     · scanner    · ساعة التأكيد مثبَّتة على شمعة 08:00Z (من cbar)
11:26 KSA · PRE     · scanner    · بدء المسح · 1154 رمزاً · الجلسة PRE
11:26 KSA · PRE     · scanner    · ساعة التأكيد مثبَّتة على شمعة 08:00Z (من cbar)
11:28 KSA · PRE     · scanner    · بدء المسح · 1154 رمزاً · الجلسة PRE
11:28 KSA · PRE     · scanner    · ساعة التأكيد مثبَّتة على شمعة 08:00Z (من cbar)
11:30 KSA · PRE     · scanner    · بدء المسح · 1154 رمزاً · الجلسة PRE
11:30 KSA · PRE     · scanner    · ساعة التأكيد مثبَّتة على شمعة 08:15Z (من cbar)
11:30 KSA · PRE     · signal     · AAPL · vwapRec ▼ 75 · 15m · جلسة ممتدة
11:30 KSA · PRE     · signal     · GOOGL · volSpike ▼ 67 · 15m · جلسة ممتدة
11:30 KSA · PRE     · signal     · GOOG · vwapRec ▲ 85 · 15m · جلسة ممتدة
11:30 KSA · PRE     · signal     · GOOG · volSpike ▼ 56 · 15m · جلسة ممتدة
11:30 KSA · PRE     · signal     · MSFT · vwapRec ▲ 60 · 15m · جلسة ممتدة
11:30 KSA · PRE     · signal     · AVGO · vwapRec ▲ 88 · 15m · جلسة ممتدة
11:30 KSA · PRE     · signal     · MU · vwapRec ▲ 100 · 15m · جلسة ممتدة
11:30 KSA · PRE     · signal     · INTC · vwapRec ▲ 100 · 15m · جلسة ممتدة
11:30 KSA · PRE     · signal     · INTC · volSpike ▲ 67 · 15m · جلسة ممتدة
11:30 KSA · PRE     · signal     · ORCL · vwapRec ▲ 75 · 15m · جلسة ممتدة
11:30 KSA · PRE     · signal     · PLTR · volSpike ▲ 94 · 15m · جلسة ممتدة
11:30 KSA · PRE     · signal     · BAC · vwapRec ▲ 73 · 15m · جلسة ممتدة
11:30 KSA · PRE     · signal     · UNH · vwapRec ▼ 83 · 15m · جلسة ممتدة
11:30 KSA · PRE     · signal     · NFLX · volSpike ▲ 56 · 15m · جلسة ممتدة
11:30 KSA · PRE     · signal     · PANW · volSpike ▲ 89 · 15m · جلسة ممتدة
11:30 KSA · PRE     · signal     · HD · vwapRec ▲ 75 · 15m · جلسة ممتدة
11:30 KSA · PRE     · signal     · SNDK · vwapRec ▲ 100 · 15m · جلسة ممتدة
11:30 KSA · PRE     · signal     · CRWD · vwapRec ▲ 85 · 15m · جلسة ممتدة
11:30 KSA · PRE     · signal     · CRWD · volSpike ▼ 56 · 15m · جلسة ممتدة
11:30 KSA · PRE     · signal     · TXN · volSpike ▲ 72 · 15m · جلسة ممتدة
11:30 KSA · PRE     · signal     · KLAC · vwapRec ▲ 100 · 15m · جلسة ممتدة
11:30 KSA · PRE     · signal     · QCOM · vwapRec ▲ 100 · 15m · جلسة ممتدة
11:30 KSA · PRE     · signal     · WDC · vwapRec ▲ 93 · 15m · جلسة ممتدة
11:30 KSA · PRE     · signal     · ISRG · volSpike ▲ 94 · 15m · جلسة ممتدة
11:30 KSA · PRE     · signal     · GLW · vwapRec ▲ 100 · 15m · جلسة ممتدة
11:30 KSA · PRE     · signal     · NEM · brk ▲ 68 · 15m · جلسة ممتدة
11:30 KSA · PRE     · signal     · FTNT · volSpike ▲ 89 · 15m · جلسة ممتدة
11:30 KSA · PRE     · signal     · BKNG · volSpike ▼ 78 · 15m · جلسة ممتدة
11:30 KSA · PRE     · signal     · SPGI · vwapRec ▲ 60 · 15m · جلسة ممتدة
11:30 KSA · PRE     · signal     · APP · vwapRec ▼ 80 · 15m · جلسة ممتدة
11:30 KSA · PRE     · signal     · ADBE · volSpike ▼ 78 · 15m · جلسة ممتدة
11:30 KSA · PRE     · signal     · VRT · vwapRec ▲ 80 · 15m · جلسة ممتدة
11:30 KSA · PRE     · signal     · CEG · vwapRec ▼ 78 · 15m · جلسة ممتدة
11:30 KSA · PRE     · signal     · CEG · volSpike ▼ 67 · 15m · جلسة ممتدة
11:30 KSA · PRE     · signal     · LITE · vwapRec ▲ 100 · 15m · جلسة ممتدة
11:30 KSA · PRE     · signal     · BSX · volSpike ▼ 61 · 15m · جلسة ممتدة
11:30 KSA · PRE     · signal     · MPWR · vwapRec ▲ 100 · 15m · جلسة ممتدة
11:30 KSA · PRE     · signal     · NKE · vwapRec ▲ 60 · 15m · جلسة ممتدة
11:30 KSA · PRE     · signal     · DVN · vwapRec ▼ 95 · 15m · جلسة ممتدة
11:30 KSA · PRE     · signal     · CIEN · vwapRec ▲ 93 · 15m · جلسة ممتدة
11:30 KSA · PRE     · signal     · MCHP · volSpike ▲ 61 · 15m · جلسة ممتدة
11:30 KSA · PRE     · signal     · ON · vwapRec ▲ 83 · 15m · جلسة ممتدة
11:30 KSA · PRE     · signal     · SMCI · vwapRec ▲ 100 · 15m · جلسة ممتدة
11:30 KSA · PRE     · signal     · SMCI · volSpike ▲ 78 · 15m · جلسة ممتدة
11:30 KSA · PRE     · signal     · NEAR-USD · volSpike ▲ 61 · 15m
11:30 KSA · PRE     · signal     · MARSCOIN-USD · brk ▲ 91 · 15m
11:30 KSA · PRE     · signal     · MARSCOIN-USD · meanRev ▼ 71 · 15m
11:30 KSA · PRE     · signal     · VTHO-USD · orb ▼ 60 · 15m
11:30 KSA · PRE     · signal     · 牛来-USD · orb ▼ 72 · 15m
11:30 KSA · PRE     · signal     · 牛来-USD · vwapRec ▲ 67 · 15m
11:30 KSA · PRE     · signal     · TAO-USD · orb ▼ 73 · 15m
11:30 KSA · PRE     · signal     · TAO-USD · vwapRec ▲ 85 · 15m
11:30 KSA · PRE     · signal     · ASTER-USD · vwapRec ▲ 78 · 15m
11:31 KSA · PRE     · scanner    · بدء المسح · 1154 رمزاً · الجلسة PRE
11:31 KSA · PRE     · scanner    · ساعة التأكيد مثبَّتة على شمعة 08:15Z (من cbar)
11:32 KSA · PRE     · scanner    · بدء المسح · 1154 رمزاً · الجلسة PRE
11:32 KSA · PRE     · scanner    · ساعة التأكيد مثبَّتة على شمعة 08:15Z (من cbar)
11:34 KSA · PRE     · scanner    · بدء المسح · 1154 رمزاً · الجلسة PRE
11:34 KSA · PRE     · scanner    · ساعة التأكيد مثبَّتة على شمعة 08:15Z (من cbar)
11:38 KSA · PRE     · scanner    · بدء المسح · 1154 رمزاً · الجلسة PRE
11:38 KSA · PRE     · scanner    · ساعة التأكيد مثبَّتة على شمعة 08:15Z (من cbar)
11:40 KSA · PRE     · scanner    · بدء المسح · 1154 رمزاً · الجلسة PRE
11:40 KSA · PRE     · scanner    · ساعة التأكيد مثبَّتة على شمعة 08:15Z (من cbar)
11:42 KSA · PRE     · scanner    · بدء المسح · 1154 رمزاً · الجلسة PRE
11:42 KSA · PRE     · scanner    · ساعة التأكيد مثبَّتة على شمعة 08:15Z (من cbar)
11:44 KSA · PRE     · scanner    · بدء المسح · 1154 رمزاً · الجلسة PRE
11:44 KSA · PRE     · scanner    · ساعة التأكيد مثبَّتة على شمعة 08:15Z (من cbar)
11:45 KSA · PRE     · scanner    · بدء المسح · 1154 رمزاً · الجلسة PRE
11:45 KSA · PRE     · scanner    · ساعة التأكيد مثبَّتة على شمعة 08:30Z (من cbar)
11:45 KSA · PRE     · signal     · GOOGL · meanRev ▼ 55 · 15m · جلسة ممتدة
11:45 KSA · PRE     · signal     · GOOG · meanRev ▼ 55 · 15m · جلسة ممتدة
11:45 KSA · PRE     · signal     · MSFT · meanRev ▼ 85 · 15m · جلسة ممتدة
11:45 KSA · PRE     · signal     · BRK-B · vwapRec ▲ 55 · 15m · جلسة ممتدة
11:45 KSA · PRE     · signal     · LLY · vwapRec ▲ 70 · 15m · جلسة ممتدة
11:45 KSA · PRE     · signal     · CAT · volSpike ▲ 67 · 15m · جلسة ممتدة
11:45 KSA · PRE     · signal     · GE · vwapRec ▲ 68 · 15m · جلسة ممتدة
11:45 KSA · PRE     · signal     · PANW · vwapRec ▼ 75 · 15m · جلسة ممتدة
11:45 KSA · PRE     · signal     · PANW · brk ▲ 95 · 15m · جلسة ممتدة
11:45 KSA · PRE     · signal     · TXN · orb ▼ 65 · 15m · جلسة ممتدة
11:45 KSA · PRE     · signal     · TXN · vwapRec ▲ 100 · 15m · جلسة ممتدة
11:45 KSA · PRE     · signal     · MCD · orb ▲ 70 · 15m · جلسة ممتدة
11:45 KSA · PRE     · signal     · ETN · orb ▲ 55 · 15m · جلسة ممتدة
11:45 KSA · PRE     · signal     · NEE · vwapRec ▲ 75 · 15m · جلسة ممتدة
11:45 KSA · PRE     · signal     · PFE · vwapRec ▲ 85 · 15m · جلسة ممتدة
11:45 KSA · PRE     · signal     · NOW · brk ▲ 82 · 15m · جلسة ممتدة
11:45 KSA · PRE     · signal     · VLO · vwapRec ▼ 68 · 15m · جلسة ممتدة
11:45 KSA · PRE     · signal     · ADBE · brk ▲ 59 · 15m · جلسة ممتدة
11:45 KSA · PRE     · signal     · ADBE · meanRev ▼ 57 · 15m · جلسة ممتدة
11:45 KSA · PRE     · signal     · XRP-USD · meanRev ▼ 78 · 15m
11:45 KSA · PRE     · signal     · DDOG · orb ▲ 100 · 15m · جلسة ممتدة
11:45 KSA · PRE     · signal     · INTU · orb ▲ 65 · 15m · جلسة ممتدة
11:45 KSA · PRE     · signal     · INTU · meanRev ▼ 65 · 15m · جلسة ممتدة
11:45 KSA · PRE     · signal     · CDNS · meanRev ▼ 60 · 15m · جلسة ممتدة
11:45 KSA · PRE     · signal     · COHR · brk ▼ 61 · 15m · جلسة ممتدة
11:45 KSA · PRE     · signal     · AZO · vwapRec ▲ 75 · 15m · جلسة ممتدة
11:45 KSA · PRE     · signal     · LINK-USD · vwapRec ▼ 83 · 15m
11:45 KSA · PRE     · signal     · XAUT-USD · volSpike ▲ 61 · 15m
11:45 KSA · PRE     · signal     · FIL-USD · volSpike ▲ 67 · 15m
11:45 KSA · PRE     · signal     · FET-USD · meanRev ▼ 78 · 15m
11:45 KSA · PRE     · signal     · BNCB-USD · brk ▼ 64 · 15m
11:45 KSA · PRE     · signal     · BNCB-USD · meanRev ▼ 68 · 15m
11:45 KSA · PRE     · signal     · TAO-USD · tfAlign ▲ 100 · 1d
11:46 KSA · PRE     · scanner    · بدء المسح · 1154 رمزاً · الجلسة PRE
11:46 KSA · PRE     · scanner    · ساعة التأكيد مثبَّتة على شمعة 08:30Z (من cbar)
11:48 KSA · PRE     · scanner    · بدء المسح · 1154 رمزاً · الجلسة PRE
11:48 KSA · PRE     · scanner    · ساعة التأكيد مثبَّتة على شمعة 08:30Z (من cbar)
11:51 KSA · PRE     · scanner    · بدء المسح · 1154 رمزاً · الجلسة PRE
11:51 KSA · PRE     · scanner    · ساعة التأكيد مثبَّتة على شمعة 08:30Z (من cbar)
11:53 KSA · PRE     · scanner    · بدء المسح · 1154 رمزاً · الجلسة PRE
11:53 KSA · PRE     · scanner    · ساعة التأكيد مثبَّتة على شمعة 08:30Z (من cbar)
11:54 KSA · PRE     · scanner    · بدء المسح · 1154 رمزاً · الجلسة PRE
11:54 KSA · PRE     · scanner    · ساعة التأكيد مثبَّتة على شمعة 08:30Z (من cbar)
11:56 KSA · PRE     · scanner    · بدء المسح · 1154 رمزاً · الجلسة PRE
11:56 KSA · PRE     · scanner    · ساعة التأكيد مثبَّتة على شمعة 08:30Z (من cbar)
11:58 KSA · PRE     · scanner    · بدء المسح · 1154 رمزاً · الجلسة PRE
11:58 KSA · PRE     · scanner    · ساعة التأكيد مثبَّتة على شمعة 08:30Z (من cbar)
12:00 KSA · PRE     · scanner    · بدء المسح · 1154 رمزاً · الجلسة PRE
12:00 KSA · PRE     · scanner    · ساعة التأكيد مثبَّتة على شمعة 08:45Z (من cbar)
12:00 KSA · PRE     · signal     · GOOGL · orb ▲ 85 · 15m · جلسة ممتدة
12:00 KSA · PRE     · signal     · GOOG · orb ▲ 85 · 15m · جلسة ممتدة
12:00 KSA · PRE     · signal     · CSCO · brk ▲ 55 · 15m · جلسة ممتدة
12:00 KSA · PRE     · signal     · CVX · orb ▼ 88 · 15m · جلسة ممتدة
12:00 KSA · PRE     · signal     · CVX · vwapRec ▲ 80 · 15m · جلسة ممتدة
12:00 KSA · PRE     · signal     · CVX · meanRev ▲ 68 · 15m · جلسة ممتدة
12:00 KSA · PRE     · signal     · HD · orb ▲ 65 · 15m · جلسة ممتدة
12:00 KSA · PRE     · signal     · GS · vwapRec ▼ 65 · 15m · جلسة ممتدة
12:00 KSA · PRE     · signal     · CRWD · brk ▲ 70 · 15m · جلسة ممتدة
12:00 KSA · PRE     · signal     · ADI · vwapRec ▲ 70 · 15m · جلسة ممتدة
12:00 KSA · PRE     · signal     · VLO · orb ▼ 63 · 15m · جلسة ممتدة
12:00 KSA · PRE     · signal     · VLO · brk ▼ 57 · 15m · جلسة ممتدة
12:00 KSA · PRE     · signal     · APP · orb ▲ 80 · 15m · جلسة ممتدة
12:00 KSA · PRE     · signal     · CMCSA · orb ▲ 80 · 15m · جلسة ممتدة
12:00 KSA · PRE     · signal     · GRAM-USD · pbTrend ▲ 100 · 1h
12:00 KSA · PRE     · signal     · SOXLB-USD · pbTrend ▲ 86 · 1h
12:00 KSA · PRE     · signal     · UNI-USD · orb ▼ 70 · 15m
12:00 KSA · PRE     · signal     · U-USD · rsiDiv ▲ 81 · 1h
12:00 KSA · PRE     · signal     · TAO-USD · momo ▲ 83 · 1h
12:00 KSA · PRE     · signal     · THE-USD · momo ▲ 75 · 1h
12:00 KSA · PRE     · signal     · ARB-USD · rsiDiv ▼ 81 · 1h
12:00 KSA · PRE     · signal     · BANK-USD · vwapRec ▼ 80 · 15m
12:00 KSA · PRE     · signal     · BANK-USD · volSpike ▲ 72 · 15m
12:00 KSA · PRE     · signal     · ASTER-USD · pbTrend ▲ 64 · 1h
12:00 KSA · PRE     · signal     · ASTER-USD · rsiDiv ▲ 67 · 1h
12:01 KSA · PRE     · scanner    · بدء المسح · 1154 رمزاً · الجلسة PRE
12:01 KSA · PRE     · scanner    · ساعة التأكيد مثبَّتة على شمعة 08:45Z (من cbar)
12:02 KSA · PRE     · scanner    · بدء المسح · 1154 رمزاً · الجلسة PRE
12:02 KSA · PRE     · scanner    · ساعة التأكيد مثبَّتة على شمعة 08:45Z (من cbar)
12:04 KSA · PRE     · scanner    · بدء المسح · 1154 رمزاً · الجلسة PRE
12:04 KSA · PRE     · scanner    · ساعة التأكيد مثبَّتة على شمعة 08:45Z (من cbar)
12:08 KSA · PRE     · scanner    · بدء المسح · 1154 رمزاً · الجلسة PRE
12:08 KSA · PRE     · scanner    · ساعة التأكيد مثبَّتة على شمعة 08:45Z (من cbar)
12:10 KSA · PRE     · scanner    · بدء المسح · 1154 رمزاً · الجلسة PRE
12:10 KSA · PRE     · scanner    · ساعة التأكيد مثبَّتة على شمعة 08:45Z (من cbar)
12:12 KSA · PRE     · scanner    · بدء المسح · 1154 رمزاً · الجلسة PRE
12:12 KSA · PRE     · scanner    · ساعة التأكيد مثبَّتة على شمعة 08:45Z (من cbar)
12:14 KSA · PRE     · scanner    · بدء المسح · 1154 رمزاً · الجلسة PRE
12:14 KSA · PRE     · scanner    · ساعة التأكيد مثبَّتة على شمعة 08:45Z (من cbar)
12:15 KSA · PRE     · scanner    · بدء المسح · 1154 رمزاً · الجلسة PRE
12:15 KSA · PRE     · scanner    · ساعة التأكيد مثبَّتة على شمعة 09:00Z (من cbar)
12:15 KSA · PRE     · signal     · AVGO · vwapRec ▲ 65 · 15m · جلسة ممتدة
12:15 KSA · PRE     · signal     · CSCO · meanRev ▼ 60 · 15m · جلسة ممتدة
12:15 KSA · PRE     · signal     · MRK · vwapRec ▲ 70 · 15m · جلسة ممتدة
12:15 KSA · PRE     · signal     · PANW · vwapRec ▲ 57 · 15m · جلسة ممتدة
12:15 KSA · PRE     · signal     · ADI · orb ▲ 100 · 15m · جلسة ممتدة
12:15 KSA · PRE     · signal     · ADI · brk ▲ 94 · 15m · جلسة ممتدة
12:15 KSA · PRE     · signal     · ADI · meanRev ▼ 60 · 15m · جلسة ممتدة
12:15 KSA · PRE     · signal     · GLW · vwapRec ▲ 85 · 15m · جلسة ممتدة
12:15 KSA · PRE     · signal     · NEM · vwapRec ▲ 55 · 15m · جلسة ممتدة
12:15 KSA · PRE     · signal     · VRTX · brk ▲ 56 · 15m · جلسة ممتدة
12:15 KSA · PRE     · signal     · ADP · orb ▲ 77 · 15m · جلسة ممتدة
12:15 KSA · PRE     · signal     · LITE · vwapRec ▲ 85 · 15m · جلسة ممتدة
12:15 KSA · PRE     · signal     · CDNS · meanRev ▼ 60 · 15m · جلسة ممتدة
12:15 KSA · PRE     · signal     · MDLZ · orb ▼ 100 · 15m · جلسة ممتدة
12:15 KSA · PRE     · signal     · MDLZ · brk ▼ 94 · 15m · جلسة ممتدة
12:15 KSA · PRE     · signal     · MPWR · vwapRec ▲ 85 · 15m · جلسة ممتدة
12:15 KSA · PRE     · signal     · CIEN · vwapRec ▲ 78 · 15m · جلسة ممتدة
12:15 KSA · PRE     · signal     · AZO · meanRev ▲ 70 · 15m · جلسة ممتدة
12:15 KSA · PRE     · signal     · NEAR-USD · vwapRec ▲ 68 · 15m
12:15 KSA · PRE     · signal     · GRAM-USD · momo ▼ 64 · 1h
12:15 KSA · PRE     · signal     · CVC-USD · orb ▲ 75 · 15m
12:15 KSA · PRE     · signal     · UNI-USD · momo ▲ 61 · 1h
12:15 KSA · PRE     · signal     · HOLO-USD · orb ▼ 70 · 15m
12:15 KSA · PRE     · signal     · ASTER-USD · vwapRec ▲ 78 · 15m
12:16 KSA · PRE     · scanner    · بدء المسح · 1154 رمزاً · الجلسة PRE
12:16 KSA · PRE     · scanner    · ساعة التأكيد مثبَّتة على شمعة 09:00Z (من cbar)
12:18 KSA · PRE     · scanner    · بدء المسح · 1154 رمزاً · الجلسة PRE
12:18 KSA · PRE     · scanner    · ساعة التأكيد مثبَّتة على شمعة 09:00Z (من cbar)
12:22 KSA · PRE     · scanner    · بدء المسح · 1154 رمزاً · الجلسة PRE
12:22 KSA · PRE     · scanner    · ساعة التأكيد مثبَّتة على شمعة 09:00Z (من cbar)
12:22 KSA · PRE     · signal     · GILD · orb ▲ 73 · 15m · جلسة ممتدة
12:22 KSA · PRE     · signal     · GILD · vwapRec ▲ 57 · 15m · جلسة ممتدة
12:22 KSA · PRE     · signal     · ON · vwapRec ▲ 79 · 15m · جلسة ممتدة
12:24 KSA · PRE     · scanner    · بدء المسح · 1154 رمزاً · الجلسة PRE
12:24 KSA · PRE     · scanner    · ساعة التأكيد مثبَّتة على شمعة 09:00Z (من cbar)
12:26 KSA · PRE     · scanner    · بدء المسح · 1154 رمزاً · الجلسة PRE
12:26 KSA · PRE     · scanner    · ساعة التأكيد مثبَّتة على شمعة 09:00Z (من cbar)
12:28 KSA · PRE     · scanner    · بدء المسح · 1154 رمزاً · الجلسة PRE
12:28 KSA · PRE     · scanner    · ساعة التأكيد مثبَّتة على شمعة 09:00Z (من cbar)
12:30 KSA · PRE     · scanner    · بدء المسح · 1154 رمزاً · الجلسة PRE
12:30 KSA · PRE     · scanner    · ساعة التأكيد مثبَّتة على شمعة 09:15Z (من cbar)
12:30 KSA · PRE     · signal     · TSLA · vwapRec ▲ 60 · 15m · جلسة ممتدة
12:30 KSA · PRE     · signal     · VRT · vwapRec ▲ 65 · 15m · جلسة ممتدة
12:30 KSA · PRE     · signal     · MPWR · brk ▲ 91 · 15m · جلسة ممتدة
12:30 KSA · PRE     · signal     · ON · brk ▲ 86 · 15m · جلسة ممتدة
12:30 KSA · PRE     · signal     · XAUT-USD · rsiDiv ▼ 56 · 15m
12:30 KSA · PRE     · signal     · FIL-USD · volSpike ▲ 67 · 15m
12:30 KSA · PRE     · signal     · XPL-USD · volSpike ▼ 89 · 15m
12:30 KSA · PRE     · signal     · IOTA-USD · rsiDiv ▼ 69 · 15m
12:30 KSA · PRE     · signal     · UNI-USD · volSpike ▼ 78 · 15m
12:30 KSA · PRE     · signal     · ASTER-USD · volSpike ▼ 67 · 15m
12:31 KSA · PRE     · scanner    · بدء المسح · 1154 رمزاً · الجلسة PRE
12:31 KSA · PRE     · scanner    · ساعة التأكيد مثبَّتة على شمعة 09:15Z (من cbar)
12:32 KSA · PRE     · scanner    · بدء المسح · 1154 رمزاً · الجلسة PRE
12:32 KSA · PRE     · scanner    · ساعة التأكيد مثبَّتة على شمعة 09:15Z (من cbar)
12:34 KSA · PRE     · scanner    · بدء المسح · 1154 رمزاً · الجلسة PRE
12:34 KSA · PRE     · scanner    · ساعة التأكيد مثبَّتة على شمعة 09:15Z (من cbar)
12:36 KSA · PRE     · scanner    · بدء المسح · 1154 رمزاً · الجلسة PRE
12:36 KSA · PRE     · scanner    · ساعة التأكيد مثبَّتة على شمعة 09:15Z (من cbar)
12:39 KSA · PRE     · scanner    · بدء المسح · 1154 رمزاً · الجلسة PRE
12:39 KSA · PRE     · scanner    · ساعة التأكيد مثبَّتة على شمعة 09:15Z (من cbar)
12:42 KSA · PRE     · scanner    · بدء المسح · 1154 رمزاً · الجلسة PRE
12:42 KSA · PRE     · scanner    · ساعة التأكيد مثبَّتة على شمعة 09:15Z (من cbar)
12:44 KSA · PRE     · scanner    · بدء المسح · 1154 رمزاً · الجلسة PRE
12:44 KSA · PRE     · scanner    · ساعة التأكيد مثبَّتة على شمعة 09:15Z (من cbar)
12:45 KSA · PRE     · scanner    · بدء المسح · 1154 رمزاً · الجلسة PRE
12:45 KSA · PRE     · scanner    · ساعة التأكيد مثبَّتة على شمعة 09:30Z (من cbar)
12:45 KSA · PRE     · signal     · CSCO · vwapRec ▲ 63 · 15m · جلسة ممتدة
12:45 KSA · PRE     · signal     · CVX · vwapRec ▼ 65 · 15m · جلسة ممتدة
12:45 KSA · PRE     · signal     · QCOM · vwapRec ▲ 85 · 15m · جلسة ممتدة
12:45 KSA · PRE     · signal     · ADI · orb ▲ 100 · 15m · جلسة ممتدة
12:45 KSA · PRE     · signal     · ADI · brk ▲ 94 · 15m · جلسة ممتدة
12:45 KSA · PRE     · signal     · ADI · meanRev ▼ 60 · 15m · جلسة ممتدة
12:45 KSA · PRE     · signal     · UBER · orb ▲ 65 · 15m · جلسة ممتدة
12:45 KSA · PRE     · signal     · TJX · vwapRec ▲ 55 · 15m · جلسة ممتدة
12:45 KSA · PRE     · signal     · MDT · meanRev ▲ 85 · 15m · جلسة ممتدة
12:45 KSA · PRE     · signal     · CEG · orb ▲ 65 · 15m · جلسة ممتدة
12:45 KSA · PRE     · signal     · MDLZ · vwapRec ▼ 78 · 15m · جلسة ممتدة
12:45 KSA · PRE     · signal     · SMCI · vwapRec ▲ 85 · 15m · جلسة ممتدة
12:45 KSA · PRE     · signal     · THE-USD · vwapRec ▼ 65 · 15m
12:45 KSA · PRE     · signal     · PENGU-USD · rsiDiv ▼ 67 · 15m
12:46 KSA · PRE     · scanner    · بدء المسح · 1154 رمزاً · الجلسة PRE
12:46 KSA · PRE     · scanner    · ساعة التأكيد مثبَّتة على شمعة 09:30Z (من cbar)
12:48 KSA · PRE     · scanner    · بدء المسح · 1154 رمزاً · الجلسة PRE
12:48 KSA · PRE     · scanner    · ساعة التأكيد مثبَّتة على شمعة 09:30Z (من cbar)
12:50 KSA · PRE     · scanner    · بدء المسح · 1154 رمزاً · الجلسة PRE
12:50 KSA · PRE     · scanner    · ساعة التأكيد مثبَّتة على شمعة 09:30Z (من cbar)
12:52 KSA · PRE     · scanner    · بدء المسح · 1154 رمزاً · الجلسة PRE
12:52 KSA · PRE     · scanner    · ساعة التأكيد مثبَّتة على شمعة 09:30Z (من cbar)
12:52 KSA · PRE     · signal     · TXN · vwapRec ▲ 82 · 15m · جلسة ممتدة
12:52 KSA · PRE     · signal     · SNPS · orb ▲ 82 · 15m · جلسة ممتدة
12:54 KSA · PRE     · scanner    · بدء المسح · 1154 رمزاً · الجلسة PRE
12:54 KSA · PRE     · scanner    · ساعة التأكيد مثبَّتة على شمعة 09:30Z (من cbar)
12:56 KSA · PRE     · scanner    · بدء المسح · 1154 رمزاً · الجلسة PRE
12:56 KSA · PRE     · scanner    · ساعة التأكيد مثبَّتة على شمعة 09:30Z (من cbar)
12:58 KSA · PRE     · scanner    · بدء المسح · 1154 رمزاً · الجلسة PRE
12:58 KSA · PRE     · scanner    · ساعة التأكيد مثبَّتة على شمعة 09:30Z (من cbar)
13:00 KSA · PRE     · scanner    · بدء المسح · 1154 رمزاً · الجلسة PRE
13:00 KSA · PRE     · scanner    · ساعة التأكيد مثبَّتة على شمعة 09:30Z (من cbar)
13:01 KSA · PRE     · scanner    · بدء المسح · 1154 رمزاً · الجلسة PRE
13:01 KSA · PRE     · scanner    · ساعة التأكيد مثبَّتة على شمعة 09:45Z (من cbar)
13:01 KSA · PRE     · signal     · LLY · vwapRec ▼ 75 · 15m · جلسة ممتدة
13:01 KSA · PRE     · signal     · JPM · vwapRec ▲ 85 · 15m · جلسة ممتدة
13:01 KSA · PRE     · signal     · T · orb ▲ 75 · 15m · جلسة ممتدة
13:01 KSA · PRE     · signal     · GLW · vwapRec ▲ 60 · 15m · جلسة ممتدة
13:01 KSA · PRE     · signal     · BKNG · orb ▲ 70 · 15m · جلسة ممتدة
13:01 KSA · PRE     · signal     · MPC · orb ▼ 63 · 15m · جلسة ممتدة
13:01 KSA · PRE     · signal     · MPC · brk ▼ 57 · 15m · جلسة ممتدة
13:01 KSA · PRE     · signal     · CMCSA · meanRev ▼ 70 · 15m · جلسة ممتدة
13:01 KSA · PRE     · signal     · FIX · vwapRec ▲ 85 · 15m · جلسة ممتدة
13:01 KSA · PRE     · signal     · MARSCOIN-USD · momo ▲ 93 · 1h
13:01 KSA · PRE     · signal     · SNDKB-USD · vwapRec ▼ 75 · 15m
13:01 KSA · PRE     · signal     · SNXXB-USD · vwapRec ▼ 68 · 15m
13:01 KSA · PRE     · signal     · UNI-USD · pbTrend ▲ 76 · 1h
13:01 KSA · PRE     · signal     · UNI-USD · tfAlign ▲ 79 · 1d
13:01 KSA · PRE     · signal     · TAO-USD · momo ▲ 83 · 1h
13:01 KSA · PRE     · signal     · THE-USD · momo ▲ 75 · 1h
13:01 KSA · PRE     · signal     · ASTER-USD · momo ▼ 69 · 1h
13:02 KSA · PRE     · scanner    · بدء المسح · 1154 رمزاً · الجلسة PRE
13:02 KSA · PRE     · scanner    · ساعة التأكيد مثبَّتة على شمعة 09:45Z (من cbar)
13:04 KSA · PRE     · scanner    · بدء المسح · 1154 رمزاً · الجلسة PRE
13:04 KSA · PRE     · scanner    · ساعة التأكيد مثبَّتة على شمعة 09:45Z (من cbar)
13:06 KSA · PRE     · scanner    · بدء المسح · 1154 رمزاً · الجلسة PRE
13:06 KSA · PRE     · scanner    · ساعة التأكيد مثبَّتة على شمعة 09:45Z (من cbar)
13:09 KSA · PRE     · scanner    · بدء المسح · 1154 رمزاً · الجلسة PRE
13:09 KSA · PRE     · scanner    · ساعة التأكيد مثبَّتة على شمعة 09:45Z (من cbar)
13:10 KSA · PRE     · scanner    · بدء المسح · 1154 رمزاً · الجلسة PRE
13:10 KSA · PRE     · scanner    · ساعة التأكيد مثبَّتة على شمعة 09:45Z (من cbar)
13:12 KSA · PRE     · scanner    · بدء المسح · 1154 رمزاً · الجلسة PRE
13:12 KSA · PRE     · scanner    · ساعة التأكيد مثبَّتة على شمعة 09:45Z (من cbar)
13:14 KSA · PRE     · scanner    · بدء المسح · 1154 رمزاً · الجلسة PRE
13:14 KSA · PRE     · scanner    · ساعة التأكيد مثبَّتة على شمعة 09:45Z (من cbar)
13:15 KSA · PRE     · scanner    · بدء المسح · 1154 رمزاً · الجلسة PRE
13:15 KSA · PRE     · scanner    · ساعة التأكيد مثبَّتة على شمعة 10:00Z (من cbar)
13:15 KSA · PRE     · signal     · V · orb ▲ 90 · 15m · جلسة ممتدة
13:15 KSA · PRE     · signal     · DELL · orb ▲ 75 · 15m · جلسة ممتدة
13:15 KSA · PRE     · signal     · SNDK · vwapRec ▲ 85 · 15m · جلسة ممتدة
13:15 KSA · PRE     · signal     · TXN · brk ▲ 66 · 15m · جلسة ممتدة
13:15 KSA · PRE     · signal     · BKNG · brk ▼ 77 · 15m · جلسة ممتدة
13:15 KSA · PRE     · signal     · BKNG · volSpike ▼ 67 · 15m · جلسة ممتدة
13:15 KSA · PRE     · signal     · PSX · orb ▼ 57 · 15m · جلسة ممتدة
13:15 KSA · PRE     · signal     · BSX · orb ▲ 68 · 15m · جلسة ممتدة
13:15 KSA · PRE     · signal     · MPWR · brk ▲ 82 · 15m · جلسة ممتدة
13:15 KSA · PRE     · signal     · NXPI · orb ▲ 81 · 15m · جلسة ممتدة
13:15 KSA · PRE     · signal     · NXPI · brk ▲ 100 · 15m · جلسة ممتدة
13:15 KSA · PRE     · signal     · FIX · orb ▼ 75 · 15m · جلسة ممتدة
13:15 KSA · PRE     · signal     · CIEN · brk ▲ 75 · 15m · جلسة ممتدة
13:15 KSA · PRE     · signal     · KMB · brk ▲ 57 · 15m · جلسة ممتدة
13:15 KSA · PRE     · signal     · TAO-USD · orb ▼ 55 · 15m
13:15 KSA · PRE     · signal     · TAO-USD · vwapRec ▲ 85 · 15m
13:15 KSA · PRE     · signal     · THE-USD · vwapRec ▲ 95 · 15m
13:15 KSA · PRE     · signal     · BANK-USD · momo ▼ 64 · 1h
13:15 KSA · PRE     · signal     · ASTER-USD · vwapRec ▲ 70 · 15m
13:16 KSA · PRE     · scanner    · بدء المسح · 1154 رمزاً · الجلسة PRE
13:16 KSA · PRE     · scanner    · ساعة التأكيد مثبَّتة على شمعة 10:00Z (من cbar)
13:18 KSA · PRE     · scanner    · بدء المسح · 1154 رمزاً · الجلسة PRE
13:18 KSA · PRE     · scanner    · ساعة التأكيد مثبَّتة على شمعة 10:00Z (من cbar)
13:20 KSA · PRE     · scanner    · بدء المسح · 1154 رمزاً · الجلسة PRE
13:20 KSA · PRE     · scanner    · ساعة التأكيد مثبَّتة على شمعة 10:00Z (من cbar)
13:23 KSA · PRE     · scanner    · بدء المسح · 1154 رمزاً · الجلسة PRE
13:23 KSA · PRE     · scanner    · ساعة التأكيد مثبَّتة على شمعة 10:00Z (من cbar)
13:23 KSA · PRE     · signal     · CDNS · meanRev ▼ 60 · 15m · جلسة ممتدة
13:23 KSA · PRE     · signal     · THE-USD · momo ▲ 75 · 1h
13:24 KSA · PRE     · scanner    · بدء المسح · 1154 رمزاً · الجلسة PRE
13:24 KSA · PRE     · scanner    · ساعة التأكيد مثبَّتة على شمعة 10:00Z (من cbar)
13:26 KSA · PRE     · scanner    · بدء المسح · 1154 رمزاً · الجلسة PRE
13:26 KSA · PRE     · scanner    · ساعة التأكيد مثبَّتة على شمعة 10:00Z (من cbar)
13:28 KSA · PRE     · scanner    · بدء المسح · 1154 رمزاً · الجلسة PRE
13:28 KSA · PRE     · scanner    · ساعة التأكيد مثبَّتة على شمعة 10:00Z (من cbar)
13:30 KSA · PRE     · scanner    · بدء المسح · 1154 رمزاً · الجلسة PRE
13:30 KSA · PRE     · scanner    · ساعة التأكيد مثبَّتة على شمعة 10:00Z (من cbar)
13:31 KSA · PRE     · scanner    · بدء المسح · 1154 رمزاً · الجلسة PRE
13:31 KSA · PRE     · scanner    · ساعة التأكيد مثبَّتة على شمعة 10:15Z (من cbar)
13:31 KSA · PRE     · signal     · MU · vwapRec ▲ 85 · 15m · جلسة ممتدة
13:31 KSA · PRE     · signal     · LLY · orb ▼ 83 · 15m · جلسة ممتدة
13:31 KSA · PRE     · signal     · COST · meanRev ▼ 70 · 15m · جلسة ممتدة
13:31 KSA · PRE     · signal     · NFLX · vwapRec ▼ 93 · 15m · جلسة ممتدة
13:31 KSA · PRE     · signal     · KLAC · vwapRec ▲ 93 · 15m · جلسة ممتدة
13:31 KSA · PRE     · signal     · MCD · brk ▲ 80 · 15m · جلسة ممتدة
13:31 KSA · PRE     · signal     · WDC · vwapRec ▲ 70 · 15m · جلسة ممتدة
13:31 KSA · PRE     · signal     · HWM · vwapRec ▼ 93 · 15m · جلسة ممتدة
13:31 KSA · PRE     · signal     · LITE · vwapRec ▲ 78 · 15m · جلسة ممتدة
13:31 KSA · PRE     · signal     · CRCLB-USD · volSpike ▼ 89 · 15m
13:31 KSA · PRE     · signal     · PENGU-USD · vwapRec ▲ 85 · 15m
13:32 KSA · PRE     · scanner    · بدء المسح · 1154 رمزاً · الجلسة PRE
13:32 KSA · PRE     · scanner    · ساعة التأكيد مثبَّتة على شمعة 10:15Z (من cbar)
13:34 KSA · PRE     · scanner    · بدء المسح · 1154 رمزاً · الجلسة PRE
13:34 KSA · PRE     · scanner    · ساعة التأكيد مثبَّتة على شمعة 10:15Z (من cbar)
13:39 KSA · PRE     · scanner    · بدء المسح · 1154 رمزاً · الجلسة PRE
13:39 KSA · PRE     · scanner    · ساعة التأكيد مثبَّتة على شمعة 10:15Z (من cbar)
13:40 KSA · PRE     · scanner    · بدء المسح · 1154 رمزاً · الجلسة PRE
13:40 KSA · PRE     · scanner    · ساعة التأكيد مثبَّتة على شمعة 10:15Z (من cbar)
13:42 KSA · PRE     · scanner    · بدء المسح · 1154 رمزاً · الجلسة PRE
13:42 KSA · PRE     · scanner    · ساعة التأكيد مثبَّتة على شمعة 10:15Z (من cbar)
13:44 KSA · PRE     · scanner    · بدء المسح · 1154 رمزاً · الجلسة PRE
13:44 KSA · PRE     · scanner    · ساعة التأكيد مثبَّتة على شمعة 10:15Z (من cbar)
13:45 KSA · PRE     · scanner    · بدء المسح · 1154 رمزاً · الجلسة PRE
13:45 KSA · PRE     · scanner    · ساعة التأكيد مثبَّتة على شمعة 10:30Z (من cbar)
13:45 KSA · PRE     · signal     · META · orb ▼ 65 · 15m · جلسة ممتدة
13:45 KSA · PRE     · signal     · ORCL · orb ▲ 65 · 15m · جلسة ممتدة
13:45 KSA · PRE     · signal     · UNH · orb ▲ 80 · 15m · جلسة ممتدة
13:45 KSA · PRE     · signal     · NEM · orb ▲ 80 · 15m · جلسة ممتدة
13:45 KSA · PRE     · signal     · FCX · orb ▲ 78 · 15m · جلسة ممتدة
13:45 KSA · PRE     · signal     · FIX · meanRev ▲ 60 · 15m · جلسة ممتدة
13:45 KSA · PRE     · signal     · TRX-USD · meanRev ▲ 60 · 15m
13:45 KSA · PRE     · signal     · HPQ · orb ▼ 63 · 15m · جلسة ممتدة
13:45 KSA · PRE     · signal     · TAO-USD · vwapRec ▼ 60 · 15m
13:45 KSA · PRE     · signal     · THE-USD · momo ▲ 75 · 1h
13:46 KSA · PRE     · scanner    · بدء المسح · 1154 رمزاً · الجلسة PRE
13:46 KSA · PRE     · scanner    · ساعة التأكيد مثبَّتة على شمعة 10:30Z (من cbar)
13:48 KSA · PRE     · scanner    · بدء المسح · 1154 رمزاً · الجلسة PRE
13:48 KSA · PRE     · scanner    · ساعة التأكيد مثبَّتة على شمعة 10:30Z (من cbar)
13:50 KSA · PRE     · scanner    · بدء المسح · 1154 رمزاً · الجلسة PRE
13:50 KSA · PRE     · scanner    · ساعة التأكيد مثبَّتة على شمعة 10:30Z (من cbar)
13:52 KSA · PRE     · scanner    · بدء المسح · 1154 رمزاً · الجلسة PRE
13:52 KSA · PRE     · scanner    · ساعة التأكيد مثبَّتة على شمعة 10:30Z (من cbar)
13:53 KSA · PRE     · scanner    · بدء المسح · 1154 رمزاً · الجلسة PRE
13:53 KSA · PRE     · scanner    · ساعة التأكيد مثبَّتة على شمعة 10:30Z (من cbar)
13:54 KSA · PRE     · scanner    · بدء المسح · 1154 رمزاً · الجلسة PRE
13:54 KSA · PRE     · scanner    · ساعة التأكيد مثبَّتة على شمعة 10:30Z (من cbar)
13:56 KSA · PRE     · scanner    · بدء المسح · 1154 رمزاً · الجلسة PRE
13:56 KSA · PRE     · scanner    · ساعة التأكيد مثبَّتة على شمعة 10:30Z (من cbar)
13:58 KSA · PRE     · scanner    · بدء المسح · 1154 رمزاً · الجلسة PRE
13:58 KSA · PRE     · scanner    · ساعة التأكيد مثبَّتة على شمعة 10:30Z (من cbar)
14:00 KSA · PRE     · scanner    · بدء المسح · 1154 رمزاً · الجلسة PRE
14:00 KSA · PRE     · scanner    · ساعة التأكيد مثبَّتة على شمعة 10:30Z (من cbar)
14:01 KSA · PRE     · scanner    · بدء المسح · 1154 رمزاً · الجلسة PRE
14:01 KSA · PRE     · scanner    · ساعة التأكيد مثبَّتة على شمعة 10:45Z (من cbar)
14:01 KSA · PRE     · signal     · NVDA · orb ▲ 75 · 15m · جلسة ممتدة
14:01 KSA · PRE     · signal     · ORCL · brk ▲ 82 · 15m · جلسة ممتدة
14:01 KSA · PRE     · signal     · COST · vwapRec ▼ 63 · 15m · جلسة ممتدة
14:01 KSA · PRE     · signal     · TXN · vwapRec ▲ 100 · 15m · جلسة ممتدة
14:01 KSA · PRE     · signal     · TXN · volSpike ▲ 72 · 15m · جلسة ممتدة
14:01 KSA · PRE     · signal     · ADI · meanRev ▼ 60 · 15m · جلسة ممتدة
14:01 KSA · PRE     · signal     · AZO · brk ▼ 82 · 15m · جلسة ممتدة
14:01 KSA · PRE     · signal     · GRAM-USD · pbTrend ▲ 83 · 1h
14:01 KSA · PRE     · signal     · UNI-USD · pbTrend ▲ 71 · 1h
14:01 KSA · PRE     · signal     · UNI-USD · momo ▼ 61 · 1h
14:01 KSA · PRE     · signal     · SUI-USD · momo ▼ 64 · 1h
14:01 KSA · PRE     · signal     · ARB-USD · rsiDiv ▲ 69 · 1h
14:01 KSA · PRE     · signal     · PENGU-USD · momo ▲ 83 · 1h
14:02 KSA · PRE     · scanner    · بدء المسح · 1154 رمزاً · الجلسة PRE
14:02 KSA · PRE     · scanner    · ساعة التأكيد مثبَّتة على شمعة 10:45Z (من cbar)
14:04 KSA · PRE     · scanner    · بدء المسح · 1154 رمزاً · الجلسة PRE
14:04 KSA · PRE     · scanner    · ساعة التأكيد مثبَّتة على شمعة 10:45Z (من cbar)
14:08 KSA · PRE     · scanner    · بدء المسح · 1154 رمزاً · الجلسة PRE
14:08 KSA · PRE     · scanner    · ساعة التأكيد مثبَّتة على شمعة 10:45Z (من cbar)
14:10 KSA · PRE     · scanner    · بدء المسح · 1154 رمزاً · الجلسة PRE
14:10 KSA · PRE     · scanner    · ساعة التأكيد مثبَّتة على شمعة 10:45Z (من cbar)
14:12 KSA · PRE     · scanner    · بدء المسح · 1154 رمزاً · الجلسة PRE
14:12 KSA · PRE     · scanner    · ساعة التأكيد مثبَّتة على شمعة 10:45Z (من cbar)
14:14 KSA · PRE     · scanner    · بدء المسح · 1154 رمزاً · الجلسة PRE
14:14 KSA · PRE     · scanner    · ساعة التأكيد مثبَّتة على شمعة 10:45Z (من cbar)
14:15 KSA · PRE     · scanner    · بدء المسح · 1154 رمزاً · الجلسة PRE
14:15 KSA · PRE     · scanner    · ساعة التأكيد مثبَّتة على شمعة 11:00Z (من cbar)
14:15 KSA · PRE     · signal     · MSFT · orb ▲ 93 · 15m · جلسة ممتدة
14:15 KSA · PRE     · signal     · DIS · brk ▲ 61 · 15m · جلسة ممتدة
14:15 KSA · PRE     · signal     · BKNG · vwapRec ▼ 85 · 15m · جلسة ممتدة
14:15 KSA · PRE     · signal     · PH · brk ▲ 69 · 15m · جلسة ممتدة
14:15 KSA · PRE     · signal     · APP · vwapRec ▲ 73 · 15m · جلسة ممتدة
14:15 KSA · PRE     · signal     · DDOG · vwapRec ▲ 65 · 15m · جلسة ممتدة
14:15 KSA · PRE     · signal     · RDDT · vwapRec ▲ 62 · 15m · جلسة ممتدة
14:15 KSA · PRE     · signal     · EUR-USD · tfAlign ▼ 89 · 1d
14:15 KSA · PRE     · signal     · BANK-USD · brk ▼ 93 · 15m
14:15 KSA · PRE     · signal     · BANK-USD · meanRev ▲ 78 · 15m
14:16 KSA · PRE     · scanner    · بدء المسح · 1154 رمزاً · الجلسة PRE
14:16 KSA · PRE     · scanner    · ساعة التأكيد مثبَّتة على شمعة 11:00Z (من cbar)
14:18 KSA · PRE     · scanner    · بدء المسح · 1154 رمزاً · الجلسة PRE
14:18 KSA · PRE     · scanner    · ساعة التأكيد مثبَّتة على شمعة 11:00Z (من cbar)
14:20 KSA · PRE     · scanner    · بدء المسح · 1154 رمزاً · الجلسة PRE
14:20 KSA · PRE     · scanner    · ساعة التأكيد مثبَّتة على شمعة 11:00Z (من cbar)
14:23 KSA · PRE     · scanner    · بدء المسح · 1154 رمزاً · الجلسة PRE
14:23 KSA · PRE     · scanner    · ساعة التأكيد مثبَّتة على شمعة 11:00Z (من cbar)
14:24 KSA · PRE     · scanner    · بدء المسح · 1154 رمزاً · الجلسة PRE
14:24 KSA · PRE     · scanner    · ساعة التأكيد مثبَّتة على شمعة 11:00Z (من cbar)
14:26 KSA · PRE     · scanner    · بدء المسح · 1154 رمزاً · الجلسة PRE
14:26 KSA · PRE     · scanner    · ساعة التأكيد مثبَّتة على شمعة 11:00Z (من cbar)
14:28 KSA · PRE     · scanner    · بدء المسح · 1154 رمزاً · الجلسة PRE
14:28 KSA · PRE     · scanner    · ساعة التأكيد مثبَّتة على شمعة 11:00Z (من cbar)
14:30 KSA · PRE     · scanner    · بدء المسح · 1154 رمزاً · الجلسة PRE
14:30 KSA · PRE     · scanner    · ساعة التأكيد مثبَّتة على شمعة 11:00Z (من cbar)
14:31 KSA · PRE     · scanner    · بدء المسح · 1154 رمزاً · الجلسة PRE
14:31 KSA · PRE     · scanner    · ساعة التأكيد مثبَّتة على شمعة 11:15Z (من cbar)
14:31 KSA · PRE     · signal     · MU · vwapRec ▲ 93 · 15m · جلسة ممتدة
14:31 KSA · PRE     · signal     · LLY · volSpike ▲ 67 · 15m · جلسة ممتدة
14:31 KSA · PRE     · signal     · V · brk ▲ 93 · 15m · جلسة ممتدة
14:31 KSA · PRE     · signal     · V · volSpike ▲ 94 · 15m · جلسة ممتدة
14:31 KSA · PRE     · signal     · INTC · vwapRec ▲ 100 · 15m · جلسة ممتدة
14:31 KSA · PRE     · signal     · NFLX · meanRev ▼ 57 · 15m · جلسة ممتدة
14:31 KSA · PRE     · signal     · BKNG · brk ▼ 77 · 15m · جلسة ممتدة
14:31 KSA · PRE     · signal     · INTU · vwapRec ▲ 60 · 15m · جلسة ممتدة
14:31 KSA · PRE     · signal     · LHX · orb ▲ 65 · 15m · جلسة ممتدة
14:31 KSA · PRE     · signal     · LHX · vwapRec ▲ 60 · 15m · جلسة ممتدة
14:31 KSA · PRE     · signal     · 牛来-USD · orb ▲ 75 · 15m
14:31 KSA · PRE     · signal     · 牛来-USD · brk ▼ 68 · 15m
14:31 KSA · PRE     · signal     · HOLO-USD · volSpike ▼ 61 · 15m
14:31 KSA · PRE     · signal     · PENGU-USD · orb ▲ 57 · 15m
14:32 KSA · PRE     · scanner    · بدء المسح · 1154 رمزاً · الجلسة PRE
14:32 KSA · PRE     · scanner    · ساعة التأكيد مثبَّتة على شمعة 11:15Z (من cbar)
14:34 KSA · PRE     · scanner    · بدء المسح · 1154 رمزاً · الجلسة PRE
14:34 KSA · PRE     · scanner    · ساعة التأكيد مثبَّتة على شمعة 11:15Z (من cbar)
14:39 KSA · PRE     · scanner    · بدء المسح · 1154 رمزاً · الجلسة PRE
14:39 KSA · PRE     · scanner    · ساعة التأكيد مثبَّتة على شمعة 11:15Z (من cbar)
14:40 KSA · PRE     · scanner    · بدء المسح · 1154 رمزاً · الجلسة PRE
14:40 KSA · PRE     · scanner    · ساعة التأكيد مثبَّتة على شمعة 11:15Z (من cbar)
14:42 KSA · PRE     · scanner    · بدء المسح · 1154 رمزاً · الجلسة PRE
14:42 KSA · PRE     · scanner    · ساعة التأكيد مثبَّتة على شمعة 11:15Z (من cbar)
14:44 KSA · PRE     · scanner    · بدء المسح · 1154 رمزاً · الجلسة PRE
14:44 KSA · PRE     · scanner    · ساعة التأكيد مثبَّتة على شمعة 11:15Z (من cbar)
14:45 KSA · PRE     · scanner    · بدء المسح · 1154 رمزاً · الجلسة PRE
14:45 KSA · PRE     · scanner    · ساعة التأكيد مثبَّتة على شمعة 11:30Z (من cbar)
14:45 KSA · PRE     · signal     · LLY · brk ▼ 80 · 15m · جلسة ممتدة
14:45 KSA · PRE     · signal     · MA · brk ▲ 68 · 15m · جلسة ممتدة
14:45 KSA · PRE     · signal     · MA · meanRev ▼ 85 · 15m · جلسة ممتدة
14:45 KSA · PRE     · signal     · COST · orb ▼ 78 · 15m · جلسة ممتدة
14:45 KSA · PRE     · signal     · CAT · volSpike ▲ 67 · 15m · جلسة ممتدة
14:45 KSA · PRE     · signal     · C · orb ▲ 80 · 15m · جلسة ممتدة
14:45 KSA · PRE     · signal     · C · vwapRec ▲ 55 · 15m · جلسة ممتدة
14:45 KSA · PRE     · signal     · MCD · meanRev ▼ 70 · 15m · جلسة ممتدة
14:45 KSA · PRE     · signal     · MPWR · meanRev ▼ 60 · 15m · جلسة ممتدة
14:45 KSA · PRE     · signal     · NXPI · brk ▲ 100 · 15m · جلسة ممتدة
14:45 KSA · PRE     · signal     · ADSK · vwapRec ▼ 71 · 15m · جلسة ممتدة
14:45 KSA · PRE     · signal     · UNI-USD · volSpike ▼ 67 · 15m
14:45 KSA · PRE     · signal     · 牛来-USD · volSpike ▲ 79 · 15m
14:45 KSA · PRE     · signal     · TAO-USD · tfAlign ▲ 100 · 1d
14:45 KSA · PRE     · signal     · PUMP-USD · brk ▲ 77 · 15m
14:45 KSA · PRE     · signal     · PENGU-USD · tfAlign ▲ 95 · 1d
14:46 KSA · PRE     · scanner    · بدء المسح · 1154 رمزاً · الجلسة PRE
14:46 KSA · PRE     · scanner    · ساعة التأكيد مثبَّتة على شمعة 11:30Z (من cbar)
14:48 KSA · PRE     · scanner    · بدء المسح · 1154 رمزاً · الجلسة PRE
14:48 KSA · PRE     · scanner    · ساعة التأكيد مثبَّتة على شمعة 11:30Z (من cbar)
14:50 KSA · PRE     · scanner    · بدء المسح · 1154 رمزاً · الجلسة PRE
14:50 KSA · PRE     · scanner    · ساعة التأكيد مثبَّتة على شمعة 11:30Z (من cbar)
14:52 KSA · PRE     · scanner    · بدء المسح · 1154 رمزاً · الجلسة PRE
14:52 KSA · PRE     · scanner    · ساعة التأكيد مثبَّتة على شمعة 11:30Z (من cbar)
14:53 KSA · PRE     · scanner    · بدء المسح · 1154 رمزاً · الجلسة PRE
14:53 KSA · PRE     · scanner    · ساعة التأكيد مثبَّتة على شمعة 11:30Z (من cbar)
14:54 KSA · PRE     · scanner    · بدء المسح · 1154 رمزاً · الجلسة PRE
14:54 KSA · PRE     · scanner    · ساعة التأكيد مثبَّتة على شمعة 11:30Z (من cbar)
14:56 KSA · PRE     · scanner    · بدء المسح · 1154 رمزاً · الجلسة PRE
14:56 KSA · PRE     · scanner    · ساعة التأكيد مثبَّتة على شمعة 11:30Z (من cbar)
14:58 KSA · PRE     · scanner    · بدء المسح · 1154 رمزاً · الجلسة PRE
14:58 KSA · PRE     · scanner    · ساعة التأكيد مثبَّتة على شمعة 11:30Z (من cbar)
15:00 KSA · PRE     · scanner    · بدء المسح · 1154 رمزاً · الجلسة PRE
15:00 KSA · PRE     · scanner    · ساعة التأكيد مثبَّتة على شمعة 11:45Z (من cbar)
15:00 KSA · PRE     · signal     · BAC · orb ▲ 70 · 15m · جلسة ممتدة
15:00 KSA · PRE     · signal     · COST · meanRev ▼ 70 · 15m · جلسة ممتدة
15:00 KSA · PRE     · signal     · NFLX · meanRev ▼ 57 · 15m · جلسة ممتدة
15:00 KSA · PRE     · signal     · GLW · vwapRec ▲ 85 · 15m · جلسة ممتدة
15:00 KSA · PRE     · signal     · VRTX · meanRev ▼ 70 · 15m · جلسة ممتدة
15:00 KSA · PRE     · signal     · BKNG · vwapRec ▼ 85 · 15m · جلسة ممتدة
15:00 KSA · PRE     · signal     · ACN · meanRev ▼ 70 · 15m · جلسة ممتدة
15:00 KSA · PRE     · signal     · ADBE · volSpike ▼ 78 · 15m · جلسة ممتدة
15:00 KSA · PRE     · signal     · CMCSA · meanRev ▼ 70 · 15m · جلسة ممتدة
15:00 KSA · PRE     · signal     · HON · brk ▲ 67 · 15m · جلسة ممتدة
15:00 KSA · PRE     · signal     · NXPI · vwapRec ▲ 70 · 15m · جلسة ممتدة
15:00 KSA · PRE     · signal     · AZO · orb ▼ 85 · 15m · جلسة ممتدة
15:00 KSA · PRE     · signal     · AZO · brk ▼ 82 · 15m · جلسة ممتدة
15:00 KSA · PRE     · signal     · AZO · meanRev ▲ 70 · 15m · جلسة ممتدة
15:00 KSA · PRE     · signal     · HPQ · vwapRec ▼ 60 · 15m · جلسة ممتدة
15:00 KSA · PRE     · signal     · AAVE-USD · rsiDiv ▼ 64 · 15m
15:00 KSA · PRE     · signal     · SUI-USD · tfAlign ▲ 79 · 1d
15:00 KSA · PRE     · signal     · 牛来-USD · brk ▲ 77 · 15m
15:00 KSA · PRE     · signal     · BANK-USD · meanRev ▲ 65 · 15m
15:01 KSA · PRE     · scanner    · بدء المسح · 1154 رمزاً · الجلسة PRE
15:01 KSA · PRE     · scanner    · ساعة التأكيد مثبَّتة على شمعة 11:45Z (من cbar)
15:02 KSA · PRE     · scanner    · بدء المسح · 1154 رمزاً · الجلسة PRE
15:02 KSA · PRE     · scanner    · ساعة التأكيد مثبَّتة على شمعة 11:45Z (من cbar)
15:04 KSA · PRE     · scanner    · بدء المسح · 1154 رمزاً · الجلسة PRE
15:04 KSA · PRE     · scanner    · ساعة التأكيد مثبَّتة على شمعة 11:45Z (من cbar)
15:09 KSA · PRE     · scanner    · بدء المسح · 1154 رمزاً · الجلسة PRE
15:09 KSA · PRE     · scanner    · ساعة التأكيد مثبَّتة على شمعة 11:45Z (من cbar)
15:10 KSA · PRE     · scanner    · بدء المسح · 1154 رمزاً · الجلسة PRE
15:10 KSA · PRE     · scanner    · ساعة التأكيد مثبَّتة على شمعة 11:45Z (من cbar)
15:12 KSA · PRE     · scanner    · بدء المسح · 1154 رمزاً · الجلسة PRE
15:12 KSA · PRE     · scanner    · ساعة التأكيد مثبَّتة على شمعة 11:45Z (من cbar)
15:14 KSA · PRE     · scanner    · بدء المسح · 1154 رمزاً · الجلسة PRE
15:14 KSA · PRE     · scanner    · ساعة التأكيد مثبَّتة على شمعة 11:45Z (من cbar)
15:15 KSA · PRE     · scanner    · بدء المسح · 1154 رمزاً · الجلسة PRE
15:15 KSA · PRE     · scanner    · ساعة التأكيد مثبَّتة على شمعة 12:00Z (من cbar)
15:15 KSA · PRE     · signal     · JPM · orb ▲ 85 · 15m · جلسة ممتدة
15:15 KSA · PRE     · signal     · HD · brk ▼ 61 · 15m · جلسة ممتدة
15:15 KSA · PRE     · signal     · CRWD · meanRev ▼ 63 · 15m · جلسة ممتدة
15:15 KSA · PRE     · signal     · ADI · vwapRec ▲ 85 · 15m · جلسة ممتدة
15:15 KSA · PRE     · signal     · DE · vwapRec ▲ 60 · 15m · جلسة ممتدة
15:15 KSA · PRE     · signal     · PFE · vwapRec ▲ 78 · 15m · جلسة ممتدة
15:15 KSA · PRE     · signal     · COP · vwapRec ▼ 68 · 15m · جلسة ممتدة
15:15 KSA · PRE     · signal     · DHR · vwapRec ▲ 91 · 15m · جلسة ممتدة
15:15 KSA · PRE     · signal     · APP · volSpike ▼ 72 · 15m · جلسة ممتدة
15:15 KSA · PRE     · signal     · MPWR · vwapRec ▲ 93 · 15m · جلسة ممتدة
15:15 KSA · PRE     · signal     · NXPI · meanRev ▼ 75 · 15m · جلسة ممتدة
15:15 KSA · PRE     · signal     · INJ-USD · orb ▼ 55 · 15m
15:15 KSA · PRE     · signal     · TAO-USD · vwapRec ▲ 68 · 15m
15:15 KSA · PRE     · signal     · TAO-USD · volSpike ▲ 56 · 15m
15:16 KSA · PRE     · scanner    · بدء المسح · 1154 رمزاً · الجلسة PRE
15:16 KSA · PRE     · scanner    · ساعة التأكيد مثبَّتة على شمعة 12:00Z (من cbar)
15:18 KSA · PRE     · scanner    · بدء المسح · 1154 رمزاً · الجلسة PRE
15:18 KSA · PRE     · scanner    · ساعة التأكيد مثبَّتة على شمعة 12:00Z (من cbar)
15:20 KSA · PRE     · scanner    · بدء المسح · 1154 رمزاً · الجلسة PRE
15:20 KSA · PRE     · scanner    · ساعة التأكيد مثبَّتة على شمعة 12:00Z (من cbar)
15:23 KSA · PRE     · scanner    · بدء المسح · 1154 رمزاً · الجلسة PRE
15:23 KSA · PRE     · scanner    · ساعة التأكيد مثبَّتة على شمعة 12:00Z (من cbar)
15:23 KSA · PRE     · signal     · TRX-USD · pbTrend ▲ 81 · 1h
15:23 KSA · PRE     · signal     · PUMP-USD · sqzExp ▲ 83 · 1h
15:24 KSA · PRE     · scanner    · بدء المسح · 1154 رمزاً · الجلسة PRE
15:24 KSA · PRE     · scanner    · ساعة التأكيد مثبَّتة على شمعة 12:00Z (من cbar)
15:26 KSA · PRE     · scanner    · بدء المسح · 1154 رمزاً · الجلسة PRE
15:26 KSA · PRE     · scanner    · ساعة التأكيد مثبَّتة على شمعة 12:00Z (من cbar)
15:28 KSA · PRE     · scanner    · بدء المسح · 1154 رمزاً · الجلسة PRE
15:28 KSA · PRE     · scanner    · ساعة التأكيد مثبَّتة على شمعة 12:00Z (من cbar)
15:30 KSA · PRE     · scanner    · بدء المسح · 1154 رمزاً · الجلسة PRE
15:30 KSA · PRE     · scanner    · ساعة التأكيد مثبَّتة على شمعة 12:15Z (من cbar)
15:30 KSA · PRE     · signal     · WMT · orb ▲ 55 · 15m · جلسة ممتدة
15:30 KSA · PRE     · signal     · JNJ · volSpike ▼ 67 · 15m · جلسة ممتدة
15:30 KSA · PRE     · signal     · CRWD · orb ▲ 90 · 15m · جلسة ممتدة
15:30 KSA · PRE     · signal     · TXN · orb ▼ 80 · 15m · جلسة ممتدة
15:30 KSA · PRE     · signal     · TXN · volSpike ▲ 61 · 15m · جلسة ممتدة
15:30 KSA · PRE     · signal     · TJX · brk ▲ 86 · 15m · جلسة ممتدة
15:30 KSA · PRE     · signal     · GLW · vwapRec ▼ 60 · 15m · جلسة ممتدة
15:30 KSA · PRE     · signal     · NEM · brk ▲ 73 · 15m · جلسة ممتدة
15:30 KSA · PRE     · signal     · BKNG · volSpike ▼ 56 · 15m · جلسة ممتدة
15:30 KSA · PRE     · signal     · SPGI · brk ▲ 64 · 15m · جلسة ممتدة
15:30 KSA · PRE     · signal     · ADBE · volSpike ▼ 67 · 15m · جلسة ممتدة
15:30 KSA · PRE     · signal     · MDLZ · brk ▼ 55 · 15m · جلسة ممتدة
15:30 KSA · PRE     · signal     · NXPI · vwapRec ▲ 94 · 15m · جلسة ممتدة
15:30 KSA · PRE     · signal     · RDDT · brk ▲ 55 · 15m · جلسة ممتدة
15:30 KSA · PRE     · signal     · ON · vwapRec ▲ 68 · 15m · جلسة ممتدة
15:30 KSA · PRE     · signal     · MARSCOIN-USD · rsiDiv ▼ 64 · 15m
15:30 KSA · PRE     · signal     · VTHO-USD · vwapRec ▼ 75 · 15m
15:30 KSA · PRE     · signal     · VTHO-USD · brk ▲ 77 · 15m
15:30 KSA · PRE     · signal     · UNI-USD · rsiDiv ▼ 56 · 15m
15:31 KSA · PRE     · scanner    · بدء المسح · 1154 رمزاً · الجلسة PRE
15:31 KSA · PRE     · scanner    · ساعة التأكيد مثبَّتة على شمعة 12:15Z (من cbar)
15:32 KSA · PRE     · scanner    · بدء المسح · 1154 رمزاً · الجلسة PRE
15:32 KSA · PRE     · scanner    · ساعة التأكيد مثبَّتة على شمعة 12:15Z (من cbar)
15:34 KSA · PRE     · scanner    · بدء المسح · 1154 رمزاً · الجلسة PRE
15:34 KSA · PRE     · scanner    · ساعة التأكيد مثبَّتة على شمعة 12:15Z (من cbar)
15:39 KSA · PRE     · scanner    · بدء المسح · 1154 رمزاً · الجلسة PRE
15:39 KSA · PRE     · scanner    · ساعة التأكيد مثبَّتة على شمعة 12:15Z (من cbar)
15:40 KSA · PRE     · scanner    · بدء المسح · 1154 رمزاً · الجلسة PRE
15:40 KSA · PRE     · scanner    · ساعة التأكيد مثبَّتة على شمعة 12:15Z (من cbar)
15:42 KSA · PRE     · scanner    · بدء المسح · 1154 رمزاً · الجلسة PRE
15:42 KSA · PRE     · scanner    · ساعة التأكيد مثبَّتة على شمعة 12:15Z (من cbar)
15:44 KSA · PRE     · scanner    · بدء المسح · 1154 رمزاً · الجلسة PRE
15:44 KSA · PRE     · scanner    · ساعة التأكيد مثبَّتة على شمعة 12:15Z (من cbar)
15:45 KSA · PRE     · scanner    · بدء المسح · 1154 رمزاً · الجلسة PRE
15:45 KSA · PRE     · scanner    · ساعة التأكيد مثبَّتة على شمعة 12:30Z (من cbar)
15:45 KSA · PRE     · signal     · AAPL · orb ▲ 100 · 15m · جلسة ممتدة
15:45 KSA · PRE     · signal     · CSCO · brk ▲ 84 · 15m · جلسة ممتدة
15:45 KSA · PRE     · signal     · HD · brk ▲ 73 · 15m · جلسة ممتدة
15:45 KSA · PRE     · signal     · HD · meanRev ▼ 70 · 15m · جلسة ممتدة
15:45 KSA · PRE     · signal     · WFC · brk ▲ 66 · 15m · جلسة ممتدة
15:45 KSA · PRE     · signal     · DIS · meanRev ▼ 70 · 15m · جلسة ممتدة
15:45 KSA · PRE     · signal     · UNP · vwapRec ▼ 85 · 15m · جلسة ممتدة
15:45 KSA · PRE     · signal     · ADP · brk ▼ 83 · 15m · جلسة ممتدة
15:45 KSA · PRE     · signal     · ADP · meanRev ▲ 57 · 15m · جلسة ممتدة
15:45 KSA · PRE     · signal     · LOW · brk ▲ 73 · 15m · جلسة ممتدة
15:45 KSA · PRE     · signal     · PSX · vwapRec ▼ 68 · 15m · جلسة ممتدة
15:45 KSA · PRE     · signal     · KKR · orb ▲ 65 · 15m · جلسة ممتدة
15:45 KSA · PRE     · signal     · MPWR · brk ▲ 82 · 15m · جلسة ممتدة
15:45 KSA · PRE     · signal     · NXPI · orb ▲ 65 · 15m · جلسة ممتدة
15:45 KSA · PRE     · signal     · NXPI · brk ▲ 75 · 15m · جلسة ممتدة
15:45 KSA · PRE     · signal     · NXPI · meanRev ▼ 65 · 15m · جلسة ممتدة
15:45 KSA · PRE     · signal     · AZO · orb ▼ 55 · 15m · جلسة ممتدة
15:45 KSA · PRE     · signal     · AZO · vwapRec ▼ 100 · 15m · جلسة ممتدة
15:45 KSA · PRE     · signal     · MCHP · orb ▲ 88 · 15m · جلسة ممتدة
15:45 KSA · PRE     · signal     · ETHFI-USD · vwapRec ▼ 68 · 15m
15:45 KSA · PRE     · signal     · UNI-USD · vwapRec ▼ 75 · 15m
15:45 KSA · PRE     · signal     · UNI-USD · meanRev ▼ 70 · 15m
15:46 KSA · PRE     · scanner    · بدء المسح · 1154 رمزاً · الجلسة PRE
15:46 KSA · PRE     · scanner    · ساعة التأكيد مثبَّتة على شمعة 12:30Z (من cbar)
15:48 KSA · PRE     · scanner    · بدء المسح · 1154 رمزاً · الجلسة PRE
15:48 KSA · PRE     · scanner    · ساعة التأكيد مثبَّتة على شمعة 12:30Z (من cbar)
15:52 KSA · PRE     · scanner    · بدء المسح · 1154 رمزاً · الجلسة PRE
15:52 KSA · PRE     · scanner    · ساعة التأكيد مثبَّتة على شمعة 12:30Z (من cbar)
15:52 KSA · PRE     · signal     · TXN · brk ▲ 73 · 15m · جلسة ممتدة
15:52 KSA · PRE     · signal     · ADI · orb ▲ 55 · 15m · جلسة ممتدة
15:52 KSA · PRE     · signal     · ADI · vwapRec ▲ 85 · 15m · جلسة ممتدة
15:52 KSA · PRE     · signal     · ADI · brk ▲ 73 · 15m · جلسة ممتدة
15:53 KSA · PRE     · scanner    · بدء المسح · 1154 رمزاً · الجلسة PRE
15:53 KSA · PRE     · scanner    · ساعة التأكيد مثبَّتة على شمعة 12:30Z (من cbar)
15:54 KSA · PRE     · scanner    · بدء المسح · 1154 رمزاً · الجلسة PRE
15:54 KSA · PRE     · scanner    · ساعة التأكيد مثبَّتة على شمعة 12:30Z (من cbar)
15:56 KSA · PRE     · scanner    · بدء المسح · 1154 رمزاً · الجلسة PRE
15:56 KSA · PRE     · scanner    · ساعة التأكيد مثبَّتة على شمعة 12:30Z (من cbar)
15:58 KSA · PRE     · scanner    · بدء المسح · 1154 رمزاً · الجلسة PRE
15:58 KSA · PRE     · scanner    · ساعة التأكيد مثبَّتة على شمعة 12:30Z (من cbar)
16:00 KSA · PRE     · scanner    · بدء المسح · 1154 رمزاً · الجلسة PRE
16:00 KSA · PRE     · scanner    · ساعة التأكيد مثبَّتة على شمعة 12:45Z (من cbar)
16:00 KSA · PRE     · signal     · LLY · volSpike ▲ 56 · 15m · جلسة ممتدة
16:00 KSA · PRE     · signal     · JNJ · vwapRec ▲ 60 · 15m · جلسة ممتدة
16:00 KSA · PRE     · signal     · CRWD · volSpike ▲ 78 · 15m · جلسة ممتدة
16:00 KSA · PRE     · signal     · DHR · brk ▲ 69 · 15m · جلسة ممتدة
16:00 KSA · PRE     · signal     · FTNT · vwapRec ▼ 60 · 15m · جلسة ممتدة
16:00 KSA · PRE     · signal     · BKNG · volSpike ▼ 67 · 15m · جلسة ممتدة
16:00 KSA · PRE     · signal     · BNB-USD · meanRev ▼ 57 · 15m
16:00 KSA · PRE     · signal     · CMCSA · brk ▲ 73 · 15m · جلسة ممتدة
16:00 KSA · PRE     · signal     · CMCSA · meanRev ▼ 70 · 15m · جلسة ممتدة
16:00 KSA · PRE     · signal     · CMCSA · volSpike ▼ 67 · 15m · جلسة ممتدة
16:00 KSA · PRE     · signal     · MDLZ · brk ▼ 94 · 15m · جلسة ممتدة
16:00 KSA · PRE     · signal     · NXPI · volSpike ▲ 56 · 15m · جلسة ممتدة
16:00 KSA · PRE     · signal     · AZO · brk ▼ 59 · 15m · جلسة ممتدة
16:00 KSA · PRE     · signal     · DOGE-USD · meanRev ▼ 63 · 15m
16:00 KSA · PRE     · signal     · CAKE-USD · meanRev ▼ 68 · 15m
16:00 KSA · PRE     · signal     · PENDLE-USD · vwapRec ▼ 90 · 15m
16:00 KSA · PRE     · signal     · UNI-USD · rsiDiv ▲ 67 · 15m
16:00 KSA · PRE     · signal     · 牛来-USD · momo ▲ 83 · 1h
16:00 KSA · PRE     · signal     · THE-USD · meanRev ▼ 85 · 15m
16:00 KSA · PRE     · signal     · PENGU-USD · vwapRec ▲ 83 · 15m
16:01 KSA · PRE     · scanner    · بدء المسح · 1154 رمزاً · الجلسة PRE
16:01 KSA · PRE     · scanner    · ساعة التأكيد مثبَّتة على شمعة 12:45Z (من cbar)
16:02 KSA · PRE     · scanner    · بدء المسح · 1154 رمزاً · الجلسة PRE
16:02 KSA · PRE     · scanner    · ساعة التأكيد مثبَّتة على شمعة 12:45Z (من cbar)
16:04 KSA · PRE     · scanner    · بدء المسح · 1154 رمزاً · الجلسة PRE
16:04 KSA · PRE     · scanner    · ساعة التأكيد مثبَّتة على شمعة 12:45Z (من cbar)
16:08 KSA · PRE     · scanner    · بدء المسح · 1154 رمزاً · الجلسة PRE
16:08 KSA · PRE     · scanner    · ساعة التأكيد مثبَّتة على شمعة 12:45Z (من cbar)
16:10 KSA · PRE     · scanner    · بدء المسح · 1154 رمزاً · الجلسة PRE
16:10 KSA · PRE     · scanner    · ساعة التأكيد مثبَّتة على شمعة 12:45Z (من cbar)
16:12 KSA · PRE     · scanner    · بدء المسح · 1154 رمزاً · الجلسة PRE
16:12 KSA · PRE     · scanner    · ساعة التأكيد مثبَّتة على شمعة 12:45Z (من cbar)
16:14 KSA · PRE     · scanner    · بدء المسح · 1154 رمزاً · الجلسة PRE
16:14 KSA · PRE     · scanner    · ساعة التأكيد مثبَّتة على شمعة 12:45Z (من cbar)
16:15 KSA · PRE     · scanner    · بدء المسح · 1154 رمزاً · الجلسة PRE
16:15 KSA · PRE     · scanner    · ساعة التأكيد مثبَّتة على شمعة 13:00Z (من cbar)
16:15 KSA · PRE     · signal     · GOOG · volSpike ▼ 67 · 15m · جلسة ممتدة
16:15 KSA · PRE     · signal     · CSCO · orb ▲ 65 · 15m · جلسة ممتدة
16:15 KSA · PRE     · signal     · TXN · volSpike ▲ 61 · 15m · جلسة ممتدة
16:15 KSA · PRE     · signal     · AMGN · brk ▲ 55 · 15m · جلسة ممتدة
16:15 KSA · PRE     · signal     · ADI · vwapRec ▲ 100 · 15m · جلسة ممتدة
16:15 KSA · PRE     · signal     · DDOG · volSpike ▲ 78 · 15m · جلسة ممتدة
16:15 KSA · PRE     · signal     · AON · vwapRec ▼ 82 · 15m · جلسة ممتدة
16:15 KSA · PRE     · signal     · AZO · orb ▲ 75 · 15m · جلسة ممتدة
16:15 KSA · PRE     · signal     · ADSK · volSpike ▲ 67 · 15m · جلسة ممتدة
16:15 KSA · PRE     · signal     · LINK-USD · meanRev ▼ 70 · 15m
16:15 KSA · PRE     · signal     · FIL-USD · volSpike ▲ 83 · 15m
16:15 KSA · PRE     · signal     · THE-USD · brk ▲ 100 · 15m
16:15 KSA · PRE     · signal     · ASTER-USD · vwapRec ▲ 70 · 15m
16:16 KSA · PRE     · scanner    · بدء المسح · 1154 رمزاً · الجلسة PRE
16:16 KSA · PRE     · scanner    · ساعة التأكيد مثبَّتة على شمعة 13:00Z (من cbar)
16:18 KSA · PRE     · scanner    · بدء المسح · 1154 رمزاً · الجلسة PRE
16:18 KSA · PRE     · scanner    · ساعة التأكيد مثبَّتة على شمعة 13:00Z (من cbar)
16:22 KSA · PRE     · scanner    · بدء المسح · 1154 رمزاً · الجلسة PRE
16:22 KSA · PRE     · scanner    · ساعة التأكيد مثبَّتة على شمعة 13:00Z (من cbar)
16:22 KSA · PRE     · signal     · UNI-USD · sqzExp ▲ 83 · 1h
16:22 KSA · PRE     · signal     · UNI-USD · tfAlign ▲ 79 · 1d
16:23 KSA · PRE     · scanner    · بدء المسح · 1154 رمزاً · الجلسة PRE
16:23 KSA · PRE     · scanner    · ساعة التأكيد مثبَّتة على شمعة 13:00Z (من cbar)
16:24 KSA · PRE     · scanner    · بدء المسح · 1154 رمزاً · الجلسة PRE
16:24 KSA · PRE     · scanner    · ساعة التأكيد مثبَّتة على شمعة 13:00Z (من cbar)
16:26 KSA · PRE     · scanner    · بدء المسح · 1154 رمزاً · الجلسة PRE
16:26 KSA · PRE     · scanner    · ساعة التأكيد مثبَّتة على شمعة 13:00Z (من cbar)
16:28 KSA · PRE     · scanner    · بدء المسح · 1154 رمزاً · الجلسة PRE
16:28 KSA · PRE     · scanner    · ساعة التأكيد مثبَّتة على شمعة 13:00Z (من cbar)
16:30 KSA · REGULAR · scanner    · بدء المسح · 1154 رمزاً · الجلسة REGULAR
16:30 KSA · REGULAR · scanner    · ساعة التأكيد مثبَّتة على شمعة 13:15Z (من cbar)
16:30 KSA · REGULAR · signal     · JNJ · brk ▼ 57 · 15m
16:30 KSA · REGULAR · signal     · CSCO · brk ▲ 84 · 15m
16:30 KSA · REGULAR · signal     · TXN · brk ▲ 95 · 15m
16:30 KSA · REGULAR · signal     · TMUS · meanRev ▲ 78 · 15m
16:30 KSA · REGULAR · signal     · NEE · brk ▼ 75 · 15m
16:30 KSA · REGULAR · signal     · DHR · meanRev ▼ 78 · 15m
16:30 KSA · REGULAR · signal     · CB · brk ▼ 100 · 15m
16:30 KSA · REGULAR · signal     · CB · meanRev ▲ 75 · 15m
16:30 KSA · REGULAR · signal     · CB · volSpike ▼ 72 · 15m
16:30 KSA · REGULAR · signal     · PGR · brk ▼ 89 · 15m
16:30 KSA · REGULAR · signal     · PGR · meanRev ▲ 70 · 15m
16:30 KSA · REGULAR · signal     · LOW · meanRev ▲ 70 · 15m
16:30 KSA · REGULAR · signal     · MDLZ · brk ▼ 95 · 15m
16:30 KSA · REGULAR · signal     · HON · volSpike ▼ 78 · 15m
16:30 KSA · REGULAR · signal     · MPWR · brk ▲ 80 · 15m
16:30 KSA · REGULAR · signal     · NXPI · brk ▲ 77 · 15m
16:30 KSA · REGULAR · signal     · NXPI · volSpike ▲ 67 · 15m
16:30 KSA · REGULAR · signal     · AZO · brk ▼ 82 · 15m
16:30 KSA · REGULAR · signal     · WLD-USD · orb ▼ 60 · 15m
16:30 KSA · REGULAR · signal     · SPCXB-USD · brk ▼ 59 · 15m
16:30 KSA · REGULAR · signal     · HOLO-USD · vwapRec ▼ 63 · 15m
16:31 KSA · REGULAR · scanner    · بدء المسح · 1154 رمزاً · الجلسة REGULAR
16:31 KSA · REGULAR · scanner    · ساعة التأكيد مثبَّتة على شمعة 13:15Z (من cbar)
16:32 KSA · REGULAR · scanner    · بدء المسح · 1154 رمزاً · الجلسة REGULAR
16:32 KSA · REGULAR · scanner    · ساعة التأكيد مثبَّتة على شمعة 13:15Z (من cbar)
16:34 KSA · REGULAR · scanner    · بدء المسح · 1154 رمزاً · الجلسة REGULAR
16:34 KSA · REGULAR · scanner    · ساعة التأكيد مثبَّتة على شمعة 13:15Z (من cbar)
16:38 KSA · REGULAR · scanner    · بدء المسح · 1154 رمزاً · الجلسة REGULAR
16:38 KSA · REGULAR · scanner    · ساعة التأكيد مثبَّتة على شمعة 13:15Z (من cbar)
16:40 KSA · REGULAR · scanner    · بدء المسح · 1154 رمزاً · الجلسة REGULAR
16:40 KSA · REGULAR · scanner    · ساعة التأكيد مثبَّتة على شمعة 13:15Z (من cbar)
16:42 KSA · REGULAR · scanner    · بدء المسح · 1154 رمزاً · الجلسة REGULAR
16:42 KSA · REGULAR · scanner    · ساعة التأكيد مثبَّتة على شمعة 13:15Z (من cbar)
16:44 KSA · REGULAR · scanner    · بدء المسح · 1154 رمزاً · الجلسة REGULAR
16:44 KSA · REGULAR · scanner    · ساعة التأكيد مثبَّتة على شمعة 13:15Z (من cbar)
16:45 KSA · REGULAR · scanner    · بدء المسح · 1154 رمزاً · الجلسة REGULAR
16:45 KSA · REGULAR · scanner    · ساعة التأكيد مثبَّتة على شمعة 13:30Z (من cbar)
16:45 KSA · REGULAR · signal     · AAPL · volSpike ▼ 56 · 15m
16:45 KSA · REGULAR · signal     · GOOGL · meanRev ▼ 60 · 15m
16:45 KSA · REGULAR · signal     · GOOG · meanRev ▼ 68 · 15m
16:45 KSA · REGULAR · signal     · GOOG · volSpike ▼ 56 · 15m
16:45 KSA · REGULAR · signal     · GOOG · tfAlign ▲ 89 · 1d
16:45 KSA · REGULAR · signal     · MSFT · volSpike ▼ 67 · 15m
16:45 KSA · REGULAR · signal     · META · volSpike ▲ 56 · 15m
16:45 KSA · REGULAR · signal     · JPM · brk ▲ 55 · 15m
16:45 KSA · REGULAR · signal     · WMT · brk ▲ 75 · 15m
16:45 KSA · REGULAR · signal     · XOM · meanRev ▲ 60 · 15m
16:45 KSA · REGULAR · signal     · INTC · volSpike ▲ 56 · 15m
16:45 KSA · REGULAR · signal     · CSCO · volSpike ▼ 67 · 15m
16:45 KSA · REGULAR · signal     · CVX · meanRev ▲ 75 · 15m
16:45 KSA · REGULAR · signal     · LRCX · volSpike ▲ 56 · 15m
16:45 KSA · REGULAR · signal     · KO · volSpike ▲ 72 · 15m
16:45 KSA · REGULAR · signal     · CAT · meanRev ▲ 68 · 15m
16:45 KSA · REGULAR · signal     · MS · volSpike ▼ 83 · 15m
16:45 KSA · REGULAR · signal     · NFLX · volSpike ▼ 89 · 15m
16:45 KSA · REGULAR · signal     · HD · meanRev ▼ 78 · 15m
16:45 KSA · REGULAR · signal     · HD · volSpike ▲ 67 · 15m
16:45 KSA · REGULAR · signal     · PANW · brk ▲ 66 · 15m
16:45 KSA · REGULAR · signal     · TXN · volSpike ▲ 56 · 15m
16:45 KSA · REGULAR · signal     · AMGN · volSpike ▲ 72 · 15m
16:45 KSA · REGULAR · signal     · QCOM · rsiDiv ▼ 78 · 15m
16:45 KSA · REGULAR · signal     · APH · volSpike ▼ 89 · 15m
16:45 KSA · REGULAR · signal     · GILD · brk ▼ 80 · 15m
16:45 KSA · REGULAR · signal     · GILD · volSpike ▲ 56 · 15m
16:45 KSA · REGULAR · signal     · DE · volSpike ▼ 78 · 15m
16:45 KSA · REGULAR · signal     · SCHW · brk ▲ 70 · 15m
16:45 KSA · REGULAR · signal     · SCHW · volSpike ▲ 61 · 15m
16:45 KSA · REGULAR · signal     · ABT · brk ▲ 77 · 15m
16:45 KSA · REGULAR · signal     · MCD · meanRev ▼ 78 · 15m
16:45 KSA · REGULAR · signal     · ETN · brk ▲ 77 · 15m
16:45 KSA · REGULAR · signal     · NEE · meanRev ▲ 60 · 15m
16:45 KSA · REGULAR · signal     · WDC · meanRev ▼ 60 · 15m
16:45 KSA · REGULAR · signal     · COP · volSpike ▼ 83 · 15m
16:45 KSA · REGULAR · signal     · TJX · meanRev ▼ 68 · 15m
16:45 KSA · REGULAR · signal     · NEM · meanRev ▼ 75 · 15m
16:45 KSA · REGULAR · signal     · VRTX · volSpike ▼ 94 · 15m
16:45 KSA · REGULAR · signal     · BKNG · brk ▲ 61 · 15m
16:45 KSA · REGULAR · signal     · LMT · brk ▲ 55 · 15m
16:45 KSA · REGULAR · signal     · SPGI · volSpike ▲ 67 · 15m
16:45 KSA · REGULAR · signal     · MPC · meanRev ▲ 68 · 15m
16:45 KSA · REGULAR · signal     · MPC · volSpike ▲ 56 · 15m
16:45 KSA · REGULAR · signal     · APP · volSpike ▼ 94 · 15m
16:45 KSA · REGULAR · signal     · ADP · meanRev ▲ 93 · 15m
16:45 KSA · REGULAR · signal     · PSX · meanRev ▲ 68 · 15m
16:45 KSA · REGULAR · signal     · ADBE · volSpike ▼ 78 · 15m
16:45 KSA · REGULAR · signal     · PWR · volSpike ▲ 56 · 15m
16:45 KSA · REGULAR · signal     · CDNS · meanRev ▼ 60 · 15m
16:45 KSA · REGULAR · signal     · INTU · tfAlign ▼ 89 · 1d
16:45 KSA · REGULAR · signal     · SHW · brk ▲ 57 · 15m
16:45 KSA · REGULAR · signal     · SHW · volSpike ▲ 61 · 15m
16:45 KSA · REGULAR · signal     · SNPS · meanRev ▼ 60 · 15m
16:45 KSA · REGULAR · signal     · SNPS · volSpike ▲ 61 · 15m
16:45 KSA · REGULAR · signal     · NSC · brk ▼ 73 · 15m
16:45 KSA · REGULAR · signal     · AON · volSpike ▼ 83 · 15m
16:45 KSA · REGULAR · signal     · NXPI · meanRev ▼ 75 · 15m
16:45 KSA · REGULAR · signal     · FIX · meanRev ▲ 68 · 15m
16:45 KSA · REGULAR · signal     · HONA · volSpike ▼ 78 · 15m
16:45 KSA · REGULAR · signal     · DVN · meanRev ▲ 60 · 15m
16:45 KSA · REGULAR · signal     · AZO · volSpike ▼ 56 · 15m
16:45 KSA · REGULAR · signal     · LHX · volSpike ▲ 67 · 15m
16:45 KSA · REGULAR · signal     · MCHP · meanRev ▼ 60 · 15m
16:45 KSA · REGULAR · signal     · KVUE · brk ▲ 55 · 15m
16:45 KSA · REGULAR · signal     · KVUE · meanRev ▼ 65 · 15m
16:45 KSA · REGULAR · signal     · KVUE · volSpike ▼ 78 · 15m
16:45 KSA · REGULAR · signal     · KMB · brk ▲ 68 · 15m
16:45 KSA · REGULAR · signal     · TRX-USD · meanRev ▲ 75 · 15m
16:45 KSA · REGULAR · signal     · SWKS · volSpike ▲ 72 · 15m
16:45 KSA · REGULAR · signal     · SWKS · tfAlign ▲ 84 · 1d
16:45 KSA · REGULAR · signal     · LINK-USD · volSpike ▼ 78 · 15m
16:45 KSA · REGULAR · signal     · VTHO-USD · volSpike ▼ 67 · 15m
16:45 KSA · REGULAR · signal     · SPCXB-USD · vwapRec ▼ 68 · 15m
16:45 KSA · REGULAR · signal     · SNDKB-USD · vwapRec ▼ 75 · 15m
16:45 KSA · REGULAR · signal     · SNXXB-USD · vwapRec ▼ 75 · 15m
16:45 KSA · REGULAR · signal     · BANK-USD · rsiDiv ▲ 69 · 15m
16:45 KSA · REGULAR · signal     · ASTER-USD · volSpike ▼ 78 · 15m
16:46 KSA · REGULAR · scanner    · بدء المسح · 1154 رمزاً · الجلسة REGULAR
16:46 KSA · REGULAR · scanner    · ساعة التأكيد مثبَّتة على شمعة 13:30Z (من cbar)
16:48 KSA · REGULAR · scanner    · بدء المسح · 1154 رمزاً · الجلسة REGULAR
16:48 KSA · REGULAR · scanner    · ساعة التأكيد مثبَّتة على شمعة 13:30Z (من cbar)
16:52 KSA · REGULAR · scanner    · بدء المسح · 1154 رمزاً · الجلسة REGULAR
16:52 KSA · REGULAR · scanner    · ساعة التأكيد مثبَّتة على شمعة 13:30Z (من cbar)
16:53 KSA · REGULAR · scanner    · بدء المسح · 1154 رمزاً · الجلسة REGULAR
16:53 KSA · REGULAR · scanner    · ساعة التأكيد مثبَّتة على شمعة 13:30Z (من cbar)
16:54 KSA · REGULAR · scanner    · بدء المسح · 1154 رمزاً · الجلسة REGULAR
16:54 KSA · REGULAR · scanner    · ساعة التأكيد مثبَّتة على شمعة 13:30Z (من cbar)
16:56 KSA · REGULAR · scanner    · بدء المسح · 1154 رمزاً · الجلسة REGULAR
16:56 KSA · REGULAR · scanner    · ساعة التأكيد مثبَّتة على شمعة 13:30Z (من cbar)
16:58 KSA · REGULAR · scanner    · بدء المسح · 1154 رمزاً · الجلسة REGULAR
16:58 KSA · REGULAR · scanner    · ساعة التأكيد مثبَّتة على شمعة 13:30Z (من cbar)
17:00 KSA · REGULAR · scanner    · بدء المسح · 1154 رمزاً · الجلسة REGULAR
17:00 KSA · REGULAR · scanner    · ساعة التأكيد مثبَّتة على شمعة 13:45Z (من cbar)
17:00 KSA · REGULAR · signal     · MSFT · vwapRec ▲ 85 · 15m
17:00 KSA · REGULAR · signal     · AVGO · vwapRec ▼ 88 · 15m
17:00 KSA · REGULAR · signal     · MU · vwapRec ▼ 75 · 15m
17:00 KSA · REGULAR · signal     · LLY · volSpike ▲ 78 · 15m
17:00 KSA · REGULAR · signal     · JPM · vwapRec ▲ 93 · 15m
17:00 KSA · REGULAR · signal     · WMT · vwapRec ▲ 60 · 15m
17:00 KSA · REGULAR · signal     · V · vwapRec ▲ 73 · 15m
17:00 KSA · REGULAR · signal     · XOM · volSpike ▲ 83 · 15m
17:00 KSA · REGULAR · signal     · INTC · vwapRec ▼ 75 · 15m
17:00 KSA · REGULAR · signal     · CSCO · vwapRec ▲ 93 · 15m
17:00 KSA · REGULAR · signal     · BAC · vwapRec ▲ 80 · 15m
17:00 KSA · REGULAR · signal     · BAC · brk ▼ 93 · 15m
17:00 KSA · REGULAR · signal     · COST · vwapRec ▲ 68 · 15m
17:00 KSA · REGULAR · signal     · CAT · volSpike ▲ 100 · 15m
17:00 KSA · REGULAR · signal     · MRK · vwapRec ▲ 85 · 15m
17:00 KSA · REGULAR · signal     · MS · vwapRec ▲ 88 · 15m
17:00 KSA · REGULAR · signal     · PANW · vwapRec ▲ 85 · 15m
17:00 KSA · REGULAR · signal     · PANW · volSpike ▲ 56 · 15m
17:00 KSA · REGULAR · signal     · PM · vwapRec ▲ 85 · 15m
17:00 KSA · REGULAR · signal     · SNDK · vwapRec ▼ 75 · 15m
17:00 KSA · REGULAR · signal     · KLAC · vwapRec ▼ 60 · 15m
17:00 KSA · REGULAR · signal     · MRVL · brk ▲ 95 · 15m
17:00 KSA · REGULAR · signal     · C · vwapRec ▲ 100 · 15m
17:00 KSA · REGULAR · signal     · STX · volSpike ▲ 78 · 15m
17:00 KSA · REGULAR · signal     · QCOM · vwapRec ▼ 75 · 15m
17:00 KSA · REGULAR · signal     · APH · brk ▲ 89 · 15m
17:00 KSA · REGULAR · signal     · ADI · vwapRec ▲ 60 · 15m
17:00 KSA · REGULAR · signal     · ADI · brk ▲ 89 · 15m
17:00 KSA · REGULAR · signal     · ADI · meanRev ▼ 60 · 15m
17:00 KSA · REGULAR · signal     · DIS · vwapRec ▲ 60 · 15m
17:00 KSA · REGULAR · signal     · SCHW · vwapRec ▲ 88 · 15m
17:00 KSA · REGULAR · signal     · MCD · vwapRec ▲ 60 · 15m
17:00 KSA · REGULAR · signal     · BLK · vwapRec ▲ 63 · 15m
17:00 KSA · REGULAR · signal     · TMUS · vwapRec ▲ 75 · 15m
17:00 KSA · REGULAR · signal     · WDC · vwapRec ▼ 83 · 15m
17:00 KSA · REGULAR · signal     · DHR · vwapRec ▲ 65 · 15m
17:00 KSA · REGULAR · signal     · CB · vwapRec ▼ 70 · 15m
17:00 KSA · REGULAR · signal     · BKNG · volSpike ▼ 89 · 15m
17:00 KSA · REGULAR · signal     · FTNT · brk ▲ 59 · 15m
17:00 KSA · REGULAR · signal     · LMT · vwapRec ▲ 75 · 15m
17:00 KSA · REGULAR · signal     · PGR · volSpike ▼ 83 · 15m
17:00 KSA · REGULAR · signal     · APP · vwapRec ▲ 95 · 15m
17:00 KSA · REGULAR · signal     · ADP · vwapRec ▲ 80 · 15m
17:00 KSA · REGULAR · signal     · VRT · vwapRec ▲ 55 · 15m
17:00 KSA · REGULAR · signal     · CEG · vwapRec ▲ 75 · 15m
17:00 KSA · REGULAR · signal     · KKR · vwapRec ▲ 68 · 15m
17:00 KSA · REGULAR · signal     · LITE · vwapRec ▼ 75 · 15m
17:00 KSA · REGULAR · signal     · CMCSA · vwapRec ▲ 68 · 15m
17:00 KSA · REGULAR · signal     · INTU · vwapRec ▲ 75 · 15m
17:00 KSA · REGULAR · signal     · MDLZ · vwapRec ▼ 100 · 15m
17:00 KSA · REGULAR · signal     · MDLZ · brk ▼ 59 · 15m
17:00 KSA · REGULAR · signal     · NSC · vwapRec ▼ 85 · 15m
17:00 KSA · REGULAR · signal     · SOL-USD · meanRev ▼ 78 · 15m
17:00 KSA · REGULAR · signal     · NXPI · vwapRec ▲ 68 · 15m
17:00 KSA · REGULAR · signal     · FIX · volSpike ▲ 100 · 15m
17:00 KSA · REGULAR · signal     · CIEN · vwapRec ▼ 83 · 15m
17:00 KSA · REGULAR · signal     · LHX · vwapRec ▲ 75 · 15m
17:00 KSA · REGULAR · signal     · ADSK · vwapRec ▲ 68 · 15m
17:00 KSA · REGULAR · signal     · ADSK · tfAlign ▼ 79 · 1d
17:00 KSA · REGULAR · signal     · MCHP · vwapRec ▲ 55 · 15m
17:00 KSA · REGULAR · signal     · MCHP · brk ▲ 77 · 15m
17:00 KSA · REGULAR · signal     · ON · vwapRec ▼ 93 · 15m
17:00 KSA · REGULAR · signal     · DOGE-USD · vwapRec ▼ 75 · 15m
17:00 KSA · REGULAR · signal     · LINK-USD · vwapRec ▼ 75 · 15m
17:00 KSA · REGULAR · signal     · XLM-USD · meanRev ▼ 78 · 15m
17:00 KSA · REGULAR · signal     · HBAR-USD · meanRev ▼ 70 · 15m
17:00 KSA · REGULAR · signal     · DOT-USD · brk ▲ 73 · 15m
17:00 KSA · REGULAR · signal     · CRCLB-USD · momo ▲ 100 · 1h
17:00 KSA · REGULAR · signal     · VTHO-USD · sqzExp ▼ 60 · 1h
17:00 KSA · REGULAR · signal     · UNI-USD · vwapRec ▲ 85 · 15m
17:00 KSA · REGULAR · signal     · TAO-USD · vwapRec ▲ 78 · 15m
17:00 KSA · REGULAR · signal     · THE-USD · momo ▲ 75 · 1h
17:00 KSA · REGULAR · signal     · ASTER-USD · vwapRec ▼ 75 · 15m
17:01 KSA · REGULAR · scanner    · بدء المسح · 1154 رمزاً · الجلسة REGULAR
17:01 KSA · REGULAR · scanner    · ساعة التأكيد مثبَّتة على شمعة 13:45Z (من cbar)
17:02 KSA · REGULAR · scanner    · بدء المسح · 1154 رمزاً · الجلسة REGULAR
17:02 KSA · REGULAR · scanner    · ساعة التأكيد مثبَّتة على شمعة 13:45Z (من cbar)
17:04 KSA · REGULAR · scanner    · بدء المسح · 1154 رمزاً · الجلسة REGULAR
17:04 KSA · REGULAR · scanner    · ساعة التأكيد مثبَّتة على شمعة 13:45Z (من cbar)
17:06 KSA · REGULAR · scanner    · بدء المسح · 1154 رمزاً · الجلسة REGULAR
17:06 KSA · REGULAR · scanner    · ساعة التأكيد مثبَّتة على شمعة 13:45Z (من cbar)
17:09 KSA · REGULAR · scanner    · بدء المسح · 1154 رمزاً · الجلسة REGULAR
17:09 KSA · REGULAR · scanner    · ساعة التأكيد مثبَّتة على شمعة 13:45Z (من cbar)
17:10 KSA · REGULAR · scanner    · بدء المسح · 1154 رمزاً · الجلسة REGULAR
17:10 KSA · REGULAR · scanner    · ساعة التأكيد مثبَّتة على شمعة 13:45Z (من cbar)
17:12 KSA · REGULAR · scanner    · بدء المسح · 1154 رمزاً · الجلسة REGULAR
17:12 KSA · REGULAR · scanner    · ساعة التأكيد مثبَّتة على شمعة 13:45Z (من cbar)
17:14 KSA · REGULAR · scanner    · بدء المسح · 1154 رمزاً · الجلسة REGULAR
17:14 KSA · REGULAR · scanner    · ساعة التأكيد مثبَّتة على شمعة 13:45Z (من cbar)
17:15 KSA · REGULAR · scanner    · بدء المسح · 1154 رمزاً · الجلسة REGULAR
17:15 KSA · REGULAR · scanner    · ساعة التأكيد مثبَّتة على شمعة 14:00Z (من cbar)
17:15 KSA · REGULAR · signal     · AAPL · vwapRec ▲ 85 · 15m
17:15 KSA · REGULAR · signal     · JPM · brk ▼ 70 · 15m
17:15 KSA · REGULAR · signal     · JPM · meanRev ▲ 60 · 15m
17:15 KSA · REGULAR · signal     · JNJ · vwapRec ▲ 100 · 15m
17:15 KSA · REGULAR · signal     · CSCO · orb ▲ 55 · 15m
17:15 KSA · REGULAR · signal     · CSCO · brk ▼ 84 · 15m
17:15 KSA · REGULAR · signal     · MRK · orb ▲ 93 · 15m
17:15 KSA · REGULAR · signal     · NFLX · meanRev ▲ 57 · 15m
17:15 KSA · REGULAR · signal     · WFC · brk ▼ 77 · 15m
17:15 KSA · REGULAR · signal     · WFC · meanRev ▲ 70 · 15m
17:15 KSA · REGULAR · signal     · TXN · vwapRec ▼ 60 · 15m
17:15 KSA · REGULAR · signal     · C · orb ▲ 60 · 15m
17:15 KSA · REGULAR · signal     · C · brk ▲ 59 · 15m
17:15 KSA · REGULAR · signal     · VZ · orb ▼ 88 · 15m
17:15 KSA · REGULAR · signal     · VZ · brk ▼ 86 · 15m
17:15 KSA · REGULAR · signal     · ABT · orb ▲ 85 · 15m
17:15 KSA · REGULAR · signal     · ABT · volSpike ▲ 72 · 15m
17:15 KSA · REGULAR · signal     · SCHW · brk ▼ 80 · 15m
17:15 KSA · REGULAR · signal     · TMUS · brk ▼ 80 · 15m
17:15 KSA · REGULAR · signal     · PFE · vwapRec ▲ 75 · 15m
17:15 KSA · REGULAR · signal     · BA · vwapRec ▲ 68 · 15m
17:15 KSA · REGULAR · signal     · DHR · orb ▲ 100 · 15m
17:15 KSA · REGULAR · signal     · NEM · vwapRec ▲ 80 · 15m
17:15 KSA · REGULAR · signal     · BKNG · vwapRec ▲ 60 · 15m
17:15 KSA · REGULAR · signal     · FTNT · meanRev ▲ 60 · 15m
17:15 KSA · REGULAR · signal     · LMT · brk ▼ 84 · 15m
17:15 KSA · REGULAR · signal     · LMT · meanRev ▲ 70 · 15m
17:15 KSA · REGULAR · signal     · PGR · orb ▼ 75 · 15m
17:15 KSA · REGULAR · signal     · VLO · volSpike ▼ 67 · 15m
17:15 KSA · REGULAR · signal     · ADP · brk ▼ 61 · 15m
17:15 KSA · REGULAR · signal     · VRT · orb ▲ 75 · 15m
17:15 KSA · REGULAR · signal     · PWR · rsiDiv ▼ 72 · 15m
17:15 KSA · REGULAR · signal     · HWM · vwapRec ▲ 75 · 15m
17:15 KSA · REGULAR · signal     · HWM · brk ▼ 57 · 15m
17:15 KSA · REGULAR · signal     · DDOG · vwapRec ▲ 80 · 15m
17:15 KSA · REGULAR · signal     · MDLZ · orb ▼ 60 · 15m
17:15 KSA · REGULAR · signal     · CMI · vwapRec ▲ 75 · 15m
17:15 KSA · REGULAR · signal     · HON · orb ▲ 80 · 15m
17:15 KSA · REGULAR · signal     · AON · orb ▼ 75 · 15m
17:15 KSA · REGULAR · signal     · MCHP · orb ▲ 88 · 15m
17:15 KSA · REGULAR · signal     · HPQ · vwapRec ▲ 70 · 15m
17:15 KSA · REGULAR · signal     · SPCXB-USD · vwapRec ▲ 93 · 15m
17:15 KSA · REGULAR · signal     · BNCB-USD · meanRev ▲ 88 · 15m
17:15 KSA · REGULAR · signal     · EUR-USD · meanRev ▲ 63 · 15m
17:16 KSA · REGULAR · scanner    · بدء المسح · 1154 رمزاً · الجلسة REGULAR
17:16 KSA · REGULAR · scanner    · ساعة التأكيد مثبَّتة على شمعة 14:00Z (من cbar)
17:18 KSA · REGULAR · scanner    · بدء المسح · 1154 رمزاً · الجلسة REGULAR
17:18 KSA · REGULAR · scanner    · ساعة التأكيد مثبَّتة على شمعة 14:00Z (من cbar)
17:20 KSA · REGULAR · scanner    · بدء المسح · 1154 رمزاً · الجلسة REGULAR
17:20 KSA · REGULAR · scanner    · ساعة التأكيد مثبَّتة على شمعة 14:00Z (من cbar)
17:23 KSA · REGULAR · scanner    · بدء المسح · 1154 رمزاً · الجلسة REGULAR
17:23 KSA · REGULAR · scanner    · ساعة التأكيد مثبَّتة على شمعة 14:00Z (من cbar)
17:23 KSA · REGULAR · signal     · META · sqzExp ▲ 100 · 1d
17:23 KSA · REGULAR · signal     · INTC · sqzExp ▲ 94 · 1d
17:23 KSA · REGULAR · signal     · QCOM · sqzExp ▲ 88 · 1d
17:23 KSA · REGULAR · signal     · UNP · sqzExp ▼ 63 · 1d
17:23 KSA · REGULAR · signal     · ISRG · sqzExp ▲ 66 · 1d
17:23 KSA · REGULAR · signal     · MRNA · sqzExp ▲ 75 · 1d
17:23 KSA · REGULAR · signal     · NSC · sqzExp ▼ 69 · 1d
17:23 KSA · REGULAR · signal     · AZO · sqzExp ▼ 75 · 1d
17:23 KSA · REGULAR · signal     · BANK-USD · momo ▼ 92 · 1h
17:23 KSA · REGULAR · signal     · ASTER-USD · pbTrend ▲ 64 · 1h
17:24 KSA · REGULAR · scanner    · بدء المسح · 1154 رمزاً · الجلسة REGULAR
17:24 KSA · REGULAR · scanner    · ساعة التأكيد مثبَّتة على شمعة 14:00Z (من cbar)
17:26 KSA · REGULAR · scanner    · بدء المسح · 1154 رمزاً · الجلسة REGULAR
17:26 KSA · REGULAR · scanner    · ساعة التأكيد مثبَّتة على شمعة 14:00Z (من cbar)
17:28 KSA · REGULAR · scanner    · بدء المسح · 1154 رمزاً · الجلسة REGULAR
17:28 KSA · REGULAR · scanner    · ساعة التأكيد مثبَّتة على شمعة 14:00Z (من cbar)
17:30 KSA · REGULAR · scanner    · بدء المسح · 1154 رمزاً · الجلسة REGULAR
17:30 KSA · REGULAR · scanner    · ساعة التأكيد مثبَّتة على شمعة 14:00Z (من cbar)
17:31 KSA · REGULAR · scanner    · بدء المسح · 1154 رمزاً · الجلسة REGULAR
17:31 KSA · REGULAR · scanner    · ساعة التأكيد مثبَّتة على شمعة 14:15Z (من cbar)
17:31 KSA · REGULAR · signal     · MSFT · rsiDiv ▼ 89 · 15m
17:31 KSA · REGULAR · signal     · BRK-B · rsiDiv ▲ 78 · 15m
17:31 KSA · REGULAR · signal     · JPM · volSpike ▼ 67 · 15m
17:31 KSA · REGULAR · signal     · MA · orb ▼ 78 · 15m
17:31 KSA · REGULAR · signal     · BAC · meanRev ▲ 65 · 15m
17:31 KSA · REGULAR · signal     · AMAT · orb ▲ 69 · 15m
17:31 KSA · REGULAR · signal     · DELL · orb ▲ 56 · 15m
17:31 KSA · REGULAR · signal     · DELL · brk ▼ 95 · 15m
17:31 KSA · REGULAR · signal     · UNH · vwapRec ▲ 82 · 15m
17:31 KSA · REGULAR · signal     · GE · rsiDiv ▼ 61 · 15m
17:31 KSA · REGULAR · signal     · MS · brk ▼ 92 · 15m
17:31 KSA · REGULAR · signal     · MS · meanRev ▲ 55 · 15m
17:31 KSA · REGULAR · signal     · TMO · orb ▲ 89 · 15m
17:31 KSA · REGULAR · signal     · AMGN · vwapRec ▲ 71 · 15m
17:31 KSA · REGULAR · signal     · CRM · meanRev ▲ 93 · 15m
17:31 KSA · REGULAR · signal     · CRM · rsiDiv ▼ 81 · 15m
17:31 KSA · REGULAR · signal     · ADI · orb ▲ 100 · 15m
17:31 KSA · REGULAR · signal     · ADI · meanRev ▼ 60 · 15m
17:31 KSA · REGULAR · signal     · BLK · rsiDiv ▼ 75 · 15m
17:31 KSA · REGULAR · signal     · SCHW · volSpike ▼ 83 · 15m
17:31 KSA · REGULAR · signal     · BA · rsiDiv ▼ 61 · 15m
17:31 KSA · REGULAR · signal     · BX · orb ▼ 92 · 15m
17:31 KSA · REGULAR · signal     · NOW · brk ▼ 74 · 15m
17:31 KSA · REGULAR · signal     · VRTX · rsiDiv ▲ 78 · 15m
17:31 KSA · REGULAR · signal     · FTNT · rsiDiv ▼ 78 · 15m
17:31 KSA · REGULAR · signal     · BKNG · brk ▲ 58 · 15m
17:31 KSA · REGULAR · signal     · LMT · vwapRec ▼ 59 · 15m
17:31 KSA · REGULAR · signal     · SPGI · vwapRec ▼ 59 · 15m
17:31 KSA · REGULAR · signal     · SPGI · brk ▲ 55 · 15m
17:31 KSA · REGULAR · signal     · MDT · brk ▼ 71 · 15m
17:31 KSA · REGULAR · signal     · ACN · meanRev ▲ 70 · 15m
17:31 KSA · REGULAR · signal     · ACN · rsiDiv ▲ 81 · 15m
17:31 KSA · REGULAR · signal     · LOW · vwapRec ▲ 62 · 15m
17:31 KSA · REGULAR · signal     · ADP · rsiDiv ▲ 69 · 15m
17:31 KSA · REGULAR · signal     · ADBE · brk ▼ 95 · 15m
17:31 KSA · REGULAR · signal     · ADBE · meanRev ▲ 70 · 15m
17:31 KSA · REGULAR · signal     · KKR · brk ▲ 58 · 15m
17:31 KSA · REGULAR · signal     · HWM · orb ▼ 83 · 15m
17:31 KSA · REGULAR · signal     · LITE · rsiDiv ▲ 69 · 15m
17:31 KSA · REGULAR · signal     · MDLZ · brk ▲ 89 · 15m
17:31 KSA · REGULAR · signal     · INTU · brk ▼ 82 · 15m
17:31 KSA · REGULAR · signal     · INTU · meanRev ▲ 60 · 15m
17:31 KSA · REGULAR · signal     · INTU · rsiDiv ▲ 89 · 15m
17:31 KSA · REGULAR · signal     · INTU · volSpike ▼ 89 · 15m
17:31 KSA · REGULAR · signal     · CMI · orb ▼ 100 · 15m
17:31 KSA · REGULAR · signal     · CMI · brk ▲ 58 · 15m
17:31 KSA · REGULAR · signal     · AZO · brk ▼ 55 · 15m
17:31 KSA · REGULAR · signal     · ADSK · meanRev ▲ 63 · 15m
17:31 KSA · REGULAR · signal     · ADSK · rsiDiv ▼ 69 · 15m
17:31 KSA · REGULAR · signal     · LHX · rsiDiv ▼ 61 · 15m
17:31 KSA · REGULAR · signal     · RDDT · rsiDiv ▼ 69 · 15m
17:31 KSA · REGULAR · signal     · ON · orb ▲ 81 · 15m
17:31 KSA · REGULAR · signal     · ON · meanRev ▼ 75 · 15m
17:31 KSA · REGULAR · signal     · VTHO-USD · vwapRec ▲ 85 · 15m
17:31 KSA · REGULAR · signal     · SPCXB-USD · rsiDiv ▲ 61 · 15m
17:31 KSA · REGULAR · signal     · MSTRB-USD · orb ▲ 90 · 15m
17:31 KSA · REGULAR · signal     · UNI-USD · orb ▼ 70 · 15m
17:31 KSA · REGULAR · signal     · UNI-USD · vwapRec ▼ 65 · 15m
17:31 KSA · REGULAR · signal     · PUMP-USD · brk ▲ 68 · 15m
17:31 KSA · REGULAR · signal     · HOLO-USD · vwapRec ▼ 55 · 15m
17:31 KSA · REGULAR · signal     · BANK-USD · brk ▼ 84 · 15m
17:32 KSA · REGULAR · scanner    · بدء المسح · 1154 رمزاً · الجلسة REGULAR
17:32 KSA · REGULAR · scanner    · ساعة التأكيد مثبَّتة على شمعة 14:15Z (من cbar)
17:34 KSA · REGULAR · scanner    · بدء المسح · 1154 رمزاً · الجلسة REGULAR
17:34 KSA · REGULAR · scanner    · ساعة التأكيد مثبَّتة على شمعة 14:15Z (من cbar)
17:36 KSA · REGULAR · scanner    · بدء المسح · 1154 رمزاً · الجلسة REGULAR
17:36 KSA · REGULAR · scanner    · ساعة التأكيد مثبَّتة على شمعة 14:15Z (من cbar)
17:39 KSA · REGULAR · scanner    · بدء المسح · 1154 رمزاً · الجلسة REGULAR
17:39 KSA · REGULAR · scanner    · ساعة التأكيد مثبَّتة على شمعة 14:15Z (من cbar)
17:40 KSA · REGULAR · scanner    · بدء المسح · 1154 رمزاً · الجلسة REGULAR
17:40 KSA · REGULAR · scanner    · ساعة التأكيد مثبَّتة على شمعة 14:15Z (من cbar)
17:42 KSA · REGULAR · scanner    · بدء المسح · 1154 رمزاً · الجلسة REGULAR
17:42 KSA · REGULAR · scanner    · ساعة التأكيد مثبَّتة على شمعة 14:15Z (من cbar)
17:44 KSA · REGULAR · scanner    · بدء المسح · 1154 رمزاً · الجلسة REGULAR
17:44 KSA · REGULAR · scanner    · ساعة التأكيد مثبَّتة على شمعة 14:15Z (من cbar)
17:45 KSA · REGULAR · scanner    · بدء المسح · 1154 رمزاً · الجلسة REGULAR
17:45 KSA · REGULAR · scanner    · ساعة التأكيد مثبَّتة على شمعة 14:30Z (من cbar)
17:45 KSA · REGULAR · signal     · AVGO · vwapRec ▲ 59 · 15m
17:45 KSA · REGULAR · signal     · LLY · orb ▲ 75 · 15m
17:45 KSA · REGULAR · signal     · JPM · orb ▼ 75 · 15m
17:45 KSA · REGULAR · signal     · WMT · brk ▲ 89 · 15m
17:45 KSA · REGULAR · signal     · MA · vwapRec ▼ 59 · 15m
17:45 KSA · REGULAR · signal     · ABBV · orb ▲ 100 · 15m
17:45 KSA · REGULAR · signal     · COST · meanRev ▼ 73 · 15m
17:45 KSA · REGULAR · signal     · BAC · orb ▼ 78 · 15m
17:45 KSA · REGULAR · signal     · BAC · volSpike ▼ 72 · 15m
17:45 KSA · REGULAR · signal     · PG · orb ▲ 58 · 15m
17:45 KSA · REGULAR · signal     · GE · meanRev ▲ 68 · 15m
17:45 KSA · REGULAR · signal     · MS · orb ▼ 78 · 15m
17:45 KSA · REGULAR · signal     · SNDK · rsiDiv ▼ 67 · 15m
17:45 KSA · REGULAR · signal     · WFC · orb ▼ 72 · 15m
17:45 KSA · REGULAR · signal     · TMO · rsiDiv ▼ 78 · 15m
17:45 KSA · REGULAR · signal     · C · orb ▼ 72 · 15m
17:45 KSA · REGULAR · signal     · C · brk ▼ 82 · 15m
17:45 KSA · REGULAR · signal     · C · volSpike ▼ 72 · 15m
17:45 KSA · REGULAR · signal     · AMGN · meanRev ▼ 60 · 15m
17:45 KSA · REGULAR · signal     · TMUS · volSpike ▲ 78 · 15m
17:45 KSA · REGULAR · signal     · SCHW · orb ▼ 72 · 15m
17:45 KSA · REGULAR · signal     · NEE · orb ▼ 56 · 15m
17:45 KSA · REGULAR · signal     · PFE · orb ▲ 92 · 15m
17:45 KSA · REGULAR · signal     · BX · brk ▼ 100 · 15m
17:45 KSA · REGULAR · signal     · UBER · orb ▼ 92 · 15m
17:45 KSA · REGULAR · signal     · VRTX · meanRev ▼ 73 · 15m
17:45 KSA · REGULAR · signal     · NEM · vwapRec ▼ 65 · 15m
17:45 KSA · REGULAR · signal     · BKNG · orb ▼ 83 · 15m
17:45 KSA · REGULAR · signal     · LMT · orb ▼ 83 · 15m
17:45 KSA · REGULAR · signal     · MPC · vwapRec ▲ 71 · 15m
17:45 KSA · REGULAR · signal     · INTU · orb ▼ 86 · 15m
17:45 KSA · REGULAR · signal     · MRNA · volSpike ▲ 61 · 15m
17:45 KSA · REGULAR · signal     · ADSK · volSpike ▲ 56 · 15m
17:45 KSA · REGULAR · signal     · LHX · orb ▼ 86 · 15m
17:45 KSA · REGULAR · signal     · HEMI-USD · brk ▲ 64 · 15m
17:45 KSA · REGULAR · signal     · SUI-USD · brk ▲ 55 · 15m
17:45 KSA · REGULAR · signal     · EUR-USD · meanRev ▲ 70 · 15m
17:45 KSA · REGULAR · signal     · BANK-USD · meanRev ▲ 75 · 15m
17:45 KSA · REGULAR · signal     · PENGU-USD · vwapRec ▲ 93 · 15m
17:45 KSA · REGULAR · signal     · ASTER-USD · brk ▼ 57 · 15m
17:46 KSA · REGULAR · scanner    · بدء المسح · 1154 رمزاً · الجلسة REGULAR
17:46 KSA · REGULAR · scanner    · ساعة التأكيد مثبَّتة على شمعة 14:30Z (من cbar)
17:48 KSA · REGULAR · scanner    · بدء المسح · 1154 رمزاً · الجلسة REGULAR
17:48 KSA · REGULAR · scanner    · ساعة التأكيد مثبَّتة على شمعة 14:30Z (من cbar)
17:50 KSA · REGULAR · scanner    · بدء المسح · 1154 رمزاً · الجلسة REGULAR
17:50 KSA · REGULAR · scanner    · ساعة التأكيد مثبَّتة على شمعة 14:30Z (من cbar)
17:52 KSA · REGULAR · scanner    · بدء المسح · 1154 رمزاً · الجلسة REGULAR
17:52 KSA · REGULAR · scanner    · ساعة التأكيد مثبَّتة على شمعة 14:30Z (من cbar)
17:53 KSA · REGULAR · scanner    · بدء المسح · 1154 رمزاً · الجلسة REGULAR
17:53 KSA · REGULAR · scanner    · ساعة التأكيد مثبَّتة على شمعة 14:30Z (من cbar)
17:54 KSA · REGULAR · scanner    · بدء المسح · 1154 رمزاً · الجلسة REGULAR
17:54 KSA · REGULAR · scanner    · ساعة التأكيد مثبَّتة على شمعة 14:30Z (من cbar)
17:56 KSA · REGULAR · scanner    · بدء المسح · 1154 رمزاً · الجلسة REGULAR
17:56 KSA · REGULAR · scanner    · ساعة التأكيد مثبَّتة على شمعة 14:30Z (من cbar)
17:58 KSA · REGULAR · scanner    · بدء المسح · 1154 رمزاً · الجلسة REGULAR
17:58 KSA · REGULAR · scanner    · ساعة التأكيد مثبَّتة على شمعة 14:30Z (من cbar)
18:00 KSA · REGULAR · scanner    · بدء المسح · 1154 رمزاً · الجلسة REGULAR
18:00 KSA · REGULAR · scanner    · ساعة التأكيد مثبَّتة على شمعة 14:30Z (من cbar)
18:01 KSA · REGULAR · scanner    · بدء المسح · 1154 رمزاً · الجلسة REGULAR
18:01 KSA · REGULAR · scanner    · ساعة التأكيد مثبَّتة على شمعة 14:45Z (من cbar)
18:01 KSA · REGULAR · signal     · AMD · rsiDiv ▼ 61 · 15m
18:01 KSA · REGULAR · signal     · V · orb ▼ 86 · 15m
18:01 KSA · REGULAR · signal     · MA · brk ▼ 66 · 15m
18:01 KSA · REGULAR · signal     · MA · meanRev ▲ 85 · 15m
18:01 KSA · REGULAR · signal     · MA · volSpike ▲ 83 · 15m
18:01 KSA · REGULAR · signal     · MRVL · rsiDiv ▼ 72 · 15m
18:01 KSA · REGULAR · signal     · AMGN · volSpike ▲ 78 · 15m
18:01 KSA · REGULAR · signal     · LIN · orb ▲ 89 · 15m
18:01 KSA · REGULAR · signal     · LIN · brk ▲ 92 · 15m
18:01 KSA · REGULAR · signal     · LIN · meanRev ▼ 78 · 15m
18:01 KSA · REGULAR · signal     · STX · rsiDiv ▲ 58 · 15m
18:01 KSA · REGULAR · signal     · GILD · orb ▲ 92 · 15m
18:01 KSA · REGULAR · signal     · GILD · vwapRec ▲ 59 · 15m
18:01 KSA · REGULAR · signal     · UNP · vwapRec ▼ 59 · 15m
18:01 KSA · REGULAR · signal     · KKR · orb ▼ 94 · 15m
18:01 KSA · REGULAR · signal     · SHW · vwapRec ▲ 71 · 15m
18:01 KSA · REGULAR · signal     · MPWR · meanRev ▼ 60 · 15m
18:01 KSA · REGULAR · signal     · NKE · orb ▼ 92 · 15m
18:01 KSA · REGULAR · signal     · KMB · vwapRec ▲ 65 · 15m
18:01 KSA · REGULAR · signal     · HPQ · orb ▼ 81 · 15m
18:01 KSA · REGULAR · signal     · FIL-USD · volSpike ▲ 67 · 15m
18:01 KSA · REGULAR · signal     · XPL-USD · pbTrend ▲ 67 · 1h
18:01 KSA · REGULAR · signal     · SPCXB-USD · orb ▲ 88 · 15m
18:01 KSA · REGULAR · signal     · UNI-USD · tfAlign ▲ 79 · 1d
18:01 KSA · REGULAR · signal     · SUI-USD · volSpike ▼ 56 · 15m
18:01 KSA · REGULAR · signal     · SUI-USD · momo ▼ 64 · 1h
18:01 KSA · REGULAR · signal     · EUR-USD · brk ▼ 95 · 15m
18:01 KSA · REGULAR · signal     · PUMP-USD · brk ▼ 75 · 15m
18:01 KSA · REGULAR · signal     · PENGU-USD · orb ▲ 95 · 15m
18:01 KSA · REGULAR · signal     · PENGU-USD · volSpike ▲ 67 · 15m
18:01 KSA · REGULAR · signal     · PENGU-USD · momo ▲ 83 · 1h
18:01 KSA · REGULAR · signal     · ASTER-USD · momo ▼ 61 · 1h
18:02 KSA · REGULAR · scanner    · بدء المسح · 1154 رمزاً · الجلسة REGULAR
18:02 KSA · REGULAR · scanner    · ساعة التأكيد مثبَّتة على شمعة 14:45Z (من cbar)
18:04 KSA · REGULAR · scanner    · بدء المسح · 1154 رمزاً · الجلسة REGULAR
18:04 KSA · REGULAR · scanner    · ساعة التأكيد مثبَّتة على شمعة 14:45Z (من cbar)
18:08 KSA · REGULAR · scanner    · بدء المسح · 1154 رمزاً · الجلسة REGULAR
18:08 KSA · REGULAR · scanner    · ساعة التأكيد مثبَّتة على شمعة 14:45Z (من cbar)
18:10 KSA · REGULAR · scanner    · بدء المسح · 1154 رمزاً · الجلسة REGULAR
18:10 KSA · REGULAR · scanner    · ساعة التأكيد مثبَّتة على شمعة 14:45Z (من cbar)
18:12 KSA · REGULAR · scanner    · بدء المسح · 1154 رمزاً · الجلسة REGULAR
18:12 KSA · REGULAR · scanner    · ساعة التأكيد مثبَّتة على شمعة 14:45Z (من cbar)
18:14 KSA · REGULAR · scanner    · بدء المسح · 1154 رمزاً · الجلسة REGULAR
18:14 KSA · REGULAR · scanner    · ساعة التأكيد مثبَّتة على شمعة 14:45Z (من cbar)
18:15 KSA · REGULAR · scanner    · بدء المسح · 1154 رمزاً · الجلسة REGULAR
18:15 KSA · REGULAR · scanner    · ساعة التأكيد مثبَّتة على شمعة 15:00Z (من cbar)
18:15 KSA · REGULAR · signal     · LLY · brk ▲ 68 · 15m
18:15 KSA · REGULAR · signal     · JNJ · orb ▲ 92 · 15m
18:15 KSA · REGULAR · signal     · PM · brk ▲ 63 · 15m
18:15 KSA · REGULAR · signal     · PM · meanRev ▼ 57 · 15m
18:15 KSA · REGULAR · signal     · WFC · volSpike ▼ 78 · 15m
18:15 KSA · REGULAR · signal     · TXN · vwapRec ▼ 71 · 15m
18:15 KSA · REGULAR · signal     · AMGN · orb ▲ 94 · 15m
18:15 KSA · REGULAR · signal     · QCOM · orb ▲ 83 · 15m
18:15 KSA · REGULAR · signal     · ETN · orb ▲ 92 · 15m
18:15 KSA · REGULAR · signal     · PFE · brk ▲ 82 · 15m
18:15 KSA · REGULAR · signal     · COP · orb ▲ 83 · 15m
18:15 KSA · REGULAR · signal     · VRTX · orb ▲ 89 · 15m
18:15 KSA · REGULAR · signal     · VRTX · brk ▲ 89 · 15m
18:15 KSA · REGULAR · signal     · FTNT · vwapRec ▼ 71 · 15m
18:15 KSA · REGULAR · signal     · VRT · orb ▲ 64 · 15m
18:15 KSA · REGULAR · signal     · NXPI · vwapRec ▲ 68 · 15m
18:15 KSA · REGULAR · signal     · CIEN · rsiDiv ▼ 58 · 15m
18:15 KSA · REGULAR · signal     · KVUE · vwapRec ▲ 56 · 15m
18:16 KSA · REGULAR · scanner    · بدء المسح · 1154 رمزاً · الجلسة REGULAR
18:16 KSA · REGULAR · scanner    · ساعة التأكيد مثبَّتة على شمعة 15:00Z (من cbar)
18:18 KSA · REGULAR · scanner    · بدء المسح · 1154 رمزاً · الجلسة REGULAR
18:18 KSA · REGULAR · scanner    · ساعة التأكيد مثبَّتة على شمعة 15:00Z (من cbar)
18:20 KSA · REGULAR · scanner    · بدء المسح · 1154 رمزاً · الجلسة REGULAR
18:20 KSA · REGULAR · scanner    · ساعة التأكيد مثبَّتة على شمعة 15:00Z (من cbar)
18:23 KSA · REGULAR · scanner    · بدء المسح · 1154 رمزاً · الجلسة REGULAR
18:23 KSA · REGULAR · scanner    · ساعة التأكيد مثبَّتة على شمعة 15:00Z (من cbar)
18:23 KSA · REGULAR · signal     · SUI-USD · pbTrend ▲ 86 · 1h
18:23 KSA · REGULAR · signal     · THE-USD · momo ▲ 75 · 1h
18:23 KSA · REGULAR · signal     · BANK-USD · sqzExp ▲ 75 · 1h
18:23 KSA · REGULAR · signal     · APD · sqzExp ▼ 100 · 1d
18:23 KSA · REGULAR · signal     · AJG · brk ▼ 84 · 1d
18:23 KSA · REGULAR · signal     · AJG · sqzExp ▼ 69 · 1d
18:24 KSA · REGULAR · scanner    · بدء المسح · 1154 رمزاً · الجلسة REGULAR
18:24 KSA · REGULAR · scanner    · ساعة التأكيد مثبَّتة على شمعة 15:00Z (من cbar)
18:26 KSA · REGULAR · scanner    · بدء المسح · 1154 رمزاً · الجلسة REGULAR
18:26 KSA · REGULAR · scanner    · ساعة التأكيد مثبَّتة على شمعة 15:00Z (من cbar)
18:28 KSA · REGULAR · scanner    · بدء المسح · 1154 رمزاً · الجلسة REGULAR
18:28 KSA · REGULAR · scanner    · ساعة التأكيد مثبَّتة على شمعة 15:00Z (من cbar)
18:30 KSA · REGULAR · scanner    · بدء المسح · 1154 رمزاً · الجلسة REGULAR
18:30 KSA · REGULAR · scanner    · ساعة التأكيد مثبَّتة على شمعة 15:00Z (من cbar)
18:31 KSA · REGULAR · scanner    · بدء المسح · 1154 رمزاً · الجلسة REGULAR
18:31 KSA · REGULAR · scanner    · ساعة التأكيد مثبَّتة على شمعة 15:15Z (من cbar)
18:31 KSA · REGULAR · signal     · ADI · rsiDiv ▼ 72 · 15m
18:31 KSA · REGULAR · signal     · TJX · orb ▼ 75 · 15m
18:31 KSA · REGULAR · signal     · NEM · vwapRec ▼ 85 · 15m
18:31 KSA · REGULAR · signal     · SPGI · rsiDiv ▼ 61 · 15m
18:31 KSA · REGULAR · signal     · VRT · rsiDiv ▼ 58 · 15m
18:31 KSA · REGULAR · signal     · BSX · brk ▲ 61 · 15m
18:31 KSA · REGULAR · signal     · CIEN · vwapRec ▲ 74 · 15m
18:31 KSA · REGULAR · signal     · SMCI · vwapRec ▼ 62 · 15m
18:31 KSA · REGULAR · signal     · UNI-USD · vwapRec ▼ 75 · 15m
18:32 KSA · REGULAR · scanner    · بدء المسح · 1154 رمزاً · الجلسة REGULAR
18:32 KSA · REGULAR · scanner    · ساعة التأكيد مثبَّتة على شمعة 15:15Z (من cbar)
18:34 KSA · REGULAR · scanner    · بدء المسح · 1154 رمزاً · الجلسة REGULAR
18:34 KSA · REGULAR · scanner    · ساعة التأكيد مثبَّتة على شمعة 15:15Z (من cbar)
18:38 KSA · REGULAR · scanner    · بدء المسح · 1154 رمزاً · الجلسة REGULAR
18:38 KSA · REGULAR · scanner    · ساعة التأكيد مثبَّتة على شمعة 15:15Z (من cbar)
18:40 KSA · REGULAR · scanner    · بدء المسح · 1154 رمزاً · الجلسة REGULAR
18:40 KSA · REGULAR · scanner    · ساعة التأكيد مثبَّتة على شمعة 15:15Z (من cbar)
18:42 KSA · REGULAR · scanner    · بدء المسح · 1154 رمزاً · الجلسة REGULAR
18:42 KSA · REGULAR · scanner    · ساعة التأكيد مثبَّتة على شمعة 15:15Z (من cbar)
18:44 KSA · REGULAR · scanner    · بدء المسح · 1154 رمزاً · الجلسة REGULAR
18:44 KSA · REGULAR · scanner    · ساعة التأكيد مثبَّتة على شمعة 15:15Z (من cbar)
18:45 KSA · REGULAR · scanner    · بدء المسح · 1154 رمزاً · الجلسة REGULAR
18:45 KSA · REGULAR · scanner    · ساعة التأكيد مثبَّتة على شمعة 15:30Z (من cbar)
18:45 KSA · REGULAR · signal     · MSFT · orb ▼ 64 · 15m
18:45 KSA · REGULAR · signal     · V · meanRev ▲ 73 · 15m
18:45 KSA · REGULAR · signal     · UNH · orb ▼ 89 · 15m
18:45 KSA · REGULAR · signal     · T · orb ▼ 83 · 15m
18:45 KSA · REGULAR · signal     · DHR · meanRev ▼ 60 · 15m
18:45 KSA · REGULAR · signal     · CMCSA · orb ▼ 100 · 15m
18:45 KSA · REGULAR · signal     · CMCSA · brk ▲ 58 · 15m
18:45 KSA · REGULAR · signal     · CMCSA · volSpike ▼ 83 · 15m
18:45 KSA · REGULAR · signal     · KMB · orb ▼ 100 · 15m
18:45 KSA · REGULAR · signal     · MSTRB-USD · orb ▲ 100 · 15m
18:45 KSA · REGULAR · signal     · TAO-USD · orb ▼ 55 · 15m
18:45 KSA · REGULAR · signal     · HOLO-USD · vwapRec ▼ 73 · 15m
18:46 KSA · REGULAR · scanner    · بدء المسح · 1154 رمزاً · الجلسة REGULAR
18:46 KSA · REGULAR · scanner    · ساعة التأكيد مثبَّتة على شمعة 15:30Z (من cbar)
18:48 KSA · REGULAR · scanner    · بدء المسح · 1154 رمزاً · الجلسة REGULAR
18:48 KSA · REGULAR · scanner    · ساعة التأكيد مثبَّتة على شمعة 15:30Z (من cbar)
18:50 KSA · REGULAR · scanner    · بدء المسح · 1154 رمزاً · الجلسة REGULAR
18:50 KSA · REGULAR · scanner    · ساعة التأكيد مثبَّتة على شمعة 15:30Z (من cbar)
18:53 KSA · REGULAR · scanner    · بدء المسح · 1154 رمزاً · الجلسة REGULAR
18:53 KSA · REGULAR · scanner    · ساعة التأكيد مثبَّتة على شمعة 15:30Z (من cbar)
18:54 KSA · REGULAR · scanner    · بدء المسح · 1154 رمزاً · الجلسة REGULAR
18:54 KSA · REGULAR · scanner    · ساعة التأكيد مثبَّتة على شمعة 15:30Z (من cbar)
18:56 KSA · REGULAR · scanner    · بدء المسح · 1154 رمزاً · الجلسة REGULAR
18:56 KSA · REGULAR · scanner    · ساعة التأكيد مثبَّتة على شمعة 15:30Z (من cbar)
18:58 KSA · REGULAR · scanner    · بدء المسح · 1154 رمزاً · الجلسة REGULAR
18:58 KSA · REGULAR · scanner    · ساعة التأكيد مثبَّتة على شمعة 15:30Z (من cbar)
19:00 KSA · REGULAR · scanner    · بدء المسح · 1154 رمزاً · الجلسة REGULAR
19:00 KSA · REGULAR · scanner    · ساعة التأكيد مثبَّتة على شمعة 15:30Z (من cbar)
19:01 KSA · REGULAR · scanner    · بدء المسح · 1154 رمزاً · الجلسة REGULAR
19:01 KSA · REGULAR · scanner    · ساعة التأكيد مثبَّتة على شمعة 15:45Z (من cbar)
19:01 KSA · REGULAR · signal     · V · brk ▼ 89 · 15m
19:01 KSA · REGULAR · signal     · GE · vwapRec ▼ 74 · 15m
19:01 KSA · REGULAR · signal     · PWR · orb ▲ 83 · 15m
19:01 KSA · REGULAR · signal     · PWR · brk ▲ 68 · 15m
19:01 KSA · REGULAR · signal     · HON · meanRev ▼ 60 · 15m
19:01 KSA · REGULAR · signal     · VST · orb ▲ 69 · 15m
19:01 KSA · REGULAR · signal     · ADSK · orb ▼ 86 · 15m
19:01 KSA · REGULAR · signal     · MCHP · orb ▲ 86 · 15m
19:01 KSA · REGULAR · signal     · ZEC-USD · sqzExp ▲ 100 · 1h
19:01 KSA · REGULAR · signal     · SPCXB-USD · momo ▲ 86 · 1h
19:01 KSA · REGULAR · signal     · SNXXB-USD · momo ▲ 100 · 1h
19:01 KSA · REGULAR · signal     · UNI-USD · vwapRec ▲ 78 · 15m
19:01 KSA · REGULAR · signal     · U-USD · rsiDiv ▲ 94 · 15m
19:02 KSA · REGULAR · scanner    · بدء المسح · 1154 رمزاً · الجلسة REGULAR
19:02 KSA · REGULAR · scanner    · ساعة التأكيد مثبَّتة على شمعة 15:45Z (من cbar)
19:04 KSA · REGULAR · scanner    · بدء المسح · 1154 رمزاً · الجلسة REGULAR
19:04 KSA · REGULAR · scanner    · ساعة التأكيد مثبَّتة على شمعة 15:45Z (من cbar)
19:08 KSA · REGULAR · scanner    · بدء المسح · 1154 رمزاً · الجلسة REGULAR
19:08 KSA · REGULAR · scanner    · ساعة التأكيد مثبَّتة على شمعة 15:45Z (من cbar)
19:10 KSA · REGULAR · scanner    · بدء المسح · 1154 رمزاً · الجلسة REGULAR
19:10 KSA · REGULAR · scanner    · ساعة التأكيد مثبَّتة على شمعة 15:45Z (من cbar)
19:12 KSA · REGULAR · scanner    · بدء المسح · 1154 رمزاً · الجلسة REGULAR
19:12 KSA · REGULAR · scanner    · ساعة التأكيد مثبَّتة على شمعة 15:45Z (من cbar)
19:14 KSA · REGULAR · scanner    · بدء المسح · 1154 رمزاً · الجلسة REGULAR
19:14 KSA · REGULAR · scanner    · ساعة التأكيد مثبَّتة على شمعة 15:45Z (من cbar)
19:15 KSA · REGULAR · scanner    · بدء المسح · 1154 رمزاً · الجلسة REGULAR
19:15 KSA · REGULAR · scanner    · ساعة التأكيد مثبَّتة على شمعة 16:00Z (من cbar)
19:15 KSA · REGULAR · signal     · GOOG · orb ▼ 72 · 15m
19:15 KSA · REGULAR · signal     · MS · vwapRec ▼ 68 · 15m
19:15 KSA · REGULAR · signal     · C · vwapRec ▼ 62 · 15m
19:15 KSA · REGULAR · signal     · AMGN · rsiDiv ▼ 72 · 15m
19:15 KSA · REGULAR · signal     · ABT · orb ▲ 78 · 15m
19:15 KSA · REGULAR · signal     · DIS · orb ▼ 92 · 15m
19:15 KSA · REGULAR · signal     · ADP · vwapRec ▼ 59 · 15m
19:15 KSA · REGULAR · signal     · CMCSA · meanRev ▲ 70 · 15m
19:15 KSA · REGULAR · signal     · MRNA · vwapRec ▲ 65 · 15m
19:15 KSA · REGULAR · signal     · MRNA · rsiDiv ▼ 78 · 15m
19:15 KSA · REGULAR · signal     · NXPI · orb ▲ 78 · 15m
19:15 KSA · REGULAR · signal     · PENGU-USD · momo ▲ 83 · 1h
19:16 KSA · REGULAR · scanner    · بدء المسح · 1154 رمزاً · الجلسة REGULAR
19:16 KSA · REGULAR · scanner    · ساعة التأكيد مثبَّتة على شمعة 16:00Z (من cbar)
19:18 KSA · REGULAR · scanner    · بدء المسح · 1154 رمزاً · الجلسة REGULAR
19:18 KSA · REGULAR · scanner    · ساعة التأكيد مثبَّتة على شمعة 16:00Z (من cbar)
19:20 KSA · REGULAR · scanner    · بدء المسح · 1154 رمزاً · الجلسة REGULAR
19:20 KSA · REGULAR · scanner    · ساعة التأكيد مثبَّتة على شمعة 16:00Z (من cbar)
19:24 KSA · REGULAR · scanner    · بدء المسح · 1154 رمزاً · الجلسة REGULAR
19:24 KSA · REGULAR · scanner    · ساعة التأكيد مثبَّتة على شمعة 16:00Z (من cbar)
19:24 KSA · REGULAR · signal     · HBAR-USD · sqzExp ▼ 57 · 1h
19:24 KSA · REGULAR · signal     · EUR-USD · sqzExp ▼ 57 · 1h
19:25 KSA · REGULAR · scanner    · بدء المسح · 1154 رمزاً · الجلسة REGULAR
19:25 KSA · REGULAR · scanner    · ساعة التأكيد مثبَّتة على شمعة 16:00Z (من cbar)
19:26 KSA · REGULAR · scanner    · بدء المسح · 1154 رمزاً · الجلسة REGULAR
19:26 KSA · REGULAR · scanner    · ساعة التأكيد مثبَّتة على شمعة 16:00Z (من cbar)
19:28 KSA · REGULAR · scanner    · بدء المسح · 1154 رمزاً · الجلسة REGULAR
19:28 KSA · REGULAR · scanner    · ساعة التأكيد مثبَّتة على شمعة 16:00Z (من cbar)
19:30 KSA · REGULAR · scanner    · بدء المسح · 1154 رمزاً · الجلسة REGULAR
19:30 KSA · REGULAR · scanner    · ساعة التأكيد مثبَّتة على شمعة 16:00Z (من cbar)
19:31 KSA · REGULAR · scanner    · بدء المسح · 1154 رمزاً · الجلسة REGULAR
19:31 KSA · REGULAR · scanner    · ساعة التأكيد مثبَّتة على شمعة 16:15Z (من cbar)
19:31 KSA · REGULAR · signal     · PGR · vwapRec ▼ 76 · 15m
19:31 KSA · REGULAR · signal     · NEAR-USD · vwapRec ▼ 60 · 15m
19:31 KSA · REGULAR · signal     · LSK-USD · volSpike ▼ 78 · 15m
19:31 KSA · REGULAR · signal     · REZ-USD · volSpike ▼ 78 · 15m
19:31 KSA · REGULAR · signal     · 牛来-USD · orb ▼ 94 · 15m
19:31 KSA · REGULAR · signal     · HOLO-USD · volSpike ▼ 72 · 15m
19:32 KSA · REGULAR · scanner    · بدء المسح · 1154 رمزاً · الجلسة REGULAR
19:32 KSA · REGULAR · scanner    · ساعة التأكيد مثبَّتة على شمعة 16:15Z (من cbar)
19:34 KSA · REGULAR · scanner    · بدء المسح · 1154 رمزاً · الجلسة REGULAR
19:34 KSA · REGULAR · scanner    · ساعة التأكيد مثبَّتة على شمعة 16:15Z (من cbar)
19:38 KSA · REGULAR · scanner    · بدء المسح · 1154 رمزاً · الجلسة REGULAR
19:38 KSA · REGULAR · scanner    · ساعة التأكيد مثبَّتة على شمعة 16:15Z (من cbar)
19:40 KSA · REGULAR · scanner    · بدء المسح · 1154 رمزاً · الجلسة REGULAR
19:40 KSA · REGULAR · scanner    · ساعة التأكيد مثبَّتة على شمعة 16:15Z (من cbar)
19:42 KSA · REGULAR · scanner    · بدء المسح · 1154 رمزاً · الجلسة REGULAR
19:42 KSA · REGULAR · scanner    · ساعة التأكيد مثبَّتة على شمعة 16:15Z (من cbar)
19:44 KSA · REGULAR · scanner    · بدء المسح · 1154 رمزاً · الجلسة REGULAR
19:44 KSA · REGULAR · scanner    · ساعة التأكيد مثبَّتة على شمعة 16:15Z (من cbar)
19:45 KSA · REGULAR · scanner    · بدء المسح · 1154 رمزاً · الجلسة REGULAR
19:45 KSA · REGULAR · scanner    · ساعة التأكيد مثبَّتة على شمعة 16:30Z (من cbar)
19:45 KSA · REGULAR · signal     · GOOG · brk ▼ 79 · 15m
19:45 KSA · REGULAR · signal     · CB · vwapRec ▲ 62 · 15m
19:45 KSA · REGULAR · signal     · AON · vwapRec ▲ 71 · 15m
19:45 KSA · REGULAR · signal     · HBAR-USD · rsiDiv ▼ 89 · 15m
19:46 KSA · REGULAR · scanner    · بدء المسح · 1154 رمزاً · الجلسة REGULAR
19:46 KSA · REGULAR · scanner    · ساعة التأكيد مثبَّتة على شمعة 16:30Z (من cbar)
19:48 KSA · REGULAR · scanner    · بدء المسح · 1154 رمزاً · الجلسة REGULAR
19:48 KSA · REGULAR · scanner    · ساعة التأكيد مثبَّتة على شمعة 16:30Z (من cbar)
19:50 KSA · REGULAR · scanner    · بدء المسح · 1154 رمزاً · الجلسة REGULAR
19:50 KSA · REGULAR · scanner    · ساعة التأكيد مثبَّتة على شمعة 16:30Z (من cbar)
19:52 KSA · REGULAR · scanner    · بدء المسح · 1154 رمزاً · الجلسة REGULAR
19:52 KSA · REGULAR · scanner    · ساعة التأكيد مثبَّتة على شمعة 16:30Z (من cbar)
19:53 KSA · REGULAR · scanner    · بدء المسح · 1154 رمزاً · الجلسة REGULAR
19:53 KSA · REGULAR · scanner    · ساعة التأكيد مثبَّتة على شمعة 16:30Z (من cbar)
19:56 KSA · REGULAR · scanner    · بدء المسح · 1154 رمزاً · الجلسة REGULAR
19:56 KSA · REGULAR · scanner    · ساعة التأكيد مثبَّتة على شمعة 16:30Z (من cbar)
19:58 KSA · REGULAR · scanner    · بدء المسح · 1154 رمزاً · الجلسة REGULAR
19:58 KSA · REGULAR · scanner    · ساعة التأكيد مثبَّتة على شمعة 16:30Z (من cbar)
20:00 KSA · REGULAR · scanner    · بدء المسح · 1154 رمزاً · الجلسة REGULAR
20:00 KSA · REGULAR · scanner    · ساعة التأكيد مثبَّتة على شمعة 16:45Z (من cbar)
20:00 KSA · REGULAR · signal     · CEG · orb ▲ 72 · 15m
20:00 KSA · REGULAR · signal     · KKR · vwapRec ▼ 65 · 15m
20:00 KSA · REGULAR · signal     · CDNS · meanRev ▼ 68 · 15m
20:00 KSA · REGULAR · signal     · FIX · vwapRec ▲ 74 · 15m
20:00 KSA · REGULAR · signal     · HPQ · brk ▼ 58 · 15m
20:00 KSA · REGULAR · signal     · SPCXB-USD · orb ▲ 80 · 15m
20:00 KSA · REGULAR · signal     · VTHO-USD · rsiDiv ▼ 58 · 1h
20:00 KSA · REGULAR · signal     · SUI-USD · pbTrend ▲ 90 · 1h
20:00 KSA · REGULAR · signal     · SUI-USD · momo ▼ 64 · 1h
20:00 KSA · REGULAR · signal     · PEPE-USD · pbTrend ▲ 90 · 1h
20:00 KSA · REGULAR · signal     · THE-USD · momo ▲ 75 · 1h
20:01 KSA · REGULAR · scanner    · بدء المسح · 1154 رمزاً · الجلسة REGULAR
20:01 KSA · REGULAR · scanner    · ساعة التأكيد مثبَّتة على شمعة 16:45Z (من cbar)
20:02 KSA · REGULAR · scanner    · بدء المسح · 1154 رمزاً · الجلسة REGULAR
20:02 KSA · REGULAR · scanner    · ساعة التأكيد مثبَّتة على شمعة 16:45Z (من cbar)
20:04 KSA · REGULAR · scanner    · بدء المسح · 1154 رمزاً · الجلسة REGULAR
20:04 KSA · REGULAR · scanner    · ساعة التأكيد مثبَّتة على شمعة 16:45Z (من cbar)
20:08 KSA · REGULAR · scanner    · بدء المسح · 1154 رمزاً · الجلسة REGULAR
20:08 KSA · REGULAR · scanner    · ساعة التأكيد مثبَّتة على شمعة 16:45Z (من cbar)
20:10 KSA · REGULAR · scanner    · بدء المسح · 1154 رمزاً · الجلسة REGULAR
20:10 KSA · REGULAR · scanner    · ساعة التأكيد مثبَّتة على شمعة 16:45Z (من cbar)
20:12 KSA · REGULAR · scanner    · بدء المسح · 1154 رمزاً · الجلسة REGULAR
20:12 KSA · REGULAR · scanner    · ساعة التأكيد مثبَّتة على شمعة 16:45Z (من cbar)
20:14 KSA · REGULAR · scanner    · بدء المسح · 1154 رمزاً · الجلسة REGULAR
20:14 KSA · REGULAR · scanner    · ساعة التأكيد مثبَّتة على شمعة 16:45Z (من cbar)
20:15 KSA · REGULAR · scanner    · بدء المسح · 1154 رمزاً · الجلسة REGULAR
20:15 KSA · REGULAR · scanner    · ساعة التأكيد مثبَّتة على شمعة 17:00Z (من cbar)
20:15 KSA · REGULAR · signal     · NVDA · orb ▲ 81 · 15m
20:15 KSA · REGULAR · signal     · BTC-USD · rsiDiv ▼ 83 · 15m
20:15 KSA · REGULAR · signal     · V · vwapRec ▼ 68 · 15m
20:15 KSA · REGULAR · signal     · AMAT · orb ▲ 56 · 15m
20:15 KSA · REGULAR · signal     · TMUS · orb ▼ 72 · 15m
20:15 KSA · REGULAR · signal     · FTNT · vwapRec ▲ 71 · 15m
20:15 KSA · REGULAR · signal     · RDDT · brk ▼ 79 · 15m
20:15 KSA · REGULAR · signal     · MTL-USD · vwapRec ▲ 85 · 15m
20:15 KSA · REGULAR · signal     · PENGU-USD · vwapRec ▲ 68 · 15m
20:16 KSA · REGULAR · scanner    · بدء المسح · 1154 رمزاً · الجلسة REGULAR
20:16 KSA · REGULAR · scanner    · ساعة التأكيد مثبَّتة على شمعة 17:00Z (من cbar)
20:18 KSA · REGULAR · scanner    · بدء المسح · 1154 رمزاً · الجلسة REGULAR
20:18 KSA · REGULAR · scanner    · ساعة التأكيد مثبَّتة على شمعة 17:00Z (من cbar)
20:23 KSA · REGULAR · scanner    · بدء المسح · 1154 رمزاً · الجلسة REGULAR
20:23 KSA · REGULAR · scanner    · ساعة التأكيد مثبَّتة على شمعة 17:00Z (من cbar)
20:24 KSA · REGULAR · scanner    · بدء المسح · 1154 رمزاً · الجلسة REGULAR
20:24 KSA · REGULAR · scanner    · ساعة التأكيد مثبَّتة على شمعة 17:00Z (من cbar)
20:26 KSA · REGULAR · scanner    · بدء المسح · 1154 رمزاً · الجلسة REGULAR
20:26 KSA · REGULAR · scanner    · ساعة التأكيد مثبَّتة على شمعة 17:00Z (من cbar)
20:28 KSA · REGULAR · scanner    · بدء المسح · 1154 رمزاً · الجلسة REGULAR
20:28 KSA · REGULAR · scanner    · ساعة التأكيد مثبَّتة على شمعة 17:00Z (من cbar)
20:30 KSA · REGULAR · scanner    · بدء المسح · 1154 رمزاً · الجلسة REGULAR
20:30 KSA · REGULAR · scanner    · ساعة التأكيد مثبَّتة على شمعة 17:15Z (من cbar)
20:30 KSA · REGULAR · signal     · CEG · orb ▲ 72 · 15m
20:30 KSA · REGULAR · signal     · OP-USD · rsiDiv ▼ 78 · 15m
20:30 KSA · REGULAR · signal     · TAO-USD · tfAlign ▲ 79 · 1d
20:30 KSA · REGULAR · signal     · HOLO-USD · brk ▲ 64 · 15m
20:30 KSA · REGULAR · signal     · PENGU-USD · brk ▲ 100 · 15m
20:30 KSA · REGULAR · signal     · PENGU-USD · meanRev ▼ 70 · 15m
20:31 KSA · REGULAR · scanner    · بدء المسح · 1154 رمزاً · الجلسة REGULAR
20:31 KSA · REGULAR · scanner    · ساعة التأكيد مثبَّتة على شمعة 17:15Z (من cbar)
20:32 KSA · REGULAR · scanner    · بدء المسح · 1154 رمزاً · الجلسة REGULAR
20:32 KSA · REGULAR · scanner    · ساعة التأكيد مثبَّتة على شمعة 17:15Z (من cbar)
20:34 KSA · REGULAR · scanner    · بدء المسح · 1154 رمزاً · الجلسة REGULAR
20:34 KSA · REGULAR · scanner    · ساعة التأكيد مثبَّتة على شمعة 17:15Z (من cbar)
20:38 KSA · REGULAR · scanner    · بدء المسح · 1154 رمزاً · الجلسة REGULAR
20:38 KSA · REGULAR · scanner    · ساعة التأكيد مثبَّتة على شمعة 17:15Z (من cbar)
20:40 KSA · REGULAR · scanner    · بدء المسح · 1154 رمزاً · الجلسة REGULAR
20:40 KSA · REGULAR · scanner    · ساعة التأكيد مثبَّتة على شمعة 17:15Z (من cbar)
20:42 KSA · REGULAR · scanner    · بدء المسح · 1154 رمزاً · الجلسة REGULAR
20:42 KSA · REGULAR · scanner    · ساعة التأكيد مثبَّتة على شمعة 17:15Z (من cbar)
20:44 KSA · REGULAR · scanner    · بدء المسح · 1154 رمزاً · الجلسة REGULAR
20:44 KSA · REGULAR · scanner    · ساعة التأكيد مثبَّتة على شمعة 17:15Z (من cbar)
20:45 KSA · REGULAR · scanner    · بدء المسح · 1154 رمزاً · الجلسة REGULAR
20:45 KSA · REGULAR · scanner    · ساعة التأكيد مثبَّتة على شمعة 17:30Z (من cbar)
20:45 KSA · REGULAR · signal     · PANW · meanRev ▼ 57 · 15m
20:45 KSA · REGULAR · signal     · MDT · orb ▼ 64 · 15m
20:45 KSA · REGULAR · signal     · ON · meanRev ▼ 75 · 15m
20:46 KSA · REGULAR · scanner    · بدء المسح · 1154 رمزاً · الجلسة REGULAR
20:46 KSA · REGULAR · scanner    · ساعة التأكيد مثبَّتة على شمعة 17:30Z (من cbar)
20:48 KSA · REGULAR · scanner    · بدء المسح · 1154 رمزاً · الجلسة REGULAR
20:48 KSA · REGULAR · scanner    · ساعة التأكيد مثبَّتة على شمعة 17:30Z (من cbar)
20:52 KSA · REGULAR · scanner    · بدء المسح · 1154 رمزاً · الجلسة REGULAR
20:52 KSA · REGULAR · scanner    · ساعة التأكيد مثبَّتة على شمعة 17:30Z (من cbar)
20:52 KSA · REGULAR · signal     · PWR · vwapRec ▲ 82 · 15m
20:53 KSA · REGULAR · scanner    · بدء المسح · 1154 رمزاً · الجلسة REGULAR
20:53 KSA · REGULAR · scanner    · ساعة التأكيد مثبَّتة على شمعة 17:30Z (من cbar)
20:54 KSA · REGULAR · scanner    · بدء المسح · 1154 رمزاً · الجلسة REGULAR
20:54 KSA · REGULAR · scanner    · ساعة التأكيد مثبَّتة على شمعة 17:30Z (من cbar)
20:54 KSA · REGULAR · signal     · SNDK · tfAlign ▲ 89 · 1d
20:54 KSA · REGULAR · signal     · TXN · tfAlign ▲ 66 · 1d
20:54 KSA · REGULAR · signal     · TMUS · tfAlign ▼ 89 · 1d
20:54 KSA · REGULAR · signal     · BX · tfAlign ▼ 89 · 1d
20:54 KSA · REGULAR · signal     · PGR · tfAlign ▼ 89 · 1d
20:54 KSA · REGULAR · signal     · DDOG · tfAlign ▲ 89 · 1d
20:54 KSA · REGULAR · signal     · CMCSA · tfAlign ▼ 100 · 1d
20:54 KSA · REGULAR · signal     · MRNA · tfAlign ▲ 100 · 1d
20:54 KSA · REGULAR · signal     · MPWR · tfAlign ▲ 95 · 1d
20:54 KSA · REGULAR · signal     · LHX · tfAlign ▼ 100 · 1d
20:57 KSA · REGULAR · scanner    · بدء المسح · 1154 رمزاً · الجلسة REGULAR
20:57 KSA · REGULAR · scanner    · ساعة التأكيد مثبَّتة على شمعة 17:30Z (من cbar)
20:57 KSA · REGULAR · signal     · POL-USD · brk ▲ 76 · 1d
20:59 KSA · REGULAR · scanner    · بدء المسح · 1154 رمزاً · الجلسة REGULAR
20:59 KSA · REGULAR · scanner    · ساعة التأكيد مثبَّتة على شمعة 17:30Z (من cbar)
21:00 KSA · REGULAR · scanner    · بدء المسح · 1154 رمزاً · الجلسة REGULAR
21:00 KSA · REGULAR · scanner    · ساعة التأكيد مثبَّتة على شمعة 17:45Z (من cbar)
21:00 KSA · REGULAR · signal     · TXN · vwapRec ▲ 70 · 15m
21:00 KSA · REGULAR · signal     · SCHW · vwapRec ▼ 65 · 15m
21:00 KSA · REGULAR · signal     · TMUS · brk ▼ 86 · 15m
21:00 KSA · REGULAR · signal     · BLK · vwapRec ▼ 60 · 15m
21:00 KSA · REGULAR · signal     · UNP · orb ▲ 63 · 15m
21:00 KSA · REGULAR · signal     · PH · brk ▲ 66 · 15m
21:00 KSA · REGULAR · signal     · DDOG · orb ▲ 93 · 15m
21:00 KSA · REGULAR · signal     · DDOG · brk ▲ 82 · 15m
21:00 KSA · REGULAR · signal     · SHW · orb ▲ 85 · 15m
21:00 KSA · REGULAR · signal     · MDLZ · vwapRec ▲ 60 · 15m
21:00 KSA · REGULAR · signal     · NSC · meanRev ▼ 75 · 15m
21:00 KSA · REGULAR · signal     · MCHP · orb ▲ 80 · 15m
21:00 KSA · REGULAR · signal     · SMCI · vwapRec ▼ 60 · 15m
21:00 KSA · REGULAR · signal     · DASH-USD · sqzExp ▼ 70 · 1h
21:00 KSA · REGULAR · signal     · MARSCOIN-USD · meanRev ▼ 82 · 15m
21:00 KSA · REGULAR · signal     · QQQB-USD · rsiDiv ▼ 67 · 1h
21:00 KSA · REGULAR · signal     · PENGU-USD · momo ▲ 83 · 1h
21:01 KSA · REGULAR · scanner    · بدء المسح · 1154 رمزاً · الجلسة REGULAR
21:01 KSA · REGULAR · scanner    · ساعة التأكيد مثبَّتة على شمعة 17:45Z (من cbar)
21:02 KSA · REGULAR · scanner    · بدء المسح · 1154 رمزاً · الجلسة REGULAR
21:02 KSA · REGULAR · scanner    · ساعة التأكيد مثبَّتة على شمعة 17:45Z (من cbar)
21:04 KSA · REGULAR · scanner    · بدء المسح · 1154 رمزاً · الجلسة REGULAR
21:04 KSA · REGULAR · scanner    · ساعة التأكيد مثبَّتة على شمعة 17:45Z (من cbar)
21:09 KSA · REGULAR · scanner    · بدء المسح · 1154 رمزاً · الجلسة REGULAR
21:09 KSA · REGULAR · scanner    · ساعة التأكيد مثبَّتة على شمعة 17:45Z (من cbar)
21:10 KSA · REGULAR · scanner    · بدء المسح · 1154 رمزاً · الجلسة REGULAR
21:10 KSA · REGULAR · scanner    · ساعة التأكيد مثبَّتة على شمعة 17:45Z (من cbar)
21:12 KSA · REGULAR · scanner    · بدء المسح · 1154 رمزاً · الجلسة REGULAR
21:12 KSA · REGULAR · scanner    · ساعة التأكيد مثبَّتة على شمعة 17:45Z (من cbar)
21:14 KSA · REGULAR · scanner    · بدء المسح · 1154 رمزاً · الجلسة REGULAR
21:14 KSA · REGULAR · scanner    · ساعة التأكيد مثبَّتة على شمعة 17:45Z (من cbar)
21:15 KSA · REGULAR · scanner    · بدء المسح · 1154 رمزاً · الجلسة REGULAR
21:15 KSA · REGULAR · scanner    · ساعة التأكيد مثبَّتة على شمعة 18:00Z (من cbar)
21:15 KSA · REGULAR · signal     · PM · volSpike ▼ 56 · 15m
21:15 KSA · REGULAR · signal     · TMO · vwapRec ▲ 93 · 15m
21:15 KSA · REGULAR · signal     · TMUS · meanRev ▲ 60 · 15m
21:15 KSA · REGULAR · signal     · MDT · brk ▼ 84 · 15m
21:15 KSA · REGULAR · signal     · MDT · meanRev ▲ 78 · 15m
21:15 KSA · REGULAR · signal     · CIEN · momo ▲ 92 · 1h
21:15 KSA · REGULAR · signal     · PAXG-USD · volSpike ▼ 56 · 15m
21:15 KSA · REGULAR · signal     · UNI-USD · vwapRec ▲ 78 · 15m
21:15 KSA · REGULAR · signal     · PENGU-USD · brk ▲ 64 · 15m
21:15 KSA · REGULAR · signal     · PENGU-USD · meanRev ▼ 65 · 15m
21:16 KSA · REGULAR · scanner    · بدء المسح · 1154 رمزاً · الجلسة REGULAR
21:16 KSA · REGULAR · scanner    · ساعة التأكيد مثبَّتة على شمعة 18:00Z (من cbar)
21:18 KSA · REGULAR · scanner    · بدء المسح · 1154 رمزاً · الجلسة REGULAR
21:18 KSA · REGULAR · scanner    · ساعة التأكيد مثبَّتة على شمعة 18:00Z (من cbar)
21:20 KSA · REGULAR · scanner    · بدء المسح · 1154 رمزاً · الجلسة REGULAR
21:20 KSA · REGULAR · scanner    · ساعة التأكيد مثبَّتة على شمعة 18:00Z (من cbar)
21:24 KSA · REGULAR · scanner    · بدء المسح · 1154 رمزاً · الجلسة REGULAR
21:24 KSA · REGULAR · scanner    · ساعة التأكيد مثبَّتة على شمعة 18:00Z (من cbar)
21:24 KSA · REGULAR · signal     · V · pbTrend ▲ 60 · 1h
21:24 KSA · REGULAR · signal     · PANW · momo ▲ 78 · 1h
21:24 KSA · REGULAR · signal     · CRM · pbTrend ▲ 62 · 1h
21:24 KSA · REGULAR · signal     · ADBE · sqzExp ▼ 90 · 1h
21:24 KSA · REGULAR · signal     · CEG · pbTrend ▼ 100 · 1h
21:24 KSA · REGULAR · signal     · SHW · momo ▲ 78 · 1h
21:24 KSA · REGULAR · signal     · TER · momo ▲ 89 · 1h
21:24 KSA · REGULAR · signal     · KMB · pbTrend ▼ 93 · 1h
21:24 KSA · REGULAR · signal     · TRX-USD · pbTrend ▲ 67 · 1h
21:24 KSA · REGULAR · signal     · SHIB-USD · sqzExp ▲ 91 · 1d
21:24 KSA · REGULAR · signal     · AR-USD · meanRev ▼ 60 · 1d
21:24 KSA · REGULAR · signal     · MOVR-USD · sqzExp ▲ 63 · 1d
21:24 KSA · REGULAR · signal     · MEGA-USD · brk ▲ 76 · 1d
21:24 KSA · REGULAR · signal     · MEGA-USD · sqzExp ▲ 100 · 1d
21:25 KSA · REGULAR · scanner    · بدء المسح · 1154 رمزاً · الجلسة REGULAR
21:25 KSA · REGULAR · scanner    · ساعة التأكيد مثبَّتة على شمعة 18:00Z (من cbar)
21:26 KSA · REGULAR · scanner    · بدء المسح · 1154 رمزاً · الجلسة REGULAR
21:26 KSA · REGULAR · scanner    · ساعة التأكيد مثبَّتة على شمعة 18:00Z (من cbar)
21:28 KSA · REGULAR · scanner    · بدء المسح · 1154 رمزاً · الجلسة REGULAR
21:28 KSA · REGULAR · scanner    · ساعة التأكيد مثبَّتة على شمعة 18:00Z (من cbar)
21:30 KSA · REGULAR · scanner    · بدء المسح · 1154 رمزاً · الجلسة REGULAR
21:30 KSA · REGULAR · scanner    · ساعة التأكيد مثبَّتة على شمعة 18:00Z (من cbar)
21:31 KSA · REGULAR · scanner    · بدء المسح · 1154 رمزاً · الجلسة REGULAR
21:31 KSA · REGULAR · scanner    · ساعة التأكيد مثبَّتة على شمعة 18:15Z (من cbar)
21:31 KSA · REGULAR · signal     · LLY · tfAlign ▲ 82 · 1d
21:31 KSA · REGULAR · signal     · WMT · pbTrend ▼ 86 · 1h
21:31 KSA · REGULAR · signal     · ORCL · pbTrend ▼ 76 · 1h
21:31 KSA · REGULAR · signal     · CVX · orb ▲ 75 · 15m
21:31 KSA · REGULAR · signal     · KO · sqzExp ▲ 65 · 1h
21:31 KSA · REGULAR · signal     · GS · momo ▲ 56 · 1h
21:31 KSA · REGULAR · signal     · RTX · rsiDiv ▲ 72 · 1h
21:31 KSA · REGULAR · signal     · CRWD · orb ▲ 90 · 15m
21:31 KSA · REGULAR · signal     · CRWD · momo ▲ 78 · 1h
21:31 KSA · REGULAR · signal     · LIN · sqzExp ▲ 75 · 1h
21:31 KSA · REGULAR · signal     · STX · momo ▲ 92 · 1h
21:31 KSA · REGULAR · signal     · VZ · sqzExp ▼ 60 · 1h
21:31 KSA · REGULAR · signal     · DE · sqzExp ▲ 70 · 1h
21:31 KSA · REGULAR · signal     · NEM · sqzExp ▲ 55 · 1h
21:31 KSA · REGULAR · signal     · FTNT · momo ▲ 78 · 1h
21:31 KSA · REGULAR · signal     · FCX · sqzExp ▲ 85 · 1h
21:31 KSA · REGULAR · signal     · CMCSA · brk ▼ 82 · 15m
21:31 KSA · REGULAR · signal     · HON · pbTrend ▼ 67 · 1h
21:31 KSA · REGULAR · signal     · XAUT-USD · brk ▲ 95 · 15m
21:31 KSA · REGULAR · signal     · PAXG-USD · brk ▲ 84 · 15m
21:31 KSA · REGULAR · signal     · MTL-USD · rsiDiv ▼ 78 · 15m
21:31 KSA · REGULAR · signal     · U-USD · rsiDiv ▲ 72 · 15m
21:31 KSA · REGULAR · signal     · ASTER-USD · vwapRec ▼ 68 · 15m
21:32 KSA · REGULAR · scanner    · بدء المسح · 1154 رمزاً · الجلسة REGULAR
21:32 KSA · REGULAR · scanner    · ساعة التأكيد مثبَّتة على شمعة 18:15Z (من cbar)
21:34 KSA · REGULAR · scanner    · بدء المسح · 1154 رمزاً · الجلسة REGULAR
21:34 KSA · REGULAR · scanner    · ساعة التأكيد مثبَّتة على شمعة 18:15Z (من cbar)
21:36 KSA · REGULAR · scanner    · بدء المسح · 1154 رمزاً · الجلسة REGULAR
21:36 KSA · REGULAR · scanner    · ساعة التأكيد مثبَّتة على شمعة 18:15Z (من cbar)
21:39 KSA · REGULAR · scanner    · بدء المسح · 1154 رمزاً · الجلسة REGULAR
21:39 KSA · REGULAR · scanner    · ساعة التأكيد مثبَّتة على شمعة 18:15Z (من cbar)
21:40 KSA · REGULAR · scanner    · بدء المسح · 1154 رمزاً · الجلسة REGULAR
21:40 KSA · REGULAR · scanner    · ساعة التأكيد مثبَّتة على شمعة 18:15Z (من cbar)
21:42 KSA · REGULAR · scanner    · بدء المسح · 1154 رمزاً · الجلسة REGULAR
21:42 KSA · REGULAR · scanner    · ساعة التأكيد مثبَّتة على شمعة 18:15Z (من cbar)
21:44 KSA · REGULAR · scanner    · بدء المسح · 1154 رمزاً · الجلسة REGULAR
21:44 KSA · REGULAR · scanner    · ساعة التأكيد مثبَّتة على شمعة 18:15Z (من cbar)
21:45 KSA · REGULAR · scanner    · بدء المسح · 1154 رمزاً · الجلسة REGULAR
21:45 KSA · REGULAR · scanner    · ساعة التأكيد مثبَّتة على شمعة 18:30Z (من cbar)
21:45 KSA · REGULAR · signal     · GOOG · tfAlign ▲ 68 · 1d
21:45 KSA · REGULAR · signal     · VRTX · vwapRec ▲ 73 · 15m
21:45 KSA · REGULAR · signal     · AZO · vwapRec ▲ 75 · 15m
21:45 KSA · REGULAR · signal     · KVUE · orb ▼ 70 · 15m
21:46 KSA · REGULAR · scanner    · بدء المسح · 1154 رمزاً · الجلسة REGULAR
21:46 KSA · REGULAR · scanner    · ساعة التأكيد مثبَّتة على شمعة 18:30Z (من cbar)
21:48 KSA · REGULAR · scanner    · بدء المسح · 1154 رمزاً · الجلسة REGULAR
21:48 KSA · REGULAR · scanner    · ساعة التأكيد مثبَّتة على شمعة 18:30Z (من cbar)
21:50 KSA · REGULAR · scanner    · بدء المسح · 1154 رمزاً · الجلسة REGULAR
21:50 KSA · REGULAR · scanner    · ساعة التأكيد مثبَّتة على شمعة 18:30Z (من cbar)
21:53 KSA · REGULAR · scanner    · بدء المسح · 1154 رمزاً · الجلسة REGULAR
21:53 KSA · REGULAR · scanner    · ساعة التأكيد مثبَّتة على شمعة 18:30Z (من cbar)
21:53 KSA · REGULAR · signal     · HYPER-USD · brk ▲ 66 · 1d
21:54 KSA · REGULAR · scanner    · بدء المسح · 1154 رمزاً · الجلسة REGULAR
21:54 KSA · REGULAR · scanner    · ساعة التأكيد مثبَّتة على شمعة 18:30Z (من cbar)
21:56 KSA · REGULAR · scanner    · بدء المسح · 1154 رمزاً · الجلسة REGULAR
21:56 KSA · REGULAR · scanner    · ساعة التأكيد مثبَّتة على شمعة 18:30Z (من cbar)
21:58 KSA · REGULAR · scanner    · بدء المسح · 1154 رمزاً · الجلسة REGULAR
21:58 KSA · REGULAR · scanner    · ساعة التأكيد مثبَّتة على شمعة 18:30Z (من cbar)
22:00 KSA · REGULAR · scanner    · بدء المسح · 1154 رمزاً · الجلسة REGULAR
22:00 KSA · REGULAR · scanner    · ساعة التأكيد مثبَّتة على شمعة 18:30Z (من cbar)
22:01 KSA · REGULAR · scanner    · بدء المسح · 1154 رمزاً · الجلسة REGULAR
22:01 KSA · REGULAR · scanner    · ساعة التأكيد مثبَّتة على شمعة 18:45Z (من cbar)
22:01 KSA · REGULAR · signal     · DE · volSpike ▼ 56 · 15m
22:01 KSA · REGULAR · signal     · WDC · momo ▲ 92 · 1h
22:01 KSA · REGULAR · signal     · PH · rsiDiv ▼ 89 · 15m
22:01 KSA · REGULAR · signal     · FCX · rsiDiv ▼ 72 · 15m
22:01 KSA · REGULAR · signal     · DASH-USD · momo ▲ 92 · 1h
22:01 KSA · REGULAR · signal     · OP-USD · sqzExp ▲ 80 · 1h
22:01 KSA · REGULAR · signal     · T-USD · momo ▲ 92 · 1h
22:01 KSA · REGULAR · signal     · SUI-USD · tfAlign ▲ 84 · 1d
22:01 KSA · REGULAR · signal     · ASTER-USD · momo ▼ 61 · 1h
22:02 KSA · REGULAR · scanner    · بدء المسح · 1154 رمزاً · الجلسة REGULAR
22:02 KSA · REGULAR · scanner    · ساعة التأكيد مثبَّتة على شمعة 18:45Z (من cbar)
22:04 KSA · REGULAR · scanner    · بدء المسح · 1154 رمزاً · الجلسة REGULAR
22:04 KSA · REGULAR · scanner    · ساعة التأكيد مثبَّتة على شمعة 18:45Z (من cbar)
22:06 KSA · REGULAR · scanner    · بدء المسح · 1154 رمزاً · الجلسة REGULAR
22:06 KSA · REGULAR · scanner    · ساعة التأكيد مثبَّتة على شمعة 18:45Z (من cbar)
22:09 KSA · REGULAR · scanner    · بدء المسح · 1154 رمزاً · الجلسة REGULAR
22:09 KSA · REGULAR · scanner    · ساعة التأكيد مثبَّتة على شمعة 18:45Z (من cbar)
22:10 KSA · REGULAR · scanner    · بدء المسح · 1154 رمزاً · الجلسة REGULAR
22:10 KSA · REGULAR · scanner    · ساعة التأكيد مثبَّتة على شمعة 18:45Z (من cbar)
22:12 KSA · REGULAR · scanner    · بدء المسح · 1154 رمزاً · الجلسة REGULAR
22:12 KSA · REGULAR · scanner    · ساعة التأكيد مثبَّتة على شمعة 18:45Z (من cbar)
22:14 KSA · REGULAR · scanner    · بدء المسح · 1154 رمزاً · الجلسة REGULAR
22:14 KSA · REGULAR · scanner    · ساعة التأكيد مثبَّتة على شمعة 18:45Z (من cbar)
22:15 KSA · REGULAR · scanner    · بدء المسح · 1154 رمزاً · الجلسة REGULAR
22:15 KSA · REGULAR · scanner    · ساعة التأكيد مثبَّتة على شمعة 19:00Z (من cbar)
22:15 KSA · REGULAR · signal     · AVGO · orb ▲ 70 · 15m
22:15 KSA · REGULAR · signal     · JPM · vwapRec ▼ 60 · 15m
22:15 KSA · REGULAR · signal     · GILD · rsiDiv ▼ 94 · 15m
22:15 KSA · REGULAR · signal     · LTC-USD · meanRev ▼ 78 · 15m
22:16 KSA · REGULAR · scanner    · بدء المسح · 1154 رمزاً · الجلسة REGULAR
22:16 KSA · REGULAR · scanner    · ساعة التأكيد مثبَّتة على شمعة 19:00Z (من cbar)
22:18 KSA · REGULAR · scanner    · بدء المسح · 1154 رمزاً · الجلسة REGULAR
22:18 KSA · REGULAR · scanner    · ساعة التأكيد مثبَّتة على شمعة 19:00Z (من cbar)
22:20 KSA · REGULAR · scanner    · بدء المسح · 1154 رمزاً · الجلسة REGULAR
22:20 KSA · REGULAR · scanner    · ساعة التأكيد مثبَّتة على شمعة 19:00Z (من cbar)
22:24 KSA · REGULAR · scanner    · بدء المسح · 1154 رمزاً · الجلسة REGULAR
22:24 KSA · REGULAR · scanner    · ساعة التأكيد مثبَّتة على شمعة 19:00Z (من cbar)
22:24 KSA · REGULAR · signal     · ORCL · momo ▲ 56 · 1h
22:24 KSA · REGULAR · signal     · TMUS · sqzExp ▼ 75 · 1h
22:24 KSA · REGULAR · signal     · CYBER-USD · brk ▲ 74 · 1d
22:24 KSA · REGULAR · signal     · SCR-USD · meanRev ▼ 60 · 1d
22:25 KSA · REGULAR · scanner    · بدء المسح · 1154 رمزاً · الجلسة REGULAR
22:25 KSA · REGULAR · scanner    · ساعة التأكيد مثبَّتة على شمعة 19:00Z (من cbar)
22:26 KSA · REGULAR · scanner    · بدء المسح · 1154 رمزاً · الجلسة REGULAR
22:26 KSA · REGULAR · scanner    · ساعة التأكيد مثبَّتة على شمعة 19:00Z (من cbar)
22:28 KSA · REGULAR · scanner    · بدء المسح · 1154 رمزاً · الجلسة REGULAR
22:28 KSA · REGULAR · scanner    · ساعة التأكيد مثبَّتة على شمعة 19:00Z (من cbar)
22:30 KSA · REGULAR · scanner    · بدء المسح · 1154 رمزاً · الجلسة REGULAR
22:30 KSA · REGULAR · scanner    · ساعة التأكيد مثبَّتة على شمعة 19:00Z (من cbar)
22:31 KSA · REGULAR · scanner    · بدء المسح · 1154 رمزاً · الجلسة REGULAR
22:31 KSA · REGULAR · scanner    · ساعة التأكيد مثبَّتة على شمعة 19:15Z (من cbar)
22:31 KSA · REGULAR · signal     · NVDA · orb ▲ 68 · 15m
22:31 KSA · REGULAR · signal     · MSFT · momo ▲ 75 · 1h
22:31 KSA · REGULAR · signal     · LLY · rsiDiv ▼ 94 · 1h
22:31 KSA · REGULAR · signal     · GE · momo ▲ 56 · 1h
22:31 KSA · REGULAR · signal     · APH · sqzExp ▲ 73 · 1h
22:31 KSA · REGULAR · signal     · APH · momo ▲ 83 · 1h
22:31 KSA · REGULAR · signal     · CRM · vwapRec ▼ 73 · 15m
22:31 KSA · REGULAR · signal     · UBER · momo ▼ 78 · 1h
22:31 KSA · REGULAR · signal     · BKNG · rsiDiv ▼ 56 · 1h
22:31 KSA · REGULAR · signal     · MPC · momo ▼ 83 · 1h
22:31 KSA · REGULAR · signal     · VLO · momo ▼ 83 · 1h
22:31 KSA · REGULAR · signal     · PSX · momo ▼ 83 · 1h
22:31 KSA · REGULAR · signal     · XRP-USD · meanRev ▼ 65 · 15m
22:31 KSA · REGULAR · signal     · CEG · orb ▲ 68 · 15m
22:31 KSA · REGULAR · signal     · CMCSA · sqzExp ▼ 63 · 1h
22:31 KSA · REGULAR · signal     · BSX · brk ▲ 64 · 15m
22:31 KSA · REGULAR · signal     · ADSK · pbTrend ▼ 83 · 1h
22:31 KSA · REGULAR · signal     · 牛来-USD · orb ▲ 58 · 15m
22:31 KSA · REGULAR · signal     · HOLO-USD · rsiDiv ▼ 78 · 15m
22:31 KSA · REGULAR · signal     · PENGU-USD · brk ▲ 89 · 15m
22:31 KSA · REGULAR · signal     · ASTER-USD · vwapRec ▼ 75 · 15m
22:32 KSA · REGULAR · scanner    · بدء المسح · 1154 رمزاً · الجلسة REGULAR
22:32 KSA · REGULAR · scanner    · ساعة التأكيد مثبَّتة على شمعة 19:15Z (من cbar)
22:34 KSA · REGULAR · scanner    · بدء المسح · 1154 رمزاً · الجلسة REGULAR
22:34 KSA · REGULAR · scanner    · ساعة التأكيد مثبَّتة على شمعة 19:15Z (من cbar)
22:38 KSA · REGULAR · scanner    · بدء المسح · 1154 رمزاً · الجلسة REGULAR
22:38 KSA · REGULAR · scanner    · ساعة التأكيد مثبَّتة على شمعة 19:15Z (من cbar)
22:40 KSA · REGULAR · scanner    · بدء المسح · 1154 رمزاً · الجلسة REGULAR
22:40 KSA · REGULAR · scanner    · ساعة التأكيد مثبَّتة على شمعة 19:15Z (من cbar)
22:42 KSA · REGULAR · scanner    · بدء المسح · 1154 رمزاً · الجلسة REGULAR
22:42 KSA · REGULAR · scanner    · ساعة التأكيد مثبَّتة على شمعة 19:15Z (من cbar)
22:44 KSA · REGULAR · scanner    · بدء المسح · 1154 رمزاً · الجلسة REGULAR
22:44 KSA · REGULAR · scanner    · ساعة التأكيد مثبَّتة على شمعة 19:15Z (من cbar)
22:45 KSA · REGULAR · scanner    · بدء المسح · 1154 رمزاً · الجلسة REGULAR
22:45 KSA · REGULAR · scanner    · ساعة التأكيد مثبَّتة على شمعة 19:30Z (من cbar)
22:45 KSA · REGULAR · signal     · NEM · meanRev ▼ 75 · 15m
22:45 KSA · REGULAR · signal     · NEM · volSpike ▲ 72 · 15m
22:45 KSA · REGULAR · signal     · KKR · orb ▼ 90 · 15m
22:45 KSA · REGULAR · signal     · NXPI · meanRev ▼ 60 · 15m
22:45 KSA · REGULAR · signal     · MCHP · orb ▲ 57 · 15m
22:45 KSA · REGULAR · signal     · HOLO-USD · orb ▼ 57 · 15m
22:46 KSA · REGULAR · scanner    · بدء المسح · 1154 رمزاً · الجلسة REGULAR
22:46 KSA · REGULAR · scanner    · ساعة التأكيد مثبَّتة على شمعة 19:30Z (من cbar)
22:48 KSA · REGULAR · scanner    · بدء المسح · 1154 رمزاً · الجلسة REGULAR
22:48 KSA · REGULAR · scanner    · ساعة التأكيد مثبَّتة على شمعة 19:30Z (من cbar)
22:50 KSA · REGULAR · scanner    · بدء المسح · 1154 رمزاً · الجلسة REGULAR
22:50 KSA · REGULAR · scanner    · ساعة التأكيد مثبَّتة على شمعة 19:30Z (من cbar)
22:52 KSA · REGULAR · scanner    · بدء المسح · 1154 رمزاً · الجلسة REGULAR
22:52 KSA · REGULAR · scanner    · ساعة التأكيد مثبَّتة على شمعة 19:30Z (من cbar)
22:52 KSA · REGULAR · signal     · NEXO-USD · brk ▲ 58 · 1d
22:54 KSA · REGULAR · scanner    · بدء المسح · 1154 رمزاً · الجلسة REGULAR
22:54 KSA · REGULAR · scanner    · ساعة التأكيد مثبَّتة على شمعة 19:30Z (من cbar)
22:56 KSA · REGULAR · scanner    · بدء المسح · 1154 رمزاً · الجلسة REGULAR
22:56 KSA · REGULAR · scanner    · ساعة التأكيد مثبَّتة على شمعة 19:30Z (من cbar)
22:58 KSA · REGULAR · scanner    · بدء المسح · 1154 رمزاً · الجلسة REGULAR
22:58 KSA · REGULAR · scanner    · ساعة التأكيد مثبَّتة على شمعة 19:30Z (من cbar)
23:00 KSA · AFTER   · scanner    · بدء المسح · 1154 رمزاً · الجلسة AFTER
23:00 KSA · AFTER   · scanner    · ساعة التأكيد مثبَّتة على شمعة 19:30Z (من cbar)
23:01 KSA · AFTER   · scanner    · بدء المسح · 1154 رمزاً · الجلسة AFTER
23:01 KSA · AFTER   · scanner    · ساعة التأكيد مثبَّتة على شمعة 19:45Z (من cbar)
23:01 KSA · AFTER   · signal     · AMD · meanRev ▼ 65 · 15m · جلسة ممتدة
23:01 KSA · AFTER   · signal     · MPC · volSpike ▲ 67 · 15m · جلسة ممتدة
23:01 KSA · AFTER   · signal     · GRAM-USD · sqzExp ▲ 70 · 1h
23:01 KSA · AFTER   · signal     · SUI-USD · tfAlign ▲ 79 · 1d
23:01 KSA · AFTER   · signal     · 牛来-USD · momo ▲ 67 · 1h
23:01 KSA · AFTER   · signal     · PENGU-USD · meanRev ▼ 60 · 15m
23:01 KSA · AFTER   · signal     · ASTER-USD · vwapRec ▼ 75 · 15m
23:01 KSA · AFTER   · signal     · ASTER-USD · volSpike ▼ 67 · 15m
23:02 KSA · AFTER   · scanner    · بدء المسح · 1154 رمزاً · الجلسة AFTER
23:02 KSA · AFTER   · scanner    · ساعة التأكيد مثبَّتة على شمعة 19:45Z (من cbar)
23:04 KSA · AFTER   · scanner    · بدء المسح · 1154 رمزاً · الجلسة AFTER
23:04 KSA · AFTER   · scanner    · ساعة التأكيد مثبَّتة على شمعة 19:45Z (من cbar)
23:08 KSA · AFTER   · scanner    · بدء المسح · 1154 رمزاً · الجلسة AFTER
23:08 KSA · AFTER   · scanner    · ساعة التأكيد مثبَّتة على شمعة 19:45Z (من cbar)
23:10 KSA · AFTER   · scanner    · بدء المسح · 1154 رمزاً · الجلسة AFTER
23:10 KSA · AFTER   · scanner    · ساعة التأكيد مثبَّتة على شمعة 19:45Z (من cbar)
23:12 KSA · AFTER   · scanner    · بدء المسح · 1154 رمزاً · الجلسة AFTER
23:12 KSA · AFTER   · scanner    · ساعة التأكيد مثبَّتة على شمعة 19:45Z (من cbar)
23:14 KSA · AFTER   · scanner    · بدء المسح · 1154 رمزاً · الجلسة AFTER
23:14 KSA · AFTER   · scanner    · ساعة التأكيد مثبَّتة على شمعة 19:45Z (من cbar)
23:15 KSA · AFTER   · scanner    · بدء المسح · 1154 رمزاً · الجلسة AFTER
23:15 KSA · AFTER   · scanner    · ساعة التأكيد مثبَّتة على شمعة 20:00Z (من cbar)
23:15 KSA · AFTER   · signal     · GOOGL · volSpike ▼ 78 · 15m · جلسة ممتدة
23:15 KSA · AFTER   · signal     · GOOG · volSpike ▼ 78 · 15m · جلسة ممتدة
23:15 KSA · AFTER   · signal     · WMT · volSpike ▲ 72 · 15m · جلسة ممتدة
23:15 KSA · AFTER   · signal     · AMAT · volSpike ▲ 89 · 15m · جلسة ممتدة
23:15 KSA · AFTER   · signal     · CAT · volSpike ▲ 89 · 15m · جلسة ممتدة
23:15 KSA · AFTER   · signal     · CRWD · volSpike ▲ 78 · 15m · جلسة ممتدة
23:15 KSA · AFTER   · signal     · WFC · volSpike ▼ 89 · 15m · جلسة ممتدة
23:15 KSA · AFTER   · signal     · TXN · brk ▲ 95 · 15m · جلسة ممتدة
23:15 KSA · AFTER   · signal     · LIN · volSpike ▼ 89 · 15m · جلسة ممتدة
23:15 KSA · AFTER   · signal     · QCOM · volSpike ▲ 94 · 15m · جلسة ممتدة
23:15 KSA · AFTER   · signal     · VZ · volSpike ▲ 61 · 15m · جلسة ممتدة
23:15 KSA · AFTER   · signal     · SCHW · volSpike ▼ 94 · 15m · جلسة ممتدة
23:15 KSA · AFTER   · signal     · T · volSpike ▲ 67 · 15m · جلسة ممتدة
23:15 KSA · AFTER   · signal     · NEE · volSpike ▼ 78 · 15m · جلسة ممتدة
23:15 KSA · AFTER   · signal     · UNP · brk ▲ 75 · 15m · جلسة ممتدة
23:15 KSA · AFTER   · signal     · PFE · volSpike ▲ 67 · 15m · جلسة ممتدة
23:15 KSA · AFTER   · signal     · VRTX · volSpike ▼ 83 · 15m · جلسة ممتدة
23:15 KSA · AFTER   · signal     · FTNT · volSpike ▲ 78 · 15m · جلسة ممتدة
23:15 KSA · AFTER   · signal     · CEG · volSpike ▼ 100 · 15m · جلسة ممتدة
23:15 KSA · AFTER   · signal     · HWM · volSpike ▲ 67 · 15m · جلسة ممتدة
23:15 KSA · AFTER   · signal     · CMI · volSpike ▲ 78 · 15m · جلسة ممتدة
23:15 KSA · AFTER   · signal     · HON · volSpike ▼ 56 · 15m · جلسة ممتدة
23:15 KSA · AFTER   · signal     · BSX · volSpike ▼ 78 · 15m · جلسة ممتدة
23:15 KSA · AFTER   · signal     · FIX · volSpike ▲ 78 · 15m · جلسة ممتدة
23:15 KSA · AFTER   · signal     · NKE · volSpike ▼ 61 · 15m · جلسة ممتدة
23:15 KSA · AFTER   · signal     · HONA · volSpike ▼ 78 · 15m · جلسة ممتدة
23:15 KSA · AFTER   · signal     · AZO · volSpike ▼ 72 · 15m · جلسة ممتدة
23:15 KSA · AFTER   · signal     · RDDT · volSpike ▼ 56 · 15m · جلسة ممتدة
23:15 KSA · AFTER   · signal     · SWKS · volSpike ▲ 94 · 15m · جلسة ممتدة
23:15 KSA · AFTER   · signal     · VTHO-USD · orb ▼ 55 · 15m
23:15 KSA · AFTER   · signal     · HOLO-USD · orb ▼ 65 · 15m
23:16 KSA · AFTER   · scanner    · بدء المسح · 1154 رمزاً · الجلسة AFTER
23:16 KSA · AFTER   · scanner    · ساعة التأكيد مثبَّتة على شمعة 20:00Z (من cbar)
23:18 KSA · AFTER   · scanner    · بدء المسح · 1154 رمزاً · الجلسة AFTER
23:18 KSA · AFTER   · scanner    · ساعة التأكيد مثبَّتة على شمعة 20:00Z (من cbar)
23:20 KSA · AFTER   · scanner    · بدء المسح · 1154 رمزاً · الجلسة AFTER
23:20 KSA · AFTER   · scanner    · ساعة التأكيد مثبَّتة على شمعة 20:00Z (من cbar)
23:23 KSA · AFTER   · scanner    · بدء المسح · 1154 رمزاً · الجلسة AFTER
23:23 KSA · AFTER   · scanner    · ساعة التأكيد مثبَّتة على شمعة 20:00Z (من cbar)
23:23 KSA · AFTER   · signal     · MDT · sqzExp ▼ 70 · 1h · جلسة ممتدة
23:23 KSA · AFTER   · signal     · ADP · momo ▼ 58 · 1h · جلسة ممتدة
23:23 KSA · AFTER   · signal     · BSX · sqzExp ▲ 83 · 1h · جلسة ممتدة
23:23 KSA · AFTER   · signal     · QQQB-USD · sqzExp ▲ 63 · 1h
23:23 KSA · AFTER   · signal     · TAO-USD · tfAlign ▲ 74 · 1d
23:24 KSA · AFTER   · scanner    · بدء المسح · 1154 رمزاً · الجلسة AFTER
23:24 KSA · AFTER   · scanner    · ساعة التأكيد مثبَّتة على شمعة 20:00Z (من cbar)
23:26 KSA · AFTER   · scanner    · بدء المسح · 1154 رمزاً · الجلسة AFTER
23:26 KSA · AFTER   · scanner    · ساعة التأكيد مثبَّتة على شمعة 20:00Z (من cbar)
23:28 KSA · AFTER   · scanner    · بدء المسح · 1154 رمزاً · الجلسة AFTER
23:28 KSA · AFTER   · scanner    · ساعة التأكيد مثبَّتة على شمعة 20:00Z (من cbar)
23:30 KSA · AFTER   · scanner    · بدء المسح · 1154 رمزاً · الجلسة AFTER
23:30 KSA · AFTER   · scanner    · ساعة التأكيد مثبَّتة على شمعة 20:00Z (من cbar)
23:31 KSA · AFTER   · scanner    · بدء المسح · 1154 رمزاً · الجلسة AFTER
23:31 KSA · AFTER   · scanner    · ساعة التأكيد مثبَّتة على شمعة 20:15Z (من cbar)
23:31 KSA · AFTER   · signal     · MU · vwapRec ▲ 80 · 15m · جلسة ممتدة
23:31 KSA · AFTER   · signal     · WMT · sqzExp ▲ 65 · 1h · جلسة ممتدة
23:31 KSA · AFTER   · signal     · AMAT · tfAlign ▲ 84 · 1d · جلسة ممتدة
23:31 KSA · AFTER   · signal     · DELL · vwapRec ▼ 68 · 15m · جلسة ممتدة
23:31 KSA · AFTER   · signal     · TXN · vwapRec ▲ 85 · 15m · جلسة ممتدة
23:31 KSA · AFTER   · signal     · TXN · momo ▲ 78 · 1h · جلسة ممتدة
23:31 KSA · AFTER   · signal     · KLAC · vwapRec ▲ 80 · 15m · جلسة ممتدة
23:31 KSA · AFTER   · signal     · KLAC · meanRev ▼ 60 · 15m · جلسة ممتدة
23:31 KSA · AFTER   · signal     · C · pbTrend ▲ 60 · 1h · جلسة ممتدة
23:31 KSA · AFTER   · signal     · QCOM · vwapRec ▲ 73 · 15m · جلسة ممتدة
23:31 KSA · AFTER   · signal     · AXP · sqzExp ▼ 90 · 1h · جلسة ممتدة
23:31 KSA · AFTER   · signal     · APH · vwapRec ▲ 85 · 15m · جلسة ممتدة
23:31 KSA · AFTER   · signal     · ADI · meanRev ▼ 60 · 15m · جلسة ممتدة
23:31 KSA · AFTER   · signal     · T · pbTrend ▲ 64 · 1h · جلسة ممتدة
23:31 KSA · AFTER   · signal     · NEE · momo ▼ 83 · 1h · جلسة ممتدة
23:31 KSA · AFTER   · signal     · COP · momo ▼ 64 · 1h · جلسة ممتدة
23:31 KSA · AFTER   · signal     · NEM · vwapRec ▲ 60 · 15m · جلسة ممتدة
23:31 KSA · AFTER   · signal     · VRTX · meanRev ▲ 60 · 15m · جلسة ممتدة
23:31 KSA · AFTER   · signal     · ACN · pbTrend ▲ 55 · 1h · جلسة ممتدة
23:31 KSA · AFTER   · signal     · LOW · momo ▲ 78 · 1h · جلسة ممتدة
23:31 KSA · AFTER   · signal     · INTU · vwapRec ▼ 85 · 15m · جلسة ممتدة
23:31 KSA · AFTER   · signal     · BSX · pbTrend ▼ 67 · 1h · جلسة ممتدة
23:31 KSA · AFTER   · signal     · NXPI · sqzExp ▲ 63 · 1h · جلسة ممتدة
23:31 KSA · AFTER   · signal     · NXPI · momo ▲ 81 · 1h · جلسة ممتدة
23:31 KSA · AFTER   · signal     · AZO · vwapRec ▼ 85 · 15m · جلسة ممتدة
23:31 KSA · AFTER   · signal     · LHX · vwapRec ▼ 85 · 15m · جلسة ممتدة
23:31 KSA · AFTER   · signal     · RDDT · vwapRec ▼ 82 · 15m · جلسة ممتدة
23:31 KSA · AFTER   · signal     · HPQ · vwapRec ▼ 60 · 15m · جلسة ممتدة
23:31 KSA · AFTER   · signal     · HEMI-USD · meanRev ▼ 70 · 15m
23:31 KSA · AFTER   · signal     · PENGU-USD · volSpike ▲ 56 · 15m
23:32 KSA · AFTER   · scanner    · بدء المسح · 1154 رمزاً · الجلسة AFTER
23:32 KSA · AFTER   · scanner    · ساعة التأكيد مثبَّتة على شمعة 20:15Z (من cbar)
23:34 KSA · AFTER   · scanner    · بدء المسح · 1154 رمزاً · الجلسة AFTER
23:34 KSA · AFTER   · scanner    · ساعة التأكيد مثبَّتة على شمعة 20:15Z (من cbar)
23:39 KSA · AFTER   · scanner    · بدء المسح · 1154 رمزاً · الجلسة AFTER
23:39 KSA · AFTER   · scanner    · ساعة التأكيد مثبَّتة على شمعة 20:15Z (من cbar)
23:40 KSA · AFTER   · scanner    · بدء المسح · 1154 رمزاً · الجلسة AFTER
23:40 KSA · AFTER   · scanner    · ساعة التأكيد مثبَّتة على شمعة 20:15Z (من cbar)
23:42 KSA · AFTER   · scanner    · بدء المسح · 1154 رمزاً · الجلسة AFTER
23:42 KSA · AFTER   · scanner    · ساعة التأكيد مثبَّتة على شمعة 20:15Z (من cbar)
23:44 KSA · AFTER   · scanner    · بدء المسح · 1154 رمزاً · الجلسة AFTER
23:44 KSA · AFTER   · scanner    · ساعة التأكيد مثبَّتة على شمعة 20:15Z (من cbar)
23:45 KSA · AFTER   · scanner    · بدء المسح · 1154 رمزاً · الجلسة AFTER
23:45 KSA · AFTER   · scanner    · ساعة التأكيد مثبَّتة على شمعة 20:30Z (من cbar)
23:45 KSA · AFTER   · signal     · GOOG · vwapRec ▼ 68 · 15m · جلسة ممتدة
23:45 KSA · AFTER   · signal     · CSCO · vwapRec ▼ 75 · 15m · جلسة ممتدة
23:45 KSA · AFTER   · signal     · KO · vwapRec ▲ 65 · 15m · جلسة ممتدة
23:45 KSA · AFTER   · signal     · T · vwapRec ▼ 85 · 15m · جلسة ممتدة
23:45 KSA · AFTER   · signal     · BA · vwapRec ▼ 85 · 15m · جلسة ممتدة
23:45 KSA · AFTER   · signal     · COP · orb ▲ 70 · 15m · جلسة ممتدة
23:45 KSA · AFTER   · signal     · SNPS · vwapRec ▲ 83 · 15m · جلسة ممتدة
23:45 KSA · AFTER   · signal     · FIX · volSpike ▼ 78 · 15m · جلسة ممتدة
23:45 KSA · AFTER   · signal     · DOT-USD · brk ▲ 61 · 15m
23:45 KSA · AFTER   · signal     · UNI-USD · orb ▲ 93 · 15m
23:45 KSA · AFTER   · signal     · 牛来-USD · brk ▲ 66 · 15m
23:46 KSA · AFTER   · scanner    · بدء المسح · 1154 رمزاً · الجلسة AFTER
23:46 KSA · AFTER   · scanner    · ساعة التأكيد مثبَّتة على شمعة 20:30Z (من cbar)
23:48 KSA · AFTER   · scanner    · بدء المسح · 1154 رمزاً · الجلسة AFTER
23:48 KSA · AFTER   · scanner    · ساعة التأكيد مثبَّتة على شمعة 20:30Z (من cbar)
23:50 KSA · AFTER   · scanner    · بدء المسح · 1154 رمزاً · الجلسة AFTER
23:50 KSA · AFTER   · scanner    · ساعة التأكيد مثبَّتة على شمعة 20:30Z (من cbar)
23:52 KSA · AFTER   · scanner    · بدء المسح · 1154 رمزاً · الجلسة AFTER
23:52 KSA · AFTER   · scanner    · ساعة التأكيد مثبَّتة على شمعة 20:30Z (من cbar)
23:52 KSA · AFTER   · signal     · ADSK · orb ▼ 62 · 15m · جلسة ممتدة
23:52 KSA · AFTER   · signal     · ADSK · brk ▲ 83 · 15m · جلسة ممتدة
23:54 KSA · AFTER   · scanner    · بدء المسح · 1154 رمزاً · الجلسة AFTER
23:54 KSA · AFTER   · scanner    · ساعة التأكيد مثبَّتة على شمعة 20:30Z (من cbar)
23:56 KSA · AFTER   · scanner    · بدء المسح · 1154 رمزاً · الجلسة AFTER
23:56 KSA · AFTER   · scanner    · ساعة التأكيد مثبَّتة على شمعة 20:30Z (من cbar)
23:58 KSA · AFTER   · scanner    · بدء المسح · 1154 رمزاً · الجلسة AFTER
23:58 KSA · AFTER   · scanner    · ساعة التأكيد مثبَّتة على شمعة 20:30Z (من cbar)
