00:00 KSA · AFTER   · scanner    · بدء المسح · 1154 رمزاً · الجلسة AFTER
00:00 KSA · AFTER   · scanner    · ساعة التأكيد مثبَّتة على شمعة 20:45Z (من cbar)
00:00 KSA · AFTER   · signal     · MSFT · vwapRec ▲ 85 · 15m · جلسة ممتدة
00:00 KSA · AFTER   · signal     · BKNG · vwapRec ▼ 100 · 15m · جلسة ممتدة
00:00 KSA · AFTER   · signal     · KKR · momo ▼ 86 · 1h · جلسة ممتدة
00:00 KSA · AFTER   · signal     · HWM · momo ▼ 72 · 1h · جلسة ممتدة
00:00 KSA · AFTER   · signal     · HON · vwapRec ▲ 60 · 15m · جلسة ممتدة
00:00 KSA · AFTER   · signal     · KMB · vwapRec ▼ 78 · 15m · جلسة ممتدة
00:00 KSA · AFTER   · signal     · NEAR-USD · pbTrend ▲ 90 · 1h
00:00 KSA · AFTER   · signal     · UNI-USD · brk ▲ 86 · 15m
00:00 KSA · AFTER   · signal     · TAO-USD · momo ▼ 64 · 1h
00:01 KSA · AFTER   · scanner    · بدء المسح · 1154 رمزاً · الجلسة AFTER
00:01 KSA · AFTER   · scanner    · ساعة التأكيد مثبَّتة على شمعة 20:45Z (من cbar)
00:02 KSA · AFTER   · scanner    · بدء المسح · 1154 رمزاً · الجلسة AFTER
00:02 KSA · AFTER   · scanner    · ساعة التأكيد مثبَّتة على شمعة 20:45Z (من cbar)
00:04 KSA · AFTER   · scanner    · بدء المسح · 1154 رمزاً · الجلسة AFTER
00:04 KSA · AFTER   · scanner    · ساعة التأكيد مثبَّتة على شمعة 20:45Z (من cbar)
00:09 KSA · AFTER   · scanner    · بدء المسح · 1154 رمزاً · الجلسة AFTER
00:09 KSA · AFTER   · scanner    · ساعة التأكيد مثبَّتة على شمعة 20:45Z (من cbar)
00:10 KSA · AFTER   · scanner    · بدء المسح · 1154 رمزاً · الجلسة AFTER
00:10 KSA · AFTER   · scanner    · ساعة التأكيد مثبَّتة على شمعة 20:45Z (من cbar)
00:12 KSA · AFTER   · scanner    · بدء المسح · 1154 رمزاً · الجلسة AFTER
00:12 KSA · AFTER   · scanner    · ساعة التأكيد مثبَّتة على شمعة 20:45Z (من cbar)
00:14 KSA · AFTER   · scanner    · بدء المسح · 1154 رمزاً · الجلسة AFTER
00:14 KSA · AFTER   · scanner    · ساعة التأكيد مثبَّتة على شمعة 20:45Z (من cbar)
00:15 KSA · AFTER   · scanner    · بدء المسح · 1154 رمزاً · الجلسة AFTER
00:15 KSA · AFTER   · scanner    · ساعة التأكيد مثبَّتة على شمعة 21:00Z (من cbar)
00:15 KSA · AFTER   · signal     · MSFT · orb ▼ 55 · 15m · جلسة ممتدة
00:15 KSA · AFTER   · signal     · PWR · vwapRec ▲ 93 · 15m · جلسة ممتدة
00:15 KSA · AFTER   · signal     · PWR · brk ▲ 57 · 15m · جلسة ممتدة
00:15 KSA · AFTER   · signal     · ASTER-USD · vwapRec ▼ 60 · 15m
00:16 KSA · AFTER   · scanner    · بدء المسح · 1154 رمزاً · الجلسة AFTER
00:16 KSA · AFTER   · scanner    · ساعة التأكيد مثبَّتة على شمعة 21:00Z (من cbar)
00:18 KSA · AFTER   · scanner    · بدء المسح · 1154 رمزاً · الجلسة AFTER
00:18 KSA · AFTER   · scanner    · ساعة التأكيد مثبَّتة على شمعة 21:00Z (من cbar)
00:22 KSA · AFTER   · scanner    · بدء المسح · 1154 رمزاً · الجلسة AFTER
00:22 KSA · AFTER   · scanner    · ساعة التأكيد مثبَّتة على شمعة 21:00Z (من cbar)
00:22 KSA · AFTER   · signal     · SUI-USD · tfAlign ▲ 79 · 1d
00:23 KSA · AFTER   · scanner    · بدء المسح · 1154 رمزاً · الجلسة AFTER
00:23 KSA · AFTER   · scanner    · ساعة التأكيد مثبَّتة على شمعة 21:00Z (من cbar)
00:24 KSA · AFTER   · scanner    · بدء المسح · 1154 رمزاً · الجلسة AFTER
00:24 KSA · AFTER   · scanner    · ساعة التأكيد مثبَّتة على شمعة 21:00Z (من cbar)
00:26 KSA · AFTER   · scanner    · بدء المسح · 1154 رمزاً · الجلسة AFTER
00:26 KSA · AFTER   · scanner    · ساعة التأكيد مثبَّتة على شمعة 21:00Z (من cbar)
00:28 KSA · AFTER   · scanner    · بدء المسح · 1154 رمزاً · الجلسة AFTER
00:28 KSA · AFTER   · scanner    · ساعة التأكيد مثبَّتة على شمعة 21:00Z (من cbar)
00:30 KSA · AFTER   · scanner    · بدء المسح · 1154 رمزاً · الجلسة AFTER
00:30 KSA · AFTER   · scanner    · ساعة التأكيد مثبَّتة على شمعة 21:15Z (من cbar)
00:30 KSA · AFTER   · signal     · COST · vwapRec ▼ 78 · 15m · جلسة ممتدة
00:30 KSA · AFTER   · signal     · NEM · volSpike ▲ 78 · 15m · جلسة ممتدة
00:30 KSA · AFTER   · signal     · SPGI · vwapRec ▼ 70 · 15m · جلسة ممتدة
00:30 KSA · AFTER   · signal     · ADP · orb ▲ 76 · 15m · جلسة ممتدة
00:30 KSA · AFTER   · signal     · DDOG · orb ▲ 100 · 15m · جلسة ممتدة
00:31 KSA · AFTER   · scanner    · بدء المسح · 1154 رمزاً · الجلسة AFTER
00:31 KSA · AFTER   · scanner    · ساعة التأكيد مثبَّتة على شمعة 21:15Z (من cbar)
00:32 KSA · AFTER   · scanner    · بدء المسح · 1154 رمزاً · الجلسة AFTER
00:32 KSA · AFTER   · scanner    · ساعة التأكيد مثبَّتة على شمعة 21:15Z (من cbar)
00:34 KSA · AFTER   · scanner    · بدء المسح · 1154 رمزاً · الجلسة AFTER
00:34 KSA · AFTER   · scanner    · ساعة التأكيد مثبَّتة على شمعة 21:15Z (من cbar)
00:39 KSA · AFTER   · scanner    · بدء المسح · 1154 رمزاً · الجلسة AFTER
00:39 KSA · AFTER   · scanner    · ساعة التأكيد مثبَّتة على شمعة 21:15Z (من cbar)
00:40 KSA · AFTER   · scanner    · بدء المسح · 1154 رمزاً · الجلسة AFTER
00:40 KSA · AFTER   · scanner    · ساعة التأكيد مثبَّتة على شمعة 21:15Z (من cbar)
00:42 KSA · AFTER   · scanner    · بدء المسح · 1154 رمزاً · الجلسة AFTER
00:42 KSA · AFTER   · scanner    · ساعة التأكيد مثبَّتة على شمعة 21:15Z (من cbar)
00:44 KSA · AFTER   · scanner    · بدء المسح · 1154 رمزاً · الجلسة AFTER
00:44 KSA · AFTER   · scanner    · ساعة التأكيد مثبَّتة على شمعة 21:15Z (من cbar)
00:45 KSA · AFTER   · scanner    · بدء المسح · 1154 رمزاً · الجلسة AFTER
00:45 KSA · AFTER   · scanner    · ساعة التأكيد مثبَّتة على شمعة 21:30Z (من cbar)
00:45 KSA · AFTER   · signal     · GOOGL · orb ▲ 90 · 15m · جلسة ممتدة
00:45 KSA · AFTER   · signal     · MSFT · brk ▲ 75 · 15m · جلسة ممتدة
00:45 KSA · AFTER   · signal     · BAC · vwapRec ▼ 80 · 15m · جلسة ممتدة
00:45 KSA · AFTER   · signal     · DELL · orb ▲ 95 · 15m · جلسة ممتدة
00:45 KSA · AFTER   · signal     · CEG · orb ▲ 71 · 15m · جلسة ممتدة
00:45 KSA · AFTER   · signal     · SWKS · orb ▼ 71 · 15m · جلسة ممتدة
00:45 KSA · AFTER   · signal     · CVC-USD · vwapRec ▲ 85 · 15m
00:45 KSA · AFTER   · signal     · ASTER-USD · vwapRec ▼ 68 · 15m
00:46 KSA · AFTER   · scanner    · بدء المسح · 1154 رمزاً · الجلسة AFTER
00:46 KSA · AFTER   · scanner    · ساعة التأكيد مثبَّتة على شمعة 21:30Z (من cbar)
00:48 KSA · AFTER   · scanner    · بدء المسح · 1154 رمزاً · الجلسة AFTER
00:48 KSA · AFTER   · scanner    · ساعة التأكيد مثبَّتة على شمعة 21:30Z (من cbar)
00:52 KSA · AFTER   · scanner    · بدء المسح · 1154 رمزاً · الجلسة AFTER
00:52 KSA · AFTER   · scanner    · ساعة التأكيد مثبَّتة على شمعة 21:30Z (من cbar)
00:53 KSA · AFTER   · scanner    · بدء المسح · 1154 رمزاً · الجلسة AFTER
00:53 KSA · AFTER   · scanner    · ساعة التأكيد مثبَّتة على شمعة 21:30Z (من cbar)
00:54 KSA · AFTER   · scanner    · بدء المسح · 1154 رمزاً · الجلسة AFTER
00:54 KSA · AFTER   · scanner    · ساعة التأكيد مثبَّتة على شمعة 21:30Z (من cbar)
00:56 KSA · AFTER   · scanner    · بدء المسح · 1154 رمزاً · الجلسة AFTER
00:56 KSA · AFTER   · scanner    · ساعة التأكيد مثبَّتة على شمعة 21:30Z (من cbar)
00:58 KSA · AFTER   · scanner    · بدء المسح · 1154 رمزاً · الجلسة AFTER
00:58 KSA · AFTER   · scanner    · ساعة التأكيد مثبَّتة على شمعة 21:30Z (من cbar)
01:00 KSA · AFTER   · scanner    · بدء المسح · 1154 رمزاً · الجلسة AFTER
01:00 KSA · AFTER   · scanner    · ساعة التأكيد مثبَّتة على شمعة 21:45Z (من cbar)
01:00 KSA · AFTER   · signal     · ADSK · orb ▼ 62 · 15m · جلسة ممتدة
01:00 KSA · AFTER   · signal     · KMB · orb ▲ 65 · 15m · جلسة ممتدة
01:00 KSA · AFTER   · signal     · UNI-USD · momo ▲ 92 · 1h
01:00 KSA · AFTER   · signal     · THE-USD · momo ▼ 56 · 1h
01:01 KSA · AFTER   · scanner    · بدء المسح · 1154 رمزاً · الجلسة AFTER
01:01 KSA · AFTER   · scanner    · ساعة التأكيد مثبَّتة على شمعة 21:45Z (من cbar)
01:02 KSA · AFTER   · scanner    · بدء المسح · 1154 رمزاً · الجلسة AFTER
01:02 KSA · AFTER   · scanner    · ساعة التأكيد مثبَّتة على شمعة 21:45Z (من cbar)
01:04 KSA · AFTER   · scanner    · بدء المسح · 1154 رمزاً · الجلسة AFTER
01:04 KSA · AFTER   · scanner    · ساعة التأكيد مثبَّتة على شمعة 21:45Z (من cbar)
01:09 KSA · AFTER   · scanner    · بدء المسح · 1154 رمزاً · الجلسة AFTER
01:09 KSA · AFTER   · scanner    · ساعة التأكيد مثبَّتة على شمعة 21:45Z (من cbar)
01:10 KSA · AFTER   · scanner    · بدء المسح · 1154 رمزاً · الجلسة AFTER
01:10 KSA · AFTER   · scanner    · ساعة التأكيد مثبَّتة على شمعة 21:45Z (من cbar)
01:12 KSA · AFTER   · scanner    · بدء المسح · 1154 رمزاً · الجلسة AFTER
01:12 KSA · AFTER   · scanner    · ساعة التأكيد مثبَّتة على شمعة 21:45Z (من cbar)
01:14 KSA · AFTER   · scanner    · بدء المسح · 1154 رمزاً · الجلسة AFTER
01:14 KSA · AFTER   · scanner    · ساعة التأكيد مثبَّتة على شمعة 21:45Z (من cbar)
01:15 KSA · AFTER   · scanner    · بدء المسح · 1154 رمزاً · الجلسة AFTER
01:15 KSA · AFTER   · scanner    · ساعة التأكيد مثبَّتة على شمعة 22:00Z (من cbar)
01:15 KSA · AFTER   · signal     · MSFT · orb ▲ 95 · 15m · جلسة ممتدة
01:15 KSA · AFTER   · signal     · MSFT · vwapRec ▲ 75 · 15m · جلسة ممتدة
01:15 KSA · AFTER   · signal     · AVGO · orb ▲ 85 · 15m · جلسة ممتدة
01:15 KSA · AFTER   · signal     · MU · vwapRec ▲ 80 · 15m · جلسة ممتدة
01:15 KSA · AFTER   · signal     · CAT · orb ▲ 75 · 15m · جلسة ممتدة
01:15 KSA · AFTER   · signal     · GLW · vwapRec ▲ 70 · 15m · جلسة ممتدة
01:15 KSA · AFTER   · signal     · CEG · volSpike ▼ 89 · 15m · جلسة ممتدة
01:15 KSA · AFTER   · signal     · MDLZ · vwapRec ▲ 62 · 15m · جلسة ممتدة
01:15 KSA · AFTER   · signal     · SUI-USD · rsiDiv ▼ 67 · 15m
01:16 KSA · AFTER   · scanner    · بدء المسح · 1154 رمزاً · الجلسة AFTER
01:16 KSA · AFTER   · scanner    · ساعة التأكيد مثبَّتة على شمعة 22:00Z (من cbar)
01:18 KSA · AFTER   · scanner    · بدء المسح · 1154 رمزاً · الجلسة AFTER
01:18 KSA · AFTER   · scanner    · ساعة التأكيد مثبَّتة على شمعة 22:00Z (من cbar)
01:20 KSA · AFTER   · scanner    · بدء المسح · 1154 رمزاً · الجلسة AFTER
01:20 KSA · AFTER   · scanner    · ساعة التأكيد مثبَّتة على شمعة 22:00Z (من cbar)
01:23 KSA · AFTER   · scanner    · بدء المسح · 1154 رمزاً · الجلسة AFTER
01:23 KSA · AFTER   · scanner    · ساعة التأكيد مثبَّتة على شمعة 22:00Z (من cbar)
01:23 KSA · AFTER   · signal     · KMB · vwapRec ▲ 62 · 15m · جلسة ممتدة
01:23 KSA · AFTER   · signal     · SUI-USD · tfAlign ▲ 84 · 1d
01:23 KSA · AFTER   · signal     · SENT-USD · sqzExp ▼ 57 · 1h
01:25 KSA · AFTER   · scanner    · بدء المسح · 1154 رمزاً · الجلسة AFTER
01:25 KSA · AFTER   · scanner    · ساعة التأكيد مثبَّتة على شمعة 22:00Z (من cbar)
01:26 KSA · AFTER   · scanner    · بدء المسح · 1154 رمزاً · الجلسة AFTER
01:26 KSA · AFTER   · scanner    · ساعة التأكيد مثبَّتة على شمعة 22:00Z (من cbar)
01:28 KSA · AFTER   · scanner    · بدء المسح · 1154 رمزاً · الجلسة AFTER
01:28 KSA · AFTER   · scanner    · ساعة التأكيد مثبَّتة على شمعة 22:00Z (من cbar)
01:30 KSA · AFTER   · scanner    · بدء المسح · 1154 رمزاً · الجلسة AFTER
01:30 KSA · AFTER   · scanner    · ساعة التأكيد مثبَّتة على شمعة 22:00Z (من cbar)
01:31 KSA · AFTER   · scanner    · بدء المسح · 1154 رمزاً · الجلسة AFTER
01:31 KSA · AFTER   · scanner    · ساعة التأكيد مثبَّتة على شمعة 22:15Z (من cbar)
01:31 KSA · AFTER   · signal     · WMT · volSpike ▲ 61 · 15m · جلسة ممتدة
01:31 KSA · AFTER   · signal     · SNDK · orb ▲ 65 · 15m · جلسة ممتدة
01:31 KSA · AFTER   · signal     · CMCSA · vwapRec ▼ 55 · 15m · جلسة ممتدة
01:31 KSA · AFTER   · signal     · VST · orb ▲ 80 · 15m · جلسة ممتدة
01:31 KSA · AFTER   · signal     · MCHP · meanRev ▼ 60 · 15m · جلسة ممتدة
01:31 KSA · AFTER   · signal     · ETHFI-USD · vwapRec ▼ 68 · 15m
01:31 KSA · AFTER   · signal     · UNI-USD · brk ▲ 100 · 15m
01:31 KSA · AFTER   · signal     · UNI-USD · meanRev ▼ 60 · 15m
01:31 KSA · AFTER   · signal     · SUI-USD · meanRev ▼ 63 · 15m
01:31 KSA · AFTER   · signal     · HOLO-USD · meanRev ▼ 78 · 15m
01:32 KSA · AFTER   · scanner    · بدء المسح · 1154 رمزاً · الجلسة AFTER
01:32 KSA · AFTER   · scanner    · ساعة التأكيد مثبَّتة على شمعة 22:15Z (من cbar)
01:34 KSA · AFTER   · scanner    · بدء المسح · 1154 رمزاً · الجلسة AFTER
01:34 KSA · AFTER   · scanner    · ساعة التأكيد مثبَّتة على شمعة 22:15Z (من cbar)
01:36 KSA · AFTER   · scanner    · بدء المسح · 1154 رمزاً · الجلسة AFTER
01:36 KSA · AFTER   · scanner    · ساعة التأكيد مثبَّتة على شمعة 22:15Z (من cbar)
01:39 KSA · AFTER   · scanner    · بدء المسح · 1154 رمزاً · الجلسة AFTER
01:39 KSA · AFTER   · scanner    · ساعة التأكيد مثبَّتة على شمعة 22:15Z (من cbar)
01:40 KSA · AFTER   · scanner    · بدء المسح · 1154 رمزاً · الجلسة AFTER
01:40 KSA · AFTER   · scanner    · ساعة التأكيد مثبَّتة على شمعة 22:15Z (من cbar)
01:42 KSA · AFTER   · scanner    · بدء المسح · 1154 رمزاً · الجلسة AFTER
01:42 KSA · AFTER   · scanner    · ساعة التأكيد مثبَّتة على شمعة 22:15Z (من cbar)
01:44 KSA · AFTER   · scanner    · بدء المسح · 1154 رمزاً · الجلسة AFTER
01:44 KSA · AFTER   · scanner    · ساعة التأكيد مثبَّتة على شمعة 22:15Z (من cbar)
01:45 KSA · AFTER   · scanner    · بدء المسح · 1154 رمزاً · الجلسة AFTER
01:45 KSA · AFTER   · scanner    · ساعة التأكيد مثبَّتة على شمعة 22:30Z (من cbar)
01:45 KSA · AFTER   · signal     · AVGO · meanRev ▼ 73 · 15m · جلسة ممتدة
01:45 KSA · AFTER   · signal     · CRWD · orb ▲ 83 · 15m · جلسة ممتدة
01:45 KSA · AFTER   · signal     · STX · orb ▲ 90 · 15m · جلسة ممتدة
01:45 KSA · AFTER   · signal     · PEP · meanRev ▼ 73 · 15m · جلسة ممتدة
01:45 KSA · AFTER   · signal     · LITE · orb ▲ 95 · 15m · جلسة ممتدة
01:45 KSA · AFTER   · signal     · AAVE-USD · meanRev ▼ 63 · 15m
01:45 KSA · AFTER   · signal     · XPL-USD · meanRev ▼ 70 · 15m
01:45 KSA · AFTER   · signal     · REZ-USD · brk ▲ 95 · 15m
01:45 KSA · AFTER   · signal     · SUI-USD · brk ▲ 100 · 15m
01:45 KSA · AFTER   · signal     · HOLO-USD · brk ▲ 91 · 15m
01:46 KSA · AFTER   · scanner    · بدء المسح · 1154 رمزاً · الجلسة AFTER
01:46 KSA · AFTER   · scanner    · ساعة التأكيد مثبَّتة على شمعة 22:30Z (من cbar)
01:48 KSA · AFTER   · scanner    · بدء المسح · 1154 رمزاً · الجلسة AFTER
01:48 KSA · AFTER   · scanner    · ساعة التأكيد مثبَّتة على شمعة 22:30Z (من cbar)
01:50 KSA · AFTER   · scanner    · بدء المسح · 1154 رمزاً · الجلسة AFTER
01:50 KSA · AFTER   · scanner    · ساعة التأكيد مثبَّتة على شمعة 22:30Z (من cbar)
01:52 KSA · AFTER   · scanner    · بدء المسح · 1154 رمزاً · الجلسة AFTER
01:52 KSA · AFTER   · scanner    · ساعة التأكيد مثبَّتة على شمعة 22:30Z (من cbar)
01:54 KSA · AFTER   · scanner    · بدء المسح · 1154 رمزاً · الجلسة AFTER
01:54 KSA · AFTER   · scanner    · ساعة التأكيد مثبَّتة على شمعة 22:30Z (من cbar)
01:56 KSA · AFTER   · scanner    · بدء المسح · 1154 رمزاً · الجلسة AFTER
01:56 KSA · AFTER   · scanner    · ساعة التأكيد مثبَّتة على شمعة 22:30Z (من cbar)
01:58 KSA · AFTER   · scanner    · بدء المسح · 1154 رمزاً · الجلسة AFTER
01:58 KSA · AFTER   · scanner    · ساعة التأكيد مثبَّتة على شمعة 22:30Z (من cbar)
02:00 KSA · AFTER   · scanner    · بدء المسح · 1154 رمزاً · الجلسة AFTER
02:00 KSA · AFTER   · scanner    · ساعة التأكيد مثبَّتة على شمعة 22:30Z (من cbar)
02:01 KSA · AFTER   · scanner    · بدء المسح · 1154 رمزاً · الجلسة AFTER
02:01 KSA · AFTER   · scanner    · ساعة التأكيد مثبَّتة على شمعة 22:45Z (من cbar)
02:01 KSA · AFTER   · signal     · INTC · meanRev ▼ 85 · 15m · جلسة ممتدة
02:01 KSA · AFTER   · signal     · NEM · orb ▲ 80 · 15m · جلسة ممتدة
02:01 KSA · AFTER   · signal     · MCHP · orb ▲ 90 · 15m · جلسة ممتدة
02:01 KSA · AFTER   · signal     · INJ-USD · orb ▲ 95 · 15m
02:01 KSA · AFTER   · signal     · HEMI-USD · vwapRec ▼ 100 · 15m
02:01 KSA · AFTER   · signal     · UNI-USD · sqzExp ▲ 60 · 1h
02:01 KSA · AFTER   · signal     · SUI-USD · vwapRec ▼ 75 · 15m
02:01 KSA · AFTER   · signal     · TAO-USD · tfAlign ▲ 84 · 1d
02:01 KSA · AFTER   · signal     · EUR-USD · tfAlign ▼ 100 · 1d
02:01 KSA · AFTER   · signal     · ASTER-USD · vwapRec ▲ 85 · 15m
02:02 KSA · AFTER   · scanner    · بدء المسح · 1154 رمزاً · الجلسة AFTER
02:02 KSA · AFTER   · scanner    · ساعة التأكيد مثبَّتة على شمعة 22:45Z (من cbar)
02:04 KSA · AFTER   · scanner    · بدء المسح · 1154 رمزاً · الجلسة AFTER
02:04 KSA · AFTER   · scanner    · ساعة التأكيد مثبَّتة على شمعة 22:45Z (من cbar)
02:06 KSA · AFTER   · scanner    · بدء المسح · 1154 رمزاً · الجلسة AFTER
02:06 KSA · AFTER   · scanner    · ساعة التأكيد مثبَّتة على شمعة 22:45Z (من cbar)
02:09 KSA · AFTER   · scanner    · بدء المسح · 1154 رمزاً · الجلسة AFTER
02:09 KSA · AFTER   · scanner    · ساعة التأكيد مثبَّتة على شمعة 22:45Z (من cbar)
02:10 KSA · AFTER   · scanner    · بدء المسح · 1154 رمزاً · الجلسة AFTER
02:10 KSA · AFTER   · scanner    · ساعة التأكيد مثبَّتة على شمعة 22:45Z (من cbar)
02:12 KSA · AFTER   · scanner    · بدء المسح · 1154 رمزاً · الجلسة AFTER
02:12 KSA · AFTER   · scanner    · ساعة التأكيد مثبَّتة على شمعة 22:45Z (من cbar)
02:14 KSA · AFTER   · scanner    · بدء المسح · 1154 رمزاً · الجلسة AFTER
02:14 KSA · AFTER   · scanner    · ساعة التأكيد مثبَّتة على شمعة 22:45Z (من cbar)
02:15 KSA · AFTER   · scanner    · بدء المسح · 1154 رمزاً · الجلسة AFTER
02:15 KSA · AFTER   · scanner    · ساعة التأكيد مثبَّتة على شمعة 23:00Z (من cbar)
02:15 KSA · AFTER   · signal     · LLY · vwapRec ▲ 70 · 15m · جلسة ممتدة
02:15 KSA · AFTER   · signal     · SPGI · orb ▲ 60 · 15m · جلسة ممتدة
02:15 KSA · AFTER   · signal     · T-USD · rsiDiv ▼ 78 · 15m
02:15 KSA · AFTER   · signal     · SUI-USD · brk ▲ 73 · 15m
02:15 KSA · AFTER   · signal     · SUI-USD · meanRev ▼ 70 · 15m
02:15 KSA · AFTER   · signal     · 牛来-USD · volSpike ▲ 71 · 15m
02:15 KSA · AFTER   · signal     · TAO-USD · meanRev ▼ 63 · 15m
02:15 KSA · AFTER   · signal     · HOLO-USD · orb ▲ 88 · 15m
02:15 KSA · AFTER   · signal     · HOLO-USD · volSpike ▼ 61 · 15m
02:15 KSA · AFTER   · signal     · ASTER-USD · meanRev ▼ 63 · 15m
02:16 KSA · AFTER   · scanner    · بدء المسح · 1154 رمزاً · الجلسة AFTER
02:16 KSA · AFTER   · scanner    · ساعة التأكيد مثبَّتة على شمعة 23:00Z (من cbar)
02:18 KSA · AFTER   · scanner    · بدء المسح · 1154 رمزاً · الجلسة AFTER
02:18 KSA · AFTER   · scanner    · ساعة التأكيد مثبَّتة على شمعة 23:00Z (من cbar)
02:20 KSA · AFTER   · scanner    · بدء المسح · 1154 رمزاً · الجلسة AFTER
02:20 KSA · AFTER   · scanner    · ساعة التأكيد مثبَّتة على شمعة 23:00Z (من cbar)
02:23 KSA · AFTER   · scanner    · بدء المسح · 1154 رمزاً · الجلسة AFTER
02:23 KSA · AFTER   · scanner    · ساعة التأكيد مثبَّتة على شمعة 23:00Z (من cbar)
02:23 KSA · AFTER   · signal     · OP-USD · sqzExp ▲ 70 · 1h
02:24 KSA · AFTER   · scanner    · بدء المسح · 1154 رمزاً · الجلسة AFTER
02:24 KSA · AFTER   · scanner    · ساعة التأكيد مثبَّتة على شمعة 23:00Z (من cbar)
02:26 KSA · AFTER   · scanner    · بدء المسح · 1154 رمزاً · الجلسة AFTER
02:26 KSA · AFTER   · scanner    · ساعة التأكيد مثبَّتة على شمعة 23:00Z (من cbar)
02:28 KSA · AFTER   · scanner    · بدء المسح · 1154 رمزاً · الجلسة AFTER
02:28 KSA · AFTER   · scanner    · ساعة التأكيد مثبَّتة على شمعة 23:00Z (من cbar)
02:30 KSA · AFTER   · scanner    · بدء المسح · 1154 رمزاً · الجلسة AFTER
02:30 KSA · AFTER   · scanner    · ساعة التأكيد مثبَّتة على شمعة 23:00Z (من cbar)
02:31 KSA · AFTER   · scanner    · بدء المسح · 1154 رمزاً · الجلسة AFTER
02:31 KSA · AFTER   · scanner    · ساعة التأكيد مثبَّتة على شمعة 23:15Z (من cbar)
02:31 KSA · AFTER   · signal     · APH · volSpike ▼ 67 · 15m · جلسة ممتدة
02:31 KSA · AFTER   · signal     · VTHO-USD · brk ▲ 68 · 15m
02:31 KSA · AFTER   · signal     · UNI-USD · volSpike ▼ 78 · 15m
02:31 KSA · AFTER   · signal     · TAO-USD · brk ▲ 100 · 15m
02:32 KSA · AFTER   · scanner    · بدء المسح · 1154 رمزاً · الجلسة AFTER
02:32 KSA · AFTER   · scanner    · ساعة التأكيد مثبَّتة على شمعة 23:15Z (من cbar)
02:34 KSA · AFTER   · scanner    · بدء المسح · 1154 رمزاً · الجلسة AFTER
02:34 KSA · AFTER   · scanner    · ساعة التأكيد مثبَّتة على شمعة 23:15Z (من cbar)
02:36 KSA · AFTER   · scanner    · بدء المسح · 1154 رمزاً · الجلسة AFTER
02:36 KSA · AFTER   · scanner    · ساعة التأكيد مثبَّتة على شمعة 23:15Z (من cbar)
02:39 KSA · AFTER   · scanner    · بدء المسح · 1154 رمزاً · الجلسة AFTER
02:39 KSA · AFTER   · scanner    · ساعة التأكيد مثبَّتة على شمعة 23:15Z (من cbar)
02:40 KSA · AFTER   · scanner    · بدء المسح · 1154 رمزاً · الجلسة AFTER
02:40 KSA · AFTER   · scanner    · ساعة التأكيد مثبَّتة على شمعة 23:15Z (من cbar)
02:42 KSA · AFTER   · scanner    · بدء المسح · 1154 رمزاً · الجلسة AFTER
02:42 KSA · AFTER   · scanner    · ساعة التأكيد مثبَّتة على شمعة 23:15Z (من cbar)
02:44 KSA · AFTER   · scanner    · بدء المسح · 1154 رمزاً · الجلسة AFTER
02:44 KSA · AFTER   · scanner    · ساعة التأكيد مثبَّتة على شمعة 23:15Z (من cbar)
02:45 KSA · AFTER   · scanner    · بدء المسح · 1154 رمزاً · الجلسة AFTER
02:45 KSA · AFTER   · scanner    · ساعة التأكيد مثبَّتة على شمعة 23:30Z (من cbar)
02:45 KSA · AFTER   · signal     · TRX-USD · brk ▼ 64 · 15m
02:45 KSA · AFTER   · signal     · CAKE-USD · meanRev ▼ 57 · 15m
02:45 KSA · AFTER   · signal     · RAY-USD · volSpike ▼ 78 · 15m
02:45 KSA · AFTER   · signal     · SUI-USD · vwapRec ▲ 85 · 15m
02:45 KSA · AFTER   · signal     · TAO-USD · vwapRec ▼ 75 · 15m
02:45 KSA · AFTER   · signal     · ARB-USD · orb ▲ 93 · 15m
02:45 KSA · AFTER   · signal     · HOLO-USD · volSpike ▼ 61 · 15m
02:46 KSA · AFTER   · scanner    · بدء المسح · 1154 رمزاً · الجلسة AFTER
02:46 KSA · AFTER   · scanner    · ساعة التأكيد مثبَّتة على شمعة 23:30Z (من cbar)
02:48 KSA · AFTER   · scanner    · بدء المسح · 1154 رمزاً · الجلسة AFTER
02:48 KSA · AFTER   · scanner    · ساعة التأكيد مثبَّتة على شمعة 23:30Z (من cbar)
02:50 KSA · AFTER   · scanner    · بدء المسح · 1154 رمزاً · الجلسة AFTER
02:50 KSA · AFTER   · scanner    · ساعة التأكيد مثبَّتة على شمعة 23:30Z (من cbar)
02:52 KSA · AFTER   · scanner    · بدء المسح · 1154 رمزاً · الجلسة AFTER
02:52 KSA · AFTER   · scanner    · ساعة التأكيد مثبَّتة على شمعة 23:30Z (من cbar)
02:53 KSA · AFTER   · scanner    · بدء المسح · 1154 رمزاً · الجلسة AFTER
02:53 KSA · AFTER   · scanner    · ساعة التأكيد مثبَّتة على شمعة 23:30Z (من cbar)
02:54 KSA · AFTER   · scanner    · بدء المسح · 1154 رمزاً · الجلسة AFTER
02:54 KSA · AFTER   · scanner    · ساعة التأكيد مثبَّتة على شمعة 23:30Z (من cbar)
02:56 KSA · AFTER   · scanner    · بدء المسح · 1154 رمزاً · الجلسة AFTER
02:56 KSA · AFTER   · scanner    · ساعة التأكيد مثبَّتة على شمعة 23:30Z (من cbar)
02:58 KSA · AFTER   · scanner    · بدء المسح · 1154 رمزاً · الجلسة AFTER
02:58 KSA · AFTER   · scanner    · ساعة التأكيد مثبَّتة على شمعة 23:30Z (من cbar)
03:00 KSA · CLOSED  · scanner    · بدء المسح · 1154 رمزاً · الجلسة CLOSED
03:00 KSA · CLOSED  · scanner    · ساعة التأكيد مثبَّتة على شمعة 23:30Z (من cbar)
03:01 KSA · CLOSED  · scanner    · بدء المسح · 1154 رمزاً · الجلسة CLOSED
03:01 KSA · CLOSED  · scanner    · ساعة التأكيد مثبَّتة على شمعة 23:45Z (من cbar)
03:01 KSA · CLOSED  · signal     · BAC · tfAlign ▼ 92 · 1d
03:01 KSA · CLOSED  · signal     · KO · tfAlign ▲ 89 · 1d
03:01 KSA · CLOSED  · signal     · PG · tfAlign ▲ 76 · 1d
03:01 KSA · CLOSED  · signal     · WFC · tfAlign ▼ 82 · 1d
03:01 KSA · CLOSED  · signal     · AMGN · tfAlign ▲ 92 · 1d
03:01 KSA · CLOSED  · signal     · BLK · tfAlign ▼ 74 · 1d
03:01 KSA · CLOSED  · signal     · ZEC-USD · sqzExp ▲ 63 · 1h
03:01 KSA · CLOSED  · signal     · BCH-USD · tfAlign ▲ 92 · 1d
03:01 KSA · CLOSED  · signal     · AAVE-USD · sqzExp ▼ 55 · 1h
03:01 KSA · CLOSED  · signal     · DOT-USD · sqzExp ▼ 65 · 1h
03:01 KSA · CLOSED  · signal     · WLD-USD · sqzExp ▲ 85 · 1h
03:01 KSA · CLOSED  · signal     · FIL-USD · sqzExp ▲ 100 · 1h
03:01 KSA · CLOSED  · signal     · FIL-USD · rsiDiv ▼ 89 · 1d
03:01 KSA · CLOSED  · signal     · IOTA-USD · sqzExp ▲ 65 · 1h
03:01 KSA · CLOSED  · signal     · TRUMP-USD · sqzExp ▼ 63 · 1h
03:01 KSA · CLOSED  · signal     · ARB-USD · sqzExp ▼ 60 · 1h
03:01 KSA · CLOSED  · signal     · HOLO-USD · sqzExp ▼ 55 · 1h
03:01 KSA · CLOSED  · signal     · APT-USD · tfAlign ▲ 92 · 1d
03:01 KSA · CLOSED  · signal     · ABNB · brk ▼ 63 · 1d
03:01 KSA · CLOSED  · signal     · ABNB · sqzExp ▼ 75 · 1d
03:01 KSA · CLOSED  · signal     · GD · brk ▼ 58 · 1d
03:01 KSA · CLOSED  · signal     · RSG · brk ▼ 84 · 1d
03:01 KSA · CLOSED  · signal     · PCAR · sqzExp ▼ 56 · 1d
03:01 KSA · CLOSED  · signal     · CRH · rsiDiv ▲ 83 · 1d
03:01 KSA · CLOSED  · signal     · OKE · sqzExp ▼ 66 · 1d
03:01 KSA · CLOSED  · signal     · A · brk ▲ 84 · 1d
03:01 KSA · CLOSED  · signal     · AMP · brk ▼ 76 · 1d
03:01 KSA · CLOSED  · signal     · AMP · sqzExp ▼ 100 · 1d
03:01 KSA · CLOSED  · signal     · RJF · brk ▼ 79 · 1d
03:01 KSA · CLOSED  · signal     · MTD · brk ▲ 79 · 1d
03:01 KSA · CLOSED  · signal     · WTW · sqzExp ▼ 59 · 1d
03:01 KSA · CLOSED  · signal     · CFG · meanRev ▲ 65 · 1d
03:01 KSA · CLOSED  · signal     · AWK · brk ▼ 68 · 1d
03:01 KSA · CLOSED  · signal     · WST · meanRev ▼ 57 · 1d
03:01 KSA · CLOSED  · signal     · CPAY · sqzExp ▼ 84 · 1d
03:01 KSA · CLOSED  · signal     · CINF · brk ▼ 84 · 1d
03:01 KSA · CLOSED  · signal     · CINF · sqzExp ▼ 84 · 1d
03:01 KSA · CLOSED  · signal     · RF · sqzExp ▼ 63 · 1d
03:01 KSA · CLOSED  · signal     · L · meanRev ▲ 85 · 1d
03:01 KSA · CLOSED  · signal     · CASY · brk ▼ 71 · 1d
03:01 KSA · CLOSED  · signal     · BRO · sqzExp ▼ 100 · 1d
03:01 KSA · CLOSED  · signal     · LUV · sqzExp ▲ 88 · 1d
03:01 KSA · CLOSED  · signal     · CF · sqzExp ▼ 94 · 1d
03:01 KSA · CLOSED  · signal     · GEN · meanRev ▲ 85 · 1d
03:01 KSA · CLOSED  · signal     · GEN · sqzExp ▼ 78 · 1d
03:01 KSA · CLOSED  · signal     · LDOS · brk ▼ 58 · 1d
03:01 KSA · CLOSED  · signal     · LDOS · sqzExp ▼ 91 · 1d
03:01 KSA · CLOSED  · signal     · AIZ · meanRev ▲ 85 · 1d
03:01 KSA · CLOSED  · signal     · AIZ · sqzExp ▼ 59 · 1d
03:01 KSA · CLOSED  · signal     · ERIE · brk ▼ 76 · 1d
03:01 KSA · CLOSED  · signal     · ERIE · meanRev ▲ 70 · 1d
03:01 KSA · CLOSED  · signal     · ERIE · sqzExp ▼ 84 · 1d
03:01 KSA · CLOSED  · signal     · UHS · rsiDiv ▼ 67 · 1d
03:01 KSA · CLOSED  · signal     · JKHY · brk ▼ 71 · 1d
03:01 KSA · CLOSED  · signal     · WBETH-USD · volSpike ▲ 83 · 1d
03:01 KSA · CLOSED  · signal     · WBTC-USD · volSpike ▲ 83 · 1d
03:01 KSA · CLOSED  · signal     · SHIB-USD · volSpike ▲ 89 · 1d
03:01 KSA · CLOSED  · signal     · ETC-USD · brk ▲ 100 · 1d
03:01 KSA · CLOSED  · signal     · ETC-USD · sqzExp ▲ 69 · 1d
03:01 KSA · CLOSED  · signal     · BNSOL-USD · volSpike ▲ 100 · 1d
03:01 KSA · CLOSED  · signal     · QNT-USD · brk ▲ 100 · 1d
03:01 KSA · CLOSED  · signal     · QNT-USD · sqzExp ▲ 69 · 1d
03:01 KSA · CLOSED  · signal     · KITE-USD · meanRev ▼ 85 · 1d
03:01 KSA · CLOSED  · signal     · BONK-USD · volSpike ▲ 83 · 1d
03:01 KSA · CLOSED  · signal     · FLOKI-USD · volSpike ▲ 89 · 1d
03:01 KSA · CLOSED  · signal     · JTO-USD · brk ▲ 66 · 1d
03:01 KSA · CLOSED  · signal     · WIF-USD · volSpike ▲ 94 · 1d
03:01 KSA · CLOSED  · signal     · FRAX-USD · sqzExp ▲ 88 · 1d
03:01 KSA · CLOSED  · signal     · MINA-USD · sqzExp ▲ 69 · 1d
03:01 KSA · CLOSED  · signal     · NEO-USD · sqzExp ▲ 84 · 1d
03:01 KSA · CLOSED  · signal     · BAT-USD · brk ▲ 89 · 1d
03:01 KSA · CLOSED  · signal     · BAT-USD · sqzExp ▲ 78 · 1d
03:01 KSA · CLOSED  · signal     · SAND-USD · brk ▲ 84 · 1d
03:01 KSA · CLOSED  · signal     · GENIUS-USD · volSpike ▲ 56 · 1d
03:01 KSA · CLOSED  · signal     · ZRX-USD · brk ▲ 63 · 1d
03:01 KSA · CLOSED  · signal     · KAITO-USD · brk ▲ 100 · 1d
03:01 KSA · CLOSED  · signal     · KAITO-USD · sqzExp ▲ 94 · 1d
03:01 KSA · CLOSED  · signal     · YFI-USD · sqzExp ▲ 72 · 1d
03:01 KSA · CLOSED  · signal     · FTT-USD · volSpike ▼ 94 · 1d
03:01 KSA · CLOSED  · signal     · MUBARAK-USD · volSpike ▲ 67 · 1d
03:01 KSA · CLOSED  · signal     · BERA-USD · volSpike ▲ 67 · 1d
03:01 KSA · CLOSED  · signal     · NMR-USD · sqzExp ▲ 88 · 1d
03:01 KSA · CLOSED  · signal     · NMR-USD · volSpike ▲ 78 · 1d
03:01 KSA · CLOSED  · signal     · GPS-USD · volSpike ▲ 89 · 1d
03:01 KSA · CLOSED  · signal     · ROSE-USD · rsiDiv ▼ 67 · 1d
03:01 KSA · CLOSED  · signal     · TRB-USD · brk ▲ 100 · 1d
03:01 KSA · CLOSED  · signal     · TRB-USD · sqzExp ▲ 84 · 1d
03:01 KSA · CLOSED  · signal     · TRB-USD · volSpike ▲ 78 · 1d
03:01 KSA · CLOSED  · signal     · FLOW-USD · volSpike ▲ 72 · 1d
03:01 KSA · CLOSED  · signal     · REQ-USD · meanRev ▼ 68 · 1d
03:01 KSA · CLOSED  · signal     · DUSK-USD · volSpike ▲ 89 · 1d
03:01 KSA · CLOSED  · signal     · LISTA-USD · brk ▲ 68 · 1d
03:01 KSA · CLOSED  · signal     · UMA-USD · brk ▲ 100 · 1d
03:01 KSA · CLOSED  · signal     · IOTX-USD · volSpike ▲ 78 · 1d
03:01 KSA · CLOSED  · signal     · BNT-USD · brk ▲ 87 · 1d
03:01 KSA · CLOSED  · signal     · AUCTION-USD · sqzExp ▲ 63 · 1d
03:01 KSA · CLOSED  · signal     · YGG-USD · brk ▲ 89 · 1d
03:01 KSA · CLOSED  · signal     · YGG-USD · meanRev ▼ 60 · 1d
03:01 KSA · CLOSED  · signal     · YGG-USD · sqzExp ▲ 84 · 1d
03:01 KSA · CLOSED  · signal     · SLP-USD · sqzExp ▲ 100 · 1d
03:01 KSA · CLOSED  · signal     · CETUS-USD · volSpike ▼ 78 · 1d
03:01 KSA · CLOSED  · signal     · GOOGLB-USD · volSpike ▲ 78 · 1d
03:01 KSA · CLOSED  · signal     · AEVO-USD · sqzExp ▲ 72 · 1d
03:01 KSA · CLOSED  · signal     · AIXBT-USD · sqzExp ▲ 84 · 1d
03:01 KSA · CLOSED  · signal     · BREV-USD · meanRev ▼ 60 · 1d
03:01 KSA · CLOSED  · signal     · CHR-USD · volSpike ▲ 78 · 1d
03:01 KSA · CLOSED  · signal     · CGPT-USD · sqzExp ▲ 69 · 1d
03:01 KSA · CLOSED  · signal     · DRAMB-USD · brk ▲ 82 · 1d
03:01 KSA · CLOSED  · signal     · TSLAB-USD · sqzExp ▲ 88 · 1d
03:01 KSA · CLOSED  · signal     · AUDIO-USD · sqzExp ▲ 84 · 1d
03:01 KSA · CLOSED  · signal     · INIT-USD · sqzExp ▲ 69 · 1d
03:01 KSA · CLOSED  · signal     · C98-USD · volSpike ▲ 83 · 1d
03:01 KSA · CLOSED  · signal     · INTCB-USD · volSpike ▲ 83 · 1d
03:01 KSA · CLOSED  · signal     · ALICE-USD · brk ▲ 89 · 1d
03:01 KSA · CLOSED  · signal     · ALICE-USD · sqzExp ▲ 84 · 1d
03:01 KSA · CLOSED  · signal     · MAV-USD · brk ▲ 66 · 1d
03:01 KSA · CLOSED  · signal     · MAV-USD · sqzExp ▲ 84 · 1d
03:01 KSA · CLOSED  · signal     · SXT-USD · brk ▲ 92 · 1d
03:01 KSA · CLOSED  · signal     · SXT-USD · meanRev ▼ 80 · 1d
03:01 KSA · CLOSED  · signal     · SXT-USD · sqzExp ▲ 88 · 1d
03:01 KSA · CLOSED  · signal     · DOLO-USD · brk ▲ 92 · 1d
03:01 KSA · CLOSED  · signal     · DOLO-USD · sqzExp ▲ 84 · 1d
03:01 KSA · CLOSED  · signal     · HMSTR-USD · sqzExp ▲ 100 · 1d
03:01 KSA · CLOSED  · signal     · BEL-USD · brk ▲ 89 · 1d
03:01 KSA · CLOSED  · signal     · BEL-USD · sqzExp ▲ 100 · 1d
03:01 KSA · CLOSED  · signal     · TKO-USD · brk ▲ 79 · 1d
03:01 KSA · CLOSED  · signal     · TKO-USD · meanRev ▼ 70 · 1d
03:01 KSA · CLOSED  · signal     · TKO-USD · volSpike ▼ 78 · 1d
03:01 KSA · CLOSED  · signal     · XAI-USD · meanRev ▼ 60 · 1d
03:01 KSA · CLOSED  · signal     · SANTOS-USD · sqzExp ▲ 88 · 1d
03:01 KSA · CLOSED  · signal     · EWYB-USD · volSpike ▲ 100 · 1d
03:01 KSA · CLOSED  · signal     · AMDB-USD · volSpike ▲ 83 · 1d
03:01 KSA · CLOSED  · signal     · GMEB-USD · volSpike ▲ 67 · 1d
03:01 KSA · CLOSED  · signal     · AAPLB-USD · sqzExp ▲ 69 · 1d
03:01 KSA · CLOSED  · signal     · LAZIO-USD · sqzExp ▲ 75 · 1d
03:01 KSA · CLOSED  · signal     · ASMLB-USD · sqzExp ▲ 81 · 1d
03:01 KSA · CLOSED  · signal     · QCOMB-USD · volSpike ▲ 78 · 1d
03:01 KSA · CLOSED  · signal     · RKLBB-USD · volSpike ▲ 100 · 1d
03:01 KSA · CLOSED  · signal     · ARMB-USD · volSpike ▲ 72 · 1d
03:01 KSA · CLOSED  · signal     · MUUB-USD · brk ▲ 82 · 1d
03:01 KSA · CLOSED  · signal     · MUUB-USD · meanRev ▼ 70 · 1d
03:01 KSA · CLOSED  · signal     · AMZNB-USD · volSpike ▲ 67 · 1d
03:01 KSA · CLOSED  · signal     · SOXSB-USD · volSpike ▼ 89 · 1d
03:01 KSA · CLOSED  · signal     · LUNA-USD · volSpike ▲ 72 · 1d
03:01 KSA · CLOSED  · signal     · TQQQB-USD · volSpike ▲ 83 · 1d
03:01 KSA · CLOSED  · signal     · GLWB-USD · volSpike ▲ 89 · 1d
03:01 KSA · CLOSED  · signal     · CRWVB-USD · volSpike ▲ 100 · 1d
03:01 KSA · CLOSED  · signal     · NFLXB-USD · volSpike ▲ 56 · 1d
03:01 KSA · CLOSED  · signal     · WCT-USD · brk ▲ 100 · 1d
03:01 KSA · CLOSED  · signal     · WCT-USD · sqzExp ▲ 78 · 1d
03:01 KSA · CLOSED  · signal     · WCT-USD · volSpike ▲ 67 · 1d
03:01 KSA · CLOSED  · signal     · ALABB-USD · volSpike ▲ 72 · 1d
03:01 KSA · CLOSED  · signal     · USARB-USD · volSpike ▲ 89 · 1d
03:01 KSA · CLOSED  · signal     · INTWB-USD · volSpike ▲ 72 · 1d
03:01 KSA · CLOSED  · signal     · MASK-USD · volSpike ▼ 78 · 1d
03:01 KSA · CLOSED  · signal     · LAYER-USD · sqzExp ▲ 78 · 1d
03:01 KSA · CLOSED  · signal     · SIGN-USD · meanRev ▼ 75 · 1d
03:01 KSA · CLOSED  · signal     · ZRO-USD · brk ▲ 79 · 1d
03:01 KSA · CLOSED  · signal     · ZRO-USD · sqzExp ▲ 100 · 1d
03:01 KSA · CLOSED  · signal     · RED-USD · meanRev ▼ 60 · 1d
03:01 KSA · CLOSED  · signal     · MET-USD · brk ▲ 74 · 1d
03:01 KSA · CLOSED  · signal     · MET-USD · sqzExp ▲ 66 · 1d
03:01 KSA · CLOSED  · signal     · BB-USD · volSpike ▲ 72 · 1d
03:01 KSA · CLOSED  · signal     · GIGGLE-USD · sqzExp ▲ 75 · 1d
03:01 KSA · CLOSED  · signal     · VANA-USD · brk ▲ 55 · 1d
03:01 KSA · CLOSED  · signal     · HYPER-USD · meanRev ▼ 60 · 1d
03:01 KSA · CLOSED  · signal     · BIO-USD · brk ▲ 82 · 1d
03:01 KSA · CLOSED  · signal     · BROCCOLI714-USD · brk ▲ 87 · 1d
03:01 KSA · CLOSED  · signal     · BROCCOLI714-USD · meanRev ▼ 60 · 1d
03:01 KSA · CLOSED  · signal     · BROCCOLI714-USD · sqzExp ▲ 69 · 1d
03:01 KSA · CLOSED  · signal     · APE-USD · brk ▲ 95 · 1d
03:01 KSA · CLOSED  · signal     · APE-USD · sqzExp ▲ 94 · 1d
03:01 KSA · CLOSED  · signal     · CYBER-USD · meanRev ▼ 85 · 1d
03:01 KSA · CLOSED  · signal     · CYBER-USD · sqzExp ▲ 72 · 1d
03:01 KSA · CLOSED  · signal     · S-USD · sqzExp ▲ 84 · 1d
03:01 KSA · CLOSED  · signal     · 1000CHEEMS-USD · meanRev ▼ 63 · 1d
03:01 KSA · CLOSED  · signal     · NIL-USD · sqzExp ▲ 69 · 1d
03:01 KSA · CLOSED  · signal     · OPN-USD · volSpike ▲ 67 · 1d
03:01 KSA · CLOSED  · signal     · ZBT-USD · brk ▲ 84 · 1d
03:01 KSA · CLOSED  · signal     · ZBT-USD · meanRev ▼ 85 · 1d
03:01 KSA · CLOSED  · signal     · ZBT-USD · sqzExp ▲ 78 · 1d
03:01 KSA · CLOSED  · signal     · RARE-USD · brk ▲ 95 · 1d
03:01 KSA · CLOSED  · signal     · AT-USD · brk ▲ 92 · 1d
03:01 KSA · CLOSED  · signal     · AT-USD · meanRev ▼ 65 · 1d
03:01 KSA · CLOSED  · signal     · MAGIC-USD · sqzExp ▲ 78 · 1d
03:01 KSA · CLOSED  · signal     · AXL-USD · volSpike ▲ 83 · 1d
03:01 KSA · CLOSED  · signal     · HOT-USD · sqzExp ▲ 100 · 1d
03:01 KSA · CLOSED  · signal     · HOT-USD · volSpike ▲ 83 · 1d
03:01 KSA · CLOSED  · signal     · BTTC-USD · meanRev ▼ 60 · 1d
03:01 KSA · CLOSED  · signal     · ACT-USD · sqzExp ▲ 94 · 1d
03:01 KSA · CLOSED  · signal     · SHELL-USD · volSpike ▲ 72 · 1d
03:01 KSA · CLOSED  · signal     · COOKIE-USD · volSpike ▲ 83 · 1d
03:01 KSA · CLOSED  · signal     · BARD-USD · sqzExp ▲ 84 · 1d
03:01 KSA · CLOSED  · signal     · TURTLE-USD · brk ▲ 71 · 1d
03:01 KSA · CLOSED  · signal     · TURTLE-USD · sqzExp ▲ 66 · 1d
03:01 KSA · CLOSED  · signal     · GTC-USD · brk ▲ 82 · 1d
03:02 KSA · CLOSED  · scanner    · بدء المسح · 1154 رمزاً · الجلسة CLOSED
03:02 KSA · CLOSED  · scanner    · ساعة التأكيد مثبَّتة على شمعة 23:45Z (من cbar)
03:04 KSA · CLOSED  · scanner    · بدء المسح · 1154 رمزاً · الجلسة CLOSED
03:04 KSA · CLOSED  · scanner    · ساعة التأكيد مثبَّتة على شمعة 23:45Z (من cbar)
03:08 KSA · CLOSED  · scanner    · بدء المسح · 1154 رمزاً · الجلسة CLOSED
03:08 KSA · CLOSED  · scanner    · ساعة التأكيد مثبَّتة على شمعة 23:45Z (من cbar)
03:10 KSA · CLOSED  · scanner    · بدء المسح · 1154 رمزاً · الجلسة CLOSED
03:10 KSA · CLOSED  · scanner    · ساعة التأكيد مثبَّتة على شمعة 23:45Z (من cbar)
03:12 KSA · CLOSED  · scanner    · بدء المسح · 1154 رمزاً · الجلسة CLOSED
03:12 KSA · CLOSED  · scanner    · ساعة التأكيد مثبَّتة على شمعة 23:45Z (من cbar)
03:14 KSA · CLOSED  · scanner    · بدء المسح · 1154 رمزاً · الجلسة CLOSED
03:14 KSA · CLOSED  · scanner    · ساعة التأكيد مثبَّتة على شمعة 23:45Z (من cbar)
03:15 KSA · CLOSED  · scanner    · بدء المسح · 1154 رمزاً · الجلسة CLOSED
03:15 KSA · CLOSED  · scanner    · ساعة التأكيد مثبَّتة على شمعة 00:00Z (من cbar)
03:15 KSA · CLOSED  · signal     · AAVE-USD · meanRev ▼ 73 · 15m
03:15 KSA · CLOSED  · signal     · UNI-USD · brk ▲ 93 · 15m
03:15 KSA · CLOSED  · signal     · THE-USD · brk ▲ 82 · 15m
03:15 KSA · CLOSED  · signal     · THE-USD · meanRev ▼ 78 · 15m
03:16 KSA · CLOSED  · scanner    · بدء المسح · 1154 رمزاً · الجلسة CLOSED
03:16 KSA · CLOSED  · scanner    · ساعة التأكيد مثبَّتة على شمعة 00:00Z (من cbar)
03:18 KSA · CLOSED  · scanner    · بدء المسح · 1154 رمزاً · الجلسة CLOSED
03:18 KSA · CLOSED  · scanner    · ساعة التأكيد مثبَّتة على شمعة 00:00Z (من cbar)
03:20 KSA · CLOSED  · scanner    · بدء المسح · 1154 رمزاً · الجلسة CLOSED
03:20 KSA · CLOSED  · scanner    · ساعة التأكيد مثبَّتة على شمعة 00:00Z (من cbar)
03:23 KSA · CLOSED  · scanner    · بدء المسح · 1154 رمزاً · الجلسة CLOSED
03:23 KSA · CLOSED  · scanner    · ساعة التأكيد مثبَّتة على شمعة 00:00Z (من cbar)
03:24 KSA · CLOSED  · scanner    · بدء المسح · 1154 رمزاً · الجلسة CLOSED
03:24 KSA · CLOSED  · scanner    · ساعة التأكيد مثبَّتة على شمعة 00:00Z (من cbar)
03:26 KSA · CLOSED  · scanner    · بدء المسح · 1154 رمزاً · الجلسة CLOSED
03:26 KSA · CLOSED  · scanner    · ساعة التأكيد مثبَّتة على شمعة 00:00Z (من cbar)
03:28 KSA · CLOSED  · scanner    · بدء المسح · 1154 رمزاً · الجلسة CLOSED
03:28 KSA · CLOSED  · scanner    · ساعة التأكيد مثبَّتة على شمعة 00:00Z (من cbar)
03:30 KSA · CLOSED  · scanner    · بدء المسح · 1154 رمزاً · الجلسة CLOSED
03:30 KSA · CLOSED  · scanner    · ساعة التأكيد مثبَّتة على شمعة 00:00Z (من cbar)
03:31 KSA · CLOSED  · scanner    · بدء المسح · 1154 رمزاً · الجلسة CLOSED
03:31 KSA · CLOSED  · scanner    · ساعة التأكيد مثبَّتة على شمعة 00:15Z (من cbar)
03:31 KSA · CLOSED  · signal     · TRX-USD · vwapRec ▼ 83 · 15m
03:31 KSA · CLOSED  · signal     · TRX-USD · volSpike ▲ 89 · 15m
03:31 KSA · CLOSED  · signal     · ETHFI-USD · vwapRec ▲ 85 · 15m
03:31 KSA · CLOSED  · signal     · FET-USD · rsiDiv ▼ 72 · 15m
03:31 KSA · CLOSED  · signal     · ARK-USD · vwapRec ▲ 85 · 15m
03:31 KSA · CLOSED  · signal     · SNXXB-USD · vwapRec ▲ 70 · 15m
03:31 KSA · CLOSED  · signal     · UNI-USD · vwapRec ▲ 80 · 15m
03:31 KSA · CLOSED  · signal     · SUI-USD · vwapRec ▲ 78 · 15m
03:31 KSA · CLOSED  · signal     · THE-USD · vwapRec ▲ 73 · 15m
03:31 KSA · CLOSED  · signal     · THE-USD · volSpike ▲ 72 · 15m
03:31 KSA · CLOSED  · signal     · HOLO-USD · vwapRec ▲ 85 · 15m
03:31 KSA · CLOSED  · signal     · PENGU-USD · vwapRec ▲ 70 · 15m
03:31 KSA · CLOSED  · signal     · ASTER-USD · vwapRec ▲ 85 · 15m
03:32 KSA · CLOSED  · scanner    · بدء المسح · 1154 رمزاً · الجلسة CLOSED
03:32 KSA · CLOSED  · scanner    · ساعة التأكيد مثبَّتة على شمعة 00:15Z (من cbar)
03:34 KSA · CLOSED  · scanner    · بدء المسح · 1154 رمزاً · الجلسة CLOSED
03:34 KSA · CLOSED  · scanner    · ساعة التأكيد مثبَّتة على شمعة 00:15Z (من cbar)
03:38 KSA · CLOSED  · scanner    · بدء المسح · 1154 رمزاً · الجلسة CLOSED
03:38 KSA · CLOSED  · scanner    · ساعة التأكيد مثبَّتة على شمعة 00:15Z (من cbar)
03:40 KSA · CLOSED  · scanner    · بدء المسح · 1154 رمزاً · الجلسة CLOSED
03:40 KSA · CLOSED  · scanner    · ساعة التأكيد مثبَّتة على شمعة 00:15Z (من cbar)
03:42 KSA · CLOSED  · scanner    · بدء المسح · 1154 رمزاً · الجلسة CLOSED
03:42 KSA · CLOSED  · scanner    · ساعة التأكيد مثبَّتة على شمعة 00:15Z (من cbar)
03:44 KSA · CLOSED  · scanner    · بدء المسح · 1154 رمزاً · الجلسة CLOSED
03:44 KSA · CLOSED  · scanner    · ساعة التأكيد مثبَّتة على شمعة 00:15Z (من cbar)
03:45 KSA · CLOSED  · scanner    · بدء المسح · 1154 رمزاً · الجلسة CLOSED
03:45 KSA · CLOSED  · scanner    · ساعة التأكيد مثبَّتة على شمعة 00:30Z (من cbar)
03:45 KSA · CLOSED  · signal     · VTHO-USD · orb ▼ 73 · 15m
03:45 KSA · CLOSED  · signal     · BNCB-USD · orb ▼ 83 · 15m
03:45 KSA · CLOSED  · signal     · SNDKB-USD · vwapRec ▲ 78 · 15m
03:45 KSA · CLOSED  · signal     · TAO-USD · orb ▼ 65 · 15m
03:45 KSA · CLOSED  · signal     · BANK-USD · vwapRec ▼ 65 · 15m
03:46 KSA · CLOSED  · scanner    · بدء المسح · 1154 رمزاً · الجلسة CLOSED
03:46 KSA · CLOSED  · scanner    · ساعة التأكيد مثبَّتة على شمعة 00:30Z (من cbar)
03:48 KSA · CLOSED  · scanner    · بدء المسح · 1154 رمزاً · الجلسة CLOSED
03:48 KSA · CLOSED  · scanner    · ساعة التأكيد مثبَّتة على شمعة 00:30Z (من cbar)
03:50 KSA · CLOSED  · scanner    · بدء المسح · 1154 رمزاً · الجلسة CLOSED
03:50 KSA · CLOSED  · scanner    · ساعة التأكيد مثبَّتة على شمعة 00:30Z (من cbar)
03:52 KSA · CLOSED  · scanner    · بدء المسح · 1154 رمزاً · الجلسة CLOSED
03:52 KSA · CLOSED  · scanner    · ساعة التأكيد مثبَّتة على شمعة 00:30Z (من cbar)
03:53 KSA · CLOSED  · scanner    · بدء المسح · 1154 رمزاً · الجلسة CLOSED
03:53 KSA · CLOSED  · scanner    · ساعة التأكيد مثبَّتة على شمعة 00:30Z (من cbar)
03:54 KSA · CLOSED  · scanner    · بدء المسح · 1154 رمزاً · الجلسة CLOSED
03:54 KSA · CLOSED  · scanner    · ساعة التأكيد مثبَّتة على شمعة 00:30Z (من cbar)
03:56 KSA · CLOSED  · scanner    · بدء المسح · 1154 رمزاً · الجلسة CLOSED
03:56 KSA · CLOSED  · scanner    · ساعة التأكيد مثبَّتة على شمعة 00:30Z (من cbar)
03:58 KSA · CLOSED  · scanner    · بدء المسح · 1154 رمزاً · الجلسة CLOSED
03:58 KSA · CLOSED  · scanner    · ساعة التأكيد مثبَّتة على شمعة 00:30Z (من cbar)
04:00 KSA · CLOSED  · scanner    · بدء المسح · 1154 رمزاً · الجلسة CLOSED
04:00 KSA · CLOSED  · scanner    · ساعة التأكيد مثبَّتة على شمعة 00:30Z (من cbar)
04:01 KSA · CLOSED  · scanner    · بدء المسح · 1154 رمزاً · الجلسة CLOSED
04:01 KSA · CLOSED  · scanner    · ساعة التأكيد مثبَّتة على شمعة 00:45Z (من cbar)
04:01 KSA · CLOSED  · signal     · PENDLE-USD · sqzExp ▼ 60 · 1h
04:01 KSA · CLOSED  · signal     · CRCLB-USD · volSpike ▼ 78 · 15m
04:01 KSA · CLOSED  · signal     · T-USD · sqzExp ▲ 73 · 1h
04:01 KSA · CLOSED  · signal     · BNCB-USD · volSpike ▼ 88 · 15m
04:01 KSA · CLOSED  · signal     · MTL-USD · orb ▼ 80 · 15m
04:01 KSA · CLOSED  · signal     · UNI-USD · vwapRec ▲ 60 · 15m
04:01 KSA · CLOSED  · signal     · SUI-USD · vwapRec ▼ 60 · 15m
04:01 KSA · CLOSED  · signal     · HOLO-USD · vwapRec ▼ 68 · 15m
04:01 KSA · CLOSED  · signal     · PENGU-USD · tfAlign ▲ 89 · 1d
04:01 KSA · CLOSED  · signal     · ASTER-USD · volSpike ▼ 67 · 15m
04:02 KSA · CLOSED  · scanner    · بدء المسح · 1154 رمزاً · الجلسة CLOSED
04:02 KSA · CLOSED  · scanner    · ساعة التأكيد مثبَّتة على شمعة 00:45Z (من cbar)
04:04 KSA · CLOSED  · scanner    · بدء المسح · 1154 رمزاً · الجلسة CLOSED
04:04 KSA · CLOSED  · scanner    · ساعة التأكيد مثبَّتة على شمعة 00:45Z (من cbar)
04:08 KSA · CLOSED  · scanner    · بدء المسح · 1154 رمزاً · الجلسة CLOSED
04:08 KSA · CLOSED  · scanner    · ساعة التأكيد مثبَّتة على شمعة 00:45Z (من cbar)
04:10 KSA · CLOSED  · scanner    · بدء المسح · 1154 رمزاً · الجلسة CLOSED
04:10 KSA · CLOSED  · scanner    · ساعة التأكيد مثبَّتة على شمعة 00:45Z (من cbar)
04:12 KSA · CLOSED  · scanner    · بدء المسح · 1154 رمزاً · الجلسة CLOSED
04:12 KSA · CLOSED  · scanner    · ساعة التأكيد مثبَّتة على شمعة 00:45Z (من cbar)
04:14 KSA · CLOSED  · scanner    · بدء المسح · 1154 رمزاً · الجلسة CLOSED
04:14 KSA · CLOSED  · scanner    · ساعة التأكيد مثبَّتة على شمعة 00:45Z (من cbar)
04:15 KSA · CLOSED  · scanner    · بدء المسح · 1154 رمزاً · الجلسة CLOSED
04:15 KSA · CLOSED  · scanner    · ساعة التأكيد مثبَّتة على شمعة 01:00Z (من cbar)
04:15 KSA · CLOSED  · signal     · WLD-USD · rsiDiv ▼ 72 · 15m
04:15 KSA · CLOSED  · signal     · ICP-USD · rsiDiv ▼ 56 · 15m
04:15 KSA · CLOSED  · signal     · UNI-USD · orb ▲ 100 · 15m
04:15 KSA · CLOSED  · signal     · UNI-USD · brk ▲ 86 · 15m
04:15 KSA · CLOSED  · signal     · PENGU-USD · vwapRec ▲ 55 · 15m
04:15 KSA · CLOSED  · signal     · ASTER-USD · vwapRec ▲ 70 · 15m
04:15 KSA · CLOSED  · signal     · ASTER-USD · meanRev ▼ 78 · 15m
04:16 KSA · CLOSED  · scanner    · بدء المسح · 1154 رمزاً · الجلسة CLOSED
04:16 KSA · CLOSED  · scanner    · ساعة التأكيد مثبَّتة على شمعة 01:00Z (من cbar)
04:18 KSA · CLOSED  · scanner    · بدء المسح · 1154 رمزاً · الجلسة CLOSED
04:18 KSA · CLOSED  · scanner    · ساعة التأكيد مثبَّتة على شمعة 01:00Z (من cbar)
04:20 KSA · CLOSED  · scanner    · بدء المسح · 1154 رمزاً · الجلسة CLOSED
04:20 KSA · CLOSED  · scanner    · ساعة التأكيد مثبَّتة على شمعة 01:00Z (من cbar)
04:23 KSA · CLOSED  · scanner    · بدء المسح · 1154 رمزاً · الجلسة CLOSED
04:23 KSA · CLOSED  · scanner    · ساعة التأكيد مثبَّتة على شمعة 01:00Z (من cbar)
04:23 KSA · CLOSED  · signal     · UNI-USD · sqzExp ▲ 65 · 1h
04:25 KSA · CLOSED  · scanner    · بدء المسح · 1154 رمزاً · الجلسة CLOSED
04:25 KSA · CLOSED  · scanner    · ساعة التأكيد مثبَّتة على شمعة 01:00Z (من cbar)
04:28 KSA · CLOSED  · scanner    · بدء المسح · 1154 رمزاً · الجلسة CLOSED
04:28 KSA · CLOSED  · scanner    · ساعة التأكيد مثبَّتة على شمعة 01:00Z (من cbar)
04:30 KSA · CLOSED  · scanner    · بدء المسح · 1154 رمزاً · الجلسة CLOSED
04:30 KSA · CLOSED  · scanner    · ساعة التأكيد مثبَّتة على شمعة 01:00Z (من cbar)
04:31 KSA · CLOSED  · scanner    · بدء المسح · 1154 رمزاً · الجلسة CLOSED
04:31 KSA · CLOSED  · scanner    · ساعة التأكيد مثبَّتة على شمعة 01:15Z (من cbar)
04:31 KSA · CLOSED  · signal     · WLD-USD · orb ▼ 65 · 15m
04:31 KSA · CLOSED  · signal     · EUR-USD · brk ▼ 66 · 15m
04:31 KSA · CLOSED  · signal     · EUR-USD · meanRev ▲ 78 · 15m
04:31 KSA · CLOSED  · signal     · BANK-USD · vwapRec ▼ 73 · 15m
04:32 KSA · CLOSED  · scanner    · بدء المسح · 1154 رمزاً · الجلسة CLOSED
04:32 KSA · CLOSED  · scanner    · ساعة التأكيد مثبَّتة على شمعة 01:15Z (من cbar)
04:34 KSA · CLOSED  · scanner    · بدء المسح · 1154 رمزاً · الجلسة CLOSED
04:34 KSA · CLOSED  · scanner    · ساعة التأكيد مثبَّتة على شمعة 01:15Z (من cbar)
04:38 KSA · CLOSED  · scanner    · بدء المسح · 1154 رمزاً · الجلسة CLOSED
04:38 KSA · CLOSED  · scanner    · ساعة التأكيد مثبَّتة على شمعة 01:15Z (من cbar)
04:40 KSA · CLOSED  · scanner    · بدء المسح · 1154 رمزاً · الجلسة CLOSED
04:40 KSA · CLOSED  · scanner    · ساعة التأكيد مثبَّتة على شمعة 01:15Z (من cbar)
04:42 KSA · CLOSED  · scanner    · بدء المسح · 1154 رمزاً · الجلسة CLOSED
04:42 KSA · CLOSED  · scanner    · ساعة التأكيد مثبَّتة على شمعة 01:15Z (من cbar)
04:44 KSA · CLOSED  · scanner    · بدء المسح · 1154 رمزاً · الجلسة CLOSED
04:44 KSA · CLOSED  · scanner    · ساعة التأكيد مثبَّتة على شمعة 01:15Z (من cbar)
04:45 KSA · CLOSED  · scanner    · بدء المسح · 1154 رمزاً · الجلسة CLOSED
04:45 KSA · CLOSED  · scanner    · ساعة التأكيد مثبَّتة على شمعة 01:30Z (من cbar)
04:45 KSA · CLOSED  · signal     · TRX-USD · brk ▲ 93 · 15m
04:45 KSA · CLOSED  · signal     · TRX-USD · meanRev ▼ 73 · 15m
04:45 KSA · CLOSED  · signal     · XAUT-USD · brk ▼ 77 · 15m
04:45 KSA · CLOSED  · signal     · PAXG-USD · brk ▼ 59 · 15m
04:45 KSA · CLOSED  · signal     · VTHO-USD · orb ▲ 85 · 15m
04:45 KSA · CLOSED  · signal     · MTL-USD · rsiDiv ▼ 83 · 15m
04:45 KSA · CLOSED  · signal     · TAO-USD · orb ▼ 80 · 15m
04:45 KSA · CLOSED  · signal     · TAO-USD · vwapRec ▼ 60 · 15m
04:45 KSA · CLOSED  · signal     · THE-USD · orb ▼ 85 · 15m
04:45 KSA · CLOSED  · signal     · PUMP-USD · brk ▼ 68 · 15m
04:51 KSA · CLOSED  · scanner    · بدء المسح · 1154 رمزاً · الجلسة CLOSED
04:51 KSA · CLOSED  · scanner    · ساعة التأكيد مثبَّتة على شمعة 01:30Z (من cbar)
04:52 KSA · CLOSED  · scanner    · بدء المسح · 1154 رمزاً · الجلسة CLOSED
04:52 KSA · CLOSED  · scanner    · ساعة التأكيد مثبَّتة على شمعة 01:30Z (من cbar)
04:53 KSA · CLOSED  · scanner    · بدء المسح · 1154 رمزاً · الجلسة CLOSED
04:53 KSA · CLOSED  · scanner    · ساعة التأكيد مثبَّتة على شمعة 01:30Z (من cbar)
04:54 KSA · CLOSED  · scanner    · بدء المسح · 1154 رمزاً · الجلسة CLOSED
04:54 KSA · CLOSED  · scanner    · ساعة التأكيد مثبَّتة على شمعة 01:30Z (من cbar)
04:56 KSA · CLOSED  · scanner    · بدء المسح · 1154 رمزاً · الجلسة CLOSED
04:56 KSA · CLOSED  · scanner    · ساعة التأكيد مثبَّتة على شمعة 01:30Z (من cbar)
04:58 KSA · CLOSED  · scanner    · بدء المسح · 1154 رمزاً · الجلسة CLOSED
04:58 KSA · CLOSED  · scanner    · ساعة التأكيد مثبَّتة على شمعة 01:30Z (من cbar)
05:00 KSA · CLOSED  · scanner    · بدء المسح · 1154 رمزاً · الجلسة CLOSED
05:00 KSA · CLOSED  · scanner    · ساعة التأكيد مثبَّتة على شمعة 01:30Z (من cbar)
05:01 KSA · CLOSED  · scanner    · بدء المسح · 1154 رمزاً · الجلسة CLOSED
05:01 KSA · CLOSED  · scanner    · ساعة التأكيد مثبَّتة على شمعة 01:45Z (من cbar)
05:01 KSA · CLOSED  · signal     · INJ-USD · orb ▲ 60 · 15m
05:01 KSA · CLOSED  · signal     · UNI-USD · orb ▲ 83 · 15m
05:01 KSA · CLOSED  · signal     · PENGU-USD · vwapRec ▲ 70 · 15m
05:01 KSA · CLOSED  · signal     · ASTER-USD · orb ▼ 60 · 15m
05:01 KSA · CLOSED  · signal     · ASTER-USD · volSpike ▼ 78 · 15m
05:02 KSA · CLOSED  · scanner    · بدء المسح · 1154 رمزاً · الجلسة CLOSED
05:02 KSA · CLOSED  · scanner    · ساعة التأكيد مثبَّتة على شمعة 01:45Z (من cbar)
05:04 KSA · CLOSED  · scanner    · بدء المسح · 1154 رمزاً · الجلسة CLOSED
05:04 KSA · CLOSED  · scanner    · ساعة التأكيد مثبَّتة على شمعة 01:45Z (من cbar)
05:08 KSA · CLOSED  · scanner    · بدء المسح · 1154 رمزاً · الجلسة CLOSED
05:08 KSA · CLOSED  · scanner    · ساعة التأكيد مثبَّتة على شمعة 01:45Z (من cbar)
05:10 KSA · CLOSED  · scanner    · بدء المسح · 1154 رمزاً · الجلسة CLOSED
05:10 KSA · CLOSED  · scanner    · ساعة التأكيد مثبَّتة على شمعة 01:45Z (من cbar)
05:12 KSA · CLOSED  · scanner    · بدء المسح · 1154 رمزاً · الجلسة CLOSED
05:12 KSA · CLOSED  · scanner    · ساعة التأكيد مثبَّتة على شمعة 01:45Z (من cbar)
05:14 KSA · CLOSED  · scanner    · بدء المسح · 1154 رمزاً · الجلسة CLOSED
05:14 KSA · CLOSED  · scanner    · ساعة التأكيد مثبَّتة على شمعة 01:45Z (من cbar)
05:15 KSA · CLOSED  · scanner    · بدء المسح · 1154 رمزاً · الجلسة CLOSED
05:15 KSA · CLOSED  · scanner    · ساعة التأكيد مثبَّتة على شمعة 02:00Z (من cbar)
05:15 KSA · CLOSED  · signal     · EUR-USD · brk ▼ 91 · 15m
05:15 KSA · CLOSED  · signal     · HOLO-USD · orb ▼ 73 · 15m
05:16 KSA · CLOSED  · scanner    · بدء المسح · 1154 رمزاً · الجلسة CLOSED
05:16 KSA · CLOSED  · scanner    · ساعة التأكيد مثبَّتة على شمعة 02:00Z (من cbar)
05:18 KSA · CLOSED  · scanner    · بدء المسح · 1154 رمزاً · الجلسة CLOSED
05:18 KSA · CLOSED  · scanner    · ساعة التأكيد مثبَّتة على شمعة 02:00Z (من cbar)
05:22 KSA · CLOSED  · scanner    · بدء المسح · 1154 رمزاً · الجلسة CLOSED
05:22 KSA · CLOSED  · scanner    · ساعة التأكيد مثبَّتة على شمعة 02:00Z (من cbar)
05:22 KSA · CLOSED  · signal     · VTHO-USD · sqzExp ▼ 60 · 1h
05:22 KSA · CLOSED  · signal     · THE-USD · momo ▼ 56 · 1h
05:22 KSA · CLOSED  · signal     · PUMP-USD · pbTrend ▲ 76 · 1h
05:23 KSA · CLOSED  · scanner    · بدء المسح · 1154 رمزاً · الجلسة CLOSED
05:23 KSA · CLOSED  · scanner    · ساعة التأكيد مثبَّتة على شمعة 02:00Z (من cbar)
05:24 KSA · CLOSED  · scanner    · بدء المسح · 1154 رمزاً · الجلسة CLOSED
05:24 KSA · CLOSED  · scanner    · ساعة التأكيد مثبَّتة على شمعة 02:00Z (من cbar)
05:26 KSA · CLOSED  · scanner    · بدء المسح · 1154 رمزاً · الجلسة CLOSED
05:26 KSA · CLOSED  · scanner    · ساعة التأكيد مثبَّتة على شمعة 02:00Z (من cbar)
05:28 KSA · CLOSED  · scanner    · بدء المسح · 1154 رمزاً · الجلسة CLOSED
05:28 KSA · CLOSED  · scanner    · ساعة التأكيد مثبَّتة على شمعة 02:00Z (من cbar)
05:30 KSA · CLOSED  · scanner    · بدء المسح · 1154 رمزاً · الجلسة CLOSED
05:30 KSA · CLOSED  · scanner    · ساعة التأكيد مثبَّتة على شمعة 02:15Z (من cbar)
05:30 KSA · CLOSED  · signal     · MTL-USD · vwapRec ▲ 85 · 15m
05:30 KSA · CLOSED  · signal     · 牛来-USD · vwapRec ▲ 58 · 15m
05:31 KSA · CLOSED  · scanner    · بدء المسح · 1154 رمزاً · الجلسة CLOSED
05:31 KSA · CLOSED  · scanner    · ساعة التأكيد مثبَّتة على شمعة 02:15Z (من cbar)
05:32 KSA · CLOSED  · scanner    · بدء المسح · 1154 رمزاً · الجلسة CLOSED
05:32 KSA · CLOSED  · scanner    · ساعة التأكيد مثبَّتة على شمعة 02:15Z (من cbar)
05:34 KSA · CLOSED  · scanner    · بدء المسح · 1154 رمزاً · الجلسة CLOSED
05:34 KSA · CLOSED  · scanner    · ساعة التأكيد مثبَّتة على شمعة 02:15Z (من cbar)
05:39 KSA · CLOSED  · scanner    · بدء المسح · 1154 رمزاً · الجلسة CLOSED
05:39 KSA · CLOSED  · scanner    · ساعة التأكيد مثبَّتة على شمعة 02:15Z (من cbar)
05:40 KSA · CLOSED  · scanner    · بدء المسح · 1154 رمزاً · الجلسة CLOSED
05:40 KSA · CLOSED  · scanner    · ساعة التأكيد مثبَّتة على شمعة 02:15Z (من cbar)
05:42 KSA · CLOSED  · scanner    · بدء المسح · 1154 رمزاً · الجلسة CLOSED
05:42 KSA · CLOSED  · scanner    · ساعة التأكيد مثبَّتة على شمعة 02:15Z (من cbar)
05:44 KSA · CLOSED  · scanner    · بدء المسح · 1154 رمزاً · الجلسة CLOSED
05:44 KSA · CLOSED  · scanner    · ساعة التأكيد مثبَّتة على شمعة 02:15Z (من cbar)
05:45 KSA · CLOSED  · scanner    · بدء المسح · 1154 رمزاً · الجلسة CLOSED
05:45 KSA · CLOSED  · scanner    · ساعة التأكيد مثبَّتة على شمعة 02:30Z (من cbar)
05:45 KSA · CLOSED  · signal     · VTHO-USD · volSpike ▼ 56 · 15m
05:45 KSA · CLOSED  · signal     · UNI-USD · orb ▲ 85 · 15m
05:45 KSA · CLOSED  · signal     · UNI-USD · vwapRec ▲ 57 · 15m
05:45 KSA · CLOSED  · signal     · UNI-USD · rsiDiv ▼ 67 · 15m
05:45 KSA · CLOSED  · signal     · 牛来-USD · brk ▲ 66 · 15m
05:45 KSA · CLOSED  · signal     · THE-USD · vwapRec ▼ 80 · 15m
05:45 KSA · CLOSED  · signal     · PENGU-USD · orb ▼ 65 · 15m
05:46 KSA · CLOSED  · scanner    · بدء المسح · 1154 رمزاً · الجلسة CLOSED
05:46 KSA · CLOSED  · scanner    · ساعة التأكيد مثبَّتة على شمعة 02:30Z (من cbar)
05:48 KSA · CLOSED  · scanner    · بدء المسح · 1154 رمزاً · الجلسة CLOSED
05:48 KSA · CLOSED  · scanner    · ساعة التأكيد مثبَّتة على شمعة 02:30Z (من cbar)
05:50 KSA · CLOSED  · scanner    · بدء المسح · 1154 رمزاً · الجلسة CLOSED
05:50 KSA · CLOSED  · scanner    · ساعة التأكيد مثبَّتة على شمعة 02:30Z (من cbar)
05:52 KSA · CLOSED  · scanner    · بدء المسح · 1154 رمزاً · الجلسة CLOSED
05:52 KSA · CLOSED  · scanner    · ساعة التأكيد مثبَّتة على شمعة 02:30Z (من cbar)
05:54 KSA · CLOSED  · scanner    · بدء المسح · 1154 رمزاً · الجلسة CLOSED
05:54 KSA · CLOSED  · scanner    · ساعة التأكيد مثبَّتة على شمعة 02:30Z (من cbar)
05:56 KSA · CLOSED  · scanner    · بدء المسح · 1154 رمزاً · الجلسة CLOSED
05:56 KSA · CLOSED  · scanner    · ساعة التأكيد مثبَّتة على شمعة 02:30Z (من cbar)
05:58 KSA · CLOSED  · scanner    · بدء المسح · 1154 رمزاً · الجلسة CLOSED
05:58 KSA · CLOSED  · scanner    · ساعة التأكيد مثبَّتة على شمعة 02:30Z (من cbar)
06:00 KSA · CLOSED  · scanner    · بدء المسح · 1154 رمزاً · الجلسة CLOSED
06:00 KSA · CLOSED  · scanner    · ساعة التأكيد مثبَّتة على شمعة 02:30Z (من cbar)
06:01 KSA · CLOSED  · scanner    · بدء المسح · 1154 رمزاً · الجلسة CLOSED
06:01 KSA · CLOSED  · scanner    · ساعة التأكيد مثبَّتة على شمعة 02:45Z (من cbar)
06:01 KSA · CLOSED  · signal     · TRX-USD · meanRev ▼ 60 · 15m
06:01 KSA · CLOSED  · signal     · DASH-USD · tfAlign ▲ 95 · 1d
06:01 KSA · CLOSED  · signal     · SUI-USD · vwapRec ▼ 60 · 15m
06:01 KSA · CLOSED  · signal     · 牛来-USD · volSpike ▲ 86 · 15m
06:01 KSA · CLOSED  · signal     · 牛来-USD · momo ▲ 83 · 1h
06:01 KSA · CLOSED  · signal     · TAO-USD · vwapRec ▼ 60 · 15m
06:01 KSA · CLOSED  · signal     · PENGU-USD · tfAlign ▲ 89 · 1d
06:02 KSA · CLOSED  · scanner    · بدء المسح · 1154 رمزاً · الجلسة CLOSED
06:02 KSA · CLOSED  · scanner    · ساعة التأكيد مثبَّتة على شمعة 02:45Z (من cbar)
06:04 KSA · CLOSED  · scanner    · بدء المسح · 1154 رمزاً · الجلسة CLOSED
06:04 KSA · CLOSED  · scanner    · ساعة التأكيد مثبَّتة على شمعة 02:45Z (من cbar)
06:06 KSA · CLOSED  · scanner    · بدء المسح · 1154 رمزاً · الجلسة CLOSED
06:06 KSA · CLOSED  · scanner    · ساعة التأكيد مثبَّتة على شمعة 02:45Z (من cbar)
06:09 KSA · CLOSED  · scanner    · بدء المسح · 1154 رمزاً · الجلسة CLOSED
06:09 KSA · CLOSED  · scanner    · ساعة التأكيد مثبَّتة على شمعة 02:45Z (من cbar)
06:10 KSA · CLOSED  · scanner    · بدء المسح · 1154 رمزاً · الجلسة CLOSED
06:10 KSA · CLOSED  · scanner    · ساعة التأكيد مثبَّتة على شمعة 02:45Z (من cbar)
06:12 KSA · CLOSED  · scanner    · بدء المسح · 1154 رمزاً · الجلسة CLOSED
06:12 KSA · CLOSED  · scanner    · ساعة التأكيد مثبَّتة على شمعة 02:45Z (من cbar)
06:14 KSA · CLOSED  · scanner    · بدء المسح · 1154 رمزاً · الجلسة CLOSED
06:14 KSA · CLOSED  · scanner    · ساعة التأكيد مثبَّتة على شمعة 02:45Z (من cbar)
06:15 KSA · CLOSED  · scanner    · بدء المسح · 1154 رمزاً · الجلسة CLOSED
06:15 KSA · CLOSED  · scanner    · ساعة التأكيد مثبَّتة على شمعة 03:00Z (من cbar)
06:15 KSA · CLOSED  · signal     · UNI-USD · momo ▲ 89 · 1h
06:15 KSA · CLOSED  · signal     · THE-USD · vwapRec ▲ 63 · 15m
06:15 KSA · CLOSED  · signal     · ARB-USD · sqzExp ▼ 70 · 1h
06:15 KSA · CLOSED  · signal     · PENGU-USD · vwapRec ▼ 60 · 15m
06:15 KSA · CLOSED  · signal     · ASTER-USD · momo ▲ 67 · 1h
06:16 KSA · CLOSED  · scanner    · بدء المسح · 1154 رمزاً · الجلسة CLOSED
06:16 KSA · CLOSED  · scanner    · ساعة التأكيد مثبَّتة على شمعة 03:00Z (من cbar)
06:18 KSA · CLOSED  · scanner    · بدء المسح · 1154 رمزاً · الجلسة CLOSED
06:18 KSA · CLOSED  · scanner    · ساعة التأكيد مثبَّتة على شمعة 03:00Z (من cbar)
06:20 KSA · CLOSED  · scanner    · بدء المسح · 1154 رمزاً · الجلسة CLOSED
06:20 KSA · CLOSED  · scanner    · ساعة التأكيد مثبَّتة على شمعة 03:00Z (من cbar)
06:22 KSA · CLOSED  · scanner    · بدء المسح · 1154 رمزاً · الجلسة CLOSED
06:22 KSA · CLOSED  · scanner    · ساعة التأكيد مثبَّتة على شمعة 03:00Z (من cbar)
06:23 KSA · CLOSED  · scanner    · بدء المسح · 1154 رمزاً · الجلسة CLOSED
06:23 KSA · CLOSED  · scanner    · ساعة التأكيد مثبَّتة على شمعة 03:00Z (من cbar)
06:24 KSA · CLOSED  · scanner    · بدء المسح · 1154 رمزاً · الجلسة CLOSED
06:24 KSA · CLOSED  · scanner    · ساعة التأكيد مثبَّتة على شمعة 03:00Z (من cbar)
06:26 KSA · CLOSED  · scanner    · بدء المسح · 1154 رمزاً · الجلسة CLOSED
06:26 KSA · CLOSED  · scanner    · ساعة التأكيد مثبَّتة على شمعة 03:00Z (من cbar)
06:28 KSA · CLOSED  · scanner    · بدء المسح · 1154 رمزاً · الجلسة CLOSED
06:28 KSA · CLOSED  · scanner    · ساعة التأكيد مثبَّتة على شمعة 03:00Z (من cbar)
06:30 KSA · CLOSED  · scanner    · بدء المسح · 1154 رمزاً · الجلسة CLOSED
06:30 KSA · CLOSED  · scanner    · ساعة التأكيد مثبَّتة على شمعة 03:00Z (من cbar)
06:31 KSA · CLOSED  · scanner    · بدء المسح · 1154 رمزاً · الجلسة CLOSED
06:31 KSA · CLOSED  · scanner    · ساعة التأكيد مثبَّتة على شمعة 03:15Z (من cbar)
06:31 KSA · CLOSED  · signal     · MTL-USD · rsiDiv ▲ 56 · 15m
06:31 KSA · CLOSED  · signal     · SUI-USD · vwapRec ▲ 70 · 15m
06:31 KSA · CLOSED  · signal     · TAO-USD · vwapRec ▲ 68 · 15m
06:31 KSA · CLOSED  · signal     · ASTER-USD · vwapRec ▲ 63 · 15m
06:32 KSA · CLOSED  · scanner    · بدء المسح · 1154 رمزاً · الجلسة CLOSED
06:32 KSA · CLOSED  · scanner    · ساعة التأكيد مثبَّتة على شمعة 03:15Z (من cbar)
06:34 KSA · CLOSED  · scanner    · بدء المسح · 1154 رمزاً · الجلسة CLOSED
06:34 KSA · CLOSED  · scanner    · ساعة التأكيد مثبَّتة على شمعة 03:15Z (من cbar)
06:36 KSA · CLOSED  · scanner    · بدء المسح · 1154 رمزاً · الجلسة CLOSED
06:36 KSA · CLOSED  · scanner    · ساعة التأكيد مثبَّتة على شمعة 03:15Z (من cbar)
06:39 KSA · CLOSED  · scanner    · بدء المسح · 1154 رمزاً · الجلسة CLOSED
06:39 KSA · CLOSED  · scanner    · ساعة التأكيد مثبَّتة على شمعة 03:15Z (من cbar)
06:40 KSA · CLOSED  · scanner    · بدء المسح · 1154 رمزاً · الجلسة CLOSED
06:40 KSA · CLOSED  · scanner    · ساعة التأكيد مثبَّتة على شمعة 03:15Z (من cbar)
06:42 KSA · CLOSED  · scanner    · بدء المسح · 1154 رمزاً · الجلسة CLOSED
06:42 KSA · CLOSED  · scanner    · ساعة التأكيد مثبَّتة على شمعة 03:15Z (من cbar)
06:44 KSA · CLOSED  · scanner    · بدء المسح · 1154 رمزاً · الجلسة CLOSED
06:44 KSA · CLOSED  · scanner    · ساعة التأكيد مثبَّتة على شمعة 03:15Z (من cbar)
06:45 KSA · CLOSED  · scanner    · بدء المسح · 1154 رمزاً · الجلسة CLOSED
06:45 KSA · CLOSED  · scanner    · ساعة التأكيد مثبَّتة على شمعة 03:30Z (من cbar)
06:45 KSA · CLOSED  · signal     · ADA-USD · meanRev ▼ 63 · 15m
06:45 KSA · CLOSED  · signal     · AAVE-USD · meanRev ▼ 73 · 15m
06:45 KSA · CLOSED  · signal     · OP-USD · volSpike ▼ 56 · 15m
06:45 KSA · CLOSED  · signal     · REZ-USD · brk ▲ 57 · 15m
06:45 KSA · CLOSED  · signal     · HOLO-USD · brk ▲ 70 · 15m
06:45 KSA · CLOSED  · signal     · HOLO-USD · meanRev ▼ 73 · 15m
06:45 KSA · CLOSED  · signal     · PENGU-USD · brk ▲ 100 · 15m
06:45 KSA · CLOSED  · signal     · PENGU-USD · volSpike ▲ 78 · 15m
06:45 KSA · CLOSED  · signal     · ASTER-USD · orb ▲ 93 · 15m
06:46 KSA · CLOSED  · scanner    · بدء المسح · 1154 رمزاً · الجلسة CLOSED
06:46 KSA · CLOSED  · scanner    · ساعة التأكيد مثبَّتة على شمعة 03:30Z (من cbar)
06:48 KSA · CLOSED  · scanner    · بدء المسح · 1154 رمزاً · الجلسة CLOSED
06:48 KSA · CLOSED  · scanner    · ساعة التأكيد مثبَّتة على شمعة 03:30Z (من cbar)
06:50 KSA · CLOSED  · scanner    · بدء المسح · 1154 رمزاً · الجلسة CLOSED
06:50 KSA · CLOSED  · scanner    · ساعة التأكيد مثبَّتة على شمعة 03:30Z (من cbar)
06:52 KSA · CLOSED  · scanner    · بدء المسح · 1154 رمزاً · الجلسة CLOSED
06:52 KSA · CLOSED  · scanner    · ساعة التأكيد مثبَّتة على شمعة 03:30Z (من cbar)
06:53 KSA · CLOSED  · scanner    · بدء المسح · 1154 رمزاً · الجلسة CLOSED
06:53 KSA · CLOSED  · scanner    · ساعة التأكيد مثبَّتة على شمعة 03:30Z (من cbar)
06:54 KSA · CLOSED  · scanner    · بدء المسح · 1154 رمزاً · الجلسة CLOSED
06:54 KSA · CLOSED  · scanner    · ساعة التأكيد مثبَّتة على شمعة 03:30Z (من cbar)
06:56 KSA · CLOSED  · scanner    · بدء المسح · 1154 رمزاً · الجلسة CLOSED
06:56 KSA · CLOSED  · scanner    · ساعة التأكيد مثبَّتة على شمعة 03:30Z (من cbar)
06:58 KSA · CLOSED  · scanner    · بدء المسح · 1154 رمزاً · الجلسة CLOSED
06:58 KSA · CLOSED  · scanner    · ساعة التأكيد مثبَّتة على شمعة 03:30Z (من cbar)
07:00 KSA · CLOSED  · scanner    · بدء المسح · 1154 رمزاً · الجلسة CLOSED
07:00 KSA · CLOSED  · scanner    · ساعة التأكيد مثبَّتة على شمعة 03:30Z (من cbar)
07:01 KSA · CLOSED  · scanner    · بدء المسح · 1154 رمزاً · الجلسة CLOSED
07:01 KSA · CLOSED  · scanner    · ساعة التأكيد مثبَّتة على شمعة 03:45Z (من cbar)
07:01 KSA · CLOSED  · signal     · LINK-USD · orb ▲ 100 · 15m
07:01 KSA · CLOSED  · signal     · LINK-USD · volSpike ▼ 67 · 15m
07:01 KSA · CLOSED  · signal     · RAY-USD · volSpike ▼ 56 · 15m
07:01 KSA · CLOSED  · signal     · XPL-USD · orb ▲ 100 · 15m
07:01 KSA · CLOSED  · signal     · VTHO-USD · momo ▲ 89 · 1h
07:01 KSA · CLOSED  · signal     · MSTRB-USD · orb ▲ 100 · 15m
07:01 KSA · CLOSED  · signal     · EUR-USD · brk ▼ 82 · 15m
07:01 KSA · CLOSED  · signal     · SENT-USD · sqzExp ▼ 57 · 1h
07:01 KSA · CLOSED  · signal     · PENGU-USD · orb ▲ 93 · 15m
07:01 KSA · CLOSED  · signal     · ASTER-USD · tfAlign ▲ 95 · 1d
07:02 KSA · CLOSED  · scanner    · بدء المسح · 1154 رمزاً · الجلسة CLOSED
07:02 KSA · CLOSED  · scanner    · ساعة التأكيد مثبَّتة على شمعة 03:45Z (من cbar)
07:04 KSA · CLOSED  · scanner    · بدء المسح · 1154 رمزاً · الجلسة CLOSED
07:04 KSA · CLOSED  · scanner    · ساعة التأكيد مثبَّتة على شمعة 03:45Z (من cbar)
07:06 KSA · CLOSED  · scanner    · بدء المسح · 1154 رمزاً · الجلسة CLOSED
07:06 KSA · CLOSED  · scanner    · ساعة التأكيد مثبَّتة على شمعة 03:45Z (من cbar)
07:09 KSA · CLOSED  · scanner    · بدء المسح · 1154 رمزاً · الجلسة CLOSED
07:09 KSA · CLOSED  · scanner    · ساعة التأكيد مثبَّتة على شمعة 03:45Z (من cbar)
07:10 KSA · CLOSED  · scanner    · بدء المسح · 1154 رمزاً · الجلسة CLOSED
07:10 KSA · CLOSED  · scanner    · ساعة التأكيد مثبَّتة على شمعة 03:45Z (من cbar)
07:12 KSA · CLOSED  · scanner    · بدء المسح · 1154 رمزاً · الجلسة CLOSED
07:12 KSA · CLOSED  · scanner    · ساعة التأكيد مثبَّتة على شمعة 03:45Z (من cbar)
07:14 KSA · CLOSED  · scanner    · بدء المسح · 1154 رمزاً · الجلسة CLOSED
07:14 KSA · CLOSED  · scanner    · ساعة التأكيد مثبَّتة على شمعة 03:45Z (من cbar)
07:15 KSA · CLOSED  · scanner    · بدء المسح · 1154 رمزاً · الجلسة CLOSED
07:15 KSA · CLOSED  · scanner    · ساعة التأكيد مثبَّتة على شمعة 04:00Z (من cbar)
07:15 KSA · CLOSED  · signal     · XLM-USD · sqzExp ▼ 63 · 1h
07:15 KSA · CLOSED  · signal     · AAVE-USD · sqzExp ▼ 63 · 1h
07:15 KSA · CLOSED  · signal     · CAKE-USD · sqzExp ▼ 57 · 1h
07:15 KSA · CLOSED  · signal     · UNI-USD · vwapRec ▲ 78 · 15m
07:15 KSA · CLOSED  · signal     · SUI-USD · vwapRec ▲ 85 · 15m
07:15 KSA · CLOSED  · signal     · 牛来-USD · rsiDiv ▼ 64 · 15m
07:15 KSA · CLOSED  · signal     · HOLO-USD · orb ▲ 78 · 15m
07:15 KSA · CLOSED  · signal     · BANK-USD · volSpike ▲ 61 · 15m
07:15 KSA · CLOSED  · signal     · PENGU-USD · momo ▲ 81 · 1h
07:16 KSA · CLOSED  · scanner    · بدء المسح · 1154 رمزاً · الجلسة CLOSED
07:16 KSA · CLOSED  · scanner    · ساعة التأكيد مثبَّتة على شمعة 04:00Z (من cbar)
07:18 KSA · CLOSED  · scanner    · بدء المسح · 1154 رمزاً · الجلسة CLOSED
07:18 KSA · CLOSED  · scanner    · ساعة التأكيد مثبَّتة على شمعة 04:00Z (من cbar)
07:20 KSA · CLOSED  · scanner    · بدء المسح · 1154 رمزاً · الجلسة CLOSED
07:20 KSA · CLOSED  · scanner    · ساعة التأكيد مثبَّتة على شمعة 04:00Z (من cbar)
07:22 KSA · CLOSED  · scanner    · بدء المسح · 1154 رمزاً · الجلسة CLOSED
07:22 KSA · CLOSED  · scanner    · ساعة التأكيد مثبَّتة على شمعة 04:00Z (من cbar)
07:23 KSA · CLOSED  · scanner    · بدء المسح · 1154 رمزاً · الجلسة CLOSED
07:23 KSA · CLOSED  · scanner    · ساعة التأكيد مثبَّتة على شمعة 04:00Z (من cbar)
07:24 KSA · CLOSED  · scanner    · بدء المسح · 1154 رمزاً · الجلسة CLOSED
07:24 KSA · CLOSED  · scanner    · ساعة التأكيد مثبَّتة على شمعة 04:00Z (من cbar)
07:26 KSA · CLOSED  · scanner    · بدء المسح · 1154 رمزاً · الجلسة CLOSED
07:26 KSA · CLOSED  · scanner    · ساعة التأكيد مثبَّتة على شمعة 04:00Z (من cbar)
07:28 KSA · CLOSED  · scanner    · بدء المسح · 1154 رمزاً · الجلسة CLOSED
07:28 KSA · CLOSED  · scanner    · ساعة التأكيد مثبَّتة على شمعة 04:00Z (من cbar)
07:30 KSA · CLOSED  · scanner    · بدء المسح · 1154 رمزاً · الجلسة CLOSED
07:30 KSA · CLOSED  · scanner    · ساعة التأكيد مثبَّتة على شمعة 04:00Z (من cbar)
07:31 KSA · CLOSED  · scanner    · بدء المسح · 1154 رمزاً · الجلسة CLOSED
07:31 KSA · CLOSED  · scanner    · ساعة التأكيد مثبَّتة على شمعة 04:15Z (من cbar)
07:31 KSA · CLOSED  · signal     · BNCB-USD · orb ▲ 78 · 15m
07:31 KSA · CLOSED  · signal     · BNCB-USD · brk ▲ 84 · 15m
07:31 KSA · CLOSED  · signal     · UNI-USD · orb ▲ 70 · 15m
07:31 KSA · CLOSED  · signal     · HOLO-USD · volSpike ▼ 67 · 15m
07:31 KSA · CLOSED  · signal     · PENGU-USD · brk ▲ 89 · 15m
07:31 KSA · CLOSED  · signal     · PENGU-USD · meanRev ▼ 57 · 15m
07:32 KSA · CLOSED  · scanner    · بدء المسح · 1154 رمزاً · الجلسة CLOSED
07:32 KSA · CLOSED  · scanner    · ساعة التأكيد مثبَّتة على شمعة 04:15Z (من cbar)
07:34 KSA · CLOSED  · scanner    · بدء المسح · 1154 رمزاً · الجلسة CLOSED
07:34 KSA · CLOSED  · scanner    · ساعة التأكيد مثبَّتة على شمعة 04:15Z (من cbar)
07:36 KSA · CLOSED  · scanner    · بدء المسح · 1154 رمزاً · الجلسة CLOSED
07:36 KSA · CLOSED  · scanner    · ساعة التأكيد مثبَّتة على شمعة 04:15Z (من cbar)
07:39 KSA · CLOSED  · scanner    · بدء المسح · 1154 رمزاً · الجلسة CLOSED
07:39 KSA · CLOSED  · scanner    · ساعة التأكيد مثبَّتة على شمعة 04:15Z (من cbar)
07:40 KSA · CLOSED  · scanner    · بدء المسح · 1154 رمزاً · الجلسة CLOSED
07:40 KSA · CLOSED  · scanner    · ساعة التأكيد مثبَّتة على شمعة 04:15Z (من cbar)
07:42 KSA · CLOSED  · scanner    · بدء المسح · 1154 رمزاً · الجلسة CLOSED
07:42 KSA · CLOSED  · scanner    · ساعة التأكيد مثبَّتة على شمعة 04:15Z (من cbar)
07:44 KSA · CLOSED  · scanner    · بدء المسح · 1154 رمزاً · الجلسة CLOSED
07:44 KSA · CLOSED  · scanner    · ساعة التأكيد مثبَّتة على شمعة 04:15Z (من cbar)
07:45 KSA · CLOSED  · scanner    · بدء المسح · 1154 رمزاً · الجلسة CLOSED
07:45 KSA · CLOSED  · scanner    · ساعة التأكيد مثبَّتة على شمعة 04:30Z (من cbar)
07:45 KSA · CLOSED  · signal     · ZEC-USD · orb ▼ 80 · 15m
07:45 KSA · CLOSED  · signal     · REZ-USD · rsiDiv ▼ 78 · 15m
07:45 KSA · CLOSED  · signal     · UNI-USD · vwapRec ▼ 60 · 15m
07:45 KSA · CLOSED  · signal     · PENGU-USD · volSpike ▲ 83 · 15m
07:46 KSA · CLOSED  · scanner    · بدء المسح · 1154 رمزاً · الجلسة CLOSED
07:46 KSA · CLOSED  · scanner    · ساعة التأكيد مثبَّتة على شمعة 04:30Z (من cbar)
07:48 KSA · CLOSED  · scanner    · بدء المسح · 1154 رمزاً · الجلسة CLOSED
07:48 KSA · CLOSED  · scanner    · ساعة التأكيد مثبَّتة على شمعة 04:30Z (من cbar)
07:50 KSA · CLOSED  · scanner    · بدء المسح · 1154 رمزاً · الجلسة CLOSED
07:50 KSA · CLOSED  · scanner    · ساعة التأكيد مثبَّتة على شمعة 04:30Z (من cbar)
07:52 KSA · CLOSED  · scanner    · بدء المسح · 1154 رمزاً · الجلسة CLOSED
07:52 KSA · CLOSED  · scanner    · ساعة التأكيد مثبَّتة على شمعة 04:30Z (من cbar)
07:53 KSA · CLOSED  · scanner    · بدء المسح · 1154 رمزاً · الجلسة CLOSED
07:53 KSA · CLOSED  · scanner    · ساعة التأكيد مثبَّتة على شمعة 04:30Z (من cbar)
07:54 KSA · CLOSED  · scanner    · بدء المسح · 1154 رمزاً · الجلسة CLOSED
07:54 KSA · CLOSED  · scanner    · ساعة التأكيد مثبَّتة على شمعة 04:30Z (من cbar)
07:56 KSA · CLOSED  · scanner    · بدء المسح · 1154 رمزاً · الجلسة CLOSED
07:56 KSA · CLOSED  · scanner    · ساعة التأكيد مثبَّتة على شمعة 04:30Z (من cbar)
07:58 KSA · CLOSED  · scanner    · بدء المسح · 1154 رمزاً · الجلسة CLOSED
07:58 KSA · CLOSED  · scanner    · ساعة التأكيد مثبَّتة على شمعة 04:30Z (من cbar)
08:00 KSA · CLOSED  · scanner    · بدء المسح · 1154 رمزاً · الجلسة CLOSED
08:00 KSA · CLOSED  · scanner    · ساعة التأكيد مثبَّتة على شمعة 04:30Z (من cbar)
08:01 KSA · CLOSED  · scanner    · بدء المسح · 1154 رمزاً · الجلسة CLOSED
08:01 KSA · CLOSED  · scanner    · ساعة التأكيد مثبَّتة على شمعة 04:45Z (من cbar)
08:01 KSA · CLOSED  · signal     · BNCB-USD · sqzExp ▲ 78 · 1h
08:01 KSA · CLOSED  · signal     · THE-USD · vwapRec ▲ 73 · 15m
08:01 KSA · CLOSED  · signal     · EUR-USD · brk ▼ 77 · 15m
08:01 KSA · CLOSED  · signal     · HOLO-USD · momo ▲ 86 · 1h
08:01 KSA · CLOSED  · signal     · ASTER-USD · vwapRec ▲ 78 · 15m
08:02 KSA · CLOSED  · scanner    · بدء المسح · 1154 رمزاً · الجلسة CLOSED
08:02 KSA · CLOSED  · scanner    · ساعة التأكيد مثبَّتة على شمعة 04:45Z (من cbar)
08:04 KSA · CLOSED  · scanner    · بدء المسح · 1154 رمزاً · الجلسة CLOSED
08:04 KSA · CLOSED  · scanner    · ساعة التأكيد مثبَّتة على شمعة 04:45Z (من cbar)
08:08 KSA · CLOSED  · scanner    · بدء المسح · 1154 رمزاً · الجلسة CLOSED
08:08 KSA · CLOSED  · scanner    · ساعة التأكيد مثبَّتة على شمعة 04:45Z (من cbar)
08:10 KSA · CLOSED  · scanner    · بدء المسح · 1154 رمزاً · الجلسة CLOSED
08:10 KSA · CLOSED  · scanner    · ساعة التأكيد مثبَّتة على شمعة 04:45Z (من cbar)
08:12 KSA · CLOSED  · scanner    · بدء المسح · 1154 رمزاً · الجلسة CLOSED
08:12 KSA · CLOSED  · scanner    · ساعة التأكيد مثبَّتة على شمعة 04:45Z (من cbar)
08:14 KSA · CLOSED  · scanner    · بدء المسح · 1154 رمزاً · الجلسة CLOSED
08:14 KSA · CLOSED  · scanner    · ساعة التأكيد مثبَّتة على شمعة 04:45Z (من cbar)
08:15 KSA · CLOSED  · scanner    · بدء المسح · 1154 رمزاً · الجلسة CLOSED
08:15 KSA · CLOSED  · scanner    · ساعة التأكيد مثبَّتة على شمعة 05:00Z (من cbar)
08:15 KSA · CLOSED  · signal     · VTHO-USD · vwapRec ▲ 70 · 15m
08:15 KSA · CLOSED  · signal     · LSK-USD · rsiDiv ▲ 61 · 15m
08:15 KSA · CLOSED  · signal     · PENGU-USD · momo ▲ 81 · 1h
08:16 KSA · CLOSED  · scanner    · بدء المسح · 1154 رمزاً · الجلسة CLOSED
08:16 KSA · CLOSED  · scanner    · ساعة التأكيد مثبَّتة على شمعة 05:00Z (من cbar)
08:18 KSA · CLOSED  · scanner    · بدء المسح · 1154 رمزاً · الجلسة CLOSED
08:18 KSA · CLOSED  · scanner    · ساعة التأكيد مثبَّتة على شمعة 05:00Z (من cbar)
08:20 KSA · CLOSED  · scanner    · بدء المسح · 1154 رمزاً · الجلسة CLOSED
08:20 KSA · CLOSED  · scanner    · ساعة التأكيد مثبَّتة على شمعة 05:00Z (من cbar)
08:22 KSA · CLOSED  · scanner    · بدء المسح · 1154 رمزاً · الجلسة CLOSED
08:22 KSA · CLOSED  · scanner    · ساعة التأكيد مثبَّتة على شمعة 05:00Z (من cbar)
08:23 KSA · CLOSED  · scanner    · بدء المسح · 1154 رمزاً · الجلسة CLOSED
08:23 KSA · CLOSED  · scanner    · ساعة التأكيد مثبَّتة على شمعة 05:00Z (من cbar)
08:24 KSA · CLOSED  · scanner    · بدء المسح · 1154 رمزاً · الجلسة CLOSED
08:24 KSA · CLOSED  · scanner    · ساعة التأكيد مثبَّتة على شمعة 05:00Z (من cbar)
08:26 KSA · CLOSED  · scanner    · بدء المسح · 1154 رمزاً · الجلسة CLOSED
08:26 KSA · CLOSED  · scanner    · ساعة التأكيد مثبَّتة على شمعة 05:00Z (من cbar)
08:28 KSA · CLOSED  · scanner    · بدء المسح · 1154 رمزاً · الجلسة CLOSED
08:28 KSA · CLOSED  · scanner    · ساعة التأكيد مثبَّتة على شمعة 05:00Z (من cbar)
08:30 KSA · CLOSED  · scanner    · بدء المسح · 1154 رمزاً · الجلسة CLOSED
08:30 KSA · CLOSED  · scanner    · ساعة التأكيد مثبَّتة على شمعة 05:00Z (من cbar)
08:31 KSA · CLOSED  · scanner    · بدء المسح · 1154 رمزاً · الجلسة CLOSED
08:31 KSA · CLOSED  · scanner    · ساعة التأكيد مثبَّتة على شمعة 05:15Z (من cbar)
08:31 KSA · CLOSED  · signal     · TRX-USD · vwapRec ▲ 85 · 15m
08:31 KSA · CLOSED  · signal     · DOGE-USD · vwapRec ▲ 93 · 15m
08:31 KSA · CLOSED  · signal     · CRCLB-USD · volSpike ▼ 89 · 15m
08:31 KSA · CLOSED  · signal     · BNCB-USD · vwapRec ▲ 83 · 15m
08:31 KSA · CLOSED  · signal     · BNCB-USD · volSpike ▼ 88 · 15m
08:31 KSA · CLOSED  · signal     · SNXXB-USD · vwapRec ▼ 68 · 15m
08:31 KSA · CLOSED  · signal     · UNI-USD · orb ▲ 55 · 15m
08:31 KSA · CLOSED  · signal     · SUI-USD · vwapRec ▲ 78 · 15m
08:31 KSA · CLOSED  · signal     · THE-USD · orb ▼ 68 · 15m
08:31 KSA · CLOSED  · signal     · THE-USD · vwapRec ▲ 88 · 15m
08:31 KSA · CLOSED  · signal     · ASTER-USD · vwapRec ▼ 68 · 15m
08:32 KSA · CLOSED  · scanner    · بدء المسح · 1154 رمزاً · الجلسة CLOSED
08:32 KSA · CLOSED  · scanner    · ساعة التأكيد مثبَّتة على شمعة 05:15Z (من cbar)
08:34 KSA · CLOSED  · scanner    · بدء المسح · 1154 رمزاً · الجلسة CLOSED
08:34 KSA · CLOSED  · scanner    · ساعة التأكيد مثبَّتة على شمعة 05:15Z (من cbar)
08:38 KSA · CLOSED  · scanner    · بدء المسح · 1154 رمزاً · الجلسة CLOSED
08:38 KSA · CLOSED  · scanner    · ساعة التأكيد مثبَّتة على شمعة 05:15Z (من cbar)
08:40 KSA · CLOSED  · scanner    · بدء المسح · 1154 رمزاً · الجلسة CLOSED
08:40 KSA · CLOSED  · scanner    · ساعة التأكيد مثبَّتة على شمعة 05:15Z (من cbar)
08:42 KSA · CLOSED  · scanner    · بدء المسح · 1154 رمزاً · الجلسة CLOSED
08:42 KSA · CLOSED  · scanner    · ساعة التأكيد مثبَّتة على شمعة 05:15Z (من cbar)
08:44 KSA · CLOSED  · scanner    · بدء المسح · 1154 رمزاً · الجلسة CLOSED
08:44 KSA · CLOSED  · scanner    · ساعة التأكيد مثبَّتة على شمعة 05:15Z (من cbar)
08:45 KSA · CLOSED  · scanner    · بدء المسح · 1154 رمزاً · الجلسة CLOSED
08:45 KSA · CLOSED  · scanner    · ساعة التأكيد مثبَّتة على شمعة 05:30Z (من cbar)
08:45 KSA · CLOSED  · signal     · NEAR-USD · volSpike ▲ 67 · 15m
08:45 KSA · CLOSED  · signal     · REZ-USD · volSpike ▼ 67 · 15m
08:46 KSA · CLOSED  · scanner    · بدء المسح · 1154 رمزاً · الجلسة CLOSED
08:46 KSA · CLOSED  · scanner    · ساعة التأكيد مثبَّتة على شمعة 05:30Z (من cbar)
08:48 KSA · CLOSED  · scanner    · بدء المسح · 1154 رمزاً · الجلسة CLOSED
08:48 KSA · CLOSED  · scanner    · ساعة التأكيد مثبَّتة على شمعة 05:30Z (من cbar)
08:50 KSA · CLOSED  · scanner    · بدء المسح · 1154 رمزاً · الجلسة CLOSED
08:50 KSA · CLOSED  · scanner    · ساعة التأكيد مثبَّتة على شمعة 05:30Z (من cbar)
08:52 KSA · CLOSED  · scanner    · بدء المسح · 1154 رمزاً · الجلسة CLOSED
08:52 KSA · CLOSED  · scanner    · ساعة التأكيد مثبَّتة على شمعة 05:30Z (من cbar)
08:53 KSA · CLOSED  · scanner    · بدء المسح · 1154 رمزاً · الجلسة CLOSED
08:53 KSA · CLOSED  · scanner    · ساعة التأكيد مثبَّتة على شمعة 05:30Z (من cbar)
08:54 KSA · CLOSED  · scanner    · بدء المسح · 1154 رمزاً · الجلسة CLOSED
08:54 KSA · CLOSED  · scanner    · ساعة التأكيد مثبَّتة على شمعة 05:30Z (من cbar)
08:56 KSA · CLOSED  · scanner    · بدء المسح · 1154 رمزاً · الجلسة CLOSED
08:56 KSA · CLOSED  · scanner    · ساعة التأكيد مثبَّتة على شمعة 05:30Z (من cbar)
08:58 KSA · CLOSED  · scanner    · بدء المسح · 1154 رمزاً · الجلسة CLOSED
08:58 KSA · CLOSED  · scanner    · ساعة التأكيد مثبَّتة على شمعة 05:30Z (من cbar)
09:00 KSA · CLOSED  · scanner    · بدء المسح · 1154 رمزاً · الجلسة CLOSED
09:00 KSA · CLOSED  · scanner    · ساعة التأكيد مثبَّتة على شمعة 05:45Z (من cbar)
09:00 KSA · CLOSED  · signal     · FET-USD · volSpike ▼ 56 · 15m
09:00 KSA · CLOSED  · signal     · TAO-USD · orb ▼ 65 · 15m
09:00 KSA · CLOSED  · signal     · TAO-USD · vwapRec ▲ 78 · 15m
09:00 KSA · CLOSED  · signal     · HOLO-USD · vwapRec ▲ 78 · 15m
09:01 KSA · CLOSED  · scanner    · بدء المسح · 1154 رمزاً · الجلسة CLOSED
09:01 KSA · CLOSED  · scanner    · ساعة التأكيد مثبَّتة على شمعة 05:45Z (من cbar)
09:02 KSA · CLOSED  · scanner    · بدء المسح · 1154 رمزاً · الجلسة CLOSED
09:02 KSA · CLOSED  · scanner    · ساعة التأكيد مثبَّتة على شمعة 05:45Z (من cbar)
09:04 KSA · CLOSED  · scanner    · بدء المسح · 1154 رمزاً · الجلسة CLOSED
09:04 KSA · CLOSED  · scanner    · ساعة التأكيد مثبَّتة على شمعة 05:45Z (من cbar)
09:08 KSA · CLOSED  · scanner    · بدء المسح · 1154 رمزاً · الجلسة CLOSED
09:08 KSA · CLOSED  · scanner    · ساعة التأكيد مثبَّتة على شمعة 05:45Z (من cbar)
09:10 KSA · CLOSED  · scanner    · بدء المسح · 1154 رمزاً · الجلسة CLOSED
09:10 KSA · CLOSED  · scanner    · ساعة التأكيد مثبَّتة على شمعة 05:45Z (من cbar)
09:12 KSA · CLOSED  · scanner    · بدء المسح · 1154 رمزاً · الجلسة CLOSED
09:12 KSA · CLOSED  · scanner    · ساعة التأكيد مثبَّتة على شمعة 05:45Z (من cbar)
09:14 KSA · CLOSED  · scanner    · بدء المسح · 1154 رمزاً · الجلسة CLOSED
09:14 KSA · CLOSED  · scanner    · ساعة التأكيد مثبَّتة على شمعة 05:45Z (من cbar)
09:15 KSA · CLOSED  · scanner    · بدء المسح · 1154 رمزاً · الجلسة CLOSED
09:15 KSA · CLOSED  · scanner    · ساعة التأكيد مثبَّتة على شمعة 06:00Z (من cbar)
09:15 KSA · CLOSED  · signal     · XAUT-USD · rsiDiv ▲ 58 · 1h
09:15 KSA · CLOSED  · signal     · UNI-USD · vwapRec ▼ 60 · 15m
09:15 KSA · CLOSED  · signal     · THE-USD · momo ▼ 64 · 1h
09:15 KSA · CLOSED  · signal     · EUR-USD · brk ▼ 86 · 15m
09:15 KSA · CLOSED  · signal     · HOLO-USD · orb ▲ 100 · 15m
09:16 KSA · CLOSED  · scanner    · بدء المسح · 1154 رمزاً · الجلسة CLOSED
09:16 KSA · CLOSED  · scanner    · ساعة التأكيد مثبَّتة على شمعة 06:00Z (من cbar)
09:18 KSA · CLOSED  · scanner    · بدء المسح · 1154 رمزاً · الجلسة CLOSED
09:18 KSA · CLOSED  · scanner    · ساعة التأكيد مثبَّتة على شمعة 06:00Z (من cbar)
09:20 KSA · CLOSED  · scanner    · بدء المسح · 1154 رمزاً · الجلسة CLOSED
09:20 KSA · CLOSED  · scanner    · ساعة التأكيد مثبَّتة على شمعة 06:00Z (من cbar)
09:22 KSA · CLOSED  · scanner    · بدء المسح · 1154 رمزاً · الجلسة CLOSED
09:22 KSA · CLOSED  · scanner    · ساعة التأكيد مثبَّتة على شمعة 06:00Z (من cbar)
09:23 KSA · CLOSED  · scanner    · بدء المسح · 1154 رمزاً · الجلسة CLOSED
09:23 KSA · CLOSED  · scanner    · ساعة التأكيد مثبَّتة على شمعة 06:00Z (من cbar)
09:24 KSA · CLOSED  · scanner    · بدء المسح · 1154 رمزاً · الجلسة CLOSED
09:24 KSA · CLOSED  · scanner    · ساعة التأكيد مثبَّتة على شمعة 06:00Z (من cbar)
09:26 KSA · CLOSED  · scanner    · بدء المسح · 1154 رمزاً · الجلسة CLOSED
09:26 KSA · CLOSED  · scanner    · ساعة التأكيد مثبَّتة على شمعة 06:00Z (من cbar)
09:47 KSA · CLOSED  · scanner    · بدء المسح · 1154 رمزاً · الجلسة CLOSED
09:47 KSA · CLOSED  · scanner    · ساعة التأكيد مثبَّتة على شمعة 06:30Z (من cbar)
09:47 KSA · CLOSED  · signal     · LTC-USD · rsiDiv ▼ 56 · 15m
09:47 KSA · CLOSED  · signal     · XPL-USD · orb ▲ 100 · 15m
09:47 KSA · CLOSED  · signal     · SNDKB-USD · meanRev ▼ 70 · 15m
09:47 KSA · CLOSED  · signal     · SNXXB-USD · meanRev ▼ 63 · 15m
09:47 KSA · CLOSED  · signal     · SUI-USD · vwapRec ▲ 70 · 15m
09:47 KSA · CLOSED  · signal     · TAO-USD · vwapRec ▲ 78 · 15m
09:47 KSA · CLOSED  · signal     · HOLO-USD · brk ▲ 64 · 15m
09:47 KSA · CLOSED  · signal     · HOLO-USD · meanRev ▼ 85 · 15m
09:47 KSA · CLOSED  · signal     · PENGU-USD · brk ▲ 89 · 15m
09:49 KSA · CLOSED  · scanner    · بدء المسح · 1154 رمزاً · الجلسة CLOSED
09:49 KSA · CLOSED  · scanner    · ساعة التأكيد مثبَّتة على شمعة 06:30Z (من cbar)
09:50 KSA · CLOSED  · scanner    · بدء المسح · 1154 رمزاً · الجلسة CLOSED
09:50 KSA · CLOSED  · scanner    · ساعة التأكيد مثبَّتة على شمعة 06:30Z (من cbar)
09:52 KSA · CLOSED  · scanner    · بدء المسح · 1154 رمزاً · الجلسة CLOSED
09:52 KSA · CLOSED  · scanner    · ساعة التأكيد مثبَّتة على شمعة 06:30Z (من cbar)
09:52 KSA · CLOSED  · scanner    · بدء المسح · 1154 رمزاً · الجلسة CLOSED
09:52 KSA · CLOSED  · scanner    · ساعة التأكيد مثبَّتة على شمعة 06:30Z (من cbar)
09:54 KSA · CLOSED  · scanner    · بدء المسح · 1154 رمزاً · الجلسة CLOSED
09:54 KSA · CLOSED  · scanner    · ساعة التأكيد مثبَّتة على شمعة 06:30Z (من cbar)
09:56 KSA · CLOSED  · scanner    · بدء المسح · 1154 رمزاً · الجلسة CLOSED
09:56 KSA · CLOSED  · scanner    · ساعة التأكيد مثبَّتة على شمعة 06:30Z (من cbar)
09:58 KSA · CLOSED  · scanner    · بدء المسح · 1154 رمزاً · الجلسة CLOSED
09:58 KSA · CLOSED  · scanner    · ساعة التأكيد مثبَّتة على شمعة 06:30Z (من cbar)
10:00 KSA · CLOSED  · scanner    · بدء المسح · 1154 رمزاً · الجلسة CLOSED
10:00 KSA · CLOSED  · scanner    · ساعة التأكيد مثبَّتة على شمعة 06:45Z (من cbar)
10:00 KSA · CLOSED  · signal     · MARSCOIN-USD · rsiDiv ▼ 61 · 1h
10:00 KSA · CLOSED  · signal     · UNI-USD · tfAlign ▲ 89 · 1d
10:00 KSA · CLOSED  · signal     · THE-USD · orb ▼ 65 · 15m
10:00 KSA · CLOSED  · signal     · HOLO-USD · momo ▲ 86 · 1h
10:01 KSA · CLOSED  · scanner    · بدء المسح · 1154 رمزاً · الجلسة CLOSED
10:01 KSA · CLOSED  · scanner    · ساعة التأكيد مثبَّتة على شمعة 06:45Z (من cbar)
10:02 KSA · CLOSED  · scanner    · بدء المسح · 1154 رمزاً · الجلسة CLOSED
10:02 KSA · CLOSED  · scanner    · ساعة التأكيد مثبَّتة على شمعة 06:45Z (من cbar)
10:04 KSA · CLOSED  · scanner    · بدء المسح · 1154 رمزاً · الجلسة CLOSED
10:04 KSA · CLOSED  · scanner    · ساعة التأكيد مثبَّتة على شمعة 06:45Z (من cbar)
10:08 KSA · CLOSED  · scanner    · بدء المسح · 1154 رمزاً · الجلسة CLOSED
10:08 KSA · CLOSED  · scanner    · ساعة التأكيد مثبَّتة على شمعة 06:45Z (من cbar)
10:10 KSA · CLOSED  · scanner    · بدء المسح · 1154 رمزاً · الجلسة CLOSED
10:10 KSA · CLOSED  · scanner    · ساعة التأكيد مثبَّتة على شمعة 06:45Z (من cbar)
10:12 KSA · CLOSED  · scanner    · بدء المسح · 1154 رمزاً · الجلسة CLOSED
10:12 KSA · CLOSED  · scanner    · ساعة التأكيد مثبَّتة على شمعة 06:45Z (من cbar)
10:14 KSA · CLOSED  · scanner    · بدء المسح · 1154 رمزاً · الجلسة CLOSED
10:14 KSA · CLOSED  · scanner    · ساعة التأكيد مثبَّتة على شمعة 06:45Z (من cbar)
10:16 KSA · CLOSED  · scanner    · بدء المسح · 1154 رمزاً · الجلسة CLOSED
10:16 KSA · CLOSED  · scanner    · ساعة التأكيد مثبَّتة على شمعة 07:00Z (من cbar)
10:16 KSA · CLOSED  · signal     · DOT-USD · brk ▲ 55 · 15m
10:16 KSA · CLOSED  · signal     · HOLO-USD · sqzExp ▼ 63 · 1h
10:17 KSA · CLOSED  · scanner    · بدء المسح · 1154 رمزاً · الجلسة CLOSED
10:17 KSA · CLOSED  · scanner    · ساعة التأكيد مثبَّتة على شمعة 07:00Z (من cbar)
10:18 KSA · CLOSED  · scanner    · بدء المسح · 1154 رمزاً · الجلسة CLOSED
10:18 KSA · CLOSED  · scanner    · ساعة التأكيد مثبَّتة على شمعة 07:00Z (من cbar)
10:20 KSA · CLOSED  · scanner    · بدء المسح · 1154 رمزاً · الجلسة CLOSED
10:20 KSA · CLOSED  · scanner    · ساعة التأكيد مثبَّتة على شمعة 07:00Z (من cbar)
10:22 KSA · CLOSED  · scanner    · بدء المسح · 1154 رمزاً · الجلسة CLOSED
10:22 KSA · CLOSED  · scanner    · ساعة التأكيد مثبَّتة على شمعة 07:00Z (من cbar)
10:23 KSA · CLOSED  · scanner    · بدء المسح · 1154 رمزاً · الجلسة CLOSED
10:23 KSA · CLOSED  · scanner    · ساعة التأكيد مثبَّتة على شمعة 07:00Z (من cbar)
10:24 KSA · CLOSED  · scanner    · بدء المسح · 1154 رمزاً · الجلسة CLOSED
10:24 KSA · CLOSED  · scanner    · ساعة التأكيد مثبَّتة على شمعة 07:00Z (من cbar)
10:26 KSA · CLOSED  · scanner    · بدء المسح · 1154 رمزاً · الجلسة CLOSED
10:26 KSA · CLOSED  · scanner    · ساعة التأكيد مثبَّتة على شمعة 07:00Z (من cbar)
10:28 KSA · CLOSED  · scanner    · بدء المسح · 1154 رمزاً · الجلسة CLOSED
10:28 KSA · CLOSED  · scanner    · ساعة التأكيد مثبَّتة على شمعة 07:00Z (من cbar)
10:30 KSA · CLOSED  · scanner    · بدء المسح · 1154 رمزاً · الجلسة CLOSED
10:30 KSA · CLOSED  · scanner    · ساعة التأكيد مثبَّتة على شمعة 07:15Z (من cbar)
10:30 KSA · CLOSED  · signal     · UNI-USD · tfAlign ▲ 95 · 1d
10:31 KSA · CLOSED  · scanner    · بدء المسح · 1154 رمزاً · الجلسة CLOSED
10:31 KSA · CLOSED  · scanner    · ساعة التأكيد مثبَّتة على شمعة 07:15Z (من cbar)
10:32 KSA · CLOSED  · scanner    · بدء المسح · 1154 رمزاً · الجلسة CLOSED
10:32 KSA · CLOSED  · scanner    · ساعة التأكيد مثبَّتة على شمعة 07:15Z (من cbar)
10:34 KSA · CLOSED  · scanner    · بدء المسح · 1154 رمزاً · الجلسة CLOSED
10:34 KSA · CLOSED  · scanner    · ساعة التأكيد مثبَّتة على شمعة 07:15Z (من cbar)
10:36 KSA · CLOSED  · scanner    · بدء المسح · 1154 رمزاً · الجلسة CLOSED
10:36 KSA · CLOSED  · scanner    · ساعة التأكيد مثبَّتة على شمعة 07:15Z (من cbar)
10:39 KSA · CLOSED  · scanner    · بدء المسح · 1154 رمزاً · الجلسة CLOSED
10:39 KSA · CLOSED  · scanner    · ساعة التأكيد مثبَّتة على شمعة 07:15Z (من cbar)
10:40 KSA · CLOSED  · scanner    · بدء المسح · 1154 رمزاً · الجلسة CLOSED
10:40 KSA · CLOSED  · scanner    · ساعة التأكيد مثبَّتة على شمعة 07:15Z (من cbar)
10:42 KSA · CLOSED  · scanner    · بدء المسح · 1154 رمزاً · الجلسة CLOSED
10:42 KSA · CLOSED  · scanner    · ساعة التأكيد مثبَّتة على شمعة 07:15Z (من cbar)
10:44 KSA · CLOSED  · scanner    · بدء المسح · 1154 رمزاً · الجلسة CLOSED
10:44 KSA · CLOSED  · scanner    · ساعة التأكيد مثبَّتة على شمعة 07:15Z (من cbar)
10:45 KSA · CLOSED  · scanner    · بدء المسح · 1154 رمزاً · الجلسة CLOSED
10:45 KSA · CLOSED  · scanner    · ساعة التأكيد مثبَّتة على شمعة 07:30Z (من cbar)
10:45 KSA · CLOSED  · signal     · BTC-USD · meanRev ▲ 78 · 15m
10:45 KSA · CLOSED  · signal     · TAO-USD · orb ▼ 65 · 15m
10:45 KSA · CLOSED  · signal     · TAO-USD · vwapRec ▲ 78 · 15m
10:46 KSA · CLOSED  · scanner    · بدء المسح · 1154 رمزاً · الجلسة CLOSED
10:46 KSA · CLOSED  · scanner    · ساعة التأكيد مثبَّتة على شمعة 07:30Z (من cbar)
10:48 KSA · CLOSED  · scanner    · بدء المسح · 1154 رمزاً · الجلسة CLOSED
10:48 KSA · CLOSED  · scanner    · ساعة التأكيد مثبَّتة على شمعة 07:30Z (من cbar)
10:50 KSA · CLOSED  · scanner    · بدء المسح · 1154 رمزاً · الجلسة CLOSED
10:50 KSA · CLOSED  · scanner    · ساعة التأكيد مثبَّتة على شمعة 07:30Z (من cbar)
10:52 KSA · CLOSED  · scanner    · بدء المسح · 1154 رمزاً · الجلسة CLOSED
10:52 KSA · CLOSED  · scanner    · ساعة التأكيد مثبَّتة على شمعة 07:30Z (من cbar)
10:53 KSA · CLOSED  · scanner    · بدء المسح · 1154 رمزاً · الجلسة CLOSED
10:53 KSA · CLOSED  · scanner    · ساعة التأكيد مثبَّتة على شمعة 07:30Z (من cbar)
10:54 KSA · CLOSED  · scanner    · بدء المسح · 1154 رمزاً · الجلسة CLOSED
10:54 KSA · CLOSED  · scanner    · ساعة التأكيد مثبَّتة على شمعة 07:30Z (من cbar)
10:56 KSA · CLOSED  · scanner    · بدء المسح · 1154 رمزاً · الجلسة CLOSED
10:56 KSA · CLOSED  · scanner    · ساعة التأكيد مثبَّتة على شمعة 07:30Z (من cbar)
10:58 KSA · CLOSED  · scanner    · بدء المسح · 1154 رمزاً · الجلسة CLOSED
10:58 KSA · CLOSED  · scanner    · ساعة التأكيد مثبَّتة على شمعة 07:30Z (من cbar)
11:00 KSA · PRE     · scanner    · بدء المسح · 1154 رمزاً · الجلسة PRE
11:00 KSA · PRE     · scanner    · ساعة التأكيد مثبَّتة على شمعة 07:45Z (من cbar)
11:00 KSA · PRE     · signal     · DOT-USD · volSpike ▼ 89 · 15m
11:00 KSA · PRE     · signal     · VTHO-USD · momo ▲ 58 · 1h
11:00 KSA · PRE     · signal     · 牛来-USD · momo ▲ 60 · 1h
11:00 KSA · PRE     · signal     · THE-USD · momo ▼ 56 · 1h
11:00 KSA · PRE     · signal     · EUR-USD · brk ▼ 100 · 15m
11:00 KSA · PRE     · signal     · ASTER-USD · volSpike ▼ 78 · 15m
11:01 KSA · PRE     · scanner    · بدء المسح · 1154 رمزاً · الجلسة PRE
11:01 KSA · PRE     · scanner    · ساعة التأكيد مثبَّتة على شمعة 07:45Z (من cbar)
11:02 KSA · PRE     · scanner    · بدء المسح · 1154 رمزاً · الجلسة PRE
11:02 KSA · PRE     · scanner    · ساعة التأكيد مثبَّتة على شمعة 07:45Z (من cbar)
11:04 KSA · PRE     · scanner    · بدء المسح · 1154 رمزاً · الجلسة PRE
11:04 KSA · PRE     · scanner    · ساعة التأكيد مثبَّتة على شمعة 07:45Z (من cbar)
11:06 KSA · PRE     · scanner    · بدء المسح · 1154 رمزاً · الجلسة PRE
11:06 KSA · PRE     · scanner    · ساعة التأكيد مثبَّتة على شمعة 07:45Z (من cbar)
11:09 KSA · PRE     · scanner    · بدء المسح · 1154 رمزاً · الجلسة PRE
11:09 KSA · PRE     · scanner    · ساعة التأكيد مثبَّتة على شمعة 07:45Z (من cbar)
11:10 KSA · PRE     · scanner    · بدء المسح · 1154 رمزاً · الجلسة PRE
11:10 KSA · PRE     · scanner    · ساعة التأكيد مثبَّتة على شمعة 07:45Z (من cbar)
11:12 KSA · PRE     · scanner    · بدء المسح · 1154 رمزاً · الجلسة PRE
11:12 KSA · PRE     · scanner    · ساعة التأكيد مثبَّتة على شمعة 07:45Z (من cbar)
11:14 KSA · PRE     · scanner    · بدء المسح · 1154 رمزاً · الجلسة PRE
11:14 KSA · PRE     · scanner    · ساعة التأكيد مثبَّتة على شمعة 07:45Z (من cbar)
11:15 KSA · PRE     · scanner    · بدء المسح · 1154 رمزاً · الجلسة PRE
11:15 KSA · PRE     · scanner    · ساعة التأكيد مثبَّتة على شمعة 08:00Z (من cbar)
11:15 KSA · PRE     · signal     · TSLA · brk ▲ 84 · 15m · جلسة ممتدة
11:15 KSA · PRE     · signal     · COST · volSpike ▲ 89 · 15m · جلسة ممتدة
11:15 KSA · PRE     · signal     · PEP · meanRev ▼ 73 · 15m · جلسة ممتدة
11:15 KSA · PRE     · signal     · COP · meanRev ▲ 68 · 15m · جلسة ممتدة
11:15 KSA · PRE     · signal     · HOOD · meanRev ▲ 70 · 15m · جلسة ممتدة
11:15 KSA · PRE     · signal     · APP · brk ▲ 64 · 15m · جلسة ممتدة
11:15 KSA · PRE     · signal     · NKE · meanRev ▼ 70 · 15m · جلسة ممتدة
11:15 KSA · PRE     · signal     · LINK-USD · orb ▼ 73 · 15m
11:15 KSA · PRE     · signal     · LINK-USD · pbTrend ▲ 79 · 1h
11:15 KSA · PRE     · signal     · VTHO-USD · orb ▲ 60 · 15m
11:15 KSA · PRE     · signal     · SPCXB-USD · brk ▼ 55 · 15m
11:15 KSA · PRE     · signal     · BNCB-USD · orb ▼ 72 · 15m
11:15 KSA · PRE     · signal     · SNXXB-USD · vwapRec ▲ 100 · 15m
11:15 KSA · PRE     · signal     · SUI-USD · vwapRec ▲ 93 · 15m
11:15 KSA · PRE     · signal     · U-USD · rsiDiv ▲ 78 · 1h
11:15 KSA · PRE     · signal     · TAO-USD · vwapRec ▼ 60 · 15m
11:15 KSA · PRE     · signal     · THE-USD · brk ▲ 57 · 15m
11:15 KSA · PRE     · signal     · THE-USD · pbTrend ▲ 86 · 1h
11:15 KSA · PRE     · signal     · ASTER-USD · orb ▼ 65 · 15m
11:16 KSA · PRE     · scanner    · بدء المسح · 1154 رمزاً · الجلسة PRE
11:16 KSA · PRE     · scanner    · ساعة التأكيد مثبَّتة على شمعة 08:00Z (من cbar)
11:18 KSA · PRE     · scanner    · بدء المسح · 1154 رمزاً · الجلسة PRE
11:18 KSA · PRE     · scanner    · ساعة التأكيد مثبَّتة على شمعة 08:00Z (من cbar)
11:20 KSA · PRE     · scanner    · بدء المسح · 1154 رمزاً · الجلسة PRE
11:20 KSA · PRE     · scanner    · ساعة التأكيد مثبَّتة على شمعة 08:00Z (من cbar)
11:22 KSA · PRE     · scanner    · بدء المسح · 1154 رمزاً · الجلسة PRE
11:22 KSA · PRE     · scanner    · ساعة التأكيد مثبَّتة على شمعة 08:00Z (من cbar)
11:23 KSA · PRE     · scanner    · بدء المسح · 1154 رمزاً · الجلسة PRE
11:23 KSA · PRE     · scanner    · ساعة التأكيد مثبَّتة على شمعة 08:00Z (من cbar)
11:24 KSA · PRE     · scanner    · بدء المسح · 1154 رمزاً · الجلسة PRE
11:24 KSA · PRE     · scanner    · ساعة التأكيد مثبَّتة على شمعة 08:00Z (من cbar)
11:26 KSA · PRE     · scanner    · بدء المسح · 1154 رمزاً · الجلسة PRE
11:26 KSA · PRE     · scanner    · ساعة التأكيد مثبَّتة على شمعة 08:00Z (من cbar)
11:28 KSA · PRE     · scanner    · بدء المسح · 1154 رمزاً · الجلسة PRE
11:28 KSA · PRE     · scanner    · ساعة التأكيد مثبَّتة على شمعة 08:00Z (من cbar)
11:30 KSA · PRE     · scanner    · بدء المسح · 1154 رمزاً · الجلسة PRE
11:30 KSA · PRE     · scanner    · ساعة التأكيد مثبَّتة على شمعة 08:15Z (من cbar)
11:30 KSA · PRE     · signal     · AMAT · volSpike ▲ 56 · 15m · جلسة ممتدة
11:30 KSA · PRE     · signal     · DELL · vwapRec ▲ 78 · 15m · جلسة ممتدة
11:30 KSA · PRE     · signal     · KLAC · vwapRec ▲ 100 · 15m · جلسة ممتدة
11:30 KSA · PRE     · signal     · NEM · vwapRec ▲ 100 · 15m · جلسة ممتدة
11:30 KSA · PRE     · signal     · NEM · volSpike ▲ 72 · 15m · جلسة ممتدة
11:30 KSA · PRE     · signal     · ON · vwapRec ▲ 78 · 15m · جلسة ممتدة
11:30 KSA · PRE     · signal     · ZEC-USD · rsiDiv ▼ 78 · 15m
11:30 KSA · PRE     · signal     · NEAR-USD · volSpike ▲ 78 · 15m
11:30 KSA · PRE     · signal     · OP-USD · rsiDiv ▼ 67 · 15m
11:30 KSA · PRE     · signal     · TAO-USD · tfAlign ▲ 87 · 1d
11:30 KSA · PRE     · signal     · BANK-USD · vwapRec ▲ 63 · 15m
11:31 KSA · PRE     · scanner    · بدء المسح · 1154 رمزاً · الجلسة PRE
11:31 KSA · PRE     · scanner    · ساعة التأكيد مثبَّتة على شمعة 08:15Z (من cbar)
11:32 KSA · PRE     · scanner    · بدء المسح · 1154 رمزاً · الجلسة PRE
11:32 KSA · PRE     · scanner    · ساعة التأكيد مثبَّتة على شمعة 08:15Z (من cbar)
11:34 KSA · PRE     · scanner    · بدء المسح · 1154 رمزاً · الجلسة PRE
11:34 KSA · PRE     · scanner    · ساعة التأكيد مثبَّتة على شمعة 08:15Z (من cbar)
11:36 KSA · PRE     · scanner    · بدء المسح · 1154 رمزاً · الجلسة PRE
11:36 KSA · PRE     · scanner    · ساعة التأكيد مثبَّتة على شمعة 08:15Z (من cbar)
11:39 KSA · PRE     · scanner    · بدء المسح · 1154 رمزاً · الجلسة PRE
11:39 KSA · PRE     · scanner    · ساعة التأكيد مثبَّتة على شمعة 08:15Z (من cbar)
11:40 KSA · PRE     · scanner    · بدء المسح · 1154 رمزاً · الجلسة PRE
11:40 KSA · PRE     · scanner    · ساعة التأكيد مثبَّتة على شمعة 08:15Z (من cbar)
11:42 KSA · PRE     · scanner    · بدء المسح · 1154 رمزاً · الجلسة PRE
11:42 KSA · PRE     · scanner    · ساعة التأكيد مثبَّتة على شمعة 08:15Z (من cbar)
11:44 KSA · PRE     · scanner    · بدء المسح · 1154 رمزاً · الجلسة PRE
11:44 KSA · PRE     · scanner    · ساعة التأكيد مثبَّتة على شمعة 08:15Z (من cbar)
11:45 KSA · PRE     · scanner    · بدء المسح · 1154 رمزاً · الجلسة PRE
11:45 KSA · PRE     · scanner    · ساعة التأكيد مثبَّتة على شمعة 08:30Z (من cbar)
11:45 KSA · PRE     · signal     · AVGO · vwapRec ▲ 65 · 15m · جلسة ممتدة
11:45 KSA · PRE     · signal     · KO · orb ▲ 80 · 15m · جلسة ممتدة
11:45 KSA · PRE     · signal     · TMUS · vwapRec ▼ 78 · 15m · جلسة ممتدة
11:45 KSA · PRE     · signal     · HON · brk ▲ 69 · 15m · جلسة ممتدة
11:45 KSA · PRE     · signal     · SWKS · volSpike ▲ 72 · 15m · جلسة ممتدة
11:45 KSA · PRE     · signal     · UNI-USD · tfAlign ▲ 89 · 1d
11:45 KSA · PRE     · signal     · HOLO-USD · brk ▲ 86 · 15m
11:45 KSA · PRE     · signal     · PENGU-USD · brk ▲ 68 · 15m
11:46 KSA · PRE     · scanner    · بدء المسح · 1154 رمزاً · الجلسة PRE
11:46 KSA · PRE     · scanner    · ساعة التأكيد مثبَّتة على شمعة 08:30Z (من cbar)
11:48 KSA · PRE     · scanner    · بدء المسح · 1154 رمزاً · الجلسة PRE
11:48 KSA · PRE     · scanner    · ساعة التأكيد مثبَّتة على شمعة 08:30Z (من cbar)
11:50 KSA · PRE     · scanner    · بدء المسح · 1154 رمزاً · الجلسة PRE
11:50 KSA · PRE     · scanner    · ساعة التأكيد مثبَّتة على شمعة 08:30Z (من cbar)
11:52 KSA · PRE     · scanner    · بدء المسح · 1154 رمزاً · الجلسة PRE
11:52 KSA · PRE     · scanner    · ساعة التأكيد مثبَّتة على شمعة 08:30Z (من cbar)
11:53 KSA · PRE     · scanner    · بدء المسح · 1154 رمزاً · الجلسة PRE
11:53 KSA · PRE     · scanner    · ساعة التأكيد مثبَّتة على شمعة 08:30Z (من cbar)
11:54 KSA · PRE     · scanner    · بدء المسح · 1154 رمزاً · الجلسة PRE
11:54 KSA · PRE     · scanner    · ساعة التأكيد مثبَّتة على شمعة 08:30Z (من cbar)
11:56 KSA · PRE     · scanner    · بدء المسح · 1154 رمزاً · الجلسة PRE
11:56 KSA · PRE     · scanner    · ساعة التأكيد مثبَّتة على شمعة 08:30Z (من cbar)
11:58 KSA · PRE     · scanner    · بدء المسح · 1154 رمزاً · الجلسة PRE
11:58 KSA · PRE     · scanner    · ساعة التأكيد مثبَّتة على شمعة 08:30Z (من cbar)
12:00 KSA · PRE     · scanner    · بدء المسح · 1154 رمزاً · الجلسة PRE
12:00 KSA · PRE     · scanner    · ساعة التأكيد مثبَّتة على شمعة 08:45Z (من cbar)
12:00 KSA · PRE     · signal     · GOOG · vwapRec ▲ 63 · 15m · جلسة ممتدة
12:00 KSA · PRE     · signal     · PFE · meanRev ▼ 70 · 15m · جلسة ممتدة
12:00 KSA · PRE     · signal     · NEM · volSpike ▲ 72 · 15m · جلسة ممتدة
12:00 KSA · PRE     · signal     · HOOD · meanRev ▲ 70 · 15m · جلسة ممتدة
12:00 KSA · PRE     · signal     · MCHP · orb ▲ 60 · 15m · جلسة ممتدة
12:00 KSA · PRE     · signal     · MSTRB-USD · rsiDiv ▼ 67 · 1h
12:00 KSA · PRE     · signal     · BNCB-USD · brk ▲ 64 · 15m
12:00 KSA · PRE     · signal     · CVC-USD · vwapRec ▲ 100 · 15m
12:00 KSA · PRE     · signal     · SUI-USD · orb ▼ 65 · 15m
12:01 KSA · PRE     · scanner    · بدء المسح · 1154 رمزاً · الجلسة PRE
12:01 KSA · PRE     · scanner    · ساعة التأكيد مثبَّتة على شمعة 08:45Z (من cbar)
12:02 KSA · PRE     · scanner    · بدء المسح · 1154 رمزاً · الجلسة PRE
12:02 KSA · PRE     · scanner    · ساعة التأكيد مثبَّتة على شمعة 08:45Z (من cbar)
12:04 KSA · PRE     · scanner    · بدء المسح · 1154 رمزاً · الجلسة PRE
12:04 KSA · PRE     · scanner    · ساعة التأكيد مثبَّتة على شمعة 08:45Z (من cbar)
12:06 KSA · PRE     · scanner    · بدء المسح · 1154 رمزاً · الجلسة PRE
12:06 KSA · PRE     · scanner    · ساعة التأكيد مثبَّتة على شمعة 08:45Z (من cbar)
12:09 KSA · PRE     · scanner    · بدء المسح · 1154 رمزاً · الجلسة PRE
12:09 KSA · PRE     · scanner    · ساعة التأكيد مثبَّتة على شمعة 08:45Z (من cbar)
12:10 KSA · PRE     · scanner    · بدء المسح · 1154 رمزاً · الجلسة PRE
12:10 KSA · PRE     · scanner    · ساعة التأكيد مثبَّتة على شمعة 08:45Z (من cbar)
12:12 KSA · PRE     · scanner    · بدء المسح · 1154 رمزاً · الجلسة PRE
12:12 KSA · PRE     · scanner    · ساعة التأكيد مثبَّتة على شمعة 08:45Z (من cbar)
12:14 KSA · PRE     · scanner    · بدء المسح · 1154 رمزاً · الجلسة PRE
12:14 KSA · PRE     · scanner    · ساعة التأكيد مثبَّتة على شمعة 08:45Z (من cbar)
12:15 KSA · PRE     · scanner    · بدء المسح · 1154 رمزاً · الجلسة PRE
12:15 KSA · PRE     · scanner    · ساعة التأكيد مثبَّتة على شمعة 09:00Z (من cbar)
12:15 KSA · PRE     · signal     · MU · vwapRec ▼ 60 · 15m · جلسة ممتدة
12:15 KSA · PRE     · signal     · FTNT · orb ▲ 94 · 15m · جلسة ممتدة
12:15 KSA · PRE     · signal     · BKNG · vwapRec ▼ 70 · 15m · جلسة ممتدة
12:15 KSA · PRE     · signal     · ADSK · orb ▼ 85 · 15m · جلسة ممتدة
12:15 KSA · PRE     · signal     · ON · vwapRec ▲ 91 · 15m · جلسة ممتدة
12:15 KSA · PRE     · signal     · DOGE-USD · pbTrend ▲ 86 · 1h
12:15 KSA · PRE     · signal     · TAO-USD · momo ▼ 56 · 1h
12:15 KSA · PRE     · signal     · HOLO-USD · sqzExp ▼ 70 · 1h
12:15 KSA · PRE     · signal     · HOLO-USD · momo ▲ 89 · 1h
12:15 KSA · PRE     · signal     · BANK-USD · sqzExp ▲ 55 · 1h
12:15 KSA · PRE     · signal     · ASTER-USD · pbTrend ▲ 71 · 1h
12:16 KSA · PRE     · scanner    · بدء المسح · 1154 رمزاً · الجلسة PRE
12:16 KSA · PRE     · scanner    · ساعة التأكيد مثبَّتة على شمعة 09:00Z (من cbar)
12:18 KSA · PRE     · scanner    · بدء المسح · 1154 رمزاً · الجلسة PRE
12:18 KSA · PRE     · scanner    · ساعة التأكيد مثبَّتة على شمعة 09:00Z (من cbar)
12:20 KSA · PRE     · scanner    · بدء المسح · 1154 رمزاً · الجلسة PRE
12:20 KSA · PRE     · scanner    · ساعة التأكيد مثبَّتة على شمعة 09:00Z (من cbar)
12:22 KSA · PRE     · scanner    · بدء المسح · 1154 رمزاً · الجلسة PRE
12:22 KSA · PRE     · scanner    · ساعة التأكيد مثبَّتة على شمعة 09:00Z (من cbar)
12:23 KSA · PRE     · scanner    · بدء المسح · 1154 رمزاً · الجلسة PRE
12:23 KSA · PRE     · scanner    · ساعة التأكيد مثبَّتة على شمعة 09:00Z (من cbar)
12:24 KSA · PRE     · scanner    · بدء المسح · 1154 رمزاً · الجلسة PRE
12:24 KSA · PRE     · scanner    · ساعة التأكيد مثبَّتة على شمعة 09:00Z (من cbar)
12:26 KSA · PRE     · scanner    · بدء المسح · 1154 رمزاً · الجلسة PRE
12:26 KSA · PRE     · scanner    · ساعة التأكيد مثبَّتة على شمعة 09:00Z (من cbar)
12:28 KSA · PRE     · scanner    · بدء المسح · 1154 رمزاً · الجلسة PRE
12:28 KSA · PRE     · scanner    · ساعة التأكيد مثبَّتة على شمعة 09:00Z (من cbar)
12:30 KSA · PRE     · scanner    · بدء المسح · 1154 رمزاً · الجلسة PRE
12:30 KSA · PRE     · scanner    · ساعة التأكيد مثبَّتة على شمعة 09:15Z (من cbar)
12:30 KSA · PRE     · signal     · NVDA · orb ▲ 75 · 15m · جلسة ممتدة
12:30 KSA · PRE     · signal     · ADP · brk ▼ 83 · 15m · جلسة ممتدة
12:30 KSA · PRE     · signal     · TRX-USD · meanRev ▲ 80 · 15m
12:30 KSA · PRE     · signal     · SMCI · vwapRec ▲ 78 · 15m · جلسة ممتدة
12:30 KSA · PRE     · signal     · SUI-USD · tfAlign ▲ 87 · 1d
12:31 KSA · PRE     · scanner    · بدء المسح · 1154 رمزاً · الجلسة PRE
12:31 KSA · PRE     · scanner    · ساعة التأكيد مثبَّتة على شمعة 09:15Z (من cbar)
12:32 KSA · PRE     · scanner    · بدء المسح · 1154 رمزاً · الجلسة PRE
12:32 KSA · PRE     · scanner    · ساعة التأكيد مثبَّتة على شمعة 09:15Z (من cbar)
12:34 KSA · PRE     · scanner    · بدء المسح · 1154 رمزاً · الجلسة PRE
12:34 KSA · PRE     · scanner    · ساعة التأكيد مثبَّتة على شمعة 09:15Z (من cbar)
12:38 KSA · PRE     · scanner    · بدء المسح · 1154 رمزاً · الجلسة PRE
12:38 KSA · PRE     · scanner    · ساعة التأكيد مثبَّتة على شمعة 09:15Z (من cbar)
12:40 KSA · PRE     · scanner    · بدء المسح · 1154 رمزاً · الجلسة PRE
12:40 KSA · PRE     · scanner    · ساعة التأكيد مثبَّتة على شمعة 09:15Z (من cbar)
12:42 KSA · PRE     · scanner    · بدء المسح · 1154 رمزاً · الجلسة PRE
12:42 KSA · PRE     · scanner    · ساعة التأكيد مثبَّتة على شمعة 09:15Z (من cbar)
12:44 KSA · PRE     · scanner    · بدء المسح · 1154 رمزاً · الجلسة PRE
12:44 KSA · PRE     · scanner    · ساعة التأكيد مثبَّتة على شمعة 09:15Z (من cbar)
12:45 KSA · PRE     · scanner    · بدء المسح · 1154 رمزاً · الجلسة PRE
12:45 KSA · PRE     · scanner    · ساعة التأكيد مثبَّتة على شمعة 09:30Z (من cbar)
12:45 KSA · PRE     · signal     · MPWR · vwapRec ▲ 70 · 15m · جلسة ممتدة
12:45 KSA · PRE     · signal     · KVUE · vwapRec ▼ 70 · 15m · جلسة ممتدة
12:45 KSA · PRE     · signal     · SUI-USD · orb ▼ 63 · 15m
12:46 KSA · PRE     · scanner    · بدء المسح · 1154 رمزاً · الجلسة PRE
12:46 KSA · PRE     · scanner    · ساعة التأكيد مثبَّتة على شمعة 09:30Z (من cbar)
12:48 KSA · PRE     · scanner    · بدء المسح · 1154 رمزاً · الجلسة PRE
12:48 KSA · PRE     · scanner    · ساعة التأكيد مثبَّتة على شمعة 09:30Z (من cbar)
12:51 KSA · PRE     · scanner    · بدء المسح · 1154 رمزاً · الجلسة PRE
12:51 KSA · PRE     · scanner    · ساعة التأكيد مثبَّتة على شمعة 09:30Z (من cbar)
12:51 KSA · PRE     · signal     · CSCO · orb ▼ 59 · 15m · جلسة ممتدة
12:53 KSA · PRE     · scanner    · بدء المسح · 1154 رمزاً · الجلسة PRE
12:53 KSA · PRE     · scanner    · ساعة التأكيد مثبَّتة على شمعة 09:30Z (من cbar)
12:54 KSA · PRE     · scanner    · بدء المسح · 1154 رمزاً · الجلسة PRE
12:54 KSA · PRE     · scanner    · ساعة التأكيد مثبَّتة على شمعة 09:30Z (من cbar)
12:56 KSA · PRE     · scanner    · بدء المسح · 1154 رمزاً · الجلسة PRE
12:56 KSA · PRE     · scanner    · ساعة التأكيد مثبَّتة على شمعة 09:30Z (من cbar)
12:58 KSA · PRE     · scanner    · بدء المسح · 1154 رمزاً · الجلسة PRE
12:58 KSA · PRE     · scanner    · ساعة التأكيد مثبَّتة على شمعة 09:30Z (من cbar)
13:00 KSA · PRE     · scanner    · بدء المسح · 1154 رمزاً · الجلسة PRE
13:00 KSA · PRE     · scanner    · ساعة التأكيد مثبَّتة على شمعة 09:45Z (من cbar)
13:00 KSA · PRE     · signal     · CRWD · meanRev ▼ 78 · 15m · جلسة ممتدة
13:00 KSA · PRE     · signal     · QQQB-USD · rsiDiv ▼ 89 · 1h
13:00 KSA · PRE     · signal     · UNI-USD · momo ▲ 83 · 1h
13:00 KSA · PRE     · signal     · EUR-USD · brk ▼ 75 · 15m
13:01 KSA · PRE     · scanner    · بدء المسح · 1154 رمزاً · الجلسة PRE
13:01 KSA · PRE     · scanner    · ساعة التأكيد مثبَّتة على شمعة 09:45Z (من cbar)
13:02 KSA · PRE     · scanner    · بدء المسح · 1154 رمزاً · الجلسة PRE
13:02 KSA · PRE     · scanner    · ساعة التأكيد مثبَّتة على شمعة 09:45Z (من cbar)
13:04 KSA · PRE     · scanner    · بدء المسح · 1154 رمزاً · الجلسة PRE
13:04 KSA · PRE     · scanner    · ساعة التأكيد مثبَّتة على شمعة 09:45Z (من cbar)
13:08 KSA · PRE     · scanner    · بدء المسح · 1154 رمزاً · الجلسة PRE
13:08 KSA · PRE     · scanner    · ساعة التأكيد مثبَّتة على شمعة 09:45Z (من cbar)
13:10 KSA · PRE     · scanner    · بدء المسح · 1154 رمزاً · الجلسة PRE
13:10 KSA · PRE     · scanner    · ساعة التأكيد مثبَّتة على شمعة 09:45Z (من cbar)
13:12 KSA · PRE     · scanner    · بدء المسح · 1154 رمزاً · الجلسة PRE
13:12 KSA · PRE     · scanner    · ساعة التأكيد مثبَّتة على شمعة 09:45Z (من cbar)
13:14 KSA · PRE     · scanner    · بدء المسح · 1154 رمزاً · الجلسة PRE
13:14 KSA · PRE     · scanner    · ساعة التأكيد مثبَّتة على شمعة 09:45Z (من cbar)
13:15 KSA · PRE     · scanner    · بدء المسح · 1154 رمزاً · الجلسة PRE
13:15 KSA · PRE     · scanner    · ساعة التأكيد مثبَّتة على شمعة 10:00Z (من cbar)
13:15 KSA · PRE     · signal     · CVX · orb ▲ 73 · 15m · جلسة ممتدة
13:15 KSA · PRE     · signal     · UNI-USD · orb ▼ 73 · 15m
13:15 KSA · PRE     · signal     · THE-USD · pbTrend ▲ 86 · 1h
13:15 KSA · PRE     · signal     · THE-USD · momo ▼ 81 · 1h
13:15 KSA · PRE     · signal     · ASTER-USD · pbTrend ▲ 76 · 1h
13:16 KSA · PRE     · scanner    · بدء المسح · 1154 رمزاً · الجلسة PRE
13:16 KSA · PRE     · scanner    · ساعة التأكيد مثبَّتة على شمعة 10:00Z (من cbar)
13:18 KSA · PRE     · scanner    · بدء المسح · 1154 رمزاً · الجلسة PRE
13:18 KSA · PRE     · scanner    · ساعة التأكيد مثبَّتة على شمعة 10:00Z (من cbar)
13:21 KSA · PRE     · scanner    · بدء المسح · 1154 رمزاً · الجلسة PRE
13:21 KSA · PRE     · scanner    · ساعة التأكيد مثبَّتة على شمعة 10:00Z (من cbar)
13:23 KSA · PRE     · scanner    · بدء المسح · 1154 رمزاً · الجلسة PRE
13:23 KSA · PRE     · scanner    · ساعة التأكيد مثبَّتة على شمعة 10:00Z (من cbar)
13:24 KSA · PRE     · scanner    · بدء المسح · 1154 رمزاً · الجلسة PRE
13:24 KSA · PRE     · scanner    · ساعة التأكيد مثبَّتة على شمعة 10:00Z (من cbar)
13:26 KSA · PRE     · scanner    · بدء المسح · 1154 رمزاً · الجلسة PRE
13:26 KSA · PRE     · scanner    · ساعة التأكيد مثبَّتة على شمعة 10:00Z (من cbar)
13:28 KSA · PRE     · scanner    · بدء المسح · 1154 رمزاً · الجلسة PRE
13:28 KSA · PRE     · scanner    · ساعة التأكيد مثبَّتة على شمعة 10:00Z (من cbar)
13:30 KSA · PRE     · scanner    · بدء المسح · 1154 رمزاً · الجلسة PRE
13:30 KSA · PRE     · scanner    · ساعة التأكيد مثبَّتة على شمعة 10:15Z (من cbar)
13:30 KSA · PRE     · signal     · SPGI · vwapRec ▲ 60 · 15m · جلسة ممتدة
13:30 KSA · PRE     · signal     · PWR · vwapRec ▼ 60 · 15m · جلسة ممتدة
13:30 KSA · PRE     · signal     · NEAR-USD · rsiDiv ▼ 67 · 15m
13:30 KSA · PRE     · signal     · MSTRB-USD · orb ▲ 60 · 15m
13:30 KSA · PRE     · signal     · PUMP-USD · brk ▼ 68 · 15m
13:30 KSA · PRE     · signal     · PENGU-USD · rsiDiv ▼ 72 · 15m
13:31 KSA · PRE     · scanner    · بدء المسح · 1154 رمزاً · الجلسة PRE
13:31 KSA · PRE     · scanner    · ساعة التأكيد مثبَّتة على شمعة 10:15Z (من cbar)
13:32 KSA · PRE     · scanner    · بدء المسح · 1154 رمزاً · الجلسة PRE
13:32 KSA · PRE     · scanner    · ساعة التأكيد مثبَّتة على شمعة 10:15Z (من cbar)
13:34 KSA · PRE     · scanner    · بدء المسح · 1154 رمزاً · الجلسة PRE
13:34 KSA · PRE     · scanner    · ساعة التأكيد مثبَّتة على شمعة 10:15Z (من cbar)
13:38 KSA · PRE     · scanner    · بدء المسح · 1154 رمزاً · الجلسة PRE
13:38 KSA · PRE     · scanner    · ساعة التأكيد مثبَّتة على شمعة 10:15Z (من cbar)
13:40 KSA · PRE     · scanner    · بدء المسح · 1154 رمزاً · الجلسة PRE
13:40 KSA · PRE     · scanner    · ساعة التأكيد مثبَّتة على شمعة 10:15Z (من cbar)
13:42 KSA · PRE     · scanner    · بدء المسح · 1154 رمزاً · الجلسة PRE
13:42 KSA · PRE     · scanner    · ساعة التأكيد مثبَّتة على شمعة 10:15Z (من cbar)
13:44 KSA · PRE     · scanner    · بدء المسح · 1154 رمزاً · الجلسة PRE
13:44 KSA · PRE     · scanner    · ساعة التأكيد مثبَّتة على شمعة 10:15Z (من cbar)
13:45 KSA · PRE     · scanner    · بدء المسح · 1154 رمزاً · الجلسة PRE
13:45 KSA · PRE     · scanner    · ساعة التأكيد مثبَّتة على شمعة 10:30Z (من cbar)
13:45 KSA · PRE     · signal     · UNI-USD · volSpike ▼ 75 · 15m
13:45 KSA · PRE     · signal     · PENGU-USD · vwapRec ▲ 93 · 15m
13:46 KSA · PRE     · scanner    · بدء المسح · 1154 رمزاً · الجلسة PRE
13:46 KSA · PRE     · scanner    · ساعة التأكيد مثبَّتة على شمعة 10:30Z (من cbar)
13:48 KSA · PRE     · scanner    · بدء المسح · 1154 رمزاً · الجلسة PRE
13:48 KSA · PRE     · scanner    · ساعة التأكيد مثبَّتة على شمعة 10:30Z (من cbar)
13:51 KSA · PRE     · scanner    · بدء المسح · 1154 رمزاً · الجلسة PRE
13:51 KSA · PRE     · scanner    · ساعة التأكيد مثبَّتة على شمعة 10:30Z (من cbar)
13:51 KSA · PRE     · signal     · MCHP · orb ▼ 68 · 15m · جلسة ممتدة
13:53 KSA · PRE     · scanner    · بدء المسح · 1154 رمزاً · الجلسة PRE
13:53 KSA · PRE     · scanner    · ساعة التأكيد مثبَّتة على شمعة 10:30Z (من cbar)
13:54 KSA · PRE     · scanner    · بدء المسح · 1154 رمزاً · الجلسة PRE
13:54 KSA · PRE     · scanner    · ساعة التأكيد مثبَّتة على شمعة 10:30Z (من cbar)
13:56 KSA · PRE     · scanner    · بدء المسح · 1154 رمزاً · الجلسة PRE
13:56 KSA · PRE     · scanner    · ساعة التأكيد مثبَّتة على شمعة 10:30Z (من cbar)
13:58 KSA · PRE     · scanner    · بدء المسح · 1154 رمزاً · الجلسة PRE
13:58 KSA · PRE     · scanner    · ساعة التأكيد مثبَّتة على شمعة 10:30Z (من cbar)
14:00 KSA · PRE     · scanner    · بدء المسح · 1154 رمزاً · الجلسة PRE
14:00 KSA · PRE     · scanner    · ساعة التأكيد مثبَّتة على شمعة 10:45Z (من cbar)
14:00 KSA · PRE     · signal     · NEM · orb ▼ 65 · 15m · جلسة ممتدة
14:00 KSA · PRE     · signal     · APP · brk ▼ 73 · 15m · جلسة ممتدة
14:00 KSA · PRE     · signal     · PEPE-USD · pbTrend ▲ 90 · 1h
14:01 KSA · PRE     · scanner    · بدء المسح · 1154 رمزاً · الجلسة PRE
14:01 KSA · PRE     · scanner    · ساعة التأكيد مثبَّتة على شمعة 10:45Z (من cbar)
14:02 KSA · PRE     · scanner    · بدء المسح · 1154 رمزاً · الجلسة PRE
14:02 KSA · PRE     · scanner    · ساعة التأكيد مثبَّتة على شمعة 10:45Z (من cbar)
14:04 KSA · PRE     · scanner    · بدء المسح · 1154 رمزاً · الجلسة PRE
14:04 KSA · PRE     · scanner    · ساعة التأكيد مثبَّتة على شمعة 10:45Z (من cbar)
14:08 KSA · PRE     · scanner    · بدء المسح · 1154 رمزاً · الجلسة PRE
14:08 KSA · PRE     · scanner    · ساعة التأكيد مثبَّتة على شمعة 10:45Z (من cbar)
14:10 KSA · PRE     · scanner    · بدء المسح · 1154 رمزاً · الجلسة PRE
14:10 KSA · PRE     · scanner    · ساعة التأكيد مثبَّتة على شمعة 10:45Z (من cbar)
14:12 KSA · PRE     · scanner    · بدء المسح · 1154 رمزاً · الجلسة PRE
14:12 KSA · PRE     · scanner    · ساعة التأكيد مثبَّتة على شمعة 10:45Z (من cbar)
14:14 KSA · PRE     · scanner    · بدء المسح · 1154 رمزاً · الجلسة PRE
14:14 KSA · PRE     · scanner    · ساعة التأكيد مثبَّتة على شمعة 10:45Z (من cbar)
14:15 KSA · PRE     · scanner    · بدء المسح · 1154 رمزاً · الجلسة PRE
14:15 KSA · PRE     · scanner    · ساعة التأكيد مثبَّتة على شمعة 11:00Z (من cbar)
14:15 KSA · PRE     · signal     · META · orb ▼ 55 · 15m · جلسة ممتدة
14:15 KSA · PRE     · signal     · COST · vwapRec ▼ 70 · 15m · جلسة ممتدة
14:15 KSA · PRE     · signal     · GE · vwapRec ▼ 78 · 15m · جلسة ممتدة
14:15 KSA · PRE     · signal     · STX · orb ▼ 65 · 15m · جلسة ممتدة
14:15 KSA · PRE     · signal     · BKNG · orb ▼ 93 · 15m · جلسة ممتدة
14:15 KSA · PRE     · signal     · SWKS · volSpike ▲ 72 · 15m · جلسة ممتدة
14:15 KSA · PRE     · signal     · PENGU-USD · meanRev ▲ 60 · 15m
14:16 KSA · PRE     · scanner    · بدء المسح · 1154 رمزاً · الجلسة PRE
14:16 KSA · PRE     · scanner    · ساعة التأكيد مثبَّتة على شمعة 11:00Z (من cbar)
14:18 KSA · PRE     · scanner    · بدء المسح · 1154 رمزاً · الجلسة PRE
14:18 KSA · PRE     · scanner    · ساعة التأكيد مثبَّتة على شمعة 11:00Z (من cbar)
14:21 KSA · PRE     · scanner    · بدء المسح · 1154 رمزاً · الجلسة PRE
14:21 KSA · PRE     · scanner    · ساعة التأكيد مثبَّتة على شمعة 11:00Z (من cbar)
14:23 KSA · PRE     · scanner    · بدء المسح · 1154 رمزاً · الجلسة PRE
14:23 KSA · PRE     · scanner    · ساعة التأكيد مثبَّتة على شمعة 11:00Z (من cbar)
14:24 KSA · PRE     · scanner    · بدء المسح · 1154 رمزاً · الجلسة PRE
14:24 KSA · PRE     · scanner    · ساعة التأكيد مثبَّتة على شمعة 11:00Z (من cbar)
14:26 KSA · PRE     · scanner    · بدء المسح · 1154 رمزاً · الجلسة PRE
14:26 KSA · PRE     · scanner    · ساعة التأكيد مثبَّتة على شمعة 11:00Z (من cbar)
14:28 KSA · PRE     · scanner    · بدء المسح · 1154 رمزاً · الجلسة PRE
14:28 KSA · PRE     · scanner    · ساعة التأكيد مثبَّتة على شمعة 11:00Z (من cbar)
14:30 KSA · PRE     · scanner    · بدء المسح · 1154 رمزاً · الجلسة PRE
14:30 KSA · PRE     · scanner    · ساعة التأكيد مثبَّتة على شمعة 11:00Z (من cbar)
14:31 KSA · PRE     · scanner    · بدء المسح · 1154 رمزاً · الجلسة PRE
14:31 KSA · PRE     · scanner    · ساعة التأكيد مثبَّتة على شمعة 11:15Z (من cbar)
14:31 KSA · PRE     · signal     · BRK-B · brk ▼ 61 · 15m · جلسة ممتدة
14:31 KSA · PRE     · signal     · AMAT · volSpike ▲ 67 · 15m · جلسة ممتدة
14:31 KSA · PRE     · signal     · MPC · orb ▲ 80 · 15m · جلسة ممتدة
14:31 KSA · PRE     · signal     · MPC · vwapRec ▼ 68 · 15m · جلسة ممتدة
14:31 KSA · PRE     · signal     · CEG · volSpike ▼ 78 · 15m · جلسة ممتدة
14:31 KSA · PRE     · signal     · ADSK · orb ▲ 77 · 15m · جلسة ممتدة
14:31 KSA · PRE     · signal     · THE-USD · brk ▲ 57 · 15m
14:31 KSA · PRE     · signal     · EUR-USD · tfAlign ▼ 100 · 1d
14:31 KSA · PRE     · signal     · HOLO-USD · volSpike ▼ 75 · 15m
14:31 KSA · PRE     · signal     · ASTER-USD · brk ▼ 73 · 15m
14:32 KSA · PRE     · scanner    · بدء المسح · 1154 رمزاً · الجلسة PRE
14:32 KSA · PRE     · scanner    · ساعة التأكيد مثبَّتة على شمعة 11:15Z (من cbar)
14:34 KSA · PRE     · scanner    · بدء المسح · 1154 رمزاً · الجلسة PRE
14:34 KSA · PRE     · scanner    · ساعة التأكيد مثبَّتة على شمعة 11:15Z (من cbar)
14:36 KSA · PRE     · scanner    · بدء المسح · 1154 رمزاً · الجلسة PRE
14:36 KSA · PRE     · scanner    · ساعة التأكيد مثبَّتة على شمعة 11:15Z (من cbar)
14:39 KSA · PRE     · scanner    · بدء المسح · 1154 رمزاً · الجلسة PRE
14:39 KSA · PRE     · scanner    · ساعة التأكيد مثبَّتة على شمعة 11:15Z (من cbar)
14:40 KSA · PRE     · scanner    · بدء المسح · 1154 رمزاً · الجلسة PRE
14:40 KSA · PRE     · scanner    · ساعة التأكيد مثبَّتة على شمعة 11:15Z (من cbar)
14:42 KSA · PRE     · scanner    · بدء المسح · 1154 رمزاً · الجلسة PRE
14:42 KSA · PRE     · scanner    · ساعة التأكيد مثبَّتة على شمعة 11:15Z (من cbar)
14:44 KSA · PRE     · scanner    · بدء المسح · 1154 رمزاً · الجلسة PRE
14:44 KSA · PRE     · scanner    · ساعة التأكيد مثبَّتة على شمعة 11:15Z (من cbar)
14:45 KSA · PRE     · scanner    · بدء المسح · 1154 رمزاً · الجلسة PRE
14:45 KSA · PRE     · scanner    · ساعة التأكيد مثبَّتة على شمعة 11:30Z (من cbar)
14:45 KSA · PRE     · signal     · NVDA · orb ▼ 73 · 15m · جلسة ممتدة
14:45 KSA · PRE     · signal     · AVGO · orb ▼ 88 · 15m · جلسة ممتدة
14:45 KSA · PRE     · signal     · BAC · vwapRec ▼ 68 · 15m · جلسة ممتدة
14:45 KSA · PRE     · signal     · AMAT · meanRev ▲ 57 · 15m · جلسة ممتدة
14:45 KSA · PRE     · signal     · CAT · volSpike ▲ 56 · 15m · جلسة ممتدة
14:45 KSA · PRE     · signal     · SNDK · orb ▼ 73 · 15m · جلسة ممتدة
14:45 KSA · PRE     · signal     · APH · volSpike ▼ 67 · 15m · جلسة ممتدة
14:45 KSA · PRE     · signal     · ETN · orb ▼ 57 · 15m · جلسة ممتدة
14:45 KSA · PRE     · signal     · WDC · orb ▼ 73 · 15m · جلسة ممتدة
14:45 KSA · PRE     · signal     · NEM · volSpike ▲ 72 · 15m · جلسة ممتدة
14:45 KSA · PRE     · signal     · LMT · orb ▼ 100 · 15m · جلسة ممتدة
14:45 KSA · PRE     · signal     · HOOD · brk ▼ 86 · 15m · جلسة ممتدة
14:45 KSA · PRE     · signal     · VRT · orb ▼ 60 · 15m · جلسة ممتدة
14:45 KSA · PRE     · signal     · PWR · brk ▼ 84 · 15m · جلسة ممتدة
14:45 KSA · PRE     · signal     · LITE · meanRev ▲ 57 · 15m · جلسة ممتدة
14:45 KSA · PRE     · signal     · LINK-USD · volSpike ▼ 78 · 15m
14:45 KSA · PRE     · signal     · XPL-USD · orb ▼ 80 · 15m
14:45 KSA · PRE     · signal     · MSTRB-USD · orb ▼ 63 · 15m
14:45 KSA · PRE     · signal     · EUR-USD · brk ▼ 100 · 15m
14:46 KSA · PRE     · scanner    · بدء المسح · 1154 رمزاً · الجلسة PRE
14:46 KSA · PRE     · scanner    · ساعة التأكيد مثبَّتة على شمعة 11:30Z (من cbar)
14:48 KSA · PRE     · scanner    · بدء المسح · 1154 رمزاً · الجلسة PRE
14:48 KSA · PRE     · scanner    · ساعة التأكيد مثبَّتة على شمعة 11:30Z (من cbar)
14:52 KSA · PRE     · scanner    · بدء المسح · 1154 رمزاً · الجلسة PRE
14:52 KSA · PRE     · scanner    · ساعة التأكيد مثبَّتة على شمعة 11:30Z (من cbar)
14:52 KSA · PRE     · signal     · BNY · volSpike ▲ 83 · 1d · جلسة ممتدة
14:52 KSA · PRE     · signal     · APD · brk ▼ 84 · 1d · جلسة ممتدة
14:52 KSA · PRE     · signal     · BIIB · volSpike ▼ 56 · 1d · جلسة ممتدة
14:52 KSA · PRE     · signal     · BG · sqzExp ▼ 56 · 1d · جلسة ممتدة
14:52 KSA · PRE     · signal     · LNT · meanRev ▲ 65 · 1d · جلسة ممتدة
14:53 KSA · PRE     · scanner    · بدء المسح · 1154 رمزاً · الجلسة PRE
14:53 KSA · PRE     · scanner    · ساعة التأكيد مثبَّتة على شمعة 11:30Z (من cbar)
14:54 KSA · PRE     · scanner    · بدء المسح · 1154 رمزاً · الجلسة PRE
14:54 KSA · PRE     · scanner    · ساعة التأكيد مثبَّتة على شمعة 11:30Z (من cbar)
14:56 KSA · PRE     · scanner    · بدء المسح · 1154 رمزاً · الجلسة PRE
14:56 KSA · PRE     · scanner    · ساعة التأكيد مثبَّتة على شمعة 11:30Z (من cbar)
14:58 KSA · PRE     · scanner    · بدء المسح · 1154 رمزاً · الجلسة PRE
14:58 KSA · PRE     · scanner    · ساعة التأكيد مثبَّتة على شمعة 11:30Z (من cbar)
15:00 KSA · PRE     · scanner    · بدء المسح · 1154 رمزاً · الجلسة PRE
15:00 KSA · PRE     · scanner    · ساعة التأكيد مثبَّتة على شمعة 11:30Z (من cbar)
15:01 KSA · PRE     · scanner    · بدء المسح · 1154 رمزاً · الجلسة PRE
15:01 KSA · PRE     · scanner    · ساعة التأكيد مثبَّتة على شمعة 11:45Z (من cbar)
15:01 KSA · PRE     · signal     · COST · orb ▼ 60 · 15m · جلسة ممتدة
15:01 KSA · PRE     · signal     · TXN · meanRev ▲ 70 · 15m · جلسة ممتدة
15:01 KSA · PRE     · signal     · LINK-USD · pbTrend ▲ 71 · 1h
15:01 KSA · PRE     · signal     · GRAM-USD · pbTrend ▲ 90 · 1h
15:01 KSA · PRE     · signal     · CRCLB-USD · pbTrend ▲ 76 · 1h
15:01 KSA · PRE     · signal     · UNI-USD · momo ▼ 64 · 1h
15:01 KSA · PRE     · signal     · TAO-USD · pbTrend ▲ 90 · 1h
15:01 KSA · PRE     · signal     · TAO-USD · momo ▼ 56 · 1h
15:01 KSA · PRE     · signal     · HOLO-USD · rsiDiv ▼ 89 · 15m
15:01 KSA · PRE     · signal     · PENGU-USD · momo ▲ 83 · 1h
15:01 KSA · PRE     · signal     · ASTER-USD · momo ▼ 61 · 1h
15:02 KSA · PRE     · scanner    · بدء المسح · 1154 رمزاً · الجلسة PRE
15:02 KSA · PRE     · scanner    · ساعة التأكيد مثبَّتة على شمعة 11:45Z (من cbar)
15:04 KSA · PRE     · scanner    · بدء المسح · 1154 رمزاً · الجلسة PRE
15:04 KSA · PRE     · scanner    · ساعة التأكيد مثبَّتة على شمعة 11:45Z (من cbar)
15:06 KSA · PRE     · scanner    · بدء المسح · 1154 رمزاً · الجلسة PRE
15:06 KSA · PRE     · scanner    · ساعة التأكيد مثبَّتة على شمعة 11:45Z (من cbar)
15:09 KSA · PRE     · scanner    · بدء المسح · 1154 رمزاً · الجلسة PRE
15:09 KSA · PRE     · scanner    · ساعة التأكيد مثبَّتة على شمعة 11:45Z (من cbar)
15:10 KSA · PRE     · scanner    · بدء المسح · 1154 رمزاً · الجلسة PRE
15:10 KSA · PRE     · scanner    · ساعة التأكيد مثبَّتة على شمعة 11:45Z (من cbar)
15:12 KSA · PRE     · scanner    · بدء المسح · 1154 رمزاً · الجلسة PRE
15:12 KSA · PRE     · scanner    · ساعة التأكيد مثبَّتة على شمعة 11:45Z (من cbar)
15:14 KSA · PRE     · scanner    · بدء المسح · 1154 رمزاً · الجلسة PRE
15:14 KSA · PRE     · scanner    · ساعة التأكيد مثبَّتة على شمعة 11:45Z (من cbar)
15:15 KSA · PRE     · scanner    · بدء المسح · 1154 رمزاً · الجلسة PRE
15:15 KSA · PRE     · scanner    · ساعة التأكيد مثبَّتة على شمعة 12:00Z (من cbar)
15:15 KSA · PRE     · signal     · COST · brk ▲ 82 · 15m · جلسة ممتدة
15:15 KSA · PRE     · signal     · MCD · meanRev ▼ 70 · 15m · جلسة ممتدة
15:15 KSA · PRE     · signal     · BSX · vwapRec ▼ 78 · 15m · جلسة ممتدة
15:15 KSA · PRE     · signal     · HBAR-USD · meanRev ▲ 75 · 15m
15:15 KSA · PRE     · signal     · ICP-USD · sqzExp ▼ 65 · 1h
15:15 KSA · PRE     · signal     · VTHO-USD · brk ▲ 77 · 15m
15:15 KSA · PRE     · signal     · QQQB-USD · pbTrend ▲ 74 · 1h
15:15 KSA · PRE     · signal     · UNI-USD · pbTrend ▲ 81 · 1h
15:15 KSA · PRE     · signal     · TAO-USD · sqzExp ▼ 63 · 1h
15:15 KSA · PRE     · signal     · PUMP-USD · sqzExp ▲ 65 · 1h
15:16 KSA · PRE     · scanner    · بدء المسح · 1154 رمزاً · الجلسة PRE
15:16 KSA · PRE     · scanner    · ساعة التأكيد مثبَّتة على شمعة 12:00Z (من cbar)
15:18 KSA · PRE     · scanner    · بدء المسح · 1154 رمزاً · الجلسة PRE
15:18 KSA · PRE     · scanner    · ساعة التأكيد مثبَّتة على شمعة 12:00Z (من cbar)
15:22 KSA · PRE     · scanner    · بدء المسح · 1154 رمزاً · الجلسة PRE
15:22 KSA · PRE     · scanner    · ساعة التأكيد مثبَّتة على شمعة 12:00Z (من cbar)
15:22 KSA · PRE     · signal     · CVS · meanRev ▲ 60 · 1d · جلسة ممتدة
15:22 KSA · PRE     · signal     · CPRT · sqzExp ▼ 56 · 1d · جلسة ممتدة
15:22 KSA · PRE     · signal     · CPRT · volSpike ▼ 72 · 1d · جلسة ممتدة
15:22 KSA · PRE     · signal     · CTSH · volSpike ▼ 89 · 1d · جلسة ممتدة
15:22 KSA · PRE     · signal     · DTE · meanRev ▲ 60 · 1d · جلسة ممتدة
15:22 KSA · PRE     · signal     · CHTR · volSpike ▼ 83 · 1d · جلسة ممتدة
15:22 KSA · PRE     · signal     · CSGP · volSpike ▼ 89 · 1d · جلسة ممتدة
15:23 KSA · PRE     · scanner    · بدء المسح · 1154 رمزاً · الجلسة PRE
15:23 KSA · PRE     · scanner    · ساعة التأكيد مثبَّتة على شمعة 12:00Z (من cbar)
15:24 KSA · PRE     · scanner    · بدء المسح · 1154 رمزاً · الجلسة PRE
15:24 KSA · PRE     · scanner    · ساعة التأكيد مثبَّتة على شمعة 12:00Z (من cbar)
15:26 KSA · PRE     · scanner    · بدء المسح · 1154 رمزاً · الجلسة PRE
15:26 KSA · PRE     · scanner    · ساعة التأكيد مثبَّتة على شمعة 12:00Z (من cbar)
15:28 KSA · PRE     · scanner    · بدء المسح · 1154 رمزاً · الجلسة PRE
15:28 KSA · PRE     · scanner    · ساعة التأكيد مثبَّتة على شمعة 12:00Z (من cbar)
15:30 KSA · PRE     · scanner    · بدء المسح · 1154 رمزاً · الجلسة PRE
15:30 KSA · PRE     · scanner    · ساعة التأكيد مثبَّتة على شمعة 12:15Z (من cbar)
15:30 KSA · PRE     · signal     · WMT · volSpike ▲ 89 · 15m · جلسة ممتدة
15:30 KSA · PRE     · signal     · COST · orb ▲ 80 · 15m · جلسة ممتدة
15:30 KSA · PRE     · signal     · CAT · volSpike ▲ 56 · 15m · جلسة ممتدة
15:30 KSA · PRE     · signal     · UBER · orb ▼ 90 · 15m · جلسة ممتدة
15:30 KSA · PRE     · signal     · NOW · brk ▲ 75 · 15m · جلسة ممتدة
15:30 KSA · PRE     · signal     · VRTX · meanRev ▲ 60 · 15m · جلسة ممتدة
15:31 KSA · PRE     · scanner    · بدء المسح · 1154 رمزاً · الجلسة PRE
15:31 KSA · PRE     · scanner    · ساعة التأكيد مثبَّتة على شمعة 12:15Z (من cbar)
15:32 KSA · PRE     · scanner    · بدء المسح · 1154 رمزاً · الجلسة PRE
15:32 KSA · PRE     · scanner    · ساعة التأكيد مثبَّتة على شمعة 12:15Z (من cbar)
15:34 KSA · PRE     · scanner    · بدء المسح · 1154 رمزاً · الجلسة PRE
15:34 KSA · PRE     · scanner    · ساعة التأكيد مثبَّتة على شمعة 12:15Z (من cbar)
15:36 KSA · PRE     · scanner    · بدء المسح · 1154 رمزاً · الجلسة PRE
15:36 KSA · PRE     · scanner    · ساعة التأكيد مثبَّتة على شمعة 12:15Z (من cbar)
15:39 KSA · PRE     · scanner    · بدء المسح · 1154 رمزاً · الجلسة PRE
15:39 KSA · PRE     · scanner    · ساعة التأكيد مثبَّتة على شمعة 12:15Z (من cbar)
15:40 KSA · PRE     · scanner    · بدء المسح · 1154 رمزاً · الجلسة PRE
15:40 KSA · PRE     · scanner    · ساعة التأكيد مثبَّتة على شمعة 12:15Z (من cbar)
15:42 KSA · PRE     · scanner    · بدء المسح · 1154 رمزاً · الجلسة PRE
15:42 KSA · PRE     · scanner    · ساعة التأكيد مثبَّتة على شمعة 12:15Z (من cbar)
15:44 KSA · PRE     · scanner    · بدء المسح · 1154 رمزاً · الجلسة PRE
15:44 KSA · PRE     · scanner    · ساعة التأكيد مثبَّتة على شمعة 12:15Z (من cbar)
15:45 KSA · PRE     · scanner    · بدء المسح · 1154 رمزاً · الجلسة PRE
15:45 KSA · PRE     · scanner    · ساعة التأكيد مثبَّتة على شمعة 12:30Z (من cbar)
15:45 KSA · PRE     · signal     · JPM · meanRev ▲ 68 · 15m · جلسة ممتدة
15:45 KSA · PRE     · signal     · APP · vwapRec ▼ 55 · 15m · جلسة ممتدة
15:45 KSA · PRE     · signal     · TRX-USD · brk ▲ 55 · 15m
15:45 KSA · PRE     · signal     · TRX-USD · meanRev ▲ 68 · 15m
15:45 KSA · PRE     · signal     · SNXXB-USD · vwapRec ▼ 68 · 15m
15:45 KSA · PRE     · signal     · EUR-USD · brk ▼ 100 · 15m
15:46 KSA · PRE     · scanner    · بدء المسح · 1154 رمزاً · الجلسة PRE
15:46 KSA · PRE     · scanner    · ساعة التأكيد مثبَّتة على شمعة 12:30Z (من cbar)
15:48 KSA · PRE     · scanner    · بدء المسح · 1154 رمزاً · الجلسة PRE
15:48 KSA · PRE     · scanner    · ساعة التأكيد مثبَّتة على شمعة 12:30Z (من cbar)
15:52 KSA · PRE     · scanner    · بدء المسح · 1154 رمزاً · الجلسة PRE
15:52 KSA · PRE     · scanner    · ساعة التأكيد مثبَّتة على شمعة 12:30Z (من cbar)
15:52 KSA · PRE     · signal     · VRTX · orb ▲ 77 · 15m · جلسة ممتدة
15:52 KSA · PRE     · signal     · HCA · volSpike ▼ 89 · 1d · جلسة ممتدة
15:52 KSA · PRE     · signal     · EXC · brk ▼ 87 · 1d · جلسة ممتدة
15:52 KSA · PRE     · signal     · HBAN · volSpike ▲ 67 · 1d · جلسة ممتدة
15:52 KSA · PRE     · signal     · GEHC · volSpike ▼ 56 · 1d · جلسة ممتدة
15:52 KSA · PRE     · signal     · INCY · volSpike ▼ 78 · 1d · جلسة ممتدة
15:52 KSA · PRE     · signal     · FFIV · sqzExp ▲ 84 · 1d · جلسة ممتدة
15:52 KSA · PRE     · signal     · FISV · meanRev ▲ 70 · 1d · جلسة ممتدة
15:52 KSA · PRE     · signal     · FISV · sqzExp ▼ 88 · 1d · جلسة ممتدة
15:52 KSA · PRE     · signal     · EXPD · volSpike ▲ 83 · 1d · جلسة ممتدة
15:52 KSA · PRE     · signal     · EXE · volSpike ▼ 72 · 1d · جلسة ممتدة
15:52 KSA · PRE     · signal     · EVRG · brk ▼ 95 · 1d · جلسة ممتدة
15:52 KSA · PRE     · signal     · GPC · brk ▼ 95 · 1d · جلسة ممتدة
15:52 KSA · PRE     · signal     · GPC · meanRev ▲ 85 · 1d · جلسة ممتدة
15:52 KSA · PRE     · signal     · GPC · sqzExp ▼ 88 · 1d · جلسة ممتدة
15:52 KSA · PRE     · signal     · GPC · volSpike ▼ 83 · 1d · جلسة ممتدة
15:52 KSA · PRE     · signal     · GEN · volSpike ▼ 83 · 1d · جلسة ممتدة
15:52 KSA · PRE     · signal     · ERIE · volSpike ▼ 89 · 1d · جلسة ممتدة
15:52 KSA · PRE     · signal     · HSIC · volSpike ▼ 61 · 1d · جلسة ممتدة
15:52 KSA · PRE     · signal     · FRT · brk ▼ 95 · 1d · جلسة ممتدة
15:53 KSA · PRE     · scanner    · بدء المسح · 1154 رمزاً · الجلسة PRE
15:53 KSA · PRE     · scanner    · ساعة التأكيد مثبَّتة على شمعة 12:30Z (من cbar)
15:54 KSA · PRE     · scanner    · بدء المسح · 1154 رمزاً · الجلسة PRE
15:54 KSA · PRE     · scanner    · ساعة التأكيد مثبَّتة على شمعة 12:30Z (من cbar)
15:56 KSA · PRE     · scanner    · بدء المسح · 1154 رمزاً · الجلسة PRE
15:56 KSA · PRE     · scanner    · ساعة التأكيد مثبَّتة على شمعة 12:30Z (من cbar)
15:58 KSA · PRE     · scanner    · بدء المسح · 1154 رمزاً · الجلسة PRE
15:58 KSA · PRE     · scanner    · ساعة التأكيد مثبَّتة على شمعة 12:30Z (من cbar)
16:01 KSA · PRE     · scanner    · بدء المسح · 1154 رمزاً · الجلسة PRE
16:01 KSA · PRE     · scanner    · ساعة التأكيد مثبَّتة على شمعة 12:45Z (من cbar)
16:01 KSA · PRE     · signal     · AMAT · volSpike ▲ 56 · 15m · جلسة ممتدة
16:01 KSA · PRE     · signal     · NEM · volSpike ▲ 72 · 15m · جلسة ممتدة
16:01 KSA · PRE     · signal     · ADP · brk ▼ 100 · 15m · جلسة ممتدة
16:01 KSA · PRE     · signal     · ADP · meanRev ▲ 60 · 15m · جلسة ممتدة
16:01 KSA · PRE     · signal     · BNB-USD · sqzExp ▼ 68 · 1h
16:01 KSA · PRE     · signal     · TRX-USD · volSpike ▲ 56 · 15m
16:01 KSA · PRE     · signal     · MTL-USD · orb ▼ 55 · 15m
16:01 KSA · PRE     · signal     · 牛来-USD · orb ▼ 83 · 15m
16:01 KSA · PRE     · scanner    · بدء المسح · 1154 رمزاً · الجلسة PRE
16:01 KSA · PRE     · scanner    · ساعة التأكيد مثبَّتة على شمعة 12:45Z (من cbar)
16:02 KSA · PRE     · scanner    · بدء المسح · 1154 رمزاً · الجلسة PRE
16:02 KSA · PRE     · scanner    · ساعة التأكيد مثبَّتة على شمعة 12:45Z (من cbar)
16:04 KSA · PRE     · scanner    · بدء المسح · 1154 رمزاً · الجلسة PRE
16:04 KSA · PRE     · scanner    · ساعة التأكيد مثبَّتة على شمعة 12:45Z (من cbar)
16:06 KSA · PRE     · scanner    · بدء المسح · 1154 رمزاً · الجلسة PRE
16:06 KSA · PRE     · scanner    · ساعة التأكيد مثبَّتة على شمعة 12:45Z (من cbar)
16:09 KSA · PRE     · scanner    · بدء المسح · 1154 رمزاً · الجلسة PRE
16:09 KSA · PRE     · scanner    · ساعة التأكيد مثبَّتة على شمعة 12:45Z (من cbar)
16:10 KSA · PRE     · scanner    · بدء المسح · 1154 رمزاً · الجلسة PRE
16:10 KSA · PRE     · scanner    · ساعة التأكيد مثبَّتة على شمعة 12:45Z (من cbar)
16:12 KSA · PRE     · scanner    · بدء المسح · 1154 رمزاً · الجلسة PRE
16:12 KSA · PRE     · scanner    · ساعة التأكيد مثبَّتة على شمعة 12:45Z (من cbar)
16:14 KSA · PRE     · scanner    · بدء المسح · 1154 رمزاً · الجلسة PRE
16:14 KSA · PRE     · scanner    · ساعة التأكيد مثبَّتة على شمعة 12:45Z (من cbar)
16:15 KSA · PRE     · scanner    · بدء المسح · 1154 رمزاً · الجلسة PRE
16:15 KSA · PRE     · scanner    · ساعة التأكيد مثبَّتة على شمعة 13:00Z (من cbar)
16:15 KSA · PRE     · signal     · ADP · vwapRec ▼ 76 · 15m · جلسة ممتدة
16:15 KSA · PRE     · signal     · BSX · volSpike ▼ 78 · 15m · جلسة ممتدة
16:15 KSA · PRE     · signal     · SMCI · vwapRec ▼ 60 · 15m · جلسة ممتدة
16:15 KSA · PRE     · signal     · SWKS · volSpike ▲ 72 · 15m · جلسة ممتدة
16:15 KSA · PRE     · signal     · DOT-USD · brk ▼ 57 · 15m
16:16 KSA · PRE     · scanner    · بدء المسح · 1154 رمزاً · الجلسة PRE
16:16 KSA · PRE     · scanner    · ساعة التأكيد مثبَّتة على شمعة 13:00Z (من cbar)
16:18 KSA · PRE     · scanner    · بدء المسح · 1154 رمزاً · الجلسة PRE
16:18 KSA · PRE     · scanner    · ساعة التأكيد مثبَّتة على شمعة 13:00Z (من cbar)
16:22 KSA · PRE     · scanner    · بدء المسح · 1154 رمزاً · الجلسة PRE
16:22 KSA · PRE     · scanner    · ساعة التأكيد مثبَّتة على شمعة 13:00Z (من cbar)
16:22 KSA · PRE     · signal     · MAR · volSpike ▲ 78 · 1d · جلسة ممتدة
16:22 KSA · PRE     · signal     · IQV · rsiDiv ▼ 100 · 1d · جلسة ممتدة
16:22 KSA · PRE     · signal     · KDP · meanRev ▲ 78 · 1d · جلسة ممتدة
16:22 KSA · PRE     · signal     · KDP · sqzExp ▼ 75 · 1d · جلسة ممتدة
16:22 KSA · PRE     · signal     · LEN · volSpike ▲ 67 · 1d · جلسة ممتدة
16:22 KSA · PRE     · signal     · NVR · volSpike ▼ 78 · 1d · جلسة ممتدة
16:23 KSA · PRE     · scanner    · بدء المسح · 1154 رمزاً · الجلسة PRE
16:23 KSA · PRE     · scanner    · ساعة التأكيد مثبَّتة على شمعة 13:00Z (من cbar)
16:24 KSA · PRE     · scanner    · بدء المسح · 1154 رمزاً · الجلسة PRE
16:24 KSA · PRE     · scanner    · ساعة التأكيد مثبَّتة على شمعة 13:00Z (من cbar)
16:26 KSA · PRE     · scanner    · بدء المسح · 1154 رمزاً · الجلسة PRE
16:26 KSA · PRE     · scanner    · ساعة التأكيد مثبَّتة على شمعة 13:00Z (من cbar)
16:28 KSA · PRE     · scanner    · بدء المسح · 1154 رمزاً · الجلسة PRE
16:28 KSA · PRE     · scanner    · ساعة التأكيد مثبَّتة على شمعة 13:00Z (من cbar)
16:30 KSA · REGULAR · scanner    · بدء المسح · 1154 رمزاً · الجلسة REGULAR
16:30 KSA · REGULAR · scanner    · ساعة التأكيد مثبَّتة على شمعة 13:15Z (من cbar)
16:30 KSA · REGULAR · signal     · MPC · meanRev ▲ 68 · 15m
16:30 KSA · REGULAR · signal     · PSX · meanRev ▲ 68 · 15m
16:30 KSA · REGULAR · signal     · NXPI · meanRev ▼ 75 · 15m
16:30 KSA · REGULAR · signal     · THE-USD · rsiDiv ▲ 89 · 15m
16:30 KSA · REGULAR · signal     · THE-USD · volSpike ▲ 69 · 15m
16:30 KSA · REGULAR · signal     · PENGU-USD · orb ▲ 65 · 15m
16:31 KSA · REGULAR · scanner    · بدء المسح · 1154 رمزاً · الجلسة REGULAR
16:31 KSA · REGULAR · scanner    · ساعة التأكيد مثبَّتة على شمعة 13:15Z (من cbar)
16:32 KSA · REGULAR · scanner    · بدء المسح · 1154 رمزاً · الجلسة REGULAR
16:32 KSA · REGULAR · scanner    · ساعة التأكيد مثبَّتة على شمعة 13:15Z (من cbar)
16:34 KSA · REGULAR · scanner    · بدء المسح · 1154 رمزاً · الجلسة REGULAR
16:34 KSA · REGULAR · scanner    · ساعة التأكيد مثبَّتة على شمعة 13:15Z (من cbar)
16:36 KSA · REGULAR · scanner    · بدء المسح · 1154 رمزاً · الجلسة REGULAR
16:36 KSA · REGULAR · scanner    · ساعة التأكيد مثبَّتة على شمعة 13:15Z (من cbar)
16:39 KSA · REGULAR · scanner    · بدء المسح · 1154 رمزاً · الجلسة REGULAR
16:39 KSA · REGULAR · scanner    · ساعة التأكيد مثبَّتة على شمعة 13:15Z (من cbar)
16:40 KSA · REGULAR · scanner    · بدء المسح · 1154 رمزاً · الجلسة REGULAR
16:40 KSA · REGULAR · scanner    · ساعة التأكيد مثبَّتة على شمعة 13:15Z (من cbar)
16:42 KSA · REGULAR · scanner    · بدء المسح · 1154 رمزاً · الجلسة REGULAR
16:42 KSA · REGULAR · scanner    · ساعة التأكيد مثبَّتة على شمعة 13:15Z (من cbar)
16:44 KSA · REGULAR · scanner    · بدء المسح · 1154 رمزاً · الجلسة REGULAR
16:44 KSA · REGULAR · scanner    · ساعة التأكيد مثبَّتة على شمعة 13:15Z (من cbar)
16:45 KSA · REGULAR · scanner    · بدء المسح · 1154 رمزاً · الجلسة REGULAR
16:45 KSA · REGULAR · scanner    · ساعة التأكيد مثبَّتة على شمعة 13:30Z (من cbar)
16:45 KSA · REGULAR · signal     · AMZN · volSpike ▼ 72 · 15m
16:45 KSA · REGULAR · signal     · BRK-B · brk ▼ 70 · 15m
16:45 KSA · REGULAR · signal     · V · volSpike ▲ 72 · 15m
16:45 KSA · REGULAR · signal     · JNJ · brk ▼ 55 · 15m
16:45 KSA · REGULAR · signal     · JNJ · volSpike ▼ 56 · 15m
16:45 KSA · REGULAR · signal     · ABBV · brk ▼ 59 · 15m
16:45 KSA · REGULAR · signal     · ABBV · volSpike ▲ 67 · 15m
16:45 KSA · REGULAR · signal     · PLTR · brk ▲ 80 · 15m
16:45 KSA · REGULAR · signal     · ORCL · brk ▼ 70 · 15m
16:45 KSA · REGULAR · signal     · AMAT · volSpike ▲ 78 · 15m
16:45 KSA · REGULAR · signal     · CAT · meanRev ▲ 65 · 15m
16:45 KSA · REGULAR · signal     · UNH · volSpike ▲ 56 · 15m
16:45 KSA · REGULAR · signal     · PM · volSpike ▼ 89 · 15m
16:45 KSA · REGULAR · signal     · CRWD · meanRev ▼ 85 · 15m
16:45 KSA · REGULAR · signal     · WFC · meanRev ▲ 68 · 15m
16:45 KSA · REGULAR · signal     · TXN · brk ▲ 73 · 15m
16:45 KSA · REGULAR · signal     · TXN · meanRev ▲ 78 · 15m
16:45 KSA · REGULAR · signal     · TXN · volSpike ▲ 78 · 15m
16:45 KSA · REGULAR · signal     · C · volSpike ▼ 78 · 15m
16:45 KSA · REGULAR · signal     · LIN · meanRev ▼ 60 · 15m
16:45 KSA · REGULAR · signal     · APH · volSpike ▼ 89 · 15m
16:45 KSA · REGULAR · signal     · SCHW · meanRev ▲ 60 · 15m
16:45 KSA · REGULAR · signal     · NEE · volSpike ▼ 89 · 15m
16:45 KSA · REGULAR · signal     · COP · volSpike ▼ 72 · 15m
16:45 KSA · REGULAR · signal     · BX · brk ▼ 89 · 15m
16:45 KSA · REGULAR · signal     · BX · meanRev ▲ 65 · 15m
16:45 KSA · REGULAR · signal     · VRTX · volSpike ▼ 83 · 15m
16:45 KSA · REGULAR · signal     · NEM · brk ▲ 64 · 15m
16:45 KSA · REGULAR · signal     · SPGI · brk ▲ 64 · 15m
16:45 KSA · REGULAR · signal     · SPGI · volSpike ▲ 67 · 15m
16:45 KSA · REGULAR · signal     · BKNG · brk ▼ 80 · 15m
16:45 KSA · REGULAR · signal     · LOW · volSpike ▼ 83 · 15m
16:45 KSA · REGULAR · signal     · PWR · volSpike ▲ 56 · 15m
16:45 KSA · REGULAR · signal     · DDOG · brk ▲ 86 · 15m
16:45 KSA · REGULAR · signal     · KKR · brk ▼ 95 · 15m
16:45 KSA · REGULAR · signal     · HPE · meanRev ▼ 70 · 15m
16:45 KSA · REGULAR · signal     · SNPS · meanRev ▼ 60 · 15m
16:45 KSA · REGULAR · signal     · SNPS · volSpike ▲ 61 · 15m
16:45 KSA · REGULAR · signal     · CMCSA · meanRev ▲ 57 · 15m
16:45 KSA · REGULAR · signal     · INTU · brk ▼ 75 · 15m
16:45 KSA · REGULAR · signal     · INTU · volSpike ▼ 78 · 15m
16:45 KSA · REGULAR · signal     · CMI · brk ▲ 55 · 15m
16:45 KSA · REGULAR · signal     · CMI · volSpike ▲ 67 · 15m
16:45 KSA · REGULAR · signal     · BSX · brk ▲ 57 · 15m
16:45 KSA · REGULAR · signal     · BSX · volSpike ▼ 67 · 15m
16:45 KSA · REGULAR · signal     · FIX · volSpike ▼ 67 · 15m
16:45 KSA · REGULAR · signal     · CIEN · brk ▲ 57 · 15m
16:45 KSA · REGULAR · signal     · VST · brk ▼ 89 · 15m
16:45 KSA · REGULAR · signal     · VST · volSpike ▼ 100 · 15m
16:45 KSA · REGULAR · signal     · AZO · brk ▼ 93 · 15m
16:45 KSA · REGULAR · signal     · AZO · tfAlign ▼ 63 · 1d
16:45 KSA · REGULAR · signal     · MCHP · brk ▲ 70 · 15m
16:45 KSA · REGULAR · signal     · SWKS · brk ▲ 91 · 15m
16:45 KSA · REGULAR · signal     · SWKS · volSpike ▲ 89 · 15m
16:45 KSA · REGULAR · signal     · PENGU-USD · tfAlign ▲ 79 · 1d
16:46 KSA · REGULAR · scanner    · بدء المسح · 1154 رمزاً · الجلسة REGULAR
16:46 KSA · REGULAR · scanner    · ساعة التأكيد مثبَّتة على شمعة 13:30Z (من cbar)
16:48 KSA · REGULAR · scanner    · بدء المسح · 1154 رمزاً · الجلسة REGULAR
16:48 KSA · REGULAR · scanner    · ساعة التأكيد مثبَّتة على شمعة 13:30Z (من cbar)
16:52 KSA · REGULAR · scanner    · بدء المسح · 1154 رمزاً · الجلسة REGULAR
16:52 KSA · REGULAR · scanner    · ساعة التأكيد مثبَّتة على شمعة 13:30Z (من cbar)
16:53 KSA · REGULAR · scanner    · بدء المسح · 1154 رمزاً · الجلسة REGULAR
16:53 KSA · REGULAR · scanner    · ساعة التأكيد مثبَّتة على شمعة 13:30Z (من cbar)
16:54 KSA · REGULAR · scanner    · بدء المسح · 1154 رمزاً · الجلسة REGULAR
16:54 KSA · REGULAR · scanner    · ساعة التأكيد مثبَّتة على شمعة 13:30Z (من cbar)
16:56 KSA · REGULAR · scanner    · بدء المسح · 1154 رمزاً · الجلسة REGULAR
16:56 KSA · REGULAR · scanner    · ساعة التأكيد مثبَّتة على شمعة 13:30Z (من cbar)
16:58 KSA · REGULAR · scanner    · بدء المسح · 1154 رمزاً · الجلسة REGULAR
16:58 KSA · REGULAR · scanner    · ساعة التأكيد مثبَّتة على شمعة 13:30Z (من cbar)
17:01 KSA · REGULAR · scanner    · بدء المسح · 1154 رمزاً · الجلسة REGULAR
17:01 KSA · REGULAR · scanner    · ساعة التأكيد مثبَّتة على شمعة 13:45Z (من cbar)
17:01 KSA · REGULAR · signal     · META · volSpike ▲ 78 · 15m
17:01 KSA · REGULAR · signal     · AVGO · vwapRec ▼ 60 · 15m
17:01 KSA · REGULAR · signal     · TSLA · vwapRec ▼ 85 · 15m
17:01 KSA · REGULAR · signal     · V · vwapRec ▼ 73 · 15m
17:01 KSA · REGULAR · signal     · MA · volSpike ▲ 83 · 15m
17:01 KSA · REGULAR · signal     · ABBV · vwapRec ▲ 85 · 15m
17:01 KSA · REGULAR · signal     · COST · vwapRec ▲ 75 · 15m
17:01 KSA · REGULAR · signal     · KO · vwapRec ▲ 80 · 15m
17:01 KSA · REGULAR · signal     · CAT · vwapRec ▼ 75 · 15m
17:01 KSA · REGULAR · signal     · GE · vwapRec ▼ 100 · 15m
17:01 KSA · REGULAR · signal     · NFLX · vwapRec ▲ 75 · 15m
17:01 KSA · REGULAR · signal     · TXN · vwapRec ▼ 60 · 15m
17:01 KSA · REGULAR · signal     · QCOM · vwapRec ▼ 60 · 15m
17:01 KSA · REGULAR · signal     · QCOM · volSpike ▲ 56 · 15m
17:01 KSA · REGULAR · signal     · CRM · vwapRec ▼ 80 · 15m
17:01 KSA · REGULAR · signal     · DIS · vwapRec ▼ 65 · 15m
17:01 KSA · REGULAR · signal     · TMUS · vwapRec ▲ 75 · 15m
17:01 KSA · REGULAR · signal     · T · vwapRec ▲ 75 · 15m
17:01 KSA · REGULAR · signal     · MCD · vwapRec ▲ 83 · 15m
17:01 KSA · REGULAR · signal     · UNP · vwapRec ▲ 65 · 15m
17:01 KSA · REGULAR · signal     · PFE · meanRev ▼ 78 · 15m
17:01 KSA · REGULAR · signal     · BA · vwapRec ▼ 100 · 15m
17:01 KSA · REGULAR · signal     · UBER · vwapRec ▼ 55 · 15m
17:01 KSA · REGULAR · signal     · PH · meanRev ▼ 85 · 15m
17:01 KSA · REGULAR · signal     · LMT · brk ▼ 64 · 15m
17:01 KSA · REGULAR · signal     · ADP · meanRev ▲ 60 · 15m
17:01 KSA · REGULAR · signal     · CEG · vwapRec ▼ 65 · 15m
17:01 KSA · REGULAR · signal     · MDLZ · vwapRec ▲ 68 · 15m
17:01 KSA · REGULAR · signal     · MRNA · volSpike ▲ 83 · 15m
17:01 KSA · REGULAR · signal     · NSC · vwapRec ▲ 60 · 15m
17:01 KSA · REGULAR · signal     · SOL-USD · sqzExp ▼ 57 · 1h
17:01 KSA · REGULAR · signal     · AON · vwapRec ▲ 60 · 15m
17:01 KSA · REGULAR · signal     · HONA · volSpike ▼ 78 · 15m
17:01 KSA · REGULAR · signal     · CIEN · vwapRec ▼ 55 · 15m
17:01 KSA · REGULAR · signal     · ADSK · vwapRec ▲ 75 · 15m
17:01 KSA · REGULAR · signal     · KVUE · brk ▲ 55 · 15m
17:01 KSA · REGULAR · signal     · KMB · vwapRec ▲ 75 · 15m
17:01 KSA · REGULAR · signal     · HPQ · vwapRec ▼ 83 · 15m
17:01 KSA · REGULAR · signal     · ON · vwapRec ▼ 85 · 15m
17:01 KSA · REGULAR · signal     · SMCI · vwapRec ▼ 75 · 15m
17:01 KSA · REGULAR · signal     · ZEC-USD · rsiDiv ▼ 67 · 1h
17:01 KSA · REGULAR · signal     · XAUT-USD · momo ▼ 92 · 1h
17:01 KSA · REGULAR · signal     · PAXG-USD · momo ▼ 100 · 1h
17:01 KSA · REGULAR · signal     · FET-USD · pbTrend ▲ 83 · 1h
17:01 KSA · REGULAR · signal     · CRCLB-USD · volSpike ▼ 67 · 15m
17:01 KSA · REGULAR · signal     · MSTRB-USD · orb ▼ 75 · 15m
17:01 KSA · REGULAR · signal     · SUI-USD · pbTrend ▲ 79 · 1h
17:01 KSA · REGULAR · signal     · THE-USD · sqzExp ▲ 60 · 1h
17:01 KSA · REGULAR · scanner    · بدء المسح · 1154 رمزاً · الجلسة REGULAR
17:01 KSA · REGULAR · scanner    · ساعة التأكيد مثبَّتة على شمعة 13:45Z (من cbar)
17:02 KSA · REGULAR · scanner    · بدء المسح · 1154 رمزاً · الجلسة REGULAR
17:02 KSA · REGULAR · scanner    · ساعة التأكيد مثبَّتة على شمعة 13:45Z (من cbar)
17:04 KSA · REGULAR · scanner    · بدء المسح · 1154 رمزاً · الجلسة REGULAR
17:04 KSA · REGULAR · scanner    · ساعة التأكيد مثبَّتة على شمعة 13:45Z (من cbar)
17:09 KSA · REGULAR · scanner    · بدء المسح · 1154 رمزاً · الجلسة REGULAR
17:09 KSA · REGULAR · scanner    · ساعة التأكيد مثبَّتة على شمعة 13:45Z (من cbar)
17:10 KSA · REGULAR · scanner    · بدء المسح · 1154 رمزاً · الجلسة REGULAR
17:10 KSA · REGULAR · scanner    · ساعة التأكيد مثبَّتة على شمعة 13:45Z (من cbar)
17:12 KSA · REGULAR · scanner    · بدء المسح · 1154 رمزاً · الجلسة REGULAR
17:12 KSA · REGULAR · scanner    · ساعة التأكيد مثبَّتة على شمعة 13:45Z (من cbar)
17:14 KSA · REGULAR · scanner    · بدء المسح · 1154 رمزاً · الجلسة REGULAR
17:14 KSA · REGULAR · scanner    · ساعة التأكيد مثبَّتة على شمعة 13:45Z (من cbar)
17:15 KSA · REGULAR · scanner    · بدء المسح · 1154 رمزاً · الجلسة REGULAR
17:15 KSA · REGULAR · scanner    · ساعة التأكيد مثبَّتة على شمعة 14:00Z (من cbar)
17:15 KSA · REGULAR · signal     · GOOGL · orb ▼ 85 · 15m
17:15 KSA · REGULAR · signal     · GOOGL · meanRev ▲ 78 · 15m
17:15 KSA · REGULAR · signal     · GOOG · orb ▼ 85 · 15m
17:15 KSA · REGULAR · signal     · GOOG · meanRev ▲ 90 · 15m
17:15 KSA · REGULAR · signal     · AMZN · orb ▼ 90 · 15m
17:15 KSA · REGULAR · signal     · BTC-USD · meanRev ▲ 68 · 15m
17:15 KSA · REGULAR · signal     · AVGO · rsiDiv ▼ 89 · 15m
17:15 KSA · REGULAR · signal     · WMT · momo ▼ 56 · 1h
17:15 KSA · REGULAR · signal     · MA · vwapRec ▼ 95 · 15m
17:15 KSA · REGULAR · signal     · LRCX · rsiDiv ▼ 89 · 15m
17:15 KSA · REGULAR · signal     · MRK · meanRev ▲ 80 · 15m
17:15 KSA · REGULAR · signal     · UNH · volSpike ▲ 78 · 15m
17:15 KSA · REGULAR · signal     · PM · orb ▲ 93 · 15m
17:15 KSA · REGULAR · signal     · MRVL · brk ▲ 64 · 15m
17:15 KSA · REGULAR · signal     · AMGN · meanRev ▼ 75 · 15m
17:15 KSA · REGULAR · signal     · C · pbTrend ▲ 60 · 1h
17:15 KSA · REGULAR · signal     · MCD · brk ▼ 86 · 15m
17:15 KSA · REGULAR · signal     · COP · orb ▲ 85 · 15m
17:15 KSA · REGULAR · signal     · BX · vwapRec ▼ 60 · 15m
17:15 KSA · REGULAR · signal     · BX · rsiDiv ▼ 61 · 1h
17:15 KSA · REGULAR · signal     · UBER · volSpike ▼ 67 · 15m
17:15 KSA · REGULAR · signal     · VRTX · vwapRec ▼ 80 · 15m
17:15 KSA · REGULAR · signal     · LMT · orb ▼ 60 · 15m
17:15 KSA · REGULAR · signal     · PH · orb ▲ 75 · 15m
17:15 KSA · REGULAR · signal     · PH · brk ▲ 68 · 15m
17:15 KSA · REGULAR · signal     · MDT · momo ▼ 78 · 1h
17:15 KSA · REGULAR · signal     · LOW · vwapRec ▼ 70 · 15m
17:15 KSA · REGULAR · signal     · APP · volSpike ▼ 83 · 15m
17:15 KSA · REGULAR · signal     · HWM · orb ▼ 60 · 15m
17:15 KSA · REGULAR · signal     · HWM · brk ▼ 61 · 15m
17:15 KSA · REGULAR · signal     · HWM · meanRev ▼ 78 · 15m
17:15 KSA · REGULAR · signal     · MDLZ · momo ▲ 64 · 1h
17:15 KSA · REGULAR · signal     · BSX · vwapRec ▼ 93 · 15m
17:15 KSA · REGULAR · signal     · NXPI · sqzExp ▲ 63 · 1h
17:15 KSA · REGULAR · signal     · NKE · volSpike ▼ 61 · 15m
17:15 KSA · REGULAR · signal     · LHX · brk ▼ 64 · 15m
17:15 KSA · REGULAR · signal     · RDDT · orb ▼ 100 · 15m
17:15 KSA · REGULAR · signal     · ZEC-USD · orb ▼ 65 · 15m
17:15 KSA · REGULAR · signal     · SMCI · volSpike ▲ 67 · 15m
17:15 KSA · REGULAR · signal     · HBAR-USD · meanRev ▲ 75 · 15m
17:15 KSA · REGULAR · signal     · GRAM-USD · momo ▼ 78 · 1h
17:15 KSA · REGULAR · signal     · PAXG-USD · sqzExp ▼ 60 · 1h
17:15 KSA · REGULAR · signal     · RAY-USD · sqzExp ▼ 70 · 1h
17:15 KSA · REGULAR · signal     · QQQB-USD · pbTrend ▲ 90 · 1h
17:15 KSA · REGULAR · signal     · QQQB-USD · sqzExp ▲ 55 · 1h
17:15 KSA · REGULAR · signal     · ARK-USD · vwapRec ▲ 100 · 15m
17:15 KSA · REGULAR · signal     · 牛来-USD · meanRev ▲ 76 · 15m
17:15 KSA · REGULAR · signal     · THE-USD · brk ▲ 55 · 15m
17:15 KSA · REGULAR · signal     · EUR-USD · sqzExp ▼ 55 · 1h
17:15 KSA · REGULAR · signal     · PUMP-USD · pbTrend ▲ 57 · 1h
17:15 KSA · REGULAR · signal     · HOLO-USD · vwapRec ▲ 93 · 15m
17:15 KSA · REGULAR · signal     · BANK-USD · vwapRec ▲ 95 · 15m
17:15 KSA · REGULAR · signal     · BANK-USD · brk ▼ 68 · 15m
17:15 KSA · REGULAR · signal     · BANK-USD · meanRev ▲ 93 · 15m
17:15 KSA · REGULAR · signal     · BANK-USD · rsiDiv ▲ 81 · 15m
17:16 KSA · REGULAR · scanner    · بدء المسح · 1154 رمزاً · الجلسة REGULAR
17:16 KSA · REGULAR · scanner    · ساعة التأكيد مثبَّتة على شمعة 14:00Z (من cbar)
17:18 KSA · REGULAR · scanner    · بدء المسح · 1154 رمزاً · الجلسة REGULAR
17:18 KSA · REGULAR · scanner    · ساعة التأكيد مثبَّتة على شمعة 14:00Z (من cbar)
17:22 KSA · REGULAR · scanner    · بدء المسح · 1154 رمزاً · الجلسة REGULAR
17:22 KSA · REGULAR · scanner    · ساعة التأكيد مثبَّتة على شمعة 14:00Z (من cbar)
17:22 KSA · REGULAR · signal     · SO · brk ▼ 87 · 1d
17:22 KSA · REGULAR · signal     · ORLY · brk ▼ 71 · 1d
17:22 KSA · REGULAR · signal     · O · brk ▼ 76 · 1d
17:22 KSA · REGULAR · signal     · O · volSpike ▼ 72 · 1d
17:22 KSA · REGULAR · signal     · STT · volSpike ▲ 83 · 1d
17:22 KSA · REGULAR · signal     · ROK · rsiDiv ▲ 58 · 1d
17:22 KSA · REGULAR · signal     · PYPL · volSpike ▼ 67 · 1d
17:22 KSA · REGULAR · signal     · PAYX · volSpike ▲ 61 · 1d
17:22 KSA · REGULAR · signal     · ROP · sqzExp ▼ 69 · 1d
17:22 KSA · REGULAR · signal     · STLD · volSpike ▼ 67 · 1d
17:22 KSA · REGULAR · signal     · RJF · volSpike ▲ 78 · 1d
17:22 KSA · REGULAR · signal     · OTIS · brk ▼ 89 · 1d
17:22 KSA · REGULAR · signal     · OTIS · sqzExp ▼ 88 · 1d
17:22 KSA · REGULAR · signal     · OTIS · volSpike ▼ 67 · 1d
17:22 KSA · REGULAR · signal     · PFG · volSpike ▲ 72 · 1d
17:22 KSA · REGULAR · signal     · PNW · meanRev ▲ 73 · 1d
17:23 KSA · REGULAR · scanner    · بدء المسح · 1154 رمزاً · الجلسة REGULAR
17:23 KSA · REGULAR · scanner    · ساعة التأكيد مثبَّتة على شمعة 14:00Z (من cbar)
17:24 KSA · REGULAR · scanner    · بدء المسح · 1154 رمزاً · الجلسة REGULAR
17:24 KSA · REGULAR · scanner    · ساعة التأكيد مثبَّتة على شمعة 14:00Z (من cbar)
17:26 KSA · REGULAR · scanner    · بدء المسح · 1154 رمزاً · الجلسة REGULAR
17:26 KSA · REGULAR · scanner    · ساعة التأكيد مثبَّتة على شمعة 14:00Z (من cbar)
17:28 KSA · REGULAR · scanner    · بدء المسح · 1154 رمزاً · الجلسة REGULAR
17:28 KSA · REGULAR · scanner    · ساعة التأكيد مثبَّتة على شمعة 14:00Z (من cbar)
17:30 KSA · REGULAR · scanner    · بدء المسح · 1154 رمزاً · الجلسة REGULAR
17:30 KSA · REGULAR · scanner    · ساعة التأكيد مثبَّتة على شمعة 14:15Z (من cbar)
17:30 KSA · REGULAR · signal     · GOOGL · volSpike ▼ 72 · 15m
17:30 KSA · REGULAR · signal     · MSFT · momo ▲ 83 · 1h
17:30 KSA · REGULAR · signal     · AMZN · pbTrend ▲ 67 · 1h
17:30 KSA · REGULAR · signal     · AVGO · momo ▼ 69 · 1h
17:30 KSA · REGULAR · signal     · TSLA · momo ▲ 75 · 1h
17:30 KSA · REGULAR · signal     · V · rsiDiv ▲ 72 · 15m
17:30 KSA · REGULAR · signal     · INTC · rsiDiv ▼ 89 · 15m
17:30 KSA · REGULAR · signal     · ABBV · sqzExp ▲ 90 · 1h
17:30 KSA · REGULAR · signal     · PLTR · momo ▲ 81 · 1h
17:30 KSA · REGULAR · signal     · ORCL · tfAlign ▼ 82 · 1d
17:30 KSA · REGULAR · signal     · CAT · vwapRec ▲ 85 · 15m
17:30 KSA · REGULAR · signal     · CAT · rsiDiv ▲ 69 · 15m
17:30 KSA · REGULAR · signal     · MRK · momo ▲ 75 · 1h
17:30 KSA · REGULAR · signal     · GE · sqzExp ▲ 63 · 1h
17:30 KSA · REGULAR · signal     · UNH · sqzExp ▼ 63 · 1h
17:30 KSA · REGULAR · signal     · PM · momo ▲ 100 · 1h
17:30 KSA · REGULAR · signal     · GS · volSpike ▲ 61 · 15m
17:30 KSA · REGULAR · signal     · GS · momo ▲ 64 · 1h
17:30 KSA · REGULAR · signal     · SNDK · orb ▼ 70 · 15m
17:30 KSA · REGULAR · signal     · AMGN · sqzExp ▲ 70 · 1h
17:30 KSA · REGULAR · signal     · IBM · pbTrend ▼ 76 · 1h
17:30 KSA · REGULAR · signal     · IBM · sqzExp ▲ 60 · 1h
17:30 KSA · REGULAR · signal     · IBM · momo ▲ 78 · 1h
17:30 KSA · REGULAR · signal     · LIN · momo ▲ 72 · 1h
17:30 KSA · REGULAR · signal     · QCOM · rsiDiv ▼ 78 · 15m
17:30 KSA · REGULAR · signal     · APH · rsiDiv ▼ 89 · 15m
17:30 KSA · REGULAR · signal     · GILD · sqzExp ▲ 90 · 1h
17:30 KSA · REGULAR · signal     · MCD · sqzExp ▼ 100 · 1h
17:30 KSA · REGULAR · signal     · NEE · sqzExp ▼ 65 · 1h
17:30 KSA · REGULAR · signal     · PFE · sqzExp ▲ 100 · 1h
17:30 KSA · REGULAR · signal     · BA · momo ▲ 75 · 1h
17:30 KSA · REGULAR · signal     · COP · momo ▼ 75 · 1h
17:30 KSA · REGULAR · signal     · TJX · rsiDiv ▼ 61 · 15m
17:30 KSA · REGULAR · signal     · BX · orb ▼ 100 · 15m
17:30 KSA · REGULAR · signal     · BX · sqzExp ▼ 88 · 1h
17:30 KSA · REGULAR · signal     · UBER · sqzExp ▼ 95 · 1h
17:30 KSA · REGULAR · signal     · GLW · momo ▼ 61 · 1h
17:30 KSA · REGULAR · signal     · NEM · pbTrend ▲ 62 · 1h
17:30 KSA · REGULAR · signal     · LMT · brk ▲ 93 · 15m
17:30 KSA · REGULAR · signal     · LMT · pbTrend ▼ 71 · 1h
17:30 KSA · REGULAR · signal     · BKNG · sqzExp ▼ 100 · 1h
17:30 KSA · REGULAR · signal     · BKNG · momo ▼ 81 · 1h
17:30 KSA · REGULAR · signal     · MPC · vwapRec ▲ 85 · 15m
17:30 KSA · REGULAR · signal     · MPC · pbTrend ▲ 64 · 1h
17:30 KSA · REGULAR · signal     · ADP · pbTrend ▲ 55 · 1h
17:30 KSA · REGULAR · signal     · ADP · sqzExp ▼ 95 · 1h
17:30 KSA · REGULAR · signal     · APP · momo ▼ 72 · 1h
17:30 KSA · REGULAR · signal     · VRT · vwapRec ▼ 65 · 15m
17:30 KSA · REGULAR · signal     · HWM · rsiDiv ▲ 69 · 15m
17:30 KSA · REGULAR · signal     · DDOG · sqzExp ▲ 65 · 1h
17:30 KSA · REGULAR · signal     · CDNS · sqzExp ▲ 65 · 1h
17:30 KSA · REGULAR · signal     · CDNS · momo ▲ 72 · 1h
17:30 KSA · REGULAR · signal     · LITE · pbTrend ▲ 90 · 1h
17:30 KSA · REGULAR · signal     · SNPS · sqzExp ▲ 55 · 1h
17:30 KSA · REGULAR · signal     · SNPS · rsiDiv ▼ 56 · 15m
17:30 KSA · REGULAR · signal     · SNPS · volSpike ▲ 78 · 15m
17:30 KSA · REGULAR · signal     · SNPS · momo ▲ 64 · 1h
17:30 KSA · REGULAR · signal     · CMI · vwapRec ▼ 73 · 15m
17:30 KSA · REGULAR · signal     · CMI · sqzExp ▼ 95 · 1h
17:30 KSA · REGULAR · signal     · HON · rsiDiv ▲ 61 · 15m
17:30 KSA · REGULAR · signal     · TER · momo ▲ 67 · 1h
17:30 KSA · REGULAR · signal     · COHR · momo ▼ 83 · 1h
17:30 KSA · REGULAR · signal     · FIX · rsiDiv ▼ 58 · 15m
17:30 KSA · REGULAR · signal     · NKE · rsiDiv ▲ 69 · 15m
17:30 KSA · REGULAR · signal     · HONA · sqzExp ▼ 70 · 1h
17:30 KSA · REGULAR · signal     · CIEN · momo ▲ 58 · 1h
17:30 KSA · REGULAR · signal     · VST · sqzExp ▼ 100 · 1h
17:30 KSA · REGULAR · signal     · AZO · sqzExp ▼ 90 · 1h
17:30 KSA · REGULAR · signal     · AZO · momo ▼ 83 · 1h
17:30 KSA · REGULAR · signal     · TRX-USD · volSpike ▲ 56 · 15m
17:30 KSA · REGULAR · signal     · SWKS · sqzExp ▲ 65 · 1h
17:30 KSA · REGULAR · signal     · NEAR-USD · vwapRec ▲ 100 · 15m
17:30 KSA · REGULAR · signal     · VTHO-USD · meanRev ▲ 100 · 15m
17:30 KSA · REGULAR · signal     · SNDKB-USD · rsiDiv ▲ 58 · 15m
17:30 KSA · REGULAR · signal     · TAO-USD · brk ▲ 70 · 15m
17:30 KSA · REGULAR · signal     · EUR-USD · brk ▼ 82 · 15m
17:31 KSA · REGULAR · scanner    · بدء المسح · 1154 رمزاً · الجلسة REGULAR
17:31 KSA · REGULAR · scanner    · ساعة التأكيد مثبَّتة على شمعة 14:15Z (من cbar)
17:32 KSA · REGULAR · scanner    · بدء المسح · 1154 رمزاً · الجلسة REGULAR
17:32 KSA · REGULAR · scanner    · ساعة التأكيد مثبَّتة على شمعة 14:15Z (من cbar)
17:34 KSA · REGULAR · scanner    · بدء المسح · 1154 رمزاً · الجلسة REGULAR
17:34 KSA · REGULAR · scanner    · ساعة التأكيد مثبَّتة على شمعة 14:15Z (من cbar)
17:39 KSA · REGULAR · scanner    · بدء المسح · 1154 رمزاً · الجلسة REGULAR
17:39 KSA · REGULAR · scanner    · ساعة التأكيد مثبَّتة على شمعة 14:15Z (من cbar)
17:40 KSA · REGULAR · scanner    · بدء المسح · 1154 رمزاً · الجلسة REGULAR
17:40 KSA · REGULAR · scanner    · ساعة التأكيد مثبَّتة على شمعة 14:15Z (من cbar)
17:42 KSA · REGULAR · scanner    · بدء المسح · 1154 رمزاً · الجلسة REGULAR
17:42 KSA · REGULAR · scanner    · ساعة التأكيد مثبَّتة على شمعة 14:15Z (من cbar)
17:44 KSA · REGULAR · scanner    · بدء المسح · 1154 رمزاً · الجلسة REGULAR
17:44 KSA · REGULAR · scanner    · ساعة التأكيد مثبَّتة على شمعة 14:15Z (من cbar)
17:45 KSA · REGULAR · scanner    · بدء المسح · 1154 رمزاً · الجلسة REGULAR
17:45 KSA · REGULAR · scanner    · ساعة التأكيد مثبَّتة على شمعة 14:30Z (من cbar)
17:45 KSA · REGULAR · signal     · MSFT · orb ▼ 80 · 15m
17:45 KSA · REGULAR · signal     · MSFT · tfAlign ▲ 95 · 1d
17:45 KSA · REGULAR · signal     · UNH · vwapRec ▲ 60 · 15m
17:45 KSA · REGULAR · signal     · PANW · orb ▲ 93 · 15m
17:45 KSA · REGULAR · signal     · PANW · meanRev ▼ 57 · 15m
17:45 KSA · REGULAR · signal     · SNDK · meanRev ▲ 68 · 15m
17:45 KSA · REGULAR · signal     · C · orb ▲ 73 · 15m
17:45 KSA · REGULAR · signal     · C · vwapRec ▲ 78 · 15m
17:45 KSA · REGULAR · signal     · IBM · vwapRec ▲ 75 · 15m
17:45 KSA · REGULAR · signal     · DIS · brk ▲ 57 · 15m
17:45 KSA · REGULAR · signal     · SCHW · rsiDiv ▲ 61 · 15m
17:45 KSA · REGULAR · signal     · NEE · vwapRec ▼ 75 · 15m
17:45 KSA · REGULAR · signal     · BX · volSpike ▲ 67 · 15m
17:45 KSA · REGULAR · signal     · CB · orb ▲ 70 · 15m
17:45 KSA · REGULAR · signal     · NEM · vwapRec ▼ 73 · 15m
17:45 KSA · REGULAR · signal     · BNB-USD · volSpike ▲ 78 · 15m
17:45 KSA · REGULAR · signal     · CEG · vwapRec ▼ 85 · 15m
17:45 KSA · REGULAR · signal     · SHW · vwapRec ▲ 68 · 15m
17:45 KSA · REGULAR · signal     · TRX-USD · brk ▼ 75 · 15m
17:45 KSA · REGULAR · signal     · HPQ · brk ▼ 73 · 15m
17:45 KSA · REGULAR · signal     · DOT-USD · volSpike ▼ 83 · 15m
17:45 KSA · REGULAR · signal     · FIL-USD · volSpike ▲ 56 · 15m
17:45 KSA · REGULAR · signal     · FET-USD · volSpike ▼ 67 · 15m
17:45 KSA · REGULAR · signal     · OP-USD · meanRev ▲ 88 · 15m
17:45 KSA · REGULAR · signal     · OP-USD · volSpike ▼ 72 · 15m
17:45 KSA · REGULAR · signal     · VTHO-USD · orb ▼ 75 · 15m
17:45 KSA · REGULAR · signal     · REZ-USD · volSpike ▼ 72 · 15m
17:45 KSA · REGULAR · signal     · CVC-USD · orb ▼ 75 · 15m
17:45 KSA · REGULAR · signal     · HEMI-USD · meanRev ▲ 73 · 15m
17:45 KSA · REGULAR · signal     · SUI-USD · volSpike ▼ 63 · 15m
17:45 KSA · REGULAR · signal     · TAO-USD · volSpike ▲ 75 · 15m
17:45 KSA · REGULAR · signal     · THE-USD · volSpike ▲ 69 · 15m
17:45 KSA · REGULAR · signal     · HOLO-USD · vwapRec ▲ 83 · 15m
17:45 KSA · REGULAR · signal     · BANK-USD · rsiDiv ▼ 78 · 15m
17:45 KSA · REGULAR · signal     · PENGU-USD · orb ▼ 75 · 15m
17:46 KSA · REGULAR · scanner    · بدء المسح · 1154 رمزاً · الجلسة REGULAR
17:46 KSA · REGULAR · scanner    · ساعة التأكيد مثبَّتة على شمعة 14:30Z (من cbar)
17:48 KSA · REGULAR · scanner    · بدء المسح · 1154 رمزاً · الجلسة REGULAR
17:48 KSA · REGULAR · scanner    · ساعة التأكيد مثبَّتة على شمعة 14:30Z (من cbar)
17:52 KSA · REGULAR · scanner    · بدء المسح · 1154 رمزاً · الجلسة REGULAR
17:52 KSA · REGULAR · scanner    · ساعة التأكيد مثبَّتة على شمعة 14:30Z (من cbar)
17:52 KSA · REGULAR · signal     · XEL · brk ▼ 87 · 1d
17:52 KSA · REGULAR · signal     · XEL · sqzExp ▼ 56 · 1d
17:52 KSA · REGULAR · signal     · VRSN · brk ▲ 79 · 1d
17:52 KSA · REGULAR · signal     · VRSN · meanRev ▼ 70 · 1d
17:52 KSA · REGULAR · signal     · UDR · brk ▼ 95 · 1d
17:52 KSA · REGULAR · signal     · UHS · volSpike ▼ 89 · 1d
17:52 KSA · REGULAR · signal     · WYNN · volSpike ▼ 56 · 1d
17:52 KSA · REGULAR · signal     · TTD · volSpike ▼ 94 · 1d
17:52 KSA · REGULAR · signal     · LA-USD · brk ▲ 66 · 1d
17:53 KSA · REGULAR · scanner    · بدء المسح · 1154 رمزاً · الجلسة REGULAR
17:53 KSA · REGULAR · scanner    · ساعة التأكيد مثبَّتة على شمعة 14:30Z (من cbar)
17:54 KSA · REGULAR · scanner    · بدء المسح · 1154 رمزاً · الجلسة REGULAR
17:54 KSA · REGULAR · scanner    · ساعة التأكيد مثبَّتة على شمعة 14:30Z (من cbar)
17:56 KSA · REGULAR · scanner    · بدء المسح · 1154 رمزاً · الجلسة REGULAR
17:56 KSA · REGULAR · scanner    · ساعة التأكيد مثبَّتة على شمعة 14:30Z (من cbar)
17:58 KSA · REGULAR · scanner    · بدء المسح · 1154 رمزاً · الجلسة REGULAR
17:58 KSA · REGULAR · scanner    · ساعة التأكيد مثبَّتة على شمعة 14:30Z (من cbar)
18:00 KSA · REGULAR · scanner    · بدء المسح · 1154 رمزاً · الجلسة REGULAR
18:00 KSA · REGULAR · scanner    · ساعة التأكيد مثبَّتة على شمعة 14:45Z (من cbar)
18:00 KSA · REGULAR · signal     · BTC-USD · sqzExp ▼ 90 · 1h
18:00 KSA · REGULAR · signal     · MU · rsiDiv ▼ 78 · 15m
18:00 KSA · REGULAR · signal     · PLTR · meanRev ▼ 60 · 15m
18:00 KSA · REGULAR · signal     · BAC · meanRev ▲ 60 · 15m
18:00 KSA · REGULAR · signal     · ETH-USD · sqzExp ▼ 90 · 1h
18:00 KSA · REGULAR · signal     · DIS · orb ▲ 80 · 15m
18:00 KSA · REGULAR · signal     · T · orb ▲ 73 · 15m
18:00 KSA · REGULAR · signal     · T · rsiDiv ▲ 89 · 15m
18:00 KSA · REGULAR · signal     · DHR · rsiDiv ▼ 67 · 15m
18:00 KSA · REGULAR · signal     · PGR · vwapRec ▲ 60 · 15m
18:00 KSA · REGULAR · signal     · BNB-USD · sqzExp ▼ 85 · 1h
18:00 KSA · REGULAR · signal     · PSX · orb ▼ 70 · 15m
18:00 KSA · REGULAR · signal     · PSX · meanRev ▲ 80 · 15m
18:00 KSA · REGULAR · signal     · DDOG · orb ▲ 100 · 15m
18:00 KSA · REGULAR · signal     · KKR · vwapRec ▼ 73 · 15m
18:00 KSA · REGULAR · signal     · AON · rsiDiv ▲ 83 · 15m
18:00 KSA · REGULAR · signal     · AZO · vwapRec ▼ 73 · 15m
18:00 KSA · REGULAR · signal     · LINK-USD · sqzExp ▼ 90 · 1h
18:00 KSA · REGULAR · signal     · XLM-USD · sqzExp ▼ 70 · 1h
18:00 KSA · REGULAR · signal     · DOT-USD · sqzExp ▼ 65 · 1h
18:00 KSA · REGULAR · signal     · WLD-USD · sqzExp ▲ 75 · 1h
18:00 KSA · REGULAR · signal     · DASH-USD · momo ▼ 69 · 1h
18:00 KSA · REGULAR · signal     · FET-USD · sqzExp ▼ 73 · 1h
18:00 KSA · REGULAR · signal     · XPL-USD · sqzExp ▼ 78 · 1h
18:00 KSA · REGULAR · signal     · XPL-USD · momo ▼ 67 · 1h
18:00 KSA · REGULAR · signal     · CRCLB-USD · momo ▼ 75 · 1h
18:00 KSA · REGULAR · signal     · T-USD · pbTrend ▲ 90 · 1h
18:00 KSA · REGULAR · signal     · T-USD · rsiDiv ▲ 58 · 15m
18:00 KSA · REGULAR · signal     · REZ-USD · pbTrend ▲ 67 · 1h
18:00 KSA · REGULAR · signal     · REZ-USD · sqzExp ▼ 80 · 1h
18:00 KSA · REGULAR · signal     · MTL-USD · sqzExp ▲ 55 · 1h
18:00 KSA · REGULAR · signal     · HEMI-USD · sqzExp ▼ 90 · 1h
18:00 KSA · REGULAR · signal     · SUI-USD · sqzExp ▲ 80 · 1h
18:00 KSA · REGULAR · signal     · 牛来-USD · volSpike ▲ 100 · 15m
18:00 KSA · REGULAR · signal     · TAO-USD · momo ▼ 69 · 1h
18:00 KSA · REGULAR · signal     · TRUMP-USD · sqzExp ▼ 80 · 1h
18:00 KSA · REGULAR · signal     · PUMP-USD · sqzExp ▲ 80 · 1h
18:00 KSA · REGULAR · signal     · PENGU-USD · pbTrend ▲ 90 · 1h
18:00 KSA · REGULAR · signal     · WLFI-USD · sqzExp ▼ 100 · 1h
18:00 KSA · REGULAR · signal     · ASTER-USD · sqzExp ▼ 90 · 1h
18:01 KSA · REGULAR · scanner    · بدء المسح · 1154 رمزاً · الجلسة REGULAR
18:01 KSA · REGULAR · scanner    · ساعة التأكيد مثبَّتة على شمعة 14:45Z (من cbar)
18:02 KSA · REGULAR · scanner    · بدء المسح · 1154 رمزاً · الجلسة REGULAR
18:02 KSA · REGULAR · scanner    · ساعة التأكيد مثبَّتة على شمعة 14:45Z (من cbar)
18:04 KSA · REGULAR · scanner    · بدء المسح · 1154 رمزاً · الجلسة REGULAR
18:04 KSA · REGULAR · scanner    · ساعة التأكيد مثبَّتة على شمعة 14:45Z (من cbar)
18:09 KSA · REGULAR · scanner    · بدء المسح · 1154 رمزاً · الجلسة REGULAR
18:09 KSA · REGULAR · scanner    · ساعة التأكيد مثبَّتة على شمعة 14:45Z (من cbar)
18:10 KSA · REGULAR · scanner    · بدء المسح · 1154 رمزاً · الجلسة REGULAR
18:10 KSA · REGULAR · scanner    · ساعة التأكيد مثبَّتة على شمعة 14:45Z (من cbar)
18:12 KSA · REGULAR · scanner    · بدء المسح · 1154 رمزاً · الجلسة REGULAR
18:12 KSA · REGULAR · scanner    · ساعة التأكيد مثبَّتة على شمعة 14:45Z (من cbar)
18:14 KSA · REGULAR · scanner    · بدء المسح · 1154 رمزاً · الجلسة REGULAR
18:14 KSA · REGULAR · scanner    · ساعة التأكيد مثبَّتة على شمعة 14:45Z (من cbar)
18:15 KSA · REGULAR · scanner    · بدء المسح · 1154 رمزاً · الجلسة REGULAR
18:15 KSA · REGULAR · scanner    · ساعة التأكيد مثبَّتة على شمعة 15:00Z (من cbar)
18:15 KSA · REGULAR · signal     · WMT · rsiDiv ▼ 67 · 15m
18:15 KSA · REGULAR · signal     · TXN · rsiDiv ▲ 64 · 15m
18:15 KSA · REGULAR · signal     · KLAC · vwapRec ▲ 65 · 15m
18:15 KSA · REGULAR · signal     · KLAC · pbTrend ▼ 55 · 1h
18:15 KSA · REGULAR · signal     · WDC · meanRev ▼ 57 · 15m
18:15 KSA · REGULAR · signal     · ISRG · pbTrend ▼ 64 · 1h
18:15 KSA · REGULAR · signal     · VRT · vwapRec ▲ 55 · 15m
18:15 KSA · REGULAR · signal     · NSC · rsiDiv ▼ 56 · 15m
18:15 KSA · REGULAR · signal     · AON · orb ▼ 90 · 15m
18:15 KSA · REGULAR · signal     · FIX · brk ▲ 73 · 15m
18:15 KSA · REGULAR · signal     · XAUT-USD · volSpike ▲ 72 · 15m
18:15 KSA · REGULAR · signal     · DASH-USD · sqzExp ▼ 80 · 1h
18:15 KSA · REGULAR · signal     · BANK-USD · vwapRec ▼ 65 · 15m
18:15 KSA · REGULAR · signal     · BANK-USD · volSpike ▲ 81 · 15m
18:16 KSA · REGULAR · scanner    · بدء المسح · 1154 رمزاً · الجلسة REGULAR
18:16 KSA · REGULAR · scanner    · ساعة التأكيد مثبَّتة على شمعة 15:00Z (من cbar)
18:18 KSA · REGULAR · scanner    · بدء المسح · 1154 رمزاً · الجلسة REGULAR
18:18 KSA · REGULAR · scanner    · ساعة التأكيد مثبَّتة على شمعة 15:00Z (من cbar)
18:22 KSA · REGULAR · scanner    · بدء المسح · 1154 رمزاً · الجلسة REGULAR
18:22 KSA · REGULAR · scanner    · ساعة التأكيد مثبَّتة على شمعة 15:00Z (من cbar)
18:22 KSA · REGULAR · signal     · PYTH-USD · sqzExp ▲ 78 · 1d
18:22 KSA · REGULAR · signal     · VIRTUAL-USD · sqzExp ▲ 69 · 1d
18:22 KSA · REGULAR · signal     · TIA-USD · brk ▲ 84 · 1d
18:22 KSA · REGULAR · signal     · TIA-USD · meanRev ▼ 65 · 1d
18:22 KSA · REGULAR · signal     · TIA-USD · sqzExp ▲ 69 · 1d
18:22 KSA · REGULAR · signal     · EIGEN-USD · brk ▲ 92 · 1d
18:22 KSA · REGULAR · signal     · MOVR-USD · meanRev ▼ 60 · 1d
18:22 KSA · REGULAR · signal     · BABY-USD · brk ▲ 71 · 1d
18:22 KSA · REGULAR · signal     · BABY-USD · sqzExp ▲ 75 · 1d
18:23 KSA · REGULAR · scanner    · بدء المسح · 1154 رمزاً · الجلسة REGULAR
18:23 KSA · REGULAR · scanner    · ساعة التأكيد مثبَّتة على شمعة 15:00Z (من cbar)
18:24 KSA · REGULAR · scanner    · بدء المسح · 1154 رمزاً · الجلسة REGULAR
18:24 KSA · REGULAR · scanner    · ساعة التأكيد مثبَّتة على شمعة 15:00Z (من cbar)
18:26 KSA · REGULAR · scanner    · بدء المسح · 1154 رمزاً · الجلسة REGULAR
18:26 KSA · REGULAR · scanner    · ساعة التأكيد مثبَّتة على شمعة 15:00Z (من cbar)
18:28 KSA · REGULAR · scanner    · بدء المسح · 1154 رمزاً · الجلسة REGULAR
18:28 KSA · REGULAR · scanner    · ساعة التأكيد مثبَّتة على شمعة 15:00Z (من cbar)
18:30 KSA · REGULAR · scanner    · بدء المسح · 1154 رمزاً · الجلسة REGULAR
18:30 KSA · REGULAR · scanner    · ساعة التأكيد مثبَّتة على شمعة 15:15Z (من cbar)
18:30 KSA · REGULAR · signal     · AMZN · vwapRec ▼ 63 · 15m
18:30 KSA · REGULAR · signal     · WMT · pbTrend ▼ 64 · 1h
18:30 KSA · REGULAR · signal     · MA · pbTrend ▲ 62 · 1h
18:30 KSA · REGULAR · signal     · ORCL · vwapRec ▼ 78 · 15m
18:30 KSA · REGULAR · signal     · MRK · pbTrend ▲ 67 · 1h
18:30 KSA · REGULAR · signal     · MRK · sqzExp ▼ 65 · 1h
18:30 KSA · REGULAR · signal     · LIN · pbTrend ▼ 60 · 1h
18:30 KSA · REGULAR · signal     · APH · vwapRec ▲ 93 · 15m
18:30 KSA · REGULAR · signal     · GILD · brk ▼ 70 · 15m
18:30 KSA · REGULAR · signal     · T · momo ▼ 58 · 1h
18:30 KSA · REGULAR · signal     · WDC · momo ▲ 92 · 1h
18:30 KSA · REGULAR · signal     · BX · momo ▼ 89 · 1h
18:30 KSA · REGULAR · signal     · GLW · vwapRec ▼ 60 · 15m
18:30 KSA · REGULAR · signal     · LMT · vwapRec ▼ 93 · 15m
18:30 KSA · REGULAR · signal     · VLO · orb ▼ 78 · 15m
18:30 KSA · REGULAR · signal     · ADP · rsiDiv ▲ 78 · 1h
18:30 KSA · REGULAR · signal     · BNB-USD · rsiDiv ▼ 72 · 15m
18:30 KSA · REGULAR · signal     · DDOG · momo ▲ 81 · 1h
18:30 KSA · REGULAR · signal     · LITE · orb ▲ 90 · 15m
18:30 KSA · REGULAR · signal     · CMCSA · rsiDiv ▲ 72 · 15m
18:30 KSA · REGULAR · signal     · BSX · pbTrend ▼ 64 · 1h
18:30 KSA · REGULAR · signal     · NXPI · pbTrend ▼ 60 · 1h
18:30 KSA · REGULAR · signal     · ADSK · vwapRec ▲ 60 · 15m
18:30 KSA · REGULAR · signal     · ON · momo ▲ 75 · 1h
18:30 KSA · REGULAR · signal     · RAY-USD · volSpike ▼ 56 · 15m
18:30 KSA · REGULAR · signal     · TAO-USD · rsiDiv ▲ 67 · 15m
18:31 KSA · REGULAR · scanner    · بدء المسح · 1154 رمزاً · الجلسة REGULAR
18:31 KSA · REGULAR · scanner    · ساعة التأكيد مثبَّتة على شمعة 15:15Z (من cbar)
18:32 KSA · REGULAR · scanner    · بدء المسح · 1154 رمزاً · الجلسة REGULAR
18:32 KSA · REGULAR · scanner    · ساعة التأكيد مثبَّتة على شمعة 15:15Z (من cbar)
18:34 KSA · REGULAR · scanner    · بدء المسح · 1154 رمزاً · الجلسة REGULAR
18:34 KSA · REGULAR · scanner    · ساعة التأكيد مثبَّتة على شمعة 15:15Z (من cbar)
18:39 KSA · REGULAR · scanner    · بدء المسح · 1154 رمزاً · الجلسة REGULAR
18:39 KSA · REGULAR · scanner    · ساعة التأكيد مثبَّتة على شمعة 15:15Z (من cbar)
18:40 KSA · REGULAR · scanner    · بدء المسح · 1154 رمزاً · الجلسة REGULAR
18:40 KSA · REGULAR · scanner    · ساعة التأكيد مثبَّتة على شمعة 15:15Z (من cbar)
18:42 KSA · REGULAR · scanner    · بدء المسح · 1154 رمزاً · الجلسة REGULAR
18:42 KSA · REGULAR · scanner    · ساعة التأكيد مثبَّتة على شمعة 15:15Z (من cbar)
18:44 KSA · REGULAR · scanner    · بدء المسح · 1154 رمزاً · الجلسة REGULAR
18:44 KSA · REGULAR · scanner    · ساعة التأكيد مثبَّتة على شمعة 15:15Z (من cbar)
18:45 KSA · REGULAR · scanner    · بدء المسح · 1154 رمزاً · الجلسة REGULAR
18:45 KSA · REGULAR · scanner    · ساعة التأكيد مثبَّتة على شمعة 15:30Z (من cbar)
18:45 KSA · REGULAR · signal     · AMZN · orb ▼ 73 · 15m
18:45 KSA · REGULAR · signal     · PM · volSpike ▼ 89 · 15m
18:45 KSA · REGULAR · signal     · MCD · orb ▼ 90 · 15m
18:45 KSA · REGULAR · signal     · MPC · rsiDiv ▼ 67 · 15m
18:45 KSA · REGULAR · signal     · CEG · orb ▼ 60 · 15m
18:45 KSA · REGULAR · signal     · LHX · vwapRec ▲ 60 · 15m
18:45 KSA · REGULAR · signal     · 牛来-USD · orb ▼ 100 · 15m
18:45 KSA · REGULAR · signal     · TAO-USD · brk ▲ 57 · 15m
18:45 KSA · REGULAR · signal     · HOLO-USD · volSpike ▼ 75 · 15m
18:46 KSA · REGULAR · scanner    · بدء المسح · 1154 رمزاً · الجلسة REGULAR
18:46 KSA · REGULAR · scanner    · ساعة التأكيد مثبَّتة على شمعة 15:30Z (من cbar)
18:48 KSA · REGULAR · scanner    · بدء المسح · 1154 رمزاً · الجلسة REGULAR
18:48 KSA · REGULAR · scanner    · ساعة التأكيد مثبَّتة على شمعة 15:30Z (من cbar)
18:52 KSA · REGULAR · scanner    · بدء المسح · 1154 رمزاً · الجلسة REGULAR
18:52 KSA · REGULAR · scanner    · ساعة التأكيد مثبَّتة على شمعة 15:30Z (من cbar)
18:52 KSA · REGULAR · signal     · PLUME-USD · brk ▲ 95 · 1d
18:52 KSA · REGULAR · signal     · PLUME-USD · meanRev ▼ 70 · 1d
18:52 KSA · REGULAR · signal     · BERA-USD · brk ▲ 95 · 1d
18:52 KSA · REGULAR · signal     · ANKR-USD · brk ▲ 76 · 1d
18:52 KSA · REGULAR · signal     · ANKR-USD · meanRev ▼ 60 · 1d
18:52 KSA · REGULAR · signal     · NEIRO-USD · brk ▲ 79 · 1d
18:52 KSA · REGULAR · signal     · WAL-USD · sqzExp ▲ 66 · 1d
18:53 KSA · REGULAR · scanner    · بدء المسح · 1154 رمزاً · الجلسة REGULAR
18:53 KSA · REGULAR · scanner    · ساعة التأكيد مثبَّتة على شمعة 15:30Z (من cbar)
18:54 KSA · REGULAR · scanner    · بدء المسح · 1154 رمزاً · الجلسة REGULAR
18:54 KSA · REGULAR · scanner    · ساعة التأكيد مثبَّتة على شمعة 15:30Z (من cbar)
18:56 KSA · REGULAR · scanner    · بدء المسح · 1154 رمزاً · الجلسة REGULAR
18:56 KSA · REGULAR · scanner    · ساعة التأكيد مثبَّتة على شمعة 15:30Z (من cbar)
18:58 KSA · REGULAR · scanner    · بدء المسح · 1154 رمزاً · الجلسة REGULAR
18:58 KSA · REGULAR · scanner    · ساعة التأكيد مثبَّتة على شمعة 15:30Z (من cbar)
19:00 KSA · REGULAR · scanner    · بدء المسح · 1154 رمزاً · الجلسة REGULAR
19:00 KSA · REGULAR · scanner    · ساعة التأكيد مثبَّتة على شمعة 15:30Z (من cbar)
19:01 KSA · REGULAR · scanner    · بدء المسح · 1154 رمزاً · الجلسة REGULAR
19:01 KSA · REGULAR · scanner    · ساعة التأكيد مثبَّتة على شمعة 15:45Z (من cbar)
19:01 KSA · REGULAR · signal     · CRWD · meanRev ▼ 60 · 15m
19:01 KSA · REGULAR · signal     · LIN · vwapRec ▲ 60 · 15m
19:01 KSA · REGULAR · signal     · VRTX · brk ▼ 86 · 15m
19:01 KSA · REGULAR · signal     · KMB · orb ▼ 85 · 15m
19:01 KSA · REGULAR · signal     · DOGE-USD · pbTrend ▲ 69 · 1h
19:01 KSA · REGULAR · signal     · XPL-USD · pbTrend ▲ 57 · 1h
19:01 KSA · REGULAR · signal     · VTHO-USD · momo ▼ 61 · 1h
19:01 KSA · REGULAR · signal     · BNCB-USD · sqzExp ▲ 67 · 1h
19:01 KSA · REGULAR · signal     · TRUMP-USD · tfAlign ▼ 74 · 1d
19:01 KSA · REGULAR · signal     · HOLO-USD · orb ▲ 55 · 15m
19:01 KSA · REGULAR · signal     · BANK-USD · vwapRec ▼ 65 · 15m
19:01 KSA · REGULAR · signal     · WLFI-USD · tfAlign ▼ 82 · 1d
19:02 KSA · REGULAR · scanner    · بدء المسح · 1154 رمزاً · الجلسة REGULAR
19:02 KSA · REGULAR · scanner    · ساعة التأكيد مثبَّتة على شمعة 15:45Z (من cbar)
19:04 KSA · REGULAR · scanner    · بدء المسح · 1154 رمزاً · الجلسة REGULAR
19:04 KSA · REGULAR · scanner    · ساعة التأكيد مثبَّتة على شمعة 15:45Z (من cbar)
19:06 KSA · REGULAR · scanner    · بدء المسح · 1154 رمزاً · الجلسة REGULAR
19:06 KSA · REGULAR · scanner    · ساعة التأكيد مثبَّتة على شمعة 15:45Z (من cbar)
19:09 KSA · REGULAR · scanner    · بدء المسح · 1154 رمزاً · الجلسة REGULAR
19:09 KSA · REGULAR · scanner    · ساعة التأكيد مثبَّتة على شمعة 15:45Z (من cbar)
19:10 KSA · REGULAR · scanner    · بدء المسح · 1154 رمزاً · الجلسة REGULAR
19:10 KSA · REGULAR · scanner    · ساعة التأكيد مثبَّتة على شمعة 15:45Z (من cbar)
19:12 KSA · REGULAR · scanner    · بدء المسح · 1154 رمزاً · الجلسة REGULAR
19:12 KSA · REGULAR · scanner    · ساعة التأكيد مثبَّتة على شمعة 15:45Z (من cbar)
19:14 KSA · REGULAR · scanner    · بدء المسح · 1154 رمزاً · الجلسة REGULAR
19:14 KSA · REGULAR · scanner    · ساعة التأكيد مثبَّتة على شمعة 15:45Z (من cbar)
19:15 KSA · REGULAR · scanner    · بدء المسح · 1154 رمزاً · الجلسة REGULAR
19:15 KSA · REGULAR · scanner    · ساعة التأكيد مثبَّتة على شمعة 16:00Z (من cbar)
19:15 KSA · REGULAR · signal     · ABT · volSpike ▲ 67 · 15m
19:15 KSA · REGULAR · signal     · DIS · vwapRec ▲ 60 · 15m
19:15 KSA · REGULAR · signal     · TJX · orb ▲ 73 · 15m
19:15 KSA · REGULAR · signal     · VLO · vwapRec ▼ 60 · 15m
19:15 KSA · REGULAR · signal     · NKE · momo ▼ 61 · 1h
19:15 KSA · REGULAR · signal     · KMB · momo ▼ 72 · 1h
19:15 KSA · REGULAR · signal     · ZEC-USD · pbTrend ▲ 67 · 1h
19:15 KSA · REGULAR · signal     · NEAR-USD · pbTrend ▲ 67 · 1h
19:15 KSA · REGULAR · signal     · ETHFI-USD · sqzExp ▼ 65 · 1h
19:15 KSA · REGULAR · signal     · BNCB-USD · volSpike ▲ 88 · 15m
19:15 KSA · REGULAR · signal     · HOLO-USD · momo ▲ 58 · 1h
19:15 KSA · REGULAR · signal     · BANK-USD · momo ▼ 61 · 1h
19:16 KSA · REGULAR · scanner    · بدء المسح · 1154 رمزاً · الجلسة REGULAR
19:16 KSA · REGULAR · scanner    · ساعة التأكيد مثبَّتة على شمعة 16:00Z (من cbar)
19:18 KSA · REGULAR · scanner    · بدء المسح · 1154 رمزاً · الجلسة REGULAR
19:18 KSA · REGULAR · scanner    · ساعة التأكيد مثبَّتة على شمعة 16:00Z (من cbar)
19:20 KSA · REGULAR · scanner    · بدء المسح · 1154 رمزاً · الجلسة REGULAR
19:20 KSA · REGULAR · scanner    · ساعة التأكيد مثبَّتة على شمعة 16:00Z (من cbar)
19:22 KSA · REGULAR · scanner    · بدء المسح · 1154 رمزاً · الجلسة REGULAR
19:22 KSA · REGULAR · scanner    · ساعة التأكيد مثبَّتة على شمعة 16:00Z (من cbar)
19:22 KSA · REGULAR · signal     · KAIA-USD · brk ▲ 95 · 1d
19:22 KSA · REGULAR · signal     · ROSE-USD · meanRev ▼ 68 · 1d
19:22 KSA · REGULAR · signal     · ALLO-USD · brk ▲ 79 · 1d
19:22 KSA · REGULAR · signal     · ALLO-USD · sqzExp ▲ 81 · 1d
19:22 KSA · REGULAR · signal     · 0G-USD · sqzExp ▲ 94 · 1d
19:22 KSA · REGULAR · signal     · BIO-USD · sqzExp ▲ 94 · 1d
19:22 KSA · REGULAR · signal     · TREE-USD · meanRev ▼ 60 · 1d
19:22 KSA · REGULAR · signal     · IO-USD · sqzExp ▲ 94 · 1d
19:22 KSA · REGULAR · signal     · ZK-USD · meanRev ▼ 68 · 1d
19:24 KSA · REGULAR · scanner    · بدء المسح · 1154 رمزاً · الجلسة REGULAR
19:24 KSA · REGULAR · scanner    · ساعة التأكيد مثبَّتة على شمعة 16:00Z (من cbar)
19:26 KSA · REGULAR · scanner    · بدء المسح · 1154 رمزاً · الجلسة REGULAR
19:26 KSA · REGULAR · scanner    · ساعة التأكيد مثبَّتة على شمعة 16:00Z (من cbar)
19:28 KSA · REGULAR · scanner    · بدء المسح · 1154 رمزاً · الجلسة REGULAR
19:28 KSA · REGULAR · scanner    · ساعة التأكيد مثبَّتة على شمعة 16:00Z (من cbar)
19:30 KSA · REGULAR · scanner    · بدء المسح · 1154 رمزاً · الجلسة REGULAR
19:30 KSA · REGULAR · scanner    · ساعة التأكيد مثبَّتة على شمعة 16:00Z (من cbar)
19:31 KSA · REGULAR · scanner    · بدء المسح · 1154 رمزاً · الجلسة REGULAR
19:31 KSA · REGULAR · scanner    · ساعة التأكيد مثبَّتة على شمعة 16:15Z (من cbar)
19:31 KSA · REGULAR · signal     · GOOGL · brk ▼ 75 · 15m
19:31 KSA · REGULAR · signal     · GOOG · brk ▼ 68 · 15m
19:31 KSA · REGULAR · signal     · ORCL · momo ▼ 72 · 1h
19:31 KSA · REGULAR · signal     · COST · momo ▼ 78 · 1h
19:31 KSA · REGULAR · signal     · MRK · momo ▼ 83 · 1h
19:31 KSA · REGULAR · signal     · VZ · momo ▼ 75 · 1h
19:31 KSA · REGULAR · signal     · VRTX · pbTrend ▲ 67 · 1h
19:31 KSA · REGULAR · signal     · VRTX · momo ▼ 69 · 1h
19:31 KSA · REGULAR · signal     · PWR · orb ▼ 73 · 15m
19:31 KSA · REGULAR · signal     · NSC · momo ▲ 72 · 1h
19:31 KSA · REGULAR · signal     · COIN · momo ▼ 56 · 1h
19:31 KSA · REGULAR · signal     · KVUE · momo ▼ 72 · 1h
19:31 KSA · REGULAR · signal     · BNCB-USD · brk ▼ 57 · 15m
19:31 KSA · REGULAR · signal     · HEMI-USD · volSpike ▲ 89 · 15m
19:31 KSA · REGULAR · signal     · TAO-USD · volSpike ▲ 88 · 15m
19:32 KSA · REGULAR · scanner    · بدء المسح · 1154 رمزاً · الجلسة REGULAR
19:32 KSA · REGULAR · scanner    · ساعة التأكيد مثبَّتة على شمعة 16:15Z (من cbar)
19:34 KSA · REGULAR · scanner    · بدء المسح · 1154 رمزاً · الجلسة REGULAR
19:34 KSA · REGULAR · scanner    · ساعة التأكيد مثبَّتة على شمعة 16:15Z (من cbar)
19:36 KSA · REGULAR · scanner    · بدء المسح · 1154 رمزاً · الجلسة REGULAR
19:36 KSA · REGULAR · scanner    · ساعة التأكيد مثبَّتة على شمعة 16:15Z (من cbar)
19:39 KSA · REGULAR · scanner    · بدء المسح · 1154 رمزاً · الجلسة REGULAR
19:39 KSA · REGULAR · scanner    · ساعة التأكيد مثبَّتة على شمعة 16:15Z (من cbar)
19:40 KSA · REGULAR · scanner    · بدء المسح · 1154 رمزاً · الجلسة REGULAR
19:40 KSA · REGULAR · scanner    · ساعة التأكيد مثبَّتة على شمعة 16:15Z (من cbar)
19:42 KSA · REGULAR · scanner    · بدء المسح · 1154 رمزاً · الجلسة REGULAR
19:42 KSA · REGULAR · scanner    · ساعة التأكيد مثبَّتة على شمعة 16:15Z (من cbar)
19:44 KSA · REGULAR · scanner    · بدء المسح · 1154 رمزاً · الجلسة REGULAR
19:44 KSA · REGULAR · scanner    · ساعة التأكيد مثبَّتة على شمعة 16:15Z (من cbar)
19:45 KSA · REGULAR · scanner    · بدء المسح · 1154 رمزاً · الجلسة REGULAR
19:45 KSA · REGULAR · scanner    · ساعة التأكيد مثبَّتة على شمعة 16:30Z (من cbar)
19:45 KSA · REGULAR · signal     · KO · orb ▼ 70 · 15m
19:46 KSA · REGULAR · signal     · PENDLE-USD · vwapRec ▼ 90 · 15m
19:46 KSA · REGULAR · signal     · 牛来-USD · brk ▲ 57 · 15m
19:47 KSA · REGULAR · scanner    · بدء المسح · 1154 رمزاً · الجلسة REGULAR
19:47 KSA · REGULAR · scanner    · ساعة التأكيد مثبَّتة على شمعة 16:30Z (من cbar)
19:48 KSA · REGULAR · scanner    · بدء المسح · 1154 رمزاً · الجلسة REGULAR
19:48 KSA · REGULAR · scanner    · ساعة التأكيد مثبَّتة على شمعة 16:30Z (من cbar)
19:52 KSA · REGULAR · scanner    · بدء المسح · 1154 رمزاً · الجلسة REGULAR
19:52 KSA · REGULAR · scanner    · ساعة التأكيد مثبَّتة على شمعة 16:30Z (من cbar)
19:52 KSA · REGULAR · signal     · SAND-USD · sqzExp ▲ 56 · 1d
19:52 KSA · REGULAR · signal     · ZRX-USD · sqzExp ▲ 63 · 1d
19:52 KSA · REGULAR · signal     · GPS-USD · meanRev ▼ 63 · 1d
19:52 KSA · REGULAR · signal     · TURBO-USD · sqzExp ▲ 56 · 1d
19:52 KSA · REGULAR · signal     · CELO-USD · meanRev ▼ 60 · 1d
19:53 KSA · REGULAR · scanner    · بدء المسح · 1154 رمزاً · الجلسة REGULAR
19:53 KSA · REGULAR · scanner    · ساعة التأكيد مثبَّتة على شمعة 16:30Z (من cbar)
19:54 KSA · REGULAR · scanner    · بدء المسح · 1154 رمزاً · الجلسة REGULAR
19:54 KSA · REGULAR · scanner    · ساعة التأكيد مثبَّتة على شمعة 16:30Z (من cbar)
19:56 KSA · REGULAR · scanner    · بدء المسح · 1154 رمزاً · الجلسة REGULAR
19:56 KSA · REGULAR · scanner    · ساعة التأكيد مثبَّتة على شمعة 16:30Z (من cbar)
19:58 KSA · REGULAR · scanner    · بدء المسح · 1154 رمزاً · الجلسة REGULAR
19:58 KSA · REGULAR · scanner    · ساعة التأكيد مثبَّتة على شمعة 16:30Z (من cbar)
20:00 KSA · REGULAR · scanner    · بدء المسح · 1154 رمزاً · الجلسة REGULAR
20:00 KSA · REGULAR · scanner    · ساعة التأكيد مثبَّتة على شمعة 16:30Z (من cbar)
20:01 KSA · REGULAR · scanner    · بدء المسح · 1154 رمزاً · الجلسة REGULAR
20:01 KSA · REGULAR · scanner    · ساعة التأكيد مثبَّتة على شمعة 16:45Z (من cbar)
20:01 KSA · REGULAR · signal     · CVX · vwapRec ▲ 65 · 15m
20:01 KSA · REGULAR · signal     · CAT · orb ▲ 83 · 15m
20:01 KSA · REGULAR · signal     · ETH-USD · rsiDiv ▼ 61 · 15m
20:01 KSA · REGULAR · signal     · NEE · rsiDiv ▲ 67 · 15m
20:01 KSA · REGULAR · signal     · MPC · meanRev ▲ 73 · 15m
20:01 KSA · REGULAR · signal     · VLO · orb ▼ 63 · 15m
20:01 KSA · REGULAR · signal     · KKR · vwapRec ▲ 68 · 15m
20:01 KSA · REGULAR · signal     · BSX · brk ▼ 57 · 15m
20:01 KSA · REGULAR · signal     · FIX · momo ▲ 61 · 1h
20:01 KSA · REGULAR · signal     · ON · vwapRec ▲ 60 · 15m
20:01 KSA · REGULAR · signal     · ADA-USD · rsiDiv ▼ 61 · 15m
20:01 KSA · REGULAR · signal     · XLM-USD · rsiDiv ▼ 61 · 15m
20:01 KSA · REGULAR · signal     · AVAX-USD · pbTrend ▲ 57 · 1h
20:01 KSA · REGULAR · signal     · GRAM-USD · pbTrend ▲ 76 · 1h
20:01 KSA · REGULAR · signal     · GRAM-USD · rsiDiv ▼ 61 · 15m
20:01 KSA · REGULAR · signal     · AAVE-USD · rsiDiv ▲ 67 · 15m
20:01 KSA · REGULAR · signal     · ICP-USD · momo ▼ 69 · 1h
20:01 KSA · REGULAR · signal     · FET-USD · rsiDiv ▼ 61 · 15m
20:01 KSA · REGULAR · signal     · CRCLB-USD · rsiDiv ▼ 75 · 1h
20:01 KSA · REGULAR · signal     · SUI-USD · pbTrend ▲ 57 · 1h
20:01 KSA · REGULAR · signal     · SUI-USD · rsiDiv ▼ 61 · 15m
20:01 KSA · REGULAR · signal     · UNI-USD · rsiDiv ▼ 61 · 15m
20:01 KSA · REGULAR · signal     · EUR-USD · brk ▼ 86 · 15m
20:02 KSA · REGULAR · scanner    · بدء المسح · 1154 رمزاً · الجلسة REGULAR
20:02 KSA · REGULAR · scanner    · ساعة التأكيد مثبَّتة على شمعة 16:45Z (من cbar)
20:04 KSA · REGULAR · scanner    · بدء المسح · 1154 رمزاً · الجلسة REGULAR
20:04 KSA · REGULAR · scanner    · ساعة التأكيد مثبَّتة على شمعة 16:45Z (من cbar)
20:06 KSA · REGULAR · scanner    · بدء المسح · 1154 رمزاً · الجلسة REGULAR
20:06 KSA · REGULAR · scanner    · ساعة التأكيد مثبَّتة على شمعة 16:45Z (من cbar)
20:09 KSA · REGULAR · scanner    · بدء المسح · 1154 رمزاً · الجلسة REGULAR
20:09 KSA · REGULAR · scanner    · ساعة التأكيد مثبَّتة على شمعة 16:45Z (من cbar)
20:10 KSA · REGULAR · scanner    · بدء المسح · 1154 رمزاً · الجلسة REGULAR
20:10 KSA · REGULAR · scanner    · ساعة التأكيد مثبَّتة على شمعة 16:45Z (من cbar)
20:12 KSA · REGULAR · scanner    · بدء المسح · 1154 رمزاً · الجلسة REGULAR
20:12 KSA · REGULAR · scanner    · ساعة التأكيد مثبَّتة على شمعة 16:45Z (من cbar)
20:14 KSA · REGULAR · scanner    · بدء المسح · 1154 رمزاً · الجلسة REGULAR
20:14 KSA · REGULAR · scanner    · ساعة التأكيد مثبَّتة على شمعة 16:45Z (من cbar)
20:15 KSA · REGULAR · scanner    · بدء المسح · 1154 رمزاً · الجلسة REGULAR
20:15 KSA · REGULAR · scanner    · ساعة التأكيد مثبَّتة على شمعة 17:00Z (من cbar)
20:15 KSA · REGULAR · signal     · GOOGL · sqzExp ▼ 65 · 1h
20:15 KSA · REGULAR · signal     · GOOG · sqzExp ▼ 55 · 1h
20:15 KSA · REGULAR · signal     · BRK-B · brk ▲ 75 · 15m
20:15 KSA · REGULAR · signal     · CRWD · sqzExp ▲ 55 · 1h
20:16 KSA · REGULAR · signal     · GILD · pbTrend ▲ 90 · 1h
20:16 KSA · REGULAR · signal     · BA · vwapRec ▲ 60 · 15m
20:16 KSA · REGULAR · signal     · COP · vwapRec ▲ 88 · 15m
20:16 KSA · REGULAR · signal     · MDT · meanRev ▲ 60 · 15m
20:16 KSA · REGULAR · signal     · PSX · volSpike ▲ 56 · 15m
20:16 KSA · REGULAR · signal     · CIEN · vwapRec ▲ 70 · 15m
20:16 KSA · REGULAR · signal     · MCHP · vwapRec ▲ 88 · 15m
20:16 KSA · REGULAR · signal     · MCHP · momo ▲ 75 · 1h
20:16 KSA · REGULAR · signal     · SPCXB-USD · sqzExp ▲ 68 · 1h
20:16 KSA · REGULAR · signal     · THE-USD · pbTrend ▲ 57 · 1h
20:16 KSA · REGULAR · signal     · EUR-USD · sqzExp ▼ 75 · 1h
20:16 KSA · REGULAR · signal     · BANK-USD · vwapRec ▲ 88 · 15m
20:17 KSA · REGULAR · scanner    · بدء المسح · 1154 رمزاً · الجلسة REGULAR
20:17 KSA · REGULAR · scanner    · ساعة التأكيد مثبَّتة على شمعة 17:00Z (من cbar)
20:18 KSA · REGULAR · scanner    · بدء المسح · 1154 رمزاً · الجلسة REGULAR
20:18 KSA · REGULAR · scanner    · ساعة التأكيد مثبَّتة على شمعة 17:00Z (من cbar)
20:22 KSA · REGULAR · scanner    · بدء المسح · 1154 رمزاً · الجلسة REGULAR
20:22 KSA · REGULAR · scanner    · ساعة التأكيد مثبَّتة على شمعة 17:00Z (من cbar)
20:22 KSA · REGULAR · signal     · LINEA-USD · brk ▲ 87 · 1d
20:22 KSA · REGULAR · signal     · BNT-USD · sqzExp ▲ 72 · 1d
20:22 KSA · REGULAR · signal     · AIXBT-USD · brk ▲ 100 · 1d
20:22 KSA · REGULAR · signal     · MASK-USD · brk ▲ 84 · 1d
20:22 KSA · REGULAR · signal     · SUPER-USD · sqzExp ▲ 69 · 1d
20:22 KSA · REGULAR · signal     · COMP-USD · sqzExp ▲ 56 · 1d
20:22 KSA · REGULAR · signal     · STO-USD · brk ▲ 87 · 1d
20:22 KSA · REGULAR · signal     · STO-USD · sqzExp ▲ 94 · 1d
20:23 KSA · REGULAR · scanner    · بدء المسح · 1154 رمزاً · الجلسة REGULAR
20:23 KSA · REGULAR · scanner    · ساعة التأكيد مثبَّتة على شمعة 17:00Z (من cbar)
20:24 KSA · REGULAR · scanner    · بدء المسح · 1154 رمزاً · الجلسة REGULAR
20:24 KSA · REGULAR · scanner    · ساعة التأكيد مثبَّتة على شمعة 17:00Z (من cbar)
20:26 KSA · REGULAR · scanner    · بدء المسح · 1154 رمزاً · الجلسة REGULAR
20:26 KSA · REGULAR · scanner    · ساعة التأكيد مثبَّتة على شمعة 17:00Z (من cbar)
20:28 KSA · REGULAR · scanner    · بدء المسح · 1154 رمزاً · الجلسة REGULAR
20:28 KSA · REGULAR · scanner    · ساعة التأكيد مثبَّتة على شمعة 17:00Z (من cbar)
20:30 KSA · REGULAR · scanner    · بدء المسح · 1154 رمزاً · الجلسة REGULAR
20:30 KSA · REGULAR · scanner    · ساعة التأكيد مثبَّتة على شمعة 17:15Z (من cbar)
20:30 KSA · REGULAR · signal     · DELL · sqzExp ▼ 78 · 1h
20:30 KSA · REGULAR · signal     · DELL · momo ▼ 69 · 1h
20:30 KSA · REGULAR · signal     · MS · momo ▼ 83 · 1h
20:30 KSA · REGULAR · signal     · ANET · pbTrend ▲ 90 · 1h
20:30 KSA · REGULAR · signal     · WDC · rsiDiv ▼ 89 · 15m
20:30 KSA · REGULAR · signal     · WDC · tfAlign ▲ 89 · 1d
20:30 KSA · REGULAR · signal     · MPC · momo ▼ 83 · 1h
20:30 KSA · REGULAR · signal     · PSX · momo ▼ 75 · 1h
20:30 KSA · REGULAR · signal     · XRP-USD · rsiDiv ▲ 78 · 15m
20:30 KSA · REGULAR · signal     · SHW · orb ▲ 63 · 15m
20:30 KSA · REGULAR · signal     · MPWR · pbTrend ▼ 64 · 1h
20:30 KSA · REGULAR · signal     · NXPI · momo ▲ 67 · 1h
20:30 KSA · REGULAR · signal     · AZO · rsiDiv ▲ 81 · 1h
20:30 KSA · REGULAR · signal     · REZ-USD · rsiDiv ▲ 78 · 15m
20:31 KSA · REGULAR · scanner    · بدء المسح · 1154 رمزاً · الجلسة REGULAR
20:31 KSA · REGULAR · scanner    · ساعة التأكيد مثبَّتة على شمعة 17:15Z (من cbar)
20:32 KSA · REGULAR · scanner    · بدء المسح · 1154 رمزاً · الجلسة REGULAR
20:32 KSA · REGULAR · scanner    · ساعة التأكيد مثبَّتة على شمعة 17:15Z (من cbar)
20:34 KSA · REGULAR · scanner    · بدء المسح · 1154 رمزاً · الجلسة REGULAR
20:34 KSA · REGULAR · scanner    · ساعة التأكيد مثبَّتة على شمعة 17:15Z (من cbar)
20:36 KSA · REGULAR · scanner    · بدء المسح · 1154 رمزاً · الجلسة REGULAR
20:36 KSA · REGULAR · scanner    · ساعة التأكيد مثبَّتة على شمعة 17:15Z (من cbar)
20:39 KSA · REGULAR · scanner    · بدء المسح · 1154 رمزاً · الجلسة REGULAR
20:39 KSA · REGULAR · scanner    · ساعة التأكيد مثبَّتة على شمعة 17:15Z (من cbar)
20:40 KSA · REGULAR · scanner    · بدء المسح · 1154 رمزاً · الجلسة REGULAR
20:40 KSA · REGULAR · scanner    · ساعة التأكيد مثبَّتة على شمعة 17:15Z (من cbar)
20:42 KSA · REGULAR · scanner    · بدء المسح · 1154 رمزاً · الجلسة REGULAR
20:42 KSA · REGULAR · scanner    · ساعة التأكيد مثبَّتة على شمعة 17:15Z (من cbar)
20:44 KSA · REGULAR · scanner    · بدء المسح · 1154 رمزاً · الجلسة REGULAR
20:44 KSA · REGULAR · scanner    · ساعة التأكيد مثبَّتة على شمعة 17:15Z (من cbar)
20:45 KSA · REGULAR · scanner    · بدء المسح · 1154 رمزاً · الجلسة REGULAR
20:45 KSA · REGULAR · scanner    · ساعة التأكيد مثبَّتة على شمعة 17:30Z (من cbar)
20:45 KSA · REGULAR · signal     · DE · tfAlign ▲ 95 · 1d
20:45 KSA · REGULAR · signal     · PSX · rsiDiv ▲ 61 · 15m
20:45 KSA · REGULAR · signal     · BSX · meanRev ▲ 60 · 15m
20:45 KSA · REGULAR · signal     · THE-USD · volSpike ▲ 94 · 15m
20:46 KSA · REGULAR · scanner    · بدء المسح · 1154 رمزاً · الجلسة REGULAR
20:46 KSA · REGULAR · scanner    · ساعة التأكيد مثبَّتة على شمعة 17:30Z (من cbar)
20:48 KSA · REGULAR · scanner    · بدء المسح · 1154 رمزاً · الجلسة REGULAR
20:48 KSA · REGULAR · scanner    · ساعة التأكيد مثبَّتة على شمعة 17:30Z (من cbar)
20:52 KSA · REGULAR · scanner    · بدء المسح · 1154 رمزاً · الجلسة REGULAR
20:52 KSA · REGULAR · scanner    · ساعة التأكيد مثبَّتة على شمعة 17:30Z (من cbar)
20:52 KSA · REGULAR · signal     · QTUM-USD · brk ▲ 76 · 1d
20:52 KSA · REGULAR · signal     · QTUM-USD · sqzExp ▲ 56 · 1d
20:52 KSA · REGULAR · signal     · RIF-USD · meanRev ▼ 70 · 1d
20:52 KSA · REGULAR · signal     · SNX-USD · sqzExp ▲ 75 · 1d
20:52 KSA · REGULAR · signal     · HMSTR-USD · brk ▲ 87 · 1d
20:52 KSA · REGULAR · signal     · ME-USD · sqzExp ▲ 94 · 1d
20:53 KSA · REGULAR · scanner    · بدء المسح · 1154 رمزاً · الجلسة REGULAR
20:53 KSA · REGULAR · scanner    · ساعة التأكيد مثبَّتة على شمعة 17:30Z (من cbar)
20:54 KSA · REGULAR · scanner    · بدء المسح · 1154 رمزاً · الجلسة REGULAR
20:54 KSA · REGULAR · scanner    · ساعة التأكيد مثبَّتة على شمعة 17:30Z (من cbar)
20:58 KSA · REGULAR · scanner    · بدء المسح · 1154 رمزاً · الجلسة REGULAR
20:58 KSA · REGULAR · scanner    · ساعة التأكيد مثبَّتة على شمعة 17:30Z (من cbar)
21:00 KSA · REGULAR · scanner    · بدء المسح · 1154 رمزاً · الجلسة REGULAR
21:00 KSA · REGULAR · scanner    · ساعة التأكيد مثبَّتة على شمعة 17:45Z (من cbar)
21:00 KSA · REGULAR · signal     · ADI · vwapRec ▼ 60 · 15m
21:00 KSA · REGULAR · signal     · MCD · rsiDiv ▲ 58 · 15m
21:00 KSA · REGULAR · signal     · PFE · brk ▲ 82 · 15m
21:00 KSA · REGULAR · signal     · BX · orb ▼ 65 · 15m
21:00 KSA · REGULAR · signal     · ENA-USD · pbTrend ▲ 64 · 1h
21:00 KSA · REGULAR · signal     · HOLO-USD · rsiDiv ▼ 69 · 1h
21:01 KSA · REGULAR · scanner    · بدء المسح · 1154 رمزاً · الجلسة REGULAR
21:01 KSA · REGULAR · scanner    · ساعة التأكيد مثبَّتة على شمعة 17:45Z (من cbar)
21:02 KSA · REGULAR · scanner    · بدء المسح · 1154 رمزاً · الجلسة REGULAR
21:02 KSA · REGULAR · scanner    · ساعة التأكيد مثبَّتة على شمعة 17:45Z (من cbar)
21:05 KSA · REGULAR · scanner    · بدء المسح · 1154 رمزاً · الجلسة REGULAR
21:05 KSA · REGULAR · scanner    · ساعة التأكيد مثبَّتة على شمعة 17:45Z (من cbar)
21:06 KSA · REGULAR · scanner    · بدء المسح · 1154 رمزاً · الجلسة REGULAR
21:06 KSA · REGULAR · scanner    · ساعة التأكيد مثبَّتة على شمعة 17:45Z (من cbar)
21:09 KSA · REGULAR · scanner    · بدء المسح · 1154 رمزاً · الجلسة REGULAR
21:09 KSA · REGULAR · scanner    · ساعة التأكيد مثبَّتة على شمعة 17:45Z (من cbar)
21:10 KSA · REGULAR · scanner    · بدء المسح · 1154 رمزاً · الجلسة REGULAR
21:10 KSA · REGULAR · scanner    · ساعة التأكيد مثبَّتة على شمعة 17:45Z (من cbar)
21:12 KSA · REGULAR · scanner    · بدء المسح · 1154 رمزاً · الجلسة REGULAR
21:12 KSA · REGULAR · scanner    · ساعة التأكيد مثبَّتة على شمعة 17:45Z (من cbar)
21:14 KSA · REGULAR · scanner    · بدء المسح · 1154 رمزاً · الجلسة REGULAR
21:14 KSA · REGULAR · scanner    · ساعة التأكيد مثبَّتة على شمعة 17:45Z (من cbar)
21:16 KSA · REGULAR · scanner    · بدء المسح · 1154 رمزاً · الجلسة REGULAR
21:16 KSA · REGULAR · scanner    · ساعة التأكيد مثبَّتة على شمعة 18:00Z (من cbar)
21:16 KSA · REGULAR · signal     · ABBV · tfAlign ▲ 82 · 1d
21:16 KSA · REGULAR · signal     · ORCL · orb ▼ 75 · 15m
21:16 KSA · REGULAR · signal     · COST · orb ▲ 55 · 15m
21:16 KSA · REGULAR · signal     · KLAC · vwapRec ▲ 60 · 15m
21:16 KSA · REGULAR · signal     · PEP · rsiDiv ▲ 72 · 15m
21:16 KSA · REGULAR · signal     · PGR · orb ▼ 93 · 15m
21:16 KSA · REGULAR · signal     · MPC · pbTrend ▲ 57 · 1h
21:16 KSA · REGULAR · signal     · HON · orb ▲ 70 · 15m
21:16 KSA · REGULAR · signal     · MPWR · vwapRec ▲ 85 · 15m
21:16 KSA · REGULAR · signal     · TRX-USD · pbTrend ▲ 64 · 1h
21:16 KSA · REGULAR · signal     · PENDLE-USD · sqzExp ▼ 55 · 1h
21:16 KSA · REGULAR · signal     · 牛来-USD · orb ▼ 83 · 15m
21:17 KSA · REGULAR · scanner    · بدء المسح · 1154 رمزاً · الجلسة REGULAR
21:17 KSA · REGULAR · scanner    · ساعة التأكيد مثبَّتة على شمعة 18:00Z (من cbar)
21:18 KSA · REGULAR · scanner    · بدء المسح · 1154 رمزاً · الجلسة REGULAR
21:18 KSA · REGULAR · scanner    · ساعة التأكيد مثبَّتة على شمعة 18:00Z (من cbar)
21:22 KSA · REGULAR · scanner    · بدء المسح · 1154 رمزاً · الجلسة REGULAR
21:22 KSA · REGULAR · scanner    · ساعة التأكيد مثبَّتة على شمعة 18:00Z (من cbar)
21:22 KSA · REGULAR · signal     · DUSK-USD · sqzExp ▲ 72 · 1d
21:22 KSA · REGULAR · signal     · ARPA-USD · brk ▲ 74 · 1d
21:22 KSA · REGULAR · signal     · ARPA-USD · sqzExp ▲ 88 · 1d
21:22 KSA · REGULAR · signal     · ALICE-USD · meanRev ▼ 57 · 1d
21:22 KSA · REGULAR · signal     · MEME-USD · sqzExp ▲ 72 · 1d
21:22 KSA · REGULAR · signal     · RARE-USD · meanRev ▼ 78 · 1d
21:24 KSA · REGULAR · scanner    · بدء المسح · 1154 رمزاً · الجلسة REGULAR
21:24 KSA · REGULAR · scanner    · ساعة التأكيد مثبَّتة على شمعة 18:00Z (من cbar)
21:26 KSA · REGULAR · scanner    · بدء المسح · 1154 رمزاً · الجلسة REGULAR
21:26 KSA · REGULAR · scanner    · ساعة التأكيد مثبَّتة على شمعة 18:00Z (من cbar)
21:28 KSA · REGULAR · scanner    · بدء المسح · 1154 رمزاً · الجلسة REGULAR
21:28 KSA · REGULAR · scanner    · ساعة التأكيد مثبَّتة على شمعة 18:00Z (من cbar)
21:30 KSA · REGULAR · scanner    · بدء المسح · 1154 رمزاً · الجلسة REGULAR
21:30 KSA · REGULAR · scanner    · ساعة التأكيد مثبَّتة على شمعة 18:15Z (من cbar)
21:30 KSA · REGULAR · signal     · STX · momo ▲ 83 · 1h
21:30 KSA · REGULAR · signal     · APH · momo ▲ 72 · 1h
21:30 KSA · REGULAR · signal     · PH · vwapRec ▲ 70 · 15m
21:30 KSA · REGULAR · signal     · SPGI · tfAlign ▼ 63 · 1d
21:30 KSA · REGULAR · signal     · MCHP · pbTrend ▼ 60 · 1h
21:30 KSA · REGULAR · signal     · SWKS · volSpike ▲ 61 · 15m
21:31 KSA · REGULAR · scanner    · بدء المسح · 1154 رمزاً · الجلسة REGULAR
21:31 KSA · REGULAR · scanner    · ساعة التأكيد مثبَّتة على شمعة 18:15Z (من cbar)
21:32 KSA · REGULAR · scanner    · بدء المسح · 1154 رمزاً · الجلسة REGULAR
21:32 KSA · REGULAR · scanner    · ساعة التأكيد مثبَّتة على شمعة 18:15Z (من cbar)
21:34 KSA · REGULAR · scanner    · بدء المسح · 1154 رمزاً · الجلسة REGULAR
21:34 KSA · REGULAR · scanner    · ساعة التأكيد مثبَّتة على شمعة 18:15Z (من cbar)
21:36 KSA · REGULAR · scanner    · بدء المسح · 1154 رمزاً · الجلسة REGULAR
21:36 KSA · REGULAR · scanner    · ساعة التأكيد مثبَّتة على شمعة 18:15Z (من cbar)
21:40 KSA · REGULAR · scanner    · بدء المسح · 1154 رمزاً · الجلسة REGULAR
21:40 KSA · REGULAR · scanner    · ساعة التأكيد مثبَّتة على شمعة 18:15Z (من cbar)
21:42 KSA · REGULAR · scanner    · بدء المسح · 1154 رمزاً · الجلسة REGULAR
21:42 KSA · REGULAR · scanner    · ساعة التأكيد مثبَّتة على شمعة 18:15Z (من cbar)
21:44 KSA · REGULAR · scanner    · بدء المسح · 1154 رمزاً · الجلسة REGULAR
21:44 KSA · REGULAR · scanner    · ساعة التأكيد مثبَّتة على شمعة 18:15Z (من cbar)
21:45 KSA · REGULAR · scanner    · بدء المسح · 1154 رمزاً · الجلسة REGULAR
21:45 KSA · REGULAR · scanner    · ساعة التأكيد مثبَّتة على شمعة 18:30Z (من cbar)
21:45 KSA · REGULAR · signal     · COST · brk ▲ 82 · 15m
21:45 KSA · REGULAR · signal     · COST · volSpike ▲ 67 · 15m
21:45 KSA · REGULAR · signal     · CDNS · meanRev ▼ 68 · 15m
21:45 KSA · REGULAR · signal     · SWKS · vwapRec ▼ 75 · 15m
21:45 KSA · REGULAR · signal     · HOLO-USD · orb ▼ 65 · 15m
21:46 KSA · REGULAR · scanner    · بدء المسح · 1154 رمزاً · الجلسة REGULAR
21:46 KSA · REGULAR · scanner    · ساعة التأكيد مثبَّتة على شمعة 18:30Z (من cbar)
21:48 KSA · REGULAR · scanner    · بدء المسح · 1154 رمزاً · الجلسة REGULAR
21:48 KSA · REGULAR · scanner    · ساعة التأكيد مثبَّتة على شمعة 18:30Z (من cbar)
21:52 KSA · REGULAR · scanner    · بدء المسح · 1154 رمزاً · الجلسة REGULAR
21:52 KSA · REGULAR · scanner    · ساعة التأكيد مثبَّتة على شمعة 18:30Z (من cbar)
21:52 KSA · REGULAR · signal     · RESOLV-USD · sqzExp ▲ 75 · 1d
21:54 KSA · REGULAR · scanner    · بدء المسح · 1154 رمزاً · الجلسة REGULAR
21:54 KSA · REGULAR · scanner    · ساعة التأكيد مثبَّتة على شمعة 18:30Z (من cbar)
21:56 KSA · REGULAR · scanner    · بدء المسح · 1154 رمزاً · الجلسة REGULAR
21:56 KSA · REGULAR · scanner    · ساعة التأكيد مثبَّتة على شمعة 18:30Z (من cbar)
21:58 KSA · REGULAR · scanner    · بدء المسح · 1154 رمزاً · الجلسة REGULAR
21:58 KSA · REGULAR · scanner    · ساعة التأكيد مثبَّتة على شمعة 18:30Z (من cbar)
22:00 KSA · REGULAR · scanner    · بدء المسح · 1154 رمزاً · الجلسة REGULAR
22:00 KSA · REGULAR · scanner    · ساعة التأكيد مثبَّتة على شمعة 18:45Z (من cbar)
22:00 KSA · REGULAR · signal     · CRM · vwapRec ▲ 80 · 15m
22:00 KSA · REGULAR · signal     · ABT · meanRev ▲ 55 · 15m
22:00 KSA · REGULAR · signal     · PFE · rsiDiv ▼ 94 · 15m
22:00 KSA · REGULAR · signal     · SPCXB-USD · sqzExp ▼ 78 · 1h
22:00 KSA · REGULAR · signal     · 牛来-USD · momo ▼ 77 · 1h
22:00 KSA · REGULAR · signal     · WLFI-USD · sqzExp ▼ 85 · 1h
22:01 KSA · REGULAR · scanner    · بدء المسح · 1154 رمزاً · الجلسة REGULAR
22:01 KSA · REGULAR · scanner    · ساعة التأكيد مثبَّتة على شمعة 18:45Z (من cbar)
22:02 KSA · REGULAR · scanner    · بدء المسح · 1154 رمزاً · الجلسة REGULAR
22:02 KSA · REGULAR · scanner    · ساعة التأكيد مثبَّتة على شمعة 18:45Z (من cbar)
22:04 KSA · REGULAR · scanner    · بدء المسح · 1154 رمزاً · الجلسة REGULAR
22:04 KSA · REGULAR · scanner    · ساعة التأكيد مثبَّتة على شمعة 18:45Z (من cbar)
22:09 KSA · REGULAR · scanner    · بدء المسح · 1154 رمزاً · الجلسة REGULAR
22:09 KSA · REGULAR · scanner    · ساعة التأكيد مثبَّتة على شمعة 18:45Z (من cbar)
22:10 KSA · REGULAR · scanner    · بدء المسح · 1154 رمزاً · الجلسة REGULAR
22:10 KSA · REGULAR · scanner    · ساعة التأكيد مثبَّتة على شمعة 18:45Z (من cbar)
22:12 KSA · REGULAR · scanner    · بدء المسح · 1154 رمزاً · الجلسة REGULAR
22:12 KSA · REGULAR · scanner    · ساعة التأكيد مثبَّتة على شمعة 18:45Z (من cbar)
22:14 KSA · REGULAR · scanner    · بدء المسح · 1154 رمزاً · الجلسة REGULAR
22:14 KSA · REGULAR · scanner    · ساعة التأكيد مثبَّتة على شمعة 18:45Z (من cbar)
22:15 KSA · REGULAR · scanner    · بدء المسح · 1154 رمزاً · الجلسة REGULAR
22:15 KSA · REGULAR · scanner    · ساعة التأكيد مثبَّتة على شمعة 19:00Z (من cbar)
22:15 KSA · REGULAR · signal     · LOW · orb ▼ 93 · 15m
22:16 KSA · REGULAR · scanner    · بدء المسح · 1154 رمزاً · الجلسة REGULAR
22:16 KSA · REGULAR · scanner    · ساعة التأكيد مثبَّتة على شمعة 19:00Z (من cbar)
22:18 KSA · REGULAR · scanner    · بدء المسح · 1154 رمزاً · الجلسة REGULAR
22:18 KSA · REGULAR · scanner    · ساعة التأكيد مثبَّتة على شمعة 19:00Z (من cbar)
22:22 KSA · REGULAR · scanner    · بدء المسح · 1154 رمزاً · الجلسة REGULAR
22:22 KSA · REGULAR · scanner    · ساعة التأكيد مثبَّتة على شمعة 19:00Z (من cbar)
22:22 KSA · REGULAR · signal     · BAND-USD · brk ▲ 74 · 1d
22:23 KSA · REGULAR · scanner    · بدء المسح · 1154 رمزاً · الجلسة REGULAR
22:23 KSA · REGULAR · scanner    · ساعة التأكيد مثبَّتة على شمعة 19:00Z (من cbar)
22:24 KSA · REGULAR · scanner    · بدء المسح · 1154 رمزاً · الجلسة REGULAR
22:24 KSA · REGULAR · scanner    · ساعة التأكيد مثبَّتة على شمعة 19:00Z (من cbar)
22:26 KSA · REGULAR · scanner    · بدء المسح · 1154 رمزاً · الجلسة REGULAR
22:26 KSA · REGULAR · scanner    · ساعة التأكيد مثبَّتة على شمعة 19:00Z (من cbar)
22:28 KSA · REGULAR · scanner    · بدء المسح · 1154 رمزاً · الجلسة REGULAR
22:28 KSA · REGULAR · scanner    · ساعة التأكيد مثبَّتة على شمعة 19:00Z (من cbar)
22:30 KSA · REGULAR · scanner    · بدء المسح · 1154 رمزاً · الجلسة REGULAR
22:30 KSA · REGULAR · scanner    · ساعة التأكيد مثبَّتة على شمعة 19:15Z (من cbar)
22:30 KSA · REGULAR · signal     · ORCL · sqzExp ▼ 60 · 1h
22:30 KSA · REGULAR · signal     · COST · momo ▲ 69 · 1h
22:30 KSA · REGULAR · signal     · HD · sqzExp ▼ 63 · 1h
22:30 KSA · REGULAR · signal     · DIS · pbTrend ▲ 55 · 1h
22:31 KSA · REGULAR · signal     · PGR · momo ▼ 83 · 1h
22:31 KSA · REGULAR · signal     · MDT · volSpike ▼ 72 · 15m
22:31 KSA · REGULAR · signal     · LOW · meanRev ▲ 57 · 15m
22:31 KSA · REGULAR · signal     · HON · pbTrend ▼ 74 · 1h
22:31 KSA · REGULAR · signal     · HPQ · pbTrend ▲ 60 · 1h
22:31 KSA · REGULAR · signal     · THE-USD · vwapRec ▼ 88 · 15m
22:31 KSA · REGULAR · scanner    · بدء المسح · 1154 رمزاً · الجلسة REGULAR
22:31 KSA · REGULAR · scanner    · ساعة التأكيد مثبَّتة على شمعة 19:15Z (من cbar)
22:32 KSA · REGULAR · scanner    · بدء المسح · 1154 رمزاً · الجلسة REGULAR
22:32 KSA · REGULAR · scanner    · ساعة التأكيد مثبَّتة على شمعة 19:15Z (من cbar)
22:34 KSA · REGULAR · scanner    · بدء المسح · 1154 رمزاً · الجلسة REGULAR
22:34 KSA · REGULAR · scanner    · ساعة التأكيد مثبَّتة على شمعة 19:15Z (من cbar)
22:39 KSA · REGULAR · scanner    · بدء المسح · 1154 رمزاً · الجلسة REGULAR
22:39 KSA · REGULAR · scanner    · ساعة التأكيد مثبَّتة على شمعة 19:15Z (من cbar)
22:40 KSA · REGULAR · scanner    · بدء المسح · 1154 رمزاً · الجلسة REGULAR
22:40 KSA · REGULAR · scanner    · ساعة التأكيد مثبَّتة على شمعة 19:15Z (من cbar)
22:42 KSA · REGULAR · scanner    · بدء المسح · 1154 رمزاً · الجلسة REGULAR
22:42 KSA · REGULAR · scanner    · ساعة التأكيد مثبَّتة على شمعة 19:15Z (من cbar)
22:44 KSA · REGULAR · scanner    · بدء المسح · 1154 رمزاً · الجلسة REGULAR
22:44 KSA · REGULAR · scanner    · ساعة التأكيد مثبَّتة على شمعة 19:15Z (من cbar)
22:45 KSA · REGULAR · scanner    · بدء المسح · 1154 رمزاً · الجلسة REGULAR
22:45 KSA · REGULAR · scanner    · ساعة التأكيد مثبَّتة على شمعة 19:30Z (من cbar)
22:45 KSA · REGULAR · signal     · AAPL · orb ▼ 80 · 15m
22:45 KSA · REGULAR · signal     · QCOM · vwapRec ▲ 75 · 15m
22:45 KSA · REGULAR · signal     · UBER · vwapRec ▲ 68 · 15m
22:45 KSA · REGULAR · signal     · HOOD · meanRev ▲ 73 · 15m
22:45 KSA · REGULAR · signal     · SHW · orb ▲ 73 · 15m
22:45 KSA · REGULAR · signal     · DVN · vwapRec ▲ 95 · 15m
22:45 KSA · REGULAR · signal     · KMB · brk ▲ 55 · 15m
22:46 KSA · REGULAR · scanner    · بدء المسح · 1154 رمزاً · الجلسة REGULAR
22:46 KSA · REGULAR · scanner    · ساعة التأكيد مثبَّتة على شمعة 19:30Z (من cbar)
22:48 KSA · REGULAR · scanner    · بدء المسح · 1154 رمزاً · الجلسة REGULAR
22:48 KSA · REGULAR · scanner    · ساعة التأكيد مثبَّتة على شمعة 19:30Z (من cbar)
22:52 KSA · REGULAR · scanner    · بدء المسح · 1154 رمزاً · الجلسة REGULAR
22:52 KSA · REGULAR · scanner    · ساعة التأكيد مثبَّتة على شمعة 19:30Z (من cbar)
22:53 KSA · REGULAR · scanner    · بدء المسح · 1154 رمزاً · الجلسة REGULAR
22:53 KSA · REGULAR · scanner    · ساعة التأكيد مثبَّتة على شمعة 19:30Z (من cbar)
22:54 KSA · REGULAR · scanner    · بدء المسح · 1154 رمزاً · الجلسة REGULAR
22:54 KSA · REGULAR · scanner    · ساعة التأكيد مثبَّتة على شمعة 19:30Z (من cbar)
22:56 KSA · REGULAR · scanner    · بدء المسح · 1154 رمزاً · الجلسة REGULAR
22:56 KSA · REGULAR · scanner    · ساعة التأكيد مثبَّتة على شمعة 19:30Z (من cbar)
22:58 KSA · REGULAR · scanner    · بدء المسح · 1154 رمزاً · الجلسة REGULAR
22:58 KSA · REGULAR · scanner    · ساعة التأكيد مثبَّتة على شمعة 19:30Z (من cbar)
23:00 KSA · AFTER   · scanner    · بدء المسح · 1154 رمزاً · الجلسة AFTER
23:00 KSA · AFTER   · scanner    · ساعة التأكيد مثبَّتة على شمعة 19:45Z (من cbar)
23:00 KSA · AFTER   · signal     · PANW · meanRev ▼ 60 · 15m · جلسة ممتدة
23:00 KSA · AFTER   · signal     · PGR · meanRev ▲ 78 · 15m · جلسة ممتدة
23:00 KSA · AFTER   · signal     · HOOD · brk ▼ 77 · 15m · جلسة ممتدة
23:01 KSA · AFTER   · scanner    · بدء المسح · 1154 رمزاً · الجلسة AFTER
23:01 KSA · AFTER   · scanner    · ساعة التأكيد مثبَّتة على شمعة 19:45Z (من cbar)
23:02 KSA · AFTER   · scanner    · بدء المسح · 1154 رمزاً · الجلسة AFTER
23:02 KSA · AFTER   · scanner    · ساعة التأكيد مثبَّتة على شمعة 19:45Z (من cbar)
23:04 KSA · AFTER   · scanner    · بدء المسح · 1154 رمزاً · الجلسة AFTER
23:04 KSA · AFTER   · scanner    · ساعة التأكيد مثبَّتة على شمعة 19:45Z (من cbar)
23:08 KSA · AFTER   · scanner    · بدء المسح · 1154 رمزاً · الجلسة AFTER
23:08 KSA · AFTER   · scanner    · ساعة التأكيد مثبَّتة على شمعة 19:45Z (من cbar)
23:10 KSA · AFTER   · scanner    · بدء المسح · 1154 رمزاً · الجلسة AFTER
23:10 KSA · AFTER   · scanner    · ساعة التأكيد مثبَّتة على شمعة 19:45Z (من cbar)
23:12 KSA · AFTER   · scanner    · بدء المسح · 1154 رمزاً · الجلسة AFTER
23:12 KSA · AFTER   · scanner    · ساعة التأكيد مثبَّتة على شمعة 19:45Z (من cbar)
23:14 KSA · AFTER   · scanner    · بدء المسح · 1154 رمزاً · الجلسة AFTER
23:14 KSA · AFTER   · scanner    · ساعة التأكيد مثبَّتة على شمعة 19:45Z (من cbar)
23:15 KSA · AFTER   · scanner    · بدء المسح · 1154 رمزاً · الجلسة AFTER
23:15 KSA · AFTER   · scanner    · ساعة التأكيد مثبَّتة على شمعة 20:00Z (من cbar)
23:15 KSA · AFTER   · signal     · GOOG · volSpike ▼ 72 · 15m · جلسة ممتدة
23:15 KSA · AFTER   · signal     · LLY · volSpike ▲ 56 · 15m · جلسة ممتدة
23:15 KSA · AFTER   · signal     · WMT · volSpike ▲ 94 · 15m · جلسة ممتدة
23:15 KSA · AFTER   · signal     · PANW · volSpike ▲ 89 · 15m · جلسة ممتدة
23:15 KSA · AFTER   · signal     · C · volSpike ▼ 78 · 15m · جلسة ممتدة
23:15 KSA · AFTER   · signal     · LIN · volSpike ▼ 78 · 15m · جلسة ممتدة
23:15 KSA · AFTER   · signal     · UNP · volSpike ▼ 83 · 15m · جلسة ممتدة
23:15 KSA · AFTER   · signal     · UBER · volSpike ▼ 78 · 15m · جلسة ممتدة
23:15 KSA · AFTER   · signal     · NEM · volSpike ▲ 72 · 15m · جلسة ممتدة
23:15 KSA · AFTER   · signal     · LMT · meanRev ▼ 70 · 15m · جلسة ممتدة
23:15 KSA · AFTER   · signal     · MPC · volSpike ▲ 67 · 15m · جلسة ممتدة
23:15 KSA · AFTER   · signal     · APP · volSpike ▼ 67 · 15m · جلسة ممتدة
23:15 KSA · AFTER   · signal     · SHW · volSpike ▲ 67 · 15m · جلسة ممتدة
23:15 KSA · AFTER   · signal     · HON · meanRev ▼ 78 · 15m · جلسة ممتدة
23:15 KSA · AFTER   · signal     · HON · volSpike ▲ 89 · 15m · جلسة ممتدة
23:15 KSA · AFTER   · signal     · VST · volSpike ▼ 72 · 15m · جلسة ممتدة
23:15 KSA · AFTER   · signal     · LHX · momo ▼ 83 · 1h · جلسة ممتدة
23:15 KSA · AFTER   · signal     · LINK-USD · pbTrend ▲ 67 · 1h
23:16 KSA · AFTER   · scanner    · بدء المسح · 1154 رمزاً · الجلسة AFTER
23:16 KSA · AFTER   · scanner    · ساعة التأكيد مثبَّتة على شمعة 20:00Z (من cbar)
23:18 KSA · AFTER   · scanner    · بدء المسح · 1154 رمزاً · الجلسة AFTER
23:18 KSA · AFTER   · scanner    · ساعة التأكيد مثبَّتة على شمعة 20:00Z (من cbar)
23:20 KSA · AFTER   · scanner    · بدء المسح · 1154 رمزاً · الجلسة AFTER
23:20 KSA · AFTER   · scanner    · ساعة التأكيد مثبَّتة على شمعة 20:00Z (من cbar)
23:22 KSA · AFTER   · scanner    · بدء المسح · 1154 رمزاً · الجلسة AFTER
23:22 KSA · AFTER   · scanner    · ساعة التأكيد مثبَّتة على شمعة 20:00Z (من cbar)
23:23 KSA · AFTER   · scanner    · بدء المسح · 1154 رمزاً · الجلسة AFTER
23:23 KSA · AFTER   · scanner    · ساعة التأكيد مثبَّتة على شمعة 20:00Z (من cbar)
23:24 KSA · AFTER   · scanner    · بدء المسح · 1154 رمزاً · الجلسة AFTER
23:24 KSA · AFTER   · scanner    · ساعة التأكيد مثبَّتة على شمعة 20:00Z (من cbar)
23:26 KSA · AFTER   · scanner    · بدء المسح · 1154 رمزاً · الجلسة AFTER
23:26 KSA · AFTER   · scanner    · ساعة التأكيد مثبَّتة على شمعة 20:00Z (من cbar)
23:28 KSA · AFTER   · scanner    · بدء المسح · 1154 رمزاً · الجلسة AFTER
23:28 KSA · AFTER   · scanner    · ساعة التأكيد مثبَّتة على شمعة 20:00Z (من cbar)
23:30 KSA · AFTER   · scanner    · بدء المسح · 1154 رمزاً · الجلسة AFTER
23:30 KSA · AFTER   · scanner    · ساعة التأكيد مثبَّتة على شمعة 20:00Z (من cbar)
23:31 KSA · AFTER   · scanner    · بدء المسح · 1154 رمزاً · الجلسة AFTER
23:31 KSA · AFTER   · scanner    · ساعة التأكيد مثبَّتة على شمعة 20:15Z (من cbar)
23:31 KSA · AFTER   · signal     · GOOG · vwapRec ▼ 63 · 15m · جلسة ممتدة
23:31 KSA · AFTER   · signal     · MSFT · vwapRec ▼ 68 · 15m · جلسة ممتدة
23:31 KSA · AFTER   · signal     · MRK · vwapRec ▼ 68 · 15m · جلسة ممتدة
23:31 KSA · AFTER   · signal     · DELL · rsiDiv ▲ 78 · 1h · جلسة ممتدة
23:31 KSA · AFTER   · signal     · PANW · vwapRec ▲ 80 · 15m · جلسة ممتدة
23:31 KSA · AFTER   · signal     · HD · momo ▼ 86 · 1h · جلسة ممتدة
23:31 KSA · AFTER   · signal     · GS · vwapRec ▼ 80 · 15m · جلسة ممتدة
23:31 KSA · AFTER   · signal     · IBM · vwapRec ▼ 70 · 15m · جلسة ممتدة
23:31 KSA · AFTER   · signal     · DIS · vwapRec ▼ 85 · 15m · جلسة ممتدة
23:31 KSA · AFTER   · signal     · MCD · vwapRec ▼ 85 · 15m · جلسة ممتدة
23:31 KSA · AFTER   · signal     · NEM · vwapRec ▲ 80 · 15m · جلسة ممتدة
23:31 KSA · AFTER   · signal     · VLO · rsiDiv ▲ 67 · 1h · جلسة ممتدة
23:31 KSA · AFTER   · signal     · LOW · momo ▼ 86 · 1h · جلسة ممتدة
23:31 KSA · AFTER   · signal     · VRT · vwapRec ▼ 65 · 15m · جلسة ممتدة
23:31 KSA · AFTER   · signal     · CMCSA · vwapRec ▲ 75 · 15m · جلسة ممتدة
23:31 KSA · AFTER   · signal     · SHW · momo ▲ 61 · 1h · جلسة ممتدة
23:31 KSA · AFTER   · signal     · SNPS · pbTrend ▼ 69 · 1h · جلسة ممتدة
23:31 KSA · AFTER   · signal     · SNPS · momo ▲ 67 · 1h · جلسة ممتدة
23:31 KSA · AFTER   · signal     · NKE · vwapRec ▼ 85 · 15m · جلسة ممتدة
23:31 KSA · AFTER   · signal     · AZO · vwapRec ▲ 75 · 15m · جلسة ممتدة
23:31 KSA · AFTER   · signal     · AZO · volSpike ▼ 94 · 15m · جلسة ممتدة
23:31 KSA · AFTER   · signal     · SWKS · vwapRec ▼ 75 · 15m · جلسة ممتدة
23:32 KSA · AFTER   · scanner    · بدء المسح · 1154 رمزاً · الجلسة AFTER
23:32 KSA · AFTER   · scanner    · ساعة التأكيد مثبَّتة على شمعة 20:15Z (من cbar)
23:34 KSA · AFTER   · scanner    · بدء المسح · 1154 رمزاً · الجلسة AFTER
23:34 KSA · AFTER   · scanner    · ساعة التأكيد مثبَّتة على شمعة 20:15Z (من cbar)
23:36 KSA · AFTER   · scanner    · بدء المسح · 1154 رمزاً · الجلسة AFTER
23:36 KSA · AFTER   · scanner    · ساعة التأكيد مثبَّتة على شمعة 20:15Z (من cbar)
23:39 KSA · AFTER   · scanner    · بدء المسح · 1154 رمزاً · الجلسة AFTER
23:39 KSA · AFTER   · scanner    · ساعة التأكيد مثبَّتة على شمعة 20:15Z (من cbar)
23:40 KSA · AFTER   · scanner    · بدء المسح · 1154 رمزاً · الجلسة AFTER
23:40 KSA · AFTER   · scanner    · ساعة التأكيد مثبَّتة على شمعة 20:15Z (من cbar)
23:42 KSA · AFTER   · scanner    · بدء المسح · 1154 رمزاً · الجلسة AFTER
23:42 KSA · AFTER   · scanner    · ساعة التأكيد مثبَّتة على شمعة 20:15Z (من cbar)
23:44 KSA · AFTER   · scanner    · بدء المسح · 1154 رمزاً · الجلسة AFTER
23:44 KSA · AFTER   · scanner    · ساعة التأكيد مثبَّتة على شمعة 20:15Z (من cbar)
23:45 KSA · AFTER   · scanner    · بدء المسح · 1154 رمزاً · الجلسة AFTER
23:45 KSA · AFTER   · scanner    · ساعة التأكيد مثبَّتة على شمعة 20:30Z (من cbar)
23:45 KSA · AFTER   · signal     · GOOGL · vwapRec ▼ 70 · 15m · جلسة ممتدة
23:45 KSA · AFTER   · signal     · META · volSpike ▼ 78 · 15m · جلسة ممتدة
23:45 KSA · AFTER   · signal     · JNJ · orb ▼ 70 · 15m · جلسة ممتدة
23:45 KSA · AFTER   · signal     · PM · orb ▲ 55 · 15m · جلسة ممتدة
23:45 KSA · AFTER   · signal     · GS · volSpike ▼ 94 · 15m · جلسة ممتدة
23:45 KSA · AFTER   · signal     · ADI · vwapRec ▲ 70 · 15m · جلسة ممتدة
23:45 KSA · AFTER   · signal     · TMUS · volSpike ▼ 72 · 15m · جلسة ممتدة
23:45 KSA · AFTER   · signal     · VRTX · volSpike ▼ 61 · 15m · جلسة ممتدة
23:45 KSA · AFTER   · signal     · DDOG · orb ▲ 55 · 15m · جلسة ممتدة
23:45 KSA · AFTER   · signal     · SNPS · volSpike ▼ 89 · 15m · جلسة ممتدة
23:45 KSA · AFTER   · signal     · VST · orb ▼ 55 · 15m · جلسة ممتدة
23:45 KSA · AFTER   · signal     · LHX · vwapRec ▼ 85 · 15m · جلسة ممتدة
23:46 KSA · AFTER   · scanner    · بدء المسح · 1154 رمزاً · الجلسة AFTER
23:46 KSA · AFTER   · scanner    · ساعة التأكيد مثبَّتة على شمعة 20:30Z (من cbar)
23:48 KSA · AFTER   · scanner    · بدء المسح · 1154 رمزاً · الجلسة AFTER
23:48 KSA · AFTER   · scanner    · ساعة التأكيد مثبَّتة على شمعة 20:30Z (من cbar)
23:50 KSA · AFTER   · scanner    · بدء المسح · 1154 رمزاً · الجلسة AFTER
23:50 KSA · AFTER   · scanner    · ساعة التأكيد مثبَّتة على شمعة 20:30Z (من cbar)
23:52 KSA · AFTER   · scanner    · بدء المسح · 1154 رمزاً · الجلسة AFTER
23:52 KSA · AFTER   · scanner    · ساعة التأكيد مثبَّتة على شمعة 20:30Z (من cbar)
23:53 KSA · AFTER   · scanner    · بدء المسح · 1154 رمزاً · الجلسة AFTER
23:53 KSA · AFTER   · scanner    · ساعة التأكيد مثبَّتة على شمعة 20:30Z (من cbar)
23:54 KSA · AFTER   · scanner    · بدء المسح · 1154 رمزاً · الجلسة AFTER
23:54 KSA · AFTER   · scanner    · ساعة التأكيد مثبَّتة على شمعة 20:30Z (من cbar)
23:56 KSA · AFTER   · scanner    · بدء المسح · 1154 رمزاً · الجلسة AFTER
23:56 KSA · AFTER   · scanner    · ساعة التأكيد مثبَّتة على شمعة 20:30Z (من cbar)
23:58 KSA · AFTER   · scanner    · بدء المسح · 1154 رمزاً · الجلسة AFTER
23:58 KSA · AFTER   · scanner    · ساعة التأكيد مثبَّتة على شمعة 20:30Z (من cbar)
