00:00 KSA · AFTER   · scanner    · بدء المسح · 1153 رمزاً · الجلسة AFTER
00:00 KSA · AFTER   · signal     · TXN · orb ▼ 82 · 15m · جلسة ممتدة
00:00 KSA · AFTER   · signal     · ADBE · orb ▲ 73 · 15m · جلسة ممتدة
00:00 KSA · AFTER   · signal     · NXPI · vwapRec ▼ 57 · 15m · جلسة ممتدة
00:00 KSA · AFTER   · signal     · BEAMX-USD · meanRev ▼ 100 · 1d
00:02 KSA · AFTER   · scanner    · بدء المسح · 1153 رمزاً · الجلسة AFTER
00:02 KSA · AFTER   · signal     · XOM · pbTrend ▲ 69 · 1h · جلسة ممتدة
00:02 KSA · AFTER   · signal     · JNJ · brk ▲ 89 · 15m · جلسة ممتدة
00:02 KSA · AFTER   · signal     · DE · volSpike ▲ 72 · 15m · جلسة ممتدة
00:02 KSA · AFTER   · signal     · CB · brk ▲ 78 · 15m · جلسة ممتدة
00:02 KSA · AFTER   · signal     · SWKS · vwapRec ▲ 63 · 15m · جلسة ممتدة
00:02 KSA · AFTER   · signal     · SUI-USD · orb ▼ 65 · 15m
00:02 KSA · AFTER   · signal     · U-USD · pbTrend ▲ 57 · 1h
00:02 KSA · AFTER   · signal     · TAO-USD · brk ▼ 55 · 15m
00:02 KSA · AFTER   · signal     · THE-USD · orb ▼ 60 · 15m
00:02 KSA · AFTER   · signal     · TRUMP-USD · orb ▼ 78 · 15m
00:02 KSA · AFTER   · signal     · ARB-USD · brk ▼ 55 · 15m
00:02 KSA · AFTER   · signal     · ARB-USD · sqzExp ▼ 83 · 1h
00:02 KSA · AFTER   · signal     · BANK-USD · brk ▼ 68 · 15m
00:02 KSA · AFTER   · signal     · BANK-USD · sqzExp ▼ 93 · 1h
00:02 KSA · AFTER   · signal     · TON-USD · brk ▼ 61 · 15m
00:02 KSA · AFTER   · signal     · SENT-USD · orb ▼ 55 · 15m
00:02 KSA · AFTER   · signal     · SENT-USD · brk ▼ 55 · 15m
00:02 KSA · AFTER   · signal     · SENT-USD · sqzExp ▼ 65 · 1h
00:02 KSA · AFTER   · signal     · PENGU-USD · orb ▼ 70 · 15m
00:02 KSA · AFTER   · signal     · PENGU-USD · brk ▼ 55 · 15m
00:02 KSA · AFTER   · signal     · WLFI-USD · orb ▼ 60 · 15m
00:02 KSA · AFTER   · signal     · ASTER-USD · brk ▼ 55 · 15m
00:02 KSA · AFTER   · signal     · APT-USD · brk ▼ 64 · 15m
00:04 KSA · AFTER   · scanner    · بدء المسح · 1153 رمزاً · الجلسة AFTER
00:04 KSA · AFTER   · signal     · AVGO · orb ▲ 82 · 15m · جلسة ممتدة
00:04 KSA · AFTER   · signal     · V · orb ▼ 100 · 15m · جلسة ممتدة
00:04 KSA · AFTER   · signal     · V · brk ▼ 100 · 15m · جلسة ممتدة
00:04 KSA · AFTER   · signal     · CSCO · orb ▼ 100 · 15m · جلسة ممتدة
00:04 KSA · AFTER   · signal     · MRVL · vwapRec ▼ 79 · 15m · جلسة ممتدة
00:04 KSA · AFTER   · signal     · CB · orb ▼ 79 · 15m · جلسة ممتدة
00:04 KSA · AFTER   · signal     · LMT · orb ▲ 100 · 15m · جلسة ممتدة
00:04 KSA · AFTER   · signal     · ACN · orb ▼ 100 · 15m · جلسة ممتدة
00:04 KSA · AFTER   · signal     · FCX · orb ▲ 100 · 15m · جلسة ممتدة
00:04 KSA · AFTER   · signal     · BSX · orb ▲ 100 · 15m · جلسة ممتدة
00:04 KSA · AFTER   · signal     · HONA · orb ▼ 57 · 15m · جلسة ممتدة
00:04 KSA · AFTER   · signal     · ADSK · orb ▼ 64 · 15m · جلسة ممتدة
00:04 KSA · AFTER   · signal     · TAO-USD · orb ▲ 70 · 15m
00:04 KSA · AFTER   · signal     · HOLO-USD · orb ▲ 73 · 15m
00:04 KSA · AFTER   · signal     · BANK-USD · orb ▲ 78 · 15m
00:04 KSA · AFTER   · signal     · APT-USD · orb ▲ 85 · 15m
00:07 KSA · AFTER   · scanner    · بدء المسح · 1153 رمزاً · الجلسة AFTER
00:07 KSA · AFTER   · signal     · LITE · orb ▲ 64 · 15m · جلسة ممتدة
00:07 KSA · AFTER   · signal     · MPWR · orb ▼ 100 · 15m · جلسة ممتدة
00:07 KSA · AFTER   · signal     · DVN · brk ▲ 63 · 15m · جلسة ممتدة
00:08 KSA · AFTER   · scanner    · بدء المسح · 1153 رمزاً · الجلسة AFTER
00:08 KSA · AFTER   · signal     · CB · brk ▲ 100 · 15m · جلسة ممتدة
00:08 KSA · AFTER   · signal     · SHW · brk ▼ 100 · 15m · جلسة ممتدة
00:08 KSA · AFTER   · signal     · SHW · meanRev ▲ 100 · 15m · جلسة ممتدة
00:08 KSA · AFTER   · signal     · KVUE · orb ▼ 100 · 15m · جلسة ممتدة
00:08 KSA · AFTER   · signal     · G-USD · brk ▲ 69 · 1d
00:10 KSA · AFTER   · scanner    · بدء المسح · 1153 رمزاً · الجلسة AFTER
00:12 KSA · AFTER   · scanner    · بدء المسح · 1153 رمزاً · الجلسة AFTER
00:12 KSA · AFTER   · signal     · DVN · pbTrend ▲ 69 · 1h · جلسة ممتدة
00:12 KSA · AFTER   · signal     · SUI-USD · orb ▼ 65 · 15m
00:12 KSA · AFTER   · signal     · U-USD · pbTrend ▲ 57 · 1h
00:12 KSA · AFTER   · signal     · TAO-USD · brk ▼ 55 · 15m
00:12 KSA · AFTER   · signal     · THE-USD · orb ▼ 60 · 15m
00:12 KSA · AFTER   · signal     · TRUMP-USD · orb ▼ 78 · 15m
00:12 KSA · AFTER   · signal     · ARB-USD · brk ▼ 55 · 15m
00:12 KSA · AFTER   · signal     · ARB-USD · sqzExp ▼ 83 · 1h
00:12 KSA · AFTER   · signal     · BANK-USD · brk ▼ 68 · 15m
00:12 KSA · AFTER   · signal     · BANK-USD · sqzExp ▼ 93 · 1h
00:12 KSA · AFTER   · signal     · TON-USD · brk ▼ 61 · 15m
00:12 KSA · AFTER   · signal     · SENT-USD · orb ▼ 55 · 15m
00:12 KSA · AFTER   · signal     · SENT-USD · brk ▼ 55 · 15m
00:12 KSA · AFTER   · signal     · SENT-USD · sqzExp ▼ 65 · 1h
00:12 KSA · AFTER   · signal     · PENGU-USD · orb ▼ 70 · 15m
00:12 KSA · AFTER   · signal     · PENGU-USD · brk ▼ 55 · 15m
00:12 KSA · AFTER   · signal     · WLFI-USD · orb ▼ 60 · 15m
00:12 KSA · AFTER   · signal     · ASTER-USD · brk ▼ 55 · 15m
00:12 KSA · AFTER   · signal     · APT-USD · brk ▼ 64 · 15m
00:14 KSA · AFTER   · scanner    · بدء المسح · 1153 رمزاً · الجلسة AFTER
00:14 KSA · AFTER   · signal     · MRK · vwapRec ▲ 57 · 15m · جلسة ممتدة
00:14 KSA · AFTER   · signal     · FTNT · orb ▲ 100 · 15m · جلسة ممتدة
00:14 KSA · AFTER   · signal     · DDOG · brk ▼ 100 · 15m · جلسة ممتدة
00:14 KSA · AFTER   · signal     · DVN · brk ▲ 63 · 15m · جلسة ممتدة
00:14 KSA · AFTER   · signal     · HONA · orb ▼ 100 · 15m · جلسة ممتدة
00:14 KSA · AFTER   · signal     · LHX · orb ▲ 71 · 15m · جلسة ممتدة
00:14 KSA · AFTER   · signal     · TAO-USD · orb ▲ 70 · 15m
00:14 KSA · AFTER   · signal     · ARB-USD · orb ▲ 57 · 15m
00:14 KSA · AFTER   · signal     · HOLO-USD · orb ▲ 73 · 15m
00:14 KSA · AFTER   · signal     · BANK-USD · orb ▲ 78 · 15m
00:14 KSA · AFTER   · signal     · APT-USD · orb ▲ 85 · 15m
00:14 KSA · AFTER   · signal     · A · sqzExp ▲ 100 · 1d · جلسة ممتدة
00:16 KSA · AFTER   · scanner    · بدء المسح · 1153 رمزاً · الجلسة AFTER
00:16 KSA · AFTER   · signal     · MA · orb ▼ 100 · 15m · جلسة ممتدة
00:16 KSA · AFTER   · signal     · SCHW · orb ▲ 86 · 15m · جلسة ممتدة
00:16 KSA · AFTER   · signal     · U-USD · pbTrend ▲ 79 · 1h
00:18 KSA · AFTER   · scanner    · بدء المسح · 1153 رمزاً · الجلسة AFTER
00:18 KSA · AFTER   · signal     · LIN · orb ▲ 100 · 15m · جلسة ممتدة
00:18 KSA · AFTER   · signal     · HONA · brk ▼ 69 · 15m · جلسة ممتدة
00:20 KSA · AFTER   · scanner    · بدء المسح · 1153 رمزاً · الجلسة AFTER
00:20 KSA · AFTER   · signal     · META · meanRev ▼ 100 · 15m · جلسة ممتدة
00:20 KSA · AFTER   · signal     · MCHP · pbTrend ▼ 100 · 1h · جلسة ممتدة
00:20 KSA · AFTER   · signal     · KVUE · brk ▲ 100 · 15m · جلسة ممتدة
00:24 KSA · AFTER   · scanner    · بدء المسح · 1153 رمزاً · الجلسة AFTER
00:24 KSA · AFTER   · signal     · META · vwapRec ▲ 74 · 15m · جلسة ممتدة
00:24 KSA · AFTER   · signal     · VRTX · brk ▲ 58 · 15m · جلسة ممتدة
00:24 KSA · AFTER   · signal     · SYK · vwapRec ▼ 65 · 15m · جلسة ممتدة
00:24 KSA · AFTER   · signal     · SUI-USD · orb ▼ 73 · 15m
00:24 KSA · AFTER   · signal     · SUI-USD · brk ▼ 70 · 15m
00:24 KSA · AFTER   · signal     · U-USD · tfAlign ▲ 100 · 1d
00:24 KSA · AFTER   · signal     · TAO-USD · brk ▼ 68 · 15m
00:24 KSA · AFTER   · signal     · THE-USD · orb ▼ 80 · 15m
00:24 KSA · AFTER   · signal     · THE-USD · brk ▼ 80 · 15m
00:24 KSA · AFTER   · signal     · TRUMP-USD · orb ▼ 70 · 15m
00:24 KSA · AFTER   · signal     · TRUMP-USD · brk ▼ 64 · 15m
00:24 KSA · AFTER   · signal     · EUR-USD · brk ▼ 57 · 15m
00:24 KSA · AFTER   · signal     · ARB-USD · brk ▼ 64 · 15m
00:24 KSA · AFTER   · signal     · ARB-USD · sqzExp ▼ 75 · 1h
00:24 KSA · AFTER   · signal     · HOLO-USD · brk ▼ 61 · 15m
00:24 KSA · AFTER   · signal     · BANK-USD · brk ▼ 66 · 15m
00:24 KSA · AFTER   · signal     · BANK-USD · sqzExp ▼ 85 · 1h
00:24 KSA · AFTER   · signal     · TON-USD · brk ▼ 61 · 15m
00:24 KSA · AFTER   · signal     · SENT-USD · orb ▼ 63 · 15m
00:24 KSA · AFTER   · signal     · PENGU-USD · orb ▼ 78 · 15m
00:24 KSA · AFTER   · signal     · PENGU-USD · brk ▼ 77 · 15m
00:24 KSA · AFTER   · signal     · WLFI-USD · orb ▼ 60 · 15m
00:24 KSA · AFTER   · signal     · APT-USD · brk ▼ 80 · 15m
00:25 KSA · AFTER   · scanner    · بدء المسح · 1153 رمزاً · الجلسة AFTER
00:25 KSA · AFTER   · signal     · MA · orb ▼ 82 · 15m · جلسة ممتدة
00:25 KSA · AFTER   · signal     · LIN · orb ▲ 86 · 15m · جلسة ممتدة
00:25 KSA · AFTER   · signal     · APH · orb ▲ 100 · 15m · جلسة ممتدة
00:25 KSA · AFTER   · signal     · APH · brk ▲ 100 · 15m · جلسة ممتدة
00:25 KSA · AFTER   · signal     · ABT · vwapRec ▼ 57 · 15m · جلسة ممتدة
00:25 KSA · AFTER   · signal     · NEE · brk ▲ 100 · 15m · جلسة ممتدة
00:25 KSA · AFTER   · signal     · NEE · pbTrend ▼ 100 · 1h · جلسة ممتدة
00:25 KSA · AFTER   · signal     · BX · vwapRec ▲ 57 · 15m · جلسة ممتدة
00:25 KSA · AFTER   · signal     · DVN · brk ▲ 81 · 15m · جلسة ممتدة
00:25 KSA · AFTER   · signal     · LHX · orb ▲ 86 · 15m · جلسة ممتدة
00:25 KSA · AFTER   · signal     · KVUE · brk ▲ 100 · 15m · جلسة ممتدة
00:25 KSA · AFTER   · signal     · TAO-USD · orb ▲ 78 · 15m
00:25 KSA · AFTER   · signal     · ARB-USD · orb ▲ 65 · 15m
00:25 KSA · AFTER   · signal     · HOLO-USD · orb ▲ 95 · 15m
00:25 KSA · AFTER   · signal     · BANK-USD · orb ▲ 80 · 15m
00:25 KSA · AFTER   · signal     · APT-USD · orb ▲ 85 · 15m
00:26 KSA · AFTER   · scanner    · بدء المسح · 1153 رمزاً · الجلسة AFTER
00:26 KSA · AFTER   · signal     · ETN · orb ▲ 100 · 15m · جلسة ممتدة
00:26 KSA · AFTER   · signal     · BKNG · orb ▲ 64 · 15m · جلسة ممتدة
00:26 KSA · AFTER   · signal     · ORLY · brk ▼ 100 · 1d · جلسة ممتدة
00:28 KSA · AFTER   · scanner    · بدء المسح · 1153 رمزاً · الجلسة AFTER
00:28 KSA · AFTER   · signal     · SYK · vwapRec ▼ 57 · 15m · جلسة ممتدة
00:30 KSA · AFTER   · scanner    · بدء المسح · 1153 رمزاً · الجلسة AFTER
00:30 KSA · AFTER   · signal     · DELL · orb ▲ 64 · 15m · جلسة ممتدة
00:30 KSA · AFTER   · signal     · U-USD · pbTrend ▲ 79 · 1h
00:32 KSA · AFTER   · scanner    · بدء المسح · 1153 رمزاً · الجلسة AFTER
00:32 KSA · AFTER   · signal     · V · volSpike ▼ 94 · 15m · جلسة ممتدة
00:32 KSA · AFTER   · signal     · VRTX · brk ▲ 58 · 15m · جلسة ممتدة
00:32 KSA · AFTER   · signal     · SUI-USD · orb ▼ 65 · 15m
00:32 KSA · AFTER   · signal     · SUI-USD · brk ▼ 55 · 15m
00:32 KSA · AFTER   · signal     · TAO-USD · brk ▼ 55 · 15m
00:32 KSA · AFTER   · signal     · THE-USD · orb ▼ 65 · 15m
00:32 KSA · AFTER   · signal     · THE-USD · momo ▼ 72 · 1h
00:32 KSA · AFTER   · signal     · TRUMP-USD · orb ▼ 70 · 15m
00:32 KSA · AFTER   · signal     · EUR-USD · brk ▼ 57 · 15m
00:32 KSA · AFTER   · signal     · ARB-USD · sqzExp ▼ 75 · 1h
00:32 KSA · AFTER   · signal     · HOLO-USD · brk ▼ 66 · 15m
00:32 KSA · AFTER   · signal     · BANK-USD · brk ▼ 61 · 15m
00:32 KSA · AFTER   · signal     · BANK-USD · sqzExp ▼ 85 · 1h
00:32 KSA · AFTER   · signal     · TON-USD · brk ▼ 61 · 15m
00:32 KSA · AFTER   · signal     · SENT-USD · orb ▼ 55 · 15m
00:32 KSA · AFTER   · signal     · SENT-USD · brk ▼ 55 · 15m
00:32 KSA · AFTER   · signal     · PENGU-USD · orb ▼ 70 · 15m
00:32 KSA · AFTER   · signal     · PENGU-USD · brk ▼ 55 · 15m
00:32 KSA · AFTER   · signal     · WLFI-USD · orb ▼ 68 · 15m
00:32 KSA · AFTER   · signal     · ASTER-USD · orb ▼ 65 · 15m
00:32 KSA · AFTER   · signal     · ASTER-USD · brk ▼ 59 · 15m
00:32 KSA · AFTER   · signal     · APT-USD · brk ▼ 68 · 15m
00:34 KSA · AFTER   · scanner    · بدء المسح · 1153 رمزاً · الجلسة AFTER
00:34 KSA · AFTER   · signal     · LIN · orb ▼ 64 · 15m · جلسة ممتدة
00:34 KSA · AFTER   · signal     · VRTX · orb ▼ 100 · 15m · جلسة ممتدة
00:34 KSA · AFTER   · signal     · BKNG · orb ▲ 100 · 15m · جلسة ممتدة
00:34 KSA · AFTER   · signal     · TAO-USD · orb ▲ 70 · 15m
00:34 KSA · AFTER   · signal     · ARB-USD · orb ▲ 57 · 15m
00:34 KSA · AFTER   · signal     · HOLO-USD · orb ▲ 88 · 15m
00:34 KSA · AFTER   · signal     · BANK-USD · orb ▲ 65 · 15m
00:34 KSA · AFTER   · signal     · APT-USD · orb ▲ 70 · 15m
00:37 KSA · AFTER   · scanner    · بدء المسح · 1153 رمزاً · الجلسة AFTER
00:37 KSA · AFTER   · signal     · CRH · sqzExp ▼ 100 · 1d · جلسة ممتدة
00:39 KSA · AFTER   · scanner    · بدء المسح · 1153 رمزاً · الجلسة AFTER
00:39 KSA · AFTER   · signal     · FTNT · brk ▼ 69 · 15m · جلسة ممتدة
00:40 KSA · AFTER   · scanner    · بدء المسح · 1153 رمزاً · الجلسة AFTER
00:40 KSA · AFTER   · signal     · DDOG · brk ▼ 100 · 15m · جلسة ممتدة
00:40 KSA · AFTER   · signal     · HONA · brk ▼ 69 · 15m · جلسة ممتدة
00:42 KSA · AFTER   · scanner    · بدء المسح · 1153 رمزاً · الجلسة AFTER
00:42 KSA · AFTER   · signal     · SUI-USD · orb ▼ 65 · 15m
00:42 KSA · AFTER   · signal     · SUI-USD · brk ▼ 55 · 15m
00:42 KSA · AFTER   · signal     · TAO-USD · brk ▼ 55 · 15m
00:42 KSA · AFTER   · signal     · THE-USD · orb ▼ 65 · 15m
00:42 KSA · AFTER   · signal     · TRUMP-USD · orb ▼ 70 · 15m
00:42 KSA · AFTER   · signal     · EUR-USD · brk ▼ 57 · 15m
00:42 KSA · AFTER   · signal     · ARB-USD · sqzExp ▼ 75 · 1h
00:42 KSA · AFTER   · signal     · HOLO-USD · brk ▼ 66 · 15m
00:42 KSA · AFTER   · signal     · BANK-USD · brk ▼ 61 · 15m
00:42 KSA · AFTER   · signal     · BANK-USD · sqzExp ▼ 85 · 1h
00:42 KSA · AFTER   · signal     · TON-USD · brk ▼ 61 · 15m
00:42 KSA · AFTER   · signal     · SENT-USD · orb ▼ 55 · 15m
00:42 KSA · AFTER   · signal     · SENT-USD · brk ▼ 55 · 15m
00:42 KSA · AFTER   · signal     · PENGU-USD · orb ▼ 70 · 15m
00:42 KSA · AFTER   · signal     · PENGU-USD · brk ▼ 55 · 15m
00:42 KSA · AFTER   · signal     · WLFI-USD · orb ▼ 68 · 15m
00:42 KSA · AFTER   · signal     · ASTER-USD · orb ▼ 65 · 15m
00:42 KSA · AFTER   · signal     · ASTER-USD · brk ▼ 59 · 15m
00:42 KSA · AFTER   · signal     · APT-USD · brk ▼ 68 · 15m
00:44 KSA · AFTER   · scanner    · بدء المسح · 1153 رمزاً · الجلسة AFTER
00:44 KSA · AFTER   · signal     · MA · orb ▲ 100 · 15m · جلسة ممتدة
00:44 KSA · AFTER   · signal     · DDOG · brk ▼ 100 · 15m · جلسة ممتدة
00:44 KSA · AFTER   · signal     · HONA · brk ▼ 69 · 15m · جلسة ممتدة
00:44 KSA · AFTER   · signal     · TAO-USD · orb ▲ 70 · 15m
00:44 KSA · AFTER   · signal     · ARB-USD · orb ▲ 57 · 15m
00:44 KSA · AFTER   · signal     · HOLO-USD · orb ▲ 88 · 15m
00:44 KSA · AFTER   · signal     · BANK-USD · orb ▲ 73 · 15m
00:44 KSA · AFTER   · signal     · APT-USD · orb ▲ 70 · 15m
00:44 KSA · AFTER   · signal     · AES · sqzExp ▲ 100 · 1d · جلسة ممتدة
00:46 KSA · AFTER   · scanner    · بدء المسح · 1153 رمزاً · الجلسة AFTER
00:46 KSA · AFTER   · signal     · TXN · orb ▼ 100 · 15m · جلسة ممتدة
00:46 KSA · AFTER   · signal     · DVN · brk ▲ 100 · 15m · جلسة ممتدة
00:48 KSA · AFTER   · scanner    · بدء المسح · 1153 رمزاً · الجلسة AFTER
00:48 KSA · AFTER   · signal     · TMO · vwapRec ▲ 57 · 15m · جلسة ممتدة
00:48 KSA · AFTER   · signal     · 牛来-USD · meanRev ▲ 100 · 15m
00:48 KSA · AFTER   · signal     · BLDR · sqzExp ▼ 100 · 1d · جلسة ممتدة
00:50 KSA · AFTER   · scanner    · بدء المسح · 1153 رمزاً · الجلسة AFTER
00:50 KSA · AFTER   · signal     · ADA-USD · meanRev ▲ 100 · 15m
00:50 KSA · AFTER   · signal     · U-USD · pbTrend ▲ 79 · 1h
00:53 KSA · AFTER   · scanner    · بدء المسح · 1153 رمزاً · الجلسة AFTER
00:53 KSA · AFTER   · signal     · BTC-USD · brk ▼ 73 · 15m
00:53 KSA · AFTER   · signal     · ISRG · pbTrend ▼ 64 · 1h · جلسة ممتدة
00:53 KSA · AFTER   · signal     · SYK · vwapRec ▼ 65 · 15m · جلسة ممتدة
00:53 KSA · AFTER   · signal     · ADA-USD · brk ▼ 80 · 15m
00:53 KSA · AFTER   · signal     · SUI-USD · orb ▼ 73 · 15m
00:53 KSA · AFTER   · signal     · SUI-USD · brk ▼ 61 · 15m
00:53 KSA · AFTER   · signal     · U-USD · orb ▼ 65 · 15m
00:53 KSA · AFTER   · signal     · U-USD · brk ▼ 64 · 15m
00:53 KSA · AFTER   · signal     · U-USD · tfAlign ▲ 100 · 1d
00:53 KSA · AFTER   · signal     · TAO-USD · brk ▼ 68 · 15m
00:53 KSA · AFTER   · signal     · THE-USD · orb ▼ 80 · 15m
00:53 KSA · AFTER   · signal     · THE-USD · brk ▼ 73 · 15m
00:53 KSA · AFTER   · signal     · TRUMP-USD · orb ▼ 78 · 15m
00:53 KSA · AFTER   · signal     · TRUMP-USD · brk ▼ 57 · 15m
00:53 KSA · AFTER   · signal     · ARB-USD · brk ▼ 55 · 15m
00:53 KSA · AFTER   · signal     · ARB-USD · sqzExp ▼ 75 · 1h
00:53 KSA · AFTER   · signal     · BANK-USD · brk ▼ 61 · 15m
00:53 KSA · AFTER   · signal     · BANK-USD · sqzExp ▼ 85 · 1h
00:53 KSA · AFTER   · signal     · TON-USD · brk ▼ 61 · 15m
00:53 KSA · AFTER   · signal     · SENT-USD · orb ▼ 55 · 15m
00:53 KSA · AFTER   · signal     · PENGU-USD · orb ▼ 70 · 15m
00:53 KSA · AFTER   · signal     · PENGU-USD · brk ▼ 61 · 15m
00:53 KSA · AFTER   · signal     · WLFI-USD · orb ▼ 60 · 15m
00:53 KSA · AFTER   · signal     · ASTER-USD · orb ▼ 57 · 15m
00:53 KSA · AFTER   · signal     · APT-USD · brk ▼ 55 · 15m
00:54 KSA · AFTER   · scanner    · بدء المسح · 1153 رمزاً · الجلسة AFTER
00:54 KSA · AFTER   · signal     · DDOG · brk ▼ 100 · 15m · جلسة ممتدة
00:54 KSA · AFTER   · signal     · MDLZ · orb ▼ 86 · 15m · جلسة ممتدة
00:54 KSA · AFTER   · signal     · COIN · orb ▼ 100 · 15m · جلسة ممتدة
00:54 KSA · AFTER   · signal     · TAO-USD · orb ▲ 70 · 15m
00:54 KSA · AFTER   · signal     · ARB-USD · orb ▲ 57 · 15m
00:54 KSA · AFTER   · signal     · BANK-USD · orb ▲ 65 · 15m
00:54 KSA · AFTER   · signal     · APT-USD · orb ▲ 70 · 15m
00:54 KSA · AFTER   · signal     · MCO · sqzExp ▼ 100 · 1d · جلسة ممتدة
00:54 KSA · AFTER   · signal     · HSY · brk ▼ 69 · 1d · جلسة ممتدة
00:56 KSA · AFTER   · scanner    · بدء المسح · 1153 رمزاً · الجلسة AFTER
00:56 KSA · AFTER   · signal     · ENA-USD · vwapRec ▼ 100 · 15m
00:58 KSA · AFTER   · scanner    · بدء المسح · 1153 رمزاً · الجلسة AFTER
00:58 KSA · AFTER   · signal     · U-USD · pbTrend ▲ 79 · 1h
00:58 KSA · AFTER   · signal     · TRUMP-USD · vwapRec ▼ 100 · 15m
01:00 KSA · AFTER   · scanner    · بدء المسح · 1153 رمزاً · الجلسة AFTER
01:00 KSA · AFTER   · signal     · MRVL · orb ▼ 100 · 15m · جلسة ممتدة
01:00 KSA · AFTER   · signal     · FTNT · brk ▼ 100 · 15m · جلسة ممتدة
01:00 KSA · AFTER   · signal     · VLO · orb ▲ 82 · 15m · جلسة ممتدة
01:00 KSA · AFTER   · signal     · DVN · vwapRec ▼ 57 · 15m · جلسة ممتدة
01:00 KSA · AFTER   · signal     · KVUE · brk ▲ 69 · 15m · جلسة ممتدة
01:00 KSA · AFTER   · signal     · XLM-USD · meanRev ▲ 100 · 15m
01:00 KSA · AFTER   · signal     · ENA-USD · brk ▼ 69 · 15m
01:02 KSA · AFTER   · scanner    · بدء المسح · 1153 رمزاً · الجلسة AFTER
01:02 KSA · AFTER   · signal     · KLAC · vwapRec ▲ 59 · 15m · جلسة ممتدة
01:02 KSA · AFTER   · signal     · SYK · vwapRec ▼ 65 · 15m · جلسة ممتدة
01:02 KSA · AFTER   · signal     · DOGE-USD · vwapRec ▼ 70 · 15m
01:02 KSA · AFTER   · signal     · UNI-USD · brk ▼ 55 · 15m
01:02 KSA · AFTER   · signal     · SUI-USD · orb ▼ 80 · 15m
01:02 KSA · AFTER   · signal     · SUI-USD · brk ▼ 80 · 15m
01:02 KSA · AFTER   · signal     · TAO-USD · brk ▼ 68 · 15m
01:02 KSA · AFTER   · signal     · THE-USD · orb ▼ 80 · 15m
01:02 KSA · AFTER   · signal     · TRUMP-USD · orb ▼ 78 · 15m
01:02 KSA · AFTER   · signal     · TRUMP-USD · brk ▼ 64 · 15m
01:02 KSA · AFTER   · signal     · ARB-USD · brk ▼ 55 · 15m
01:02 KSA · AFTER   · signal     · ARB-USD · sqzExp ▼ 75 · 1h
01:02 KSA · AFTER   · signal     · HOLO-USD · orb ▼ 65 · 15m
01:02 KSA · AFTER   · signal     · HOLO-USD · brk ▼ 57 · 15m
01:02 KSA · AFTER   · signal     · BANK-USD · sqzExp ▼ 85 · 1h
01:02 KSA · AFTER   · signal     · TON-USD · brk ▼ 61 · 15m
01:02 KSA · AFTER   · signal     · SENT-USD · orb ▼ 55 · 15m
01:02 KSA · AFTER   · signal     · SENT-USD · brk ▼ 55 · 15m
01:02 KSA · AFTER   · signal     · PENGU-USD · orb ▼ 70 · 15m
01:02 KSA · AFTER   · signal     · PENGU-USD · brk ▼ 68 · 15m
01:02 KSA · AFTER   · signal     · WLFI-USD · orb ▼ 60 · 15m
01:02 KSA · AFTER   · signal     · ASTER-USD · orb ▼ 65 · 15m
01:02 KSA · AFTER   · signal     · ASTER-USD · brk ▼ 73 · 15m
01:02 KSA · AFTER   · signal     · APT-USD · brk ▼ 61 · 15m
01:04 KSA · AFTER   · scanner    · بدء المسح · 1153 رمزاً · الجلسة AFTER
01:04 KSA · AFTER   · signal     · AMGN · orb ▼ 100 · 15m · جلسة ممتدة
01:04 KSA · AFTER   · signal     · ETN · orb ▲ 100 · 15m · جلسة ممتدة
01:04 KSA · AFTER   · signal     · BKNG · orb ▲ 82 · 15m · جلسة ممتدة
01:04 KSA · AFTER   · signal     · FTNT · orb ▼ 100 · 15m · جلسة ممتدة
01:04 KSA · AFTER   · signal     · MDLZ · orb ▼ 86 · 15m · جلسة ممتدة
01:04 KSA · AFTER   · signal     · KVUE · brk ▲ 69 · 15m · جلسة ممتدة
01:04 KSA · AFTER   · signal     · TAO-USD · orb ▲ 85 · 15m
01:04 KSA · AFTER   · signal     · ARB-USD · orb ▲ 57 · 15m
01:04 KSA · AFTER   · signal     · BANK-USD · orb ▲ 65 · 15m
01:04 KSA · AFTER   · signal     · APT-USD · orb ▲ 70 · 15m
01:08 KSA · AFTER   · scanner    · بدء المسح · 1153 رمزاً · الجلسة AFTER
01:08 KSA · AFTER   · signal     · C · orb ▲ 64 · 15m · جلسة ممتدة
01:08 KSA · AFTER   · signal     · T · orb ▲ 82 · 15m · جلسة ممتدة
01:08 KSA · AFTER   · signal     · BLK · orb ▲ 100 · 15m · جلسة ممتدة
01:08 KSA · AFTER   · signal     · KKR · brk ▼ 100 · 15m · جلسة ممتدة
01:10 KSA · AFTER   · scanner    · بدء المسح · 1153 رمزاً · الجلسة AFTER
01:10 KSA · AFTER   · signal     · THE-USD · brk ▼ 100 · 15m
01:12 KSA · AFTER   · scanner    · بدء المسح · 1153 رمزاً · الجلسة AFTER
01:12 KSA · AFTER   · signal     · SYK · vwapRec ▼ 65 · 15m · جلسة ممتدة
01:12 KSA · AFTER   · signal     · UNI-USD · brk ▼ 55 · 15m
01:12 KSA · AFTER   · signal     · SUI-USD · orb ▼ 80 · 15m
01:12 KSA · AFTER   · signal     · SUI-USD · brk ▼ 80 · 15m
01:12 KSA · AFTER   · signal     · TAO-USD · brk ▼ 68 · 15m
01:12 KSA · AFTER   · signal     · THE-USD · orb ▼ 80 · 15m
01:12 KSA · AFTER   · signal     · TRUMP-USD · orb ▼ 78 · 15m
01:12 KSA · AFTER   · signal     · TRUMP-USD · brk ▼ 64 · 15m
01:12 KSA · AFTER   · signal     · ARB-USD · brk ▼ 55 · 15m
01:12 KSA · AFTER   · signal     · ARB-USD · sqzExp ▼ 75 · 1h
01:12 KSA · AFTER   · signal     · HOLO-USD · orb ▼ 65 · 15m
01:12 KSA · AFTER   · signal     · HOLO-USD · brk ▼ 57 · 15m
01:12 KSA · AFTER   · signal     · BANK-USD · sqzExp ▼ 85 · 1h
01:12 KSA · AFTER   · signal     · TON-USD · brk ▼ 61 · 15m
01:12 KSA · AFTER   · signal     · SENT-USD · orb ▼ 55 · 15m
01:12 KSA · AFTER   · signal     · SENT-USD · brk ▼ 55 · 15m
01:12 KSA · AFTER   · signal     · PENGU-USD · orb ▼ 70 · 15m
01:12 KSA · AFTER   · signal     · PENGU-USD · brk ▼ 68 · 15m
01:12 KSA · AFTER   · signal     · WLFI-USD · orb ▼ 60 · 15m
01:12 KSA · AFTER   · signal     · ASTER-USD · orb ▼ 65 · 15m
01:12 KSA · AFTER   · signal     · ASTER-USD · brk ▼ 73 · 15m
01:12 KSA · AFTER   · signal     · APT-USD · brk ▼ 61 · 15m
01:14 KSA · AFTER   · scanner    · بدء المسح · 1153 رمزاً · الجلسة AFTER
01:14 KSA · AFTER   · signal     · META · orb ▼ 100 · 15m · جلسة ممتدة
01:14 KSA · AFTER   · signal     · BKNG · orb ▲ 64 · 15m · جلسة ممتدة
01:14 KSA · AFTER   · signal     · FTNT · orb ▼ 100 · 15m · جلسة ممتدة
01:14 KSA · AFTER   · signal     · FTNT · brk ▼ 100 · 15m · جلسة ممتدة
01:14 KSA · AFTER   · signal     · HWM · orb ▲ 86 · 15m · جلسة ممتدة
01:14 KSA · AFTER   · signal     · MDLZ · orb ▼ 86 · 15m · جلسة ممتدة
01:14 KSA · AFTER   · signal     · SHW · brk ▼ 100 · 15m · جلسة ممتدة
01:14 KSA · AFTER   · signal     · TAO-USD · orb ▲ 78 · 15m
01:14 KSA · AFTER   · signal     · ARB-USD · orb ▲ 65 · 15m
01:14 KSA · AFTER   · signal     · BANK-USD · orb ▲ 65 · 15m
01:14 KSA · AFTER   · signal     · APT-USD · orb ▲ 70 · 15m
01:16 KSA · AFTER   · scanner    · بدء المسح · 1153 رمزاً · الجلسة AFTER
01:16 KSA · AFTER   · signal     · U-USD · pbTrend ▲ 79 · 1h
01:16 KSA · AFTER   · signal     · TRUMP-USD · brk ▼ 69 · 15m
01:16 KSA · AFTER   · signal     · PENGU-USD · brk ▼ 69 · 15m
01:18 KSA · AFTER   · scanner    · بدء المسح · 1153 رمزاً · الجلسة AFTER
01:18 KSA · AFTER   · signal     · APH · meanRev ▼ 100 · 15m · جلسة ممتدة
01:18 KSA · AFTER   · signal     · XLM-USD · orb ▼ 82 · 15m
01:18 KSA · AFTER   · signal     · AVAX-USD · vwapRec ▼ 100 · 15m
01:18 KSA · AFTER   · signal     · HBAR-USD · vwapRec ▼ 100 · 15m
01:18 KSA · AFTER   · signal     · MSTRB-USD · meanRev ▲ 100 · 15m
01:18 KSA · AFTER   · signal     · UNI-USD · meanRev ▲ 100 · 15m
01:18 KSA · AFTER   · signal     · BANK-USD · brk ▲ 100 · 15m
01:18 KSA · AFTER   · signal     · BANK-USD · sqzExp ▲ 100 · 1h
01:18 KSA · AFTER   · signal     · PENGU-USD · vwapRec ▼ 100 · 15m
01:20 KSA · AFTER   · scanner    · بدء المسح · 1153 رمزاً · الجلسة AFTER
01:20 KSA · AFTER   · signal     · RAY-USD · vwapRec ▼ 100 · 15m
01:23 KSA · AFTER   · scanner    · بدء المسح · 1153 رمزاً · الجلسة AFTER
01:23 KSA · AFTER   · signal     · DIS · vwapRec ▼ 74 · 15m · جلسة ممتدة
01:23 KSA · AFTER   · signal     · SYK · vwapRec ▼ 65 · 15m · جلسة ممتدة
01:23 KSA · AFTER   · signal     · HOOD · meanRev ▼ 73 · 15m · جلسة ممتدة
01:23 KSA · AFTER   · signal     · XRP-USD · sqzExp ▼ 55 · 1h
01:23 KSA · AFTER   · signal     · RDDT · volSpike ▲ 78 · 15m · جلسة ممتدة
01:23 KSA · AFTER   · signal     · BCH-USD · pbTrend ▼ 74 · 1h
01:23 KSA · AFTER   · signal     · HBAR-USD · momo ▼ 78 · 1h
01:23 KSA · AFTER   · signal     · UNI-USD · orb ▼ 65 · 15m
01:23 KSA · AFTER   · signal     · UNI-USD · brk ▼ 73 · 15m
01:23 KSA · AFTER   · signal     · UNI-USD · volSpike ▼ 67 · 15m
01:23 KSA · AFTER   · signal     · SUI-USD · orb ▼ 85 · 15m
01:23 KSA · AFTER   · signal     · SUI-USD · brk ▼ 86 · 15m
01:23 KSA · AFTER   · signal     · SUI-USD · volSpike ▼ 78 · 15m
01:23 KSA · AFTER   · signal     · SUI-USD · momo ▼ 56 · 1h
01:23 KSA · AFTER   · signal     · U-USD · orb ▼ 65 · 15m
01:23 KSA · AFTER   · signal     · U-USD · brk ▼ 55 · 15m
01:23 KSA · AFTER   · signal     · TAO-USD · brk ▼ 55 · 15m
01:23 KSA · AFTER   · signal     · TAO-USD · momo ▼ 56 · 1h
01:23 KSA · AFTER   · signal     · THE-USD · orb ▼ 85 · 15m
01:23 KSA · AFTER   · signal     · TRUMP-USD · orb ▼ 85 · 15m
01:23 KSA · AFTER   · signal     · EUR-USD · brk ▼ 57 · 15m
01:23 KSA · AFTER   · signal     · ARB-USD · brk ▼ 55 · 15m
01:23 KSA · AFTER   · signal     · ARB-USD · sqzExp ▼ 75 · 1h
01:23 KSA · AFTER   · signal     · HOLO-USD · orb ▼ 78 · 15m
01:23 KSA · AFTER   · signal     · HOLO-USD · brk ▼ 64 · 15m
01:23 KSA · AFTER   · signal     · HOLO-USD · tfAlign ▼ 84 · 1d
01:23 KSA · AFTER   · signal     · TON-USD · brk ▼ 61 · 15m
01:23 KSA · AFTER   · signal     · SENT-USD · orb ▼ 55 · 15m
01:23 KSA · AFTER   · signal     · SENT-USD · brk ▼ 55 · 15m
01:23 KSA · AFTER   · signal     · PENGU-USD · orb ▼ 85 · 15m
01:23 KSA · AFTER   · signal     · WLFI-USD · orb ▼ 60 · 15m
01:23 KSA · AFTER   · signal     · ASTER-USD · orb ▼ 65 · 15m
01:23 KSA · AFTER   · signal     · ASTER-USD · brk ▼ 73 · 15m
01:23 KSA · AFTER   · signal     · ASTER-USD · volSpike ▼ 56 · 15m
01:23 KSA · AFTER   · signal     · APT-USD · brk ▼ 64 · 15m
01:25 KSA · AFTER   · scanner    · بدء المسح · 1153 رمزاً · الجلسة AFTER
01:25 KSA · AFTER   · signal     · ABT · vwapRec ▲ 57 · 15m · جلسة ممتدة
01:25 KSA · AFTER   · signal     · DDOG · brk ▼ 100 · 15m · جلسة ممتدة
01:25 KSA · AFTER   · signal     · MDLZ · orb ▼ 86 · 15m · جلسة ممتدة
01:25 KSA · AFTER   · signal     · MCHP · orb ▼ 100 · 15m · جلسة ممتدة
01:25 KSA · AFTER   · signal     · SOXLB-USD · brk ▼ 100 · 15m
01:25 KSA · AFTER   · signal     · TAO-USD · orb ▲ 78 · 15m
01:25 KSA · AFTER   · signal     · ARB-USD · orb ▲ 65 · 15m
01:25 KSA · AFTER   · signal     · BANK-USD · orb ▲ 80 · 15m
01:25 KSA · AFTER   · signal     · BANK-USD · brk ▲ 80 · 15m
01:25 KSA · AFTER   · signal     · BANK-USD · sqzExp ▲ 85 · 1h
01:25 KSA · AFTER   · signal     · APT-USD · orb ▲ 78 · 15m
01:25 KSA · AFTER   · signal     · EBAY · sqzExp ▲ 100 · 1d · جلسة ممتدة
01:25 KSA · AFTER   · signal     · MSCI · brk ▼ 69 · 1d · جلسة ممتدة
01:25 KSA · AFTER   · signal     · ROSE-USD · meanRev ▼ 100 · 1d
01:26 KSA · AFTER   · scanner    · بدء المسح · 1153 رمزاً · الجلسة AFTER
01:26 KSA · AFTER   · signal     · SNDK · orb ▼ 64 · 15m · جلسة ممتدة
01:26 KSA · AFTER   · signal     · ONDO-USD · brk ▼ 69 · 15m
01:28 KSA · AFTER   · scanner    · بدء المسح · 1153 رمزاً · الجلسة AFTER
01:28 KSA · AFTER   · signal     · APH · orb ▲ 82 · 15m · جلسة ممتدة
01:28 KSA · AFTER   · signal     · FTNT · vwapRec ▲ 57 · 15m · جلسة ممتدة
01:30 KSA · AFTER   · scanner    · بدء المسح · 1153 رمزاً · الجلسة AFTER
01:33 KSA · AFTER   · scanner    · بدء المسح · 1153 رمزاً · الجلسة AFTER
01:33 KSA · AFTER   · signal     · GE · vwapRec ▼ 68 · 15m · جلسة ممتدة
01:33 KSA · AFTER   · signal     · GE · brk ▼ 59 · 15m · جلسة ممتدة
01:33 KSA · AFTER   · signal     · SYK · vwapRec ▼ 65 · 15m · جلسة ممتدة
01:33 KSA · AFTER   · signal     · COIN · vwapRec ▲ 62 · 15m · جلسة ممتدة
01:33 KSA · AFTER   · signal     · HBAR-USD · volSpike ▼ 100 · 15m
01:33 KSA · AFTER   · signal     · UNI-USD · orb ▼ 57 · 15m
01:33 KSA · AFTER   · signal     · UNI-USD · tfAlign ▲ 95 · 1d
01:33 KSA · AFTER   · signal     · SUI-USD · orb ▼ 85 · 15m
01:33 KSA · AFTER   · signal     · SUI-USD · brk ▼ 86 · 15m
01:33 KSA · AFTER   · signal     · U-USD · pbTrend ▲ 60 · 1h
01:33 KSA · AFTER   · signal     · TAO-USD · brk ▼ 61 · 15m
01:33 KSA · AFTER   · signal     · THE-USD · orb ▼ 85 · 15m
01:33 KSA · AFTER   · signal     · THE-USD · brk ▼ 73 · 15m
01:33 KSA · AFTER   · signal     · THE-USD · volSpike ▲ 67 · 15m
01:33 KSA · AFTER   · signal     · TRUMP-USD · orb ▼ 78 · 15m
01:33 KSA · AFTER   · signal     · ARB-USD · sqzExp ▼ 75 · 1h
01:33 KSA · AFTER   · signal     · HOLO-USD · orb ▼ 70 · 15m
01:33 KSA · AFTER   · signal     · HOLO-USD · brk ▼ 64 · 15m
01:33 KSA · AFTER   · signal     · TON-USD · brk ▼ 61 · 15m
01:33 KSA · AFTER   · signal     · SENT-USD · orb ▼ 55 · 15m
01:33 KSA · AFTER   · signal     · PENGU-USD · orb ▼ 85 · 15m
01:33 KSA · AFTER   · signal     · PENGU-USD · volSpike ▼ 89 · 15m
01:33 KSA · AFTER   · signal     · WLFI-USD · orb ▼ 60 · 15m
01:33 KSA · AFTER   · signal     · APT-USD · brk ▼ 68 · 15m
01:34 KSA · AFTER   · scanner    · بدء المسح · 1153 رمزاً · الجلسة AFTER
01:34 KSA · AFTER   · signal     · PGR · orb ▼ 100 · 15m · جلسة ممتدة
01:34 KSA · AFTER   · signal     · PGR · vwapRec ▼ 57 · 15m · جلسة ممتدة
01:34 KSA · AFTER   · signal     · ADBE · pbTrend ▲ 57 · 1h · جلسة ممتدة
01:34 KSA · AFTER   · signal     · MDLZ · orb ▼ 86 · 15m · جلسة ممتدة
01:34 KSA · AFTER   · signal     · HBAR-USD · orb ▲ 64 · 15m
01:34 KSA · AFTER   · signal     · WLD-USD · vwapRec ▲ 100 · 15m
01:34 KSA · AFTER   · signal     · TAO-USD · orb ▲ 70 · 15m
01:34 KSA · AFTER   · signal     · ARB-USD · orb ▲ 57 · 15m
01:34 KSA · AFTER   · signal     · BANK-USD · orb ▲ 80 · 15m
01:34 KSA · AFTER   · signal     · APT-USD · orb ▲ 70 · 15m
01:38 KSA · AFTER   · scanner    · بدء المسح · 1153 رمزاً · الجلسة AFTER
01:38 KSA · AFTER   · signal     · MDLZ · meanRev ▲ 100 · 15m · جلسة ممتدة
01:38 KSA · AFTER   · signal     · PUMP-USD · brk ▲ 100 · 15m
01:38 KSA · AFTER   · signal     · APT-USD · brk ▲ 100 · 15m
01:38 KSA · AFTER   · signal     · VTR · sqzExp ▼ 100 · 1d · جلسة ممتدة
01:40 KSA · AFTER   · scanner    · بدء المسح · 1153 رمزاً · الجلسة AFTER
01:40 KSA · AFTER   · signal     · ADI · brk ▼ 69 · 15m · جلسة ممتدة
01:40 KSA · AFTER   · signal     · FTNT · orb ▼ 86 · 15m · جلسة ممتدة
01:40 KSA · AFTER   · signal     · FTNT · brk ▼ 100 · 15m · جلسة ممتدة
01:42 KSA · AFTER   · scanner    · بدء المسح · 1153 رمزاً · الجلسة AFTER
01:42 KSA · AFTER   · signal     · VRTX · brk ▲ 58 · 15m · جلسة ممتدة
01:42 KSA · AFTER   · signal     · COIN · vwapRec ▲ 62 · 15m · جلسة ممتدة
01:42 KSA · AFTER   · signal     · LTC-USD · tfAlign ▲ 79 · 1d
01:42 KSA · AFTER   · signal     · UNI-USD · orb ▼ 57 · 15m
01:42 KSA · AFTER   · signal     · SUI-USD · orb ▼ 85 · 15m
01:42 KSA · AFTER   · signal     · SUI-USD · brk ▼ 86 · 15m
01:42 KSA · AFTER   · signal     · U-USD · pbTrend ▲ 60 · 1h
01:42 KSA · AFTER   · signal     · TAO-USD · brk ▼ 61 · 15m
01:42 KSA · AFTER   · signal     · THE-USD · orb ▼ 85 · 15m
01:42 KSA · AFTER   · signal     · THE-USD · brk ▼ 73 · 15m
01:42 KSA · AFTER   · signal     · TRUMP-USD · orb ▼ 78 · 15m
01:42 KSA · AFTER   · signal     · ARB-USD · sqzExp ▼ 75 · 1h
01:42 KSA · AFTER   · signal     · HOLO-USD · orb ▼ 70 · 15m
01:42 KSA · AFTER   · signal     · HOLO-USD · brk ▼ 64 · 15m
01:42 KSA · AFTER   · signal     · BANK-USD · brk ▼ 73 · 15m
01:42 KSA · AFTER   · signal     · BANK-USD · sqzExp ▼ 85 · 1h
01:42 KSA · AFTER   · signal     · TON-USD · brk ▼ 61 · 15m
01:42 KSA · AFTER   · signal     · SENT-USD · orb ▼ 55 · 15m
01:42 KSA · AFTER   · signal     · PENGU-USD · orb ▼ 85 · 15m
01:42 KSA · AFTER   · signal     · WLFI-USD · orb ▼ 60 · 15m
01:44 KSA · AFTER   · scanner    · بدء المسح · 1153 رمزاً · الجلسة AFTER
01:44 KSA · AFTER   · signal     · GOOGL · orb ▼ 100 · 15m · جلسة ممتدة
01:44 KSA · AFTER   · signal     · TSLA · orb ▼ 82 · 15m · جلسة ممتدة
01:44 KSA · AFTER   · signal     · KKR · orb ▲ 57 · 15m · جلسة ممتدة
01:44 KSA · AFTER   · signal     · MDLZ · orb ▼ 73 · 15m · جلسة ممتدة
01:44 KSA · AFTER   · signal     · ADSK · orb ▲ 82 · 15m · جلسة ممتدة
01:44 KSA · AFTER   · signal     · TAO-USD · orb ▲ 70 · 15m
01:44 KSA · AFTER   · signal     · BANK-USD · orb ▲ 80 · 15m
01:44 KSA · AFTER   · signal     · PENGU-USD · vwapRec ▲ 85 · 15m
01:44 KSA · AFTER   · signal     · APT-USD · orb ▲ 70 · 15m
01:44 KSA · AFTER   · signal     · APT-USD · brk ▲ 82 · 15m
01:44 KSA · AFTER   · signal     · BNY · meanRev ▲ 100 · 1d · جلسة ممتدة
01:46 KSA · AFTER   · scanner    · بدء المسح · 1153 رمزاً · الجلسة AFTER
01:48 KSA · AFTER   · scanner    · بدء المسح · 1153 رمزاً · الجلسة AFTER
01:50 KSA · AFTER   · scanner    · بدء المسح · 1153 رمزاً · الجلسة AFTER
01:50 KSA · AFTER   · signal     · PH · orb ▼ 79 · 15m · جلسة ممتدة
01:50 KSA · AFTER   · signal     · KKR · orb ▲ 57 · 15m · جلسة ممتدة
01:52 KSA · AFTER   · scanner    · بدء المسح · 1153 رمزاً · الجلسة AFTER
01:52 KSA · AFTER   · signal     · VRTX · brk ▲ 58 · 15m · جلسة ممتدة
01:52 KSA · AFTER   · signal     · COIN · vwapRec ▲ 62 · 15m · جلسة ممتدة
01:52 KSA · AFTER   · signal     · UNI-USD · orb ▼ 57 · 15m
01:52 KSA · AFTER   · signal     · SUI-USD · orb ▼ 85 · 15m
01:52 KSA · AFTER   · signal     · SUI-USD · brk ▼ 73 · 15m
01:52 KSA · AFTER   · signal     · U-USD · pbTrend ▲ 60 · 1h
01:52 KSA · AFTER   · signal     · TAO-USD · brk ▼ 55 · 15m
01:52 KSA · AFTER   · signal     · THE-USD · orb ▼ 85 · 15m
01:52 KSA · AFTER   · signal     · THE-USD · brk ▼ 80 · 15m
01:52 KSA · AFTER   · signal     · TRUMP-USD · orb ▼ 70 · 15m
01:52 KSA · AFTER   · signal     · ARB-USD · sqzExp ▼ 75 · 1h
01:52 KSA · AFTER   · signal     · HOLO-USD · orb ▼ 85 · 15m
01:52 KSA · AFTER   · signal     · HOLO-USD · brk ▼ 75 · 15m
01:52 KSA · AFTER   · signal     · BANK-USD · sqzExp ▼ 85 · 1h
01:52 KSA · AFTER   · signal     · TON-USD · brk ▼ 61 · 15m
01:52 KSA · AFTER   · signal     · SENT-USD · orb ▼ 63 · 15m
01:52 KSA · AFTER   · signal     · SENT-USD · brk ▼ 55 · 15m
01:52 KSA · AFTER   · signal     · PENGU-USD · orb ▼ 78 · 15m
01:52 KSA · AFTER   · signal     · PENGU-USD · brk ▼ 64 · 15m
01:52 KSA · AFTER   · signal     · WLFI-USD · orb ▼ 60 · 15m
01:52 KSA · AFTER   · signal     · ASTER-USD · orb ▼ 65 · 15m
01:52 KSA · AFTER   · signal     · ASTER-USD · brk ▼ 73 · 15m
01:54 KSA · AFTER   · scanner    · بدء المسح · 1153 رمزاً · الجلسة AFTER
01:54 KSA · AFTER   · signal     · NEE · brk ▲ 100 · 15m · جلسة ممتدة
01:54 KSA · AFTER   · signal     · KKR · orb ▲ 100 · 15m · جلسة ممتدة
01:54 KSA · AFTER   · signal     · MDLZ · orb ▼ 73 · 15m · جلسة ممتدة
01:54 KSA · AFTER   · signal     · TAO-USD · orb ▲ 70 · 15m
01:54 KSA · AFTER   · signal     · BANK-USD · orb ▲ 65 · 15m
01:54 KSA · AFTER   · signal     · PENGU-USD · vwapRec ▲ 78 · 15m
01:54 KSA · AFTER   · signal     · APT-USD · orb ▲ 85 · 15m
01:54 KSA · AFTER   · signal     · APT-USD · brk ▲ 86 · 15m
01:56 KSA · AFTER   · scanner    · بدء المسح · 1153 رمزاً · الجلسة AFTER
01:56 KSA · AFTER   · signal     · RAY-USD · brk ▼ 69 · 15m
01:58 KSA · AFTER   · scanner    · بدء المسح · 1153 رمزاً · الجلسة AFTER
02:00 KSA · AFTER   · scanner    · بدء المسح · 1153 رمزاً · الجلسة AFTER
02:00 KSA · AFTER   · signal     · FET-USD · brk ▲ 100 · 15m
02:02 KSA · AFTER   · scanner    · بدء المسح · 1153 رمزاً · الجلسة AFTER
02:02 KSA · AFTER   · signal     · CB · volSpike ▲ 89 · 15m · جلسة ممتدة
02:02 KSA · AFTER   · signal     · VRTX · brk ▲ 58 · 15m · جلسة ممتدة
02:02 KSA · AFTER   · signal     · COIN · vwapRec ▲ 62 · 15m · جلسة ممتدة
02:02 KSA · AFTER   · signal     · SUI-USD · orb ▼ 85 · 15m
02:02 KSA · AFTER   · signal     · SUI-USD · brk ▼ 73 · 15m
02:02 KSA · AFTER   · signal     · U-USD · orb ▼ 65 · 15m
02:02 KSA · AFTER   · signal     · TAO-USD · brk ▼ 64 · 15m
02:02 KSA · AFTER   · signal     · THE-USD · orb ▼ 78 · 15m
02:02 KSA · AFTER   · signal     · THE-USD · brk ▼ 64 · 15m
02:02 KSA · AFTER   · signal     · TRUMP-USD · orb ▼ 85 · 15m
02:02 KSA · AFTER   · signal     · TRUMP-USD · brk ▼ 59 · 15m
02:02 KSA · AFTER   · signal     · ARB-USD · orb ▼ 57 · 15m
02:02 KSA · AFTER   · signal     · ARB-USD · sqzExp ▼ 75 · 1h
02:02 KSA · AFTER   · signal     · HOLO-USD · orb ▼ 85 · 15m
02:02 KSA · AFTER   · signal     · HOLO-USD · brk ▼ 73 · 15m
02:02 KSA · AFTER   · signal     · BANK-USD · sqzExp ▼ 85 · 1h
02:02 KSA · AFTER   · signal     · TON-USD · brk ▼ 61 · 15m
02:02 KSA · AFTER   · signal     · SENT-USD · orb ▼ 55 · 15m
02:02 KSA · AFTER   · signal     · PENGU-USD · orb ▼ 85 · 15m
02:02 KSA · AFTER   · signal     · PENGU-USD · brk ▼ 73 · 15m
02:02 KSA · AFTER   · signal     · WLFI-USD · orb ▼ 60 · 15m
02:02 KSA · AFTER   · signal     · ASTER-USD · orb ▼ 57 · 15m
02:04 KSA · AFTER   · scanner    · بدء المسح · 1153 رمزاً · الجلسة AFTER
02:04 KSA · AFTER   · signal     · UBER · orb ▲ 100 · 15m · جلسة ممتدة
02:04 KSA · AFTER   · signal     · ISRG · vwapRec ▼ 57 · 15m · جلسة ممتدة
02:04 KSA · AFTER   · signal     · CB · orb ▼ 73 · 15m · جلسة ممتدة
02:04 KSA · AFTER   · signal     · BKNG · orb ▼ 100 · 15m · جلسة ممتدة
02:04 KSA · AFTER   · signal     · FTNT · vwapRec ▼ 57 · 15m · جلسة ممتدة
02:04 KSA · AFTER   · signal     · KKR · brk ▼ 100 · 15m · جلسة ممتدة
02:04 KSA · AFTER   · signal     · MDLZ · orb ▼ 73 · 15m · جلسة ممتدة
02:04 KSA · AFTER   · signal     · ENA-USD · orb ▲ 82 · 15m
02:04 KSA · AFTER   · signal     · FET-USD · meanRev ▼ 100 · 15m
02:04 KSA · AFTER   · signal     · TAO-USD · orb ▲ 78 · 15m
02:04 KSA · AFTER   · signal     · BANK-USD · orb ▲ 73 · 15m
02:04 KSA · AFTER   · signal     · PENGU-USD · vwapRec ▲ 75 · 15m
02:04 KSA · AFTER   · signal     · APT-USD · orb ▲ 85 · 15m
02:04 KSA · AFTER   · signal     · APT-USD · brk ▲ 86 · 15m
02:07 KSA · AFTER   · scanner    · بدء المسح · 1153 رمزاً · الجلسة AFTER
02:09 KSA · AFTER   · scanner    · بدء المسح · 1153 رمزاً · الجلسة AFTER
02:09 KSA · AFTER   · signal     · XPL-USD · meanRev ▼ 100 · 15m
02:10 KSA · AFTER   · scanner    · بدء المسح · 1153 رمزاً · الجلسة AFTER
02:10 KSA · AFTER   · signal     · U-USD · pbTrend ▲ 79 · 1h
02:13 KSA · AFTER   · scanner    · بدء المسح · 1153 رمزاً · الجلسة AFTER
02:13 KSA · AFTER   · signal     · CB · brk ▲ 64 · 15m · جلسة ممتدة
02:13 KSA · AFTER   · signal     · VRTX · brk ▲ 58 · 15m · جلسة ممتدة
02:13 KSA · AFTER   · signal     · ONDO-USD · tfAlign ▲ 82 · 1d
02:13 KSA · AFTER   · signal     · SUI-USD · orb ▼ 85 · 15m
02:13 KSA · AFTER   · signal     · SUI-USD · brk ▼ 73 · 15m
02:13 KSA · AFTER   · signal     · U-USD · orb ▼ 65 · 15m
02:13 KSA · AFTER   · signal     · TAO-USD · brk ▼ 64 · 15m
02:13 KSA · AFTER   · signal     · THE-USD · orb ▼ 78 · 15m
02:13 KSA · AFTER   · signal     · THE-USD · brk ▼ 64 · 15m
02:13 KSA · AFTER   · signal     · TRUMP-USD · orb ▼ 85 · 15m
02:13 KSA · AFTER   · signal     · TRUMP-USD · brk ▼ 59 · 15m
02:13 KSA · AFTER   · signal     · ARB-USD · orb ▼ 57 · 15m
02:13 KSA · AFTER   · signal     · ARB-USD · sqzExp ▼ 75 · 1h
02:13 KSA · AFTER   · signal     · HOLO-USD · orb ▼ 85 · 15m
02:13 KSA · AFTER   · signal     · HOLO-USD · brk ▼ 73 · 15m
02:13 KSA · AFTER   · signal     · BANK-USD · sqzExp ▼ 85 · 1h
02:13 KSA · AFTER   · signal     · TON-USD · brk ▼ 61 · 15m
02:13 KSA · AFTER   · signal     · SENT-USD · orb ▼ 55 · 15m
02:13 KSA · AFTER   · signal     · PENGU-USD · orb ▼ 85 · 15m
02:13 KSA · AFTER   · signal     · PENGU-USD · brk ▼ 73 · 15m
02:13 KSA · AFTER   · signal     · WLFI-USD · orb ▼ 60 · 15m
02:13 KSA · AFTER   · signal     · ASTER-USD · orb ▼ 57 · 15m
02:13 KSA · AFTER   · signal     · ASTER-USD · tfAlign ▲ 89 · 1d
02:14 KSA · AFTER   · scanner    · بدء المسح · 1153 رمزاً · الجلسة AFTER
02:14 KSA · AFTER   · signal     · C · orb ▼ 82 · 15m · جلسة ممتدة
02:14 KSA · AFTER   · signal     · DE · orb ▼ 71 · 15m · جلسة ممتدة
02:14 KSA · AFTER   · signal     · CB · orb ▼ 73 · 15m · جلسة ممتدة
02:14 KSA · AFTER   · signal     · MDLZ · orb ▼ 73 · 15m · جلسة ممتدة
02:14 KSA · AFTER   · signal     · FIL-USD · sqzExp ▲ 100 · 1h
02:14 KSA · AFTER   · signal     · TAO-USD · orb ▲ 78 · 15m
02:14 KSA · AFTER   · signal     · BANK-USD · orb ▲ 73 · 15m
02:14 KSA · AFTER   · signal     · PENGU-USD · vwapRec ▲ 75 · 15m
02:14 KSA · AFTER   · signal     · APT-USD · orb ▲ 85 · 15m
02:14 KSA · AFTER   · signal     · APT-USD · brk ▲ 75 · 15m
02:16 KSA · AFTER   · scanner    · بدء المسح · 1153 رمزاً · الجلسة AFTER
02:16 KSA · AFTER   · signal     · NEE · brk ▲ 100 · 15m · جلسة ممتدة
02:19 KSA · AFTER   · scanner    · بدء المسح · 1153 رمزاً · الجلسة AFTER
02:19 KSA · AFTER   · signal     · ACN · orb ▼ 100 · 15m · جلسة ممتدة
02:20 KSA · AFTER   · scanner    · بدء المسح · 1153 رمزاً · الجلسة AFTER
02:20 KSA · AFTER   · signal     · PG · orb ▼ 86 · 15m · جلسة ممتدة
02:20 KSA · AFTER   · signal     · U-USD · pbTrend ▲ 79 · 1h
02:23 KSA · AFTER   · scanner    · بدء المسح · 1153 رمزاً · الجلسة AFTER
02:23 KSA · AFTER   · signal     · CB · brk ▲ 64 · 15m · جلسة ممتدة
02:23 KSA · AFTER   · signal     · VRTX · brk ▲ 58 · 15m · جلسة ممتدة
02:23 KSA · AFTER   · signal     · SYK · vwapRec ▼ 65 · 15m · جلسة ممتدة
02:23 KSA · AFTER   · signal     · COIN · vwapRec ▲ 62 · 15m · جلسة ممتدة
02:23 KSA · AFTER   · signal     · HBAR-USD · pbTrend ▲ 57 · 1h
02:23 KSA · AFTER   · signal     · FET-USD · momo ▲ 72 · 1h
02:23 KSA · AFTER   · signal     · XPL-USD · volSpike ▲ 67 · 15m
02:23 KSA · AFTER   · signal     · XPL-USD · momo ▲ 67 · 1h
02:23 KSA · AFTER   · signal     · UNI-USD · sqzExp ▼ 57 · 1h
02:23 KSA · AFTER   · signal     · SUI-USD · orb ▼ 75 · 15m
02:23 KSA · AFTER   · signal     · SUI-USD · brk ▼ 59 · 15m
02:23 KSA · AFTER   · signal     · U-USD · orb ▼ 65 · 15m
02:23 KSA · AFTER   · signal     · U-USD · volSpike ▲ 72 · 15m
02:23 KSA · AFTER   · signal     · PEPE-USD · tfAlign ▲ 61 · 1d
02:23 KSA · AFTER   · signal     · TAO-USD · brk ▼ 64 · 15m
02:23 KSA · AFTER   · signal     · THE-USD · orb ▼ 85 · 15m
02:23 KSA · AFTER   · signal     · THE-USD · brk ▼ 73 · 15m
02:23 KSA · AFTER   · signal     · TRUMP-USD · orb ▼ 85 · 15m
02:23 KSA · AFTER   · signal     · TRUMP-USD · brk ▼ 59 · 15m
02:23 KSA · AFTER   · signal     · EUR-USD · brk ▼ 59 · 15m
02:23 KSA · AFTER   · signal     · ARB-USD · brk ▼ 55 · 15m
02:23 KSA · AFTER   · signal     · ARB-USD · sqzExp ▼ 75 · 1h
02:23 KSA · AFTER   · signal     · HOLO-USD · orb ▼ 70 · 15m
02:23 KSA · AFTER   · signal     · HOLO-USD · brk ▼ 58 · 15m
02:23 KSA · AFTER   · signal     · BANK-USD · sqzExp ▼ 100 · 1h
02:23 KSA · AFTER   · signal     · TON-USD · brk ▼ 61 · 15m
02:23 KSA · AFTER   · signal     · SENT-USD · orb ▼ 55 · 15m
02:23 KSA · AFTER   · signal     · PENGU-USD · orb ▼ 85 · 15m
02:23 KSA · AFTER   · signal     · PENGU-USD · brk ▼ 73 · 15m
02:23 KSA · AFTER   · signal     · WLFI-USD · orb ▼ 60 · 15m
02:23 KSA · AFTER   · signal     · ASTER-USD · orb ▼ 65 · 15m
02:23 KSA · AFTER   · signal     · ASTER-USD · brk ▼ 59 · 15m
02:25 KSA · AFTER   · scanner    · بدء المسح · 1153 رمزاً · الجلسة AFTER
02:25 KSA · AFTER   · signal     · CB · orb ▼ 73 · 15m · جلسة ممتدة
02:25 KSA · AFTER   · signal     · MDLZ · orb ▼ 73 · 15m · جلسة ممتدة
02:25 KSA · AFTER   · signal     · BSX · orb ▼ 100 · 15m · جلسة ممتدة
02:25 KSA · AFTER   · signal     · TAO-USD · orb ▲ 78 · 15m
02:25 KSA · AFTER   · signal     · BANK-USD · orb ▲ 65 · 15m
02:25 KSA · AFTER   · signal     · PENGU-USD · vwapRec ▲ 65 · 15m
02:25 KSA · AFTER   · signal     · APT-USD · orb ▲ 75 · 15m
02:25 KSA · AFTER   · signal     · APT-USD · brk ▲ 68 · 15m
02:26 KSA · AFTER   · scanner    · بدء المسح · 1153 رمزاً · الجلسة AFTER
02:26 KSA · AFTER   · signal     · IOTA-USD · brk ▲ 100 · 15m
02:28 KSA · AFTER   · scanner    · بدء المسح · 1153 رمزاً · الجلسة AFTER
02:28 KSA · AFTER   · signal     · PGR · brk ▲ 63 · 15m · جلسة ممتدة
02:28 KSA · AFTER   · signal     · DOT-USD · brk ▲ 69 · 15m
02:28 KSA · AFTER   · signal     · U-USD · pbTrend ▲ 79 · 1h
02:30 KSA · AFTER   · scanner    · بدء المسح · 1153 رمزاً · الجلسة AFTER
02:30 KSA · AFTER   · signal     · HONA · brk ▼ 69 · 15m · جلسة ممتدة
02:30 KSA · AFTER   · signal     · XEL · brk ▼ 69 · 1d · جلسة ممتدة
02:32 KSA · AFTER   · scanner    · بدء المسح · 1153 رمزاً · الجلسة AFTER
02:32 KSA · AFTER   · signal     · CB · brk ▲ 64 · 15m · جلسة ممتدة
02:32 KSA · AFTER   · signal     · VRTX · brk ▲ 58 · 15m · جلسة ممتدة
02:32 KSA · AFTER   · signal     · SYK · vwapRec ▼ 65 · 15m · جلسة ممتدة
02:32 KSA · AFTER   · signal     · UNI-USD · orb ▼ 57 · 15m
02:32 KSA · AFTER   · signal     · UNI-USD · brk ▼ 64 · 15m
02:32 KSA · AFTER   · signal     · UNI-USD · sqzExp ▼ 57 · 1h
02:32 KSA · AFTER   · signal     · SUI-USD · orb ▼ 68 · 15m
02:32 KSA · AFTER   · signal     · U-USD · orb ▼ 65 · 15m
02:32 KSA · AFTER   · signal     · U-USD · tfAlign ▲ 92 · 1d
02:32 KSA · AFTER   · signal     · TAO-USD · brk ▼ 73 · 15m
02:32 KSA · AFTER   · signal     · THE-USD · orb ▼ 85 · 15m
02:32 KSA · AFTER   · signal     · THE-USD · brk ▼ 80 · 15m
02:32 KSA · AFTER   · signal     · TRUMP-USD · orb ▼ 70 · 15m
02:32 KSA · AFTER   · signal     · EUR-USD · brk ▼ 66 · 15m
02:32 KSA · AFTER   · signal     · ARB-USD · sqzExp ▼ 75 · 1h
02:32 KSA · AFTER   · signal     · HOLO-USD · orb ▼ 82 · 15m
02:32 KSA · AFTER   · signal     · HOLO-USD · brk ▼ 73 · 15m
02:32 KSA · AFTER   · signal     · BANK-USD · brk ▼ 66 · 15m
02:32 KSA · AFTER   · signal     · BANK-USD · sqzExp ▼ 100 · 1h
02:32 KSA · AFTER   · signal     · TON-USD · brk ▼ 61 · 15m
02:32 KSA · AFTER   · signal     · SENT-USD · orb ▼ 63 · 15m
02:32 KSA · AFTER   · signal     · PENGU-USD · orb ▼ 78 · 15m
02:32 KSA · AFTER   · signal     · PENGU-USD · brk ▼ 64 · 15m
02:32 KSA · AFTER   · signal     · WLFI-USD · orb ▼ 60 · 15m
02:32 KSA · AFTER   · signal     · ASTER-USD · orb ▼ 57 · 15m
02:32 KSA · AFTER   · signal     · ASTER-USD · brk ▼ 57 · 15m
02:34 KSA · AFTER   · scanner    · بدء المسح · 1153 رمزاً · الجلسة AFTER
02:34 KSA · AFTER   · signal     · CB · orb ▼ 73 · 15m · جلسة ممتدة
02:34 KSA · AFTER   · signal     · PGR · orb ▲ 73 · 15m · جلسة ممتدة
02:34 KSA · AFTER   · signal     · PGR · brk ▲ 63 · 15m · جلسة ممتدة
02:34 KSA · AFTER   · signal     · MDLZ · orb ▼ 100 · 15m · جلسة ممتدة
02:34 KSA · AFTER   · signal     · HONA · brk ▼ 69 · 15m · جلسة ممتدة
02:34 KSA · AFTER   · signal     · TAO-USD · orb ▲ 85 · 15m
02:34 KSA · AFTER   · signal     · TRUMP-USD · vwapRec ▲ 70 · 15m
02:34 KSA · AFTER   · signal     · BANK-USD · orb ▲ 80 · 15m
02:34 KSA · AFTER   · signal     · PENGU-USD · vwapRec ▲ 68 · 15m
02:34 KSA · AFTER   · signal     · APT-USD · orb ▲ 75 · 15m
02:34 KSA · AFTER   · signal     · APT-USD · brk ▲ 64 · 15m
02:37 KSA · AFTER   · scanner    · بدء المسح · 1153 رمزاً · الجلسة AFTER
02:37 KSA · AFTER   · signal     · APH · orb ▲ 100 · 15m · جلسة ممتدة
02:37 KSA · AFTER   · signal     · APH · brk ▲ 100 · 15m · جلسة ممتدة
02:37 KSA · AFTER   · signal     · HSY · sqzExp ▼ 100 · 1d · جلسة ممتدة
02:40 KSA · AFTER   · scanner    · بدء المسح · 1153 رمزاً · الجلسة AFTER
02:40 KSA · AFTER   · signal     · KVUE · orb ▼ 100 · 15m · جلسة ممتدة
02:40 KSA · AFTER   · signal     · FET-USD · meanRev ▼ 100 · 15m
02:40 KSA · AFTER   · signal     · SUI-USD · brk ▲ 100 · 15m
02:43 KSA · AFTER   · scanner    · بدء المسح · 1153 رمزاً · الجلسة AFTER
02:43 KSA · AFTER   · signal     · CB · brk ▲ 82 · 15m · جلسة ممتدة
02:43 KSA · AFTER   · signal     · SYK · vwapRec ▼ 65 · 15m · جلسة ممتدة
02:43 KSA · AFTER   · signal     · UNI-USD · orb ▼ 57 · 15m
02:43 KSA · AFTER   · signal     · UNI-USD · brk ▼ 64 · 15m
02:43 KSA · AFTER   · signal     · UNI-USD · sqzExp ▼ 57 · 1h
02:43 KSA · AFTER   · signal     · SUI-USD · orb ▼ 68 · 15m
02:43 KSA · AFTER   · signal     · U-USD · orb ▼ 65 · 15m
02:43 KSA · AFTER   · signal     · PEPE-USD · tfAlign ▲ 61 · 1d
02:43 KSA · AFTER   · signal     · TAO-USD · brk ▼ 73 · 15m
02:43 KSA · AFTER   · signal     · THE-USD · orb ▼ 85 · 15m
02:43 KSA · AFTER   · signal     · THE-USD · brk ▼ 80 · 15m
02:43 KSA · AFTER   · signal     · TRUMP-USD · orb ▼ 70 · 15m
02:43 KSA · AFTER   · signal     · EUR-USD · brk ▼ 66 · 15m
02:43 KSA · AFTER   · signal     · ARB-USD · sqzExp ▼ 75 · 1h
02:43 KSA · AFTER   · signal     · HOLO-USD · orb ▼ 82 · 15m
02:43 KSA · AFTER   · signal     · HOLO-USD · brk ▼ 73 · 15m
02:43 KSA · AFTER   · signal     · BANK-USD · brk ▼ 66 · 15m
02:43 KSA · AFTER   · signal     · BANK-USD · sqzExp ▼ 100 · 1h
02:43 KSA · AFTER   · signal     · TON-USD · brk ▼ 61 · 15m
02:43 KSA · AFTER   · signal     · SENT-USD · orb ▼ 63 · 15m
02:43 KSA · AFTER   · signal     · PENGU-USD · orb ▼ 78 · 15m
02:43 KSA · AFTER   · signal     · PENGU-USD · brk ▼ 64 · 15m
02:43 KSA · AFTER   · signal     · WLFI-USD · orb ▼ 60 · 15m
02:43 KSA · AFTER   · signal     · ASTER-USD · orb ▼ 57 · 15m
02:43 KSA · AFTER   · signal     · ASTER-USD · brk ▼ 57 · 15m
02:44 KSA · AFTER   · scanner    · بدء المسح · 1153 رمزاً · الجلسة AFTER
02:44 KSA · AFTER   · signal     · CB · orb ▼ 86 · 15m · جلسة ممتدة
02:44 KSA · AFTER   · signal     · PGR · orb ▲ 73 · 15m · جلسة ممتدة
02:44 KSA · AFTER   · signal     · PGR · brk ▲ 63 · 15m · جلسة ممتدة
02:44 KSA · AFTER   · signal     · SUI-USD · brk ▲ 64 · 15m
02:44 KSA · AFTER   · signal     · TAO-USD · orb ▲ 85 · 15m
02:44 KSA · AFTER   · signal     · BANK-USD · orb ▲ 80 · 15m
02:44 KSA · AFTER   · signal     · PENGU-USD · vwapRec ▲ 68 · 15m
02:44 KSA · AFTER   · signal     · APT-USD · orb ▲ 75 · 15m
02:46 KSA · AFTER   · scanner    · بدء المسح · 1153 رمزاً · الجلسة AFTER
02:46 KSA · AFTER   · signal     · SHW · brk ▼ 100 · 15m · جلسة ممتدة
02:46 KSA · AFTER   · signal     · SUI-USD · meanRev ▼ 100 · 15m
02:46 KSA · AFTER   · signal     · APT-USD · brk ▲ 100 · 15m
02:48 KSA · AFTER   · scanner    · بدء المسح · 1153 رمزاً · الجلسة AFTER
02:48 KSA · AFTER   · signal     · BNB-USD · meanRev ▼ 100 · 15m
02:48 KSA · AFTER   · signal     · U-USD · orb ▲ 100 · 15m
02:48 KSA · AFTER   · signal     · U-USD · vwapRec ▲ 57 · 15m
02:48 KSA · AFTER   · signal     · HOLO-USD · orb ▲ 100 · 15m
02:50 KSA · AFTER   · scanner    · بدء المسح · 1153 رمزاً · الجلسة AFTER
02:52 KSA · AFTER   · scanner    · بدء المسح · 1153 رمزاً · الجلسة AFTER
02:52 KSA · AFTER   · signal     · CB · brk ▲ 78 · 15m · جلسة ممتدة
02:52 KSA · AFTER   · signal     · SYK · vwapRec ▼ 65 · 15m · جلسة ممتدة
02:52 KSA · AFTER   · signal     · BNB-USD · volSpike ▲ 83 · 15m
02:52 KSA · AFTER   · signal     · DOT-USD · volSpike ▼ 89 · 15m
02:52 KSA · AFTER   · signal     · RAY-USD · volSpike ▲ 100 · 15m
02:52 KSA · AFTER   · signal     · UNI-USD · orb ▼ 65 · 15m
02:52 KSA · AFTER   · signal     · UNI-USD · brk ▼ 59 · 15m
02:52 KSA · AFTER   · signal     · UNI-USD · sqzExp ▼ 57 · 1h
02:52 KSA · AFTER   · signal     · SUI-USD · orb ▼ 75 · 15m
02:52 KSA · AFTER   · signal     · U-USD · brk ▼ 64 · 15m
02:52 KSA · AFTER   · signal     · U-USD · pbTrend ▲ 57 · 1h
02:52 KSA · AFTER   · signal     · U-USD · volSpike ▼ 78 · 15m
02:52 KSA · AFTER   · signal     · TAO-USD · brk ▼ 86 · 15m
02:52 KSA · AFTER   · signal     · TAO-USD · volSpike ▼ 67 · 15m
02:52 KSA · AFTER   · signal     · THE-USD · orb ▼ 70 · 15m
02:52 KSA · AFTER   · signal     · THE-USD · brk ▼ 68 · 15m
02:52 KSA · AFTER   · signal     · TRUMP-USD · orb ▼ 85 · 15m
02:52 KSA · AFTER   · signal     · TRUMP-USD · brk ▼ 68 · 15m
02:52 KSA · AFTER   · signal     · EUR-USD · brk ▼ 66 · 15m
02:52 KSA · AFTER   · signal     · ARB-USD · sqzExp ▼ 75 · 1h
02:52 KSA · AFTER   · signal     · BANK-USD · brk ▼ 73 · 15m
02:52 KSA · AFTER   · signal     · BANK-USD · sqzExp ▼ 100 · 1h
02:52 KSA · AFTER   · signal     · TON-USD · brk ▼ 61 · 15m
02:52 KSA · AFTER   · signal     · SENT-USD · orb ▼ 70 · 15m
02:52 KSA · AFTER   · signal     · SENT-USD · brk ▼ 57 · 15m
02:52 KSA · AFTER   · signal     · PENGU-USD · orb ▼ 70 · 15m
02:52 KSA · AFTER   · signal     · PENGU-USD · brk ▼ 61 · 15m
02:52 KSA · AFTER   · signal     · WLFI-USD · orb ▼ 75 · 15m
02:52 KSA · AFTER   · signal     · ASTER-USD · orb ▼ 57 · 15m
02:54 KSA · AFTER   · scanner    · بدء المسح · 1153 رمزاً · الجلسة AFTER
02:54 KSA · AFTER   · signal     · KKR · vwapRec ▼ 57 · 15m · جلسة ممتدة
02:54 KSA · AFTER   · signal     · UNI-USD · meanRev ▼ 57 · 15m
02:54 KSA · AFTER   · signal     · SUI-USD · brk ▲ 73 · 15m
02:54 KSA · AFTER   · signal     · U-USD · orb ▲ 80 · 15m
02:54 KSA · AFTER   · signal     · U-USD · vwapRec ▲ 60 · 15m
02:54 KSA · AFTER   · signal     · TAO-USD · orb ▲ 85 · 15m
02:54 KSA · AFTER   · signal     · TRUMP-USD · vwapRec ▲ 78 · 15m
02:54 KSA · AFTER   · signal     · HOLO-USD · orb ▲ 85 · 15m
02:54 KSA · AFTER   · signal     · BANK-USD · orb ▲ 80 · 15m
02:54 KSA · AFTER   · signal     · APT-USD · orb ▲ 75 · 15m
02:56 KSA · AFTER   · scanner    · بدء المسح · 1153 رمزاً · الجلسة AFTER
02:58 KSA · AFTER   · scanner    · بدء المسح · 1153 رمزاً · الجلسة AFTER
03:00 KSA · CLOSED  · scanner    · بدء المسح · 1153 رمزاً · الجلسة CLOSED
03:00 KSA · CLOSED  · signal     · U-USD · brk ▲ 100 · 15m
03:02 KSA · CLOSED  · scanner    · بدء المسح · 1153 رمزاً · الجلسة CLOSED
03:02 KSA · CLOSED  · signal     · CB · brk ▲ 82 · 15m
03:02 KSA · CLOSED  · signal     · UNI-USD · brk ▼ 66 · 15m
03:02 KSA · CLOSED  · signal     · UNI-USD · sqzExp ▼ 57 · 1h
03:02 KSA · CLOSED  · signal     · U-USD · pbTrend ▲ 57 · 1h
03:02 KSA · CLOSED  · signal     · TAO-USD · brk ▼ 70 · 15m
03:02 KSA · CLOSED  · signal     · THE-USD · brk ▼ 73 · 15m
03:02 KSA · CLOSED  · signal     · TRUMP-USD · brk ▼ 73 · 15m
03:02 KSA · CLOSED  · signal     · EUR-USD · brk ▼ 73 · 15m
03:02 KSA · CLOSED  · signal     · ARB-USD · brk ▼ 55 · 15m
03:02 KSA · CLOSED  · signal     · ARB-USD · sqzExp ▼ 75 · 1h
03:02 KSA · CLOSED  · signal     · HOLO-USD · brk ▼ 82 · 15m
03:02 KSA · CLOSED  · signal     · HOLO-USD · volSpike ▼ 78 · 15m
03:02 KSA · CLOSED  · signal     · BANK-USD · sqzExp ▼ 100 · 1h
03:02 KSA · CLOSED  · signal     · TON-USD · brk ▼ 61 · 15m
03:02 KSA · CLOSED  · signal     · SENT-USD · brk ▼ 73 · 15m
03:02 KSA · CLOSED  · signal     · PENGU-USD · brk ▼ 80 · 15m
03:04 KSA · CLOSED  · scanner    · بدء المسح · 1153 رمزاً · الجلسة CLOSED
03:04 KSA · CLOSED  · signal     · MRK · sqzExp ▲ 100 · 1h
03:04 KSA · CLOSED  · signal     · BLK · brk ▼ 100 · 15m
03:04 KSA · CLOSED  · signal     · SUI-USD · brk ▲ 68 · 15m
03:04 KSA · CLOSED  · signal     · U-USD · brk ▲ 70 · 15m
03:04 KSA · CLOSED  · signal     · FLOW-USD · meanRev ▼ 100 · 1d
03:09 KSA · CLOSED  · scanner    · بدء المسح · 1153 رمزاً · الجلسة CLOSED
03:09 KSA · CLOSED  · signal     · XPL-USD · brk ▲ 69 · 15m
03:10 KSA · CLOSED  · scanner    · بدء المسح · 1153 رمزاً · الجلسة CLOSED
03:12 KSA · CLOSED  · scanner    · بدء المسح · 1153 رمزاً · الجلسة CLOSED
03:12 KSA · CLOSED  · signal     · APH · meanRev ▼ 57 · 15m
03:12 KSA · CLOSED  · signal     · UNI-USD · brk ▼ 66 · 15m
03:12 KSA · CLOSED  · signal     · UNI-USD · sqzExp ▼ 57 · 1h
03:12 KSA · CLOSED  · signal     · U-USD · pbTrend ▲ 57 · 1h
03:12 KSA · CLOSED  · signal     · TAO-USD · brk ▼ 70 · 15m
03:12 KSA · CLOSED  · signal     · THE-USD · brk ▼ 73 · 15m
03:12 KSA · CLOSED  · signal     · THE-USD · momo ▼ 81 · 1h
03:12 KSA · CLOSED  · signal     · TRUMP-USD · brk ▼ 73 · 15m
03:12 KSA · CLOSED  · signal     · EUR-USD · brk ▼ 73 · 15m
03:12 KSA · CLOSED  · signal     · ARB-USD · brk ▼ 55 · 15m
03:12 KSA · CLOSED  · signal     · ARB-USD · sqzExp ▼ 75 · 1h
03:12 KSA · CLOSED  · signal     · HOLO-USD · brk ▼ 82 · 15m
03:12 KSA · CLOSED  · signal     · BANK-USD · sqzExp ▼ 100 · 1h
03:12 KSA · CLOSED  · signal     · TON-USD · brk ▼ 61 · 15m
03:12 KSA · CLOSED  · signal     · SENT-USD · brk ▼ 73 · 15m
03:12 KSA · CLOSED  · signal     · PENGU-USD · brk ▼ 80 · 15m
03:14 KSA · CLOSED  · scanner    · بدء المسح · 1153 رمزاً · الجلسة CLOSED
03:14 KSA · CLOSED  · signal     · BLK · brk ▼ 100 · 15m
03:14 KSA · CLOSED  · signal     · U-USD · brk ▲ 70 · 15m
03:16 KSA · CLOSED  · scanner    · بدء المسح · 1153 رمزاً · الجلسة CLOSED
03:16 KSA · CLOSED  · signal     · TAO-USD · meanRev ▼ 100 · 15m
03:18 KSA · CLOSED  · scanner    · بدء المسح · 1153 رمزاً · الجلسة CLOSED
03:20 KSA · CLOSED  · scanner    · بدء المسح · 1153 رمزاً · الجلسة CLOSED
03:20 KSA · CLOSED  · signal     · XLM-USD · pbTrend ▲ 79 · 1h
03:23 KSA · CLOSED  · scanner    · بدء المسح · 1153 رمزاً · الجلسة CLOSED
03:23 KSA · CLOSED  · signal     · BTC-USD · vwapRec ▼ 55 · 15m
03:23 KSA · CLOSED  · signal     · BNB-USD · volSpike ▼ 67 · 15m
03:23 KSA · CLOSED  · signal     · DOGE-USD · vwapRec ▼ 78 · 15m
03:23 KSA · CLOSED  · signal     · ADA-USD · vwapRec ▼ 85 · 15m
03:23 KSA · CLOSED  · signal     · NEAR-USD · vwapRec ▼ 60 · 15m
03:23 KSA · CLOSED  · signal     · GRAM-USD · volSpike ▼ 89 · 15m
03:23 KSA · CLOSED  · signal     · AVAX-USD · vwapRec ▼ 70 · 15m
03:23 KSA · CLOSED  · signal     · XAUT-USD · vwapRec ▼ 65 · 15m
03:23 KSA · CLOSED  · signal     · AAVE-USD · vwapRec ▼ 60 · 15m
03:23 KSA · CLOSED  · signal     · ENA-USD · vwapRec ▼ 60 · 15m
03:23 KSA · CLOSED  · signal     · ICP-USD · vwapRec ▼ 73 · 15m
03:23 KSA · CLOSED  · signal     · FIL-USD · vwapRec ▼ 78 · 15m
03:23 KSA · CLOSED  · signal     · INJ-USD · vwapRec ▼ 68 · 15m
03:23 KSA · CLOSED  · signal     · OP-USD · vwapRec ▼ 70 · 15m
03:23 KSA · CLOSED  · signal     · CRCLB-USD · vwapRec ▼ 85 · 15m
03:23 KSA · CLOSED  · signal     · MSTRB-USD · vwapRec ▼ 70 · 15m
03:23 KSA · CLOSED  · signal     · T-USD · vwapRec ▼ 70 · 15m
03:23 KSA · CLOSED  · signal     · MUB-USD · vwapRec ▼ 60 · 15m
03:23 KSA · CLOSED  · signal     · CVC-USD · volSpike ▼ 72 · 15m
03:23 KSA · CLOSED  · signal     · SOXLB-USD · vwapRec ▼ 70 · 15m
03:23 KSA · CLOSED  · signal     · SNXXB-USD · vwapRec ▼ 78 · 15m
03:23 KSA · CLOSED  · signal     · UNI-USD · brk ▼ 73 · 15m
03:23 KSA · CLOSED  · signal     · UNI-USD · sqzExp ▼ 57 · 1h
03:23 KSA · CLOSED  · signal     · UNI-USD · volSpike ▼ 78 · 15m
03:23 KSA · CLOSED  · signal     · SUI-USD · brk ▼ 66 · 15m
03:23 KSA · CLOSED  · signal     · 牛来-USD · vwapRec ▼ 83 · 15m
03:23 KSA · CLOSED  · signal     · TAO-USD · vwapRec ▼ 57 · 15m
03:23 KSA · CLOSED  · signal     · TAO-USD · brk ▼ 64 · 15m
03:23 KSA · CLOSED  · signal     · THE-USD · brk ▼ 73 · 15m
03:23 KSA · CLOSED  · signal     · TRUMP-USD · brk ▼ 57 · 15m
03:23 KSA · CLOSED  · signal     · ARB-USD · sqzExp ▼ 75 · 1h
03:23 KSA · CLOSED  · signal     · HOLO-USD · brk ▼ 58 · 15m
03:23 KSA · CLOSED  · signal     · BANK-USD · vwapRec ▼ 57 · 15m
03:23 KSA · CLOSED  · signal     · BANK-USD · brk ▼ 80 · 15m
03:23 KSA · CLOSED  · signal     · BANK-USD · sqzExp ▼ 100 · 1h
03:23 KSA · CLOSED  · signal     · TON-USD · brk ▼ 61 · 15m
03:23 KSA · CLOSED  · signal     · PENGU-USD · vwapRec ▼ 65 · 15m
03:23 KSA · CLOSED  · signal     · PENGU-USD · brk ▼ 70 · 15m
03:23 KSA · CLOSED  · signal     · WLFI-USD · volSpike ▼ 67 · 15m
03:23 KSA · CLOSED  · signal     · ASTER-USD · brk ▼ 57 · 15m
03:23 KSA · CLOSED  · signal     · APT-USD · brk ▼ 59 · 15m
03:25 KSA · CLOSED  · scanner    · بدء المسح · 1153 رمزاً · الجلسة CLOSED
03:25 KSA · CLOSED  · signal     · BLK · brk ▼ 100 · 15m
03:25 KSA · CLOSED  · signal     · RAY-USD · vwapRec ▲ 57 · 15m
03:25 KSA · CLOSED  · signal     · ARB-USD · vwapRec ▲ 60 · 15m
03:25 KSA · CLOSED  · signal     · SENT-USD · vwapRec ▲ 57 · 15m
03:26 KSA · CLOSED  · scanner    · بدء المسح · 1153 رمزاً · الجلسة CLOSED
03:26 KSA · CLOSED  · signal     · ONDO-USD · vwapRec ▲ 79 · 15m
03:28 KSA · CLOSED  · scanner    · بدء المسح · 1153 رمزاً · الجلسة CLOSED
03:28 KSA · CLOSED  · signal     · BANK-USD · brk ▲ 100 · 15m
03:28 KSA · CLOSED  · signal     · BANK-USD · sqzExp ▲ 100 · 1h
03:28 KSA · CLOSED  · signal     · APT-USD · vwapRec ▼ 57 · 15m
03:30 KSA · CLOSED  · scanner    · بدء المسح · 1153 رمزاً · الجلسة CLOSED
03:30 KSA · CLOSED  · signal     · ASTER-USD · vwapRec ▲ 57 · 15m
03:32 KSA · CLOSED  · scanner    · بدء المسح · 1153 رمزاً · الجلسة CLOSED
03:32 KSA · CLOSED  · signal     · XAUT-USD · vwapRec ▼ 65 · 15m
03:32 KSA · CLOSED  · signal     · SPCXB-USD · orb ▼ 73 · 15m
03:32 KSA · CLOSED  · signal     · REZ-USD · volSpike ▼ 67 · 15m
03:32 KSA · CLOSED  · signal     · UNI-USD · orb ▼ 65 · 15m
03:32 KSA · CLOSED  · signal     · UNI-USD · brk ▼ 66 · 15m
03:32 KSA · CLOSED  · signal     · UNI-USD · sqzExp ▼ 57 · 1h
03:32 KSA · CLOSED  · signal     · SUI-USD · orb ▼ 68 · 15m
03:32 KSA · CLOSED  · signal     · SUI-USD · brk ▼ 64 · 15m
03:32 KSA · CLOSED  · signal     · U-USD · rsiDiv ▼ 75 · 15m
03:32 KSA · CLOSED  · signal     · PEPE-USD · orb ▲ 78 · 15m
03:32 KSA · CLOSED  · signal     · PEPE-USD · tfAlign ▲ 66 · 1d
03:32 KSA · CLOSED  · signal     · TAO-USD · orb ▼ 78 · 15m
03:32 KSA · CLOSED  · signal     · TAO-USD · brk ▼ 68 · 15m
03:32 KSA · CLOSED  · signal     · THE-USD · orb ▼ 70 · 15m
03:32 KSA · CLOSED  · signal     · THE-USD · brk ▼ 57 · 15m
03:32 KSA · CLOSED  · signal     · TRUMP-USD · orb ▼ 70 · 15m
03:32 KSA · CLOSED  · signal     · TRUMP-USD · brk ▼ 64 · 15m
03:32 KSA · CLOSED  · signal     · EUR-USD · brk ▼ 57 · 15m
03:32 KSA · CLOSED  · signal     · ARB-USD · orb ▼ 65 · 15m
03:32 KSA · CLOSED  · signal     · ARB-USD · sqzExp ▼ 75 · 1h
03:32 KSA · CLOSED  · signal     · HOLO-USD · orb ▼ 78 · 15m
03:32 KSA · CLOSED  · signal     · HOLO-USD · brk ▼ 73 · 15m
03:32 KSA · CLOSED  · signal     · HOLO-USD · tfAlign ▼ 63 · 1d
03:32 KSA · CLOSED  · signal     · BANK-USD · orb ▼ 73 · 15m
03:32 KSA · CLOSED  · signal     · TON-USD · brk ▼ 61 · 15m
03:32 KSA · CLOSED  · signal     · SENT-USD · orb ▼ 70 · 15m
03:32 KSA · CLOSED  · signal     · SENT-USD · brk ▼ 66 · 15m
03:32 KSA · CLOSED  · signal     · PENGU-USD · orb ▼ 78 · 15m
03:32 KSA · CLOSED  · signal     · PENGU-USD · brk ▼ 70 · 15m
03:32 KSA · CLOSED  · signal     · WLFI-USD · orb ▼ 75 · 15m
03:32 KSA · CLOSED  · signal     · ASTER-USD · orb ▼ 65 · 15m
03:32 KSA · CLOSED  · signal     · APT-USD · orb ▼ 75 · 15m
03:32 KSA · CLOSED  · signal     · APT-USD · brk ▼ 66 · 15m
03:34 KSA · CLOSED  · scanner    · بدء المسح · 1153 رمزاً · الجلسة CLOSED
03:34 KSA · CLOSED  · signal     · BLK · brk ▼ 100 · 15m
03:34 KSA · CLOSED  · signal     · FET-USD · vwapRec ▲ 78 · 15m
03:34 KSA · CLOSED  · signal     · OP-USD · orb ▲ 64 · 15m
03:34 KSA · CLOSED  · signal     · SUI-USD · vwapRec ▲ 78 · 15m
03:34 KSA · CLOSED  · signal     · THE-USD · vwapRec ▲ 55 · 15m
03:34 KSA · CLOSED  · signal     · ARB-USD · vwapRec ▲ 60 · 15m
03:34 KSA · CLOSED  · signal     · SENT-USD · vwapRec ▲ 65 · 15m
03:34 KSA · CLOSED  · signal     · ASTER-USD · vwapRec ▲ 60 · 15m
03:38 KSA · CLOSED  · scanner    · بدء المسح · 1153 رمزاً · الجلسة CLOSED
03:38 KSA · CLOSED  · signal     · SOL-USD · vwapRec ▼ 100 · 15m
03:38 KSA · CLOSED  · signal     · XLM-USD · vwapRec ▼ 79 · 15m
03:38 KSA · CLOSED  · signal     · SNDKB-USD · orb ▼ 82 · 15m
03:38 KSA · CLOSED  · signal     · MUB-USD · orb ▼ 100 · 15m
03:38 KSA · CLOSED  · signal     · SNXXB-USD · orb ▼ 100 · 15m
03:38 KSA · CLOSED  · signal     · U-USD · vwapRec ▲ 57 · 15m
03:38 KSA · CLOSED  · signal     · TAO-USD · vwapRec ▼ 79 · 15m
03:38 KSA · CLOSED  · signal     · TRUMP-USD · vwapRec ▲ 100 · 15m
03:38 KSA · CLOSED  · signal     · BANK-USD · brk ▲ 100 · 15m
03:38 KSA · CLOSED  · signal     · BANK-USD · sqzExp ▲ 100 · 1h
03:38 KSA · CLOSED  · signal     · AXS-USD · meanRev ▼ 100 · 1d
03:38 KSA · CLOSED  · signal     · BABY-USD · meanRev ▼ 100 · 1d
03:40 KSA · CLOSED  · scanner    · بدء المسح · 1153 رمزاً · الجلسة CLOSED
03:40 KSA · CLOSED  · signal     · ONDO-USD · brk ▲ 100 · 15m
03:40 KSA · CLOSED  · signal     · CAKE-USD · vwapRec ▼ 57 · 15m
03:40 KSA · CLOSED  · signal     · LSK-USD · orb ▲ 82 · 15m
03:40 KSA · CLOSED  · signal     · SOXLB-USD · orb ▼ 100 · 15m
03:42 KSA · CLOSED  · scanner    · بدء المسح · 1153 رمزاً · الجلسة CLOSED
03:42 KSA · CLOSED  · signal     · DOGE-USD · orb ▼ 75 · 15m
03:42 KSA · CLOSED  · signal     · UNI-USD · orb ▼ 65 · 15m
03:42 KSA · CLOSED  · signal     · UNI-USD · brk ▼ 66 · 15m
03:42 KSA · CLOSED  · signal     · UNI-USD · sqzExp ▼ 57 · 1h
03:42 KSA · CLOSED  · signal     · SUI-USD · orb ▼ 68 · 15m
03:42 KSA · CLOSED  · signal     · SUI-USD · brk ▼ 64 · 15m
03:42 KSA · CLOSED  · signal     · PEPE-USD · orb ▲ 78 · 15m
03:42 KSA · CLOSED  · signal     · TAO-USD · orb ▼ 78 · 15m
03:42 KSA · CLOSED  · signal     · TAO-USD · brk ▼ 68 · 15m
03:42 KSA · CLOSED  · signal     · THE-USD · orb ▼ 70 · 15m
03:42 KSA · CLOSED  · signal     · THE-USD · brk ▼ 57 · 15m
03:42 KSA · CLOSED  · signal     · TRUMP-USD · orb ▼ 70 · 15m
03:42 KSA · CLOSED  · signal     · TRUMP-USD · brk ▼ 64 · 15m
03:42 KSA · CLOSED  · signal     · EUR-USD · brk ▼ 57 · 15m
03:42 KSA · CLOSED  · signal     · ARB-USD · orb ▼ 65 · 15m
03:42 KSA · CLOSED  · signal     · ARB-USD · sqzExp ▼ 75 · 1h
03:42 KSA · CLOSED  · signal     · HOLO-USD · orb ▼ 78 · 15m
03:42 KSA · CLOSED  · signal     · HOLO-USD · brk ▼ 73 · 15m
03:42 KSA · CLOSED  · signal     · BANK-USD · orb ▼ 73 · 15m
03:42 KSA · CLOSED  · signal     · TON-USD · brk ▼ 61 · 15m
03:42 KSA · CLOSED  · signal     · SENT-USD · orb ▼ 70 · 15m
03:42 KSA · CLOSED  · signal     · SENT-USD · brk ▼ 66 · 15m
03:42 KSA · CLOSED  · signal     · PENGU-USD · orb ▼ 78 · 15m
03:42 KSA · CLOSED  · signal     · PENGU-USD · vwapRec ▼ 57 · 15m
03:42 KSA · CLOSED  · signal     · PENGU-USD · brk ▼ 70 · 15m
03:42 KSA · CLOSED  · signal     · WLFI-USD · orb ▼ 75 · 15m
03:42 KSA · CLOSED  · signal     · ASTER-USD · orb ▼ 65 · 15m
03:42 KSA · CLOSED  · signal     · APT-USD · orb ▼ 75 · 15m
03:42 KSA · CLOSED  · signal     · APT-USD · brk ▼ 66 · 15m
03:44 KSA · CLOSED  · scanner    · بدء المسح · 1153 رمزاً · الجلسة CLOSED
03:44 KSA · CLOSED  · signal     · BLK · brk ▼ 100 · 15m
03:44 KSA · CLOSED  · signal     · XAUT-USD · vwapRec ▲ 57 · 15m
03:44 KSA · CLOSED  · signal     · LSK-USD · orb ▲ 82 · 15m
03:44 KSA · CLOSED  · signal     · SUI-USD · vwapRec ▲ 85 · 15m
03:44 KSA · CLOSED  · signal     · THE-USD · vwapRec ▲ 55 · 15m
03:44 KSA · CLOSED  · signal     · TRUMP-USD · vwapRec ▲ 63 · 15m
03:44 KSA · CLOSED  · signal     · ARB-USD · vwapRec ▲ 68 · 15m
03:44 KSA · CLOSED  · signal     · BANK-USD · vwapRec ▲ 78 · 15m
03:44 KSA · CLOSED  · signal     · BANK-USD · brk ▲ 61 · 15m
03:44 KSA · CLOSED  · signal     · BANK-USD · sqzExp ▲ 100 · 1h
03:44 KSA · CLOSED  · signal     · APT-USD · vwapRec ▲ 70 · 15m
03:46 KSA · CLOSED  · scanner    · بدء المسح · 1153 رمزاً · الجلسة CLOSED
03:46 KSA · CLOSED  · signal     · FET-USD · sqzExp ▲ 100 · 1h
03:46 KSA · CLOSED  · signal     · APT-USD · orb ▲ 82 · 15m
03:46 KSA · CLOSED  · signal     · APT-USD · brk ▲ 69 · 15m
03:48 KSA · CLOSED  · scanner    · بدء المسح · 1153 رمزاً · الجلسة CLOSED
03:48 KSA · CLOSED  · signal     · PUMP-USD · orb ▼ 82 · 15m
03:50 KSA · CLOSED  · scanner    · بدء المسح · 1153 رمزاً · الجلسة CLOSED
03:53 KSA · CLOSED  · scanner    · بدء المسح · 1153 رمزاً · الجلسة CLOSED
03:53 KSA · CLOSED  · signal     · BNB-USD · rsiDiv ▼ 72 · 15m
03:53 KSA · CLOSED  · signal     · LTC-USD · volSpike ▲ 89 · 15m
03:53 KSA · CLOSED  · signal     · ONDO-USD · volSpike ▲ 89 · 15m
03:53 KSA · CLOSED  · signal     · ETHFI-USD · brk ▲ 66 · 15m
03:53 KSA · CLOSED  · signal     · FET-USD · volSpike ▲ 72 · 15m
03:53 KSA · CLOSED  · signal     · CRCLB-USD · orb ▼ 83 · 15m
03:53 KSA · CLOSED  · signal     · SNDKB-USD · rsiDiv ▼ 56 · 15m
03:53 KSA · CLOSED  · signal     · SNXXB-USD · rsiDiv ▼ 56 · 15m
03:53 KSA · CLOSED  · signal     · UNI-USD · orb ▼ 57 · 15m
03:53 KSA · CLOSED  · signal     · UNI-USD · sqzExp ▼ 57 · 1h
03:53 KSA · CLOSED  · signal     · SUI-USD · orb ▼ 60 · 15m
03:53 KSA · CLOSED  · signal     · U-USD · orb ▼ 57 · 15m
03:53 KSA · CLOSED  · signal     · PEPE-USD · orb ▲ 70 · 15m
03:53 KSA · CLOSED  · signal     · TAO-USD · orb ▼ 65 · 15m
03:53 KSA · CLOSED  · signal     · TAO-USD · brk ▼ 55 · 15m
03:53 KSA · CLOSED  · signal     · THE-USD · orb ▼ 70 · 15m
03:53 KSA · CLOSED  · signal     · TRUMP-USD · orb ▼ 70 · 15m
03:53 KSA · CLOSED  · signal     · EUR-USD · brk ▼ 64 · 15m
03:53 KSA · CLOSED  · signal     · ARB-USD · orb ▼ 65 · 15m
03:53 KSA · CLOSED  · signal     · ARB-USD · brk ▼ 57 · 15m
03:53 KSA · CLOSED  · signal     · ARB-USD · sqzExp ▼ 75 · 1h
03:53 KSA · CLOSED  · signal     · HOLO-USD · orb ▼ 70 · 15m
03:53 KSA · CLOSED  · signal     · BANK-USD · orb ▼ 73 · 15m
03:53 KSA · CLOSED  · signal     · TON-USD · brk ▼ 61 · 15m
03:53 KSA · CLOSED  · signal     · SENT-USD · orb ▼ 63 · 15m
03:53 KSA · CLOSED  · signal     · SENT-USD · brk ▼ 57 · 15m
03:53 KSA · CLOSED  · signal     · PENGU-USD · orb ▼ 70 · 15m
03:53 KSA · CLOSED  · signal     · PENGU-USD · brk ▼ 55 · 15m
03:53 KSA · CLOSED  · signal     · WLFI-USD · orb ▼ 75 · 15m
03:53 KSA · CLOSED  · signal     · ASTER-USD · orb ▼ 57 · 15m
03:53 KSA · CLOSED  · signal     · ASTER-USD · brk ▼ 57 · 15m
03:54 KSA · CLOSED  · scanner    · بدء المسح · 1153 رمزاً · الجلسة CLOSED
03:54 KSA · CLOSED  · signal     · BLK · brk ▼ 100 · 15m
03:54 KSA · CLOSED  · signal     · ADA-USD · orb ▲ 100 · 15m
03:54 KSA · CLOSED  · signal     · ADA-USD · brk ▲ 100 · 15m
03:54 KSA · CLOSED  · signal     · ONDO-USD · sqzExp ▲ 100 · 1h
03:54 KSA · CLOSED  · signal     · ICP-USD · brk ▲ 100 · 15m
03:54 KSA · CLOSED  · signal     · FET-USD · meanRev ▼ 100 · 15m
03:54 KSA · CLOSED  · signal     · SUI-USD · brk ▲ 55 · 15m
03:54 KSA · CLOSED  · signal     · TAO-USD · vwapRec ▲ 55 · 15m
03:54 KSA · CLOSED  · signal     · THE-USD · vwapRec ▲ 55 · 15m
03:54 KSA · CLOSED  · signal     · BANK-USD · vwapRec ▲ 70 · 15m
03:54 KSA · CLOSED  · signal     · BANK-USD · sqzExp ▲ 100 · 1h
03:54 KSA · CLOSED  · signal     · SENT-USD · vwapRec ▲ 65 · 15m
03:54 KSA · CLOSED  · signal     · PENGU-USD · vwapRec ▲ 60 · 15m
03:54 KSA · CLOSED  · signal     · APT-USD · orb ▲ 83 · 15m
03:54 KSA · CLOSED  · signal     · APT-USD · brk ▲ 64 · 15m
03:56 KSA · CLOSED  · scanner    · بدء المسح · 1153 رمزاً · الجلسة CLOSED
03:56 KSA · CLOSED  · signal     · DOT-USD · brk ▲ 69 · 15m
03:56 KSA · CLOSED  · signal     · TAO-USD · brk ▲ 69 · 15m
03:56 KSA · CLOSED  · signal     · TRUMP-USD · brk ▲ 69 · 15m
03:56 KSA · CLOSED  · signal     · BANK-USD · orb ▲ 100 · 15m
03:56 KSA · CLOSED  · signal     · BANK-USD · brk ▲ 100 · 15m
03:56 KSA · CLOSED  · signal     · SENT-USD · orb ▲ 82 · 15m
03:56 KSA · CLOSED  · signal     · ASTER-USD · orb ▲ 82 · 15m
03:58 KSA · CLOSED  · scanner    · بدء المسح · 1153 رمزاً · الجلسة CLOSED
03:58 KSA · CLOSED  · signal     · BNB-USD · vwapRec ▲ 100 · 15m
03:58 KSA · CLOSED  · signal     · DOGE-USD · orb ▲ 82 · 15m
03:58 KSA · CLOSED  · signal     · PEPE-USD · orb ▲ 82 · 15m
04:00 KSA · CLOSED  · scanner    · بدء المسح · 1153 رمزاً · الجلسة CLOSED
04:00 KSA · CLOSED  · signal     · AAVE-USD · orb ▲ 82 · 15m
04:00 KSA · CLOSED  · signal     · UNI-USD · vwapRec ▼ 100 · 15m
04:00 KSA · CLOSED  · signal     · THE-USD · orb ▲ 82 · 15m
04:02 KSA · CLOSED  · scanner    · بدء المسح · 1153 رمزاً · الجلسة CLOSED
04:02 KSA · CLOSED  · signal     · UNI-USD · sqzExp ▼ 57 · 1h
04:02 KSA · CLOSED  · signal     · SUI-USD · orb ▼ 75 · 15m
04:02 KSA · CLOSED  · signal     · U-USD · orb ▼ 57 · 15m
04:02 KSA · CLOSED  · signal     · U-USD · brk ▼ 55 · 15m
04:02 KSA · CLOSED  · signal     · TAO-USD · orb ▼ 80 · 15m
04:02 KSA · CLOSED  · signal     · TRUMP-USD · orb ▼ 78 · 15m
04:02 KSA · CLOSED  · signal     · TRUMP-USD · vwapRec ▼ 57 · 15m
04:02 KSA · CLOSED  · signal     · EUR-USD · brk ▼ 68 · 15m
04:02 KSA · CLOSED  · signal     · ARB-USD · orb ▼ 65 · 15m
04:02 KSA · CLOSED  · signal     · ARB-USD · brk ▼ 59 · 15m
04:02 KSA · CLOSED  · signal     · ARB-USD · sqzExp ▼ 75 · 1h
04:02 KSA · CLOSED  · signal     · HOLO-USD · orb ▼ 70 · 15m
04:02 KSA · CLOSED  · signal     · TON-USD · brk ▼ 61 · 15m
04:02 KSA · CLOSED  · signal     · SENT-USD · brk ▼ 59 · 15m
04:02 KSA · CLOSED  · signal     · PENGU-USD · orb ▼ 85 · 15m
04:02 KSA · CLOSED  · signal     · PENGU-USD · brk ▼ 64 · 15m
04:02 KSA · CLOSED  · signal     · WLFI-USD · orb ▼ 68 · 15m
04:02 KSA · CLOSED  · signal     · ASTER-USD · brk ▼ 59 · 15m
04:02 KSA · CLOSED  · signal     · ASTER-USD · volSpike ▲ 78 · 15m
04:04 KSA · CLOSED  · scanner    · بدء المسح · 1153 رمزاً · الجلسة CLOSED
04:04 KSA · CLOSED  · signal     · BLK · brk ▼ 100 · 15m
04:04 KSA · CLOSED  · signal     · ENA-USD · brk ▲ 100 · 15m
04:04 KSA · CLOSED  · signal     · RAY-USD · brk ▲ 100 · 15m
04:04 KSA · CLOSED  · signal     · SUI-USD · vwapRec ▲ 60 · 15m
04:04 KSA · CLOSED  · signal     · SUI-USD · brk ▲ 66 · 15m
04:04 KSA · CLOSED  · signal     · U-USD · vwapRec ▲ 60 · 15m
04:04 KSA · CLOSED  · signal     · TAO-USD · vwapRec ▲ 80 · 15m
04:04 KSA · CLOSED  · signal     · THE-USD · orb ▲ 75 · 15m
04:04 KSA · CLOSED  · signal     · THE-USD · vwapRec ▲ 55 · 15m
04:04 KSA · CLOSED  · signal     · BANK-USD · pbTrend ▼ 57 · 1h
04:04 KSA · CLOSED  · signal     · BANK-USD · sqzExp ▲ 100 · 1h
04:04 KSA · CLOSED  · signal     · SENT-USD · vwapRec ▲ 73 · 15m
04:04 KSA · CLOSED  · signal     · PENGU-USD · vwapRec ▲ 75 · 15m
04:04 KSA · CLOSED  · signal     · PENGU-USD · pbTrend ▼ 57 · 1h
04:04 KSA · CLOSED  · signal     · APT-USD · orb ▲ 83 · 15m
04:04 KSA · CLOSED  · signal     · APT-USD · brk ▲ 64 · 15m
04:08 KSA · CLOSED  · scanner    · بدء المسح · 1153 رمزاً · الجلسة CLOSED
04:08 KSA · CLOSED  · signal     · ADA-USD · meanRev ▼ 100 · 15m
04:08 KSA · CLOSED  · signal     · DASH-USD · vwapRec ▲ 79 · 15m
04:08 KSA · CLOSED  · signal     · FIL-USD · brk ▲ 100 · 15m
04:08 KSA · CLOSED  · signal     · TAO-USD · brk ▲ 69 · 15m
04:08 KSA · CLOSED  · signal     · TRUMP-USD · brk ▲ 100 · 15m
04:08 KSA · CLOSED  · signal     · EUR-USD · brk ▲ 69 · 15m
04:08 KSA · CLOSED  · signal     · ASTER-USD · vwapRec ▲ 79 · 15m
04:10 KSA · CLOSED  · scanner    · بدء المسح · 1153 رمزاً · الجلسة CLOSED
04:12 KSA · CLOSED  · scanner    · بدء المسح · 1153 رمزاً · الجلسة CLOSED
04:12 KSA · CLOSED  · signal     · UNI-USD · sqzExp ▼ 57 · 1h
04:12 KSA · CLOSED  · signal     · SUI-USD · orb ▼ 75 · 15m
04:12 KSA · CLOSED  · signal     · U-USD · orb ▼ 57 · 15m
04:12 KSA · CLOSED  · signal     · U-USD · brk ▼ 55 · 15m
04:12 KSA · CLOSED  · signal     · TAO-USD · orb ▼ 80 · 15m
04:12 KSA · CLOSED  · signal     · TRUMP-USD · orb ▼ 78 · 15m
04:12 KSA · CLOSED  · signal     · TRUMP-USD · vwapRec ▼ 65 · 15m
04:12 KSA · CLOSED  · signal     · ARB-USD · orb ▼ 65 · 15m
04:12 KSA · CLOSED  · signal     · ARB-USD · brk ▼ 59 · 15m
04:12 KSA · CLOSED  · signal     · ARB-USD · sqzExp ▼ 75 · 1h
04:12 KSA · CLOSED  · signal     · HOLO-USD · orb ▼ 70 · 15m
04:12 KSA · CLOSED  · signal     · BANK-USD · orb ▼ 73 · 15m
04:12 KSA · CLOSED  · signal     · BANK-USD · brk ▼ 70 · 15m
04:12 KSA · CLOSED  · signal     · TON-USD · brk ▼ 61 · 15m
04:12 KSA · CLOSED  · signal     · SENT-USD · orb ▼ 70 · 15m
04:12 KSA · CLOSED  · signal     · SENT-USD · brk ▼ 59 · 15m
04:12 KSA · CLOSED  · signal     · PENGU-USD · orb ▼ 85 · 15m
04:12 KSA · CLOSED  · signal     · PENGU-USD · brk ▼ 64 · 15m
04:12 KSA · CLOSED  · signal     · WLFI-USD · orb ▼ 68 · 15m
04:12 KSA · CLOSED  · signal     · ASTER-USD · orb ▼ 65 · 15m
04:12 KSA · CLOSED  · signal     · ASTER-USD · brk ▼ 59 · 15m
04:14 KSA · CLOSED  · scanner    · بدء المسح · 1153 رمزاً · الجلسة CLOSED
04:14 KSA · CLOSED  · signal     · NEE · brk ▲ 77 · 15m
04:14 KSA · CLOSED  · signal     · NSC · brk ▲ 70 · 15m
04:14 KSA · CLOSED  · signal     · CAKE-USD · vwapRec ▲ 85 · 15m
04:14 KSA · CLOSED  · signal     · SUI-USD · vwapRec ▲ 65 · 15m
04:14 KSA · CLOSED  · signal     · SUI-USD · brk ▲ 100 · 15m
04:14 KSA · CLOSED  · signal     · SUI-USD · meanRev ▼ 88 · 15m
04:14 KSA · CLOSED  · signal     · THE-USD · orb ▲ 55 · 15m
04:14 KSA · CLOSED  · signal     · ARB-USD · vwapRec ▲ 55 · 15m
04:14 KSA · CLOSED  · signal     · SENT-USD · vwapRec ▲ 73 · 15m
04:14 KSA · CLOSED  · signal     · ASTER-USD · vwapRec ▲ 70 · 15m
04:14 KSA · CLOSED  · signal     · APT-USD · orb ▲ 83 · 15m
04:14 KSA · CLOSED  · signal     · APT-USD · brk ▲ 86 · 15m
04:14 KSA · CLOSED  · signal     · OXY · brk ▲ 82 · 1d
04:14 KSA · CLOSED  · signal     · APA · brk ▲ 89 · 1d
04:14 KSA · CLOSED  · signal     · PERP-USD · brk ▼ 68 · 1d
04:14 KSA · CLOSED  · signal     · MMT-USD · brk ▼ 87 · 1d
04:16 KSA · CLOSED  · scanner    · بدء المسح · 1153 رمزاً · الجلسة CLOSED
04:18 KSA · CLOSED  · scanner    · بدء المسح · 1153 رمزاً · الجلسة CLOSED
04:20 KSA · CLOSED  · scanner    · بدء المسح · 1153 رمزاً · الجلسة CLOSED
04:23 KSA · CLOSED  · scanner    · بدء المسح · 1153 رمزاً · الجلسة CLOSED
04:23 KSA · CLOSED  · signal     · LTC-USD · momo ▲ 92 · 1h
04:23 KSA · CLOSED  · signal     · PAXG-USD · volSpike ▼ 89 · 15m
04:23 KSA · CLOSED  · signal     · ENA-USD · momo ▲ 83 · 1h
04:23 KSA · CLOSED  · signal     · WLD-USD · momo ▲ 83 · 1h
04:23 KSA · CLOSED  · signal     · OP-USD · momo ▲ 69 · 1h
04:23 KSA · CLOSED  · signal     · IOTA-USD · momo ▲ 75 · 1h
04:23 KSA · CLOSED  · signal     · UNI-USD · vwapRec ▲ 78 · 15m
04:23 KSA · CLOSED  · signal     · SUI-USD · momo ▲ 75 · 1h
04:23 KSA · CLOSED  · signal     · U-USD · vwapRec ▲ 70 · 15m
04:23 KSA · CLOSED  · signal     · U-USD · momo ▲ 64 · 1h
04:23 KSA · CLOSED  · signal     · PEPE-USD · volSpike ▲ 100 · 15m
04:23 KSA · CLOSED  · signal     · TAO-USD · momo ▲ 83 · 1h
04:23 KSA · CLOSED  · signal     · TRUMP-USD · brk ▲ 70 · 15m
04:23 KSA · CLOSED  · signal     · HOLO-USD · momo ▲ 69 · 1h
04:25 KSA · CLOSED  · scanner    · بدء المسح · 1153 رمزاً · الجلسة CLOSED
04:26 KSA · CLOSED  · scanner    · بدء المسح · 1153 رمزاً · الجلسة CLOSED
04:27 KSA · CLOSED  · scanner    · بدء المسح · 1153 رمزاً · الجلسة CLOSED
04:28 KSA · CLOSED  · scanner    · بدء المسح · 1153 رمزاً · الجلسة CLOSED
04:30 KSA · CLOSED  · scanner    · بدء المسح · 1153 رمزاً · الجلسة CLOSED
04:32 KSA · CLOSED  · scanner    · بدء المسح · 1153 رمزاً · الجلسة CLOSED
04:32 KSA · CLOSED  · signal     · SOL-USD · orb ▲ 83 · 15m
04:32 KSA · CLOSED  · signal     · SOL-USD · brk ▲ 68 · 15m
04:32 KSA · CLOSED  · signal     · CVC-USD · volSpike ▼ 83 · 15m
04:32 KSA · CLOSED  · signal     · SNXXB-USD · brk ▼ 70 · 15m
04:32 KSA · CLOSED  · signal     · U-USD · rsiDiv ▼ 72 · 15m
04:32 KSA · CLOSED  · signal     · U-USD · volSpike ▲ 78 · 15m
04:32 KSA · CLOSED  · signal     · HOLO-USD · orb ▲ 80 · 15m
04:32 KSA · CLOSED  · signal     · HOLO-USD · volSpike ▲ 67 · 15m
04:32 KSA · CLOSED  · signal     · BANK-USD · vwapRec ▼ 93 · 15m
04:32 KSA · CLOSED  · signal     · BANK-USD · rsiDiv ▼ 61 · 15m
04:32 KSA · CLOSED  · signal     · PENGU-USD · meanRev ▼ 85 · 15m
04:32 KSA · CLOSED  · signal     · PENGU-USD · volSpike ▲ 78 · 15m
04:32 KSA · CLOSED  · signal     · APT-USD · brk ▲ 84 · 15m
04:34 KSA · CLOSED  · scanner    · بدء المسح · 1153 رمزاً · الجلسة CLOSED
04:37 KSA · CLOSED  · scanner    · بدء المسح · 1153 رمزاً · الجلسة CLOSED
04:40 KSA · CLOSED  · scanner    · بدء المسح · 1153 رمزاً · الجلسة CLOSED
04:42 KSA · CLOSED  · scanner    · بدء المسح · 1153 رمزاً · الجلسة CLOSED
04:42 KSA · CLOSED  · signal     · INJ-USD · vwapRec ▼ 83 · 15m
04:44 KSA · CLOSED  · scanner    · بدء المسح · 1153 رمزاً · الجلسة CLOSED
04:46 KSA · CLOSED  · scanner    · بدء المسح · 1153 رمزاً · الجلسة CLOSED
04:48 KSA · CLOSED  · scanner    · بدء المسح · 1153 رمزاً · الجلسة CLOSED
04:50 KSA · CLOSED  · scanner    · بدء المسح · 1153 رمزاً · الجلسة CLOSED
04:52 KSA · CLOSED  · scanner    · بدء المسح · 1153 رمزاً · الجلسة CLOSED
04:52 KSA · CLOSED  · signal     · XLM-USD · vwapRec ▲ 85 · 15m
04:52 KSA · CLOSED  · signal     · XAUT-USD · vwapRec ▼ 55 · 15m
04:52 KSA · CLOSED  · signal     · INJ-USD · orb ▲ 90 · 15m
04:52 KSA · CLOSED  · signal     · IOTA-USD · orb ▲ 90 · 15m
04:52 KSA · CLOSED  · signal     · VTHO-USD · orb ▼ 80 · 15m
04:52 KSA · CLOSED  · signal     · REZ-USD · brk ▲ 82 · 15m
04:52 KSA · CLOSED  · signal     · TAO-USD · vwapRec ▲ 68 · 15m
04:52 KSA · CLOSED  · signal     · TAO-USD · brk ▲ 70 · 15m
04:52 KSA · CLOSED  · signal     · THE-USD · orb ▲ 78 · 15m
04:52 KSA · CLOSED  · signal     · ARB-USD · vwapRec ▲ 65 · 15m
04:52 KSA · CLOSED  · signal     · ARB-USD · brk ▲ 93 · 15m
04:52 KSA · CLOSED  · signal     · HOLO-USD · brk ▲ 64 · 15m
04:52 KSA · CLOSED  · signal     · SENT-USD · orb ▲ 88 · 15m
04:52 KSA · CLOSED  · signal     · SENT-USD · vwapRec ▲ 55 · 15m
04:52 KSA · CLOSED  · signal     · WLFI-USD · volSpike ▲ 67 · 15m
04:52 KSA · CLOSED  · signal     · ASTER-USD · vwapRec ▲ 70 · 15m
04:54 KSA · CLOSED  · scanner    · بدء المسح · 1153 رمزاً · الجلسة CLOSED
04:56 KSA · CLOSED  · scanner    · بدء المسح · 1153 رمزاً · الجلسة CLOSED
04:58 KSA · CLOSED  · scanner    · بدء المسح · 1153 رمزاً · الجلسة CLOSED
05:00 KSA · CLOSED  · scanner    · بدء المسح · 1153 رمزاً · الجلسة CLOSED
05:02 KSA · CLOSED  · scanner    · بدء المسح · 1153 رمزاً · الجلسة CLOSED
05:02 KSA · CLOSED  · signal     · ADA-USD · meanRev ▼ 88 · 15m
05:02 KSA · CLOSED  · signal     · ADA-USD · volSpike ▲ 78 · 15m
05:02 KSA · CLOSED  · signal     · XLM-USD · orb ▲ 95 · 15m
05:02 KSA · CLOSED  · signal     · BCH-USD · orb ▲ 83 · 15m
05:02 KSA · CLOSED  · signal     · AAVE-USD · meanRev ▼ 60 · 15m
05:02 KSA · CLOSED  · signal     · AAVE-USD · volSpike ▲ 72 · 15m
05:02 KSA · CLOSED  · signal     · WLD-USD · volSpike ▲ 78 · 15m
05:02 KSA · CLOSED  · signal     · CAKE-USD · orb ▲ 100 · 15m
05:02 KSA · CLOSED  · signal     · XPL-USD · orb ▲ 70 · 15m
05:02 KSA · CLOSED  · signal     · OP-USD · meanRev ▼ 75 · 15m
05:02 KSA · CLOSED  · signal     · UNI-USD · orb ▲ 100 · 15m
05:02 KSA · CLOSED  · signal     · UNI-USD · brk ▲ 95 · 15m
05:02 KSA · CLOSED  · signal     · UNI-USD · meanRev ▼ 60 · 15m
05:02 KSA · CLOSED  · signal     · UNI-USD · volSpike ▲ 72 · 15m
05:02 KSA · CLOSED  · signal     · SUI-USD · brk ▲ 89 · 15m
05:02 KSA · CLOSED  · signal     · TAO-USD · volSpike ▲ 67 · 15m
05:02 KSA · CLOSED  · signal     · EUR-USD · brk ▲ 68 · 15m
05:02 KSA · CLOSED  · signal     · BANK-USD · orb ▲ 70 · 15m
05:02 KSA · CLOSED  · signal     · PENGU-USD · meanRev ▼ 88 · 15m
05:02 KSA · CLOSED  · signal     · PENGU-USD · volSpike ▲ 61 · 15m
05:04 KSA · CLOSED  · scanner    · بدء المسح · 1153 رمزاً · الجلسة CLOSED
05:07 KSA · CLOSED  · scanner    · بدء المسح · 1153 رمزاً · الجلسة CLOSED
05:08 KSA · CLOSED  · scanner    · بدء المسح · 1153 رمزاً · الجلسة CLOSED
05:10 KSA · CLOSED  · scanner    · بدء المسح · 1153 رمزاً · الجلسة CLOSED
05:12 KSA · CLOSED  · scanner    · بدء المسح · 1153 رمزاً · الجلسة CLOSED
05:14 KSA · CLOSED  · scanner    · بدء المسح · 1153 رمزاً · الجلسة CLOSED
05:16 KSA · CLOSED  · scanner    · بدء المسح · 1153 رمزاً · الجلسة CLOSED
05:18 KSA · CLOSED  · scanner    · بدء المسح · 1153 رمزاً · الجلسة CLOSED
05:20 KSA · CLOSED  · scanner    · بدء المسح · 1153 رمزاً · الجلسة CLOSED
05:23 KSA · CLOSED  · scanner    · بدء المسح · 1153 رمزاً · الجلسة CLOSED
05:23 KSA · CLOSED  · signal     · SOL-USD · momo ▲ 83 · 1h
05:23 KSA · CLOSED  · signal     · PENDLE-USD · brk ▲ 100 · 15m
05:23 KSA · CLOSED  · signal     · PENDLE-USD · momo ▲ 83 · 1h
05:23 KSA · CLOSED  · signal     · VTHO-USD · pbTrend ▲ 55 · 1h
05:23 KSA · CLOSED  · signal     · MSTRB-USD · momo ▲ 69 · 1h
05:23 KSA · CLOSED  · signal     · UNI-USD · volSpike ▼ 78 · 15m
05:23 KSA · CLOSED  · signal     · PUMP-USD · rsiDiv ▼ 78 · 1h
05:23 KSA · CLOSED  · signal     · PENGU-USD · momo ▲ 64 · 1h
05:23 KSA · CLOSED  · signal     · ASTER-USD · vwapRec ▼ 75 · 15m
05:25 KSA · CLOSED  · scanner    · بدء المسح · 1153 رمزاً · الجلسة CLOSED
05:26 KSA · CLOSED  · scanner    · بدء المسح · 1153 رمزاً · الجلسة CLOSED
05:28 KSA · CLOSED  · scanner    · بدء المسح · 1153 رمزاً · الجلسة CLOSED
05:30 KSA · CLOSED  · scanner    · بدء المسح · 1153 رمزاً · الجلسة CLOSED
05:33 KSA · CLOSED  · scanner    · بدء المسح · 1153 رمزاً · الجلسة CLOSED
05:33 KSA · CLOSED  · signal     · BTC-USD · brk ▲ 77 · 15m
05:33 KSA · CLOSED  · signal     · BNB-USD · meanRev ▼ 60 · 15m
05:33 KSA · CLOSED  · signal     · ADA-USD · meanRev ▼ 75 · 15m
05:33 KSA · CLOSED  · signal     · INJ-USD · rsiDiv ▼ 78 · 15m
05:33 KSA · CLOSED  · signal     · CRCLB-USD · orb ▲ 73 · 15m
05:33 KSA · CLOSED  · signal     · REZ-USD · volSpike ▲ 94 · 15m
05:33 KSA · CLOSED  · signal     · HEMI-USD · orb ▲ 85 · 15m
05:33 KSA · CLOSED  · signal     · 牛来-USD · vwapRec ▲ 67 · 15m
05:33 KSA · CLOSED  · signal     · THE-USD · brk ▲ 77 · 15m
05:33 KSA · CLOSED  · signal     · HOLO-USD · volSpike ▼ 89 · 15m
05:33 KSA · CLOSED  · signal     · BANK-USD · orb ▲ 85 · 15m
05:33 KSA · CLOSED  · signal     · BANK-USD · brk ▲ 89 · 15m
05:34 KSA · CLOSED  · scanner    · بدء المسح · 1153 رمزاً · الجلسة CLOSED
05:37 KSA · CLOSED  · scanner    · بدء المسح · 1153 رمزاً · الجلسة CLOSED
05:40 KSA · CLOSED  · scanner    · بدء المسح · 1153 رمزاً · الجلسة CLOSED
05:42 KSA · CLOSED  · scanner    · بدء المسح · 1153 رمزاً · الجلسة CLOSED
05:44 KSA · CLOSED  · scanner    · بدء المسح · 1153 رمزاً · الجلسة CLOSED
05:46 KSA · CLOSED  · scanner    · بدء المسح · 1153 رمزاً · الجلسة CLOSED
05:48 KSA · CLOSED  · scanner    · بدء المسح · 1153 رمزاً · الجلسة CLOSED
05:50 KSA · CLOSED  · scanner    · بدء المسح · 1153 رمزاً · الجلسة CLOSED
05:52 KSA · CLOSED  · scanner    · بدء المسح · 1153 رمزاً · الجلسة CLOSED
05:52 KSA · CLOSED  · signal     · BNB-USD · volSpike ▼ 78 · 15m
05:52 KSA · CLOSED  · signal     · HBAR-USD · volSpike ▲ 61 · 15m
05:52 KSA · CLOSED  · signal     · HEMI-USD · volSpike ▲ 78 · 15m
05:52 KSA · CLOSED  · signal     · UNI-USD · orb ▲ 83 · 15m
05:52 KSA · CLOSED  · signal     · U-USD · vwapRec ▲ 63 · 15m
05:52 KSA · CLOSED  · signal     · WLFI-USD · orb ▲ 90 · 15m
05:54 KSA · CLOSED  · scanner    · بدء المسح · 1153 رمزاً · الجلسة CLOSED
05:56 KSA · CLOSED  · scanner    · بدء المسح · 1153 رمزاً · الجلسة CLOSED
05:58 KSA · CLOSED  · scanner    · بدء المسح · 1153 رمزاً · الجلسة CLOSED
06:00 KSA · CLOSED  · scanner    · بدء المسح · 1153 رمزاً · الجلسة CLOSED
06:03 KSA · CLOSED  · scanner    · بدء المسح · 1153 رمزاً · الجلسة CLOSED
06:03 KSA · CLOSED  · signal     · LINK-USD · brk ▲ 82 · 15m
06:03 KSA · CLOSED  · signal     · NEAR-USD · brk ▲ 82 · 15m
06:03 KSA · CLOSED  · signal     · OP-USD · brk ▲ 89 · 15m
06:03 KSA · CLOSED  · signal     · MARSCOIN-USD · orb ▲ 81 · 15m
06:03 KSA · CLOSED  · signal     · TAO-USD · brk ▲ 95 · 15m
06:03 KSA · CLOSED  · signal     · PUMP-USD · orb ▲ 100 · 15m
06:03 KSA · CLOSED  · signal     · BANK-USD · vwapRec ▼ 93 · 15m
06:03 KSA · CLOSED  · signal     · PENGU-USD · brk ▲ 68 · 15m
06:03 KSA · CLOSED  · signal     · ASTER-USD · vwapRec ▲ 70 · 15m
06:04 KSA · CLOSED  · scanner    · بدء المسح · 1153 رمزاً · الجلسة CLOSED
06:07 KSA · CLOSED  · scanner    · بدء المسح · 1153 رمزاً · الجلسة CLOSED
06:08 KSA · CLOSED  · scanner    · بدء المسح · 1153 رمزاً · الجلسة CLOSED
06:10 KSA · CLOSED  · scanner    · بدء المسح · 1153 رمزاً · الجلسة CLOSED
06:12 KSA · CLOSED  · scanner    · بدء المسح · 1153 رمزاً · الجلسة CLOSED
06:12 KSA · CLOSED  · signal     · OP-USD · vwapRec ▲ 55 · 15m
06:12 KSA · CLOSED  · signal     · MSTRB-USD · vwapRec ▲ 60 · 15m
06:14 KSA · CLOSED  · scanner    · بدء المسح · 1153 رمزاً · الجلسة CLOSED
06:16 KSA · CLOSED  · scanner    · بدء المسح · 1153 رمزاً · الجلسة CLOSED
06:18 KSA · CLOSED  · scanner    · بدء المسح · 1153 رمزاً · الجلسة CLOSED
06:20 KSA · CLOSED  · scanner    · بدء المسح · 1153 رمزاً · الجلسة CLOSED
06:23 KSA · CLOSED  · scanner    · بدء المسح · 1153 رمزاً · الجلسة CLOSED
06:23 KSA · CLOSED  · signal     · BTC-USD · tfAlign ▲ 66 · 1d
06:23 KSA · CLOSED  · signal     · LINK-USD · tfAlign ▲ 87 · 1d
06:23 KSA · CLOSED  · signal     · XLM-USD · meanRev ▼ 73 · 15m
06:23 KSA · CLOSED  · signal     · GRAM-USD · brk ▲ 95 · 15m
06:23 KSA · CLOSED  · signal     · GRAM-USD · volSpike ▲ 72 · 15m
06:23 KSA · CLOSED  · signal     · HBAR-USD · momo ▲ 69 · 1h
06:23 KSA · CLOSED  · signal     · AAVE-USD · momo ▲ 92 · 1h
06:23 KSA · CLOSED  · signal     · ICP-USD · volSpike ▲ 94 · 15m
06:23 KSA · CLOSED  · signal     · INJ-USD · brk ▲ 93 · 15m
06:23 KSA · CLOSED  · signal     · INJ-USD · meanRev ▼ 57 · 15m
06:23 KSA · CLOSED  · signal     · INJ-USD · volSpike ▲ 89 · 15m
06:23 KSA · CLOSED  · signal     · OP-USD · meanRev ▼ 75 · 15m
06:23 KSA · CLOSED  · signal     · OP-USD · volSpike ▲ 78 · 15m
06:23 KSA · CLOSED  · signal     · IOTA-USD · brk ▲ 91 · 15m
06:23 KSA · CLOSED  · signal     · IOTA-USD · volSpike ▲ 67 · 15m
06:23 KSA · CLOSED  · signal     · SOXLB-USD · orb ▲ 90 · 15m
06:23 KSA · CLOSED  · signal     · UNI-USD · orb ▲ 93 · 15m
06:23 KSA · CLOSED  · signal     · UNI-USD · vwapRec ▲ 65 · 15m
06:23 KSA · CLOSED  · signal     · UNI-USD · brk ▲ 95 · 15m
06:23 KSA · CLOSED  · signal     · UNI-USD · momo ▲ 92 · 1h
06:23 KSA · CLOSED  · signal     · SUI-USD · brk ▲ 82 · 15m
06:23 KSA · CLOSED  · signal     · U-USD · vwapRec ▼ 60 · 15m
06:23 KSA · CLOSED  · signal     · U-USD · volSpike ▼ 89 · 15m
06:23 KSA · CLOSED  · signal     · U-USD · momo ▲ 72 · 1h
06:23 KSA · CLOSED  · signal     · 牛来-USD · brk ▲ 59 · 15m
06:23 KSA · CLOSED  · signal     · PEPE-USD · volSpike ▲ 89 · 15m
06:23 KSA · CLOSED  · signal     · PEPE-USD · momo ▲ 83 · 1h
06:23 KSA · CLOSED  · signal     · BANK-USD · pbTrend ▼ 64 · 1h
06:23 KSA · CLOSED  · signal     · WLFI-USD · momo ▲ 61 · 1h
06:23 KSA · CLOSED  · signal     · ASTER-USD · orb ▲ 100 · 15m
06:23 KSA · CLOSED  · signal     · ASTER-USD · brk ▲ 100 · 15m
06:23 KSA · CLOSED  · signal     · ASTER-USD · volSpike ▲ 89 · 15m
06:24 KSA · CLOSED  · scanner    · بدء المسح · 1153 رمزاً · الجلسة CLOSED
06:26 KSA · CLOSED  · scanner    · بدء المسح · 1153 رمزاً · الجلسة CLOSED
06:28 KSA · CLOSED  · scanner    · بدء المسح · 1153 رمزاً · الجلسة CLOSED
06:30 KSA · CLOSED  · scanner    · بدء المسح · 1153 رمزاً · الجلسة CLOSED
06:32 KSA · CLOSED  · scanner    · بدء المسح · 1153 رمزاً · الجلسة CLOSED
06:32 KSA · CLOSED  · signal     · XRP-USD · meanRev ▼ 88 · 15m
06:32 KSA · CLOSED  · signal     · DOGE-USD · meanRev ▼ 75 · 15m
06:32 KSA · CLOSED  · signal     · LINK-USD · volSpike ▲ 67 · 15m
06:32 KSA · CLOSED  · signal     · AAVE-USD · meanRev ▼ 60 · 15m
06:32 KSA · CLOSED  · signal     · MSTRB-USD · tfAlign ▲ 74 · 1d
06:32 KSA · CLOSED  · signal     · SNDKB-USD · orb ▲ 57 · 15m
06:32 KSA · CLOSED  · signal     · SNDKB-USD · brk ▲ 55 · 15m
06:32 KSA · CLOSED  · signal     · CVC-USD · volSpike ▲ 83 · 15m
06:32 KSA · CLOSED  · signal     · SNXXB-USD · orb ▲ 73 · 15m
06:32 KSA · CLOSED  · signal     · SNXXB-USD · brk ▲ 77 · 15m
06:32 KSA · CLOSED  · signal     · UNI-USD · meanRev ▼ 60 · 15m
06:32 KSA · CLOSED  · signal     · UNI-USD · volSpike ▲ 78 · 15m
06:32 KSA · CLOSED  · signal     · SUI-USD · volSpike ▲ 56 · 15m
06:32 KSA · CLOSED  · signal     · U-USD · vwapRec ▲ 85 · 15m
06:32 KSA · CLOSED  · signal     · TAO-USD · tfAlign ▲ 87 · 1d
06:32 KSA · CLOSED  · signal     · THE-USD · volSpike ▲ 61 · 15m
06:32 KSA · CLOSED  · signal     · HOLO-USD · brk ▲ 82 · 15m
06:34 KSA · CLOSED  · scanner    · بدء المسح · 1153 رمزاً · الجلسة CLOSED
06:37 KSA · CLOSED  · scanner    · بدء المسح · 1153 رمزاً · الجلسة CLOSED
06:40 KSA · CLOSED  · scanner    · بدء المسح · 1153 رمزاً · الجلسة CLOSED
06:42 KSA · CLOSED  · scanner    · بدء المسح · 1153 رمزاً · الجلسة CLOSED
06:42 KSA · CLOSED  · signal     · THE-USD · meanRev ▼ 75 · 15m
06:44 KSA · CLOSED  · scanner    · بدء المسح · 1153 رمزاً · الجلسة CLOSED
06:46 KSA · CLOSED  · scanner    · بدء المسح · 1153 رمزاً · الجلسة CLOSED
06:48 KSA · CLOSED  · scanner    · بدء المسح · 1153 رمزاً · الجلسة CLOSED
06:50 KSA · CLOSED  · scanner    · بدء المسح · 1153 رمزاً · الجلسة CLOSED
06:53 KSA · CLOSED  · scanner    · بدء المسح · 1153 رمزاً · الجلسة CLOSED
06:53 KSA · CLOSED  · signal     · DOGE-USD · volSpike ▲ 67 · 15m
06:53 KSA · CLOSED  · signal     · HBAR-USD · brk ▲ 95 · 15m
06:53 KSA · CLOSED  · signal     · WLD-USD · brk ▲ 91 · 15m
06:53 KSA · CLOSED  · signal     · REZ-USD · vwapRec ▲ 68 · 15m
06:53 KSA · CLOSED  · signal     · U-USD · vwapRec ▼ 60 · 15m
06:53 KSA · CLOSED  · signal     · THE-USD · volSpike ▼ 78 · 15m
06:53 KSA · CLOSED  · signal     · HOLO-USD · volSpike ▼ 100 · 15m
06:53 KSA · CLOSED  · signal     · BANK-USD · vwapRec ▲ 60 · 15m
06:53 KSA · CLOSED  · signal     · ASTER-USD · brk ▲ 100 · 15m
06:53 KSA · CLOSED  · signal     · ASTER-USD · volSpike ▲ 83 · 15m
06:54 KSA · CLOSED  · scanner    · بدء المسح · 1153 رمزاً · الجلسة CLOSED
06:56 KSA · CLOSED  · scanner    · بدء المسح · 1153 رمزاً · الجلسة CLOSED
06:58 KSA · CLOSED  · scanner    · بدء المسح · 1153 رمزاً · الجلسة CLOSED
07:00 KSA · CLOSED  · scanner    · بدء المسح · 1153 رمزاً · الجلسة CLOSED
07:02 KSA · CLOSED  · scanner    · بدء المسح · 1153 رمزاً · الجلسة CLOSED
07:02 KSA · CLOSED  · signal     · DOGE-USD · brk ▲ 95 · 15m
07:02 KSA · CLOSED  · signal     · ONDO-USD · rsiDiv ▼ 100 · 15m
07:02 KSA · CLOSED  · signal     · MUB-USD · orb ▲ 100 · 15m
07:02 KSA · CLOSED  · signal     · UNI-USD · volSpike ▼ 89 · 15m
07:02 KSA · CLOSED  · signal     · SUI-USD · brk ▲ 91 · 15m
07:02 KSA · CLOSED  · signal     · THE-USD · volSpike ▲ 56 · 15m
07:02 KSA · CLOSED  · signal     · PUMP-USD · rsiDiv ▼ 83 · 15m
07:02 KSA · CLOSED  · signal     · BANK-USD · vwapRec ▼ 78 · 15m
07:02 KSA · CLOSED  · signal     · WLFI-USD · brk ▲ 95 · 15m
07:02 KSA · CLOSED  · signal     · ASTER-USD · volSpike ▼ 89 · 15m
07:04 KSA · CLOSED  · scanner    · بدء المسح · 1153 رمزاً · الجلسة CLOSED
07:07 KSA · CLOSED  · scanner    · بدء المسح · 1153 رمزاً · الجلسة CLOSED
07:08 KSA · CLOSED  · scanner    · بدء المسح · 1153 رمزاً · الجلسة CLOSED
07:10 KSA · CLOSED  · scanner    · بدء المسح · 1153 رمزاً · الجلسة CLOSED
07:12 KSA · CLOSED  · scanner    · بدء المسح · 1153 رمزاً · الجلسة CLOSED
07:12 KSA · CLOSED  · signal     · DOGE-USD · meanRev ▼ 75 · 15m
07:14 KSA · CLOSED  · scanner    · بدء المسح · 1153 رمزاً · الجلسة CLOSED
07:16 KSA · CLOSED  · scanner    · بدء المسح · 1153 رمزاً · الجلسة CLOSED
07:18 KSA · CLOSED  · scanner    · بدء المسح · 1153 رمزاً · الجلسة CLOSED
07:20 KSA · CLOSED  · scanner    · بدء المسح · 1153 رمزاً · الجلسة CLOSED
07:23 KSA · CLOSED  · scanner    · بدء المسح · 1153 رمزاً · الجلسة CLOSED
07:23 KSA · CLOSED  · signal     · GRAM-USD · pbTrend ▼ 64 · 1h
07:23 KSA · CLOSED  · signal     · INJ-USD · tfAlign ▲ 100 · 1d
07:23 KSA · CLOSED  · signal     · SPCXB-USD · orb ▲ 100 · 15m
07:23 KSA · CLOSED  · signal     · SPCXB-USD · brk ▲ 77 · 15m
07:23 KSA · CLOSED  · signal     · SNDKB-USD · meanRev ▼ 75 · 15m
07:23 KSA · CLOSED  · signal     · SNDKB-USD · momo ▲ 75 · 1h
07:23 KSA · CLOSED  · signal     · HEMI-USD · volSpike ▼ 78 · 15m
07:23 KSA · CLOSED  · signal     · SNXXB-USD · momo ▲ 67 · 1h
07:23 KSA · CLOSED  · signal     · U-USD · orb ▼ 80 · 15m
07:23 KSA · CLOSED  · signal     · THE-USD · volSpike ▼ 100 · 15m
07:23 KSA · CLOSED  · signal     · THE-USD · momo ▲ 67 · 1h
07:23 KSA · CLOSED  · signal     · PUMP-USD · volSpike ▼ 63 · 15m
07:23 KSA · CLOSED  · signal     · HOLO-USD · pbTrend ▼ 64 · 1h
07:23 KSA · CLOSED  · signal     · BF-B · brk ▼ 66 · 1d
07:25 KSA · CLOSED  · scanner    · بدء المسح · 1153 رمزاً · الجلسة CLOSED
07:26 KSA · CLOSED  · scanner    · بدء المسح · 1153 رمزاً · الجلسة CLOSED
07:28 KSA · CLOSED  · scanner    · بدء المسح · 1153 رمزاً · الجلسة CLOSED
07:30 KSA · CLOSED  · scanner    · بدء المسح · 1153 رمزاً · الجلسة CLOSED
07:32 KSA · CLOSED  · scanner    · بدء المسح · 1153 رمزاً · الجلسة CLOSED
07:32 KSA · CLOSED  · signal     · ADA-USD · vwapRec ▲ 68 · 15m
07:32 KSA · CLOSED  · signal     · ENA-USD · vwapRec ▲ 85 · 15m
07:32 KSA · CLOSED  · signal     · FIL-USD · rsiDiv ▼ 67 · 15m
07:32 KSA · CLOSED  · signal     · SNXXB-USD · volSpike ▼ 100 · 15m
07:32 KSA · CLOSED  · signal     · HOLO-USD · volSpike ▼ 100 · 15m
07:32 KSA · CLOSED  · signal     · ASTER-USD · vwapRec ▼ 75 · 15m
07:34 KSA · CLOSED  · scanner    · بدء المسح · 1153 رمزاً · الجلسة CLOSED
07:37 KSA · CLOSED  · scanner    · بدء المسح · 1153 رمزاً · الجلسة CLOSED
07:38 KSA · CLOSED  · scanner    · بدء المسح · 1153 رمزاً · الجلسة CLOSED
07:40 KSA · CLOSED  · scanner    · بدء المسح · 1153 رمزاً · الجلسة CLOSED
07:43 KSA · CLOSED  · scanner    · بدء المسح · 1153 رمزاً · الجلسة CLOSED
07:43 KSA · CLOSED  · signal     · TAO-USD · momo ▲ 89 · 1h
07:43 KSA · CLOSED  · signal     · HOLO-USD · vwapRec ▲ 68 · 15m
07:43 KSA · CLOSED  · signal     · CLX · brk ▼ 71 · 1d
07:44 KSA · CLOSED  · scanner    · بدء المسح · 1153 رمزاً · الجلسة CLOSED
07:46 KSA · CLOSED  · scanner    · بدء المسح · 1153 رمزاً · الجلسة CLOSED
07:48 KSA · CLOSED  · scanner    · بدء المسح · 1153 رمزاً · الجلسة CLOSED
07:50 KSA · CLOSED  · scanner    · بدء المسح · 1153 رمزاً · الجلسة CLOSED
07:52 KSA · CLOSED  · scanner    · بدء المسح · 1153 رمزاً · الجلسة CLOSED
07:52 KSA · CLOSED  · signal     · AAVE-USD · rsiDiv ▼ 100 · 15m
07:52 KSA · CLOSED  · signal     · REZ-USD · vwapRec ▼ 75 · 15m
07:52 KSA · CLOSED  · signal     · HEMI-USD · orb ▼ 80 · 15m
07:52 KSA · CLOSED  · signal     · THE-USD · volSpike ▲ 72 · 15m
07:54 KSA · CLOSED  · scanner    · بدء المسح · 1153 رمزاً · الجلسة CLOSED
07:56 KSA · CLOSED  · scanner    · بدء المسح · 1153 رمزاً · الجلسة CLOSED
07:58 KSA · CLOSED  · scanner    · بدء المسح · 1153 رمزاً · الجلسة CLOSED
08:00 KSA · CLOSED  · scanner    · بدء المسح · 1153 رمزاً · الجلسة CLOSED
08:02 KSA · CLOSED  · scanner    · بدء المسح · 1153 رمزاً · الجلسة CLOSED
08:02 KSA · CLOSED  · signal     · DASH-USD · vwapRec ▲ 68 · 15m
08:02 KSA · CLOSED  · signal     · REZ-USD · vwapRec ▲ 55 · 15m
08:02 KSA · CLOSED  · signal     · TAO-USD · brk ▲ 91 · 15m
08:02 KSA · CLOSED  · signal     · PUMP-USD · brk ▲ 93 · 15m
08:02 KSA · CLOSED  · signal     · PUMP-USD · volSpike ▲ 94 · 15m
08:04 KSA · CLOSED  · scanner    · بدء المسح · 1153 رمزاً · الجلسة CLOSED
08:08 KSA · CLOSED  · scanner    · بدء المسح · 1153 رمزاً · الجلسة CLOSED
08:10 KSA · CLOSED  · scanner    · بدء المسح · 1153 رمزاً · الجلسة CLOSED
08:12 KSA · CLOSED  · scanner    · بدء المسح · 1153 رمزاً · الجلسة CLOSED
08:12 KSA · CLOSED  · signal     · T-USD · vwapRec ▲ 75 · 15m
08:12 KSA · CLOSED  · signal     · THE-USD · vwapRec ▲ 55 · 15m
08:14 KSA · CLOSED  · scanner    · بدء المسح · 1153 رمزاً · الجلسة CLOSED
08:16 KSA · CLOSED  · scanner    · بدء المسح · 1153 رمزاً · الجلسة CLOSED
08:18 KSA · CLOSED  · scanner    · بدء المسح · 1153 رمزاً · الجلسة CLOSED
08:20 KSA · CLOSED  · scanner    · بدء المسح · 1153 رمزاً · الجلسة CLOSED
08:23 KSA · CLOSED  · scanner    · بدء المسح · 1153 رمزاً · الجلسة CLOSED
08:23 KSA · CLOSED  · signal     · TAO-USD · volSpike ▼ 78 · 15m
08:23 KSA · CLOSED  · signal     · THE-USD · brk ▲ 93 · 15m
08:23 KSA · CLOSED  · signal     · TRUMP-USD · vwapRec ▲ 75 · 15m
08:23 KSA · CLOSED  · signal     · PENGU-USD · pbTrend ▼ 64 · 1h
08:23 KSA · CLOSED  · signal     · ASTER-USD · orb ▲ 85 · 15m
08:23 KSA · CLOSED  · signal     · ASTER-USD · vwapRec ▲ 78 · 15m
08:25 KSA · CLOSED  · scanner    · بدء المسح · 1153 رمزاً · الجلسة CLOSED
08:26 KSA · CLOSED  · scanner    · بدء المسح · 1153 رمزاً · الجلسة CLOSED
08:28 KSA · CLOSED  · scanner    · بدء المسح · 1153 رمزاً · الجلسة CLOSED
08:30 KSA · CLOSED  · scanner    · بدء المسح · 1153 رمزاً · الجلسة CLOSED
08:33 KSA · CLOSED  · scanner    · بدء المسح · 1153 رمزاً · الجلسة CLOSED
08:33 KSA · CLOSED  · signal     · SNXXB-USD · volSpike ▼ 89 · 15m
08:33 KSA · CLOSED  · signal     · U-USD · orb ▼ 80 · 15m
08:33 KSA · CLOSED  · signal     · U-USD · volSpike ▼ 78 · 15m
08:33 KSA · CLOSED  · signal     · ASTER-USD · vwapRec ▼ 75 · 15m
08:33 KSA · CLOSED  · signal     · ASTER-USD · volSpike ▼ 78 · 15m
08:34 KSA · CLOSED  · scanner    · بدء المسح · 1153 رمزاً · الجلسة CLOSED
08:39 KSA · CLOSED  · scanner    · بدء المسح · 1153 رمزاً · الجلسة CLOSED
08:40 KSA · CLOSED  · scanner    · بدء المسح · 1153 رمزاً · الجلسة CLOSED
08:43 KSA · CLOSED  · scanner    · بدء المسح · 1153 رمزاً · الجلسة CLOSED
08:43 KSA · CLOSED  · signal     · U-USD · tfAlign ▲ 68 · 1d
08:44 KSA · CLOSED  · scanner    · بدء المسح · 1153 رمزاً · الجلسة CLOSED
08:46 KSA · CLOSED  · scanner    · بدء المسح · 1153 رمزاً · الجلسة CLOSED
08:48 KSA · CLOSED  · scanner    · بدء المسح · 1153 رمزاً · الجلسة CLOSED
08:50 KSA · CLOSED  · scanner    · بدء المسح · 1153 رمزاً · الجلسة CLOSED
08:53 KSA · CLOSED  · scanner    · بدء المسح · 1153 رمزاً · الجلسة CLOSED
08:53 KSA · CLOSED  · signal     · HBAR-USD · vwapRec ▲ 83 · 15m
08:53 KSA · CLOSED  · signal     · CAKE-USD · rsiDiv ▼ 78 · 15m
08:53 KSA · CLOSED  · signal     · DASH-USD · rsiDiv ▼ 78 · 15m
08:53 KSA · CLOSED  · signal     · MUB-USD · brk ▲ 95 · 15m
08:53 KSA · CLOSED  · signal     · REZ-USD · rsiDiv ▼ 89 · 15m
08:53 KSA · CLOSED  · signal     · SOXLB-USD · brk ▲ 82 · 15m
08:53 KSA · CLOSED  · signal     · ASTER-USD · orb ▲ 65 · 15m
08:53 KSA · CLOSED  · signal     · APT-USD · vwapRec ▼ 85 · 15m
08:54 KSA · CLOSED  · scanner    · بدء المسح · 1153 رمزاً · الجلسة CLOSED
08:56 KSA · CLOSED  · scanner    · بدء المسح · 1153 رمزاً · الجلسة CLOSED
08:58 KSA · CLOSED  · scanner    · بدء المسح · 1153 رمزاً · الجلسة CLOSED
09:00 KSA · CLOSED  · scanner    · بدء المسح · 1153 رمزاً · الجلسة CLOSED
09:02 KSA · CLOSED  · scanner    · بدء المسح · 1153 رمزاً · الجلسة CLOSED
09:02 KSA · CLOSED  · signal     · MARSCOIN-USD · orb ▼ 75 · 15m
09:02 KSA · CLOSED  · signal     · U-USD · tfAlign ▲ 68 · 1d
09:02 KSA · CLOSED  · signal     · BANK-USD · vwapRec ▼ 78 · 15m
09:04 KSA · CLOSED  · scanner    · بدء المسح · 1153 رمزاً · الجلسة CLOSED
09:07 KSA · CLOSED  · scanner    · بدء المسح · 1153 رمزاً · الجلسة CLOSED
09:10 KSA · CLOSED  · scanner    · بدء المسح · 1153 رمزاً · الجلسة CLOSED
09:12 KSA · CLOSED  · scanner    · بدء المسح · 1153 رمزاً · الجلسة CLOSED
09:12 KSA · CLOSED  · signal     · DOGE-USD · momo ▲ 72 · 1h
09:14 KSA · CLOSED  · scanner    · بدء المسح · 1153 رمزاً · الجلسة CLOSED
09:16 KSA · CLOSED  · scanner    · بدء المسح · 1153 رمزاً · الجلسة CLOSED
09:18 KSA · CLOSED  · scanner    · بدء المسح · 1153 رمزاً · الجلسة CLOSED
09:20 KSA · CLOSED  · scanner    · بدء المسح · 1153 رمزاً · الجلسة CLOSED
09:23 KSA · CLOSED  · scanner    · بدء المسح · 1153 رمزاً · الجلسة CLOSED
09:23 KSA · CLOSED  · signal     · STX · rsiDiv ▼ 86 · 1h
09:23 KSA · CLOSED  · signal     · PAXG-USD · volSpike ▲ 83 · 15m
09:23 KSA · CLOSED  · signal     · FIL-USD · vwapRec ▲ 83 · 15m
09:23 KSA · CLOSED  · signal     · IOTA-USD · rsiDiv ▼ 67 · 15m
09:23 KSA · CLOSED  · signal     · ARK-USD · orb ▼ 90 · 15m
09:23 KSA · CLOSED  · signal     · PEPE-USD · rsiDiv ▼ 67 · 1h
09:23 KSA · CLOSED  · signal     · HOLO-USD · vwapRec ▲ 68 · 15m
09:23 KSA · CLOSED  · signal     · SENT-USD · brk ▲ 100 · 15m
09:23 KSA · CLOSED  · signal     · ASTER-USD · vwapRec ▲ 78 · 15m
09:25 KSA · CLOSED  · scanner    · بدء المسح · 1153 رمزاً · الجلسة CLOSED
09:26 KSA · CLOSED  · scanner    · بدء المسح · 1153 رمزاً · الجلسة CLOSED
09:48 KSA · CLOSED  · scanner    · بدء المسح · 1153 رمزاً · الجلسة CLOSED
09:51 KSA · CLOSED  · scanner    · بدء المسح · 1153 رمزاً · الجلسة CLOSED
09:51 KSA · CLOSED  · scanner    · بدء المسح · 1154 رمزاً · الجلسة CLOSED
09:51 KSA · CLOSED  · signal     · AZO · tfAlign ▼ 89 · 1d
09:51 KSA · CLOSED  · signal     · U-USD · orb ▼ 73 · 15m
09:51 KSA · CLOSED  · signal     · PENGU-USD · vwapRec ▲ 75 · 15m
09:51 KSA · CLOSED  · signal     · WLFI-USD · orb ▲ 65 · 15m
09:51 KSA · CLOSED  · signal     · APT-USD · vwapRec ▲ 60 · 15m
09:52 KSA · CLOSED  · signal     · EQT · meanRev ▲ 78 · 1d
09:52 KSA · CLOSED  · signal     · DOV · rsiDiv ▲ 83 · 1d
09:52 KSA · CLOSED  · signal     · EXE · meanRev ▲ 78 · 1d
09:52 KSA · CLOSED  · scanner    · بدء المسح · 1154 رمزاً · الجلسة CLOSED
09:54 KSA · CLOSED  · scanner    · بدء المسح · 1154 رمزاً · الجلسة CLOSED
09:56 KSA · CLOSED  · scanner    · بدء المسح · 1154 رمزاً · الجلسة CLOSED
09:58 KSA · CLOSED  · scanner    · بدء المسح · 1154 رمزاً · الجلسة CLOSED
10:00 KSA · CLOSED  · scanner    · بدء المسح · 1154 رمزاً · الجلسة CLOSED
10:03 KSA · CLOSED  · scanner    · بدء المسح · 1154 رمزاً · الجلسة CLOSED
10:03 KSA · CLOSED  · signal     · DOT-USD · tfAlign ▲ 87 · 1d
10:03 KSA · CLOSED  · signal     · COTI-USD · volSpike ▲ 89 · 1d
10:03 KSA · CLOSED  · signal     · SOLV-USD · volSpike ▼ 83 · 1d
10:03 KSA · CLOSED  · signal     · KORUB-USD · volSpike ▲ 78 · 1d
10:03 KSA · CLOSED  · signal     · SAGA-USD · volSpike ▲ 89 · 1d
10:03 KSA · CLOSED  · signal     · RED-USD · rsiDiv ▼ 61 · 1d
10:04 KSA · CLOSED  · scanner    · بدء المسح · 1154 رمزاً · الجلسة CLOSED
10:07 KSA · CLOSED  · scanner    · بدء المسح · 1154 رمزاً · الجلسة CLOSED
10:08 KSA · CLOSED  · scanner    · بدء المسح · 1154 رمزاً · الجلسة CLOSED
10:10 KSA · CLOSED  · scanner    · بدء المسح · 1154 رمزاً · الجلسة CLOSED
10:13 KSA · CLOSED  · scanner    · بدء المسح · 1154 رمزاً · الجلسة CLOSED
10:13 KSA · CLOSED  · signal     · XLM-USD · tfAlign ▲ 100 · 1d
10:13 KSA · CLOSED  · signal     · U-USD · tfAlign ▲ 74 · 1d
10:13 KSA · CLOSED  · signal     · GALA-USD · volSpike ▲ 67 · 1d
10:13 KSA · CLOSED  · signal     · SKY-USD · volSpike ▲ 67 · 1d
10:14 KSA · CLOSED  · scanner    · بدء المسح · 1154 رمزاً · الجلسة CLOSED
10:16 KSA · CLOSED  · scanner    · بدء المسح · 1154 رمزاً · الجلسة CLOSED
10:18 KSA · CLOSED  · scanner    · بدء المسح · 1154 رمزاً · الجلسة CLOSED
10:20 KSA · CLOSED  · scanner    · بدء المسح · 1154 رمزاً · الجلسة CLOSED
10:23 KSA · CLOSED  · scanner    · بدء المسح · 1154 رمزاً · الجلسة CLOSED
10:23 KSA · CLOSED  · signal     · BNB-USD · brk ▲ 61 · 15m
10:23 KSA · CLOSED  · signal     · XPL-USD · orb ▲ 90 · 15m
10:23 KSA · CLOSED  · signal     · T-USD · orb ▲ 80 · 15m
10:23 KSA · CLOSED  · signal     · HEMI-USD · momo ▼ 64 · 1h
10:23 KSA · CLOSED  · signal     · U-USD · pbTrend ▲ 69 · 1h
10:23 KSA · CLOSED  · signal     · TAO-USD · momo ▲ 89 · 1h
10:23 KSA · CLOSED  · signal     · EUR-USD · tfAlign ▼ 92 · 1d
10:23 KSA · CLOSED  · signal     · BANK-USD · vwapRec ▼ 78 · 15m
10:25 KSA · CLOSED  · scanner    · بدء المسح · 1154 رمزاً · الجلسة CLOSED
10:26 KSA · CLOSED  · scanner    · بدء المسح · 1154 رمزاً · الجلسة CLOSED
10:28 KSA · CLOSED  · scanner    · بدء المسح · 1154 رمزاً · الجلسة CLOSED
10:30 KSA · CLOSED  · scanner    · بدء المسح · 1154 رمزاً · الجلسة CLOSED
10:33 KSA · CLOSED  · scanner    · بدء المسح · 1154 رمزاً · الجلسة CLOSED
10:33 KSA · CLOSED  · signal     · BNB-USD · volSpike ▼ 78 · 15m
10:33 KSA · CLOSED  · signal     · CVC-USD · tfAlign ▲ 76 · 1d
10:33 KSA · CLOSED  · signal     · TAO-USD · brk ▲ 95 · 15m
10:33 KSA · CLOSED  · signal     · SENT-USD · tfAlign ▲ 87 · 1d
10:33 KSA · CLOSED  · signal     · WLFI-USD · orb ▲ 73 · 15m
10:33 KSA · CLOSED  · signal     · ZIL-USD · rsiDiv ▼ 67 · 1d
10:33 KSA · CLOSED  · signal     · AVA-USD · meanRev ▼ 60 · 1d
10:33 KSA · CLOSED  · signal     · AMDB-USD · brk ▲ 95 · 1d
10:34 KSA · CLOSED  · scanner    · بدء المسح · 1154 رمزاً · الجلسة CLOSED
10:38 KSA · CLOSED  · scanner    · بدء المسح · 1154 رمزاً · الجلسة CLOSED
10:40 KSA · CLOSED  · scanner    · بدء المسح · 1154 رمزاً · الجلسة CLOSED
10:43 KSA · CLOSED  · scanner    · بدء المسح · 1154 رمزاً · الجلسة CLOSED
10:43 KSA · CLOSED  · signal     · VTHO-USD · vwapRec ▼ 83 · 15m
10:43 KSA · CLOSED  · signal     · THE-USD · vwapRec ▲ 60 · 15m
10:43 KSA · CLOSED  · signal     · HEI-USD · volSpike ▲ 89 · 1d
10:44 KSA · CLOSED  · scanner    · بدء المسح · 1154 رمزاً · الجلسة CLOSED
10:46 KSA · CLOSED  · scanner    · بدء المسح · 1154 رمزاً · الجلسة CLOSED
10:48 KSA · CLOSED  · scanner    · بدء المسح · 1154 رمزاً · الجلسة CLOSED
10:50 KSA · CLOSED  · scanner    · بدء المسح · 1154 رمزاً · الجلسة CLOSED
10:53 KSA · CLOSED  · scanner    · بدء المسح · 1154 رمزاً · الجلسة CLOSED
10:53 KSA · CLOSED  · signal     · ETHFI-USD · brk ▲ 95 · 15m
10:53 KSA · CLOSED  · signal     · XPL-USD · brk ▲ 89 · 15m
10:53 KSA · CLOSED  · signal     · VTHO-USD · brk ▲ 89 · 15m
10:53 KSA · CLOSED  · signal     · BANK-USD · orb ▲ 73 · 15m
10:54 KSA · CLOSED  · scanner    · بدء المسح · 1154 رمزاً · الجلسة CLOSED
10:56 KSA · CLOSED  · scanner    · بدء المسح · 1154 رمزاً · الجلسة CLOSED
10:58 KSA · CLOSED  · scanner    · بدء المسح · 1154 رمزاً · الجلسة CLOSED
11:00 KSA · PRE     · scanner    · بدء المسح · 1154 رمزاً · الجلسة PRE
11:00 KSA · PRE     · signal     · AMZN · volSpike ▲ 61 · 15m · جلسة ممتدة
11:00 KSA · PRE     · signal     · BLK · brk ▼ 100 · 15m · جلسة ممتدة
11:00 KSA · PRE     · signal     · TJX · brk ▲ 55 · 15m · جلسة ممتدة
11:03 KSA · PRE     · scanner    · بدء المسح · 1154 رمزاً · الجلسة PRE
11:03 KSA · PRE     · signal     · GOOGL · brk ▲ 83 · 15m · جلسة ممتدة
11:03 KSA · PRE     · signal     · GOOGL · meanRev ▼ 57 · 15m · جلسة ممتدة
11:03 KSA · PRE     · signal     · GOOG · brk ▲ 83 · 15m · جلسة ممتدة
11:03 KSA · PRE     · signal     · GOOG · meanRev ▼ 57 · 15m · جلسة ممتدة
11:03 KSA · PRE     · signal     · AMAT · brk ▲ 75 · 15m · جلسة ممتدة
11:03 KSA · PRE     · signal     · ETH-USD · rsiDiv ▼ 78 · 15m
11:03 KSA · PRE     · signal     · BNB-USD · rsiDiv ▼ 89 · 15m
11:03 KSA · PRE     · signal     · ON · meanRev ▼ 70 · 15m · جلسة ممتدة
11:03 KSA · PRE     · signal     · SMCI · brk ▲ 56 · 15m · جلسة ممتدة
11:03 KSA · PRE     · signal     · GRAM-USD · momo ▲ 92 · 1h
11:03 KSA · PRE     · signal     · T-USD · volSpike ▼ 100 · 15m
11:03 KSA · PRE     · signal     · U-USD · orb ▼ 65 · 15m
11:03 KSA · PRE     · signal     · U-USD · tfAlign ▲ 100 · 1d
11:03 KSA · PRE     · signal     · ASTER-USD · vwapRec ▼ 60 · 15m
11:03 KSA · PRE     · signal     · KSM-USD · volSpike ▼ 78 · 1d
11:04 KSA · PRE     · scanner    · بدء المسح · 1154 رمزاً · الجلسة PRE
11:07 KSA · PRE     · scanner    · بدء المسح · 1154 رمزاً · الجلسة PRE
11:10 KSA · PRE     · scanner    · بدء المسح · 1154 رمزاً · الجلسة PRE
11:13 KSA · PRE     · scanner    · بدء المسح · 1154 رمزاً · الجلسة PRE
11:13 KSA · PRE     · signal     · KLAC · brk ▲ 78 · 15m · جلسة ممتدة
11:13 KSA · PRE     · signal     · NXPI · meanRev ▼ 73 · 15m · جلسة ممتدة
11:13 KSA · PRE     · signal     · MCHP · brk ▲ 72 · 15m · جلسة ممتدة
11:13 KSA · PRE     · signal     · INIT-USD · brk ▲ 100 · 1d
11:13 KSA · PRE     · signal     · GLMR-USD · volSpike ▼ 83 · 1d
11:13 KSA · PRE     · signal     · CRWVB-USD · volSpike ▼ 100 · 1d
11:13 KSA · PRE     · signal     · A-USD · volSpike ▲ 89 · 1d
11:13 KSA · PRE     · signal     · MMT-USD · volSpike ▲ 89 · 1d
11:14 KSA · PRE     · scanner    · بدء المسح · 1154 رمزاً · الجلسة PRE
11:16 KSA · PRE     · scanner    · بدء المسح · 1154 رمزاً · الجلسة PRE
11:18 KSA · PRE     · scanner    · بدء المسح · 1154 رمزاً · الجلسة PRE
11:20 KSA · PRE     · scanner    · بدء المسح · 1154 رمزاً · الجلسة PRE
11:24 KSA · PRE     · scanner    · بدء المسح · 1154 رمزاً · الجلسة PRE
11:24 KSA · PRE     · signal     · LRCX · brk ▲ 61 · 15m · جلسة ممتدة
11:24 KSA · PRE     · signal     · APH · brk ▲ 64 · 15m · جلسة ممتدة
11:24 KSA · PRE     · signal     · UBER · volSpike ▲ 89 · 15m · جلسة ممتدة
11:24 KSA · PRE     · signal     · GRAM-USD · tfAlign ▲ 76 · 1d
11:24 KSA · PRE     · signal     · DOT-USD · brk ▲ 86 · 15m
11:24 KSA · PRE     · signal     · LSK-USD · orb ▼ 80 · 15m
11:24 KSA · PRE     · signal     · LSK-USD · meanRev ▲ 78 · 15m
11:24 KSA · PRE     · signal     · VTHO-USD · momo ▲ 61 · 1h
11:24 KSA · PRE     · signal     · VTHO-USD · tfAlign ▲ 71 · 1d
11:24 KSA · PRE     · signal     · SNDKB-USD · rsiDiv ▼ 67 · 15m
11:24 KSA · PRE     · signal     · REZ-USD · vwapRec ▲ 85 · 15m
11:24 KSA · PRE     · signal     · ARK-USD · orb ▲ 70 · 15m
11:24 KSA · PRE     · signal     · U-USD · momo ▼ 56 · 1h
11:24 KSA · PRE     · signal     · PEPE-USD · volSpike ▼ 67 · 15m
11:24 KSA · PRE     · signal     · BANK-USD · vwapRec ▼ 78 · 15m
11:24 KSA · PRE     · signal     · WLFI-USD · brk ▼ 75 · 15m
11:24 KSA · PRE     · signal     · AMATB-USD · volSpike ▼ 78 · 1d
11:26 KSA · PRE     · scanner    · بدء المسح · 1154 رمزاً · الجلسة PRE
11:28 KSA · PRE     · scanner    · بدء المسح · 1154 رمزاً · الجلسة PRE
11:30 KSA · PRE     · scanner    · بدء المسح · 1154 رمزاً · الجلسة PRE
11:33 KSA · PRE     · scanner    · بدء المسح · 1154 رمزاً · الجلسة PRE
11:33 KSA · PRE     · signal     · META · volSpike ▲ 100 · 15m · جلسة ممتدة
11:33 KSA · PRE     · signal     · DELL · vwapRec ▲ 57 · 15m · جلسة ممتدة
11:33 KSA · PRE     · signal     · MRVL · vwapRec ▲ 59 · 15m · جلسة ممتدة
11:33 KSA · PRE     · signal     · TJX · vwapRec ▼ 63 · 15m · جلسة ممتدة
11:33 KSA · PRE     · signal     · FTNT · brk ▼ 69 · 15m · جلسة ممتدة
11:33 KSA · PRE     · signal     · APP · orb ▼ 100 · 15m · جلسة ممتدة
11:33 KSA · PRE     · signal     · ADBE · vwapRec ▼ 65 · 15m · جلسة ممتدة
11:33 KSA · PRE     · signal     · NXPI · meanRev ▼ 73 · 15m · جلسة ممتدة
11:33 KSA · PRE     · signal     · MSTRB-USD · brk ▲ 95 · 15m
11:33 KSA · PRE     · signal     · HEMI-USD · orb ▼ 90 · 15m
11:33 KSA · PRE     · signal     · SNXXB-USD · volSpike ▼ 83 · 15m
11:33 KSA · PRE     · signal     · 牛来-USD · rsiDiv ▼ 86 · 1h
11:33 KSA · PRE     · signal     · TAO-USD · brk ▲ 77 · 15m
11:33 KSA · PRE     · signal     · ASTER-USD · vwapRec ▲ 68 · 15m
11:33 KSA · PRE     · signal     · ASTER-USD · volSpike ▲ 89 · 15m
11:33 KSA · PRE     · signal     · GENIUS-USD · brk ▲ 84 · 1d
11:33 KSA · PRE     · signal     · WIN-USD · rsiDiv ▼ 83 · 1d
11:33 KSA · PRE     · signal     · BTTC-USD · rsiDiv ▼ 72 · 1d
11:34 KSA · PRE     · scanner    · بدء المسح · 1154 رمزاً · الجلسة PRE
11:38 KSA · PRE     · scanner    · بدء المسح · 1154 رمزاً · الجلسة PRE
11:40 KSA · PRE     · scanner    · بدء المسح · 1154 رمزاً · الجلسة PRE
11:43 KSA · PRE     · scanner    · بدء المسح · 1154 رمزاً · الجلسة PRE
11:43 KSA · PRE     · signal     · T · orb ▼ 94 · 15m · جلسة ممتدة
11:43 KSA · PRE     · signal     · ADBE · orb ▼ 100 · 15m · جلسة ممتدة
11:43 KSA · PRE     · signal     · CEG · orb ▲ 76 · 15m · جلسة ممتدة
11:43 KSA · PRE     · signal     · CMCSA · orb ▼ 76 · 15m · جلسة ممتدة
11:43 KSA · PRE     · signal     · DVN · brk ▲ 83 · 15m · جلسة ممتدة
11:43 KSA · PRE     · signal     · U-USD · tfAlign ▲ 63 · 1d
11:43 KSA · PRE     · signal     · HBAN · meanRev ▲ 57 · 1d · جلسة ممتدة
11:43 KSA · PRE     · signal     · HBAN · volSpike ▼ 89 · 1d · جلسة ممتدة
11:43 KSA · PRE     · signal     · FLNCB-USD · volSpike ▲ 89 · 1d
11:43 KSA · PRE     · signal     · QNTB-USD · meanRev ▼ 63 · 1d
11:43 KSA · PRE     · signal     · GSB-USD · volSpike ▲ 89 · 1d
11:44 KSA · PRE     · scanner    · بدء المسح · 1154 رمزاً · الجلسة PRE
11:46 KSA · PRE     · scanner    · بدء المسح · 1154 رمزاً · الجلسة PRE
11:48 KSA · PRE     · scanner    · بدء المسح · 1154 رمزاً · الجلسة PRE
11:50 KSA · PRE     · scanner    · بدء المسح · 1154 رمزاً · الجلسة PRE
11:53 KSA · PRE     · scanner    · بدء المسح · 1154 رمزاً · الجلسة PRE
11:53 KSA · PRE     · signal     · MSFT · vwapRec ▲ 74 · 15m · جلسة ممتدة
11:53 KSA · PRE     · signal     · COP · vwapRec ▲ 60 · 15m · جلسة ممتدة
11:53 KSA · PRE     · signal     · FTNT · orb ▲ 100 · 15m · جلسة ممتدة
11:53 KSA · PRE     · signal     · SHW · brk ▼ 75 · 15m · جلسة ممتدة
11:53 KSA · PRE     · signal     · NKE · orb ▼ 94 · 15m · جلسة ممتدة
11:53 KSA · PRE     · signal     · CIEN · orb ▲ 55 · 15m · جلسة ممتدة
11:53 KSA · PRE     · signal     · VST · orb ▲ 70 · 15m · جلسة ممتدة
11:53 KSA · PRE     · signal     · COIN · orb ▲ 88 · 15m · جلسة ممتدة
11:53 KSA · PRE     · signal     · MCHP · orb ▲ 76 · 15m · جلسة ممتدة
11:53 KSA · PRE     · signal     · ICP-USD · vwapRec ▲ 68 · 15m
11:53 KSA · PRE     · signal     · FET-USD · meanRev ▼ 68 · 15m
11:53 KSA · PRE     · signal     · BANK-USD · rsiDiv ▼ 61 · 15m
11:53 KSA · PRE     · signal     · ASTER-USD · volSpike ▼ 78 · 15m
11:53 KSA · PRE     · signal     · JBHT · volSpike ▼ 100 · 1d · جلسة ممتدة
11:53 KSA · PRE     · signal     · LEN · volSpike ▼ 83 · 1d · جلسة ممتدة
11:53 KSA · PRE     · signal     · KIM · meanRev ▲ 73 · 1d · جلسة ممتدة
11:53 KSA · PRE     · signal     · MAA · brk ▼ 84 · 1d · جلسة ممتدة
11:53 KSA · PRE     · signal     · LII · rsiDiv ▲ 83 · 1d · جلسة ممتدة
11:54 KSA · PRE     · scanner    · بدء المسح · 1154 رمزاً · الجلسة PRE
11:56 KSA · PRE     · scanner    · بدء المسح · 1154 رمزاً · الجلسة PRE
11:58 KSA · PRE     · scanner    · بدء المسح · 1154 رمزاً · الجلسة PRE
12:00 KSA · PRE     · scanner    · بدء المسح · 1154 رمزاً · الجلسة PRE
12:03 KSA · PRE     · scanner    · بدء المسح · 1154 رمزاً · الجلسة PRE
12:03 KSA · PRE     · signal     · BTC-USD · meanRev ▼ 60 · 15m
12:03 KSA · PRE     · signal     · QCOM · orb ▲ 75 · 15m · جلسة ممتدة
12:03 KSA · PRE     · signal     · UNP · brk ▲ 64 · 15m · جلسة ممتدة
12:03 KSA · PRE     · signal     · ACN · orb ▼ 62 · 15m · جلسة ممتدة
12:03 KSA · PRE     · signal     · HOOD · orb ▲ 100 · 15m · جلسة ممتدة
12:03 KSA · PRE     · signal     · AZO · brk ▲ 78 · 15m · جلسة ممتدة
12:03 KSA · PRE     · signal     · AZO · meanRev ▼ 70 · 15m · جلسة ممتدة
12:03 KSA · PRE     · signal     · LTC-USD · meanRev ▼ 68 · 15m
12:03 KSA · PRE     · signal     · INJ-USD · brk ▲ 84 · 15m
12:03 KSA · PRE     · signal     · INJ-USD · meanRev ▼ 60 · 15m
12:03 KSA · PRE     · signal     · FET-USD · tfAlign ▲ 87 · 1d
12:03 KSA · PRE     · signal     · CRCLB-USD · brk ▲ 93 · 15m
12:03 KSA · PRE     · signal     · U-USD · tfAlign ▲ 63 · 1d
12:03 KSA · PRE     · signal     · WLFI-USD · orb ▼ 90 · 15m
12:03 KSA · PRE     · signal     · WLFI-USD · volSpike ▼ 100 · 15m
12:03 KSA · PRE     · signal     · O · meanRev ▲ 73 · 1d · جلسة ممتدة
12:03 KSA · PRE     · signal     · RF · meanRev ▲ 78 · 1d · جلسة ممتدة
12:06 KSA · PRE     · scanner    · بدء المسح · 1154 رمزاً · الجلسة PRE
12:09 KSA · PRE     · scanner    · بدء المسح · 1154 رمزاً · الجلسة PRE
12:10 KSA · PRE     · scanner    · بدء المسح · 1154 رمزاً · الجلسة PRE
12:13 KSA · PRE     · scanner    · بدء المسح · 1154 رمزاً · الجلسة PRE
12:13 KSA · PRE     · signal     · UNH · vwapRec ▼ 59 · 15m · جلسة ممتدة
12:13 KSA · PRE     · signal     · NFLX · orb ▼ 82 · 15m · جلسة ممتدة
12:13 KSA · PRE     · signal     · PEP · vwapRec ▼ 59 · 15m · جلسة ممتدة
12:13 KSA · PRE     · signal     · USB · volSpike ▼ 72 · 1d · جلسة ممتدة
12:13 KSA · PRE     · signal     · WRB · volSpike ▼ 83 · 1d · جلسة ممتدة
12:13 KSA · PRE     · signal     · WY · volSpike ▼ 78 · 1d · جلسة ممتدة
12:15 KSA · PRE     · scanner    · بدء المسح · 1154 رمزاً · الجلسة PRE
12:16 KSA · PRE     · scanner    · بدء المسح · 1154 رمزاً · الجلسة PRE
12:18 KSA · PRE     · scanner    · بدء المسح · 1154 رمزاً · الجلسة PRE
12:20 KSA · PRE     · scanner    · بدء المسح · 1154 رمزاً · الجلسة PRE
12:23 KSA · PRE     · scanner    · بدء المسح · 1154 رمزاً · الجلسة PRE
12:23 KSA · PRE     · signal     · ETH-USD · brk ▲ 91 · 15m
12:23 KSA · PRE     · signal     · PANW · orb ▼ 68 · 15m · جلسة ممتدة
12:23 KSA · PRE     · signal     · PANW · meanRev ▲ 65 · 15m · جلسة ممتدة
12:23 KSA · PRE     · signal     · STX · vwapRec ▼ 71 · 15m · جلسة ممتدة
12:23 KSA · PRE     · signal     · HWM · meanRev ▼ 78 · 15m · جلسة ممتدة
12:23 KSA · PRE     · signal     · DDOG · orb ▲ 85 · 15m · جلسة ممتدة
12:23 KSA · PRE     · signal     · HONA · brk ▲ 64 · 15m · جلسة ممتدة
12:23 KSA · PRE     · signal     · TRX-USD · tfAlign ▲ 82 · 1d
12:23 KSA · PRE     · signal     · DOT-USD · volSpike ▼ 89 · 15m
12:23 KSA · PRE     · signal     · ETHFI-USD · momo ▲ 89 · 1h
12:23 KSA · PRE     · signal     · RAY-USD · volSpike ▲ 83 · 15m
12:23 KSA · PRE     · signal     · T-USD · volSpike ▼ 100 · 15m
12:23 KSA · PRE     · signal     · U-USD · vwapRec ▲ 78 · 15m
12:23 KSA · PRE     · signal     · U-USD · volSpike ▲ 89 · 15m
12:23 KSA · PRE     · signal     · EUR-USD · tfAlign ▼ 100 · 1d
12:23 KSA · PRE     · signal     · BANK-USD · orb ▲ 75 · 15m
12:23 KSA · PRE     · signal     · BANK-USD · brk ▲ 82 · 15m
12:23 KSA · PRE     · signal     · BANK-USD · meanRev ▼ 100 · 15m
12:23 KSA · PRE     · signal     · BANK-USD · volSpike ▲ 67 · 15m
12:23 KSA · PRE     · signal     · BANK-USD · momo ▲ 67 · 1h
12:23 KSA · PRE     · signal     · WLFI-USD · pbTrend ▲ 57 · 1h
12:25 KSA · PRE     · scanner    · بدء المسح · 1154 رمزاً · الجلسة PRE
12:26 KSA · PRE     · scanner    · بدء المسح · 1154 رمزاً · الجلسة PRE
12:28 KSA · PRE     · scanner    · بدء المسح · 1154 رمزاً · الجلسة PRE
12:30 KSA · PRE     · scanner    · بدء المسح · 1154 رمزاً · الجلسة PRE
12:32 KSA · PRE     · scanner    · بدء المسح · 1154 رمزاً · الجلسة PRE
12:32 KSA · PRE     · signal     · SCHW · orb ▲ 77 · 15m · جلسة ممتدة
12:32 KSA · PRE     · signal     · VRTX · brk ▲ 69 · 15m · جلسة ممتدة
12:32 KSA · PRE     · signal     · SPGI · vwapRec ▼ 55 · 15m · جلسة ممتدة
12:32 KSA · PRE     · signal     · ACN · brk ▼ 82 · 15m · جلسة ممتدة
12:33 KSA · PRE     · signal     · VTHO-USD · orb ▲ 93 · 15m
12:33 KSA · PRE     · signal     · BANK-USD · volSpike ▼ 100 · 15m
12:33 KSA · PRE     · signal     · WLFI-USD · orb ▼ 80 · 15m
12:33 KSA · PRE     · signal     · ASTER-USD · volSpike ▼ 78 · 15m
12:34 KSA · PRE     · scanner    · بدء المسح · 1154 رمزاً · الجلسة PRE
12:37 KSA · PRE     · scanner    · بدء المسح · 1154 رمزاً · الجلسة PRE
12:40 KSA · PRE     · scanner    · بدء المسح · 1154 رمزاً · الجلسة PRE
12:42 KSA · PRE     · scanner    · بدء المسح · 1154 رمزاً · الجلسة PRE
12:42 KSA · PRE     · signal     · DE · brk ▲ 94 · 15m · جلسة ممتدة
12:42 KSA · PRE     · signal     · COP · vwapRec ▲ 78 · 15m · جلسة ممتدة
12:42 KSA · PRE     · signal     · ISRG · orb ▼ 65 · 15m · جلسة ممتدة
12:42 KSA · PRE     · signal     · GLW · vwapRec ▼ 88 · 15m · جلسة ممتدة
12:42 KSA · PRE     · signal     · PH · meanRev ▼ 78 · 15m · جلسة ممتدة
12:42 KSA · PRE     · signal     · PENDLE-USD · vwapRec ▲ 93 · 15m
12:42 KSA · PRE     · signal     · MUB-USD · vwapRec ▲ 100 · 15m
12:44 KSA · PRE     · scanner    · بدء المسح · 1154 رمزاً · الجلسة PRE
12:46 KSA · PRE     · scanner    · بدء المسح · 1154 رمزاً · الجلسة PRE
12:48 KSA · PRE     · scanner    · بدء المسح · 1154 رمزاً · الجلسة PRE
12:50 KSA · PRE     · scanner    · بدء المسح · 1154 رمزاً · الجلسة PRE
12:52 KSA · PRE     · scanner    · بدء المسح · 1154 رمزاً · الجلسة PRE
12:52 KSA · PRE     · signal     · LRCX · vwapRec ▲ 59 · 15m · جلسة ممتدة
12:52 KSA · PRE     · signal     · AMAT · vwapRec ▼ 79 · 15m · جلسة ممتدة
12:52 KSA · PRE     · signal     · GS · vwapRec ▼ 82 · 15m · جلسة ممتدة
12:52 KSA · PRE     · signal     · PEP · orb ▼ 100 · 15m · جلسة ممتدة
12:52 KSA · PRE     · signal     · ACN · vwapRec ▲ 68 · 15m · جلسة ممتدة
12:52 KSA · PRE     · signal     · SYK · vwapRec ▼ 55 · 15m · جلسة ممتدة
12:52 KSA · PRE     · signal     · TER · orb ▲ 80 · 15m · جلسة ممتدة
12:52 KSA · PRE     · signal     · DOGE-USD · meanRev ▼ 75 · 15m
12:52 KSA · PRE     · signal     · ENA-USD · tfAlign ▲ 100 · 1d
12:52 KSA · PRE     · signal     · SUI-USD · brk ▲ 95 · 15m
12:52 KSA · PRE     · signal     · PENGU-USD · brk ▲ 100 · 15m
12:54 KSA · PRE     · scanner    · بدء المسح · 1154 رمزاً · الجلسة PRE
12:56 KSA · PRE     · scanner    · بدء المسح · 1154 رمزاً · الجلسة PRE
12:58 KSA · PRE     · scanner    · بدء المسح · 1154 رمزاً · الجلسة PRE
13:00 KSA · PRE     · scanner    · بدء المسح · 1154 رمزاً · الجلسة PRE
13:02 KSA · PRE     · scanner    · بدء المسح · 1154 رمزاً · الجلسة PRE
13:03 KSA · PRE     · signal     · ABT · orb ▲ 76 · 15m · جلسة ممتدة
13:03 KSA · PRE     · signal     · PFE · brk ▲ 81 · 15m · جلسة ممتدة
13:03 KSA · PRE     · signal     · TJX · vwapRec ▼ 82 · 15m · جلسة ممتدة
13:03 KSA · PRE     · signal     · SHW · orb ▼ 62 · 15m · جلسة ممتدة
13:03 KSA · PRE     · signal     · CDNS · brk ▲ 86 · 15m · جلسة ممتدة
13:03 KSA · PRE     · signal     · AON · orb ▼ 100 · 15m · جلسة ممتدة
13:03 KSA · PRE     · signal     · VST · vwapRec ▼ 91 · 15m · جلسة ممتدة
13:03 KSA · PRE     · signal     · SWKS · vwapRec ▼ 68 · 15m · جلسة ممتدة
13:03 KSA · PRE     · signal     · T-USD · vwapRec ▼ 85 · 15m
13:03 KSA · PRE     · signal     · UNI-USD · brk ▲ 84 · 15m
13:03 KSA · PRE     · signal     · SUI-USD · meanRev ▼ 75 · 15m
13:04 KSA · PRE     · scanner    · بدء المسح · 1154 رمزاً · الجلسة PRE
13:07 KSA · PRE     · scanner    · بدء المسح · 1154 رمزاً · الجلسة PRE
13:10 KSA · PRE     · scanner    · بدء المسح · 1154 رمزاً · الجلسة PRE
13:12 KSA · PRE     · scanner    · بدء المسح · 1154 رمزاً · الجلسة PRE
13:12 KSA · PRE     · signal     · JPM · meanRev ▲ 78 · 15m · جلسة ممتدة
13:12 KSA · PRE     · signal     · HD · brk ▼ 78 · 15m · جلسة ممتدة
13:12 KSA · PRE     · signal     · TXN · orb ▲ 85 · 15m · جلسة ممتدة
13:14 KSA · PRE     · scanner    · بدء المسح · 1154 رمزاً · الجلسة PRE
13:16 KSA · PRE     · scanner    · بدء المسح · 1154 رمزاً · الجلسة PRE
13:18 KSA · PRE     · scanner    · بدء المسح · 1154 رمزاً · الجلسة PRE
13:20 KSA · PRE     · scanner    · بدء المسح · 1154 رمزاً · الجلسة PRE
13:23 KSA · PRE     · scanner    · بدء المسح · 1154 رمزاً · الجلسة PRE
13:23 KSA · PRE     · signal     · LLY · orb ▼ 63 · 15m · جلسة ممتدة
13:23 KSA · PRE     · signal     · AMAT · vwapRec ▲ 56 · 15m · جلسة ممتدة
13:23 KSA · PRE     · signal     · TMO · vwapRec ▼ 60 · 15m · جلسة ممتدة
13:23 KSA · PRE     · signal     · TJX · vwapRec ▼ 74 · 15m · جلسة ممتدة
13:23 KSA · PRE     · signal     · VLO · orb ▲ 88 · 15m · جلسة ممتدة
13:23 KSA · PRE     · signal     · KVUE · brk ▲ 61 · 15m · جلسة ممتدة
13:23 KSA · PRE     · signal     · DASH-USD · pbTrend ▲ 86 · 1h
13:23 KSA · PRE     · signal     · QQQB-USD · tfAlign ▲ 84 · 1d
13:23 KSA · PRE     · signal     · UNI-USD · momo ▲ 89 · 1h
13:23 KSA · PRE     · signal     · U-USD · tfAlign ▲ 100 · 1d
13:23 KSA · PRE     · signal     · PEPE-USD · momo ▲ 83 · 1h
13:23 KSA · PRE     · signal     · PUMP-USD · rsiDiv ▼ 67 · 1h
13:23 KSA · PRE     · signal     · HOLO-USD · brk ▲ 89 · 15m
13:23 KSA · PRE     · signal     · HOLO-USD · momo ▲ 83 · 1h
13:23 KSA · PRE     · signal     · PENGU-USD · brk ▲ 86 · 15m
13:23 KSA · PRE     · signal     · PENGU-USD · momo ▲ 75 · 1h
13:25 KSA · PRE     · scanner    · بدء المسح · 1154 رمزاً · الجلسة PRE
13:26 KSA · PRE     · scanner    · بدء المسح · 1154 رمزاً · الجلسة PRE
13:29 KSA · PRE     · scanner    · بدء المسح · 1154 رمزاً · الجلسة PRE
13:30 KSA · PRE     · scanner    · بدء المسح · 1154 رمزاً · الجلسة PRE
13:33 KSA · PRE     · scanner    · بدء المسح · 1154 رمزاً · الجلسة PRE
13:33 KSA · PRE     · signal     · BAC · orb ▼ 80 · 15m · جلسة ممتدة
13:33 KSA · PRE     · signal     · PEP · brk ▼ 86 · 15m · جلسة ممتدة
13:33 KSA · PRE     · signal     · BX · orb ▼ 88 · 15m · جلسة ممتدة
13:33 KSA · PRE     · signal     · TER · vwapRec ▼ 79 · 15m · جلسة ممتدة
13:33 KSA · PRE     · signal     · DOGE-USD · meanRev ▼ 75 · 15m
13:33 KSA · PRE     · signal     · PAXG-USD · volSpike ▲ 89 · 15m
13:33 KSA · PRE     · signal     · CAKE-USD · rsiDiv ▼ 72 · 15m
13:33 KSA · PRE     · signal     · VTHO-USD · orb ▲ 100 · 15m
13:33 KSA · PRE     · signal     · UNI-USD · volSpike ▼ 78 · 15m
13:33 KSA · PRE     · signal     · SUI-USD · brk ▲ 95 · 15m
13:33 KSA · PRE     · signal     · U-USD · vwapRec ▲ 63 · 15m
13:33 KSA · PRE     · signal     · PEPE-USD · volSpike ▲ 78 · 15m
13:34 KSA · PRE     · scanner    · بدء المسح · 1154 رمزاً · الجلسة PRE
16:38 KSA · REGULAR · scanner    · بدء المسح · 1154 رمزاً · الجلسة REGULAR
16:38 KSA · REGULAR · signal     · DE · volSpike ▲ 83 · 15m
16:38 KSA · REGULAR · signal     · PEP · volSpike ▼ 83 · 15m
16:38 KSA · REGULAR · signal     · NEE · brk ▲ 77 · 15m
16:38 KSA · REGULAR · signal     · HWM · volSpike ▲ 67 · 15m
16:40 KSA · REGULAR · scanner    · بدء المسح · 1154 رمزاً · الجلسة REGULAR
16:44 KSA · REGULAR · scanner    · بدء المسح · 1154 رمزاً · الجلسة REGULAR
16:44 KSA · REGULAR · signal     · GOOGL · momo ▲ 89 · 1h
16:44 KSA · REGULAR · signal     · GOOG · momo ▲ 89 · 1h
16:44 KSA · REGULAR · signal     · AVGO · momo ▲ 81 · 1h
16:44 KSA · REGULAR · signal     · META · volSpike ▲ 100 · 15m
16:44 KSA · REGULAR · signal     · BTC-USD · momo ▲ 100 · 1h
16:44 KSA · REGULAR · signal     · JNJ · brk ▲ 89 · 15m
16:44 KSA · REGULAR · signal     · MA · volSpike ▼ 89 · 15m
16:44 KSA · REGULAR · signal     · ABBV · momo ▲ 83 · 1h
16:44 KSA · REGULAR · signal     · LRCX · pbTrend ▼ 76 · 1h
16:44 KSA · REGULAR · signal     · AMAT · pbTrend ▼ 71 · 1h
16:44 KSA · REGULAR · signal     · GE · volSpike ▼ 94 · 15m
16:44 KSA · REGULAR · signal     · PANW · pbTrend ▲ 81 · 1h
16:44 KSA · REGULAR · signal     · PANW · volSpike ▼ 83 · 15m
16:44 KSA · REGULAR · signal     · PANW · momo ▼ 72 · 1h
16:44 KSA · REGULAR · signal     · NFLX · volSpike ▼ 78 · 15m
16:44 KSA · REGULAR · signal     · NFLX · momo ▼ 89 · 1h
16:44 KSA · REGULAR · signal     · WFC · volSpike ▲ 100 · 15m
16:44 KSA · REGULAR · signal     · KLAC · pbTrend ▼ 76 · 1h
16:44 KSA · REGULAR · signal     · KLAC · momo ▲ 67 · 1h
16:44 KSA · REGULAR · signal     · IBM · momo ▼ 89 · 1h
16:44 KSA · REGULAR · signal     · LIN · volSpike ▲ 78 · 15m
16:44 KSA · REGULAR · signal     · CRM · volSpike ▼ 83 · 15m
16:44 KSA · REGULAR · signal     · APH · volSpike ▲ 100 · 15m
16:44 KSA · REGULAR · signal     · GILD · volSpike ▲ 89 · 15m
16:44 KSA · REGULAR · signal     · PEP · momo ▼ 89 · 1h
16:44 KSA · REGULAR · signal     · DIS · momo ▼ 83 · 1h
16:44 KSA · REGULAR · signal     · ADI · momo ▲ 81 · 1h
16:44 KSA · REGULAR · signal     · TMUS · volSpike ▼ 83 · 15m
16:44 KSA · REGULAR · signal     · MCD · brk ▼ 89 · 15m
16:44 KSA · REGULAR · signal     · ETN · volSpike ▼ 89 · 15m
16:44 KSA · REGULAR · signal     · ETN · tfAlign ▲ 89 · 1d
16:44 KSA · REGULAR · signal     · WDC · pbTrend ▼ 62 · 1h
16:44 KSA · REGULAR · signal     · ISRG · volSpike ▼ 94 · 15m
16:44 KSA · REGULAR · signal     · ISRG · momo ▲ 83 · 1h
16:44 KSA · REGULAR · signal     · TJX · volSpike ▲ 67 · 15m
16:44 KSA · REGULAR · signal     · GLW · momo ▲ 100 · 1h
16:44 KSA · REGULAR · signal     · CB · brk ▲ 82 · 15m
16:44 KSA · REGULAR · signal     · CB · volSpike ▲ 100 · 15m
16:44 KSA · REGULAR · signal     · CB · momo ▼ 69 · 1h
16:44 KSA · REGULAR · signal     · VRTX · volSpike ▲ 94 · 15m
16:44 KSA · REGULAR · signal     · FTNT · pbTrend ▲ 81 · 1h
16:44 KSA · REGULAR · signal     · FTNT · volSpike ▼ 83 · 15m
16:44 KSA · REGULAR · signal     · PGR · momo ▼ 89 · 1h
16:44 KSA · REGULAR · signal     · SPGI · brk ▼ 84 · 15m
16:44 KSA · REGULAR · signal     · SPGI · volSpike ▼ 94 · 15m
16:44 KSA · REGULAR · signal     · MDT · volSpike ▼ 89 · 15m
16:44 KSA · REGULAR · signal     · MDT · momo ▼ 72 · 1h
16:44 KSA · REGULAR · signal     · ACN · pbTrend ▲ 62 · 1h
16:44 KSA · REGULAR · signal     · ACN · momo ▼ 94 · 1h
16:44 KSA · REGULAR · signal     · ADP · momo ▼ 92 · 1h
16:44 KSA · REGULAR · signal     · SYK · volSpike ▼ 83 · 15m
16:44 KSA · REGULAR · signal     · HOOD · tfAlign ▲ 84 · 1d
16:44 KSA · REGULAR · signal     · ADBE · brk ▲ 86 · 15m
16:44 KSA · REGULAR · signal     · ADBE · volSpike ▲ 89 · 15m
16:44 KSA · REGULAR · signal     · ADBE · tfAlign ▼ 84 · 1d
16:44 KSA · REGULAR · signal     · PWR · pbTrend ▼ 67 · 1h
16:44 KSA · REGULAR · signal     · LITE · momo ▲ 92 · 1h
16:44 KSA · REGULAR · signal     · MDLZ · momo ▼ 67 · 1h
16:44 KSA · REGULAR · signal     · SNPS · volSpike ▲ 78 · 15m
16:44 KSA · REGULAR · signal     · NSC · volSpike ▼ 83 · 15m
16:44 KSA · REGULAR · signal     · HON · volSpike ▲ 78 · 15m
16:44 KSA · REGULAR · signal     · AON · volSpike ▼ 78 · 15m
16:44 KSA · REGULAR · signal     · COHR · momo ▲ 89 · 1h
16:44 KSA · REGULAR · signal     · COHR · tfAlign ▲ 79 · 1d
16:44 KSA · REGULAR · signal     · MPWR · volSpike ▲ 72 · 15m
16:44 KSA · REGULAR · signal     · MPWR · momo ▲ 78 · 1h
16:44 KSA · REGULAR · signal     · NXPI · volSpike ▲ 89 · 15m
16:44 KSA · REGULAR · signal     · CIEN · brk ▼ 82 · 15m
16:44 KSA · REGULAR · signal     · CIEN · pbTrend ▼ 60 · 1h
16:44 KSA · REGULAR · signal     · AZO · volSpike ▼ 72 · 15m
16:44 KSA · REGULAR · signal     · RDDT · volSpike ▼ 100 · 15m
16:44 KSA · REGULAR · signal     · ADA-USD · momo ▲ 67 · 1h
16:44 KSA · REGULAR · signal     · BCH-USD · momo ▲ 75 · 1h
16:44 KSA · REGULAR · signal     · NEAR-USD · momo ▲ 83 · 1h
16:44 KSA · REGULAR · signal     · ONDO-USD · momo ▲ 83 · 1h
16:44 KSA · REGULAR · signal     · ICP-USD · momo ▲ 92 · 1h
16:44 KSA · REGULAR · signal     · FIL-USD · tfAlign ▲ 87 · 1d
16:44 KSA · REGULAR · signal     · FET-USD · rsiDiv ▼ 78 · 1h
16:44 KSA · REGULAR · signal     · LSK-USD · orb ▲ 90 · 15m
16:44 KSA · REGULAR · signal     · CRCLB-USD · vwapRec ▲ 85 · 15m
16:44 KSA · REGULAR · signal     · SPCXB-USD · orb ▼ 60 · 15m
16:44 KSA · REGULAR · signal     · SPCXB-USD · momo ▼ 56 · 1h
16:44 KSA · REGULAR · signal     · T-USD · rsiDiv ▼ 56 · 15m
16:44 KSA · REGULAR · signal     · SNDKB-USD · tfAlign ▲ 82 · 1d
16:44 KSA · REGULAR · signal     · SNXXB-USD · vwapRec ▼ 73 · 15m
16:44 KSA · REGULAR · signal     · SNXXB-USD · volSpike ▲ 83 · 15m
16:44 KSA · REGULAR · signal     · UNI-USD · vwapRec ▲ 85 · 15m
16:44 KSA · REGULAR · signal     · UNI-USD · rsiDiv ▼ 61 · 1h
16:44 KSA · REGULAR · signal     · SUI-USD · momo ▲ 75 · 1h
16:44 KSA · REGULAR · signal     · 牛来-USD · momo ▼ 63 · 1h
16:44 KSA · REGULAR · signal     · THE-USD · vwapRec ▼ 70 · 15m
16:44 KSA · REGULAR · signal     · EUR-USD · momo ▼ 86 · 1h
16:44 KSA · REGULAR · signal     · PENGU-USD · rsiDiv ▼ 56 · 1h
16:46 KSA · REGULAR · scanner    · بدء المسح · 1154 رمزاً · الجلسة REGULAR
16:49 KSA · REGULAR · scanner    · بدء المسح · 1154 رمزاً · الجلسة REGULAR
16:50 KSA · REGULAR · scanner    · بدء المسح · 1154 رمزاً · الجلسة REGULAR
16:53 KSA · REGULAR · scanner    · بدء المسح · 1154 رمزاً · الجلسة REGULAR
16:53 KSA · REGULAR · signal     · AAPL · vwapRec ▼ 60 · 15m
16:53 KSA · REGULAR · signal     · GOOGL · volSpike ▼ 78 · 15m
16:53 KSA · REGULAR · signal     · MSFT · brk ▼ 77 · 15m
16:53 KSA · REGULAR · signal     · AVGO · meanRev ▼ 57 · 15m
16:53 KSA · REGULAR · signal     · BTC-USD · volSpike ▲ 89 · 15m
16:53 KSA · REGULAR · signal     · BRK-B · brk ▼ 93 · 15m
16:53 KSA · REGULAR · signal     · JPM · meanRev ▲ 93 · 15m
16:53 KSA · REGULAR · signal     · JNJ · volSpike ▼ 89 · 15m
16:53 KSA · REGULAR · signal     · MA · vwapRec ▲ 65 · 15m
16:53 KSA · REGULAR · signal     · ORCL · vwapRec ▼ 55 · 15m
16:53 KSA · REGULAR · signal     · ORCL · brk ▼ 82 · 15m
16:53 KSA · REGULAR · signal     · ORCL · meanRev ▲ 57 · 15m
16:53 KSA · REGULAR · signal     · PLTR · brk ▼ 77 · 15m
16:53 KSA · REGULAR · signal     · PLTR · meanRev ▲ 65 · 15m
16:53 KSA · REGULAR · signal     · BAC · meanRev ▲ 93 · 15m
16:53 KSA · REGULAR · signal     · CAT · vwapRec ▲ 57 · 15m
16:53 KSA · REGULAR · signal     · CAT · brk ▲ 93 · 15m
16:53 KSA · REGULAR · signal     · CAT · meanRev ▼ 65 · 15m
16:53 KSA · REGULAR · signal     · MRK · vwapRec ▼ 60 · 15m
16:53 KSA · REGULAR · signal     · LRCX · volSpike ▲ 89 · 15m
16:53 KSA · REGULAR · signal     · AMAT · volSpike ▲ 94 · 15m
16:53 KSA · REGULAR · signal     · ETH-USD · brk ▲ 95 · 15m
16:53 KSA · REGULAR · signal     · ETH-USD · volSpike ▲ 89 · 15m
16:53 KSA · REGULAR · signal     · PANW · brk ▼ 80 · 15m
16:53 KSA · REGULAR · signal     · PANW · meanRev ▲ 88 · 15m
16:53 KSA · REGULAR · signal     · PM · brk ▼ 86 · 15m
16:53 KSA · REGULAR · signal     · PM · meanRev ▲ 60 · 15m
16:53 KSA · REGULAR · signal     · CRWD · brk ▼ 86 · 15m
16:53 KSA · REGULAR · signal     · SNDK · volSpike ▲ 89 · 15m
16:53 KSA · REGULAR · signal     · CRM · brk ▼ 93 · 15m
16:53 KSA · REGULAR · signal     · STX · vwapRec ▲ 57 · 15m
16:53 KSA · REGULAR · signal     · STX · brk ▲ 80 · 15m
16:53 KSA · REGULAR · signal     · STX · meanRev ▼ 78 · 15m
16:53 KSA · REGULAR · signal     · DIS · vwapRec ▼ 60 · 15m
16:53 KSA · REGULAR · signal     · DIS · brk ▼ 82 · 15m
16:53 KSA · REGULAR · signal     · DIS · meanRev ▲ 60 · 15m
16:53 KSA · REGULAR · signal     · ADI · volSpike ▲ 89 · 15m
16:53 KSA · REGULAR · signal     · ABT · vwapRec ▲ 60 · 15m
16:53 KSA · REGULAR · signal     · T · volSpike ▲ 89 · 15m
16:53 KSA · REGULAR · signal     · NEE · meanRev ▲ 78 · 15m
16:53 KSA · REGULAR · signal     · ETN · vwapRec ▲ 60 · 15m
16:53 KSA · REGULAR · signal     · COP · volSpike ▲ 100 · 15m
16:53 KSA · REGULAR · signal     · PFE · brk ▼ 77 · 15m
16:53 KSA · REGULAR · signal     · WDC · brk ▲ 80 · 15m
16:53 KSA · REGULAR · signal     · WDC · meanRev ▼ 78 · 15m
16:53 KSA · REGULAR · signal     · BX · vwapRec ▲ 60 · 15m
16:53 KSA · REGULAR · signal     · UBER · brk ▼ 100 · 15m
16:53 KSA · REGULAR · signal     · UBER · momo ▼ 83 · 1h
16:53 KSA · REGULAR · signal     · NOW · brk ▼ 93 · 15m
16:53 KSA · REGULAR · signal     · NOW · meanRev ▲ 68 · 15m
16:53 KSA · REGULAR · signal     · ISRG · vwapRec ▲ 55 · 15m
16:53 KSA · REGULAR · signal     · ISRG · brk ▲ 93 · 15m
16:53 KSA · REGULAR · signal     · GLW · vwapRec ▲ 65 · 15m
16:53 KSA · REGULAR · signal     · GLW · brk ▲ 100 · 15m
16:53 KSA · REGULAR · signal     · NEM · meanRev ▲ 85 · 15m
16:53 KSA · REGULAR · signal     · VRTX · volSpike ▼ 94 · 15m
16:53 KSA · REGULAR · signal     · BKNG · volSpike ▲ 89 · 15m
16:53 KSA · REGULAR · signal     · PGR · vwapRec ▼ 65 · 15m
16:53 KSA · REGULAR · signal     · PGR · brk ▼ 95 · 15m
16:53 KSA · REGULAR · signal     · PGR · volSpike ▼ 89 · 15m
16:53 KSA · REGULAR · signal     · LMT · volSpike ▼ 89 · 15m
16:53 KSA · REGULAR · signal     · VLO · vwapRec ▲ 65 · 15m
16:53 KSA · REGULAR · signal     · VLO · brk ▲ 91 · 15m
16:53 KSA · REGULAR · signal     · PH · brk ▲ 84 · 15m
16:53 KSA · REGULAR · signal     · PH · meanRev ▼ 93 · 15m
16:53 KSA · REGULAR · signal     · ACN · vwapRec ▼ 57 · 15m
16:53 KSA · REGULAR · signal     · ACN · meanRev ▲ 57 · 15m
16:53 KSA · REGULAR · signal     · ACN · volSpike ▼ 94 · 15m
16:53 KSA · REGULAR · signal     · LOW · brk ▼ 91 · 15m
16:53 KSA · REGULAR · signal     · LOW · meanRev ▲ 70 · 15m
16:53 KSA · REGULAR · signal     · LOW · volSpike ▼ 83 · 15m
16:53 KSA · REGULAR · signal     · HOOD · meanRev ▼ 60 · 15m
16:53 KSA · REGULAR · signal     · BNB-USD · brk ▲ 100 · 15m
16:53 KSA · REGULAR · signal     · BNB-USD · volSpike ▲ 83 · 15m
16:53 KSA · REGULAR · signal     · ADBE · momo ▼ 83 · 1h
16:53 KSA · REGULAR · signal     · VRT · vwapRec ▲ 57 · 15m
16:53 KSA · REGULAR · signal     · PWR · vwapRec ▲ 63 · 15m
16:53 KSA · REGULAR · signal     · PWR · brk ▲ 89 · 15m
16:53 KSA · REGULAR · signal     · PWR · volSpike ▲ 100 · 15m
16:53 KSA · REGULAR · signal     · KKR · brk ▼ 86 · 15m
16:53 KSA · REGULAR · signal     · XRP-USD · volSpike ▲ 83 · 15m
16:53 KSA · REGULAR · signal     · DDOG · vwapRec ▼ 55 · 15m
16:53 KSA · REGULAR · signal     · DDOG · brk ▼ 89 · 15m
16:53 KSA · REGULAR · signal     · LITE · brk ▲ 93 · 15m
16:53 KSA · REGULAR · signal     · INTU · brk ▼ 93 · 15m
16:53 KSA · REGULAR · signal     · INTU · meanRev ▲ 73 · 15m
16:53 KSA · REGULAR · signal     · CMCSA · meanRev ▲ 60 · 15m
16:53 KSA · REGULAR · signal     · MDLZ · brk ▼ 89 · 15m
16:53 KSA · REGULAR · signal     · MDLZ · meanRev ▲ 88 · 15m
16:53 KSA · REGULAR · signal     · SHW · meanRev ▲ 85 · 15m
16:53 KSA · REGULAR · signal     · CMI · volSpike ▲ 89 · 15m
16:53 KSA · REGULAR · signal     · NSC · vwapRec ▼ 60 · 15m
16:53 KSA · REGULAR · signal     · AON · vwapRec ▼ 65 · 15m
16:53 KSA · REGULAR · signal     · AON · meanRev ▲ 85 · 15m
16:53 KSA · REGULAR · signal     · COHR · brk ▲ 89 · 15m
16:53 KSA · REGULAR · signal     · TER · vwapRec ▲ 63 · 15m
16:53 KSA · REGULAR · signal     · TER · brk ▲ 89 · 15m
16:53 KSA · REGULAR · signal     · CIEN · volSpike ▼ 94 · 15m
16:53 KSA · REGULAR · signal     · COIN · vwapRec ▲ 65 · 15m
16:53 KSA · REGULAR · signal     · VST · vwapRec ▼ 70 · 15m
16:53 KSA · REGULAR · signal     · VST · volSpike ▼ 100 · 15m
16:53 KSA · REGULAR · signal     · LHX · volSpike ▼ 94 · 15m
16:53 KSA · REGULAR · signal     · AZO · vwapRec ▼ 65 · 15m
16:53 KSA · REGULAR · signal     · AZO · momo ▼ 86 · 1h
16:53 KSA · REGULAR · signal     · MCHP · meanRev ▼ 93 · 15m
16:53 KSA · REGULAR · signal     · KMB · vwapRec ▼ 78 · 15m
16:53 KSA · REGULAR · signal     · KMB · brk ▼ 73 · 15m
16:53 KSA · REGULAR · signal     · HPQ · volSpike ▼ 78 · 15m
16:53 KSA · REGULAR · signal     · ON · meanRev ▼ 70 · 15m
16:53 KSA · REGULAR · signal     · LINK-USD · momo ▲ 83 · 1h
16:53 KSA · REGULAR · signal     · XAUT-USD · vwapRec ▼ 63 · 15m
16:53 KSA · REGULAR · signal     · ENA-USD · vwapRec ▲ 90 · 15m
16:53 KSA · REGULAR · signal     · FIL-USD · brk ▲ 100 · 15m
16:53 KSA · REGULAR · signal     · ETHFI-USD · volSpike ▲ 78 · 15m
16:53 KSA · REGULAR · signal     · MARSCOIN-USD · rsiDiv ▲ 75 · 15m
16:53 KSA · REGULAR · signal     · SNDKB-USD · meanRev ▼ 60 · 15m
16:53 KSA · REGULAR · signal     · SOXLB-USD · vwapRec ▲ 73 · 15m
16:53 KSA · REGULAR · signal     · SNXXB-USD · meanRev ▼ 75 · 15m
16:53 KSA · REGULAR · signal     · SUI-USD · brk ▲ 95 · 15m
16:53 KSA · REGULAR · signal     · SUI-USD · volSpike ▲ 61 · 15m
16:53 KSA · REGULAR · signal     · 牛来-USD · vwapRec ▼ 83 · 15m
16:53 KSA · REGULAR · signal     · PEPE-USD · volSpike ▲ 83 · 15m
16:53 KSA · REGULAR · signal     · TAO-USD · volSpike ▲ 89 · 15m
16:53 KSA · REGULAR · signal     · TAO-USD · momo ▲ 92 · 1h
16:53 KSA · REGULAR · signal     · THE-USD · vwapRec ▲ 83 · 15m
16:53 KSA · REGULAR · signal     · ASTER-USD · vwapRec ▲ 93 · 15m
16:54 KSA · REGULAR · scanner    · بدء المسح · 1154 رمزاً · الجلسة REGULAR
16:56 KSA · REGULAR · scanner    · بدء المسح · 1154 رمزاً · الجلسة REGULAR
16:58 KSA · REGULAR · scanner    · بدء المسح · 1154 رمزاً · الجلسة REGULAR
17:00 KSA · REGULAR · scanner    · بدء المسح · 1154 رمزاً · الجلسة REGULAR
17:03 KSA · REGULAR · scanner    · بدء المسح · 1154 رمزاً · الجلسة REGULAR
17:03 KSA · REGULAR · signal     · BTC-USD · vwapRec ▲ 55 · 15m
17:03 KSA · REGULAR · signal     · BTC-USD · meanRev ▼ 60 · 15m
17:03 KSA · REGULAR · signal     · CSCO · brk ▼ 80 · 15m
17:03 KSA · REGULAR · signal     · ETH-USD · vwapRec ▲ 55 · 15m
17:03 KSA · REGULAR · signal     · CRM · meanRev ▲ 75 · 15m
17:03 KSA · REGULAR · signal     · UNP · vwapRec ▼ 55 · 15m
17:03 KSA · REGULAR · signal     · UNP · meanRev ▲ 65 · 15m
17:03 KSA · REGULAR · signal     · DHR · brk ▲ 100 · 15m
17:03 KSA · REGULAR · signal     · BX · brk ▼ 77 · 15m
17:03 KSA · REGULAR · signal     · BX · meanRev ▲ 85 · 15m
17:03 KSA · REGULAR · signal     · VRTX · brk ▼ 89 · 15m
17:03 KSA · REGULAR · signal     · PGR · vwapRec ▲ 60 · 15m
17:03 KSA · REGULAR · signal     · PH · vwapRec ▼ 78 · 15m
17:03 KSA · REGULAR · signal     · CEG · brk ▼ 100 · 15m
17:03 KSA · REGULAR · signal     · HWM · vwapRec ▼ 85 · 15m
17:03 KSA · REGULAR · signal     · KKR · vwapRec ▼ 65 · 15m
17:03 KSA · REGULAR · signal     · XRP-USD · meanRev ▼ 80 · 15m
17:03 KSA · REGULAR · signal     · LITE · vwapRec ▼ 60 · 15m
17:03 KSA · REGULAR · signal     · HON · vwapRec ▼ 78 · 15m
17:03 KSA · REGULAR · signal     · VST · brk ▼ 95 · 15m
17:03 KSA · REGULAR · signal     · LHX · momo ▼ 64 · 1h
17:03 KSA · REGULAR · signal     · XLM-USD · brk ▲ 100 · 15m
17:03 KSA · REGULAR · signal     · XLM-USD · volSpike ▲ 100 · 15m
17:03 KSA · REGULAR · signal     · ETHFI-USD · volSpike ▼ 78 · 15m
17:03 KSA · REGULAR · signal     · U-USD · orb ▼ 80 · 15m
17:03 KSA · REGULAR · signal     · U-USD · volSpike ▼ 78 · 15m
17:03 KSA · REGULAR · signal     · U-USD · tfAlign ▲ 95 · 1d
17:03 KSA · REGULAR · signal     · TAO-USD · volSpike ▼ 78 · 15m
17:03 KSA · REGULAR · signal     · THE-USD · vwapRec ▼ 78 · 15m
17:03 KSA · REGULAR · signal     · THE-USD · volSpike ▼ 100 · 15m
17:03 KSA · REGULAR · signal     · HOLO-USD · volSpike ▼ 100 · 15m
17:03 KSA · REGULAR · signal     · ASTER-USD · vwapRec ▼ 68 · 15m
17:03 KSA · REGULAR · signal     · ASTER-USD · volSpike ▼ 89 · 15m
17:04 KSA · REGULAR · scanner    · بدء المسح · 1154 رمزاً · الجلسة REGULAR
17:08 KSA · REGULAR · scanner    · بدء المسح · 1154 رمزاً · الجلسة REGULAR
17:10 KSA · REGULAR · scanner    · بدء المسح · 1154 رمزاً · الجلسة REGULAR
17:13 KSA · REGULAR · scanner    · بدء المسح · 1154 رمزاً · الجلسة REGULAR
17:13 KSA · REGULAR · signal     · PG · vwapRec ▲ 68 · 15m
17:13 KSA · REGULAR · signal     · NXPI · momo ▲ 86 · 1h
17:13 KSA · REGULAR · signal     · WLD-USD · tfAlign ▲ 89 · 1d
17:13 KSA · REGULAR · signal     · UNI-USD · tfAlign ▲ 89 · 1d
17:14 KSA · REGULAR · scanner    · بدء المسح · 1154 رمزاً · الجلسة REGULAR
17:16 KSA · REGULAR · scanner    · بدء المسح · 1154 رمزاً · الجلسة REGULAR
17:18 KSA · REGULAR · scanner    · بدء المسح · 1154 رمزاً · الجلسة REGULAR
17:20 KSA · REGULAR · scanner    · بدء المسح · 1154 رمزاً · الجلسة REGULAR
17:22 KSA · REGULAR · scanner    · بدء المسح · 1154 رمزاً · الجلسة REGULAR
17:24 KSA · REGULAR · scanner    · بدء المسح · 1154 رمزاً · الجلسة REGULAR
17:27 KSA · REGULAR · scanner    · بدء المسح · 1154 رمزاً · الجلسة REGULAR
17:27 KSA · REGULAR · signal     · AAPL · orb ▼ 80 · 15m
17:27 KSA · REGULAR · signal     · AAPL · meanRev ▲ 68 · 15m
17:27 KSA · REGULAR · signal     · GOOGL · orb ▼ 80 · 15m
17:27 KSA · REGULAR · signal     · GOOG · orb ▼ 80 · 15m
17:27 KSA · REGULAR · signal     · GOOG · volSpike ▼ 78 · 15m
17:27 KSA · REGULAR · signal     · MSFT · orb ▼ 70 · 15m
17:27 KSA · REGULAR · signal     · META · rsiDiv ▼ 78 · 15m
17:27 KSA · REGULAR · signal     · TSLA · orb ▼ 83 · 15m
17:27 KSA · REGULAR · signal     · TSLA · brk ▼ 86 · 15m
17:27 KSA · REGULAR · signal     · MU · orb ▲ 90 · 15m
17:27 KSA · REGULAR · signal     · XOM · rsiDiv ▲ 67 · 15m
17:27 KSA · REGULAR · signal     · INTC · orb ▼ 70 · 15m
17:27 KSA · REGULAR · signal     · ORCL · orb ▼ 80 · 15m
17:27 KSA · REGULAR · signal     · CSCO · orb ▼ 83 · 15m
17:27 KSA · REGULAR · signal     · CSCO · volSpike ▼ 78 · 15m
17:27 KSA · REGULAR · signal     · MRK · rsiDiv ▼ 72 · 15m
17:27 KSA · REGULAR · signal     · MS · vwapRec ▲ 65 · 15m
17:27 KSA · REGULAR · signal     · SNDK · orb ▲ 95 · 15m
17:27 KSA · REGULAR · signal     · CRWD · orb ▼ 85 · 15m
17:27 KSA · REGULAR · signal     · LIN · rsiDiv ▲ 67 · 15m
17:27 KSA · REGULAR · signal     · AMGN · rsiDiv ▼ 67 · 15m
17:27 KSA · REGULAR · signal     · QCOM · orb ▼ 75 · 15m
17:27 KSA · REGULAR · signal     · ADI · orb ▲ 80 · 15m
17:27 KSA · REGULAR · signal     · ADI · brk ▲ 59 · 15m
17:27 KSA · REGULAR · signal     · PFE · orb ▼ 75 · 15m
17:27 KSA · REGULAR · signal     · UBER · orb ▼ 100 · 15m
17:27 KSA · REGULAR · signal     · ISRG · rsiDiv ▲ 72 · 15m
17:27 KSA · REGULAR · signal     · GLW · orb ▼ 80 · 15m
17:27 KSA · REGULAR · signal     · VRTX · orb ▼ 85 · 15m
17:27 KSA · REGULAR · signal     · FTNT · orb ▼ 85 · 15m
17:27 KSA · REGULAR · signal     · MPC · brk ▲ 82 · 15m
17:27 KSA · REGULAR · signal     · ACN · orb ▼ 85 · 15m
17:27 KSA · REGULAR · signal     · HWM · meanRev ▼ 85 · 15m
17:27 KSA · REGULAR · signal     · CMCSA · brk ▼ 64 · 15m
17:27 KSA · REGULAR · signal     · MDLZ · vwapRec ▼ 55 · 15m
17:27 KSA · REGULAR · signal     · SOL-USD · vwapRec ▲ 55 · 15m
17:27 KSA · REGULAR · signal     · MRNA · orb ▼ 63 · 15m
17:27 KSA · REGULAR · signal     · AZO · rsiDiv ▲ 83 · 15m
17:27 KSA · REGULAR · signal     · SMCI · orb ▼ 80 · 15m
17:27 KSA · REGULAR · signal     · SMCI · brk ▼ 86 · 15m
17:27 KSA · REGULAR · signal     · MUB-USD · brk ▲ 100 · 15m
17:27 KSA · REGULAR · signal     · SNXXB-USD · tfAlign ▲ 82 · 1d
17:27 KSA · REGULAR · signal     · UNI-USD · vwapRec ▲ 85 · 15m
17:27 KSA · REGULAR · signal     · U-USD · volSpike ▲ 89 · 15m
17:27 KSA · REGULAR · signal     · U-USD · tfAlign ▲ 95 · 1d
17:27 KSA · REGULAR · signal     · 牛来-USD · vwapRec ▲ 92 · 15m
17:27 KSA · REGULAR · signal     · THE-USD · vwapRec ▲ 83 · 15m
17:27 KSA · REGULAR · signal     · THE-USD · volSpike ▲ 67 · 15m
17:27 KSA · REGULAR · signal     · HOLO-USD · volSpike ▲ 67 · 15m
17:27 KSA · REGULAR · signal     · BANK-USD · momo ▲ 83 · 1h
17:27 KSA · REGULAR · signal     · PENGU-USD · volSpike ▲ 72 · 15m
17:27 KSA · REGULAR · signal     · WLFI-USD · orb ▲ 90 · 15m
17:28 KSA · REGULAR · scanner    · بدء المسح · 1154 رمزاً · الجلسة REGULAR
17:30 KSA · REGULAR · scanner    · بدء المسح · 1154 رمزاً · الجلسة REGULAR
17:33 KSA · REGULAR · scanner    · بدء المسح · 1154 رمزاً · الجلسة REGULAR
17:33 KSA · REGULAR · signal     · TSLA · rsiDiv ▼ 56 · 15m
17:33 KSA · REGULAR · signal     · MA · orb ▲ 85 · 15m
17:33 KSA · REGULAR · signal     · PLTR · vwapRec ▲ 85 · 15m
17:33 KSA · REGULAR · signal     · AMAT · orb ▲ 75 · 15m
17:33 KSA · REGULAR · signal     · TXN · brk ▲ 77 · 15m
17:33 KSA · REGULAR · signal     · MCD · orb ▲ 80 · 15m
17:33 KSA · REGULAR · signal     · T · orb ▲ 78 · 15m
17:33 KSA · REGULAR · signal     · NEM · orb ▼ 85 · 15m
17:33 KSA · REGULAR · signal     · NEM · brk ▼ 61 · 15m
17:33 KSA · REGULAR · signal     · NEM · meanRev ▲ 85 · 15m
17:33 KSA · REGULAR · signal     · LMT · orb ▼ 93 · 15m
17:33 KSA · REGULAR · signal     · SPGI · orb ▲ 63 · 15m
17:33 KSA · REGULAR · signal     · VRT · vwapRec ▲ 65 · 15m
17:33 KSA · REGULAR · signal     · PWR · orb ▲ 85 · 15m
17:33 KSA · REGULAR · signal     · LHX · orb ▼ 85 · 15m
17:33 KSA · REGULAR · signal     · KVUE · orb ▲ 65 · 15m
17:33 KSA · REGULAR · signal     · KMB · orb ▲ 80 · 15m
17:33 KSA · REGULAR · signal     · SMCI · volSpike ▼ 78 · 15m
17:33 KSA · REGULAR · signal     · ZEC-USD · rsiDiv ▲ 69 · 15m
17:33 KSA · REGULAR · signal     · XLM-USD · meanRev ▼ 73 · 15m
17:33 KSA · REGULAR · signal     · AVAX-USD · rsiDiv ▼ 56 · 15m
17:33 KSA · REGULAR · signal     · AAVE-USD · rsiDiv ▼ 89 · 15m
17:33 KSA · REGULAR · signal     · ICP-USD · rsiDiv ▼ 78 · 15m
17:33 KSA · REGULAR · signal     · ASTER-USD · vwapRec ▲ 85 · 15m
17:34 KSA · REGULAR · scanner    · بدء المسح · 1154 رمزاً · الجلسة REGULAR
17:38 KSA · REGULAR · scanner    · بدء المسح · 1154 رمزاً · الجلسة REGULAR
17:40 KSA · REGULAR · scanner    · بدء المسح · 1154 رمزاً · الجلسة REGULAR
17:43 KSA · REGULAR · scanner    · بدء المسح · 1154 رمزاً · الجلسة REGULAR
17:43 KSA · REGULAR · signal     · AAPL · momo ▼ 56 · 1h
17:43 KSA · REGULAR · signal     · MSFT · pbTrend ▲ 76 · 1h
17:43 KSA · REGULAR · signal     · MSFT · momo ▼ 56 · 1h
17:43 KSA · REGULAR · signal     · CSCO · momo ▼ 64 · 1h
17:43 KSA · REGULAR · signal     · CRWD · pbTrend ▲ 90 · 1h
17:43 KSA · REGULAR · signal     · TXN · pbTrend ▼ 76 · 1h
17:43 KSA · REGULAR · signal     · TXN · momo ▲ 81 · 1h
17:43 KSA · REGULAR · signal     · CRM · pbTrend ▲ 57 · 1h
17:43 KSA · REGULAR · signal     · STX · tfAlign ▲ 82 · 1d
17:43 KSA · REGULAR · signal     · DIS · tfAlign ▼ 84 · 1d
17:43 KSA · REGULAR · signal     · PFE · momo ▼ 78 · 1h
17:43 KSA · REGULAR · signal     · TJX · momo ▲ 83 · 1h
17:43 KSA · REGULAR · signal     · VRTX · pbTrend ▲ 81 · 1h
17:43 KSA · REGULAR · signal     · VRTX · momo ▼ 64 · 1h
17:43 KSA · REGULAR · signal     · ADP · pbTrend ▲ 81 · 1h
17:43 KSA · REGULAR · signal     · COHR · pbTrend ▼ 57 · 1h
17:43 KSA · REGULAR · signal     · FIX · pbTrend ▼ 67 · 1h
17:43 KSA · REGULAR · signal     · CIEN · momo ▼ 56 · 1h
17:43 KSA · REGULAR · signal     · DOGE-USD · rsiDiv ▼ 67 · 1h
17:43 KSA · REGULAR · signal     · XLM-USD · momo ▲ 92 · 1h
17:43 KSA · REGULAR · signal     · T-USD · momo ▲ 75 · 1h
17:43 KSA · REGULAR · signal     · U-USD · pbTrend ▲ 71 · 1h
17:43 KSA · REGULAR · signal     · PENGU-USD · momo ▲ 83 · 1h
17:43 KSA · REGULAR · signal     · WLFI-USD · momo ▲ 56 · 1h
17:44 KSA · REGULAR · scanner    · بدء المسح · 1154 رمزاً · الجلسة REGULAR
17:46 KSA · REGULAR · scanner    · بدء المسح · 1154 رمزاً · الجلسة REGULAR
17:48 KSA · REGULAR · scanner    · بدء المسح · 1154 رمزاً · الجلسة REGULAR
17:50 KSA · REGULAR · scanner    · بدء المسح · 1154 رمزاً · الجلسة REGULAR
17:52 KSA · REGULAR · scanner    · بدء المسح · 1154 رمزاً · الجلسة REGULAR
17:52 KSA · REGULAR · signal     · AVGO · vwapRec ▼ 88 · 15m
17:52 KSA · REGULAR · signal     · DELL · orb ▼ 65 · 15m
17:52 KSA · REGULAR · signal     · LRCX · orb ▲ 70 · 15m
17:52 KSA · REGULAR · signal     · STX · orb ▲ 100 · 15m
17:52 KSA · REGULAR · signal     · COP · vwapRec ▲ 65 · 15m
17:52 KSA · REGULAR · signal     · DHR · rsiDiv ▼ 89 · 15m
17:52 KSA · REGULAR · signal     · TJX · meanRev ▼ 60 · 15m
17:52 KSA · REGULAR · signal     · LMT · tfAlign ▼ 87 · 1d
17:52 KSA · REGULAR · signal     · PH · vwapRec ▲ 57 · 15m
17:52 KSA · REGULAR · signal     · HOOD · volSpike ▲ 78 · 15m
17:52 KSA · REGULAR · signal     · XRP-USD · brk ▲ 84 · 15m
17:52 KSA · REGULAR · signal     · DDOG · orb ▼ 75 · 15m
17:52 KSA · REGULAR · signal     · MRNA · tfAlign ▲ 89 · 1d
17:52 KSA · REGULAR · signal     · NXPI · orb ▼ 65 · 15m
17:52 KSA · REGULAR · signal     · FIX · orb ▲ 78 · 15m
17:52 KSA · REGULAR · signal     · DVN · orb ▲ 93 · 15m
17:52 KSA · REGULAR · signal     · DVN · vwapRec ▲ 68 · 15m
17:52 KSA · REGULAR · signal     · DVN · brk ▲ 82 · 15m
17:52 KSA · REGULAR · signal     · PAXG-USD · volSpike ▲ 78 · 15m
17:52 KSA · REGULAR · signal     · SUI-USD · volSpike ▲ 67 · 15m
17:52 KSA · REGULAR · signal     · U-USD · orb ▼ 80 · 15m
17:52 KSA · REGULAR · signal     · U-USD · volSpike ▼ 78 · 15m
17:52 KSA · REGULAR · signal     · U-USD · tfAlign ▲ 71 · 1d
17:52 KSA · REGULAR · signal     · PEPE-USD · volSpike ▲ 94 · 15m
17:54 KSA · REGULAR · scanner    · بدء المسح · 1154 رمزاً · الجلسة REGULAR
17:56 KSA · REGULAR · scanner    · بدء المسح · 1154 رمزاً · الجلسة REGULAR
17:58 KSA · REGULAR · scanner    · بدء المسح · 1154 رمزاً · الجلسة REGULAR
18:00 KSA · REGULAR · scanner    · بدء المسح · 1154 رمزاً · الجلسة REGULAR
18:03 KSA · REGULAR · scanner    · بدء المسح · 1154 رمزاً · الجلسة REGULAR
18:03 KSA · REGULAR · signal     · META · vwapRec ▲ 85 · 15m
18:03 KSA · REGULAR · signal     · TSLA · vwapRec ▲ 83 · 15m
18:03 KSA · REGULAR · signal     · QCOM · brk ▼ 70 · 15m
18:03 KSA · REGULAR · signal     · ABT · orb ▲ 60 · 15m
18:03 KSA · REGULAR · signal     · COP · vwapRec ▼ 57 · 15m
18:03 KSA · REGULAR · signal     · NOW · vwapRec ▲ 93 · 15m
18:03 KSA · REGULAR · signal     · PH · orb ▲ 63 · 15m
18:03 KSA · REGULAR · signal     · HOOD · brk ▲ 89 · 15m
18:03 KSA · REGULAR · signal     · FCX · orb ▼ 78 · 15m
18:03 KSA · REGULAR · signal     · XRP-USD · meanRev ▼ 68 · 15m
18:03 KSA · REGULAR · signal     · XRP-USD · tfAlign ▲ 74 · 1d
18:03 KSA · REGULAR · signal     · INTU · vwapRec ▲ 68 · 15m
18:03 KSA · REGULAR · signal     · MPWR · orb ▲ 78 · 15m
18:03 KSA · REGULAR · signal     · HONA · volSpike ▼ 78 · 15m
18:03 KSA · REGULAR · signal     · LINK-USD · volSpike ▲ 83 · 15m
18:03 KSA · REGULAR · signal     · ADA-USD · meanRev ▼ 68 · 15m
18:03 KSA · REGULAR · signal     · XLM-USD · meanRev ▼ 65 · 15m
18:03 KSA · REGULAR · signal     · GRAM-USD · rsiDiv ▼ 72 · 15m
18:03 KSA · REGULAR · signal     · HBAR-USD · brk ▲ 100 · 15m
18:03 KSA · REGULAR · signal     · TAO-USD · brk ▲ 75 · 15m
18:03 KSA · REGULAR · signal     · THE-USD · volSpike ▼ 89 · 15m
18:03 KSA · REGULAR · signal     · PENGU-USD · brk ▲ 95 · 15m
18:03 KSA · REGULAR · signal     · PENGU-USD · meanRev ▼ 68 · 15m
18:04 KSA · REGULAR · scanner    · بدء المسح · 1154 رمزاً · الجلسة REGULAR
18:07 KSA · REGULAR · scanner    · بدء المسح · 1154 رمزاً · الجلسة REGULAR
18:10 KSA · REGULAR · scanner    · بدء المسح · 1154 رمزاً · الجلسة REGULAR
18:13 KSA · REGULAR · scanner    · بدء المسح · 1154 رمزاً · الجلسة REGULAR
18:13 KSA · REGULAR · signal     · DELL · meanRev ▲ 65 · 15m
18:13 KSA · REGULAR · signal     · UNI-USD · vwapRec ▲ 93 · 15m
18:14 KSA · REGULAR · scanner    · بدء المسح · 1154 رمزاً · الجلسة REGULAR
18:16 KSA · REGULAR · scanner    · بدء المسح · 1154 رمزاً · الجلسة REGULAR
18:18 KSA · REGULAR · scanner    · بدء المسح · 1154 رمزاً · الجلسة REGULAR
18:20 KSA · REGULAR · scanner    · بدء المسح · 1154 رمزاً · الجلسة REGULAR
18:22 KSA · REGULAR · scanner    · بدء المسح · 1154 رمزاً · الجلسة REGULAR
18:22 KSA · REGULAR · signal     · NVDA · rsiDiv ▼ 100 · 1d
18:22 KSA · REGULAR · signal     · TSLA · vwapRec ▼ 78 · 15m
18:22 KSA · REGULAR · signal     · XAUT-USD · rsiDiv ▲ 58 · 15m
18:22 KSA · REGULAR · signal     · PAXG-USD · rsiDiv ▲ 58 · 15m
18:22 KSA · REGULAR · signal     · ENA-USD · vwapRec ▼ 68 · 15m
18:22 KSA · REGULAR · signal     · VTHO-USD · rsiDiv ▼ 72 · 15m
18:22 KSA · REGULAR · signal     · U-USD · orb ▼ 80 · 15m
18:22 KSA · REGULAR · signal     · U-USD · tfAlign ▲ 71 · 1d
18:22 KSA · REGULAR · signal     · THE-USD · vwapRec ▼ 70 · 15m
18:22 KSA · REGULAR · signal     · HOLO-USD · brk ▲ 89 · 15m
18:24 KSA · REGULAR · scanner    · بدء المسح · 1154 رمزاً · الجلسة REGULAR
18:26 KSA · REGULAR · scanner    · بدء المسح · 1154 رمزاً · الجلسة REGULAR
18:28 KSA · REGULAR · scanner    · بدء المسح · 1154 رمزاً · الجلسة REGULAR
18:30 KSA · REGULAR · scanner    · بدء المسح · 1154 رمزاً · الجلسة REGULAR
18:33 KSA · REGULAR · scanner    · بدء المسح · 1154 رمزاً · الجلسة REGULAR
18:33 KSA · REGULAR · signal     · META · vwapRec ▼ 60 · 15m
18:33 KSA · REGULAR · signal     · TSLA · orb ▼ 90 · 15m
18:33 KSA · REGULAR · signal     · V · orb ▲ 68 · 15m
18:33 KSA · REGULAR · signal     · TMO · orb ▼ 63 · 15m
18:33 KSA · REGULAR · signal     · BLK · orb ▲ 65 · 15m
18:33 KSA · REGULAR · signal     · PGR · vwapRec ▼ 70 · 15m
18:33 KSA · REGULAR · signal     · PH · rsiDiv ▼ 75 · 15m
18:33 KSA · REGULAR · signal     · CEG · orb ▼ 90 · 15m
18:33 KSA · REGULAR · signal     · UNI-USD · vwapRec ▲ 85 · 15m
18:33 KSA · REGULAR · signal     · THE-USD · vwapRec ▲ 90 · 15m
18:33 KSA · REGULAR · signal     · THE-USD · volSpike ▲ 67 · 15m
18:34 KSA · REGULAR · scanner    · بدء المسح · 1154 رمزاً · الجلسة REGULAR
18:37 KSA · REGULAR · scanner    · بدء المسح · 1154 رمزاً · الجلسة REGULAR
18:38 KSA · REGULAR · scanner    · بدء المسح · 1154 رمزاً · الجلسة REGULAR
18:40 KSA · REGULAR · scanner    · بدء المسح · 1154 رمزاً · الجلسة REGULAR
18:44 KSA · REGULAR · scanner    · بدء المسح · 1154 رمزاً · الجلسة REGULAR
18:44 KSA · REGULAR · signal     · TSLA · momo ▼ 69 · 1h
18:44 KSA · REGULAR · signal     · MA · rsiDiv ▲ 67 · 1h
18:44 KSA · REGULAR · signal     · ABBV · rsiDiv ▼ 72 · 1h
18:44 KSA · REGULAR · signal     · UNH · rsiDiv ▲ 72 · 1h
18:44 KSA · REGULAR · signal     · GE · momo ▼ 78 · 1h
18:44 KSA · REGULAR · signal     · HD · rsiDiv ▲ 78 · 1h
18:44 KSA · REGULAR · signal     · PM · tfAlign ▲ 82 · 1d
18:44 KSA · REGULAR · signal     · PFE · vwapRec ▼ 57 · 15m
18:44 KSA · REGULAR · signal     · NEM · momo ▼ 69 · 1h
18:44 KSA · REGULAR · signal     · NSC · momo ▼ 69 · 1h
18:44 KSA · REGULAR · signal     · SWKS · rsiDiv ▼ 72 · 1h
18:44 KSA · REGULAR · signal     · HEMI-USD · momo ▲ 56 · 1h
18:45 KSA · REGULAR · scanner    · بدء المسح · 1154 رمزاً · الجلسة REGULAR
18:46 KSA · REGULAR · scanner    · بدء المسح · 1154 رمزاً · الجلسة REGULAR
18:48 KSA · REGULAR · scanner    · بدء المسح · 1154 رمزاً · الجلسة REGULAR
18:50 KSA · REGULAR · scanner    · بدء المسح · 1154 رمزاً · الجلسة REGULAR
18:52 KSA · REGULAR · scanner    · بدء المسح · 1154 رمزاً · الجلسة REGULAR
18:52 KSA · REGULAR · signal     · AMZN · rsiDiv ▼ 83 · 15m
18:52 KSA · REGULAR · signal     · KLAC · orb ▲ 78 · 15m
18:52 KSA · REGULAR · signal     · DE · orb ▼ 70 · 15m
18:52 KSA · REGULAR · signal     · UNP · orb ▼ 78 · 15m
18:52 KSA · REGULAR · signal     · UNP · brk ▼ 70 · 15m
18:53 KSA · REGULAR · signal     · NSC · orb ▼ 85 · 15m
18:53 KSA · REGULAR · signal     · NSC · brk ▼ 84 · 15m
18:53 KSA · REGULAR · signal     · HPQ · vwapRec ▲ 78 · 15m
18:53 KSA · REGULAR · signal     · SPCXB-USD · brk ▼ 77 · 15m
18:53 KSA · REGULAR · signal     · T-USD · volSpike ▲ 89 · 15m
18:53 KSA · REGULAR · signal     · U-USD · orb ▼ 73 · 15m
18:53 KSA · REGULAR · signal     · THE-USD · volSpike ▼ 89 · 15m
18:54 KSA · REGULAR · scanner    · بدء المسح · 1154 رمزاً · الجلسة REGULAR
18:56 KSA · REGULAR · scanner    · بدء المسح · 1154 رمزاً · الجلسة REGULAR
18:58 KSA · REGULAR · scanner    · بدء المسح · 1154 رمزاً · الجلسة REGULAR
19:00 KSA · REGULAR · scanner    · بدء المسح · 1154 رمزاً · الجلسة REGULAR
19:03 KSA · REGULAR · scanner    · بدء المسح · 1154 رمزاً · الجلسة REGULAR
19:03 KSA · REGULAR · signal     · MSFT · vwapRec ▼ 60 · 15m
19:03 KSA · REGULAR · signal     · NXPI · orb ▼ 83 · 15m
19:03 KSA · REGULAR · signal     · KVUE · vwapRec ▲ 68 · 15m
19:03 KSA · REGULAR · signal     · ENA-USD · vwapRec ▲ 90 · 15m
19:04 KSA · REGULAR · scanner    · بدء المسح · 1154 رمزاً · الجلسة REGULAR
19:07 KSA · REGULAR · scanner    · بدء المسح · 1154 رمزاً · الجلسة REGULAR
19:10 KSA · REGULAR · scanner    · بدء المسح · 1154 رمزاً · الجلسة REGULAR
19:13 KSA · REGULAR · scanner    · بدء المسح · 1154 رمزاً · الجلسة REGULAR
19:13 KSA · REGULAR · signal     · AON · vwapRec ▲ 60 · 15m
19:13 KSA · REGULAR · signal     · XAUT-USD · vwapRec ▼ 88 · 15m
19:13 KSA · REGULAR · signal     · RAY-USD · tfAlign ▲ 95 · 1d
19:14 KSA · REGULAR · scanner    · بدء المسح · 1154 رمزاً · الجلسة REGULAR
19:16 KSA · REGULAR · scanner    · بدء المسح · 1154 رمزاً · الجلسة REGULAR
19:18 KSA · REGULAR · scanner    · بدء المسح · 1154 رمزاً · الجلسة REGULAR
19:20 KSA · REGULAR · scanner    · بدء المسح · 1154 رمزاً · الجلسة REGULAR
19:22 KSA · REGULAR · scanner    · بدء المسح · 1154 رمزاً · الجلسة REGULAR
19:22 KSA · REGULAR · signal     · MRVL · orb ▼ 73 · 15m
19:22 KSA · REGULAR · signal     · KKR · orb ▲ 73 · 15m
19:22 KSA · REGULAR · signal     · XRP-USD · vwapRec ▲ 68 · 15m
19:22 KSA · REGULAR · signal     · SOL-USD · rsiDiv ▼ 72 · 15m
19:22 KSA · REGULAR · signal     · COIN · brk ▲ 91 · 15m
19:23 KSA · REGULAR · signal     · DOGE-USD · vwapRec ▲ 70 · 15m
19:23 KSA · REGULAR · signal     · SWKS · orb ▼ 73 · 15m
19:23 KSA · REGULAR · signal     · XLM-USD · rsiDiv ▼ 61 · 15m
19:23 KSA · REGULAR · signal     · NEAR-USD · vwapRec ▼ 60 · 15m
19:23 KSA · REGULAR · signal     · GRAM-USD · vwapRec ▲ 68 · 15m
19:23 KSA · REGULAR · signal     · AAVE-USD · vwapRec ▲ 80 · 15m
19:23 KSA · REGULAR · signal     · ENA-USD · rsiDiv ▼ 72 · 15m
19:23 KSA · REGULAR · signal     · ETHFI-USD · vwapRec ▲ 65 · 15m
19:23 KSA · REGULAR · signal     · ETHFI-USD · volSpike ▼ 67 · 15m
19:23 KSA · REGULAR · signal     · INJ-USD · vwapRec ▲ 73 · 15m
19:23 KSA · REGULAR · signal     · VTHO-USD · vwapRec ▼ 75 · 15m
19:23 KSA · REGULAR · signal     · VTHO-USD · volSpike ▼ 67 · 15m
19:23 KSA · REGULAR · signal     · SPCXB-USD · rsiDiv ▼ 56 · 15m
19:23 KSA · REGULAR · signal     · T-USD · vwapRec ▼ 85 · 15m
19:23 KSA · REGULAR · signal     · SOXLB-USD · vwapRec ▼ 60 · 15m
19:23 KSA · REGULAR · signal     · SUI-USD · vwapRec ▲ 57 · 15m
19:23 KSA · REGULAR · signal     · U-USD · vwapRec ▼ 68 · 15m
19:23 KSA · REGULAR · signal     · U-USD · tfAlign ▲ 89 · 1d
19:23 KSA · REGULAR · signal     · TAO-USD · vwapRec ▼ 60 · 15m
19:23 KSA · REGULAR · signal     · EUR-USD · tfAlign ▼ 100 · 1d
19:23 KSA · REGULAR · signal     · BANK-USD · vwapRec ▼ 78 · 15m
19:23 KSA · REGULAR · signal     · ASTER-USD · vwapRec ▼ 60 · 15m
19:24 KSA · REGULAR · scanner    · بدء المسح · 1154 رمزاً · الجلسة REGULAR
19:26 KSA · REGULAR · scanner    · بدء المسح · 1154 رمزاً · الجلسة REGULAR
19:28 KSA · REGULAR · scanner    · بدء المسح · 1154 رمزاً · الجلسة REGULAR
19:30 KSA · REGULAR · scanner    · بدء المسح · 1154 رمزاً · الجلسة REGULAR
19:33 KSA · REGULAR · scanner    · بدء المسح · 1154 رمزاً · الجلسة REGULAR
19:33 KSA · REGULAR · signal     · TMUS · tfAlign ▼ 82 · 1d
19:33 KSA · REGULAR · signal     · XAUT-USD · meanRev ▼ 78 · 15m
19:33 KSA · REGULAR · signal     · ONDO-USD · vwapRec ▲ 65 · 15m
19:33 KSA · REGULAR · signal     · QQQB-USD · vwapRec ▼ 57 · 15m
19:33 KSA · REGULAR · signal     · UNI-USD · brk ▲ 100 · 15m
19:33 KSA · REGULAR · signal     · UNI-USD · volSpike ▲ 72 · 15m
19:33 KSA · REGULAR · signal     · U-USD · brk ▼ 82 · 15m
19:33 KSA · REGULAR · signal     · U-USD · volSpike ▼ 89 · 15m
19:34 KSA · REGULAR · scanner    · بدء المسح · 1154 رمزاً · الجلسة REGULAR
19:37 KSA · REGULAR · scanner    · بدء المسح · 1154 رمزاً · الجلسة REGULAR
19:38 KSA · REGULAR · scanner    · بدء المسح · 1154 رمزاً · الجلسة REGULAR
19:40 KSA · REGULAR · scanner    · بدء المسح · 1154 رمزاً · الجلسة REGULAR
19:43 KSA · REGULAR · scanner    · بدء المسح · 1154 رمزاً · الجلسة REGULAR
19:43 KSA · REGULAR · signal     · ORCL · momo ▼ 78 · 1h
19:43 KSA · REGULAR · signal     · PM · pbTrend ▲ 86 · 1h
19:43 KSA · REGULAR · signal     · NEM · vwapRec ▼ 73 · 15m
19:43 KSA · REGULAR · signal     · PGR · pbTrend ▲ 64 · 1h
19:43 KSA · REGULAR · signal     · VST · momo ▼ 78 · 1h
19:43 KSA · REGULAR · signal     · LTC-USD · momo ▲ 83 · 1h
19:43 KSA · REGULAR · signal     · BANK-USD · pbTrend ▼ 64 · 1h
19:43 KSA · REGULAR · signal     · PENGU-USD · vwapRec ▲ 68 · 15m
19:45 KSA · REGULAR · scanner    · بدء المسح · 1154 رمزاً · الجلسة REGULAR
19:46 KSA · REGULAR · scanner    · بدء المسح · 1154 رمزاً · الجلسة REGULAR
19:48 KSA · REGULAR · scanner    · بدء المسح · 1154 رمزاً · الجلسة REGULAR
19:50 KSA · REGULAR · scanner    · بدء المسح · 1154 رمزاً · الجلسة REGULAR
19:53 KSA · REGULAR · scanner    · بدء المسح · 1154 رمزاً · الجلسة REGULAR
19:53 KSA · REGULAR · signal     · DVN · rsiDiv ▼ 64 · 15m
19:53 KSA · REGULAR · signal     · VST · orb ▼ 100 · 15m
19:53 KSA · REGULAR · signal     · TRX-USD · rsiDiv ▼ 78 · 15m
19:53 KSA · REGULAR · signal     · AVAX-USD · vwapRec ▼ 70 · 15m
19:53 KSA · REGULAR · signal     · VTHO-USD · vwapRec ▲ 55 · 15m
19:53 KSA · REGULAR · signal     · SUI-USD · vwapRec ▼ 78 · 15m
19:53 KSA · REGULAR · signal     · BANK-USD · volSpike ▼ 89 · 15m
19:53 KSA · REGULAR · signal     · ASTER-USD · vwapRec ▼ 60 · 15m
19:54 KSA · REGULAR · scanner    · بدء المسح · 1154 رمزاً · الجلسة REGULAR
19:56 KSA · REGULAR · scanner    · بدء المسح · 1154 رمزاً · الجلسة REGULAR
19:58 KSA · REGULAR · scanner    · بدء المسح · 1154 رمزاً · الجلسة REGULAR
20:00 KSA · REGULAR · scanner    · بدء المسح · 1154 رمزاً · الجلسة REGULAR
20:03 KSA · REGULAR · scanner    · بدء المسح · 1154 رمزاً · الجلسة REGULAR
20:03 KSA · REGULAR · signal     · ETN · orb ▲ 85 · 15m
20:03 KSA · REGULAR · signal     · KMB · brk ▲ 55 · 15m
20:03 KSA · REGULAR · signal     · TRX-USD · volSpike ▼ 78 · 15m
20:03 KSA · REGULAR · signal     · LINK-USD · vwapRec ▲ 65 · 15m
20:03 KSA · REGULAR · signal     · DASH-USD · brk ▼ 93 · 15m
20:03 KSA · REGULAR · signal     · RAY-USD · rsiDiv ▼ 89 · 15m
20:03 KSA · REGULAR · signal     · IOTA-USD · rsiDiv ▼ 67 · 15m
20:03 KSA · REGULAR · signal     · VTHO-USD · volSpike ▲ 83 · 15m
20:03 KSA · REGULAR · signal     · T-USD · volSpike ▼ 100 · 15m
20:03 KSA · REGULAR · signal     · THE-USD · vwapRec ▲ 60 · 15m
20:03 KSA · REGULAR · signal     · PENGU-USD · vwapRec ▼ 85 · 15m
20:03 KSA · REGULAR · signal     · ASTER-USD · volSpike ▼ 78 · 15m
20:04 KSA · REGULAR · scanner    · بدء المسح · 1154 رمزاً · الجلسة REGULAR
20:07 KSA · REGULAR · scanner    · بدء المسح · 1154 رمزاً · الجلسة REGULAR
20:09 KSA · REGULAR · scanner    · بدء المسح · 1154 رمزاً · الجلسة REGULAR
20:10 KSA · REGULAR · scanner    · بدء المسح · 1154 رمزاً · الجلسة REGULAR
20:12 KSA · REGULAR · scanner    · بدء المسح · 1154 رمزاً · الجلسة REGULAR
20:12 KSA · REGULAR · signal     · ASTER-USD · tfAlign ▲ 82 · 1d
20:14 KSA · REGULAR · scanner    · بدء المسح · 1154 رمزاً · الجلسة REGULAR
20:16 KSA · REGULAR · scanner    · بدء المسح · 1154 رمزاً · الجلسة REGULAR
20:18 KSA · REGULAR · scanner    · بدء المسح · 1154 رمزاً · الجلسة REGULAR
20:20 KSA · REGULAR · scanner    · بدء المسح · 1154 رمزاً · الجلسة REGULAR
20:23 KSA · REGULAR · scanner    · بدء المسح · 1154 رمزاً · الجلسة REGULAR
20:23 KSA · REGULAR · signal     · WMT · tfAlign ▼ 58 · 1d
20:23 KSA · REGULAR · signal     · ETH-USD · rsiDiv ▼ 89 · 15m
20:23 KSA · REGULAR · signal     · LTC-USD · rsiDiv ▼ 56 · 15m
20:23 KSA · REGULAR · signal     · OP-USD · rsiDiv ▼ 56 · 15m
20:24 KSA · REGULAR · scanner    · بدء المسح · 1154 رمزاً · الجلسة REGULAR
20:26 KSA · REGULAR · scanner    · بدء المسح · 1154 رمزاً · الجلسة REGULAR
20:28 KSA · REGULAR · scanner    · بدء المسح · 1154 رمزاً · الجلسة REGULAR
20:30 KSA · REGULAR · scanner    · بدء المسح · 1154 رمزاً · الجلسة REGULAR
20:33 KSA · REGULAR · scanner    · بدء المسح · 1154 رمزاً · الجلسة REGULAR
20:33 KSA · REGULAR · signal     · FCX · orb ▲ 83 · 15m
20:33 KSA · REGULAR · signal     · HWM · rsiDiv ▲ 69 · 1d
20:33 KSA · REGULAR · signal     · INTU · orb ▼ 95 · 15m
20:33 KSA · REGULAR · signal     · AZO · orb ▲ 60 · 15m
20:33 KSA · REGULAR · signal     · U-USD · brk ▼ 82 · 15m
20:33 KSA · REGULAR · signal     · THE-USD · brk ▲ 93 · 15m
20:34 KSA · REGULAR · scanner    · بدء المسح · 1154 رمزاً · الجلسة REGULAR
20:38 KSA · REGULAR · scanner    · بدء المسح · 1154 رمزاً · الجلسة REGULAR
20:40 KSA · REGULAR · scanner    · بدء المسح · 1154 رمزاً · الجلسة REGULAR
20:43 KSA · REGULAR · scanner    · بدء المسح · 1154 رمزاً · الجلسة REGULAR
20:43 KSA · REGULAR · signal     · PANW · vwapRec ▼ 60 · 15m
20:43 KSA · REGULAR · signal     · BLK · momo ▲ 64 · 1h
20:43 KSA · REGULAR · signal     · ZEC-USD · pbTrend ▲ 81 · 1h
20:43 KSA · REGULAR · signal     · XAUT-USD · tfAlign ▲ 76 · 1d
20:43 KSA · REGULAR · signal     · PAXG-USD · pbTrend ▼ 55 · 1h
20:43 KSA · REGULAR · signal     · U-USD · pbTrend ▲ 55 · 1h
20:43 KSA · REGULAR · signal     · ASTER-USD · tfAlign ▲ 74 · 1d
20:45 KSA · REGULAR · scanner    · بدء المسح · 1154 رمزاً · الجلسة REGULAR
20:46 KSA · REGULAR · scanner    · بدء المسح · 1154 رمزاً · الجلسة REGULAR
20:48 KSA · REGULAR · scanner    · بدء المسح · 1154 رمزاً · الجلسة REGULAR
20:50 KSA · REGULAR · scanner    · بدء المسح · 1154 رمزاً · الجلسة REGULAR
20:53 KSA · REGULAR · scanner    · بدء المسح · 1154 رمزاً · الجلسة REGULAR
20:53 KSA · REGULAR · signal     · MRVL · tfAlign ▲ 84 · 1d
20:53 KSA · REGULAR · signal     · WDC · orb ▲ 73 · 15m
20:53 KSA · REGULAR · signal     · VLO · tfAlign ▲ 89 · 1d
20:53 KSA · REGULAR · signal     · QQQB-USD · vwapRec ▲ 63 · 15m
20:54 KSA · REGULAR · scanner    · بدء المسح · 1154 رمزاً · الجلسة REGULAR
20:56 KSA · REGULAR · scanner    · بدء المسح · 1154 رمزاً · الجلسة REGULAR
20:58 KSA · REGULAR · scanner    · بدء المسح · 1154 رمزاً · الجلسة REGULAR
21:00 KSA · REGULAR · scanner    · بدء المسح · 1154 رمزاً · الجلسة REGULAR
21:03 KSA · REGULAR · scanner    · بدء المسح · 1154 رمزاً · الجلسة REGULAR
21:03 KSA · REGULAR · signal     · CRWD · vwapRec ▼ 60 · 15m
21:03 KSA · REGULAR · signal     · UNI-USD · vwapRec ▲ 57 · 15m
21:03 KSA · REGULAR · signal     · SUI-USD · vwapRec ▲ 55 · 15m
21:04 KSA · REGULAR · scanner    · بدء المسح · 1154 رمزاً · الجلسة REGULAR
21:08 KSA · REGULAR · scanner    · بدء المسح · 1154 رمزاً · الجلسة REGULAR
21:10 KSA · REGULAR · scanner    · بدء المسح · 1154 رمزاً · الجلسة REGULAR
21:12 KSA · REGULAR · scanner    · بدء المسح · 1154 رمزاً · الجلسة REGULAR
21:12 KSA · REGULAR · signal     · MCD · vwapRec ▲ 68 · 15m
21:12 KSA · REGULAR · signal     · ICP-USD · tfAlign ▲ 82 · 1d
21:12 KSA · REGULAR · signal     · DASH-USD · vwapRec ▼ 60 · 15m
21:14 KSA · REGULAR · scanner    · بدء المسح · 1154 رمزاً · الجلسة REGULAR
21:16 KSA · REGULAR · scanner    · بدء المسح · 1154 رمزاً · الجلسة REGULAR
21:18 KSA · REGULAR · scanner    · بدء المسح · 1154 رمزاً · الجلسة REGULAR
21:20 KSA · REGULAR · scanner    · بدء المسح · 1154 رمزاً · الجلسة REGULAR
21:23 KSA · REGULAR · scanner    · بدء المسح · 1154 رمزاً · الجلسة REGULAR
21:23 KSA · REGULAR · signal     · BRK-B · brk ▲ 68 · 15m
21:23 KSA · REGULAR · signal     · APH · orb ▼ 83 · 15m
21:23 KSA · REGULAR · signal     · BLK · brk ▲ 82 · 15m
21:23 KSA · REGULAR · signal     · FTNT · vwapRec ▼ 60 · 15m
21:23 KSA · REGULAR · signal     · VRT · orb ▲ 73 · 15m
21:23 KSA · REGULAR · signal     · HWM · orb ▲ 70 · 15m
21:23 KSA · REGULAR · signal     · HEMI-USD · volSpike ▲ 67 · 15m
21:23 KSA · REGULAR · signal     · SUI-USD · vwapRec ▼ 63 · 15m
21:23 KSA · REGULAR · signal     · PENGU-USD · vwapRec ▲ 68 · 15m
21:23 KSA · REGULAR · signal     · ASTER-USD · vwapRec ▼ 60 · 15m
21:24 KSA · REGULAR · scanner    · بدء المسح · 1154 رمزاً · الجلسة REGULAR
21:26 KSA · REGULAR · scanner    · بدء المسح · 1154 رمزاً · الجلسة REGULAR
21:28 KSA · REGULAR · scanner    · بدء المسح · 1154 رمزاً · الجلسة REGULAR
21:30 KSA · REGULAR · scanner    · بدء المسح · 1154 رمزاً · الجلسة REGULAR
21:32 KSA · REGULAR · scanner    · بدء المسح · 1154 رمزاً · الجلسة REGULAR
21:32 KSA · REGULAR · signal     · AMGN · meanRev ▼ 68 · 15m
21:33 KSA · REGULAR · signal     · ENA-USD · vwapRec ▲ 63 · 15m
21:33 KSA · REGULAR · signal     · WLFI-USD · vwapRec ▲ 68 · 15m
21:34 KSA · REGULAR · scanner    · بدء المسح · 1154 رمزاً · الجلسة REGULAR
21:37 KSA · REGULAR · scanner    · بدء المسح · 1154 رمزاً · الجلسة REGULAR
21:38 KSA · REGULAR · scanner    · بدء المسح · 1154 رمزاً · الجلسة REGULAR
21:40 KSA · REGULAR · scanner    · بدء المسح · 1154 رمزاً · الجلسة REGULAR
21:43 KSA · REGULAR · scanner    · بدء المسح · 1154 رمزاً · الجلسة REGULAR
21:43 KSA · REGULAR · signal     · BRK-B · tfAlign ▲ 82 · 1d
21:43 KSA · REGULAR · signal     · ABBV · momo ▲ 83 · 1h
21:43 KSA · REGULAR · signal     · SCHW · volSpike ▲ 83 · 15m
21:43 KSA · REGULAR · signal     · PWR · rsiDiv ▼ 100 · 1h
21:43 KSA · REGULAR · signal     · HWM · momo ▲ 67 · 1h
21:43 KSA · REGULAR · signal     · NKE · momo ▼ 78 · 1h
21:43 KSA · REGULAR · signal     · MUB-USD · momo ▲ 83 · 1h
21:44 KSA · REGULAR · scanner    · بدء المسح · 1154 رمزاً · الجلسة REGULAR
21:46 KSA · REGULAR · scanner    · بدء المسح · 1154 رمزاً · الجلسة REGULAR
21:48 KSA · REGULAR · scanner    · بدء المسح · 1154 رمزاً · الجلسة REGULAR
21:50 KSA · REGULAR · scanner    · بدء المسح · 1154 رمزاً · الجلسة REGULAR
21:53 KSA · REGULAR · scanner    · بدء المسح · 1154 رمزاً · الجلسة REGULAR
21:53 KSA · REGULAR · signal     · MSFT · tfAlign ▲ 76 · 1d
21:53 KSA · REGULAR · signal     · MCD · orb ▲ 63 · 15m
21:53 KSA · REGULAR · signal     · BNB-USD · brk ▲ 66 · 15m
21:53 KSA · REGULAR · signal     · SNPS · rsiDiv ▼ 56 · 15m
21:53 KSA · REGULAR · signal     · INJ-USD · rsiDiv ▼ 67 · 15m
21:53 KSA · REGULAR · signal     · TAO-USD · tfAlign ▲ 82 · 1d
21:53 KSA · REGULAR · signal     · BANK-USD · volSpike ▼ 89 · 15m
21:53 KSA · REGULAR · signal     · PENGU-USD · vwapRec ▼ 65 · 15m
21:53 KSA · REGULAR · signal     · ASTER-USD · vwapRec ▲ 78 · 15m
21:54 KSA · REGULAR · scanner    · بدء المسح · 1154 رمزاً · الجلسة REGULAR
21:56 KSA · REGULAR · scanner    · بدء المسح · 1154 رمزاً · الجلسة REGULAR
21:58 KSA · REGULAR · scanner    · بدء المسح · 1154 رمزاً · الجلسة REGULAR
22:00 KSA · REGULAR · scanner    · بدء المسح · 1154 رمزاً · الجلسة REGULAR
22:03 KSA · REGULAR · scanner    · بدء المسح · 1154 رمزاً · الجلسة REGULAR
22:03 KSA · REGULAR · signal     · DIS · rsiDiv ▲ 72 · 15m
22:03 KSA · REGULAR · signal     · PSX · tfAlign ▲ 89 · 1d
22:03 KSA · REGULAR · signal     · SHW · tfAlign ▼ 79 · 1d
22:03 KSA · REGULAR · signal     · FIX · brk ▲ 77 · 15m
22:03 KSA · REGULAR · signal     · PENGU-USD · vwapRec ▲ 60 · 15m
22:04 KSA · REGULAR · scanner    · بدء المسح · 1154 رمزاً · الجلسة REGULAR
22:07 KSA · REGULAR · scanner    · بدء المسح · 1154 رمزاً · الجلسة REGULAR
22:08 KSA · REGULAR · scanner    · بدء المسح · 1154 رمزاً · الجلسة REGULAR
22:10 KSA · REGULAR · scanner    · بدء المسح · 1154 رمزاً · الجلسة REGULAR
22:12 KSA · REGULAR · scanner    · بدء المسح · 1154 رمزاً · الجلسة REGULAR
22:12 KSA · REGULAR · signal     · VLO · vwapRec ▼ 68 · 15m
22:12 KSA · REGULAR · signal     · AON · volSpike ▲ 78 · 15m
22:14 KSA · REGULAR · scanner    · بدء المسح · 1154 رمزاً · الجلسة REGULAR
22:16 KSA · REGULAR · scanner    · بدء المسح · 1154 رمزاً · الجلسة REGULAR
22:18 KSA · REGULAR · scanner    · بدء المسح · 1154 رمزاً · الجلسة REGULAR
22:20 KSA · REGULAR · scanner    · بدء المسح · 1154 رمزاً · الجلسة REGULAR
22:23 KSA · REGULAR · scanner    · بدء المسح · 1154 رمزاً · الجلسة REGULAR
22:23 KSA · REGULAR · signal     · CAT · vwapRec ▲ 70 · 15m
22:23 KSA · REGULAR · signal     · PG · orb ▲ 85 · 15m
22:23 KSA · REGULAR · signal     · IBM · vwapRec ▲ 68 · 15m
22:23 KSA · REGULAR · signal     · APH · brk ▼ 70 · 15m
22:23 KSA · REGULAR · signal     · TJX · rsiDiv ▼ 61 · 15m
22:23 KSA · REGULAR · signal     · BNB-USD · meanRev ▼ 60 · 15m
22:23 KSA · REGULAR · signal     · AVAX-USD · tfAlign ▲ 87 · 1d
22:23 KSA · REGULAR · signal     · FIL-USD · brk ▲ 82 · 15m
22:23 KSA · REGULAR · signal     · VTHO-USD · vwapRec ▼ 68 · 15m
22:23 KSA · REGULAR · signal     · REZ-USD · vwapRec ▼ 75 · 15m
22:23 KSA · REGULAR · signal     · TAO-USD · vwapRec ▲ 65 · 15m
22:23 KSA · REGULAR · signal     · ASTER-USD · vwapRec ▲ 63 · 15m
22:24 KSA · REGULAR · scanner    · بدء المسح · 1154 رمزاً · الجلسة REGULAR
22:26 KSA · REGULAR · scanner    · بدء المسح · 1154 رمزاً · الجلسة REGULAR
22:28 KSA · REGULAR · scanner    · بدء المسح · 1154 رمزاً · الجلسة REGULAR
22:30 KSA · REGULAR · scanner    · بدء المسح · 1154 رمزاً · الجلسة REGULAR
22:32 KSA · REGULAR · scanner    · بدء المسح · 1154 رمزاً · الجلسة REGULAR
22:32 KSA · REGULAR · signal     · NEM · orb ▼ 80 · 15m
22:32 KSA · REGULAR · signal     · LOW · vwapRec ▼ 75 · 15m
22:32 KSA · REGULAR · signal     · RDDT · volSpike ▲ 78 · 15m
22:32 KSA · REGULAR · signal     · SWKS · orb ▼ 65 · 15m
22:32 KSA · REGULAR · signal     · DASH-USD · brk ▲ 93 · 15m
22:32 KSA · REGULAR · signal     · SPCXB-USD · vwapRec ▲ 63 · 15m
22:34 KSA · REGULAR · scanner    · بدء المسح · 1154 رمزاً · الجلسة REGULAR
22:37 KSA · REGULAR · scanner    · بدء المسح · 1154 رمزاً · الجلسة REGULAR
22:38 KSA · REGULAR · scanner    · بدء المسح · 1154 رمزاً · الجلسة REGULAR
22:40 KSA · REGULAR · scanner    · بدء المسح · 1154 رمزاً · الجلسة REGULAR
22:44 KSA · REGULAR · scanner    · بدء المسح · 1154 رمزاً · الجلسة REGULAR
22:44 KSA · REGULAR · signal     · KLAC · rsiDiv ▼ 94 · 1h
22:44 KSA · REGULAR · signal     · CRM · meanRev ▲ 60 · 15m
22:44 KSA · REGULAR · signal     · DE · momo ▲ 64 · 1h
22:44 KSA · REGULAR · signal     · TJX · pbTrend ▼ 74 · 1h
22:44 KSA · REGULAR · signal     · LITE · momo ▲ 92 · 1h
22:44 KSA · REGULAR · signal     · FIX · momo ▲ 100 · 1h
22:44 KSA · REGULAR · signal     · NKE · rsiDiv ▲ 72 · 1h
22:44 KSA · REGULAR · signal     · T-USD · rsiDiv ▼ 61 · 1h
22:44 KSA · REGULAR · signal     · SOXLB-USD · tfAlign ▲ 63 · 1d
22:44 KSA · REGULAR · signal     · U-USD · tfAlign ▲ 68 · 1d
22:45 KSA · REGULAR · scanner    · بدء المسح · 1154 رمزاً · الجلسة REGULAR
22:46 KSA · REGULAR · scanner    · بدء المسح · 1154 رمزاً · الجلسة REGULAR
22:48 KSA · REGULAR · scanner    · بدء المسح · 1154 رمزاً · الجلسة REGULAR
22:50 KSA · REGULAR · scanner    · بدء المسح · 1154 رمزاً · الجلسة REGULAR
22:53 KSA · REGULAR · scanner    · بدء المسح · 1154 رمزاً · الجلسة REGULAR
22:53 KSA · REGULAR · signal     · MSFT · vwapRec ▲ 100 · 15m
22:53 KSA · REGULAR · signal     · JNJ · volSpike ▲ 100 · 15m
22:53 KSA · REGULAR · signal     · MA · volSpike ▲ 83 · 15m
22:53 KSA · REGULAR · signal     · CVX · volSpike ▼ 83 · 15m
22:53 KSA · REGULAR · signal     · DELL · brk ▼ 77 · 15m
22:53 KSA · REGULAR · signal     · MRK · vwapRec ▲ 85 · 15m
22:53 KSA · REGULAR · signal     · CRWD · vwapRec ▼ 75 · 15m
22:53 KSA · REGULAR · signal     · MRVL · vwapRec ▼ 75 · 15m
22:53 KSA · REGULAR · signal     · AMGN · orb ▲ 65 · 15m
22:53 KSA · REGULAR · signal     · AMGN · rsiDiv ▼ 78 · 15m
22:53 KSA · REGULAR · signal     · TJX · vwapRec ▼ 78 · 15m
22:53 KSA · REGULAR · signal     · SPGI · volSpike ▲ 78 · 15m
22:53 KSA · REGULAR · signal     · PH · meanRev ▼ 68 · 15m
22:53 KSA · REGULAR · signal     · HWM · brk ▲ 89 · 15m
22:53 KSA · REGULAR · signal     · SNPS · brk ▲ 89 · 15m
22:53 KSA · REGULAR · signal     · CMI · brk ▲ 75 · 15m
22:53 KSA · REGULAR · signal     · COHR · brk ▲ 100 · 15m
22:53 KSA · REGULAR · signal     · FIX · volSpike ▲ 83 · 15m
22:53 KSA · REGULAR · signal     · KMB · vwapRec ▲ 75 · 15m
22:53 KSA · REGULAR · signal     · SOXLB-USD · brk ▲ 80 · 15m
22:53 KSA · REGULAR · signal     · UNI-USD · brk ▲ 80 · 15m
22:54 KSA · REGULAR · scanner    · بدء المسح · 1154 رمزاً · الجلسة REGULAR
22:56 KSA · REGULAR · scanner    · بدء المسح · 1154 رمزاً · الجلسة REGULAR
22:58 KSA · REGULAR · scanner    · بدء المسح · 1154 رمزاً · الجلسة REGULAR
23:00 KSA · AFTER   · scanner    · بدء المسح · 1154 رمزاً · الجلسة AFTER
23:00 KSA · AFTER   · signal     · AAPL · brk ▲ 66 · 15m · جلسة ممتدة
23:00 KSA · AFTER   · signal     · META · brk ▼ 77 · 15m · جلسة ممتدة
23:00 KSA · AFTER   · signal     · META · meanRev ▲ 78 · 15m · جلسة ممتدة
23:00 KSA · AFTER   · signal     · AMD · meanRev ▼ 85 · 15m · جلسة ممتدة
23:00 KSA · AFTER   · signal     · INTC · meanRev ▼ 57 · 15m · جلسة ممتدة
23:00 KSA · AFTER   · signal     · AMAT · meanRev ▼ 68 · 15m · جلسة ممتدة
23:00 KSA · AFTER   · signal     · GE · volSpike ▲ 78 · 15m · جلسة ممتدة
23:00 KSA · AFTER   · signal     · TXN · brk ▲ 77 · 15m · جلسة ممتدة
23:00 KSA · AFTER   · signal     · TXN · volSpike ▲ 94 · 15m · جلسة ممتدة
23:00 KSA · AFTER   · signal     · KLAC · meanRev ▼ 60 · 15m · جلسة ممتدة
23:00 KSA · AFTER   · signal     · ADI · meanRev ▼ 60 · 15m · جلسة ممتدة
23:00 KSA · AFTER   · signal     · HWM · meanRev ▼ 75 · 15m · جلسة ممتدة
23:00 KSA · AFTER   · signal     · LITE · meanRev ▼ 65 · 15m · جلسة ممتدة
23:00 KSA · AFTER   · signal     · SHW · volSpike ▲ 67 · 15m · جلسة ممتدة
23:00 KSA · AFTER   · signal     · MRNA · brk ▼ 75 · 15m · جلسة ممتدة
23:00 KSA · AFTER   · signal     · NXPI · volSpike ▲ 83 · 15m · جلسة ممتدة
23:00 KSA · AFTER   · signal     · TER · volSpike ▲ 100 · 15m · جلسة ممتدة
23:00 KSA · AFTER   · signal     · MCHP · meanRev ▼ 68 · 15m · جلسة ممتدة
23:03 KSA · AFTER   · scanner    · بدء المسح · 1154 رمزاً · الجلسة AFTER
23:03 KSA · AFTER   · signal     · NVDA · meanRev ▼ 57 · 15m · جلسة ممتدة
23:03 KSA · AFTER   · signal     · MA · volSpike ▲ 83 · 15m · جلسة ممتدة
23:03 KSA · AFTER   · signal     · PLTR · brk ▲ 80 · 15m · جلسة ممتدة
23:03 KSA · AFTER   · signal     · MRVL · brk ▲ 82 · 15m · جلسة ممتدة
23:03 KSA · AFTER   · signal     · STX · volSpike ▲ 94 · 15m · جلسة ممتدة
23:03 KSA · AFTER   · signal     · TMUS · volSpike ▲ 56 · 15m · جلسة ممتدة
23:03 KSA · AFTER   · signal     · ETN · meanRev ▼ 60 · 15m · جلسة ممتدة
23:03 KSA · AFTER   · signal     · APP · meanRev ▲ 85 · 15m · جلسة ممتدة
23:03 KSA · AFTER   · signal     · CEG · volSpike ▼ 100 · 15m · جلسة ممتدة
23:03 KSA · AFTER   · signal     · DDOG · meanRev ▲ 68 · 15m · جلسة ممتدة
23:03 KSA · AFTER   · signal     · NSC · brk ▼ 89 · 15m · جلسة ممتدة
23:03 KSA · AFTER   · signal     · NXPI · meanRev ▼ 93 · 15m · جلسة ممتدة
23:04 KSA · AFTER   · scanner    · بدء المسح · 1154 رمزاً · الجلسة AFTER
23:04 KSA · AFTER   · scanner    · بدء المسح · 1154 رمزاً · الجلسة AFTER
23:08 KSA · AFTER   · scanner    · بدء المسح · 1154 رمزاً · الجلسة AFTER
23:10 KSA · AFTER   · scanner    · بدء المسح · 1154 رمزاً · الجلسة AFTER
23:12 KSA · AFTER   · scanner    · بدء المسح · 1154 رمزاً · الجلسة AFTER
23:12 KSA · AFTER   · signal     · JPM · brk ▲ 56 · 15m · جلسة ممتدة
23:14 KSA · AFTER   · scanner    · بدء المسح · 1154 رمزاً · الجلسة AFTER
23:16 KSA · AFTER   · scanner    · بدء المسح · 1154 رمزاً · الجلسة AFTER
23:18 KSA · AFTER   · scanner    · بدء المسح · 1154 رمزاً · الجلسة AFTER
23:20 KSA · AFTER   · scanner    · بدء المسح · 1154 رمزاً · الجلسة AFTER
23:24 KSA · AFTER   · scanner    · بدء المسح · 1154 رمزاً · الجلسة AFTER
23:24 KSA · AFTER   · signal     · ABBV · volSpike ▲ 72 · 15m · جلسة ممتدة
23:24 KSA · AFTER   · signal     · CAT · brk ▲ 82 · 15m · جلسة ممتدة
23:25 KSA · AFTER   · scanner    · بدء المسح · 1154 رمزاً · الجلسة AFTER
23:26 KSA · AFTER   · scanner    · بدء المسح · 1154 رمزاً · الجلسة AFTER
23:28 KSA · AFTER   · scanner    · بدء المسح · 1154 رمزاً · الجلسة AFTER
23:30 KSA · AFTER   · scanner    · بدء المسح · 1154 رمزاً · الجلسة AFTER
23:32 KSA · AFTER   · scanner    · بدء المسح · 1154 رمزاً · الجلسة AFTER
23:32 KSA · AFTER   · signal     · GOOG · vwapRec ▲ 82 · 15m · جلسة ممتدة
23:32 KSA · AFTER   · signal     · BRK-B · vwapRec ▲ 63 · 15m · جلسة ممتدة
23:32 KSA · AFTER   · signal     · ORCL · vwapRec ▲ 60 · 15m · جلسة ممتدة
23:32 KSA · AFTER   · signal     · CVX · volSpike ▼ 67 · 15m · جلسة ممتدة
23:32 KSA · AFTER   · signal     · UNH · vwapRec ▲ 55 · 15m · جلسة ممتدة
23:32 KSA · AFTER   · signal     · UNH · volSpike ▼ 67 · 15m · جلسة ممتدة
23:32 KSA · AFTER   · signal     · KLAC · vwapRec ▼ 62 · 15m · جلسة ممتدة
23:32 KSA · AFTER   · signal     · IBM · vwapRec ▲ 60 · 15m · جلسة ممتدة
23:32 KSA · AFTER   · signal     · NOW · vwapRec ▲ 68 · 15m · جلسة ممتدة
23:32 KSA · AFTER   · signal     · FTNT · vwapRec ▲ 78 · 15m · جلسة ممتدة
23:32 KSA · AFTER   · signal     · FTNT · volSpike ▲ 94 · 15m · جلسة ممتدة
23:32 KSA · AFTER   · signal     · MDLZ · brk ▲ 73 · 15m · جلسة ممتدة
23:32 KSA · AFTER   · signal     · FIX · vwapRec ▼ 68 · 15m · جلسة ممتدة
23:33 KSA · AFTER   · signal     · RDDT · volSpike ▼ 100 · 15m · جلسة ممتدة
23:34 KSA · AFTER   · scanner    · بدء المسح · 1154 رمزاً · الجلسة AFTER
23:37 KSA · AFTER   · scanner    · بدء المسح · 1154 رمزاً · الجلسة AFTER
23:38 KSA · AFTER   · scanner    · بدء المسح · 1154 رمزاً · الجلسة AFTER
23:40 KSA · AFTER   · scanner    · بدء المسح · 1154 رمزاً · الجلسة AFTER
23:43 KSA · AFTER   · scanner    · بدء المسح · 1154 رمزاً · الجلسة AFTER
23:43 KSA · AFTER   · signal     · META · pbTrend ▲ 90 · 1h · جلسة ممتدة
23:43 KSA · AFTER   · signal     · META · momo ▼ 72 · 1h · جلسة ممتدة
23:43 KSA · AFTER   · signal     · ABBV · brk ▼ 58 · 15m · جلسة ممتدة
23:43 KSA · AFTER   · signal     · MRK · momo ▲ 83 · 1h · جلسة ممتدة
23:43 KSA · AFTER   · signal     · DELL · vwapRec ▲ 74 · 15m · جلسة ممتدة
23:43 KSA · AFTER   · signal     · AMAT · momo ▲ 89 · 1h · جلسة ممتدة
23:43 KSA · AFTER   · signal     · MRVL · momo ▲ 83 · 1h · جلسة ممتدة
23:43 KSA · AFTER   · signal     · ADI · tfAlign ▲ 79 · 1d · جلسة ممتدة
23:43 KSA · AFTER   · signal     · NOW · meanRev ▲ 75 · 15m · جلسة ممتدة
23:43 KSA · AFTER   · signal     · PH · momo ▲ 86 · 1h · جلسة ممتدة
23:43 KSA · AFTER   · signal     · CEG · vwapRec ▼ 65 · 15m · جلسة ممتدة
23:43 KSA · AFTER   · signal     · INTU · orb ▲ 59 · 15m · جلسة ممتدة
23:43 KSA · AFTER   · signal     · CMI · pbTrend ▼ 86 · 1h · جلسة ممتدة
23:43 KSA · AFTER   · signal     · MPWR · orb ▲ 82 · 15m · جلسة ممتدة
23:43 KSA · AFTER   · signal     · TER · momo ▲ 89 · 1h · جلسة ممتدة
23:43 KSA · AFTER   · signal     · TER · tfAlign ▲ 89 · 1d · جلسة ممتدة
23:43 KSA · AFTER   · signal     · MCHP · momo ▲ 86 · 1h · جلسة ممتدة
23:43 KSA · AFTER   · signal     · KVUE · momo ▼ 72 · 1h · جلسة ممتدة
23:43 KSA · AFTER   · signal     · QQQB-USD · momo ▲ 83 · 1h
23:44 KSA · AFTER   · scanner    · بدء المسح · 1154 رمزاً · الجلسة AFTER
23:46 KSA · AFTER   · scanner    · بدء المسح · 1154 رمزاً · الجلسة AFTER
23:48 KSA · AFTER   · scanner    · بدء المسح · 1154 رمزاً · الجلسة AFTER
23:50 KSA · AFTER   · scanner    · بدء المسح · 1154 رمزاً · الجلسة AFTER
23:53 KSA · AFTER   · scanner    · بدء المسح · 1154 رمزاً · الجلسة AFTER
23:53 KSA · AFTER   · signal     · GOOGL · vwapRec ▲ 82 · 15m · جلسة ممتدة
23:53 KSA · AFTER   · signal     · MSFT · orb ▲ 88 · 15m · جلسة ممتدة
23:53 KSA · AFTER   · signal     · ABBV · orb ▲ 100 · 15m · جلسة ممتدة
23:53 KSA · AFTER   · signal     · ABBV · brk ▲ 100 · 15m · جلسة ممتدة
23:53 KSA · AFTER   · signal     · PG · orb ▲ 70 · 15m · جلسة ممتدة
23:53 KSA · AFTER   · signal     · LIN · orb ▲ 71 · 15m · جلسة ممتدة
23:53 KSA · AFTER   · signal     · DE · orb ▲ 92 · 15m · جلسة ممتدة
23:53 KSA · AFTER   · signal     · DE · brk ▲ 89 · 15m · جلسة ممتدة
23:53 KSA · AFTER   · signal     · T · orb ▼ 75 · 15m · جلسة ممتدة
23:53 KSA · AFTER   · signal     · NEE · orb ▲ 60 · 15m · جلسة ممتدة
23:53 KSA · AFTER   · signal     · ETN · volSpike ▲ 94 · 15m · جلسة ممتدة
23:53 KSA · AFTER   · signal     · PFE · vwapRec ▼ 60 · 15m · جلسة ممتدة
23:53 KSA · AFTER   · signal     · ISRG · orb ▲ 88 · 15m · جلسة ممتدة
23:53 KSA · AFTER   · signal     · ADP · orb ▲ 76 · 15m · جلسة ممتدة
23:53 KSA · AFTER   · signal     · CMI · brk ▲ 81 · 15m · جلسة ممتدة
23:53 KSA · AFTER   · signal     · ADSK · meanRev ▼ 70 · 15m · جلسة ممتدة
23:54 KSA · AFTER   · scanner    · بدء المسح · 1154 رمزاً · الجلسة AFTER
23:56 KSA · AFTER   · scanner    · بدء المسح · 1154 رمزاً · الجلسة AFTER
23:58 KSA · AFTER   · scanner    · بدء المسح · 1154 رمزاً · الجلسة AFTER
