00:00 KSA · AFTER   · scanner    · بدء المسح · 1153 رمزاً · الجلسة AFTER
00:00 KSA · AFTER   · signal     · HPQ · orb ▲ 86 · 5m · جلسة ممتدة
00:03 KSA · AFTER   · scanner    · بدء المسح · 1153 رمزاً · الجلسة AFTER
00:03 KSA · AFTER   · signal     · UNI-USD · brk ▼ 64 · 15m
00:03 KSA · AFTER   · signal     · UNI-USD · sqzExp ▼ 57 · 1h
00:03 KSA · AFTER   · signal     · SUI-USD · sqzExp ▼ 55 · 1h
00:03 KSA · AFTER   · signal     · TAO-USD · brk ▼ 57 · 15m
00:03 KSA · AFTER   · signal     · TAO-USD · sqzExp ▼ 65 · 1h
00:03 KSA · AFTER   · signal     · THE-USD · brk ▼ 61 · 15m
00:03 KSA · AFTER   · signal     · THE-USD · sqzExp ▼ 75 · 1h
00:03 KSA · AFTER   · signal     · TRUMP-USD · brk ▼ 55 · 15m
00:03 KSA · AFTER   · signal     · TRUMP-USD · sqzExp ▼ 75 · 1h
00:03 KSA · AFTER   · signal     · EUR-USD · brk ▼ 55 · 15m
00:03 KSA · AFTER   · signal     · ARB-USD · brk ▼ 61 · 15m
00:03 KSA · AFTER   · signal     · ARB-USD · sqzExp ▼ 65 · 1h
00:03 KSA · AFTER   · signal     · HOLO-USD · brk ▼ 61 · 15m
00:03 KSA · AFTER   · signal     · HOLO-USD · sqzExp ▼ 73 · 1h
00:03 KSA · AFTER   · signal     · BANK-USD · brk ▼ 57 · 15m
00:03 KSA · AFTER   · signal     · TON-USD · brk ▼ 61 · 15m
00:03 KSA · AFTER   · signal     · PENGU-USD · brk ▼ 55 · 15m
00:03 KSA · AFTER   · signal     · PENGU-USD · sqzExp ▼ 65 · 1h
00:03 KSA · AFTER   · signal     · WLFI-USD · brk ▼ 61 · 15m
00:03 KSA · AFTER   · signal     · APT-USD · sqzExp ▼ 88 · 1h
00:04 KSA · AFTER   · scanner    · بدء المسح · 1153 رمزاً · الجلسة AFTER
00:04 KSA · AFTER   · signal     · META · orb ▼ 82 · 5m · جلسة ممتدة
00:04 KSA · AFTER   · signal     · XOM · vwapRec ▼ 57 · 5m · جلسة ممتدة
00:04 KSA · AFTER   · signal     · RTX · orb ▲ 64 · 5m · جلسة ممتدة
00:04 KSA · AFTER   · signal     · INTU · vwapRec ▲ 57 · 5m · جلسة ممتدة
00:04 KSA · AFTER   · signal     · KMB · orb ▲ 82 · 5m · جلسة ممتدة
00:04 KSA · AFTER   · signal     · KMB · vwapRec ▲ 57 · 5m · جلسة ممتدة
00:04 KSA · AFTER   · signal     · U-USD · orb ▲ 65 · 5m
00:04 KSA · AFTER   · signal     · WLFI-USD · vwapRec ▲ 85 · 5m
00:07 KSA · AFTER   · scanner    · بدء المسح · 1153 رمزاً · الجلسة AFTER
00:07 KSA · AFTER   · signal     · BKNG · orb ▲ 82 · 5m · جلسة ممتدة
00:07 KSA · AFTER   · signal     · APP · orb ▲ 82 · 5m · جلسة ممتدة
00:07 KSA · AFTER   · signal     · THE-USD · orb ▲ 64 · 5m
00:07 KSA · AFTER   · signal     · EUR-USD · vwapRec ▼ 100 · 5m
00:07 KSA · AFTER   · signal     · JKHY · meanRev ▲ 100 · 1d · جلسة ممتدة
00:08 KSA · AFTER   · scanner    · بدء المسح · 1153 رمزاً · الجلسة AFTER
00:08 KSA · AFTER   · signal     · COIN · orb ▼ 64 · 5m · جلسة ممتدة
00:08 KSA · AFTER   · signal     · THE-USD · vwapRec ▼ 100 · 5m
00:10 KSA · AFTER   · scanner    · بدء المسح · 1153 رمزاً · الجلسة AFTER
00:10 KSA · AFTER   · signal     · PEP · meanRev ▲ 100 · 15m · جلسة ممتدة
00:10 KSA · AFTER   · signal     · PSX · vwapRec ▲ 57 · 5m · جلسة ممتدة
00:13 KSA · AFTER   · scanner    · بدء المسح · 1153 رمزاً · الجلسة AFTER
00:13 KSA · AFTER   · signal     · LSK-USD · orb ▼ 57 · 5m
00:13 KSA · AFTER   · signal     · UNI-USD · brk ▼ 64 · 15m
00:13 KSA · AFTER   · signal     · UNI-USD · sqzExp ▼ 57 · 1h
00:13 KSA · AFTER   · signal     · SUI-USD · sqzExp ▼ 55 · 1h
00:13 KSA · AFTER   · signal     · PEPE-USD · orb ▲ 57 · 5m
00:13 KSA · AFTER   · signal     · TAO-USD · brk ▼ 57 · 15m
00:13 KSA · AFTER   · signal     · TAO-USD · sqzExp ▼ 65 · 1h
00:13 KSA · AFTER   · signal     · THE-USD · brk ▼ 61 · 15m
00:13 KSA · AFTER   · signal     · THE-USD · sqzExp ▼ 75 · 1h
00:13 KSA · AFTER   · signal     · TRUMP-USD · brk ▼ 55 · 15m
00:13 KSA · AFTER   · signal     · TRUMP-USD · sqzExp ▼ 75 · 1h
00:13 KSA · AFTER   · signal     · EUR-USD · brk ▼ 55 · 15m
00:13 KSA · AFTER   · signal     · EUR-USD · tfAlign ▼ 83 · 1d
00:13 KSA · AFTER   · signal     · ARB-USD · brk ▼ 61 · 15m
00:13 KSA · AFTER   · signal     · ARB-USD · sqzExp ▼ 65 · 1h
00:13 KSA · AFTER   · signal     · HOLO-USD · brk ▼ 61 · 15m
00:13 KSA · AFTER   · signal     · HOLO-USD · sqzExp ▼ 73 · 1h
00:13 KSA · AFTER   · signal     · BANK-USD · brk ▼ 57 · 15m
00:13 KSA · AFTER   · signal     · TON-USD · brk ▼ 61 · 15m
00:13 KSA · AFTER   · signal     · PENGU-USD · brk ▼ 55 · 15m
00:13 KSA · AFTER   · signal     · PENGU-USD · sqzExp ▼ 65 · 1h
00:13 KSA · AFTER   · signal     · WLFI-USD · brk ▼ 61 · 15m
00:13 KSA · AFTER   · signal     · APT-USD · sqzExp ▼ 88 · 1h
00:15 KSA · AFTER   · scanner    · بدء المسح · 1153 رمزاً · الجلسة AFTER
00:15 KSA · AFTER   · signal     · LIN · orb ▼ 73 · 5m · جلسة ممتدة
00:15 KSA · AFTER   · signal     · BKNG · orb ▲ 86 · 5m · جلسة ممتدة
00:15 KSA · AFTER   · signal     · BKNG · meanRev ▼ 100 · 15m · جلسة ممتدة
00:15 KSA · AFTER   · signal     · THE-USD · orb ▲ 93 · 5m
00:15 KSA · AFTER   · signal     · ZBRA · meanRev ▲ 100 · 1d · جلسة ممتدة
00:16 KSA · AFTER   · scanner    · بدء المسح · 1153 رمزاً · الجلسة AFTER
00:16 KSA · AFTER   · signal     · U-USD · orb ▲ 100 · 5m
00:16 KSA · AFTER   · signal     · U-USD · vwapRec ▲ 57 · 5m
00:18 KSA · AFTER   · scanner    · بدء المسح · 1153 رمزاً · الجلسة AFTER
00:18 KSA · AFTER   · signal     · MSFT · meanRev ▲ 100 · 15m · جلسة ممتدة
00:18 KSA · AFTER   · signal     · WLFI-USD · vwapRec ▼ 100 · 5m
00:20 KSA · AFTER   · scanner    · بدء المسح · 1153 رمزاً · الجلسة AFTER
00:24 KSA · AFTER   · scanner    · بدء المسح · 1153 رمزاً · الجلسة AFTER
00:24 KSA · AFTER   · signal     · ZEC-USD · momo ▼ 56 · 1h
00:24 KSA · AFTER   · signal     · NEAR-USD · rsiDiv ▲ 56 · 1h
00:24 KSA · AFTER   · signal     · ETHFI-USD · pbTrend ▲ 57 · 1h
00:24 KSA · AFTER   · signal     · OP-USD · tfAlign ▼ 85 · 1d
00:24 KSA · AFTER   · signal     · LSK-USD · orb ▼ 65 · 5m
00:24 KSA · AFTER   · signal     · ARK-USD · pbTrend ▲ 74 · 1h
00:24 KSA · AFTER   · signal     · MTL-USD · pbTrend ▲ 67 · 1h
00:24 KSA · AFTER   · signal     · UNI-USD · brk ▼ 61 · 15m
00:24 KSA · AFTER   · signal     · UNI-USD · momo ▼ 64 · 1h
00:24 KSA · AFTER   · signal     · SUI-USD · sqzExp ▼ 65 · 1h
00:24 KSA · AFTER   · signal     · PEPE-USD · orb ▲ 57 · 5m
00:24 KSA · AFTER   · signal     · PEPE-USD · sqzExp ▲ 55 · 1h
00:24 KSA · AFTER   · signal     · TAO-USD · brk ▼ 66 · 15m
00:24 KSA · AFTER   · signal     · THE-USD · brk ▼ 55 · 15m
00:24 KSA · AFTER   · signal     · THE-USD · sqzExp ▼ 75 · 1h
00:24 KSA · AFTER   · signal     · THE-USD · momo ▼ 64 · 1h
00:24 KSA · AFTER   · signal     · THE-USD · tfAlign ▼ 75 · 1d
00:24 KSA · AFTER   · signal     · TRUMP-USD · brk ▼ 68 · 15m
00:24 KSA · AFTER   · signal     · TRUMP-USD · sqzExp ▼ 75 · 1h
00:24 KSA · AFTER   · signal     · EUR-USD · brk ▼ 68 · 15m
00:24 KSA · AFTER   · signal     · ARB-USD · orb ▼ 57 · 5m
00:24 KSA · AFTER   · signal     · ARB-USD · brk ▼ 61 · 15m
00:24 KSA · AFTER   · signal     · ARB-USD · sqzExp ▼ 65 · 1h
00:24 KSA · AFTER   · signal     · HOLO-USD · brk ▼ 61 · 15m
00:24 KSA · AFTER   · signal     · HOLO-USD · sqzExp ▼ 73 · 1h
00:24 KSA · AFTER   · signal     · BANK-USD · brk ▼ 59 · 15m
00:24 KSA · AFTER   · signal     · TON-USD · brk ▼ 61 · 15m
00:24 KSA · AFTER   · signal     · PENGU-USD · brk ▼ 55 · 15m
00:24 KSA · AFTER   · signal     · PENGU-USD · sqzExp ▼ 65 · 1h
00:24 KSA · AFTER   · signal     · PENGU-USD · tfAlign ▼ 85 · 1d
00:24 KSA · AFTER   · signal     · APT-USD · sqzExp ▼ 88 · 1h
00:24 KSA · AFTER   · signal     · APT-USD · tfAlign ▼ 85 · 1d
00:25 KSA · AFTER   · scanner    · بدء المسح · 1153 رمزاً · الجلسة AFTER
00:25 KSA · AFTER   · signal     · META · brk ▼ 63 · 15m · جلسة ممتدة
00:25 KSA · AFTER   · signal     · TSLA · orb ▼ 100 · 5m · جلسة ممتدة
00:25 KSA · AFTER   · signal     · ETN · orb ▲ 100 · 5m · جلسة ممتدة
00:25 KSA · AFTER   · signal     · FIS · brk ▼ 69 · 1d · جلسة ممتدة
00:25 KSA · AFTER   · signal     · JST-USD · brk ▲ 69 · 1d
00:25 KSA · AFTER   · signal     · MAGIC-USD · brk ▼ 69 · 1d
00:25 KSA · AFTER   · signal     · STG-USD · meanRev ▲ 100 · 1d
00:28 KSA · AFTER   · scanner    · بدء المسح · 1153 رمزاً · الجلسة AFTER
00:28 KSA · AFTER   · signal     · BKNG · orb ▲ 64 · 5m · جلسة ممتدة
00:28 KSA · AFTER   · signal     · CDNS · vwapRec ▲ 79 · 5m · جلسة ممتدة
00:28 KSA · AFTER   · signal     · MRNA · orb ▲ 100 · 5m · جلسة ممتدة
00:28 KSA · AFTER   · signal     · THE-USD · orb ▼ 82 · 5m
00:28 KSA · AFTER   · signal     · PLUME-USD · brk ▼ 69 · 1d
00:30 KSA · AFTER   · scanner    · بدء المسح · 1153 رمزاً · الجلسة AFTER
00:30 KSA · AFTER   · signal     · AMAT · meanRev ▼ 100 · 15m · جلسة ممتدة
00:33 KSA · AFTER   · scanner    · بدء المسح · 1153 رمزاً · الجلسة AFTER
00:33 KSA · AFTER   · signal     · XAUT-USD · volSpike ▼ 100 · 15m
00:33 KSA · AFTER   · signal     · UNI-USD · brk ▼ 68 · 15m
00:33 KSA · AFTER   · signal     · SUI-USD · sqzExp ▼ 65 · 1h
00:33 KSA · AFTER   · signal     · PEPE-USD · orb ▲ 65 · 5m
00:33 KSA · AFTER   · signal     · PEPE-USD · sqzExp ▲ 55 · 1h
00:33 KSA · AFTER   · signal     · TAO-USD · brk ▼ 64 · 15m
00:33 KSA · AFTER   · signal     · THE-USD · brk ▼ 86 · 15m
00:33 KSA · AFTER   · signal     · THE-USD · meanRev ▲ 57 · 15m
00:33 KSA · AFTER   · signal     · THE-USD · sqzExp ▼ 75 · 1h
00:33 KSA · AFTER   · signal     · THE-USD · volSpike ▼ 89 · 15m
00:33 KSA · AFTER   · signal     · TRUMP-USD · brk ▼ 68 · 15m
00:33 KSA · AFTER   · signal     · TRUMP-USD · sqzExp ▼ 75 · 1h
00:33 KSA · AFTER   · signal     · EUR-USD · brk ▼ 61 · 15m
00:33 KSA · AFTER   · signal     · ARB-USD · brk ▼ 61 · 15m
00:33 KSA · AFTER   · signal     · ARB-USD · sqzExp ▼ 65 · 1h
00:33 KSA · AFTER   · signal     · HOLO-USD · brk ▼ 68 · 15m
00:33 KSA · AFTER   · signal     · HOLO-USD · sqzExp ▼ 73 · 1h
00:33 KSA · AFTER   · signal     · BANK-USD · brk ▼ 57 · 15m
00:33 KSA · AFTER   · signal     · TON-USD · brk ▼ 61 · 15m
00:33 KSA · AFTER   · signal     · PENGU-USD · brk ▼ 68 · 15m
00:33 KSA · AFTER   · signal     · PENGU-USD · sqzExp ▼ 65 · 1h
00:33 KSA · AFTER   · signal     · APT-USD · sqzExp ▼ 88 · 1h
00:34 KSA · AFTER   · scanner    · بدء المسح · 1153 رمزاً · الجلسة AFTER
00:34 KSA · AFTER   · signal     · META · orb ▼ 86 · 5m · جلسة ممتدة
00:34 KSA · AFTER   · signal     · BKNG · orb ▲ 64 · 5m · جلسة ممتدة
00:34 KSA · AFTER   · signal     · HAL · meanRev ▲ 100 · 1d · جلسة ممتدة
00:38 KSA · AFTER   · scanner    · بدء المسح · 1153 رمزاً · الجلسة AFTER
00:38 KSA · AFTER   · signal     · AMAT · orb ▼ 73 · 5m · جلسة ممتدة
00:38 KSA · AFTER   · signal     · AMAT · brk ▼ 63 · 15m · جلسة ممتدة
00:38 KSA · AFTER   · signal     · AMAT · sqzExp ▼ 100 · 1h · جلسة ممتدة
00:38 KSA · AFTER   · signal     · SPCXB-USD · meanRev ▲ 100 · 15m
00:38 KSA · AFTER   · signal     · U-USD · orb ▲ 100 · 5m
00:38 KSA · AFTER   · signal     · U-USD · vwapRec ▲ 57 · 5m
00:38 KSA · AFTER   · signal     · WLFI-USD · vwapRec ▲ 63 · 5m
00:40 KSA · AFTER   · scanner    · بدء المسح · 1153 رمزاً · الجلسة AFTER
00:40 KSA · AFTER   · signal     · KVUE · orb ▼ 73 · 5m · جلسة ممتدة
00:43 KSA · AFTER   · scanner    · بدء المسح · 1153 رمزاً · الجلسة AFTER
00:43 KSA · AFTER   · signal     · NEE · vwapRec ▲ 60 · 5m · جلسة ممتدة
00:43 KSA · AFTER   · signal     · LSK-USD · orb ▼ 57 · 5m
00:43 KSA · AFTER   · signal     · UNI-USD · brk ▼ 68 · 15m
00:43 KSA · AFTER   · signal     · SUI-USD · sqzExp ▼ 65 · 1h
00:43 KSA · AFTER   · signal     · PEPE-USD · sqzExp ▲ 55 · 1h
00:43 KSA · AFTER   · signal     · TAO-USD · brk ▼ 64 · 15m
00:43 KSA · AFTER   · signal     · THE-USD · brk ▼ 86 · 15m
00:43 KSA · AFTER   · signal     · THE-USD · sqzExp ▼ 75 · 1h
00:43 KSA · AFTER   · signal     · TRUMP-USD · brk ▼ 68 · 15m
00:43 KSA · AFTER   · signal     · TRUMP-USD · sqzExp ▼ 75 · 1h
00:43 KSA · AFTER   · signal     · EUR-USD · brk ▼ 61 · 15m
00:43 KSA · AFTER   · signal     · ARB-USD · brk ▼ 61 · 15m
00:43 KSA · AFTER   · signal     · ARB-USD · sqzExp ▼ 65 · 1h
00:43 KSA · AFTER   · signal     · HOLO-USD · brk ▼ 68 · 15m
00:43 KSA · AFTER   · signal     · HOLO-USD · sqzExp ▼ 73 · 1h
00:43 KSA · AFTER   · signal     · BANK-USD · brk ▼ 57 · 15m
00:43 KSA · AFTER   · signal     · TON-USD · brk ▼ 61 · 15m
00:43 KSA · AFTER   · signal     · PENGU-USD · brk ▼ 68 · 15m
00:43 KSA · AFTER   · signal     · PENGU-USD · sqzExp ▼ 65 · 1h
00:43 KSA · AFTER   · signal     · APT-USD · sqzExp ▼ 88 · 1h
00:44 KSA · AFTER   · scanner    · بدء المسح · 1153 رمزاً · الجلسة AFTER
00:44 KSA · AFTER   · signal     · MDT · orb ▼ 100 · 5m · جلسة ممتدة
00:44 KSA · AFTER   · signal     · PEPE-USD · orb ▼ 60 · 5m
00:46 KSA · AFTER   · scanner    · بدء المسح · 1153 رمزاً · الجلسة AFTER
00:46 KSA · AFTER   · signal     · MSFT · vwapRec ▼ 79 · 5m · جلسة ممتدة
00:46 KSA · AFTER   · signal     · EUR-USD · vwapRec ▼ 100 · 5m
00:46 KSA · AFTER   · signal     · ZTS · brk ▼ 100 · 1d · جلسة ممتدة
00:46 KSA · AFTER   · signal     · ZTS · meanRev ▲ 100 · 1d · جلسة ممتدة
00:48 KSA · AFTER   · scanner    · بدء المسح · 1153 رمزاً · الجلسة AFTER
00:48 KSA · AFTER   · signal     · QCOM · orb ▼ 100 · 5m · جلسة ممتدة
00:48 KSA · AFTER   · signal     · ADI · orb ▼ 100 · 5m · جلسة ممتدة
00:48 KSA · AFTER   · signal     · DHR · vwapRec ▼ 57 · 5m · جلسة ممتدة
00:50 KSA · AFTER   · scanner    · بدء المسح · 1153 رمزاً · الجلسة AFTER
00:50 KSA · AFTER   · signal     · AMAT · vwapRec ▲ 57 · 5m · جلسة ممتدة
00:50 KSA · AFTER   · signal     · NEE · vwapRec ▲ 60 · 5m · جلسة ممتدة
00:50 KSA · AFTER   · signal     · VRTX · brk ▲ 100 · 15m · جلسة ممتدة
00:50 KSA · AFTER   · signal     · VRTX · meanRev ▼ 100 · 15m · جلسة ممتدة
00:50 KSA · AFTER   · signal     · ARB-USD · vwapRec ▼ 100 · 5m
00:53 KSA · AFTER   · scanner    · بدء المسح · 1153 رمزاً · الجلسة AFTER
00:53 KSA · AFTER   · signal     · NSC · volSpike ▲ 72 · 15m · جلسة ممتدة
00:54 KSA · AFTER   · signal     · LSK-USD · orb ▼ 57 · 5m
00:54 KSA · AFTER   · signal     · MARSCOIN-USD · momo ▼ 73 · 1h
00:54 KSA · AFTER   · signal     · UNI-USD · brk ▼ 55 · 15m
00:54 KSA · AFTER   · signal     · SUI-USD · sqzExp ▼ 65 · 1h
00:54 KSA · AFTER   · signal     · U-USD · brk ▼ 55 · 15m
00:54 KSA · AFTER   · signal     · PEPE-USD · sqzExp ▲ 55 · 1h
00:54 KSA · AFTER   · signal     · THE-USD · brk ▼ 73 · 15m
00:54 KSA · AFTER   · signal     · THE-USD · meanRev ▲ 57 · 15m
00:54 KSA · AFTER   · signal     · THE-USD · sqzExp ▼ 75 · 1h
00:54 KSA · AFTER   · signal     · TRUMP-USD · brk ▼ 55 · 15m
00:54 KSA · AFTER   · signal     · TRUMP-USD · sqzExp ▼ 75 · 1h
00:54 KSA · AFTER   · signal     · EUR-USD · brk ▼ 55 · 15m
00:54 KSA · AFTER   · signal     · EUR-USD · tfAlign ▼ 83 · 1d
00:54 KSA · AFTER   · signal     · ARB-USD · brk ▼ 55 · 15m
00:54 KSA · AFTER   · signal     · ARB-USD · sqzExp ▼ 65 · 1h
00:54 KSA · AFTER   · signal     · HOLO-USD · brk ▼ 55 · 15m
00:54 KSA · AFTER   · signal     · HOLO-USD · sqzExp ▼ 73 · 1h
00:54 KSA · AFTER   · signal     · BANK-USD · brk ▼ 64 · 15m
00:54 KSA · AFTER   · signal     · BANK-USD · tfAlign ▼ 70 · 1d
00:54 KSA · AFTER   · signal     · TON-USD · brk ▼ 61 · 15m
00:54 KSA · AFTER   · signal     · PENGU-USD · brk ▼ 55 · 15m
00:54 KSA · AFTER   · signal     · PENGU-USD · sqzExp ▼ 65 · 1h
00:54 KSA · AFTER   · signal     · APT-USD · sqzExp ▼ 88 · 1h
00:55 KSA · AFTER   · scanner    · بدء المسح · 1153 رمزاً · الجلسة AFTER
00:55 KSA · AFTER   · signal     · RTX · brk ▲ 69 · 15m · جلسة ممتدة
00:55 KSA · AFTER   · signal     · VRTX · brk ▲ 100 · 15m · جلسة ممتدة
00:55 KSA · AFTER   · signal     · LDO-USD · meanRev ▲ 100 · 1d
00:55 KSA · AFTER   · signal     · IO-USD · brk ▼ 69 · 1d
00:56 KSA · AFTER   · scanner    · بدء المسح · 1153 رمزاً · الجلسة AFTER
00:56 KSA · AFTER   · signal     · SEI-USD · meanRev ▲ 100 · 1d
00:58 KSA · AFTER   · scanner    · بدء المسح · 1153 رمزاً · الجلسة AFTER
00:58 KSA · AFTER   · signal     · BKNG · orb ▲ 64 · 5m · جلسة ممتدة
00:58 KSA · AFTER   · signal     · U-USD · orb ▲ 100 · 5m
00:58 KSA · AFTER   · signal     · U-USD · vwapRec ▲ 57 · 5m
00:58 KSA · AFTER   · signal     · AIGENSYN-USD · meanRev ▲ 100 · 1d
01:00 KSA · AFTER   · scanner    · بدء المسح · 1153 رمزاً · الجلسة AFTER
01:00 KSA · AFTER   · signal     · RDDT · orb ▼ 100 · 5m · جلسة ممتدة
01:00 KSA · AFTER   · signal     · THE-USD · meanRev ▲ 100 · 15m
01:03 KSA · AFTER   · scanner    · بدء المسح · 1153 رمزاً · الجلسة AFTER
01:03 KSA · AFTER   · signal     · MSFT · pbTrend ▲ 81 · 1h · جلسة ممتدة
01:03 KSA · AFTER   · signal     · LSK-USD · orb ▼ 57 · 5m
01:03 KSA · AFTER   · signal     · UNI-USD · brk ▼ 68 · 15m
01:03 KSA · AFTER   · signal     · SUI-USD · sqzExp ▼ 65 · 1h
01:03 KSA · AFTER   · signal     · U-USD · brk ▼ 55 · 15m
01:03 KSA · AFTER   · signal     · PEPE-USD · sqzExp ▲ 55 · 1h
01:03 KSA · AFTER   · signal     · TAO-USD · brk ▼ 64 · 15m
01:03 KSA · AFTER   · signal     · THE-USD · brk ▼ 61 · 15m
01:03 KSA · AFTER   · signal     · THE-USD · sqzExp ▼ 75 · 1h
01:03 KSA · AFTER   · signal     · TRUMP-USD · brk ▼ 68 · 15m
01:03 KSA · AFTER   · signal     · TRUMP-USD · sqzExp ▼ 75 · 1h
01:03 KSA · AFTER   · signal     · EUR-USD · brk ▼ 55 · 15m
01:03 KSA · AFTER   · signal     · ARB-USD · sqzExp ▼ 65 · 1h
01:03 KSA · AFTER   · signal     · HOLO-USD · brk ▼ 68 · 15m
01:03 KSA · AFTER   · signal     · HOLO-USD · sqzExp ▼ 73 · 1h
01:03 KSA · AFTER   · signal     · HOLO-USD · momo ▼ 81 · 1h
01:03 KSA · AFTER   · signal     · BANK-USD · brk ▼ 58 · 15m
01:03 KSA · AFTER   · signal     · TON-USD · brk ▼ 61 · 15m
01:03 KSA · AFTER   · signal     · PENGU-USD · brk ▼ 68 · 15m
01:03 KSA · AFTER   · signal     · PENGU-USD · sqzExp ▼ 65 · 1h
01:03 KSA · AFTER   · signal     · APT-USD · sqzExp ▼ 88 · 1h
01:04 KSA · AFTER   · scanner    · بدء المسح · 1153 رمزاً · الجلسة AFTER
01:04 KSA · AFTER   · signal     · RTX · vwapRec ▲ 57 · 5m · جلسة ممتدة
01:04 KSA · AFTER   · signal     · LIN · orb ▼ 73 · 5m · جلسة ممتدة
01:04 KSA · AFTER   · signal     · VRTX · brk ▲ 100 · 15m · جلسة ممتدة
01:04 KSA · AFTER   · signal     · LHX · orb ▲ 86 · 5m · جلسة ممتدة
01:04 KSA · AFTER   · signal     · U-USD · orb ▲ 60 · 5m
01:08 KSA · AFTER   · scanner    · بدء المسح · 1153 رمزاً · الجلسة AFTER
01:08 KSA · AFTER   · signal     · BKNG · orb ▲ 86 · 5m · جلسة ممتدة
01:08 KSA · AFTER   · signal     · FLOKI-USD · brk ▼ 69 · 1d
01:08 KSA · AFTER   · signal     · CITY-USD · meanRev ▲ 100 · 1d
01:10 KSA · AFTER   · scanner    · بدء المسح · 1153 رمزاً · الجلسة AFTER
01:10 KSA · AFTER   · signal     · WMT · brk ▼ 100 · 15m · جلسة ممتدة
01:10 KSA · AFTER   · signal     · TKO-USD · brk ▼ 69 · 1d
01:10 KSA · AFTER   · signal     · NEIRO-USD · brk ▼ 69 · 1d
01:13 KSA · AFTER   · scanner    · بدء المسح · 1153 رمزاً · الجلسة AFTER
01:13 KSA · AFTER   · signal     · LSK-USD · orb ▼ 57 · 5m
01:13 KSA · AFTER   · signal     · UNI-USD · brk ▼ 68 · 15m
01:13 KSA · AFTER   · signal     · SUI-USD · sqzExp ▼ 65 · 1h
01:13 KSA · AFTER   · signal     · U-USD · brk ▼ 55 · 15m
01:13 KSA · AFTER   · signal     · PEPE-USD · sqzExp ▲ 55 · 1h
01:13 KSA · AFTER   · signal     · TAO-USD · brk ▼ 64 · 15m
01:13 KSA · AFTER   · signal     · THE-USD · brk ▼ 61 · 15m
01:13 KSA · AFTER   · signal     · THE-USD · sqzExp ▼ 75 · 1h
01:13 KSA · AFTER   · signal     · TRUMP-USD · brk ▼ 68 · 15m
01:13 KSA · AFTER   · signal     · TRUMP-USD · sqzExp ▼ 75 · 1h
01:13 KSA · AFTER   · signal     · EUR-USD · orb ▼ 70 · 5m
01:13 KSA · AFTER   · signal     · EUR-USD · brk ▼ 55 · 15m
01:13 KSA · AFTER   · signal     · ARB-USD · sqzExp ▼ 65 · 1h
01:13 KSA · AFTER   · signal     · HOLO-USD · brk ▼ 68 · 15m
01:13 KSA · AFTER   · signal     · HOLO-USD · sqzExp ▼ 73 · 1h
01:13 KSA · AFTER   · signal     · BANK-USD · brk ▼ 58 · 15m
01:13 KSA · AFTER   · signal     · TON-USD · brk ▼ 61 · 15m
01:13 KSA · AFTER   · signal     · PENGU-USD · brk ▼ 68 · 15m
01:13 KSA · AFTER   · signal     · PENGU-USD · sqzExp ▼ 65 · 1h
01:13 KSA · AFTER   · signal     · APT-USD · sqzExp ▼ 88 · 1h
01:14 KSA · AFTER   · scanner    · بدء المسح · 1153 رمزاً · الجلسة AFTER
01:14 KSA · AFTER   · signal     · VRTX · brk ▲ 100 · 15m · جلسة ممتدة
01:14 KSA · AFTER   · signal     · BKNG · orb ▲ 64 · 5m · جلسة ممتدة
01:14 KSA · AFTER   · signal     · U-USD · orb ▲ 60 · 5m
01:16 KSA · AFTER   · scanner    · بدء المسح · 1153 رمزاً · الجلسة AFTER
01:16 KSA · AFTER   · signal     · IBM · orb ▼ 64 · 5m · جلسة ممتدة
01:16 KSA · AFTER   · signal     · HOOD · meanRev ▲ 100 · 15m · جلسة ممتدة
01:16 KSA · AFTER   · signal     · AAVE-USD · brk ▼ 69 · 15m
01:18 KSA · AFTER   · scanner    · بدء المسح · 1153 رمزاً · الجلسة AFTER
01:18 KSA · AFTER   · signal     · LIN · brk ▲ 63 · 15m · جلسة ممتدة
01:18 KSA · AFTER   · signal     · MCHP · brk ▲ 100 · 15m · جلسة ممتدة
01:18 KSA · AFTER   · signal     · ONDO-USD · sqzExp ▼ 100 · 1h
01:18 KSA · AFTER   · signal     · THE-USD · vwapRec ▲ 100 · 5m
01:20 KSA · AFTER   · scanner    · بدء المسح · 1153 رمزاً · الجلسة AFTER
01:24 KSA · AFTER   · scanner    · بدء المسح · 1153 رمزاً · الجلسة AFTER
01:24 KSA · AFTER   · signal     · CAKE-USD · meanRev ▲ 75 · 15m
01:24 KSA · AFTER   · signal     · CAKE-USD · volSpike ▼ 61 · 15m
01:24 KSA · AFTER   · signal     · LSK-USD · orb ▼ 57 · 5m
01:24 KSA · AFTER   · signal     · UNI-USD · brk ▼ 55 · 15m
01:24 KSA · AFTER   · signal     · SUI-USD · sqzExp ▼ 65 · 1h
01:24 KSA · AFTER   · signal     · U-USD · brk ▼ 66 · 15m
01:24 KSA · AFTER   · signal     · TAO-USD · brk ▼ 64 · 15m
01:24 KSA · AFTER   · signal     · THE-USD · orb ▼ 85 · 5m
01:24 KSA · AFTER   · signal     · THE-USD · brk ▼ 73 · 15m
01:24 KSA · AFTER   · signal     · THE-USD · sqzExp ▼ 90 · 1h
01:24 KSA · AFTER   · signal     · THE-USD · volSpike ▲ 67 · 15m
01:24 KSA · AFTER   · signal     · TRUMP-USD · brk ▼ 61 · 15m
01:24 KSA · AFTER   · signal     · TRUMP-USD · sqzExp ▼ 68 · 1h
01:24 KSA · AFTER   · signal     · EUR-USD · orb ▼ 78 · 5m
01:24 KSA · AFTER   · signal     · EUR-USD · brk ▼ 55 · 15m
01:24 KSA · AFTER   · signal     · ARB-USD · orb ▼ 55 · 5m
01:24 KSA · AFTER   · signal     · ARB-USD · brk ▼ 55 · 15m
01:24 KSA · AFTER   · signal     · ARB-USD · sqzExp ▼ 57 · 1h
01:24 KSA · AFTER   · signal     · HOLO-USD · brk ▼ 55 · 15m
01:24 KSA · AFTER   · signal     · HOLO-USD · sqzExp ▼ 73 · 1h
01:24 KSA · AFTER   · signal     · TON-USD · brk ▼ 61 · 15m
01:24 KSA · AFTER   · signal     · PENGU-USD · brk ▼ 70 · 15m
01:24 KSA · AFTER   · signal     · PENGU-USD · sqzExp ▼ 57 · 1h
01:24 KSA · AFTER   · signal     · APT-USD · sqzExp ▼ 80 · 1h
01:25 KSA · AFTER   · scanner    · بدء المسح · 1153 رمزاً · الجلسة AFTER
01:25 KSA · AFTER   · signal     · LIN · orb ▲ 73 · 5m · جلسة ممتدة
01:25 KSA · AFTER   · signal     · LIN · brk ▲ 63 · 15m · جلسة ممتدة
01:25 KSA · AFTER   · signal     · VRTX · brk ▲ 100 · 15m · جلسة ممتدة
01:25 KSA · AFTER   · signal     · BKNG · orb ▲ 82 · 5m · جلسة ممتدة
01:25 KSA · AFTER   · signal     · NXPI · orb ▼ 73 · 5m · جلسة ممتدة
01:25 KSA · AFTER   · signal     · NXPI · brk ▼ 81 · 15m · جلسة ممتدة
01:25 KSA · AFTER   · signal     · U-USD · orb ▲ 75 · 5m
01:25 KSA · AFTER   · signal     · EUR-USD · vwapRec ▲ 78 · 5m
01:25 KSA · AFTER   · signal     · ARB-USD · vwapRec ▲ 60 · 5m
01:25 KSA · AFTER   · signal     · STX-USD · meanRev ▲ 100 · 1d
01:26 KSA · AFTER   · scanner    · بدء المسح · 1153 رمزاً · الجلسة AFTER
01:28 KSA · AFTER   · scanner    · بدء المسح · 1153 رمزاً · الجلسة AFTER
01:30 KSA · AFTER   · scanner    · بدء المسح · 1153 رمزاً · الجلسة AFTER
01:33 KSA · AFTER   · scanner    · بدء المسح · 1153 رمزاً · الجلسة AFTER
01:33 KSA · AFTER   · signal     · PENDLE-USD · volSpike ▲ 78 · 15m
01:33 KSA · AFTER   · signal     · LSK-USD · orb ▼ 57 · 5m
01:33 KSA · AFTER   · signal     · SOXLB-USD · volSpike ▼ 78 · 15m
01:33 KSA · AFTER   · signal     · UNI-USD · brk ▼ 55 · 15m
01:33 KSA · AFTER   · signal     · SUI-USD · sqzExp ▼ 65 · 1h
01:33 KSA · AFTER   · signal     · U-USD · brk ▼ 66 · 15m
01:33 KSA · AFTER   · signal     · TAO-USD · brk ▼ 59 · 15m
01:33 KSA · AFTER   · signal     · THE-USD · brk ▼ 86 · 15m
01:33 KSA · AFTER   · signal     · THE-USD · sqzExp ▼ 90 · 1h
01:33 KSA · AFTER   · signal     · THE-USD · volSpike ▼ 100 · 15m
01:33 KSA · AFTER   · signal     · TRUMP-USD · brk ▼ 55 · 15m
01:33 KSA · AFTER   · signal     · TRUMP-USD · sqzExp ▼ 68 · 1h
01:33 KSA · AFTER   · signal     · TRUMP-USD · rsiDiv ▲ 83 · 15m
01:33 KSA · AFTER   · signal     · EUR-USD · brk ▼ 55 · 15m
01:33 KSA · AFTER   · signal     · ARB-USD · orb ▼ 55 · 5m
01:33 KSA · AFTER   · signal     · ARB-USD · brk ▼ 55 · 15m
01:33 KSA · AFTER   · signal     · ARB-USD · sqzExp ▼ 57 · 1h
01:33 KSA · AFTER   · signal     · HOLO-USD · brk ▼ 55 · 15m
01:33 KSA · AFTER   · signal     · HOLO-USD · sqzExp ▼ 73 · 1h
01:33 KSA · AFTER   · signal     · BANK-USD · brk ▼ 57 · 15m
01:33 KSA · AFTER   · signal     · TON-USD · brk ▼ 61 · 15m
01:33 KSA · AFTER   · signal     · PENGU-USD · brk ▼ 55 · 15m
01:33 KSA · AFTER   · signal     · PENGU-USD · sqzExp ▼ 57 · 1h
01:33 KSA · AFTER   · signal     · APT-USD · sqzExp ▼ 80 · 1h
01:35 KSA · AFTER   · scanner    · بدء المسح · 1153 رمزاً · الجلسة AFTER
01:35 KSA · AFTER   · signal     · LIN · orb ▲ 86 · 5m · جلسة ممتدة
01:35 KSA · AFTER   · signal     · LIN · brk ▲ 100 · 15m · جلسة ممتدة
01:35 KSA · AFTER   · signal     · VRTX · brk ▲ 100 · 15m · جلسة ممتدة
01:35 KSA · AFTER   · signal     · NXPI · orb ▼ 73 · 5m · جلسة ممتدة
01:35 KSA · AFTER   · signal     · NXPI · brk ▼ 81 · 15m · جلسة ممتدة
01:35 KSA · AFTER   · signal     · LHX · pbTrend ▼ 57 · 1h · جلسة ممتدة
01:35 KSA · AFTER   · signal     · U-USD · orb ▲ 75 · 5m
01:35 KSA · AFTER   · signal     · EUR-USD · vwapRec ▲ 78 · 5m
01:35 KSA · AFTER   · signal     · WLFI-USD · vwapRec ▲ 100 · 5m
01:38 KSA · AFTER   · scanner    · بدء المسح · 1153 رمزاً · الجلسة AFTER
01:38 KSA · AFTER   · signal     · SBUX · meanRev ▲ 100 · 1d · جلسة ممتدة
01:40 KSA · AFTER   · scanner    · بدء المسح · 1153 رمزاً · الجلسة AFTER
01:43 KSA · AFTER   · scanner    · بدء المسح · 1153 رمزاً · الجلسة AFTER
01:43 KSA · AFTER   · signal     · LSK-USD · orb ▼ 57 · 5m
01:43 KSA · AFTER   · signal     · UNI-USD · brk ▼ 55 · 15m
01:43 KSA · AFTER   · signal     · SUI-USD · sqzExp ▼ 65 · 1h
01:43 KSA · AFTER   · signal     · U-USD · brk ▼ 66 · 15m
01:43 KSA · AFTER   · signal     · TAO-USD · brk ▼ 59 · 15m
01:43 KSA · AFTER   · signal     · THE-USD · orb ▼ 85 · 5m
01:43 KSA · AFTER   · signal     · THE-USD · brk ▼ 86 · 15m
01:43 KSA · AFTER   · signal     · THE-USD · sqzExp ▼ 90 · 1h
01:43 KSA · AFTER   · signal     · TRUMP-USD · brk ▼ 55 · 15m
01:43 KSA · AFTER   · signal     · TRUMP-USD · sqzExp ▼ 68 · 1h
01:43 KSA · AFTER   · signal     · EUR-USD · brk ▼ 55 · 15m
01:43 KSA · AFTER   · signal     · ARB-USD · orb ▼ 55 · 5m
01:43 KSA · AFTER   · signal     · ARB-USD · brk ▼ 55 · 15m
01:43 KSA · AFTER   · signal     · ARB-USD · sqzExp ▼ 57 · 1h
01:43 KSA · AFTER   · signal     · HOLO-USD · brk ▼ 55 · 15m
01:43 KSA · AFTER   · signal     · HOLO-USD · sqzExp ▼ 73 · 1h
01:43 KSA · AFTER   · signal     · BANK-USD · brk ▼ 57 · 15m
01:43 KSA · AFTER   · signal     · TON-USD · brk ▼ 61 · 15m
01:43 KSA · AFTER   · signal     · PENGU-USD · brk ▼ 55 · 15m
01:43 KSA · AFTER   · signal     · PENGU-USD · sqzExp ▼ 57 · 1h
01:43 KSA · AFTER   · signal     · APT-USD · sqzExp ▼ 80 · 1h
01:44 KSA · AFTER   · scanner    · بدء المسح · 1153 رمزاً · الجلسة AFTER
01:44 KSA · AFTER   · signal     · LIN · orb ▲ 100 · 5m · جلسة ممتدة
01:44 KSA · AFTER   · signal     · LIN · brk ▲ 100 · 15m · جلسة ممتدة
01:44 KSA · AFTER   · signal     · SHW · orb ▼ 73 · 5m · جلسة ممتدة
01:44 KSA · AFTER   · signal     · NXPI · orb ▼ 73 · 5m · جلسة ممتدة
01:44 KSA · AFTER   · signal     · NXPI · brk ▼ 81 · 15m · جلسة ممتدة
01:44 KSA · AFTER   · signal     · U-USD · orb ▲ 75 · 5m
01:44 KSA · AFTER   · signal     · EUR-USD · vwapRec ▲ 78 · 5m
01:44 KSA · AFTER   · signal     · BANK-USD · vwapRec ▲ 100 · 5m
01:44 KSA · AFTER   · signal     · JBHT · brk ▼ 100 · 1d · جلسة ممتدة
01:44 KSA · AFTER   · signal     · JBHT · meanRev ▲ 100 · 1d · جلسة ممتدة
01:46 KSA · AFTER   · scanner    · بدء المسح · 1153 رمزاً · الجلسة AFTER
01:46 KSA · AFTER   · signal     · BAC · orb ▲ 82 · 5m · جلسة ممتدة
01:46 KSA · AFTER   · signal     · THE-USD · orb ▼ 64 · 5m
01:46 KSA · AFTER   · signal     · WLFI-USD · vwapRec ▲ 100 · 5m
01:46 KSA · AFTER   · signal     · SYN-USD · sqzExp ▲ 100 · 1d
01:48 KSA · AFTER   · scanner    · بدء المسح · 1153 رمزاً · الجلسة AFTER
01:50 KSA · AFTER   · scanner    · بدء المسح · 1153 رمزاً · الجلسة AFTER
01:50 KSA · AFTER   · signal     · ISRG · meanRev ▲ 67 · 15m · جلسة ممتدة
01:50 KSA · AFTER   · signal     · NXPI · vwapRec ▼ 57 · 5m · جلسة ممتدة
01:53 KSA · AFTER   · scanner    · بدء المسح · 1153 رمزاً · الجلسة AFTER
01:53 KSA · AFTER   · signal     · LSK-USD · orb ▼ 65 · 5m
01:53 KSA · AFTER   · signal     · UNI-USD · brk ▼ 55 · 15m
01:53 KSA · AFTER   · signal     · SUI-USD · sqzExp ▼ 65 · 1h
01:53 KSA · AFTER   · signal     · U-USD · brk ▼ 66 · 15m
01:53 KSA · AFTER   · signal     · 牛来-USD · momo ▲ 77 · 1h
01:53 KSA · AFTER   · signal     · THE-USD · brk ▼ 55 · 15m
01:53 KSA · AFTER   · signal     · THE-USD · sqzExp ▼ 90 · 1h
01:53 KSA · AFTER   · signal     · TRUMP-USD · brk ▼ 68 · 15m
01:53 KSA · AFTER   · signal     · TRUMP-USD · sqzExp ▼ 68 · 1h
01:53 KSA · AFTER   · signal     · EUR-USD · brk ▼ 61 · 15m
01:53 KSA · AFTER   · signal     · ARB-USD · orb ▼ 63 · 5m
01:53 KSA · AFTER   · signal     · ARB-USD · brk ▼ 64 · 15m
01:53 KSA · AFTER   · signal     · ARB-USD · sqzExp ▼ 57 · 1h
01:53 KSA · AFTER   · signal     · HOLO-USD · brk ▼ 73 · 15m
01:53 KSA · AFTER   · signal     · HOLO-USD · sqzExp ▼ 73 · 1h
01:53 KSA · AFTER   · signal     · TON-USD · brk ▼ 61 · 15m
01:53 KSA · AFTER   · signal     · SENT-USD · brk ▼ 55 · 15m
01:53 KSA · AFTER   · signal     · PENGU-USD · brk ▼ 61 · 15m
01:53 KSA · AFTER   · signal     · PENGU-USD · sqzExp ▼ 57 · 1h
01:53 KSA · AFTER   · signal     · APT-USD · sqzExp ▼ 80 · 1h
01:54 KSA · AFTER   · scanner    · بدء المسح · 1153 رمزاً · الجلسة AFTER
01:54 KSA · AFTER   · signal     · LIN · brk ▲ 81 · 15m · جلسة ممتدة
01:54 KSA · AFTER   · signal     · SCHW · orb ▲ 82 · 5m · جلسة ممتدة
01:54 KSA · AFTER   · signal     · LMT · orb ▲ 100 · 5m · جلسة ممتدة
01:54 KSA · AFTER   · signal     · LMT · vwapRec ▲ 57 · 5m · جلسة ممتدة
01:54 KSA · AFTER   · signal     · U-USD · orb ▲ 75 · 5m
01:54 KSA · AFTER   · signal     · BANK-USD · vwapRec ▲ 93 · 5m
01:56 KSA · AFTER   · scanner    · بدء المسح · 1153 رمزاً · الجلسة AFTER
01:58 KSA · AFTER   · scanner    · بدء المسح · 1153 رمزاً · الجلسة AFTER
01:58 KSA · AFTER   · signal     · ISRG · orb ▼ 73 · 5m · جلسة ممتدة
01:58 KSA · AFTER   · signal     · XAUT-USD · brk ▼ 100 · 15m
01:58 KSA · AFTER   · signal     · PAXG-USD · brk ▼ 69 · 15m
01:58 KSA · AFTER   · signal     · HEMI-USD · orb ▲ 64 · 5m
02:00 KSA · AFTER   · scanner    · بدء المسح · 1153 رمزاً · الجلسة AFTER
02:00 KSA · AFTER   · signal     · HEMI-USD · meanRev ▼ 100 · 15m
02:00 KSA · AFTER   · signal     · THE-USD · vwapRec ▲ 100 · 5m
02:00 KSA · AFTER   · signal     · EUR-USD · vwapRec ▼ 100 · 5m
02:04 KSA · AFTER   · scanner    · بدء المسح · 1153 رمزاً · الجلسة AFTER
02:04 KSA · AFTER   · signal     · NEE · meanRev ▲ 57 · 15m · جلسة ممتدة
02:04 KSA · AFTER   · signal     · PAXG-USD · vwapRec ▼ 85 · 5m
02:04 KSA · AFTER   · signal     · LSK-USD · orb ▼ 65 · 5m
02:04 KSA · AFTER   · signal     · UNI-USD · brk ▼ 55 · 15m
02:04 KSA · AFTER   · signal     · UNI-USD · pbTrend ▲ 57 · 1h
02:04 KSA · AFTER   · signal     · SUI-USD · sqzExp ▼ 65 · 1h
02:04 KSA · AFTER   · signal     · U-USD · brk ▼ 55 · 15m
02:04 KSA · AFTER   · signal     · THE-USD · orb ▼ 70 · 5m
02:04 KSA · AFTER   · signal     · THE-USD · brk ▼ 55 · 15m
02:04 KSA · AFTER   · signal     · THE-USD · sqzExp ▼ 90 · 1h
02:04 KSA · AFTER   · signal     · TRUMP-USD · brk ▼ 55 · 15m
02:04 KSA · AFTER   · signal     · TRUMP-USD · sqzExp ▼ 68 · 1h
02:04 KSA · AFTER   · signal     · EUR-USD · brk ▼ 68 · 15m
02:04 KSA · AFTER   · signal     · EUR-USD · tfAlign ▼ 78 · 1d
02:04 KSA · AFTER   · signal     · ARB-USD · orb ▼ 63 · 5m
02:04 KSA · AFTER   · signal     · ARB-USD · brk ▼ 64 · 15m
02:04 KSA · AFTER   · signal     · ARB-USD · sqzExp ▼ 57 · 1h
02:04 KSA · AFTER   · signal     · HOLO-USD · brk ▼ 80 · 15m
02:04 KSA · AFTER   · signal     · HOLO-USD · sqzExp ▼ 73 · 1h
02:04 KSA · AFTER   · signal     · BANK-USD · brk ▼ 64 · 15m
02:04 KSA · AFTER   · signal     · TON-USD · brk ▼ 61 · 15m
02:04 KSA · AFTER   · signal     · PENGU-USD · brk ▼ 64 · 15m
02:04 KSA · AFTER   · signal     · PENGU-USD · sqzExp ▼ 57 · 1h
02:04 KSA · AFTER   · signal     · APT-USD · sqzExp ▼ 80 · 1h
02:05 KSA · AFTER   · scanner    · بدء المسح · 1153 رمزاً · الجلسة AFTER
02:05 KSA · AFTER   · signal     · ANET · orb ▼ 100 · 5m · جلسة ممتدة
02:05 KSA · AFTER   · signal     · MCHP · brk ▲ 100 · 15m · جلسة ممتدة
02:05 KSA · AFTER   · signal     · MTL-USD · meanRev ▼ 100 · 15m
02:05 KSA · AFTER   · signal     · U-USD · orb ▲ 60 · 5m
02:05 KSA · AFTER   · signal     · PEPE-USD · orb ▼ 57 · 5m
02:05 KSA · AFTER   · signal     · ARB-USD · vwapRec ▲ 57 · 5m
02:08 KSA · AFTER   · scanner    · بدء المسح · 1153 رمزاً · الجلسة AFTER
02:08 KSA · AFTER   · signal     · ABBV · vwapRec ▲ 79 · 15m · جلسة ممتدة
02:08 KSA · AFTER   · signal     · LIN · vwapRec ▼ 79 · 15m · جلسة ممتدة
02:08 KSA · AFTER   · signal     · ADP · orb ▲ 57 · 15m · جلسة ممتدة
02:08 KSA · AFTER   · signal     · XPL-USD · meanRev ▼ 100 · 15m
02:08 KSA · AFTER   · signal     · UNI-USD · pbTrend ▲ 57 · 1h
02:08 KSA · AFTER   · signal     · SUI-USD · tfAlign ▼ 100 · 1d
02:08 KSA · AFTER   · signal     · 牛来-USD · brk ▲ 100 · 15m
02:08 KSA · AFTER   · signal     · TAO-USD · tfAlign ▼ 100 · 1d
02:08 KSA · AFTER   · signal     · THE-USD · vwapRec ▲ 100 · 15m
02:08 KSA · AFTER   · signal     · THE-USD · tfAlign ▼ 100 · 1d
02:08 KSA · AFTER   · signal     · TRUMP-USD · tfAlign ▼ 100 · 1d
02:08 KSA · AFTER   · signal     · BANK-USD · vwapRec ▼ 100 · 15m
02:08 KSA · AFTER   · signal     · APT-USD · tfAlign ▼ 100 · 1d
02:10 KSA · AFTER   · scanner    · بدء المسح · 1153 رمزاً · الجلسة AFTER
02:10 KSA · AFTER   · signal     · ISRG · orb ▲ 82 · 15m · جلسة ممتدة
02:12 KSA · AFTER   · scanner    · بدء المسح · 1153 رمزاً · الجلسة AFTER
02:12 KSA · AFTER   · signal     · PAXG-USD · orb ▼ 90 · 15m
02:12 KSA · AFTER   · signal     · LSK-USD · orb ▼ 65 · 15m
02:12 KSA · AFTER   · signal     · CVC-USD · pbTrend ▲ 74 · 1h
02:12 KSA · AFTER   · signal     · UNI-USD · brk ▼ 55 · 15m
02:12 KSA · AFTER   · signal     · SUI-USD · sqzExp ▼ 65 · 1h
02:12 KSA · AFTER   · signal     · U-USD · brk ▼ 55 · 15m
02:12 KSA · AFTER   · signal     · THE-USD · orb ▼ 70 · 15m
02:12 KSA · AFTER   · signal     · THE-USD · brk ▼ 55 · 15m
02:12 KSA · AFTER   · signal     · THE-USD · sqzExp ▼ 90 · 1h
02:12 KSA · AFTER   · signal     · TRUMP-USD · brk ▼ 55 · 15m
02:12 KSA · AFTER   · signal     · TRUMP-USD · sqzExp ▼ 68 · 1h
02:12 KSA · AFTER   · signal     · EUR-USD · brk ▼ 68 · 15m
02:12 KSA · AFTER   · signal     · ARB-USD · orb ▼ 63 · 15m
02:12 KSA · AFTER   · signal     · ARB-USD · brk ▼ 64 · 15m
02:12 KSA · AFTER   · signal     · ARB-USD · sqzExp ▼ 57 · 1h
02:12 KSA · AFTER   · signal     · HOLO-USD · brk ▼ 80 · 15m
02:12 KSA · AFTER   · signal     · HOLO-USD · sqzExp ▼ 73 · 1h
02:12 KSA · AFTER   · signal     · BANK-USD · brk ▼ 64 · 15m
02:12 KSA · AFTER   · signal     · BANK-USD · tfAlign ▼ 63 · 1d
02:12 KSA · AFTER   · signal     · TON-USD · brk ▼ 61 · 15m
02:12 KSA · AFTER   · signal     · PENGU-USD · brk ▼ 64 · 15m
02:12 KSA · AFTER   · signal     · PENGU-USD · sqzExp ▼ 57 · 1h
02:12 KSA · AFTER   · signal     · APT-USD · sqzExp ▼ 80 · 1h
02:14 KSA · AFTER   · scanner    · بدء المسح · 1153 رمزاً · الجلسة AFTER
02:14 KSA · AFTER   · signal     · MPC · vwapRec ▲ 60 · 15m · جلسة ممتدة
02:14 KSA · AFTER   · signal     · ADP · orb ▲ 79 · 15m · جلسة ممتدة
02:14 KSA · AFTER   · signal     · MDLZ · orb ▲ 100 · 15m · جلسة ممتدة
02:14 KSA · AFTER   · signal     · U-USD · orb ▲ 60 · 15m
02:14 KSA · AFTER   · signal     · THE-USD · vwapRec ▲ 85 · 15m
02:16 KSA · AFTER   · scanner    · بدء المسح · 1153 رمزاً · الجلسة AFTER
02:18 KSA · AFTER   · scanner    · بدء المسح · 1153 رمزاً · الجلسة AFTER
02:18 KSA · AFTER   · signal     · ISRG · orb ▲ 64 · 15m · جلسة ممتدة
02:20 KSA · AFTER   · scanner    · بدء المسح · 1153 رمزاً · الجلسة AFTER
02:20 KSA · AFTER   · signal     · NVDA · vwapRec ▲ 57 · 15m · جلسة ممتدة
02:20 KSA · AFTER   · signal     · KLAC · vwapRec ▲ 79 · 15m · جلسة ممتدة
02:20 KSA · AFTER   · signal     · TJX · orb ▲ 100 · 15m · جلسة ممتدة
02:20 KSA · AFTER   · signal     · APP · vwapRec ▼ 57 · 15m · جلسة ممتدة
02:23 KSA · AFTER   · scanner    · بدء المسح · 1153 رمزاً · الجلسة AFTER
02:23 KSA · AFTER   · signal     · GOOG · vwapRec ▲ 82 · 15m · جلسة ممتدة
02:23 KSA · AFTER   · signal     · WMT · vwapRec ▼ 59 · 15m · جلسة ممتدة
02:23 KSA · AFTER   · signal     · CSCO · vwapRec ▼ 62 · 15m · جلسة ممتدة
02:23 KSA · AFTER   · signal     · COST · vwapRec ▼ 65 · 15m · جلسة ممتدة
02:23 KSA · AFTER   · signal     · AMAT · vwapRec ▼ 71 · 15m · جلسة ممتدة
02:23 KSA · AFTER   · signal     · ETH-USD · pbTrend ▲ 69 · 1h
02:23 KSA · AFTER   · signal     · CRWD · vwapRec ▲ 65 · 15m · جلسة ممتدة
02:23 KSA · AFTER   · signal     · TXN · vwapRec ▼ 71 · 15m · جلسة ممتدة
02:23 KSA · AFTER   · signal     · MCD · vwapRec ▼ 55 · 15m · جلسة ممتدة
02:23 KSA · AFTER   · signal     · STX · vwapRec ▲ 56 · 15m · جلسة ممتدة
02:23 KSA · AFTER   · signal     · PFE · vwapRec ▲ 65 · 15m · جلسة ممتدة
02:23 KSA · AFTER   · signal     · FTNT · vwapRec ▲ 78 · 15m · جلسة ممتدة
02:23 KSA · AFTER   · signal     · HOOD · vwapRec ▲ 74 · 15m · جلسة ممتدة
02:23 KSA · AFTER   · signal     · BNB-USD · pbTrend ▲ 86 · 1h
02:23 KSA · AFTER   · signal     · CEG · vwapRec ▼ 65 · 15m · جلسة ممتدة
02:23 KSA · AFTER   · signal     · LITE · vwapRec ▼ 79 · 15m · جلسة ممتدة
02:23 KSA · AFTER   · signal     · HPE · vwapRec ▲ 70 · 15m · جلسة ممتدة
02:23 KSA · AFTER   · signal     · SOL-USD · pbTrend ▲ 64 · 1h
02:23 KSA · AFTER   · signal     · DVN · vwapRec ▼ 60 · 15m · جلسة ممتدة
02:23 KSA · AFTER   · signal     · MPWR · vwapRec ▼ 74 · 15m · جلسة ممتدة
02:23 KSA · AFTER   · signal     · NKE · vwapRec ▼ 70 · 15m · جلسة ممتدة
02:23 KSA · AFTER   · signal     · COIN · vwapRec ▲ 71 · 15m · جلسة ممتدة
02:23 KSA · AFTER   · signal     · SWKS · vwapRec ▲ 65 · 15m · جلسة ممتدة
02:23 KSA · AFTER   · signal     · LINK-USD · pbTrend ▲ 76 · 1h
02:23 KSA · AFTER   · signal     · LTC-USD · pbTrend ▲ 60 · 1h
02:23 KSA · AFTER   · signal     · HBAR-USD · pbTrend ▲ 76 · 1h
02:23 KSA · AFTER   · signal     · AVAX-USD · pbTrend ▲ 76 · 1h
02:23 KSA · AFTER   · signal     · XAUT-USD · orb ▼ 83 · 15m
02:23 KSA · AFTER   · signal     · AAVE-USD · pbTrend ▲ 81 · 1h
02:23 KSA · AFTER   · signal     · PAXG-USD · orb ▼ 100 · 15m
02:23 KSA · AFTER   · signal     · DOT-USD · pbTrend ▲ 57 · 1h
02:23 KSA · AFTER   · signal     · CAKE-USD · pbTrend ▲ 74 · 1h
02:23 KSA · AFTER   · signal     · DASH-USD · pbTrend ▲ 81 · 1h
02:23 KSA · AFTER   · signal     · LSK-USD · orb ▼ 57 · 15m
02:23 KSA · AFTER   · signal     · HEMI-USD · vwapRec ▼ 85 · 15m
02:23 KSA · AFTER   · signal     · UNI-USD · pbTrend ▲ 67 · 1h
02:23 KSA · AFTER   · signal     · SUI-USD · sqzExp ▼ 65 · 1h
02:23 KSA · AFTER   · signal     · U-USD · orb ▼ 60 · 15m
02:23 KSA · AFTER   · signal     · U-USD · brk ▼ 59 · 15m
02:23 KSA · AFTER   · signal     · PEPE-USD · brk ▲ 59 · 15m
02:23 KSA · AFTER   · signal     · TAO-USD · brk ▼ 55 · 15m
02:23 KSA · AFTER   · signal     · THE-USD · orb ▼ 70 · 15m
02:23 KSA · AFTER   · signal     · THE-USD · sqzExp ▼ 90 · 1h
02:23 KSA · AFTER   · signal     · TRUMP-USD · brk ▼ 64 · 15m
02:23 KSA · AFTER   · signal     · TRUMP-USD · sqzExp ▼ 68 · 1h
02:23 KSA · AFTER   · signal     · EUR-USD · brk ▼ 86 · 15m
02:23 KSA · AFTER   · signal     · ARB-USD · sqzExp ▼ 65 · 1h
02:23 KSA · AFTER   · signal     · HOLO-USD · brk ▼ 68 · 15m
02:23 KSA · AFTER   · signal     · HOLO-USD · sqzExp ▼ 80 · 1h
02:23 KSA · AFTER   · signal     · BANK-USD · brk ▼ 64 · 15m
02:23 KSA · AFTER   · signal     · TON-USD · brk ▼ 61 · 15m
02:23 KSA · AFTER   · signal     · PENGU-USD · brk ▼ 64 · 15m
02:23 KSA · AFTER   · signal     · PENGU-USD · sqzExp ▼ 65 · 1h
02:23 KSA · AFTER   · signal     · ASTER-USD · pbTrend ▲ 62 · 1h
02:23 KSA · AFTER   · signal     · APT-USD · sqzExp ▼ 60 · 1h
02:24 KSA · AFTER   · scanner    · بدء المسح · 1153 رمزاً · الجلسة AFTER
02:24 KSA · AFTER   · signal     · AAPL · orb ▲ 82 · 15m · جلسة ممتدة
02:24 KSA · AFTER   · signal     · GOOGL · orb ▼ 100 · 15m · جلسة ممتدة
02:24 KSA · AFTER   · signal     · GOOG · orb ▼ 82 · 15m · جلسة ممتدة
02:24 KSA · AFTER   · signal     · META · orb ▼ 100 · 15m · جلسة ممتدة
02:24 KSA · AFTER   · signal     · TSLA · orb ▼ 82 · 15m · جلسة ممتدة
02:24 KSA · AFTER   · signal     · MU · orb ▼ 82 · 15m · جلسة ممتدة
02:24 KSA · AFTER   · signal     · MA · orb ▼ 100 · 15m · جلسة ممتدة
02:24 KSA · AFTER   · signal     · MA · vwapRec ▼ 57 · 15m · جلسة ممتدة
02:24 KSA · AFTER   · signal     · COST · orb ▲ 82 · 15m · جلسة ممتدة
02:24 KSA · AFTER   · signal     · LRCX · orb ▲ 100 · 15m · جلسة ممتدة
02:24 KSA · AFTER   · signal     · RTX · orb ▲ 100 · 15m · جلسة ممتدة
02:24 KSA · AFTER   · signal     · CRWD · orb ▼ 86 · 15m · جلسة ممتدة
02:24 KSA · AFTER   · signal     · ANET · orb ▼ 100 · 15m · جلسة ممتدة
02:24 KSA · AFTER   · signal     · TXN · orb ▲ 100 · 15m · جلسة ممتدة
02:24 KSA · AFTER   · signal     · C · vwapRec ▲ 57 · 15m · جلسة ممتدة
02:24 KSA · AFTER   · signal     · SNDK · vwapRec ▼ 57 · 15m · جلسة ممتدة
02:24 KSA · AFTER   · signal     · LIN · orb ▼ 100 · 15m · جلسة ممتدة
02:24 KSA · AFTER   · signal     · MRVL · orb ▼ 100 · 15m · جلسة ممتدة
02:24 KSA · AFTER   · signal     · NOW · orb ▼ 82 · 15m · جلسة ممتدة
02:24 KSA · AFTER   · signal     · MPC · vwapRec ▲ 60 · 15m · جلسة ممتدة
02:24 KSA · AFTER   · signal     · VLO · orb ▲ 100 · 15m · جلسة ممتدة
02:24 KSA · AFTER   · signal     · ADP · orb ▲ 79 · 15m · جلسة ممتدة
02:24 KSA · AFTER   · signal     · HOOD · orb ▼ 100 · 15m · جلسة ممتدة
02:24 KSA · AFTER   · signal     · DDOG · orb ▲ 100 · 15m · جلسة ممتدة
02:24 KSA · AFTER   · signal     · MDLZ · orb ▲ 100 · 15m · جلسة ممتدة
02:24 KSA · AFTER   · signal     · CDNS · orb ▲ 100 · 15m · جلسة ممتدة
02:24 KSA · AFTER   · signal     · SNPS · orb ▲ 82 · 15m · جلسة ممتدة
02:24 KSA · AFTER   · signal     · HON · vwapRec ▼ 79 · 15m · جلسة ممتدة
02:24 KSA · AFTER   · signal     · MRNA · orb ▲ 64 · 15m · جلسة ممتدة
02:24 KSA · AFTER   · signal     · HONA · vwapRec ▼ 57 · 15m · جلسة ممتدة
02:24 KSA · AFTER   · signal     · ON · vwapRec ▲ 57 · 15m · جلسة ممتدة
02:24 KSA · AFTER   · signal     · THE-USD · vwapRec ▲ 85 · 15m
02:26 KSA · AFTER   · scanner    · بدء المسح · 1153 رمزاً · الجلسة AFTER
02:26 KSA · AFTER   · signal     · PLTR · orb ▼ 82 · 15m · جلسة ممتدة
02:26 KSA · AFTER   · signal     · WFC · orb ▲ 100 · 15m · جلسة ممتدة
02:26 KSA · AFTER   · signal     · ISRG · vwapRec ▲ 57 · 15m · جلسة ممتدة
02:26 KSA · AFTER   · signal     · BANK-USD · vwapRec ▼ 100 · 15m
02:28 KSA · AFTER   · scanner    · بدء المسح · 1153 رمزاً · الجلسة AFTER
02:28 KSA · AFTER   · signal     · JPM · vwapRec ▲ 68 · 15m · جلسة ممتدة
02:28 KSA · AFTER   · signal     · COIN · orb ▼ 64 · 15m · جلسة ممتدة
02:28 KSA · AFTER   · signal     · PEPE-USD · vwapRec ▲ 100 · 15m
02:28 KSA · AFTER   · signal     · WLFI-USD · vwapRec ▲ 70 · 15m
02:30 KSA · AFTER   · scanner    · بدء المسح · 1153 رمزاً · الجلسة AFTER
02:30 KSA · AFTER   · signal     · V · orb ▼ 100 · 15m · جلسة ممتدة
02:30 KSA · AFTER   · signal     · V · vwapRec ▼ 57 · 15m · جلسة ممتدة
02:30 KSA · AFTER   · signal     · CSCO · orb ▲ 100 · 15m · جلسة ممتدة
02:30 KSA · AFTER   · signal     · PANW · orb ▼ 82 · 15m · جلسة ممتدة
02:30 KSA · AFTER   · signal     · CB · orb ▼ 100 · 15m · جلسة ممتدة
02:30 KSA · AFTER   · signal     · MPWR · orb ▲ 82 · 15m · جلسة ممتدة
02:30 KSA · AFTER   · signal     · ASTER-USD · pbTrend ▲ 57 · 1h
02:32 KSA · AFTER   · scanner    · بدء المسح · 1153 رمزاً · الجلسة AFTER
02:32 KSA · AFTER   · signal     · BRK-B · vwapRec ▲ 60 · 15m · جلسة ممتدة
02:32 KSA · AFTER   · signal     · CRWD · vwapRec ▲ 65 · 15m · جلسة ممتدة
02:32 KSA · AFTER   · signal     · WDC · vwapRec ▼ 62 · 15m · جلسة ممتدة
02:32 KSA · AFTER   · signal     · PSX · vwapRec ▼ 60 · 15m · جلسة ممتدة
02:32 KSA · AFTER   · signal     · HOOD · vwapRec ▲ 74 · 15m · جلسة ممتدة
02:32 KSA · AFTER   · signal     · LSK-USD · orb ▼ 65 · 15m
02:32 KSA · AFTER   · signal     · UNI-USD · brk ▼ 64 · 15m
02:32 KSA · AFTER   · signal     · UNI-USD · pbTrend ▲ 67 · 1h
02:32 KSA · AFTER   · signal     · SUI-USD · sqzExp ▼ 65 · 1h
02:32 KSA · AFTER   · signal     · U-USD · brk ▼ 55 · 15m
02:32 KSA · AFTER   · signal     · TAO-USD · brk ▼ 68 · 15m
02:32 KSA · AFTER   · signal     · THE-USD · orb ▼ 70 · 15m
02:32 KSA · AFTER   · signal     · THE-USD · brk ▼ 64 · 15m
02:32 KSA · AFTER   · signal     · THE-USD · sqzExp ▼ 90 · 1h
02:32 KSA · AFTER   · signal     · TRUMP-USD · brk ▼ 68 · 15m
02:32 KSA · AFTER   · signal     · TRUMP-USD · sqzExp ▼ 68 · 1h
02:32 KSA · AFTER   · signal     · EUR-USD · brk ▼ 61 · 15m
02:32 KSA · AFTER   · signal     · ARB-USD · sqzExp ▼ 65 · 1h
02:32 KSA · AFTER   · signal     · HOLO-USD · brk ▼ 55 · 15m
02:32 KSA · AFTER   · signal     · HOLO-USD · sqzExp ▼ 80 · 1h
02:32 KSA · AFTER   · signal     · HOLO-USD · tfAlign ▼ 74 · 1d
02:32 KSA · AFTER   · signal     · TON-USD · brk ▼ 61 · 15m
02:32 KSA · AFTER   · signal     · PENGU-USD · brk ▼ 68 · 15m
02:32 KSA · AFTER   · signal     · PENGU-USD · sqzExp ▼ 65 · 1h
02:32 KSA · AFTER   · signal     · APT-USD · sqzExp ▼ 60 · 1h
02:34 KSA · AFTER   · scanner    · بدء المسح · 1153 رمزاً · الجلسة AFTER
02:34 KSA · AFTER   · signal     · ORCL · brk ▼ 69 · 15m · جلسة ممتدة
02:34 KSA · AFTER   · signal     · HD · orb ▲ 82 · 15m · جلسة ممتدة
02:34 KSA · AFTER   · signal     · LIN · brk ▲ 100 · 15m · جلسة ممتدة
02:34 KSA · AFTER   · signal     · TMUS · vwapRec ▲ 57 · 15m · جلسة ممتدة
02:34 KSA · AFTER   · signal     · BKNG · vwapRec ▲ 70 · 15m · جلسة ممتدة
02:34 KSA · AFTER   · signal     · INTU · orb ▼ 82 · 15m · جلسة ممتدة
02:34 KSA · AFTER   · signal     · CDNS · orb ▲ 100 · 15m · جلسة ممتدة
02:34 KSA · AFTER   · signal     · U-USD · orb ▲ 60 · 15m
02:34 KSA · AFTER   · signal     · PEPE-USD · orb ▼ 55 · 15m
02:34 KSA · AFTER   · signal     · WLFI-USD · vwapRec ▲ 70 · 15m
02:37 KSA · AFTER   · scanner    · بدء المسح · 1153 رمزاً · الجلسة AFTER
02:37 KSA · AFTER   · signal     · GE · orb ▲ 82 · 15m · جلسة ممتدة
02:37 KSA · AFTER   · signal     · GE · vwapRec ▲ 65 · 15m · جلسة ممتدة
02:37 KSA · AFTER   · signal     · TMO · orb ▼ 64 · 15m · جلسة ممتدة
02:37 KSA · AFTER   · signal     · TMO · vwapRec ▼ 57 · 15m · جلسة ممتدة
02:37 KSA · AFTER   · signal     · T · vwapRec ▲ 57 · 15m · جلسة ممتدة
02:37 KSA · AFTER   · signal     · VRT · orb ▲ 64 · 15m · جلسة ممتدة
02:37 KSA · AFTER   · signal     · UNI-USD · pbTrend ▲ 57 · 1h
02:37 KSA · AFTER   · signal     · 牛来-USD · orb ▼ 64 · 15m
02:37 KSA · AFTER   · signal     · PEPE-USD · vwapRec ▼ 100 · 15m
02:37 KSA · AFTER   · signal     · THE-USD · vwapRec ▲ 100 · 15m
02:38 KSA · AFTER   · scanner    · بدء المسح · 1153 رمزاً · الجلسة AFTER
02:38 KSA · AFTER   · signal     · PAXG-USD · vwapRec ▼ 100 · 15m
02:38 KSA · AFTER   · signal     · XPL-USD · vwapRec ▲ 100 · 15m
02:40 KSA · AFTER   · scanner    · بدء المسح · 1153 رمزاً · الجلسة AFTER
02:40 KSA · AFTER   · signal     · ABBV · vwapRec ▼ 57 · 15m · جلسة ممتدة
02:40 KSA · AFTER   · signal     · ORCL · orb ▼ 64 · 15m · جلسة ممتدة
02:40 KSA · AFTER   · signal     · GEV · orb ▼ 82 · 15m · جلسة ممتدة
02:40 KSA · AFTER   · signal     · VZ · vwapRec ▲ 57 · 15m · جلسة ممتدة
02:40 KSA · AFTER   · signal     · GILD · orb ▼ 100 · 15m · جلسة ممتدة
02:40 KSA · AFTER   · signal     · BSX · orb ▲ 64 · 15m · جلسة ممتدة
02:40 KSA · AFTER   · signal     · BSX · vwapRec ▲ 57 · 15m · جلسة ممتدة
02:43 KSA · AFTER   · scanner    · بدء المسح · 1153 رمزاً · الجلسة AFTER
02:43 KSA · AFTER   · signal     · CRWD · vwapRec ▲ 65 · 15m · جلسة ممتدة
02:43 KSA · AFTER   · signal     · LIN · vwapRec ▼ 63 · 15m · جلسة ممتدة
02:43 KSA · AFTER   · signal     · HOOD · vwapRec ▲ 74 · 15m · جلسة ممتدة
02:43 KSA · AFTER   · signal     · LSK-USD · orb ▼ 65 · 15m
02:43 KSA · AFTER   · signal     · UNI-USD · brk ▼ 64 · 15m
02:43 KSA · AFTER   · signal     · SUI-USD · sqzExp ▼ 65 · 1h
02:43 KSA · AFTER   · signal     · U-USD · brk ▼ 55 · 15m
02:43 KSA · AFTER   · signal     · TAO-USD · brk ▼ 68 · 15m
02:43 KSA · AFTER   · signal     · THE-USD · orb ▼ 70 · 15m
02:43 KSA · AFTER   · signal     · THE-USD · brk ▼ 64 · 15m
02:43 KSA · AFTER   · signal     · THE-USD · sqzExp ▼ 90 · 1h
02:43 KSA · AFTER   · signal     · TRUMP-USD · brk ▼ 68 · 15m
02:43 KSA · AFTER   · signal     · TRUMP-USD · sqzExp ▼ 68 · 1h
02:43 KSA · AFTER   · signal     · EUR-USD · brk ▼ 61 · 15m
02:43 KSA · AFTER   · signal     · ARB-USD · sqzExp ▼ 65 · 1h
02:43 KSA · AFTER   · signal     · HOLO-USD · brk ▼ 55 · 15m
02:43 KSA · AFTER   · signal     · HOLO-USD · sqzExp ▼ 80 · 1h
02:43 KSA · AFTER   · signal     · TON-USD · brk ▼ 61 · 15m
02:43 KSA · AFTER   · signal     · PENGU-USD · brk ▼ 68 · 15m
02:43 KSA · AFTER   · signal     · PENGU-USD · sqzExp ▼ 65 · 1h
02:43 KSA · AFTER   · signal     · PENGU-USD · tfAlign ▼ 74 · 1d
02:43 KSA · AFTER   · signal     · APT-USD · sqzExp ▼ 60 · 1h
02:44 KSA · AFTER   · scanner    · بدء المسح · 1153 رمزاً · الجلسة AFTER
02:44 KSA · AFTER   · signal     · AMAT · orb ▲ 82 · 15m · جلسة ممتدة
02:44 KSA · AFTER   · signal     · NFLX · vwapRec ▲ 56 · 15m · جلسة ممتدة
02:44 KSA · AFTER   · signal     · MS · orb ▲ 82 · 15m · جلسة ممتدة
02:44 KSA · AFTER   · signal     · LIN · orb ▲ 100 · 15m · جلسة ممتدة
02:44 KSA · AFTER   · signal     · LIN · brk ▲ 100 · 15m · جلسة ممتدة
02:44 KSA · AFTER   · signal     · ADP · orb ▲ 79 · 15m · جلسة ممتدة
02:44 KSA · AFTER   · signal     · CDNS · orb ▲ 100 · 15m · جلسة ممتدة
02:44 KSA · AFTER   · signal     · HPQ · vwapRec ▲ 79 · 15m · جلسة ممتدة
02:44 KSA · AFTER   · signal     · U-USD · orb ▲ 60 · 15m
02:44 KSA · AFTER   · signal     · THE-USD · vwapRec ▲ 85 · 15m
02:44 KSA · AFTER   · signal     · WLFI-USD · vwapRec ▲ 63 · 15m
02:46 KSA · AFTER   · scanner    · بدء المسح · 1153 رمزاً · الجلسة AFTER
02:46 KSA · AFTER   · signal     · KMB · orb ▼ 100 · 15m · جلسة ممتدة
02:46 KSA · AFTER   · signal     · RDDT · vwapRec ▼ 59 · 15m · جلسة ممتدة
02:46 KSA · AFTER   · signal     · PEPE-USD · vwapRec ▲ 100 · 15m
02:52 KSA · AFTER   · scanner    · بدء المسح · 1153 رمزاً · الجلسة AFTER
02:52 KSA · AFTER   · signal     · LLY · vwapRec ▲ 57 · 15m · جلسة ممتدة
02:52 KSA · AFTER   · signal     · KO · vwapRec ▼ 57 · 15m · جلسة ممتدة
02:52 KSA · AFTER   · signal     · ANET · vwapRec ▼ 57 · 15m · جلسة ممتدة
02:52 KSA · AFTER   · signal     · DIS · vwapRec ▲ 57 · 15m · جلسة ممتدة
02:52 KSA · AFTER   · signal     · BA · vwapRec ▲ 57 · 15m · جلسة ممتدة
02:52 KSA · AFTER   · signal     · HWM · orb ▲ 100 · 15m · جلسة ممتدة
02:52 KSA · AFTER   · signal     · HWM · vwapRec ▲ 57 · 15m · جلسة ممتدة
02:52 KSA · AFTER   · signal     · HON · orb ▼ 64 · 15m · جلسة ممتدة
02:52 KSA · AFTER   · signal     · OPN-USD · meanRev ▲ 100 · 1d
02:54 KSA · AFTER   · scanner    · بدء المسح · 1153 رمزاً · الجلسة AFTER
02:54 KSA · AFTER   · signal     · AVGO · vwapRec ▼ 74 · 15m · جلسة ممتدة
02:54 KSA · AFTER   · signal     · BAC · vwapRec ▼ 59 · 15m · جلسة ممتدة
02:54 KSA · AFTER   · signal     · CRWD · vwapRec ▲ 65 · 15m · جلسة ممتدة
02:54 KSA · AFTER   · signal     · LIN · vwapRec ▼ 65 · 15m · جلسة ممتدة
02:54 KSA · AFTER   · signal     · HOOD · vwapRec ▲ 74 · 15m · جلسة ممتدة
02:54 KSA · AFTER   · signal     · LSK-USD · orb ▼ 65 · 15m
02:54 KSA · AFTER   · signal     · UNI-USD · brk ▼ 59 · 15m
02:54 KSA · AFTER   · signal     · UNI-USD · pbTrend ▲ 67 · 1h
02:54 KSA · AFTER   · signal     · SUI-USD · sqzExp ▼ 65 · 1h
02:54 KSA · AFTER   · signal     · U-USD · brk ▼ 59 · 15m
02:54 KSA · AFTER   · signal     · TAO-USD · brk ▼ 55 · 15m
02:54 KSA · AFTER   · signal     · THE-USD · orb ▼ 70 · 15m
02:54 KSA · AFTER   · signal     · THE-USD · sqzExp ▼ 90 · 1h
02:54 KSA · AFTER   · signal     · TRUMP-USD · brk ▼ 55 · 15m
02:54 KSA · AFTER   · signal     · TRUMP-USD · sqzExp ▼ 68 · 1h
02:54 KSA · AFTER   · signal     · EUR-USD · brk ▼ 61 · 15m
02:54 KSA · AFTER   · signal     · ARB-USD · orb ▼ 60 · 15m
02:54 KSA · AFTER   · signal     · ARB-USD · brk ▼ 59 · 15m
02:54 KSA · AFTER   · signal     · ARB-USD · sqzExp ▼ 65 · 1h
02:54 KSA · AFTER   · signal     · HOLO-USD · brk ▼ 68 · 15m
02:54 KSA · AFTER   · signal     · HOLO-USD · sqzExp ▼ 80 · 1h
02:54 KSA · AFTER   · signal     · BANK-USD · brk ▼ 64 · 15m
02:54 KSA · AFTER   · signal     · TON-USD · brk ▼ 61 · 15m
02:54 KSA · AFTER   · signal     · PENGU-USD · brk ▼ 61 · 15m
02:54 KSA · AFTER   · signal     · PENGU-USD · sqzExp ▼ 65 · 1h
02:54 KSA · AFTER   · signal     · APT-USD · sqzExp ▼ 60 · 1h
02:56 KSA · AFTER   · scanner    · بدء المسح · 1153 رمزاً · الجلسة AFTER
02:56 KSA · AFTER   · signal     · LIN · brk ▲ 100 · 15m · جلسة ممتدة
02:56 KSA · AFTER   · signal     · ADI · vwapRec ▲ 79 · 15m · جلسة ممتدة
02:56 KSA · AFTER   · signal     · NEM · orb ▼ 100 · 15m · جلسة ممتدة
02:56 KSA · AFTER   · signal     · ADP · orb ▲ 79 · 15m · جلسة ممتدة
02:56 KSA · AFTER   · signal     · HPE · orb ▼ 100 · 15m · جلسة ممتدة
02:56 KSA · AFTER   · signal     · NXPI · orb ▲ 100 · 15m · جلسة ممتدة
02:56 KSA · AFTER   · signal     · HPQ · orb ▼ 100 · 15m · جلسة ممتدة
02:56 KSA · AFTER   · signal     · U-USD · orb ▲ 75 · 15m
02:56 KSA · AFTER   · signal     · PEPE-USD · orb ▼ 65 · 15m
02:56 KSA · AFTER   · signal     · CTAS · brk ▼ 100 · 1d · جلسة ممتدة
02:56 KSA · AFTER   · signal     · CTAS · meanRev ▲ 100 · 1d · جلسة ممتدة
03:03 KSA · CLOSED  · scanner    · بدء المسح · 1153 رمزاً · الجلسة CLOSED
03:03 KSA · CLOSED  · signal     · TJX · volSpike ▼ 89 · 15m
03:03 KSA · CLOSED  · signal     · LSK-USD · volSpike ▼ 72 · 15m
03:03 KSA · CLOSED  · signal     · UNI-USD · brk ▼ 64 · 15m
03:03 KSA · CLOSED  · signal     · UNI-USD · pbTrend ▲ 67 · 1h
03:03 KSA · CLOSED  · signal     · SUI-USD · sqzExp ▼ 65 · 1h
03:03 KSA · CLOSED  · signal     · PEPE-USD · meanRev ▼ 57 · 15m
03:03 KSA · CLOSED  · signal     · TAO-USD · brk ▼ 68 · 15m
03:03 KSA · CLOSED  · signal     · THE-USD · brk ▼ 57 · 15m
03:03 KSA · CLOSED  · signal     · THE-USD · sqzExp ▼ 90 · 1h
03:03 KSA · CLOSED  · signal     · TRUMP-USD · brk ▼ 68 · 15m
03:03 KSA · CLOSED  · signal     · TRUMP-USD · sqzExp ▼ 68 · 1h
03:03 KSA · CLOSED  · signal     · EUR-USD · brk ▼ 61 · 15m
03:03 KSA · CLOSED  · signal     · ARB-USD · brk ▼ 73 · 15m
03:03 KSA · CLOSED  · signal     · ARB-USD · sqzExp ▼ 65 · 1h
03:03 KSA · CLOSED  · signal     · HOLO-USD · brk ▼ 68 · 15m
03:03 KSA · CLOSED  · signal     · HOLO-USD · sqzExp ▼ 80 · 1h
03:03 KSA · CLOSED  · signal     · BANK-USD · brk ▼ 64 · 15m
03:03 KSA · CLOSED  · signal     · TON-USD · brk ▼ 61 · 15m
03:03 KSA · CLOSED  · signal     · PENGU-USD · brk ▼ 68 · 15m
03:03 KSA · CLOSED  · signal     · PENGU-USD · sqzExp ▼ 65 · 1h
03:03 KSA · CLOSED  · signal     · APT-USD · sqzExp ▼ 60 · 1h
03:04 KSA · CLOSED  · scanner    · بدء المسح · 1153 رمزاً · الجلسة CLOSED
03:17 KSA · CLOSED  · scanner    · بدء المسح · 1153 رمزاً · الجلسة CLOSED
03:17 KSA · CLOSED  · signal     · LSK-USD · meanRev ▲ 60 · 15m
03:17 KSA · CLOSED  · signal     · UNI-USD · brk ▼ 64 · 15m
03:17 KSA · CLOSED  · signal     · UNI-USD · pbTrend ▲ 67 · 1h
03:17 KSA · CLOSED  · signal     · SUI-USD · sqzExp ▼ 65 · 1h
03:17 KSA · CLOSED  · signal     · PEPE-USD · meanRev ▼ 57 · 15m
03:17 KSA · CLOSED  · signal     · TAO-USD · brk ▼ 68 · 15m
03:17 KSA · CLOSED  · signal     · THE-USD · brk ▼ 57 · 15m
03:17 KSA · CLOSED  · signal     · THE-USD · sqzExp ▼ 90 · 1h
03:17 KSA · CLOSED  · signal     · TRUMP-USD · brk ▼ 68 · 15m
03:17 KSA · CLOSED  · signal     · TRUMP-USD · sqzExp ▼ 68 · 1h
03:17 KSA · CLOSED  · signal     · EUR-USD · brk ▼ 61 · 15m
03:17 KSA · CLOSED  · signal     · ARB-USD · brk ▼ 73 · 15m
03:17 KSA · CLOSED  · signal     · ARB-USD · sqzExp ▼ 65 · 1h
03:17 KSA · CLOSED  · signal     · HOLO-USD · brk ▼ 68 · 15m
03:17 KSA · CLOSED  · signal     · HOLO-USD · sqzExp ▼ 80 · 1h
03:17 KSA · CLOSED  · signal     · BANK-USD · brk ▼ 64 · 15m
03:17 KSA · CLOSED  · signal     · TON-USD · brk ▼ 61 · 15m
03:17 KSA · CLOSED  · signal     · PENGU-USD · brk ▼ 68 · 15m
03:17 KSA · CLOSED  · signal     · PENGU-USD · sqzExp ▼ 65 · 1h
03:17 KSA · CLOSED  · signal     · APT-USD · sqzExp ▼ 60 · 1h
03:22 KSA · CLOSED  · scanner    · بدء المسح · 1153 رمزاً · الجلسة CLOSED
03:29 KSA · CLOSED  · scanner    · بدء المسح · 1153 رمزاً · الجلسة CLOSED
03:33 KSA · CLOSED  · scanner    · بدء المسح · 1153 رمزاً · الجلسة CLOSED
03:40 KSA · CLOSED  · scanner    · بدء المسح · 1153 رمزاً · الجلسة CLOSED
03:46 KSA · CLOSED  · scanner    · بدء المسح · 1153 رمزاً · الجلسة CLOSED
03:52 KSA · CLOSED  · scanner    · بدء المسح · 1153 رمزاً · الجلسة CLOSED
03:59 KSA · CLOSED  · scanner    · بدء المسح · 1153 رمزاً · الجلسة CLOSED
04:03 KSA · CLOSED  · scanner    · بدء المسح · 1153 رمزاً · الجلسة CLOSED
04:11 KSA · CLOSED  · scanner    · بدء المسح · 1153 رمزاً · الجلسة CLOSED
04:16 KSA · CLOSED  · scanner    · بدء المسح · 1153 رمزاً · الجلسة CLOSED
04:18 KSA · CLOSED  · scanner    · بدء المسح · 1153 رمزاً · الجلسة CLOSED
04:18 KSA · CLOSED  · signal     · FIL-USD · meanRev ▲ 100 · 15m
04:18 KSA · CLOSED  · signal     · UNI-USD · pbTrend ▲ 57 · 1h
04:18 KSA · CLOSED  · signal     · SENT-USD · brk ▲ 100 · 15m
04:18 KSA · CLOSED  · signal     · LDO-USD · brk ▼ 69 · 1d
04:18 KSA · CLOSED  · signal     · EDEN-USD · brk ▼ 69 · 1d
04:20 KSA · CLOSED  · scanner    · بدء المسح · 1153 رمزاً · الجلسة CLOSED
04:20 KSA · CLOSED  · signal     · EUR-USD · brk ▼ 69 · 15m
04:20 KSA · CLOSED  · signal     · GRAM-USD · meanRev ▲ 100 · 15m
04:23 KSA · CLOSED  · scanner    · بدء المسح · 1153 رمزاً · الجلسة CLOSED
04:23 KSA · CLOSED  · signal     · TRX-USD · orb ▼ 90 · 15m
04:23 KSA · CLOSED  · signal     · ZEC-USD · orb ▲ 75 · 15m
04:23 KSA · CLOSED  · signal     · ZEC-USD · vwapRec ▲ 63 · 15m
04:23 KSA · CLOSED  · signal     · LINK-USD · vwapRec ▼ 57 · 15m
04:23 KSA · CLOSED  · signal     · GRAM-USD · orb ▼ 93 · 15m
04:23 KSA · CLOSED  · signal     · GRAM-USD · vwapRec ▼ 63 · 15m
04:23 KSA · CLOSED  · signal     · HBAR-USD · vwapRec ▼ 63 · 15m
04:23 KSA · CLOSED  · signal     · NEAR-USD · vwapRec ▲ 55 · 15m
04:23 KSA · CLOSED  · signal     · XAUT-USD · vwapRec ▲ 68 · 15m
04:23 KSA · CLOSED  · signal     · XAUT-USD · volSpike ▲ 78 · 15m
04:23 KSA · CLOSED  · signal     · AAVE-USD · vwapRec ▼ 57 · 15m
04:23 KSA · CLOSED  · signal     · AAVE-USD · rsiDiv ▲ 72 · 1h
04:23 KSA · CLOSED  · signal     · PAXG-USD · orb ▲ 70 · 15m
04:23 KSA · CLOSED  · signal     · PAXG-USD · volSpike ▲ 78 · 15m
04:23 KSA · CLOSED  · signal     · ICP-USD · vwapRec ▼ 78 · 15m
04:23 KSA · CLOSED  · signal     · WLD-USD · vwapRec ▼ 63 · 15m
04:23 KSA · CLOSED  · signal     · CAKE-USD · vwapRec ▼ 60 · 15m
04:23 KSA · CLOSED  · signal     · FIL-USD · orb ▼ 95 · 15m
04:23 KSA · CLOSED  · signal     · FIL-USD · vwapRec ▼ 85 · 15m
04:23 KSA · CLOSED  · signal     · ETHFI-USD · orb ▼ 73 · 15m
04:23 KSA · CLOSED  · signal     · ETHFI-USD · vwapRec ▼ 60 · 15m
04:23 KSA · CLOSED  · signal     · PENDLE-USD · orb ▼ 85 · 15m
04:23 KSA · CLOSED  · signal     · PENDLE-USD · vwapRec ▼ 60 · 15m
04:23 KSA · CLOSED  · signal     · FET-USD · vwapRec ▼ 70 · 15m
04:23 KSA · CLOSED  · signal     · RAY-USD · vwapRec ▼ 75 · 15m
04:23 KSA · CLOSED  · signal     · XPL-USD · orb ▼ 85 · 15m
04:23 KSA · CLOSED  · signal     · XPL-USD · vwapRec ▼ 78 · 15m
04:23 KSA · CLOSED  · signal     · OP-USD · vwapRec ▼ 70 · 15m
04:23 KSA · CLOSED  · signal     · IOTA-USD · vwapRec ▼ 93 · 15m
04:23 KSA · CLOSED  · signal     · LSK-USD · meanRev ▲ 57 · 15m
04:23 KSA · CLOSED  · signal     · LSK-USD · rsiDiv ▲ 58 · 15m
04:23 KSA · CLOSED  · signal     · MARSCOIN-USD · vwapRec ▼ 83 · 15m
04:23 KSA · CLOSED  · signal     · VTHO-USD · vwapRec ▼ 60 · 15m
04:23 KSA · CLOSED  · signal     · SPCXB-USD · pbTrend ▲ 64 · 1h
04:23 KSA · CLOSED  · signal     · QQQB-USD · orb ▼ 100 · 15m
04:23 KSA · CLOSED  · signal     · QQQB-USD · vwapRec ▼ 68 · 15m
04:23 KSA · CLOSED  · signal     · MSTRB-USD · rsiDiv ▲ 83 · 1h
04:23 KSA · CLOSED  · signal     · T-USD · orb ▼ 100 · 15m
04:23 KSA · CLOSED  · signal     · T-USD · vwapRec ▼ 55 · 15m
04:23 KSA · CLOSED  · signal     · T-USD · momo ▼ 86 · 1h
04:23 KSA · CLOSED  · signal     · MUB-USD · vwapRec ▼ 60 · 15m
04:23 KSA · CLOSED  · signal     · SNDKB-USD · vwapRec ▼ 85 · 15m
04:23 KSA · CLOSED  · signal     · REZ-USD · orb ▲ 75 · 15m
04:23 KSA · CLOSED  · signal     · ARK-USD · orb ▲ 100 · 15m
04:23 KSA · CLOSED  · signal     · ARK-USD · vwapRec ▲ 55 · 15m
04:23 KSA · CLOSED  · signal     · CVC-USD · vwapRec ▲ 73 · 15m
04:23 KSA · CLOSED  · signal     · SOXLB-USD · vwapRec ▼ 93 · 15m
04:23 KSA · CLOSED  · signal     · HEMI-USD · orb ▼ 100 · 15m
04:23 KSA · CLOSED  · signal     · SNXXB-USD · vwapRec ▼ 93 · 15m
04:23 KSA · CLOSED  · signal     · UNI-USD · orb ▼ 68 · 15m
04:23 KSA · CLOSED  · signal     · UNI-USD · brk ▼ 64 · 15m
04:23 KSA · CLOSED  · signal     · UNI-USD · sqzExp ▼ 63 · 1h
04:23 KSA · CLOSED  · signal     · SUI-USD · orb ▼ 70 · 15m
04:23 KSA · CLOSED  · signal     · SUI-USD · sqzExp ▼ 57 · 1h
04:23 KSA · CLOSED  · signal     · U-USD · orb ▼ 65 · 15m
04:23 KSA · CLOSED  · signal     · U-USD · brk ▼ 59 · 15m
04:23 KSA · CLOSED  · signal     · 牛来-USD · vwapRec ▼ 67 · 15m
04:23 KSA · CLOSED  · signal     · PEPE-USD · meanRev ▼ 57 · 15m
04:23 KSA · CLOSED  · signal     · TAO-USD · orb ▼ 73 · 15m
04:23 KSA · CLOSED  · signal     · TAO-USD · brk ▼ 61 · 15m
04:23 KSA · CLOSED  · signal     · THE-USD · orb ▼ 65 · 15m
04:23 KSA · CLOSED  · signal     · THE-USD · brk ▼ 57 · 15m
04:23 KSA · CLOSED  · signal     · THE-USD · sqzExp ▼ 70 · 1h
04:23 KSA · CLOSED  · signal     · TRUMP-USD · orb ▼ 80 · 15m
04:23 KSA · CLOSED  · signal     · TRUMP-USD · brk ▼ 70 · 15m
04:23 KSA · CLOSED  · signal     · TRUMP-USD · sqzExp ▼ 60 · 1h
04:23 KSA · CLOSED  · signal     · EUR-USD · orb ▼ 80 · 15m
04:23 KSA · CLOSED  · signal     · ARB-USD · sqzExp ▼ 65 · 1h
04:23 KSA · CLOSED  · signal     · HOLO-USD · orb ▼ 70 · 15m
04:23 KSA · CLOSED  · signal     · HOLO-USD · brk ▼ 68 · 15m
04:23 KSA · CLOSED  · signal     · HOLO-USD · sqzExp ▼ 60 · 1h
04:23 KSA · CLOSED  · signal     · BANK-USD · orb ▼ 85 · 15m
04:23 KSA · CLOSED  · signal     · BANK-USD · brk ▼ 59 · 15m
04:23 KSA · CLOSED  · signal     · BANK-USD · tfAlign ▼ 68 · 1d
04:23 KSA · CLOSED  · signal     · TON-USD · brk ▼ 61 · 15m
04:23 KSA · CLOSED  · signal     · SENT-USD · orb ▼ 55 · 15m
04:23 KSA · CLOSED  · signal     · PENGU-USD · orb ▼ 70 · 15m
04:23 KSA · CLOSED  · signal     · PENGU-USD · brk ▼ 55 · 15m
04:23 KSA · CLOSED  · signal     · WLFI-USD · orb ▼ 68 · 15m
04:23 KSA · CLOSED  · signal     · ASTER-USD · orb ▼ 80 · 15m
04:23 KSA · CLOSED  · signal     · ASTER-USD · vwapRec ▼ 60 · 15m
04:23 KSA · CLOSED  · signal     · ASTER-USD · pbTrend ▲ 62 · 1h
04:23 KSA · CLOSED  · signal     · APT-USD · orb ▼ 80 · 15m
04:23 KSA · CLOSED  · signal     · APT-USD · sqzExp ▼ 60 · 1h
04:25 KSA · CLOSED  · scanner    · بدء المسح · 1153 رمزاً · الجلسة CLOSED
04:25 KSA · CLOSED  · signal     · BTC-USD · orb ▲ 82 · 15m
04:25 KSA · CLOSED  · signal     · BTC-USD · vwapRec ▲ 57 · 15m
04:25 KSA · CLOSED  · signal     · ETH-USD · vwapRec ▲ 57 · 15m
04:25 KSA · CLOSED  · signal     · BNB-USD · vwapRec ▲ 60 · 15m
04:25 KSA · CLOSED  · signal     · SOL-USD · vwapRec ▲ 57 · 15m
04:25 KSA · CLOSED  · signal     · DOGE-USD · vwapRec ▲ 57 · 15m
04:25 KSA · CLOSED  · signal     · ADA-USD · vwapRec ▲ 57 · 15m
04:25 KSA · CLOSED  · signal     · XLM-USD · vwapRec ▲ 57 · 15m
04:25 KSA · CLOSED  · signal     · BCH-USD · vwapRec ▲ 57 · 15m
04:25 KSA · CLOSED  · signal     · LTC-USD · orb ▼ 100 · 15m
04:25 KSA · CLOSED  · signal     · LTC-USD · vwapRec ▼ 57 · 15m
04:25 KSA · CLOSED  · signal     · AVAX-USD · vwapRec ▲ 57 · 15m
04:25 KSA · CLOSED  · signal     · XAUT-USD · orb ▲ 100 · 15m
04:25 KSA · CLOSED  · signal     · ONDO-USD · vwapRec ▲ 79 · 15m
04:25 KSA · CLOSED  · signal     · ENA-USD · vwapRec ▲ 79 · 15m
04:25 KSA · CLOSED  · signal     · DASH-USD · orb ▲ 100 · 15m
04:25 KSA · CLOSED  · signal     · DASH-USD · vwapRec ▲ 57 · 15m
04:25 KSA · CLOSED  · signal     · LSK-USD · orb ▲ 73 · 15m
04:25 KSA · CLOSED  · signal     · LSK-USD · brk ▲ 100 · 15m
04:25 KSA · CLOSED  · signal     · CRCLB-USD · orb ▲ 82 · 15m
04:25 KSA · CLOSED  · signal     · CRCLB-USD · vwapRec ▲ 57 · 15m
04:25 KSA · CLOSED  · signal     · SPCXB-USD · vwapRec ▲ 57 · 15m
04:25 KSA · CLOSED  · signal     · MSTRB-USD · orb ▲ 100 · 15m
04:25 KSA · CLOSED  · signal     · MSTRB-USD · vwapRec ▲ 57 · 15m
04:25 KSA · CLOSED  · signal     · MTL-USD · orb ▲ 82 · 15m
04:25 KSA · CLOSED  · signal     · UNI-USD · vwapRec ▲ 68 · 15m
04:25 KSA · CLOSED  · signal     · SUI-USD · vwapRec ▲ 63 · 15m
04:25 KSA · CLOSED  · signal     · U-USD · vwapRec ▲ 60 · 15m
04:25 KSA · CLOSED  · signal     · TAO-USD · vwapRec ▲ 70 · 15m
04:25 KSA · CLOSED  · signal     · PUMP-USD · vwapRec ▲ 79 · 15m
04:25 KSA · CLOSED  · signal     · HOLO-USD · vwapRec ▲ 70 · 15m
04:25 KSA · CLOSED  · signal     · BANK-USD · vwapRec ▲ 85 · 15m
04:25 KSA · CLOSED  · signal     · PENGU-USD · vwapRec ▲ 63 · 15m
04:25 KSA · CLOSED  · signal     · APT-USD · vwapRec ▲ 78 · 15m
04:26 KSA · CLOSED  · scanner    · بدء المسح · 1153 رمزاً · الجلسة CLOSED
04:26 KSA · CLOSED  · signal     · DOT-USD · orb ▲ 64 · 15m
04:26 KSA · CLOSED  · signal     · SPCXB-USD · orb ▲ 82 · 15m
04:26 KSA · CLOSED  · signal     · T-USD · brk ▼ 69 · 15m
04:26 KSA · CLOSED  · signal     · ARB-USD · vwapRec ▲ 100 · 15m
04:26 KSA · CLOSED  · signal     · SENT-USD · vwapRec ▲ 79 · 15m
04:26 KSA · CLOSED  · signal     · APT-USD · orb ▼ 64 · 15m
04:28 KSA · CLOSED  · scanner    · بدء المسح · 1153 رمزاً · الجلسة CLOSED
04:28 KSA · CLOSED  · signal     · NEAR-USD · pbTrend ▲ 57 · 1h
04:28 KSA · CLOSED  · signal     · AAVE-USD · orb ▼ 64 · 15m
04:28 KSA · CLOSED  · signal     · ICP-USD · orb ▼ 82 · 15m
04:28 KSA · CLOSED  · signal     · MARSCOIN-USD · orb ▼ 82 · 15m
04:28 KSA · CLOSED  · signal     · WLFI-USD · orb ▼ 100 · 15m
04:30 KSA · CLOSED  · scanner    · بدء المسح · 1153 رمزاً · الجلسة CLOSED
04:30 KSA · CLOSED  · signal     · ETHFI-USD · meanRev ▲ 100 · 15m
04:30 KSA · CLOSED  · signal     · INJ-USD · vwapRec ▼ 79 · 15m
04:30 KSA · CLOSED  · signal     · PEPE-USD · orb ▼ 82 · 15m
04:30 KSA · CLOSED  · signal     · PEPE-USD · vwapRec ▼ 57 · 15m
04:30 KSA · CLOSED  · signal     · SENT-USD · orb ▲ 82 · 15m
04:32 KSA · CLOSED  · scanner    · بدء المسح · 1153 رمزاً · الجلسة CLOSED
04:32 KSA · CLOSED  · signal     · XRP-USD · vwapRec ▼ 70 · 15m
04:32 KSA · CLOSED  · signal     · HBAR-USD · orb ▼ 75 · 15m
04:32 KSA · CLOSED  · signal     · UNI-USD · orb ▼ 60 · 15m
04:32 KSA · CLOSED  · signal     · UNI-USD · brk ▼ 64 · 15m
04:32 KSA · CLOSED  · signal     · UNI-USD · pbTrend ▲ 67 · 1h
04:32 KSA · CLOSED  · signal     · UNI-USD · sqzExp ▼ 63 · 1h
04:32 KSA · CLOSED  · signal     · SUI-USD · orb ▼ 70 · 15m
04:32 KSA · CLOSED  · signal     · SUI-USD · sqzExp ▼ 57 · 1h
04:32 KSA · CLOSED  · signal     · U-USD · orb ▼ 57 · 15m
04:32 KSA · CLOSED  · signal     · U-USD · brk ▼ 64 · 15m
04:32 KSA · CLOSED  · signal     · PEPE-USD · meanRev ▼ 57 · 15m
04:32 KSA · CLOSED  · signal     · TAO-USD · orb ▼ 73 · 15m
04:32 KSA · CLOSED  · signal     · TAO-USD · brk ▼ 61 · 15m
04:32 KSA · CLOSED  · signal     · THE-USD · brk ▼ 64 · 15m
04:32 KSA · CLOSED  · signal     · THE-USD · sqzExp ▼ 70 · 1h
04:32 KSA · CLOSED  · signal     · TRUMP-USD · brk ▼ 68 · 15m
04:32 KSA · CLOSED  · signal     · TRUMP-USD · sqzExp ▼ 60 · 1h
04:32 KSA · CLOSED  · signal     · EUR-USD · rsiDiv ▲ 61 · 15m
04:32 KSA · CLOSED  · signal     · ARB-USD · orb ▼ 57 · 15m
04:32 KSA · CLOSED  · signal     · ARB-USD · brk ▼ 55 · 15m
04:32 KSA · CLOSED  · signal     · ARB-USD · sqzExp ▼ 65 · 1h
04:32 KSA · CLOSED  · signal     · HOLO-USD · orb ▼ 85 · 15m
04:32 KSA · CLOSED  · signal     · HOLO-USD · brk ▼ 80 · 15m
04:32 KSA · CLOSED  · signal     · HOLO-USD · sqzExp ▼ 60 · 1h
04:32 KSA · CLOSED  · signal     · BANK-USD · orb ▼ 70 · 15m
04:32 KSA · CLOSED  · signal     · BANK-USD · brk ▼ 64 · 15m
04:32 KSA · CLOSED  · signal     · TON-USD · brk ▼ 61 · 15m
04:32 KSA · CLOSED  · signal     · PENGU-USD · orb ▼ 70 · 15m
04:32 KSA · CLOSED  · signal     · PENGU-USD · brk ▼ 68 · 15m
04:32 KSA · CLOSED  · signal     · ASTER-USD · orb ▼ 80 · 15m
04:32 KSA · CLOSED  · signal     · ASTER-USD · vwapRec ▼ 60 · 15m
04:32 KSA · CLOSED  · signal     · ASTER-USD · pbTrend ▲ 62 · 1h
04:32 KSA · CLOSED  · signal     · APT-USD · sqzExp ▼ 60 · 1h
04:34 KSA · CLOSED  · scanner    · بدء المسح · 1153 رمزاً · الجلسة CLOSED
04:34 KSA · CLOSED  · signal     · DOGE-USD · orb ▼ 82 · 15m
04:34 KSA · CLOSED  · signal     · LINK-USD · orb ▼ 82 · 15m
04:34 KSA · CLOSED  · signal     · ADA-USD · orb ▼ 100 · 15m
04:34 KSA · CLOSED  · signal     · ONDO-USD · orb ▼ 82 · 15m
04:34 KSA · CLOSED  · signal     · ENA-USD · orb ▼ 82 · 15m
04:34 KSA · CLOSED  · signal     · WLD-USD · orb ▼ 82 · 15m
04:34 KSA · CLOSED  · signal     · CAKE-USD · orb ▼ 100 · 15m
04:34 KSA · CLOSED  · signal     · INJ-USD · orb ▼ 64 · 15m
04:34 KSA · CLOSED  · signal     · OP-USD · orb ▼ 82 · 15m
04:34 KSA · CLOSED  · signal     · LSK-USD · orb ▲ 73 · 15m
04:34 KSA · CLOSED  · signal     · LSK-USD · brk ▲ 100 · 15m
04:34 KSA · CLOSED  · signal     · PEPE-USD · orb ▼ 68 · 15m
04:34 KSA · CLOSED  · signal     · PEPE-USD · pbTrend ▲ 57 · 1h
04:34 KSA · CLOSED  · signal     · PUMP-USD · orb ▼ 100 · 15m
04:34 KSA · CLOSED  · signal     · SENT-USD · orb ▲ 57 · 15m
04:34 KSA · CLOSED  · signal     · SENT-USD · vwapRec ▲ 65 · 15m
04:34 KSA · CLOSED  · signal     · IMX-USD · meanRev ▲ 100 · 1d
04:37 KSA · CLOSED  · scanner    · بدء المسح · 1153 رمزاً · الجلسة CLOSED
04:37 KSA · CLOSED  · signal     · ETH-USD · orb ▼ 64 · 15m
04:37 KSA · CLOSED  · signal     · BNB-USD · orb ▼ 82 · 15m
04:37 KSA · CLOSED  · signal     · XRP-USD · orb ▼ 82 · 15m
04:37 KSA · CLOSED  · signal     · ADA-USD · meanRev ▲ 100 · 15m
04:37 KSA · CLOSED  · signal     · AVAX-USD · orb ▼ 64 · 15m
04:37 KSA · CLOSED  · signal     · NEAR-USD · orb ▼ 82 · 15m
04:37 KSA · CLOSED  · signal     · DOT-USD · vwapRec ▼ 60 · 15m
04:37 KSA · CLOSED  · signal     · VTHO-USD · pbTrend ▲ 57 · 1h
04:37 KSA · CLOSED  · signal     · QQQB-USD · orb ▼ 100 · 15m
04:37 KSA · CLOSED  · signal     · UNI-USD · orb ▼ 82 · 15m
04:37 KSA · CLOSED  · signal     · HOLO-USD · orb ▼ 100 · 15m
04:37 KSA · CLOSED  · signal     · BANK-USD · orb ▼ 100 · 15m
04:37 KSA · CLOSED  · signal     · WLFI-USD · meanRev ▲ 100 · 15m
04:37 KSA · CLOSED  · signal     · COOKIE-USD · brk ▼ 69 · 1d
04:37 KSA · CLOSED  · signal     · COOKIE-USD · meanRev ▲ 100 · 1d
04:40 KSA · CLOSED  · scanner    · بدء المسح · 1153 رمزاً · الجلسة CLOSED
04:40 KSA · CLOSED  · signal     · SOL-USD · orb ▼ 100 · 15m
04:40 KSA · CLOSED  · signal     · DASH-USD · orb ▼ 100 · 15m
04:40 KSA · CLOSED  · signal     · SOXLB-USD · orb ▼ 82 · 15m
04:40 KSA · CLOSED  · signal     · SUI-USD · orb ▼ 82 · 15m
04:42 KSA · CLOSED  · scanner    · بدء المسح · 1153 رمزاً · الجلسة CLOSED
04:42 KSA · CLOSED  · signal     · BTC-USD · orb ▼ 68 · 15m
04:42 KSA · CLOSED  · signal     · XLM-USD · orb ▼ 65 · 15m
04:42 KSA · CLOSED  · signal     · REZ-USD · vwapRec ▲ 63 · 15m
04:42 KSA · CLOSED  · signal     · UNI-USD · brk ▼ 64 · 15m
04:42 KSA · CLOSED  · signal     · UNI-USD · sqzExp ▼ 63 · 1h
04:42 KSA · CLOSED  · signal     · SUI-USD · sqzExp ▼ 57 · 1h
04:42 KSA · CLOSED  · signal     · U-USD · orb ▼ 57 · 15m
04:42 KSA · CLOSED  · signal     · U-USD · brk ▼ 64 · 15m
04:42 KSA · CLOSED  · signal     · PEPE-USD · meanRev ▼ 57 · 15m
04:42 KSA · CLOSED  · signal     · TAO-USD · brk ▼ 61 · 15m
04:42 KSA · CLOSED  · signal     · THE-USD · brk ▼ 64 · 15m
04:42 KSA · CLOSED  · signal     · THE-USD · sqzExp ▼ 70 · 1h
04:42 KSA · CLOSED  · signal     · TRUMP-USD · brk ▼ 68 · 15m
04:42 KSA · CLOSED  · signal     · TRUMP-USD · sqzExp ▼ 60 · 1h
04:42 KSA · CLOSED  · signal     · PUMP-USD · vwapRec ▲ 73 · 15m
04:42 KSA · CLOSED  · signal     · ARB-USD · orb ▼ 57 · 15m
04:42 KSA · CLOSED  · signal     · ARB-USD · brk ▼ 55 · 15m
04:42 KSA · CLOSED  · signal     · ARB-USD · sqzExp ▼ 65 · 1h
04:42 KSA · CLOSED  · signal     · HOLO-USD · brk ▼ 80 · 15m
04:42 KSA · CLOSED  · signal     · HOLO-USD · sqzExp ▼ 60 · 1h
04:42 KSA · CLOSED  · signal     · BANK-USD · brk ▼ 64 · 15m
04:42 KSA · CLOSED  · signal     · TON-USD · brk ▼ 61 · 15m
04:42 KSA · CLOSED  · signal     · PENGU-USD · brk ▼ 68 · 15m
04:42 KSA · CLOSED  · signal     · APT-USD · sqzExp ▼ 60 · 1h
04:44 KSA · CLOSED  · scanner    · بدء المسح · 1153 رمزاً · الجلسة CLOSED
04:44 KSA · CLOSED  · signal     · PAXG-USD · vwapRec ▲ 57 · 15m
04:44 KSA · CLOSED  · signal     · LSK-USD · orb ▲ 100 · 15m
04:44 KSA · CLOSED  · signal     · LSK-USD · vwapRec ▲ 68 · 15m
04:44 KSA · CLOSED  · signal     · PEPE-USD · orb ▼ 68 · 15m
04:44 KSA · CLOSED  · signal     · EUR-USD · vwapRec ▲ 70 · 15m
04:44 KSA · CLOSED  · signal     · PUMP-USD · brk ▼ 100 · 15m
04:44 KSA · CLOSED  · signal     · PUMP-USD · meanRev ▲ 100 · 15m
04:46 KSA · CLOSED  · scanner    · بدء المسح · 1153 رمزاً · الجلسة CLOSED
04:46 KSA · CLOSED  · signal     · U-USD · orb ▼ 100 · 15m
04:46 KSA · CLOSED  · signal     · ARB-USD · orb ▼ 82 · 15m
04:48 KSA · CLOSED  · scanner    · بدء المسح · 1153 رمزاً · الجلسة CLOSED
04:48 KSA · CLOSED  · signal     · NEAR-USD · meanRev ▲ 100 · 15m
04:48 KSA · CLOSED  · signal     · FET-USD · orb ▼ 64 · 15m
04:48 KSA · CLOSED  · signal     · WCT-USD · meanRev ▲ 100 · 1d
04:48 KSA · CLOSED  · signal     · STO-USD · meanRev ▲ 100 · 1d
04:50 KSA · CLOSED  · scanner    · بدء المسح · 1153 رمزاً · الجلسة CLOSED
04:50 KSA · CLOSED  · signal     · XLM-USD · meanRev ▲ 100 · 15m
04:50 KSA · CLOSED  · signal     · LTC-USD · brk ▼ 100 · 15m
04:50 KSA · CLOSED  · signal     · CRCLB-USD · meanRev ▲ 100 · 15m
04:50 KSA · CLOSED  · signal     · SNXXB-USD · orb ▼ 82 · 15m
04:50 KSA · CLOSED  · signal     · TRUMP-USD · brk ▼ 69 · 15m
04:50 KSA · CLOSED  · signal     · WLFI-USD · orb ▼ 82 · 15m
04:50 KSA · CLOSED  · signal     · AVNT-USD · meanRev ▲ 100 · 1d
04:52 KSA · CLOSED  · scanner    · بدء المسح · 1153 رمزاً · الجلسة CLOSED
04:52 KSA · CLOSED  · signal     · ZEC-USD · orb ▼ 70 · 15m
04:52 KSA · CLOSED  · signal     · BCH-USD · orb ▼ 65 · 15m
04:52 KSA · CLOSED  · signal     · DOT-USD · rsiDiv ▲ 78 · 15m
04:52 KSA · CLOSED  · signal     · LSK-USD · volSpike ▼ 72 · 15m
04:52 KSA · CLOSED  · signal     · MUB-USD · orb ▼ 75 · 15m
04:52 KSA · CLOSED  · signal     · SNDKB-USD · orb ▼ 75 · 15m
04:52 KSA · CLOSED  · signal     · UNI-USD · brk ▼ 82 · 15m
04:52 KSA · CLOSED  · signal     · UNI-USD · sqzExp ▼ 63 · 1h
04:52 KSA · CLOSED  · signal     · UNI-USD · volSpike ▼ 56 · 15m
04:52 KSA · CLOSED  · signal     · SUI-USD · sqzExp ▼ 57 · 1h
04:52 KSA · CLOSED  · signal     · U-USD · brk ▼ 73 · 15m
04:52 KSA · CLOSED  · signal     · TAO-USD · brk ▼ 77 · 15m
04:52 KSA · CLOSED  · signal     · THE-USD · brk ▼ 66 · 15m
04:52 KSA · CLOSED  · signal     · THE-USD · sqzExp ▼ 70 · 1h
04:52 KSA · CLOSED  · signal     · TRUMP-USD · sqzExp ▼ 60 · 1h
04:52 KSA · CLOSED  · signal     · EUR-USD · volSpike ▲ 56 · 15m
04:52 KSA · CLOSED  · signal     · ARB-USD · brk ▼ 64 · 15m
04:52 KSA · CLOSED  · signal     · ARB-USD · sqzExp ▼ 65 · 1h
04:52 KSA · CLOSED  · signal     · HOLO-USD · brk ▼ 77 · 15m
04:52 KSA · CLOSED  · signal     · HOLO-USD · sqzExp ▼ 60 · 1h
04:52 KSA · CLOSED  · signal     · BANK-USD · brk ▼ 64 · 15m
04:52 KSA · CLOSED  · signal     · TON-USD · brk ▼ 61 · 15m
04:52 KSA · CLOSED  · signal     · SENT-USD · orb ▼ 63 · 15m
04:52 KSA · CLOSED  · signal     · SENT-USD · brk ▼ 59 · 15m
04:52 KSA · CLOSED  · signal     · PENGU-USD · brk ▼ 77 · 15m
04:52 KSA · CLOSED  · signal     · APT-USD · sqzExp ▼ 60 · 1h
04:54 KSA · CLOSED  · scanner    · بدء المسح · 1153 رمزاً · الجلسة CLOSED
04:54 KSA · CLOSED  · signal     · WLD-USD · meanRev ▲ 100 · 15m
04:54 KSA · CLOSED  · signal     · RAY-USD · orb ▲ 82 · 15m
04:54 KSA · CLOSED  · signal     · IOTA-USD · orb ▼ 82 · 15m
04:54 KSA · CLOSED  · signal     · LSK-USD · orb ▲ 100 · 15m
04:54 KSA · CLOSED  · signal     · CRCLB-USD · orb ▼ 82 · 15m
04:54 KSA · CLOSED  · signal     · PEPE-USD · orb ▼ 68 · 15m
04:56 KSA · CLOSED  · scanner    · بدء المسح · 1153 رمزاً · الجلسة CLOSED
04:56 KSA · CLOSED  · signal     · AVAX-USD · meanRev ▲ 100 · 15m
04:56 KSA · CLOSED  · signal     · DOT-USD · orb ▼ 64 · 15m
04:56 KSA · CLOSED  · signal     · MSTRB-USD · orb ▼ 64 · 15m
04:56 KSA · CLOSED  · signal     · MUB-USD · brk ▼ 100 · 15m
04:58 KSA · CLOSED  · scanner    · بدء المسح · 1153 رمزاً · الجلسة CLOSED
04:58 KSA · CLOSED  · signal     · U-USD · vwapRec ▼ 100 · 15m
04:58 KSA · CLOSED  · signal     · 牛来-USD · brk ▼ 69 · 15m
04:58 KSA · CLOSED  · signal     · AMP-USD · meanRev ▲ 100 · 1d
05:00 KSA · CLOSED  · scanner    · بدء المسح · 1153 رمزاً · الجلسة CLOSED
05:00 KSA · CLOSED  · signal     · LSK-USD · vwapRec ▼ 100 · 15m
05:02 KSA · CLOSED  · scanner    · بدء المسح · 1153 رمزاً · الجلسة CLOSED
05:02 KSA · CLOSED  · signal     · CAKE-USD · volSpike ▼ 72 · 15m
05:02 KSA · CLOSED  · signal     · LSK-USD · meanRev ▲ 70 · 15m
05:02 KSA · CLOSED  · signal     · QQQB-USD · brk ▼ 75 · 15m
05:02 KSA · CLOSED  · signal     · SNDKB-USD · volSpike ▼ 89 · 15m
05:02 KSA · CLOSED  · signal     · UNI-USD · brk ▼ 75 · 15m
05:02 KSA · CLOSED  · signal     · UNI-USD · sqzExp ▼ 63 · 1h
05:02 KSA · CLOSED  · signal     · SUI-USD · sqzExp ▼ 57 · 1h
05:02 KSA · CLOSED  · signal     · U-USD · brk ▼ 66 · 15m
05:02 KSA · CLOSED  · signal     · TAO-USD · brk ▼ 77 · 15m
05:02 KSA · CLOSED  · signal     · THE-USD · brk ▼ 57 · 15m
05:02 KSA · CLOSED  · signal     · THE-USD · sqzExp ▼ 70 · 1h
05:02 KSA · CLOSED  · signal     · TRUMP-USD · sqzExp ▼ 60 · 1h
05:02 KSA · CLOSED  · signal     · PUMP-USD · volSpike ▼ 69 · 15m
05:02 KSA · CLOSED  · signal     · ARB-USD · sqzExp ▼ 65 · 1h
05:02 KSA · CLOSED  · signal     · HOLO-USD · brk ▼ 80 · 15m
05:02 KSA · CLOSED  · signal     · HOLO-USD · sqzExp ▼ 60 · 1h
05:02 KSA · CLOSED  · signal     · BANK-USD · brk ▼ 57 · 15m
05:02 KSA · CLOSED  · signal     · TON-USD · brk ▼ 61 · 15m
05:02 KSA · CLOSED  · signal     · SENT-USD · orb ▼ 70 · 15m
05:02 KSA · CLOSED  · signal     · SENT-USD · brk ▼ 68 · 15m
05:02 KSA · CLOSED  · signal     · PENGU-USD · brk ▼ 68 · 15m
05:02 KSA · CLOSED  · signal     · APT-USD · sqzExp ▼ 60 · 1h
05:04 KSA · CLOSED  · scanner    · بدء المسح · 1153 رمزاً · الجلسة CLOSED
05:04 KSA · CLOSED  · signal     · PAXG-USD · vwapRec ▲ 70 · 15m
05:04 KSA · CLOSED  · signal     · PEPE-USD · orb ▼ 60 · 15m
05:04 KSA · CLOSED  · signal     · PUMP-USD · meanRev ▲ 100 · 15m
05:07 KSA · CLOSED  · scanner    · بدء المسح · 1153 رمزاً · الجلسة CLOSED
05:07 KSA · CLOSED  · signal     · LSK-USD · orb ▲ 64 · 15m
05:08 KSA · CLOSED  · scanner    · بدء المسح · 1153 رمزاً · الجلسة CLOSED
05:08 KSA · CLOSED  · signal     · EUR-USD · vwapRec ▲ 85 · 15m
05:08 KSA · CLOSED  · signal     · SENT-USD · vwapRec ▼ 79 · 15m
05:10 KSA · CLOSED  · scanner    · بدء المسح · 1153 رمزاً · الجلسة CLOSED
05:10 KSA · CLOSED  · signal     · PAXG-USD · orb ▲ 100 · 15m
05:10 KSA · CLOSED  · signal     · SPCXB-USD · vwapRec ▼ 100 · 15m
05:10 KSA · CLOSED  · signal     · U-USD · brk ▼ 100 · 15m
05:12 KSA · CLOSED  · scanner    · بدء المسح · 1153 رمزاً · الجلسة CLOSED
05:12 KSA · CLOSED  · signal     · UNI-USD · brk ▼ 75 · 15m
05:12 KSA · CLOSED  · signal     · UNI-USD · sqzExp ▼ 63 · 1h
05:12 KSA · CLOSED  · signal     · SUI-USD · sqzExp ▼ 57 · 1h
05:12 KSA · CLOSED  · signal     · TAO-USD · brk ▼ 77 · 15m
05:12 KSA · CLOSED  · signal     · THE-USD · brk ▼ 57 · 15m
05:12 KSA · CLOSED  · signal     · THE-USD · sqzExp ▼ 70 · 1h
05:12 KSA · CLOSED  · signal     · TRUMP-USD · sqzExp ▼ 60 · 1h
05:12 KSA · CLOSED  · signal     · ARB-USD · sqzExp ▼ 65 · 1h
05:12 KSA · CLOSED  · signal     · HOLO-USD · brk ▼ 80 · 15m
05:12 KSA · CLOSED  · signal     · HOLO-USD · sqzExp ▼ 60 · 1h
05:12 KSA · CLOSED  · signal     · BANK-USD · brk ▼ 57 · 15m
05:12 KSA · CLOSED  · signal     · TON-USD · brk ▼ 61 · 15m
05:12 KSA · CLOSED  · signal     · SENT-USD · orb ▼ 70 · 15m
05:12 KSA · CLOSED  · signal     · SENT-USD · brk ▼ 68 · 15m
05:12 KSA · CLOSED  · signal     · PENGU-USD · brk ▼ 68 · 15m
05:12 KSA · CLOSED  · signal     · APT-USD · sqzExp ▼ 60 · 1h
05:14 KSA · CLOSED  · scanner    · بدء المسح · 1153 رمزاً · الجلسة CLOSED
05:14 KSA · CLOSED  · signal     · LSK-USD · orb ▲ 64 · 15m
05:14 KSA · CLOSED  · signal     · PEPE-USD · orb ▼ 60 · 15m
05:14 KSA · CLOSED  · signal     · EUR-USD · vwapRec ▲ 70 · 15m
05:16 KSA · CLOSED  · scanner    · بدء المسح · 1153 رمزاً · الجلسة CLOSED
05:16 KSA · CLOSED  · signal     · SENT-USD · orb ▲ 100 · 15m
05:16 KSA · CLOSED  · signal     · SENT-USD · vwapRec ▲ 57 · 15m
05:18 KSA · CLOSED  · scanner    · بدء المسح · 1153 رمزاً · الجلسة CLOSED
05:18 KSA · CLOSED  · signal     · BTC-USD · vwapRec ▲ 79 · 15m
05:18 KSA · CLOSED  · signal     · SOL-USD · vwapRec ▲ 68 · 15m
05:18 KSA · CLOSED  · signal     · TRX-USD · vwapRec ▲ 100 · 15m
05:18 KSA · CLOSED  · signal     · BCH-USD · vwapRec ▲ 85 · 15m
05:18 KSA · CLOSED  · signal     · ENA-USD · vwapRec ▲ 79 · 15m
05:18 KSA · CLOSED  · signal     · TRUMP-USD · vwapRec ▲ 85 · 15m
05:18 KSA · CLOSED  · signal     · ARB-USD · vwapRec ▲ 79 · 15m
05:18 KSA · CLOSED  · signal     · SENT-USD · brk ▲ 69 · 15m
05:18 KSA · CLOSED  · signal     · WLFI-USD · vwapRec ▲ 55 · 15m
05:20 KSA · CLOSED  · scanner    · بدء المسح · 1153 رمزاً · الجلسة CLOSED
05:20 KSA · CLOSED  · signal     · AVAX-USD · vwapRec ▲ 100 · 15m
05:20 KSA · CLOSED  · signal     · UNI-USD · vwapRec ▼ 100 · 15m
05:20 KSA · CLOSED  · signal     · APT-USD · vwapRec ▲ 100 · 15m
05:23 KSA · CLOSED  · scanner    · بدء المسح · 1153 رمزاً · الجلسة CLOSED
05:23 KSA · CLOSED  · signal     · TRX-USD · orb ▼ 90 · 15m
05:23 KSA · CLOSED  · signal     · ADA-USD · vwapRec ▼ 85 · 15m
05:23 KSA · CLOSED  · signal     · UNI-USD · brk ▼ 66 · 15m
05:23 KSA · CLOSED  · signal     · SUI-USD · orb ▼ 70 · 15m
05:23 KSA · CLOSED  · signal     · U-USD · sqzExp ▼ 55 · 1h
05:23 KSA · CLOSED  · signal     · TAO-USD · brk ▼ 64 · 15m
05:23 KSA · CLOSED  · signal     · THE-USD · sqzExp ▼ 75 · 1h
05:23 KSA · CLOSED  · signal     · TRUMP-USD · brk ▼ 55 · 15m
05:23 KSA · CLOSED  · signal     · TRUMP-USD · sqzExp ▼ 75 · 1h
05:23 KSA · CLOSED  · signal     · EUR-USD · orb ▼ 80 · 15m
05:23 KSA · CLOSED  · signal     · EUR-USD · brk ▼ 64 · 15m
05:23 KSA · CLOSED  · signal     · PUMP-USD · vwapRec ▼ 80 · 15m
05:23 KSA · CLOSED  · signal     · ARB-USD · orb ▼ 57 · 15m
05:23 KSA · CLOSED  · signal     · HOLO-USD · brk ▼ 73 · 15m
05:23 KSA · CLOSED  · signal     · HOLO-USD · sqzExp ▼ 60 · 1h
05:23 KSA · CLOSED  · signal     · BANK-USD · brk ▼ 82 · 15m
05:23 KSA · CLOSED  · signal     · TON-USD · brk ▼ 61 · 15m
05:23 KSA · CLOSED  · signal     · PENGU-USD · brk ▼ 73 · 15m
05:23 KSA · CLOSED  · signal     · PENGU-USD · sqzExp ▼ 60 · 1h
05:23 KSA · CLOSED  · signal     · WLFI-USD · orb ▼ 75 · 15m
05:23 KSA · CLOSED  · signal     · APT-USD · sqzExp ▼ 68 · 1h
05:25 KSA · CLOSED  · scanner    · بدء المسح · 1153 رمزاً · الجلسة CLOSED
05:25 KSA · CLOSED  · signal     · ONDO-USD · vwapRec ▲ 100 · 15m
05:25 KSA · CLOSED  · signal     · LSK-USD · orb ▲ 64 · 15m
05:25 KSA · CLOSED  · signal     · TRUMP-USD · vwapRec ▲ 78 · 15m
05:25 KSA · CLOSED  · signal     · EUR-USD · vwapRec ▲ 70 · 15m
05:25 KSA · CLOSED  · signal     · SENT-USD · orb ▲ 70 · 15m
05:25 KSA · CLOSED  · signal     · WLFI-USD · vwapRec ▲ 70 · 15m
05:25 KSA · CLOSED  · signal     · APT-USD · vwapRec ▲ 63 · 15m
05:26 KSA · CLOSED  · scanner    · بدء المسح · 1153 رمزاً · الجلسة CLOSED
05:26 KSA · CLOSED  · signal     · SPCXB-USD · orb ▲ 82 · 15m
05:26 KSA · CLOSED  · signal     · MSTRB-USD · vwapRec ▲ 100 · 15m
05:26 KSA · CLOSED  · signal     · PEPE-USD · vwapRec ▼ 100 · 15m
05:26 KSA · CLOSED  · signal     · TAO-USD · vwapRec ▲ 100 · 15m
05:28 KSA · CLOSED  · scanner    · بدء المسح · 1153 رمزاً · الجلسة CLOSED
05:28 KSA · CLOSED  · signal     · BTC-USD · orb ▲ 82 · 15m
05:28 KSA · CLOSED  · signal     · ETH-USD · vwapRec ▲ 100 · 15m
05:28 KSA · CLOSED  · signal     · ZEC-USD · vwapRec ▲ 100 · 15m
05:28 KSA · CLOSED  · signal     · DOGE-USD · vwapRec ▲ 100 · 15m
05:28 KSA · CLOSED  · signal     · XAUT-USD · brk ▲ 100 · 15m
05:28 KSA · CLOSED  · signal     · PAXG-USD · brk ▲ 100 · 15m
05:28 KSA · CLOSED  · signal     · MARSCOIN-USD · vwapRec ▲ 79 · 15m
05:28 KSA · CLOSED  · signal     · T-USD · orb ▼ 100 · 15m
05:28 KSA · CLOSED  · signal     · T-USD · vwapRec ▼ 60 · 15m
05:28 KSA · CLOSED  · signal     · U-USD · pbTrend ▲ 79 · 1h
05:28 KSA · CLOSED  · signal     · HOLO-USD · vwapRec ▲ 100 · 15m
05:30 KSA · CLOSED  · scanner    · بدء المسح · 1153 رمزاً · الجلسة CLOSED
05:30 KSA · CLOSED  · signal     · BNB-USD · vwapRec ▲ 100 · 15m
05:30 KSA · CLOSED  · signal     · XLM-USD · vwapRec ▲ 100 · 15m
05:30 KSA · CLOSED  · signal     · CRCLB-USD · vwapRec ▲ 100 · 15m
05:30 KSA · CLOSED  · signal     · SUI-USD · vwapRec ▲ 100 · 15m
05:32 KSA · CLOSED  · scanner    · بدء المسح · 1153 رمزاً · الجلسة CLOSED
05:32 KSA · CLOSED  · signal     · DASH-USD · vwapRec ▲ 73 · 15m
05:32 KSA · CLOSED  · signal     · UNI-USD · brk ▼ 59 · 15m
05:32 KSA · CLOSED  · signal     · SUI-USD · orb ▼ 70 · 15m
05:32 KSA · CLOSED  · signal     · U-USD · sqzExp ▼ 55 · 1h
05:32 KSA · CLOSED  · signal     · TAO-USD · orb ▼ 70 · 15m
05:32 KSA · CLOSED  · signal     · TAO-USD · brk ▼ 55 · 15m
05:32 KSA · CLOSED  · signal     · THE-USD · brk ▼ 64 · 15m
05:32 KSA · CLOSED  · signal     · THE-USD · sqzExp ▼ 75 · 1h
05:32 KSA · CLOSED  · signal     · TRUMP-USD · brk ▼ 55 · 15m
05:32 KSA · CLOSED  · signal     · TRUMP-USD · sqzExp ▼ 75 · 1h
05:32 KSA · CLOSED  · signal     · EUR-USD · orb ▼ 80 · 15m
05:32 KSA · CLOSED  · signal     · EUR-USD · brk ▼ 73 · 15m
05:32 KSA · CLOSED  · signal     · ARB-USD · orb ▼ 57 · 15m
05:32 KSA · CLOSED  · signal     · HOLO-USD · orb ▼ 85 · 15m
05:32 KSA · CLOSED  · signal     · HOLO-USD · brk ▼ 73 · 15m
05:32 KSA · CLOSED  · signal     · HOLO-USD · sqzExp ▼ 60 · 1h
05:32 KSA · CLOSED  · signal     · BANK-USD · brk ▼ 75 · 15m
05:32 KSA · CLOSED  · signal     · TON-USD · brk ▼ 61 · 15m
05:32 KSA · CLOSED  · signal     · PENGU-USD · brk ▼ 73 · 15m
05:32 KSA · CLOSED  · signal     · PENGU-USD · sqzExp ▼ 60 · 1h
05:32 KSA · CLOSED  · signal     · WLFI-USD · orb ▼ 68 · 15m
05:32 KSA · CLOSED  · signal     · APT-USD · sqzExp ▼ 68 · 1h
05:34 KSA · CLOSED  · scanner    · بدء المسح · 1153 رمزاً · الجلسة CLOSED
05:34 KSA · CLOSED  · signal     · XAUT-USD · brk ▲ 100 · 15m
05:34 KSA · CLOSED  · signal     · LSK-USD · orb ▲ 100 · 15m
05:34 KSA · CLOSED  · signal     · MSTRB-USD · orb ▲ 64 · 15m
05:34 KSA · CLOSED  · signal     · SUI-USD · vwapRec ▲ 70 · 15m
05:34 KSA · CLOSED  · signal     · TAO-USD · vwapRec ▲ 63 · 15m
05:34 KSA · CLOSED  · signal     · TRUMP-USD · vwapRec ▲ 63 · 15m
05:34 KSA · CLOSED  · signal     · EUR-USD · vwapRec ▲ 60 · 15m
05:34 KSA · CLOSED  · signal     · ARB-USD · vwapRec ▲ 68 · 15m
05:34 KSA · CLOSED  · signal     · SENT-USD · orb ▲ 85 · 15m
05:34 KSA · CLOSED  · signal     · SENT-USD · vwapRec ▲ 55 · 15m
05:34 KSA · CLOSED  · signal     · WLFI-USD · vwapRec ▲ 55 · 15m
05:34 KSA · CLOSED  · signal     · APT-USD · vwapRec ▲ 55 · 15m
05:37 KSA · CLOSED  · scanner    · بدء المسح · 1153 رمزاً · الجلسة CLOSED
05:37 KSA · CLOSED  · signal     · BCH-USD · orb ▲ 82 · 15m
05:37 KSA · CLOSED  · signal     · NEAR-USD · vwapRec ▲ 100 · 15m
05:37 KSA · CLOSED  · signal     · ENA-USD · orb ▲ 100 · 15m
05:37 KSA · CLOSED  · signal     · PENGU-USD · vwapRec ▲ 100 · 15m
05:37 KSA · CLOSED  · signal     · WLFI-USD · meanRev ▼ 100 · 15m
05:38 KSA · CLOSED  · scanner    · بدء المسح · 1153 رمزاً · الجلسة CLOSED
05:38 KSA · CLOSED  · signal     · FIL-USD · orb ▲ 82 · 15m
05:38 KSA · CLOSED  · signal     · CVC-USD · orb ▼ 100 · 15m
05:38 KSA · CLOSED  · signal     · UNI-USD · pbTrend ▲ 57 · 1h
05:38 KSA · CLOSED  · signal     · HOLO-USD · vwapRec ▲ 100 · 15m
05:38 KSA · CLOSED  · signal     · WLFI-USD · orb ▲ 100 · 15m
05:38 KSA · CLOSED  · signal     · WLFI-USD · brk ▲ 100 · 15m
05:40 KSA · CLOSED  · scanner    · بدء المسح · 1153 رمزاً · الجلسة CLOSED
05:40 KSA · CLOSED  · signal     · BTC-USD · brk ▲ 69 · 15m
05:40 KSA · CLOSED  · signal     · U-USD · pbTrend ▲ 79 · 1h
05:42 KSA · CLOSED  · scanner    · بدء المسح · 1153 رمزاً · الجلسة CLOSED
05:42 KSA · CLOSED  · signal     · QQQB-USD · orb ▼ 100 · 15m
05:42 KSA · CLOSED  · signal     · UNI-USD · brk ▼ 59 · 15m
05:42 KSA · CLOSED  · signal     · SUI-USD · orb ▼ 70 · 15m
05:42 KSA · CLOSED  · signal     · U-USD · sqzExp ▼ 55 · 1h
05:42 KSA · CLOSED  · signal     · TAO-USD · orb ▼ 70 · 15m
05:42 KSA · CLOSED  · signal     · TAO-USD · brk ▼ 55 · 15m
05:42 KSA · CLOSED  · signal     · THE-USD · brk ▼ 64 · 15m
05:42 KSA · CLOSED  · signal     · THE-USD · sqzExp ▼ 75 · 1h
05:42 KSA · CLOSED  · signal     · TRUMP-USD · orb ▼ 65 · 15m
05:42 KSA · CLOSED  · signal     · TRUMP-USD · brk ▼ 55 · 15m
05:42 KSA · CLOSED  · signal     · TRUMP-USD · sqzExp ▼ 75 · 1h
05:42 KSA · CLOSED  · signal     · EUR-USD · orb ▼ 80 · 15m
05:42 KSA · CLOSED  · signal     · EUR-USD · brk ▼ 73 · 15m
05:42 KSA · CLOSED  · signal     · ARB-USD · orb ▼ 57 · 15m
05:42 KSA · CLOSED  · signal     · HOLO-USD · orb ▼ 85 · 15m
05:42 KSA · CLOSED  · signal     · HOLO-USD · brk ▼ 73 · 15m
05:42 KSA · CLOSED  · signal     · HOLO-USD · sqzExp ▼ 60 · 1h
05:42 KSA · CLOSED  · signal     · BANK-USD · brk ▼ 75 · 15m
05:42 KSA · CLOSED  · signal     · TON-USD · brk ▼ 61 · 15m
05:42 KSA · CLOSED  · signal     · PENGU-USD · brk ▼ 73 · 15m
05:42 KSA · CLOSED  · signal     · PENGU-USD · sqzExp ▼ 60 · 1h
05:42 KSA · CLOSED  · signal     · APT-USD · orb ▼ 65 · 15m
05:42 KSA · CLOSED  · signal     · APT-USD · sqzExp ▼ 68 · 1h
05:43 KSA · CLOSED  · scanner    · بدء المسح · 1153 رمزاً · الجلسة CLOSED
05:43 KSA · CLOSED  · signal     · ETH-USD · orb ▲ 64 · 15m
05:43 KSA · CLOSED  · signal     · BCH-USD · brk ▲ 69 · 15m
05:43 KSA · CLOSED  · signal     · UNI-USD · vwapRec ▲ 83 · 15m
05:43 KSA · CLOSED  · signal     · SUI-USD · vwapRec ▲ 70 · 15m
05:43 KSA · CLOSED  · signal     · TAO-USD · vwapRec ▲ 63 · 15m
05:43 KSA · CLOSED  · signal     · TRUMP-USD · vwapRec ▲ 63 · 15m
05:43 KSA · CLOSED  · signal     · EUR-USD · vwapRec ▲ 60 · 15m
05:43 KSA · CLOSED  · signal     · ARB-USD · vwapRec ▲ 60 · 15m
05:43 KSA · CLOSED  · signal     · SENT-USD · orb ▲ 78 · 15m
05:43 KSA · CLOSED  · signal     · SENT-USD · vwapRec ▲ 55 · 15m
05:43 KSA · CLOSED  · signal     · SENT-USD · brk ▲ 55 · 15m
05:43 KSA · CLOSED  · signal     · WLFI-USD · vwapRec ▲ 63 · 15m
05:43 KSA · CLOSED  · signal     · APT-USD · vwapRec ▲ 55 · 15m
05:46 KSA · CLOSED  · scanner    · بدء المسح · 1153 رمزاً · الجلسة CLOSED
05:46 KSA · CLOSED  · signal     · MARSCOIN-USD · orb ▲ 82 · 15m
05:48 KSA · CLOSED  · scanner    · بدء المسح · 1153 رمزاً · الجلسة CLOSED
05:48 KSA · CLOSED  · signal     · UNI-USD · pbTrend ▲ 57 · 1h
05:48 KSA · CLOSED  · signal     · HOLO-USD · vwapRec ▲ 100 · 15m
05:50 KSA · CLOSED  · scanner    · بدء المسح · 1153 رمزاً · الجلسة CLOSED
05:52 KSA · CLOSED  · scanner    · بدء المسح · 1153 رمزاً · الجلسة CLOSED
05:52 KSA · CLOSED  · signal     · LSK-USD · meanRev ▲ 70 · 15m
05:52 KSA · CLOSED  · signal     · T-USD · brk ▼ 75 · 15m
05:52 KSA · CLOSED  · signal     · UNI-USD · orb ▼ 68 · 15m
05:52 KSA · CLOSED  · signal     · UNI-USD · brk ▼ 66 · 15m
05:52 KSA · CLOSED  · signal     · SUI-USD · orb ▼ 70 · 15m
05:52 KSA · CLOSED  · signal     · U-USD · sqzExp ▼ 55 · 1h
05:52 KSA · CLOSED  · signal     · TAO-USD · orb ▼ 78 · 15m
05:52 KSA · CLOSED  · signal     · TAO-USD · brk ▼ 64 · 15m
05:52 KSA · CLOSED  · signal     · THE-USD · brk ▼ 64 · 15m
05:52 KSA · CLOSED  · signal     · THE-USD · sqzExp ▼ 75 · 1h
05:52 KSA · CLOSED  · signal     · TRUMP-USD · brk ▼ 55 · 15m
05:52 KSA · CLOSED  · signal     · TRUMP-USD · sqzExp ▼ 75 · 1h
05:52 KSA · CLOSED  · signal     · EUR-USD · orb ▼ 80 · 15m
05:52 KSA · CLOSED  · signal     · EUR-USD · brk ▼ 80 · 15m
05:52 KSA · CLOSED  · signal     · ARB-USD · orb ▼ 65 · 15m
05:52 KSA · CLOSED  · signal     · ARB-USD · brk ▼ 66 · 15m
05:52 KSA · CLOSED  · signal     · HOLO-USD · orb ▼ 70 · 15m
05:52 KSA · CLOSED  · signal     · HOLO-USD · brk ▼ 68 · 15m
05:52 KSA · CLOSED  · signal     · HOLO-USD · sqzExp ▼ 60 · 1h
05:52 KSA · CLOSED  · signal     · BANK-USD · brk ▼ 64 · 15m
05:52 KSA · CLOSED  · signal     · TON-USD · brk ▼ 61 · 15m
05:52 KSA · CLOSED  · signal     · PENGU-USD · brk ▼ 80 · 15m
05:52 KSA · CLOSED  · signal     · PENGU-USD · sqzExp ▼ 60 · 1h
05:52 KSA · CLOSED  · signal     · WLFI-USD · orb ▼ 68 · 15m
05:52 KSA · CLOSED  · signal     · WLFI-USD · brk ▼ 59 · 15m
05:52 KSA · CLOSED  · signal     · APT-USD · orb ▼ 80 · 15m
05:52 KSA · CLOSED  · signal     · APT-USD · sqzExp ▼ 68 · 1h
05:54 KSA · CLOSED  · scanner    · بدء المسح · 1153 رمزاً · الجلسة CLOSED
05:54 KSA · CLOSED  · signal     · SOL-USD · orb ▲ 82 · 15m
05:54 KSA · CLOSED  · signal     · DOT-USD · orb ▲ 64 · 15m
05:54 KSA · CLOSED  · signal     · LSK-USD · orb ▲ 100 · 15m
05:54 KSA · CLOSED  · signal     · MUB-USD · orb ▲ 82 · 15m
05:54 KSA · CLOSED  · signal     · SOXLB-USD · orb ▲ 82 · 15m
05:54 KSA · CLOSED  · signal     · HEMI-USD · orb ▲ 100 · 15m
05:54 KSA · CLOSED  · signal     · HEMI-USD · brk ▲ 100 · 15m
05:54 KSA · CLOSED  · signal     · HEMI-USD · meanRev ▼ 100 · 15m
05:54 KSA · CLOSED  · signal     · SUI-USD · vwapRec ▲ 78 · 15m
05:54 KSA · CLOSED  · signal     · TAO-USD · vwapRec ▲ 70 · 15m
05:54 KSA · CLOSED  · signal     · TRUMP-USD · vwapRec ▲ 70 · 15m
05:54 KSA · CLOSED  · signal     · EUR-USD · vwapRec ▲ 60 · 15m
05:54 KSA · CLOSED  · signal     · ARB-USD · vwapRec ▲ 68 · 15m
05:54 KSA · CLOSED  · signal     · SENT-USD · orb ▲ 78 · 15m
05:54 KSA · CLOSED  · signal     · SENT-USD · vwapRec ▲ 55 · 15m
05:54 KSA · CLOSED  · signal     · APT-USD · vwapRec ▲ 70 · 15m
05:56 KSA · CLOSED  · scanner    · بدء المسح · 1153 رمزاً · الجلسة CLOSED
05:56 KSA · CLOSED  · signal     · U-USD · pbTrend ▲ 79 · 1h
05:56 KSA · CLOSED  · signal     · HOLO-USD · orb ▼ 82 · 15m
05:56 KSA · CLOSED  · signal     · HOLO-USD · vwapRec ▼ 100 · 15m
05:58 KSA · CLOSED  · scanner    · بدء المسح · 1153 رمزاً · الجلسة CLOSED
05:58 KSA · CLOSED  · signal     · QQQB-USD · orb ▲ 64 · 15m
05:58 KSA · CLOSED  · signal     · WLFI-USD · vwapRec ▲ 79 · 15m
06:00 KSA · CLOSED  · scanner    · بدء المسح · 1153 رمزاً · الجلسة CLOSED
06:00 KSA · CLOSED  · signal     · XRP-USD · orb ▲ 82 · 15m
06:00 KSA · CLOSED  · signal     · LSK-USD · brk ▲ 100 · 15m
06:00 KSA · CLOSED  · signal     · QQQB-USD · brk ▲ 69 · 15m
06:00 KSA · CLOSED  · signal     · MUB-USD · brk ▲ 69 · 15m
06:02 KSA · CLOSED  · scanner    · بدء المسح · 1153 رمزاً · الجلسة CLOSED
06:02 KSA · CLOSED  · signal     · PAXG-USD · volSpike ▲ 83 · 15m
06:02 KSA · CLOSED  · signal     · QQQB-USD · vwapRec ▼ 78 · 15m
06:02 KSA · CLOSED  · signal     · UNI-USD · brk ▼ 64 · 15m
06:02 KSA · CLOSED  · signal     · SUI-USD · orb ▼ 85 · 15m
06:02 KSA · CLOSED  · signal     · U-USD · sqzExp ▼ 55 · 1h
06:02 KSA · CLOSED  · signal     · TAO-USD · orb ▼ 70 · 15m
06:02 KSA · CLOSED  · signal     · TAO-USD · brk ▼ 61 · 15m
06:02 KSA · CLOSED  · signal     · THE-USD · brk ▼ 64 · 15m
06:02 KSA · CLOSED  · signal     · THE-USD · sqzExp ▼ 75 · 1h
06:02 KSA · CLOSED  · signal     · TRUMP-USD · brk ▼ 68 · 15m
06:02 KSA · CLOSED  · signal     · TRUMP-USD · sqzExp ▼ 75 · 1h
06:02 KSA · CLOSED  · signal     · EUR-USD · orb ▼ 80 · 15m
06:02 KSA · CLOSED  · signal     · EUR-USD · brk ▼ 73 · 15m
06:02 KSA · CLOSED  · signal     · ARB-USD · orb ▼ 57 · 15m
06:02 KSA · CLOSED  · signal     · HOLO-USD · brk ▼ 80 · 15m
06:02 KSA · CLOSED  · signal     · HOLO-USD · sqzExp ▼ 60 · 1h
06:02 KSA · CLOSED  · signal     · BANK-USD · brk ▼ 68 · 15m
06:02 KSA · CLOSED  · signal     · TON-USD · brk ▼ 61 · 15m
06:02 KSA · CLOSED  · signal     · PENGU-USD · brk ▼ 61 · 15m
06:02 KSA · CLOSED  · signal     · PENGU-USD · sqzExp ▼ 60 · 1h
06:02 KSA · CLOSED  · signal     · WLFI-USD · orb ▼ 60 · 15m
06:02 KSA · CLOSED  · signal     · APT-USD · orb ▼ 70 · 15m
06:02 KSA · CLOSED  · signal     · APT-USD · sqzExp ▼ 68 · 1h
06:04 KSA · CLOSED  · scanner    · بدء المسح · 1153 رمزاً · الجلسة CLOSED
06:04 KSA · CLOSED  · signal     · LSK-USD · orb ▲ 73 · 15m
06:04 KSA · CLOSED  · signal     · LSK-USD · brk ▲ 100 · 15m
06:04 KSA · CLOSED  · signal     · LSK-USD · meanRev ▼ 100 · 15m
06:04 KSA · CLOSED  · signal     · QQQB-USD · orb ▲ 100 · 15m
06:04 KSA · CLOSED  · signal     · QQQB-USD · brk ▲ 100 · 15m
06:04 KSA · CLOSED  · signal     · SUI-USD · vwapRec ▲ 78 · 15m
06:04 KSA · CLOSED  · signal     · TAO-USD · vwapRec ▲ 55 · 15m
06:04 KSA · CLOSED  · signal     · TRUMP-USD · vwapRec ▲ 78 · 15m
06:04 KSA · CLOSED  · signal     · EUR-USD · vwapRec ▲ 60 · 15m
06:04 KSA · CLOSED  · signal     · HOLO-USD · vwapRec ▲ 85 · 15m
06:04 KSA · CLOSED  · signal     · SENT-USD · orb ▲ 70 · 15m
06:04 KSA · CLOSED  · signal     · WLFI-USD · vwapRec ▲ 63 · 15m
06:04 KSA · CLOSED  · signal     · APT-USD · vwapRec ▲ 63 · 15m
06:07 KSA · CLOSED  · scanner    · بدء المسح · 1153 رمزاً · الجلسة CLOSED
06:07 KSA · CLOSED  · signal     · BANK-USD · meanRev ▲ 100 · 15m
06:07 KSA · CLOSED  · signal     · SENT-USD · brk ▲ 69 · 15m
06:08 KSA · CLOSED  · scanner    · بدء المسح · 1153 رمزاً · الجلسة CLOSED
06:08 KSA · CLOSED  · signal     · U-USD · pbTrend ▲ 79 · 1h
06:08 KSA · CLOSED  · signal     · PENGU-USD · vwapRec ▼ 100 · 15m
06:10 KSA · CLOSED  · scanner    · بدء المسح · 1153 رمزاً · الجلسة CLOSED
06:12 KSA · CLOSED  · scanner    · بدء المسح · 1153 رمزاً · الجلسة CLOSED
06:12 KSA · CLOSED  · signal     · QQQB-USD · vwapRec ▼ 100 · 15m
06:12 KSA · CLOSED  · signal     · REZ-USD · orb ▲ 70 · 15m
06:12 KSA · CLOSED  · signal     · UNI-USD · brk ▼ 64 · 15m
06:12 KSA · CLOSED  · signal     · SUI-USD · orb ▼ 85 · 15m
06:12 KSA · CLOSED  · signal     · U-USD · sqzExp ▼ 55 · 1h
06:12 KSA · CLOSED  · signal     · TAO-USD · orb ▼ 70 · 15m
06:12 KSA · CLOSED  · signal     · TAO-USD · brk ▼ 61 · 15m
06:12 KSA · CLOSED  · signal     · THE-USD · brk ▼ 64 · 15m
06:12 KSA · CLOSED  · signal     · THE-USD · sqzExp ▼ 75 · 1h
06:12 KSA · CLOSED  · signal     · TRUMP-USD · brk ▼ 68 · 15m
06:12 KSA · CLOSED  · signal     · TRUMP-USD · sqzExp ▼ 75 · 1h
06:12 KSA · CLOSED  · signal     · EUR-USD · orb ▼ 80 · 15m
06:12 KSA · CLOSED  · signal     · EUR-USD · brk ▼ 73 · 15m
06:12 KSA · CLOSED  · signal     · ARB-USD · orb ▼ 57 · 15m
06:12 KSA · CLOSED  · signal     · HOLO-USD · orb ▼ 85 · 15m
06:12 KSA · CLOSED  · signal     · HOLO-USD · brk ▼ 80 · 15m
06:12 KSA · CLOSED  · signal     · HOLO-USD · sqzExp ▼ 60 · 1h
06:12 KSA · CLOSED  · signal     · BANK-USD · brk ▼ 68 · 15m
06:12 KSA · CLOSED  · signal     · TON-USD · brk ▼ 61 · 15m
06:12 KSA · CLOSED  · signal     · PENGU-USD · brk ▼ 61 · 15m
06:12 KSA · CLOSED  · signal     · PENGU-USD · sqzExp ▼ 60 · 1h
06:12 KSA · CLOSED  · signal     · WLFI-USD · orb ▼ 60 · 15m
06:12 KSA · CLOSED  · signal     · APT-USD · orb ▼ 70 · 15m
06:12 KSA · CLOSED  · signal     · APT-USD · sqzExp ▼ 68 · 1h
06:13 KSA · CLOSED  · scanner    · بدء المسح · 1153 رمزاً · الجلسة CLOSED
06:13 KSA · CLOSED  · signal     · AVAX-USD · orb ▲ 64 · 15m
06:13 KSA · CLOSED  · signal     · IOTA-USD · orb ▲ 82 · 15m
06:13 KSA · CLOSED  · signal     · LSK-USD · orb ▲ 73 · 15m
06:13 KSA · CLOSED  · signal     · LSK-USD · brk ▲ 100 · 15m
06:13 KSA · CLOSED  · signal     · LSK-USD · meanRev ▼ 100 · 15m
06:13 KSA · CLOSED  · signal     · SUI-USD · vwapRec ▲ 78 · 15m
06:13 KSA · CLOSED  · signal     · TAO-USD · vwapRec ▲ 55 · 15m
06:13 KSA · CLOSED  · signal     · TRUMP-USD · vwapRec ▲ 70 · 15m
06:13 KSA · CLOSED  · signal     · EUR-USD · vwapRec ▲ 60 · 15m
06:13 KSA · CLOSED  · signal     · HOLO-USD · vwapRec ▲ 100 · 15m
06:13 KSA · CLOSED  · signal     · SENT-USD · orb ▲ 70 · 15m
06:13 KSA · CLOSED  · signal     · WLFI-USD · vwapRec ▲ 63 · 15m
06:16 KSA · CLOSED  · scanner    · بدء المسح · 1153 رمزاً · الجلسة CLOSED
06:16 KSA · CLOSED  · signal     · XLM-USD · orb ▲ 82 · 15m
06:16 KSA · CLOSED  · signal     · CRCLB-USD · orb ▲ 82 · 15m
06:16 KSA · CLOSED  · signal     · SNDKB-USD · orb ▲ 82 · 15m
06:16 KSA · CLOSED  · signal     · SNXXB-USD · orb ▲ 100 · 15m
06:16 KSA · CLOSED  · signal     · BANK-USD · meanRev ▲ 100 · 15m
06:16 KSA · CLOSED  · signal     · APT-USD · orb ▲ 82 · 15m
06:18 KSA · CLOSED  · scanner    · بدء المسح · 1153 رمزاً · الجلسة CLOSED
06:18 KSA · CLOSED  · signal     · XRP-USD · meanRev ▼ 100 · 15m
06:18 KSA · CLOSED  · signal     · NEAR-USD · orb ▲ 100 · 15m
06:18 KSA · CLOSED  · signal     · UNI-USD · vwapRec ▲ 100 · 15m
06:18 KSA · CLOSED  · signal     · ARB-USD · orb ▲ 82 · 15m
06:20 KSA · CLOSED  · scanner    · بدء المسح · 1153 رمزاً · الجلسة CLOSED
06:20 KSA · CLOSED  · signal     · NEAR-USD · brk ▲ 69 · 15m
06:23 KSA · CLOSED  · scanner    · بدء المسح · 1153 رمزاً · الجلسة CLOSED
06:23 KSA · CLOSED  · signal     · XAUT-USD · sqzExp ▲ 57 · 1h
06:23 KSA · CLOSED  · signal     · PAXG-USD · sqzExp ▲ 65 · 1h
06:23 KSA · CLOSED  · signal     · CAKE-USD · pbTrend ▲ 74 · 1h
06:23 KSA · CLOSED  · signal     · INJ-USD · pbTrend ▲ 74 · 1h
06:23 KSA · CLOSED  · signal     · LSK-USD · vwapRec ▼ 57 · 15m
06:23 KSA · CLOSED  · signal     · LSK-USD · volSpike ▲ 67 · 15m
06:23 KSA · CLOSED  · signal     · QQQB-USD · vwapRec ▼ 100 · 15m
06:23 KSA · CLOSED  · signal     · SOXLB-USD · volSpike ▲ 61 · 15m
06:23 KSA · CLOSED  · signal     · SOXLB-USD · momo ▲ 64 · 1h
06:23 KSA · CLOSED  · signal     · HEMI-USD · momo ▲ 61 · 1h
06:23 KSA · CLOSED  · signal     · UNI-USD · orb ▼ 75 · 15m
06:23 KSA · CLOSED  · signal     · UNI-USD · brk ▼ 68 · 15m
06:23 KSA · CLOSED  · signal     · UNI-USD · pbTrend ▲ 67 · 1h
06:23 KSA · CLOSED  · signal     · SUI-USD · orb ▼ 78 · 15m
06:23 KSA · CLOSED  · signal     · U-USD · pbTrend ▲ 67 · 1h
06:23 KSA · CLOSED  · signal     · TAO-USD · orb ▼ 70 · 15m
06:23 KSA · CLOSED  · signal     · TAO-USD · brk ▼ 55 · 15m
06:23 KSA · CLOSED  · signal     · THE-USD · sqzExp ▼ 75 · 1h
06:23 KSA · CLOSED  · signal     · TRUMP-USD · orb ▼ 78 · 15m
06:23 KSA · CLOSED  · signal     · TRUMP-USD · brk ▼ 64 · 15m
06:23 KSA · CLOSED  · signal     · TRUMP-USD · sqzExp ▼ 60 · 1h
06:23 KSA · CLOSED  · signal     · EUR-USD · orb ▼ 80 · 15m
06:23 KSA · CLOSED  · signal     · EUR-USD · brk ▼ 80 · 15m
06:23 KSA · CLOSED  · signal     · HOLO-USD · orb ▼ 85 · 15m
06:23 KSA · CLOSED  · signal     · HOLO-USD · brk ▼ 80 · 15m
06:23 KSA · CLOSED  · signal     · HOLO-USD · sqzExp ▼ 65 · 1h
06:23 KSA · CLOSED  · signal     · BANK-USD · brk ▼ 64 · 15m
06:23 KSA · CLOSED  · signal     · BANK-USD · momo ▼ 67 · 1h
06:23 KSA · CLOSED  · signal     · TON-USD · brk ▼ 61 · 15m
06:23 KSA · CLOSED  · signal     · PENGU-USD · orb ▼ 78 · 15m
06:23 KSA · CLOSED  · signal     · PENGU-USD · brk ▼ 64 · 15m
06:23 KSA · CLOSED  · signal     · PENGU-USD · sqzExp ▼ 75 · 1h
06:23 KSA · CLOSED  · signal     · WLFI-USD · orb ▼ 75 · 15m
06:23 KSA · CLOSED  · signal     · WLFI-USD · brk ▼ 61 · 15m
06:23 KSA · CLOSED  · signal     · APT-USD · sqzExp ▼ 60 · 1h
06:24 KSA · CLOSED  · scanner    · بدء المسح · 1153 رمزاً · الجلسة CLOSED
06:24 KSA · CLOSED  · signal     · INJ-USD · orb ▲ 82 · 15m
06:24 KSA · CLOSED  · signal     · LSK-USD · brk ▲ 100 · 15m
06:24 KSA · CLOSED  · signal     · UNI-USD · vwapRec ▲ 68 · 15m
06:24 KSA · CLOSED  · signal     · SUI-USD · vwapRec ▲ 60 · 15m
06:24 KSA · CLOSED  · signal     · TAO-USD · vwapRec ▲ 63 · 15m
06:24 KSA · CLOSED  · signal     · TRUMP-USD · vwapRec ▲ 78 · 15m
06:24 KSA · CLOSED  · signal     · EUR-USD · vwapRec ▲ 60 · 15m
06:24 KSA · CLOSED  · signal     · ARB-USD · vwapRec ▲ 68 · 15m
06:24 KSA · CLOSED  · signal     · HOLO-USD · vwapRec ▲ 85 · 15m
06:24 KSA · CLOSED  · signal     · SENT-USD · orb ▲ 78 · 15m
06:24 KSA · CLOSED  · signal     · SENT-USD · vwapRec ▲ 55 · 15m
06:24 KSA · CLOSED  · signal     · SENT-USD · brk ▲ 55 · 15m
06:24 KSA · CLOSED  · signal     · PENGU-USD · vwapRec ▲ 78 · 15m
06:24 KSA · CLOSED  · signal     · WLFI-USD · vwapRec ▲ 70 · 15m
06:26 KSA · CLOSED  · scanner    · بدء المسح · 1153 رمزاً · الجلسة CLOSED
06:26 KSA · CLOSED  · signal     · LSK-USD · meanRev ▼ 100 · 15m
06:28 KSA · CLOSED  · scanner    · بدء المسح · 1153 رمزاً · الجلسة CLOSED
06:28 KSA · CLOSED  · signal     · CVC-USD · vwapRec ▲ 75 · 15m
06:28 KSA · CLOSED  · signal     · MTL-USD · meanRev ▼ 100 · 15m
06:30 KSA · CLOSED  · scanner    · بدء المسح · 1153 رمزاً · الجلسة CLOSED
06:30 KSA · CLOSED  · signal     · PENDLE-USD · vwapRec ▼ 93 · 15m
06:30 KSA · CLOSED  · signal     · ARK-USD · sqzExp ▲ 100 · 1h
06:30 KSA · CLOSED  · signal     · OSMO-USD · meanRev ▲ 100 · 1d
06:32 KSA · CLOSED  · scanner    · بدء المسح · 1153 رمزاً · الجلسة CLOSED
06:32 KSA · CLOSED  · signal     · PENDLE-USD · orb ▼ 73 · 15m
06:32 KSA · CLOSED  · signal     · LSK-USD · vwapRec ▼ 57 · 15m
06:32 KSA · CLOSED  · signal     · MARSCOIN-USD · volSpike ▲ 88 · 15m
06:32 KSA · CLOSED  · signal     · CVC-USD · volSpike ▲ 89 · 15m
06:32 KSA · CLOSED  · signal     · UNI-USD · orb ▼ 75 · 15m
06:32 KSA · CLOSED  · signal     · UNI-USD · brk ▼ 75 · 15m
06:32 KSA · CLOSED  · signal     · UNI-USD · pbTrend ▲ 67 · 1h
06:32 KSA · CLOSED  · signal     · SUI-USD · orb ▼ 78 · 15m
06:32 KSA · CLOSED  · signal     · TAO-USD · orb ▼ 85 · 15m
06:32 KSA · CLOSED  · signal     · TAO-USD · brk ▼ 86 · 15m
06:32 KSA · CLOSED  · signal     · THE-USD · brk ▼ 64 · 15m
06:32 KSA · CLOSED  · signal     · THE-USD · sqzExp ▼ 75 · 1h
06:32 KSA · CLOSED  · signal     · TRUMP-USD · brk ▼ 77 · 15m
06:32 KSA · CLOSED  · signal     · TRUMP-USD · sqzExp ▼ 60 · 1h
06:32 KSA · CLOSED  · signal     · EUR-USD · orb ▼ 65 · 15m
06:32 KSA · CLOSED  · signal     · EUR-USD · brk ▼ 61 · 15m
06:32 KSA · CLOSED  · signal     · ARB-USD · orb ▼ 65 · 15m
06:32 KSA · CLOSED  · signal     · ARB-USD · brk ▼ 66 · 15m
06:32 KSA · CLOSED  · signal     · HOLO-USD · orb ▼ 85 · 15m
06:32 KSA · CLOSED  · signal     · HOLO-USD · brk ▼ 73 · 15m
06:32 KSA · CLOSED  · signal     · HOLO-USD · sqzExp ▼ 65 · 1h
06:32 KSA · CLOSED  · signal     · HOLO-USD · volSpike ▲ 56 · 15m
06:32 KSA · CLOSED  · signal     · BANK-USD · brk ▼ 57 · 15m
06:32 KSA · CLOSED  · signal     · TON-USD · brk ▼ 61 · 15m
06:32 KSA · CLOSED  · signal     · PENGU-USD · brk ▼ 68 · 15m
06:32 KSA · CLOSED  · signal     · PENGU-USD · sqzExp ▼ 75 · 1h
06:32 KSA · CLOSED  · signal     · WLFI-USD · orb ▼ 60 · 15m
06:32 KSA · CLOSED  · signal     · APT-USD · orb ▼ 85 · 15m
06:32 KSA · CLOSED  · signal     · APT-USD · sqzExp ▼ 60 · 1h
06:33 KSA · CLOSED  · scanner    · بدء المسح · 1153 رمزاً · الجلسة CLOSED
06:33 KSA · CLOSED  · signal     · LSK-USD · brk ▲ 100 · 15m
06:33 KSA · CLOSED  · signal     · LSK-USD · meanRev ▼ 100 · 15m
06:33 KSA · CLOSED  · signal     · UNI-USD · vwapRec ▲ 83 · 15m
06:33 KSA · CLOSED  · signal     · SUI-USD · vwapRec ▲ 70 · 15m
06:33 KSA · CLOSED  · signal     · TRUMP-USD · vwapRec ▲ 78 · 15m
06:33 KSA · CLOSED  · signal     · ARB-USD · vwapRec ▲ 68 · 15m
06:33 KSA · CLOSED  · signal     · HOLO-USD · vwapRec ▲ 68 · 15m
06:33 KSA · CLOSED  · signal     · SENT-USD · orb ▲ 70 · 15m
06:33 KSA · CLOSED  · signal     · PENGU-USD · vwapRec ▲ 78 · 15m
06:37 KSA · CLOSED  · scanner    · بدء المسح · 1153 رمزاً · الجلسة CLOSED
06:37 KSA · CLOSED  · signal     · RIF-USD · meanRev ▼ 100 · 1d
06:37 KSA · CLOSED  · signal     · SOMI-USD · brk ▲ 69 · 1d
06:38 KSA · CLOSED  · scanner    · بدء المسح · 1153 رمزاً · الجلسة CLOSED
06:40 KSA · CLOSED  · scanner    · بدء المسح · 1153 رمزاً · الجلسة CLOSED
06:40 KSA · CLOSED  · signal     · SNXXB-USD · vwapRec ▲ 100 · 15m
06:40 KSA · CLOSED  · signal     · SENT-USD · brk ▲ 100 · 15m
06:40 KSA · CLOSED  · signal     · WLFI-USD · vwapRec ▼ 79 · 15m
06:42 KSA · CLOSED  · scanner    · بدء المسح · 1153 رمزاً · الجلسة CLOSED
06:42 KSA · CLOSED  · signal     · LSK-USD · vwapRec ▼ 75 · 15m
06:42 KSA · CLOSED  · signal     · QQQB-USD · vwapRec ▼ 100 · 15m
06:42 KSA · CLOSED  · signal     · UNI-USD · orb ▼ 75 · 15m
06:42 KSA · CLOSED  · signal     · UNI-USD · brk ▼ 75 · 15m
06:42 KSA · CLOSED  · signal     · UNI-USD · pbTrend ▲ 67 · 1h
06:42 KSA · CLOSED  · signal     · SUI-USD · orb ▼ 78 · 15m
06:42 KSA · CLOSED  · signal     · TAO-USD · orb ▼ 85 · 15m
06:42 KSA · CLOSED  · signal     · TAO-USD · brk ▼ 86 · 15m
06:42 KSA · CLOSED  · signal     · THE-USD · brk ▼ 64 · 15m
06:42 KSA · CLOSED  · signal     · THE-USD · sqzExp ▼ 75 · 1h
06:42 KSA · CLOSED  · signal     · TRUMP-USD · brk ▼ 77 · 15m
06:42 KSA · CLOSED  · signal     · TRUMP-USD · sqzExp ▼ 60 · 1h
06:42 KSA · CLOSED  · signal     · EUR-USD · orb ▼ 65 · 15m
06:42 KSA · CLOSED  · signal     · EUR-USD · brk ▼ 61 · 15m
06:42 KSA · CLOSED  · signal     · ARB-USD · orb ▼ 65 · 15m
06:42 KSA · CLOSED  · signal     · ARB-USD · brk ▼ 66 · 15m
06:42 KSA · CLOSED  · signal     · HOLO-USD · orb ▼ 85 · 15m
06:42 KSA · CLOSED  · signal     · HOLO-USD · brk ▼ 73 · 15m
06:42 KSA · CLOSED  · signal     · HOLO-USD · sqzExp ▼ 65 · 1h
06:42 KSA · CLOSED  · signal     · BANK-USD · brk ▼ 57 · 15m
06:42 KSA · CLOSED  · signal     · TON-USD · brk ▼ 61 · 15m
06:42 KSA · CLOSED  · signal     · PENGU-USD · brk ▼ 68 · 15m
06:42 KSA · CLOSED  · signal     · PENGU-USD · sqzExp ▼ 75 · 1h
06:42 KSA · CLOSED  · signal     · WLFI-USD · orb ▼ 60 · 15m
06:42 KSA · CLOSED  · signal     · APT-USD · orb ▼ 85 · 15m
06:42 KSA · CLOSED  · signal     · APT-USD · sqzExp ▼ 60 · 1h
06:44 KSA · CLOSED  · scanner    · بدء المسح · 1153 رمزاً · الجلسة CLOSED
06:44 KSA · CLOSED  · signal     · LSK-USD · brk ▲ 100 · 15m
06:44 KSA · CLOSED  · signal     · LSK-USD · meanRev ▼ 100 · 15m
06:44 KSA · CLOSED  · signal     · MUB-USD · vwapRec ▲ 79 · 15m
06:44 KSA · CLOSED  · signal     · UNI-USD · vwapRec ▲ 83 · 15m
06:44 KSA · CLOSED  · signal     · SUI-USD · vwapRec ▲ 78 · 15m
06:44 KSA · CLOSED  · signal     · ARB-USD · vwapRec ▲ 75 · 15m
06:44 KSA · CLOSED  · signal     · HOLO-USD · vwapRec ▲ 93 · 15m
06:44 KSA · CLOSED  · signal     · SENT-USD · orb ▲ 63 · 15m
06:44 KSA · CLOSED  · signal     · SENT-USD · brk ▲ 68 · 15m
06:46 KSA · CLOSED  · scanner    · بدء المسح · 1153 رمزاً · الجلسة CLOSED
06:46 KSA · CLOSED  · signal     · SOXLB-USD · brk ▲ 100 · 15m
06:48 KSA · CLOSED  · scanner    · بدء المسح · 1153 رمزاً · الجلسة CLOSED
06:48 KSA · CLOSED  · signal     · SNDKB-USD · orb ▲ 64 · 15m
06:48 KSA · CLOSED  · signal     · SNXXB-USD · orb ▲ 82 · 15m
06:50 KSA · CLOSED  · scanner    · بدء المسح · 1153 رمزاً · الجلسة CLOSED
06:52 KSA · CLOSED  · scanner    · بدء المسح · 1153 رمزاً · الجلسة CLOSED
06:52 KSA · CLOSED  · signal     · HBAR-USD · orb ▼ 75 · 15m
06:52 KSA · CLOSED  · signal     · T-USD · brk ▼ 66 · 15m
06:52 KSA · CLOSED  · signal     · UNI-USD · orb ▼ 75 · 15m
06:52 KSA · CLOSED  · signal     · UNI-USD · brk ▼ 66 · 15m
06:52 KSA · CLOSED  · signal     · UNI-USD · pbTrend ▲ 67 · 1h
06:52 KSA · CLOSED  · signal     · SUI-USD · orb ▼ 70 · 15m
06:52 KSA · CLOSED  · signal     · TAO-USD · orb ▼ 78 · 15m
06:52 KSA · CLOSED  · signal     · TAO-USD · brk ▼ 61 · 15m
06:52 KSA · CLOSED  · signal     · THE-USD · brk ▼ 57 · 15m
06:52 KSA · CLOSED  · signal     · THE-USD · sqzExp ▼ 75 · 1h
06:52 KSA · CLOSED  · signal     · TRUMP-USD · brk ▼ 68 · 15m
06:52 KSA · CLOSED  · signal     · TRUMP-USD · sqzExp ▼ 60 · 1h
06:52 KSA · CLOSED  · signal     · EUR-USD · orb ▼ 65 · 15m
06:52 KSA · CLOSED  · signal     · EUR-USD · brk ▼ 61 · 15m
06:52 KSA · CLOSED  · signal     · ARB-USD · orb ▼ 65 · 15m
06:52 KSA · CLOSED  · signal     · ARB-USD · brk ▼ 59 · 15m
06:52 KSA · CLOSED  · signal     · HOLO-USD · orb ▼ 85 · 15m
06:52 KSA · CLOSED  · signal     · HOLO-USD · brk ▼ 86 · 15m
06:52 KSA · CLOSED  · signal     · HOLO-USD · sqzExp ▼ 65 · 1h
06:52 KSA · CLOSED  · signal     · HOLO-USD · volSpike ▼ 89 · 15m
06:52 KSA · CLOSED  · signal     · BANK-USD · brk ▼ 73 · 15m
06:52 KSA · CLOSED  · signal     · TON-USD · brk ▼ 61 · 15m
06:52 KSA · CLOSED  · signal     · PENGU-USD · brk ▼ 68 · 15m
06:52 KSA · CLOSED  · signal     · PENGU-USD · sqzExp ▼ 75 · 1h
06:52 KSA · CLOSED  · signal     · WLFI-USD · orb ▼ 60 · 15m
06:52 KSA · CLOSED  · signal     · APT-USD · orb ▼ 85 · 15m
06:52 KSA · CLOSED  · signal     · APT-USD · sqzExp ▼ 60 · 1h
06:54 KSA · CLOSED  · scanner    · بدء المسح · 1153 رمزاً · الجلسة CLOSED
06:54 KSA · CLOSED  · signal     · AAVE-USD · brk ▼ 69 · 15m
06:54 KSA · CLOSED  · signal     · ARB-USD · vwapRec ▲ 75 · 15m
06:54 KSA · CLOSED  · signal     · SENT-USD · orb ▲ 63 · 15m
06:54 KSA · CLOSED  · signal     · SENT-USD · brk ▲ 55 · 15m
06:56 KSA · CLOSED  · scanner    · بدء المسح · 1153 رمزاً · الجلسة CLOSED
06:56 KSA · CLOSED  · signal     · HOLO-USD · vwapRec ▼ 100 · 15m
06:56 KSA · CLOSED  · signal     · WLFI-USD · vwapRec ▲ 79 · 15m
06:58 KSA · CLOSED  · scanner    · بدء المسح · 1153 رمزاً · الجلسة CLOSED
06:58 KSA · CLOSED  · signal     · UNI-USD · vwapRec ▲ 100 · 15m
06:58 KSA · CLOSED  · signal     · TAO-USD · orb ▲ 82 · 15m
06:58 KSA · CLOSED  · signal     · PENGU-USD · vwapRec ▲ 100 · 15m
07:00 KSA · CLOSED  · scanner    · بدء المسح · 1153 رمزاً · الجلسة CLOSED
07:00 KSA · CLOSED  · signal     · WLFI-USD · orb ▲ 100 · 15m
07:02 KSA · CLOSED  · scanner    · بدء المسح · 1153 رمزاً · الجلسة CLOSED
07:02 KSA · CLOSED  · signal     · LSK-USD · vwapRec ▼ 75 · 15m
07:02 KSA · CLOSED  · signal     · UNI-USD · orb ▼ 68 · 15m
07:02 KSA · CLOSED  · signal     · UNI-USD · brk ▼ 59 · 15m
07:02 KSA · CLOSED  · signal     · UNI-USD · pbTrend ▲ 67 · 1h
07:02 KSA · CLOSED  · signal     · SUI-USD · orb ▼ 70 · 15m
07:02 KSA · CLOSED  · signal     · TAO-USD · brk ▼ 55 · 15m
07:02 KSA · CLOSED  · signal     · THE-USD · brk ▼ 57 · 15m
07:02 KSA · CLOSED  · signal     · THE-USD · sqzExp ▼ 75 · 1h
07:02 KSA · CLOSED  · signal     · TRUMP-USD · brk ▼ 61 · 15m
07:02 KSA · CLOSED  · signal     · TRUMP-USD · sqzExp ▼ 60 · 1h
07:02 KSA · CLOSED  · signal     · EUR-USD · orb ▼ 73 · 15m
07:02 KSA · CLOSED  · signal     · EUR-USD · brk ▼ 64 · 15m
07:02 KSA · CLOSED  · signal     · HOLO-USD · orb ▼ 85 · 15m
07:02 KSA · CLOSED  · signal     · HOLO-USD · brk ▼ 86 · 15m
07:02 KSA · CLOSED  · signal     · HOLO-USD · sqzExp ▼ 65 · 1h
07:02 KSA · CLOSED  · signal     · HOLO-USD · tfAlign ▼ 79 · 1d
07:02 KSA · CLOSED  · signal     · TON-USD · brk ▼ 61 · 15m
07:02 KSA · CLOSED  · signal     · PENGU-USD · brk ▼ 55 · 15m
07:02 KSA · CLOSED  · signal     · PENGU-USD · sqzExp ▼ 75 · 1h
07:02 KSA · CLOSED  · signal     · WLFI-USD · brk ▼ 61 · 15m
07:02 KSA · CLOSED  · signal     · APT-USD · orb ▼ 70 · 15m
07:02 KSA · CLOSED  · signal     · APT-USD · sqzExp ▼ 60 · 1h
07:04 KSA · CLOSED  · scanner    · بدء المسح · 1153 رمزاً · الجلسة CLOSED
07:04 KSA · CLOSED  · signal     · UNI-USD · vwapRec ▲ 68 · 15m
07:04 KSA · CLOSED  · signal     · TAO-USD · orb ▲ 85 · 15m
07:04 KSA · CLOSED  · signal     · SENT-USD · orb ▲ 63 · 15m
07:04 KSA · CLOSED  · signal     · PENGU-USD · vwapRec ▲ 70 · 15m
07:04 KSA · CLOSED  · signal     · WLFI-USD · orb ▲ 80 · 15m
07:04 KSA · CLOSED  · signal     · SYN-USD · meanRev ▼ 100 · 1d
07:08 KSA · CLOSED  · scanner    · بدء المسح · 1153 رمزاً · الجلسة CLOSED
07:08 KSA · CLOSED  · signal     · TRX-USD · orb ▲ 100 · 15m
07:08 KSA · CLOSED  · signal     · TRUMP-USD · vwapRec ▲ 100 · 15m
07:08 KSA · CLOSED  · signal     · APT-USD · orb ▲ 82 · 15m
07:10 KSA · CLOSED  · scanner    · بدء المسح · 1153 رمزاً · الجلسة CLOSED
07:10 KSA · CLOSED  · signal     · ZEC-USD · brk ▲ 100 · 15m
07:10 KSA · CLOSED  · signal     · ARB-USD · orb ▲ 82 · 15m
07:12 KSA · CLOSED  · scanner    · بدء المسح · 1153 رمزاً · الجلسة CLOSED
07:12 KSA · CLOSED  · signal     · UNI-USD · orb ▼ 68 · 15m
07:12 KSA · CLOSED  · signal     · UNI-USD · brk ▼ 59 · 15m
07:12 KSA · CLOSED  · signal     · UNI-USD · pbTrend ▲ 67 · 1h
07:12 KSA · CLOSED  · signal     · SUI-USD · orb ▼ 70 · 15m
07:12 KSA · CLOSED  · signal     · TAO-USD · brk ▼ 55 · 15m
07:12 KSA · CLOSED  · signal     · THE-USD · brk ▼ 57 · 15m
07:12 KSA · CLOSED  · signal     · THE-USD · sqzExp ▼ 75 · 1h
07:12 KSA · CLOSED  · signal     · TRUMP-USD · brk ▼ 61 · 15m
07:12 KSA · CLOSED  · signal     · TRUMP-USD · sqzExp ▼ 60 · 1h
07:12 KSA · CLOSED  · signal     · EUR-USD · orb ▼ 73 · 15m
07:12 KSA · CLOSED  · signal     · EUR-USD · brk ▼ 64 · 15m
07:12 KSA · CLOSED  · signal     · HOLO-USD · orb ▼ 85 · 15m
07:12 KSA · CLOSED  · signal     · HOLO-USD · brk ▼ 86 · 15m
07:12 KSA · CLOSED  · signal     · HOLO-USD · sqzExp ▼ 65 · 1h
07:12 KSA · CLOSED  · signal     · TON-USD · brk ▼ 61 · 15m
07:12 KSA · CLOSED  · signal     · PENGU-USD · orb ▼ 70 · 15m
07:12 KSA · CLOSED  · signal     · PENGU-USD · brk ▼ 55 · 15m
07:12 KSA · CLOSED  · signal     · PENGU-USD · sqzExp ▼ 75 · 1h
07:12 KSA · CLOSED  · signal     · WLFI-USD · brk ▼ 61 · 15m
07:12 KSA · CLOSED  · signal     · APT-USD · sqzExp ▼ 60 · 1h
07:14 KSA · CLOSED  · scanner    · بدء المسح · 1153 رمزاً · الجلسة CLOSED
07:14 KSA · CLOSED  · signal     · UNI-USD · vwapRec ▲ 68 · 15m
07:14 KSA · CLOSED  · signal     · TAO-USD · orb ▲ 85 · 15m
07:14 KSA · CLOSED  · signal     · TRUMP-USD · vwapRec ▲ 70 · 15m
07:14 KSA · CLOSED  · signal     · SENT-USD · orb ▲ 63 · 15m
07:14 KSA · CLOSED  · signal     · PENGU-USD · vwapRec ▲ 63 · 15m
07:14 KSA · CLOSED  · signal     · WLFI-USD · orb ▲ 90 · 15m
07:14 KSA · CLOSED  · signal     · APT-USD · orb ▲ 75 · 15m
07:16 KSA · CLOSED  · scanner    · بدء المسح · 1153 رمزاً · الجلسة CLOSED
07:18 KSA · CLOSED  · scanner    · بدء المسح · 1153 رمزاً · الجلسة CLOSED
07:18 KSA · CLOSED  · signal     · ICP-USD · meanRev ▼ 100 · 15m
07:18 KSA · CLOSED  · signal     · ARB-USD · orb ▲ 82 · 15m
07:20 KSA · CLOSED  · scanner    · بدء المسح · 1153 رمزاً · الجلسة CLOSED
07:23 KSA · CLOSED  · scanner    · بدء المسح · 1153 رمزاً · الجلسة CLOSED
07:23 KSA · CLOSED  · signal     · ZEC-USD · volSpike ▲ 78 · 15m
07:23 KSA · CLOSED  · signal     · LSK-USD · vwapRec ▼ 75 · 15m
07:23 KSA · CLOSED  · signal     · UNI-USD · orb ▼ 60 · 15m
07:23 KSA · CLOSED  · signal     · UNI-USD · pbTrend ▲ 55 · 1h
07:23 KSA · CLOSED  · signal     · SUI-USD · orb ▼ 70 · 15m
07:23 KSA · CLOSED  · signal     · PEPE-USD · meanRev ▼ 57 · 15m
07:23 KSA · CLOSED  · signal     · TAO-USD · brk ▼ 55 · 15m
07:23 KSA · CLOSED  · signal     · TRUMP-USD · brk ▼ 55 · 15m
07:23 KSA · CLOSED  · signal     · TRUMP-USD · sqzExp ▼ 60 · 1h
07:23 KSA · CLOSED  · signal     · EUR-USD · orb ▼ 80 · 15m
07:23 KSA · CLOSED  · signal     · EUR-USD · brk ▼ 80 · 15m
07:23 KSA · CLOSED  · signal     · ARB-USD · brk ▼ 59 · 15m
07:23 KSA · CLOSED  · signal     · HOLO-USD · orb ▼ 85 · 15m
07:23 KSA · CLOSED  · signal     · HOLO-USD · vwapRec ▼ 65 · 15m
07:23 KSA · CLOSED  · signal     · HOLO-USD · brk ▼ 73 · 15m
07:23 KSA · CLOSED  · signal     · BANK-USD · brk ▼ 75 · 15m
07:23 KSA · CLOSED  · signal     · BANK-USD · sqzExp ▼ 65 · 1h
07:23 KSA · CLOSED  · signal     · TON-USD · brk ▼ 61 · 15m
07:23 KSA · CLOSED  · signal     · PENGU-USD · orb ▼ 70 · 15m
07:23 KSA · CLOSED  · signal     · PENGU-USD · brk ▼ 55 · 15m
07:23 KSA · CLOSED  · signal     · PENGU-USD · sqzExp ▼ 60 · 1h
07:23 KSA · CLOSED  · signal     · APT-USD · sqzExp ▼ 60 · 1h
07:24 KSA · CLOSED  · scanner    · بدء المسح · 1153 رمزاً · الجلسة CLOSED
07:24 KSA · CLOSED  · signal     · ADA-USD · orb ▲ 100 · 15m
07:24 KSA · CLOSED  · signal     · HBAR-USD · orb ▲ 100 · 15m
07:24 KSA · CLOSED  · signal     · ONDO-USD · orb ▲ 100 · 15m
07:24 KSA · CLOSED  · signal     · TAO-USD · orb ▲ 85 · 15m
07:24 KSA · CLOSED  · signal     · ARB-USD · orb ▲ 80 · 15m
07:24 KSA · CLOSED  · signal     · SENT-USD · orb ▲ 70 · 15m
07:24 KSA · CLOSED  · signal     · WLFI-USD · orb ▲ 90 · 15m
07:24 KSA · CLOSED  · signal     · WLFI-USD · brk ▲ 64 · 15m
07:24 KSA · CLOSED  · signal     · ASTER-USD · vwapRec ▲ 100 · 15m
07:24 KSA · CLOSED  · signal     · APT-USD · orb ▲ 85 · 15m
07:26 KSA · CLOSED  · scanner    · بدء المسح · 1153 رمزاً · الجلسة CLOSED
07:26 KSA · CLOSED  · signal     · MARSCOIN-USD · brk ▲ 69 · 15m
07:26 KSA · CLOSED  · signal     · HOLO-USD · vwapRec ▲ 79 · 15m
07:26 KSA · CLOSED  · signal     · ASTER-USD · orb ▼ 64 · 15m
07:28 KSA · CLOSED  · scanner    · بدء المسح · 1153 رمزاً · الجلسة CLOSED
07:30 KSA · CLOSED  · scanner    · بدء المسح · 1153 رمزاً · الجلسة CLOSED
07:32 KSA · CLOSED  · scanner    · بدء المسح · 1153 رمزاً · الجلسة CLOSED
07:32 KSA · CLOSED  · signal     · UNI-USD · orb ▼ 75 · 15m
07:32 KSA · CLOSED  · signal     · UNI-USD · brk ▼ 68 · 15m
07:32 KSA · CLOSED  · signal     · UNI-USD · pbTrend ▲ 55 · 1h
07:32 KSA · CLOSED  · signal     · SUI-USD · orb ▼ 85 · 15m
07:32 KSA · CLOSED  · signal     · PEPE-USD · brk ▲ 55 · 15m
07:32 KSA · CLOSED  · signal     · PEPE-USD · meanRev ▼ 65 · 15m
07:32 KSA · CLOSED  · signal     · TAO-USD · brk ▼ 70 · 15m
07:32 KSA · CLOSED  · signal     · THE-USD · brk ▼ 82 · 15m
07:32 KSA · CLOSED  · signal     · TRUMP-USD · orb ▼ 78 · 15m
07:32 KSA · CLOSED  · signal     · TRUMP-USD · brk ▼ 64 · 15m
07:32 KSA · CLOSED  · signal     · TRUMP-USD · sqzExp ▼ 60 · 1h
07:32 KSA · CLOSED  · signal     · EUR-USD · orb ▼ 65 · 15m
07:32 KSA · CLOSED  · signal     · EUR-USD · brk ▼ 61 · 15m
07:32 KSA · CLOSED  · signal     · ARB-USD · brk ▼ 59 · 15m
07:32 KSA · CLOSED  · signal     · HOLO-USD · orb ▼ 85 · 15m
07:32 KSA · CLOSED  · signal     · HOLO-USD · brk ▼ 80 · 15m
07:32 KSA · CLOSED  · signal     · BANK-USD · brk ▼ 75 · 15m
07:32 KSA · CLOSED  · signal     · BANK-USD · sqzExp ▼ 65 · 1h
07:32 KSA · CLOSED  · signal     · BANK-USD · rsiDiv ▲ 100 · 15m
07:32 KSA · CLOSED  · signal     · TON-USD · brk ▼ 61 · 15m
07:32 KSA · CLOSED  · signal     · SENT-USD · brk ▼ 68 · 15m
07:32 KSA · CLOSED  · signal     · PENGU-USD · orb ▼ 85 · 15m
07:32 KSA · CLOSED  · signal     · PENGU-USD · brk ▼ 80 · 15m
07:32 KSA · CLOSED  · signal     · PENGU-USD · sqzExp ▼ 60 · 1h
07:32 KSA · CLOSED  · signal     · APT-USD · sqzExp ▼ 60 · 1h
07:34 KSA · CLOSED  · scanner    · بدء المسح · 1153 رمزاً · الجلسة CLOSED
07:34 KSA · CLOSED  · signal     · TRUMP-USD · vwapRec ▲ 70 · 15m
07:34 KSA · CLOSED  · signal     · ARB-USD · orb ▲ 73 · 15m
07:34 KSA · CLOSED  · signal     · SENT-USD · orb ▲ 70 · 15m
07:34 KSA · CLOSED  · signal     · PENGU-USD · vwapRec ▲ 78 · 15m
07:34 KSA · CLOSED  · signal     · WLFI-USD · orb ▲ 90 · 15m
07:37 KSA · CLOSED  · scanner    · بدء المسح · 1153 رمزاً · الجلسة CLOSED
07:37 KSA · CLOSED  · signal     · DOGE-USD · orb ▲ 82 · 15m
07:37 KSA · CLOSED  · signal     · XPL-USD · vwapRec ▲ 100 · 15m
07:37 KSA · CLOSED  · signal     · UNI-USD · orb ▲ 100 · 15m
07:37 KSA · CLOSED  · signal     · TAO-USD · orb ▲ 82 · 15m
07:37 KSA · CLOSED  · signal     · HOLO-USD · orb ▲ 82 · 15m
07:37 KSA · CLOSED  · signal     · HOLO-USD · vwapRec ▲ 57 · 15m
07:37 KSA · CLOSED  · signal     · ASTER-USD · vwapRec ▲ 100 · 15m
07:38 KSA · CLOSED  · scanner    · بدء المسح · 1153 رمزاً · الجلسة CLOSED
07:38 KSA · CLOSED  · signal     · INJ-USD · orb ▼ 64 · 15m
07:38 KSA · CLOSED  · signal     · PEPE-USD · orb ▲ 82 · 15m
07:40 KSA · CLOSED  · scanner    · بدء المسح · 1153 رمزاً · الجلسة CLOSED
07:40 KSA · CLOSED  · signal     · WLD-USD · orb ▲ 82 · 15m
07:40 KSA · CLOSED  · signal     · DASH-USD · orb ▲ 82 · 15m
07:40 KSA · CLOSED  · signal     · UNI-USD · brk ▲ 69 · 15m
07:40 KSA · CLOSED  · signal     · PEPE-USD · meanRev ▼ 100 · 15m
07:40 KSA · CLOSED  · signal     · SAGA-USD · meanRev ▼ 100 · 1d
07:42 KSA · CLOSED  · scanner    · بدء المسح · 1153 رمزاً · الجلسة CLOSED
07:42 KSA · CLOSED  · signal     · QQQB-USD · vwapRec ▼ 70 · 15m
07:42 KSA · CLOSED  · signal     · UNI-USD · pbTrend ▲ 55 · 1h
07:42 KSA · CLOSED  · signal     · SUI-USD · orb ▼ 85 · 15m
07:42 KSA · CLOSED  · signal     · PEPE-USD · brk ▲ 55 · 15m
07:42 KSA · CLOSED  · signal     · TAO-USD · brk ▼ 70 · 15m
07:42 KSA · CLOSED  · signal     · THE-USD · brk ▼ 82 · 15m
07:42 KSA · CLOSED  · signal     · TRUMP-USD · orb ▼ 78 · 15m
07:42 KSA · CLOSED  · signal     · TRUMP-USD · brk ▼ 64 · 15m
07:42 KSA · CLOSED  · signal     · TRUMP-USD · sqzExp ▼ 60 · 1h
07:42 KSA · CLOSED  · signal     · EUR-USD · orb ▼ 65 · 15m
07:42 KSA · CLOSED  · signal     · EUR-USD · brk ▼ 61 · 15m
07:42 KSA · CLOSED  · signal     · ARB-USD · brk ▼ 59 · 15m
07:42 KSA · CLOSED  · signal     · HOLO-USD · brk ▼ 80 · 15m
07:42 KSA · CLOSED  · signal     · BANK-USD · brk ▼ 75 · 15m
07:42 KSA · CLOSED  · signal     · BANK-USD · sqzExp ▼ 65 · 1h
07:42 KSA · CLOSED  · signal     · TON-USD · brk ▼ 61 · 15m
07:42 KSA · CLOSED  · signal     · SENT-USD · brk ▼ 68 · 15m
07:42 KSA · CLOSED  · signal     · PENGU-USD · orb ▼ 85 · 15m
07:42 KSA · CLOSED  · signal     · PENGU-USD · brk ▼ 80 · 15m
07:42 KSA · CLOSED  · signal     · PENGU-USD · sqzExp ▼ 60 · 1h
07:42 KSA · CLOSED  · signal     · WLFI-USD · brk ▼ 57 · 15m
07:42 KSA · CLOSED  · signal     · APT-USD · orb ▼ 85 · 15m
07:42 KSA · CLOSED  · signal     · APT-USD · sqzExp ▼ 60 · 1h
07:44 KSA · CLOSED  · scanner    · بدء المسح · 1153 رمزاً · الجلسة CLOSED
07:44 KSA · CLOSED  · signal     · UNI-USD · orb ▲ 90 · 15m
07:44 KSA · CLOSED  · signal     · ARB-USD · orb ▲ 73 · 15m
07:44 KSA · CLOSED  · signal     · HOLO-USD · vwapRec ▲ 93 · 15m
07:44 KSA · CLOSED  · signal     · SENT-USD · orb ▲ 78 · 15m
07:44 KSA · CLOSED  · signal     · PENGU-USD · vwapRec ▲ 78 · 15m
07:44 KSA · CLOSED  · signal     · WLFI-USD · orb ▲ 80 · 15m
07:44 KSA · CLOSED  · signal     · WLFI-USD · vwapRec ▲ 78 · 15m
07:46 KSA · CLOSED  · scanner    · بدء المسح · 1153 رمزاً · الجلسة CLOSED
07:46 KSA · CLOSED  · signal     · UNI-USD · brk ▲ 69 · 15m
07:46 KSA · CLOSED  · signal     · TAO-USD · orb ▲ 64 · 15m
07:48 KSA · CLOSED  · scanner    · بدء المسح · 1153 رمزاً · الجلسة CLOSED
07:50 KSA · CLOSED  · scanner    · بدء المسح · 1153 رمزاً · الجلسة CLOSED
07:52 KSA · CLOSED  · scanner    · بدء المسح · 1153 رمزاً · الجلسة CLOSED
07:52 KSA · CLOSED  · signal     · QQQB-USD · vwapRec ▼ 78 · 15m
07:52 KSA · CLOSED  · signal     · UNI-USD · pbTrend ▲ 55 · 1h
07:52 KSA · CLOSED  · signal     · SUI-USD · orb ▼ 78 · 15m
07:52 KSA · CLOSED  · signal     · PEPE-USD · brk ▲ 61 · 15m
07:52 KSA · CLOSED  · signal     · PEPE-USD · meanRev ▼ 57 · 15m
07:52 KSA · CLOSED  · signal     · TAO-USD · brk ▼ 70 · 15m
07:52 KSA · CLOSED  · signal     · TRUMP-USD · orb ▼ 78 · 15m
07:52 KSA · CLOSED  · signal     · TRUMP-USD · brk ▼ 70 · 15m
07:52 KSA · CLOSED  · signal     · TRUMP-USD · sqzExp ▼ 60 · 1h
07:52 KSA · CLOSED  · signal     · EUR-USD · orb ▼ 80 · 15m
07:52 KSA · CLOSED  · signal     · EUR-USD · brk ▼ 86 · 15m
07:52 KSA · CLOSED  · signal     · HOLO-USD · orb ▼ 85 · 15m
07:52 KSA · CLOSED  · signal     · HOLO-USD · brk ▼ 86 · 15m
07:52 KSA · CLOSED  · signal     · HOLO-USD · volSpike ▼ 89 · 15m
07:52 KSA · CLOSED  · signal     · HOLO-USD · tfAlign ▼ 79 · 1d
07:52 KSA · CLOSED  · signal     · BANK-USD · brk ▼ 73 · 15m
07:52 KSA · CLOSED  · signal     · BANK-USD · sqzExp ▼ 65 · 1h
07:52 KSA · CLOSED  · signal     · TON-USD · brk ▼ 61 · 15m
07:52 KSA · CLOSED  · signal     · SENT-USD · brk ▼ 59 · 15m
07:52 KSA · CLOSED  · signal     · PENGU-USD · orb ▼ 78 · 15m
07:52 KSA · CLOSED  · signal     · PENGU-USD · brk ▼ 77 · 15m
07:52 KSA · CLOSED  · signal     · PENGU-USD · sqzExp ▼ 60 · 1h
07:52 KSA · CLOSED  · signal     · PENGU-USD · tfAlign ▼ 74 · 1d
07:52 KSA · CLOSED  · signal     · WLFI-USD · brk ▼ 64 · 15m
07:52 KSA · CLOSED  · signal     · ASTER-USD · orb ▼ 65 · 15m
07:52 KSA · CLOSED  · signal     · APT-USD · orb ▼ 85 · 15m
07:52 KSA · CLOSED  · signal     · APT-USD · sqzExp ▼ 60 · 1h
07:53 KSA · CLOSED  · scanner    · بدء المسح · 1153 رمزاً · الجلسة CLOSED
07:53 KSA · CLOSED  · signal     · UNI-USD · orb ▲ 80 · 15m
07:53 KSA · CLOSED  · signal     · TRUMP-USD · vwapRec ▲ 70 · 15m
07:53 KSA · CLOSED  · signal     · ARB-USD · orb ▲ 70 · 15m
07:53 KSA · CLOSED  · signal     · ARB-USD · vwapRec ▲ 60 · 15m
07:53 KSA · CLOSED  · signal     · SENT-USD · orb ▲ 78 · 15m
07:53 KSA · CLOSED  · signal     · PENGU-USD · vwapRec ▲ 78 · 15m
07:56 KSA · CLOSED  · scanner    · بدء المسح · 1153 رمزاً · الجلسة CLOSED
07:56 KSA · CLOSED  · signal     · BANK-USD · brk ▼ 100 · 15m
07:56 KSA · CLOSED  · signal     · WLFI-USD · vwapRec ▼ 100 · 15m
07:58 KSA · CLOSED  · scanner    · بدء المسح · 1153 رمزاً · الجلسة CLOSED
08:00 KSA · CLOSED  · scanner    · بدء المسح · 1153 رمزاً · الجلسة CLOSED
08:00 KSA · CLOSED  · signal     · LSK-USD · brk ▲ 69 · 15m
08:00 KSA · CLOSED  · signal     · HOLO-USD · vwapRec ▲ 79 · 15m
08:02 KSA · CLOSED  · scanner    · بدء المسح · 1153 رمزاً · الجلسة CLOSED
08:02 KSA · CLOSED  · signal     · QQQB-USD · vwapRec ▼ 78 · 15m
08:02 KSA · CLOSED  · signal     · SNDKB-USD · volSpike ▼ 89 · 15m
08:02 KSA · CLOSED  · signal     · UNI-USD · brk ▼ 73 · 15m
08:02 KSA · CLOSED  · signal     · UNI-USD · pbTrend ▲ 55 · 1h
08:02 KSA · CLOSED  · signal     · SUI-USD · orb ▼ 78 · 15m
08:02 KSA · CLOSED  · signal     · PEPE-USD · meanRev ▼ 65 · 15m
08:02 KSA · CLOSED  · signal     · TAO-USD · orb ▼ 78 · 15m
08:02 KSA · CLOSED  · signal     · TAO-USD · brk ▼ 70 · 15m
08:02 KSA · CLOSED  · signal     · THE-USD · brk ▼ 68 · 15m
08:02 KSA · CLOSED  · signal     · TRUMP-USD · orb ▼ 70 · 15m
08:02 KSA · CLOSED  · signal     · TRUMP-USD · brk ▼ 61 · 15m
08:02 KSA · CLOSED  · signal     · TRUMP-USD · sqzExp ▼ 60 · 1h
08:02 KSA · CLOSED  · signal     · EUR-USD · orb ▼ 65 · 15m
08:02 KSA · CLOSED  · signal     · EUR-USD · brk ▼ 61 · 15m
08:02 KSA · CLOSED  · signal     · ARB-USD · brk ▼ 73 · 15m
08:02 KSA · CLOSED  · signal     · HOLO-USD · orb ▼ 85 · 15m
08:02 KSA · CLOSED  · signal     · HOLO-USD · brk ▼ 73 · 15m
08:02 KSA · CLOSED  · signal     · HOLO-USD · volSpike ▲ 56 · 15m
08:02 KSA · CLOSED  · signal     · BANK-USD · sqzExp ▼ 65 · 1h
08:02 KSA · CLOSED  · signal     · BANK-USD · rsiDiv ▲ 94 · 15m
08:02 KSA · CLOSED  · signal     · TON-USD · brk ▼ 61 · 15m
08:02 KSA · CLOSED  · signal     · PENGU-USD · orb ▼ 78 · 15m
08:02 KSA · CLOSED  · signal     · PENGU-USD · brk ▼ 61 · 15m
08:02 KSA · CLOSED  · signal     · PENGU-USD · sqzExp ▼ 60 · 1h
08:02 KSA · CLOSED  · signal     · WLFI-USD · orb ▼ 60 · 15m
08:02 KSA · CLOSED  · signal     · APT-USD · sqzExp ▼ 60 · 1h
08:04 KSA · CLOSED  · scanner    · بدء المسح · 1153 رمزاً · الجلسة CLOSED
08:04 KSA · CLOSED  · signal     · LSK-USD · sqzExp ▲ 100 · 1h
08:04 KSA · CLOSED  · signal     · PEPE-USD · vwapRec ▼ 100 · 15m
08:04 KSA · CLOSED  · signal     · PUMP-USD · vwapRec ▼ 65 · 15m
08:04 KSA · CLOSED  · signal     · SENT-USD · orb ▲ 70 · 15m
08:09 KSA · CLOSED  · scanner    · بدء المسح · 1153 رمزاً · الجلسة CLOSED
08:09 KSA · CLOSED  · signal     · HBAR-USD · vwapRec ▲ 100 · 15m
08:09 KSA · CLOSED  · signal     · UNI-USD · vwapRec ▼ 100 · 15m
08:09 KSA · CLOSED  · signal     · TRUMP-USD · vwapRec ▲ 100 · 15m
08:09 KSA · CLOSED  · signal     · HOLO-USD · vwapRec ▲ 57 · 15m
08:13 KSA · CLOSED  · scanner    · بدء المسح · 1153 رمزاً · الجلسة CLOSED
08:13 KSA · CLOSED  · signal     · UNI-USD · orb ▼ 68 · 15m
08:13 KSA · CLOSED  · signal     · UNI-USD · brk ▼ 73 · 15m
08:13 KSA · CLOSED  · signal     · UNI-USD · pbTrend ▲ 55 · 1h
08:13 KSA · CLOSED  · signal     · SUI-USD · orb ▼ 78 · 15m
08:13 KSA · CLOSED  · signal     · PEPE-USD · meanRev ▼ 65 · 15m
08:13 KSA · CLOSED  · signal     · TAO-USD · brk ▼ 70 · 15m
08:13 KSA · CLOSED  · signal     · THE-USD · brk ▼ 68 · 15m
08:13 KSA · CLOSED  · signal     · TRUMP-USD · brk ▼ 61 · 15m
08:13 KSA · CLOSED  · signal     · TRUMP-USD · sqzExp ▼ 60 · 1h
08:13 KSA · CLOSED  · signal     · EUR-USD · orb ▼ 65 · 15m
08:13 KSA · CLOSED  · signal     · EUR-USD · brk ▼ 61 · 15m
08:13 KSA · CLOSED  · signal     · ARB-USD · orb ▼ 65 · 15m
08:13 KSA · CLOSED  · signal     · ARB-USD · brk ▼ 73 · 15m
08:13 KSA · CLOSED  · signal     · HOLO-USD · orb ▼ 85 · 15m
08:13 KSA · CLOSED  · signal     · HOLO-USD · brk ▼ 73 · 15m
08:13 KSA · CLOSED  · signal     · BANK-USD · sqzExp ▼ 65 · 1h
08:13 KSA · CLOSED  · signal     · TON-USD · brk ▼ 61 · 15m
08:13 KSA · CLOSED  · signal     · SENT-USD · momo ▲ 58 · 1h
08:13 KSA · CLOSED  · signal     · PENGU-USD · brk ▼ 61 · 15m
08:13 KSA · CLOSED  · signal     · PENGU-USD · sqzExp ▼ 60 · 1h
08:13 KSA · CLOSED  · signal     · WLFI-USD · orb ▼ 60 · 15m
08:13 KSA · CLOSED  · signal     · APT-USD · sqzExp ▼ 60 · 1h
08:16 KSA · CLOSED  · scanner    · بدء المسح · 1153 رمزاً · الجلسة CLOSED
08:16 KSA · CLOSED  · signal     · PEPE-USD · vwapRec ▼ 100 · 15m
08:16 KSA · CLOSED  · signal     · TRUMP-USD · vwapRec ▲ 78 · 15m
08:16 KSA · CLOSED  · signal     · HOLO-USD · vwapRec ▲ 100 · 15m
08:16 KSA · CLOSED  · signal     · SENT-USD · orb ▲ 70 · 15m
08:16 KSA · CLOSED  · signal     · PENGU-USD · vwapRec ▲ 78 · 15m
08:18 KSA · CLOSED  · scanner    · بدء المسح · 1153 رمزاً · الجلسة CLOSED
08:18 KSA · CLOSED  · signal     · DASH-USD · brk ▲ 100 · 15m
08:18 KSA · CLOSED  · signal     · U-USD · vwapRec ▼ 100 · 15m
08:20 KSA · CLOSED  · scanner    · بدء المسح · 1153 رمزاً · الجلسة CLOSED
08:23 KSA · CLOSED  · scanner    · بدء المسح · 1153 رمزاً · الجلسة CLOSED
08:23 KSA · CLOSED  · signal     · ZEC-USD · sqzExp ▲ 75 · 1h
08:23 KSA · CLOSED  · signal     · LSK-USD · vwapRec ▼ 68 · 15m
08:23 KSA · CLOSED  · signal     · MARSCOIN-USD · sqzExp ▲ 58 · 1h
08:23 KSA · CLOSED  · signal     · QQQB-USD · vwapRec ▼ 78 · 15m
08:23 KSA · CLOSED  · signal     · UNI-USD · orb ▼ 75 · 15m
08:23 KSA · CLOSED  · signal     · UNI-USD · brk ▼ 75 · 15m
08:23 KSA · CLOSED  · signal     · UNI-USD · pbTrend ▲ 57 · 1h
08:23 KSA · CLOSED  · signal     · SUI-USD · orb ▼ 70 · 15m
08:23 KSA · CLOSED  · signal     · U-USD · brk ▼ 73 · 15m
08:23 KSA · CLOSED  · signal     · PEPE-USD · meanRev ▼ 65 · 15m
08:23 KSA · CLOSED  · signal     · TAO-USD · orb ▼ 85 · 15m
08:23 KSA · CLOSED  · signal     · TAO-USD · brk ▼ 80 · 15m
08:23 KSA · CLOSED  · signal     · THE-USD · brk ▼ 66 · 15m
08:23 KSA · CLOSED  · signal     · THE-USD · momo ▼ 58 · 1h
08:23 KSA · CLOSED  · signal     · TRUMP-USD · orb ▼ 78 · 15m
08:23 KSA · CLOSED  · signal     · TRUMP-USD · brk ▼ 55 · 15m
08:23 KSA · CLOSED  · signal     · TRUMP-USD · sqzExp ▼ 60 · 1h
08:23 KSA · CLOSED  · signal     · EUR-USD · orb ▼ 75 · 15m
08:23 KSA · CLOSED  · signal     · EUR-USD · brk ▼ 66 · 15m
08:23 KSA · CLOSED  · signal     · PUMP-USD · orb ▼ 57 · 15m
08:23 KSA · CLOSED  · signal     · ARB-USD · orb ▼ 57 · 15m
08:23 KSA · CLOSED  · signal     · ARB-USD · brk ▼ 57 · 15m
08:23 KSA · CLOSED  · signal     · HOLO-USD · orb ▼ 85 · 15m
08:23 KSA · CLOSED  · signal     · HOLO-USD · brk ▼ 80 · 15m
08:23 KSA · CLOSED  · signal     · BANK-USD · sqzExp ▼ 90 · 1h
08:23 KSA · CLOSED  · signal     · TON-USD · brk ▼ 61 · 15m
08:23 KSA · CLOSED  · signal     · SENT-USD · sqzExp ▼ 60 · 1h
08:23 KSA · CLOSED  · signal     · PENGU-USD · orb ▼ 78 · 15m
08:23 KSA · CLOSED  · signal     · PENGU-USD · brk ▼ 64 · 15m
08:23 KSA · CLOSED  · signal     · WLFI-USD · orb ▼ 75 · 15m
08:23 KSA · CLOSED  · signal     · WLFI-USD · brk ▼ 64 · 15m
08:23 KSA · CLOSED  · signal     · APT-USD · sqzExp ▼ 75 · 1h
08:24 KSA · CLOSED  · scanner    · بدء المسح · 1153 رمزاً · الجلسة CLOSED
08:24 KSA · CLOSED  · signal     · NEAR-USD · orb ▲ 100 · 15m
08:24 KSA · CLOSED  · signal     · FET-USD · orb ▲ 82 · 15m
08:24 KSA · CLOSED  · signal     · HOLO-USD · vwapRec ▲ 85 · 15m
08:24 KSA · CLOSED  · signal     · SENT-USD · orb ▲ 70 · 15m
08:26 KSA · CLOSED  · scanner    · بدء المسح · 1153 رمزاً · الجلسة CLOSED
08:26 KSA · CLOSED  · signal     · NEAR-USD · brk ▲ 69 · 15m
08:26 KSA · CLOSED  · signal     · EUR-USD · brk ▲ 100 · 15m
08:28 KSA · CLOSED  · scanner    · بدء المسح · 1153 رمزاً · الجلسة CLOSED
08:30 KSA · CLOSED  · scanner    · بدء المسح · 1153 رمزاً · الجلسة CLOSED
08:30 KSA · CLOSED  · signal     · PEPE-USD · orb ▼ 82 · 15m
08:30 KSA · CLOSED  · signal     · PEPE-USD · vwapRec ▼ 100 · 15m
08:30 KSA · CLOSED  · signal     · TAO-USD · vwapRec ▼ 100 · 15m
08:30 KSA · CLOSED  · signal     · ARB-USD · vwapRec ▼ 100 · 15m
08:30 KSA · CLOSED  · signal     · SENT-USD · vwapRec ▼ 100 · 15m
08:32 KSA · CLOSED  · scanner    · بدء المسح · 1153 رمزاً · الجلسة CLOSED
08:32 KSA · CLOSED  · signal     · LSK-USD · vwapRec ▼ 68 · 15m
08:32 KSA · CLOSED  · signal     · QQQB-USD · vwapRec ▼ 78 · 15m
08:32 KSA · CLOSED  · signal     · UNI-USD · orb ▼ 68 · 15m
08:32 KSA · CLOSED  · signal     · UNI-USD · brk ▼ 66 · 15m
08:32 KSA · CLOSED  · signal     · UNI-USD · pbTrend ▲ 57 · 1h
08:32 KSA · CLOSED  · signal     · SUI-USD · orb ▼ 70 · 15m
08:32 KSA · CLOSED  · signal     · U-USD · brk ▼ 55 · 15m
08:32 KSA · CLOSED  · signal     · 牛来-USD · rsiDiv ▲ 57 · 15m
08:32 KSA · CLOSED  · signal     · PEPE-USD · meanRev ▼ 57 · 15m
08:32 KSA · CLOSED  · signal     · TAO-USD · orb ▼ 70 · 15m
08:32 KSA · CLOSED  · signal     · TAO-USD · brk ▼ 61 · 15m
08:32 KSA · CLOSED  · signal     · THE-USD · brk ▼ 73 · 15m
08:32 KSA · CLOSED  · signal     · TRUMP-USD · orb ▼ 78 · 15m
08:32 KSA · CLOSED  · signal     · TRUMP-USD · brk ▼ 55 · 15m
08:32 KSA · CLOSED  · signal     · TRUMP-USD · sqzExp ▼ 60 · 1h
08:32 KSA · CLOSED  · signal     · EUR-USD · orb ▼ 75 · 15m
08:32 KSA · CLOSED  · signal     · PUMP-USD · orb ▼ 57 · 15m
08:32 KSA · CLOSED  · signal     · ARB-USD · orb ▼ 57 · 15m
08:32 KSA · CLOSED  · signal     · ARB-USD · rsiDiv ▼ 67 · 15m
08:32 KSA · CLOSED  · signal     · HOLO-USD · orb ▼ 85 · 15m
08:32 KSA · CLOSED  · signal     · HOLO-USD · brk ▼ 80 · 15m
08:32 KSA · CLOSED  · signal     · HOLO-USD · tfAlign ▼ 74 · 1d
08:32 KSA · CLOSED  · signal     · BANK-USD · brk ▼ 80 · 15m
08:32 KSA · CLOSED  · signal     · BANK-USD · sqzExp ▼ 90 · 1h
08:32 KSA · CLOSED  · signal     · TON-USD · brk ▼ 61 · 15m
08:32 KSA · CLOSED  · signal     · SENT-USD · brk ▼ 59 · 15m
08:32 KSA · CLOSED  · signal     · SENT-USD · sqzExp ▼ 60 · 1h
08:32 KSA · CLOSED  · signal     · PENGU-USD · orb ▼ 78 · 15m
08:32 KSA · CLOSED  · signal     · PENGU-USD · brk ▼ 64 · 15m
08:32 KSA · CLOSED  · signal     · WLFI-USD · orb ▼ 68 · 15m
08:32 KSA · CLOSED  · signal     · APT-USD · sqzExp ▼ 75 · 1h
08:34 KSA · CLOSED  · scanner    · بدء المسح · 1153 رمزاً · الجلسة CLOSED
08:34 KSA · CLOSED  · signal     · EUR-USD · brk ▲ 59 · 15m
08:34 KSA · CLOSED  · signal     · HOLO-USD · vwapRec ▲ 85 · 15m
08:34 KSA · CLOSED  · signal     · SENT-USD · orb ▲ 68 · 15m
08:37 KSA · CLOSED  · scanner    · بدء المسح · 1153 رمزاً · الجلسة CLOSED
08:38 KSA · CLOSED  · scanner    · بدء المسح · 1153 رمزاً · الجلسة CLOSED
08:40 KSA · CLOSED  · scanner    · بدء المسح · 1153 رمزاً · الجلسة CLOSED
08:40 KSA · CLOSED  · signal     · MTL-USD · meanRev ▼ 100 · 15m
08:40 KSA · CLOSED  · signal     · WLFI-USD · orb ▼ 82 · 15m
08:42 KSA · CLOSED  · scanner    · بدء المسح · 1153 رمزاً · الجلسة CLOSED
08:42 KSA · CLOSED  · signal     · LSK-USD · vwapRec ▼ 68 · 15m
08:42 KSA · CLOSED  · signal     · QQQB-USD · vwapRec ▼ 78 · 15m
08:42 KSA · CLOSED  · signal     · MTL-USD · tfAlign ▲ 61 · 1d
08:42 KSA · CLOSED  · signal     · UNI-USD · orb ▼ 68 · 15m
08:42 KSA · CLOSED  · signal     · UNI-USD · brk ▼ 66 · 15m
08:42 KSA · CLOSED  · signal     · UNI-USD · pbTrend ▲ 57 · 1h
08:42 KSA · CLOSED  · signal     · SUI-USD · orb ▼ 70 · 15m
08:42 KSA · CLOSED  · signal     · U-USD · brk ▼ 55 · 15m
08:42 KSA · CLOSED  · signal     · PEPE-USD · meanRev ▼ 57 · 15m
08:42 KSA · CLOSED  · signal     · TAO-USD · orb ▼ 70 · 15m
08:42 KSA · CLOSED  · signal     · TAO-USD · brk ▼ 61 · 15m
08:42 KSA · CLOSED  · signal     · THE-USD · brk ▼ 73 · 15m
08:42 KSA · CLOSED  · signal     · TRUMP-USD · brk ▼ 55 · 15m
08:42 KSA · CLOSED  · signal     · TRUMP-USD · sqzExp ▼ 60 · 1h
08:42 KSA · CLOSED  · signal     · EUR-USD · orb ▼ 75 · 15m
08:42 KSA · CLOSED  · signal     · ARB-USD · orb ▼ 57 · 15m
08:42 KSA · CLOSED  · signal     · HOLO-USD · orb ▼ 85 · 15m
08:42 KSA · CLOSED  · signal     · HOLO-USD · brk ▼ 80 · 15m
08:42 KSA · CLOSED  · signal     · BANK-USD · brk ▼ 80 · 15m
08:42 KSA · CLOSED  · signal     · BANK-USD · sqzExp ▼ 90 · 1h
08:42 KSA · CLOSED  · signal     · TON-USD · brk ▼ 61 · 15m
08:42 KSA · CLOSED  · signal     · SENT-USD · brk ▼ 59 · 15m
08:42 KSA · CLOSED  · signal     · SENT-USD · sqzExp ▼ 60 · 1h
08:42 KSA · CLOSED  · signal     · PENGU-USD · orb ▼ 78 · 15m
08:42 KSA · CLOSED  · signal     · PENGU-USD · brk ▼ 64 · 15m
08:42 KSA · CLOSED  · signal     · APT-USD · sqzExp ▼ 75 · 1h
08:44 KSA · CLOSED  · scanner    · بدء المسح · 1153 رمزاً · الجلسة CLOSED
08:44 KSA · CLOSED  · signal     · HOLO-USD · vwapRec ▲ 85 · 15m
08:44 KSA · CLOSED  · signal     · SENT-USD · orb ▲ 57 · 15m
08:46 KSA · CLOSED  · scanner    · بدء المسح · 1153 رمزاً · الجلسة CLOSED
08:46 KSA · CLOSED  · signal     · ARB-USD · vwapRec ▲ 100 · 15m
08:48 KSA · CLOSED  · scanner    · بدء المسح · 1153 رمزاً · الجلسة CLOSED
08:48 KSA · CLOSED  · signal     · TRUMP-USD · orb ▼ 82 · 15m
08:50 KSA · CLOSED  · scanner    · بدء المسح · 1153 رمزاً · الجلسة CLOSED
08:50 KSA · CLOSED  · signal     · PENGU-USD · orb ▼ 64 · 15m
08:52 KSA · CLOSED  · scanner    · بدء المسح · 1153 رمزاً · الجلسة CLOSED
08:52 KSA · CLOSED  · signal     · UNI-USD · orb ▼ 60 · 15m
08:52 KSA · CLOSED  · signal     · UNI-USD · pbTrend ▲ 57 · 1h
08:52 KSA · CLOSED  · signal     · SUI-USD · orb ▼ 78 · 15m
08:52 KSA · CLOSED  · signal     · PEPE-USD · meanRev ▼ 57 · 15m
08:52 KSA · CLOSED  · signal     · TAO-USD · orb ▼ 78 · 15m
08:52 KSA · CLOSED  · signal     · TAO-USD · brk ▼ 55 · 15m
08:52 KSA · CLOSED  · signal     · THE-USD · brk ▼ 59 · 15m
08:52 KSA · CLOSED  · signal     · TRUMP-USD · brk ▼ 68 · 15m
08:52 KSA · CLOSED  · signal     · TRUMP-USD · sqzExp ▼ 60 · 1h
08:52 KSA · CLOSED  · signal     · EUR-USD · orb ▼ 60 · 15m
08:52 KSA · CLOSED  · signal     · EUR-USD · brk ▼ 61 · 15m
08:52 KSA · CLOSED  · signal     · ARB-USD · orb ▼ 57 · 15m
08:52 KSA · CLOSED  · signal     · HOLO-USD · orb ▼ 85 · 15m
08:52 KSA · CLOSED  · signal     · HOLO-USD · brk ▼ 80 · 15m
08:52 KSA · CLOSED  · signal     · BANK-USD · brk ▼ 55 · 15m
08:52 KSA · CLOSED  · signal     · BANK-USD · sqzExp ▼ 90 · 1h
08:52 KSA · CLOSED  · signal     · TON-USD · brk ▼ 61 · 15m
08:52 KSA · CLOSED  · signal     · SENT-USD · brk ▼ 68 · 15m
08:52 KSA · CLOSED  · signal     · SENT-USD · sqzExp ▼ 60 · 1h
08:52 KSA · CLOSED  · signal     · PENGU-USD · brk ▼ 61 · 15m
08:52 KSA · CLOSED  · signal     · APT-USD · sqzExp ▼ 75 · 1h
08:54 KSA · CLOSED  · scanner    · بدء المسح · 1153 رمزاً · الجلسة CLOSED
08:54 KSA · CLOSED  · signal     · ONDO-USD · orb ▼ 64 · 15m
08:54 KSA · CLOSED  · signal     · ARB-USD · vwapRec ▲ 60 · 15m
08:54 KSA · CLOSED  · signal     · HOLO-USD · vwapRec ▲ 78 · 15m
08:54 KSA · CLOSED  · signal     · SENT-USD · orb ▲ 65 · 15m
08:56 KSA · CLOSED  · scanner    · بدء المسح · 1153 رمزاً · الجلسة CLOSED
08:56 KSA · CLOSED  · signal     · EUR-USD · brk ▲ 69 · 15m
08:56 KSA · CLOSED  · signal     · ARB-USD · orb ▲ 82 · 15m
08:58 KSA · CLOSED  · scanner    · بدء المسح · 1153 رمزاً · الجلسة CLOSED
08:58 KSA · CLOSED  · signal     · SUI-USD · orb ▲ 82 · 15m
08:58 KSA · CLOSED  · signal     · PENGU-USD · vwapRec ▲ 100 · 15m
08:58 KSA · CLOSED  · signal     · ASTER-USD · vwapRec ▲ 80 · 15m
09:00 KSA · CLOSED  · scanner    · بدء المسح · 1153 رمزاً · الجلسة CLOSED
09:02 KSA · CLOSED  · scanner    · بدء المسح · 1153 رمزاً · الجلسة CLOSED
09:02 KSA · CLOSED  · signal     · LSK-USD · rsiDiv ▼ 83 · 15m
09:02 KSA · CLOSED  · signal     · UNI-USD · orb ▼ 68 · 15m
09:02 KSA · CLOSED  · signal     · UNI-USD · brk ▼ 64 · 15m
09:02 KSA · CLOSED  · signal     · UNI-USD · pbTrend ▲ 57 · 1h
09:02 KSA · CLOSED  · signal     · U-USD · brk ▼ 59 · 15m
09:02 KSA · CLOSED  · signal     · PEPE-USD · orb ▲ 57 · 15m
09:02 KSA · CLOSED  · signal     · PEPE-USD · meanRev ▼ 57 · 15m
09:02 KSA · CLOSED  · signal     · TAO-USD · orb ▼ 78 · 15m
09:02 KSA · CLOSED  · signal     · TAO-USD · brk ▼ 64 · 15m
09:02 KSA · CLOSED  · signal     · THE-USD · vwapRec ▼ 65 · 15m
09:02 KSA · CLOSED  · signal     · THE-USD · brk ▼ 68 · 15m
09:02 KSA · CLOSED  · signal     · TRUMP-USD · brk ▼ 61 · 15m
09:02 KSA · CLOSED  · signal     · TRUMP-USD · sqzExp ▼ 60 · 1h
09:02 KSA · CLOSED  · signal     · EUR-USD · orb ▼ 75 · 15m
09:02 KSA · CLOSED  · signal     · PUMP-USD · vwapRec ▲ 55 · 15m
09:02 KSA · CLOSED  · signal     · HOLO-USD · orb ▼ 85 · 15m
09:02 KSA · CLOSED  · signal     · HOLO-USD · brk ▼ 80 · 15m
09:02 KSA · CLOSED  · signal     · BANK-USD · brk ▼ 70 · 15m
09:02 KSA · CLOSED  · signal     · BANK-USD · sqzExp ▼ 90 · 1h
09:02 KSA · CLOSED  · signal     · TON-USD · brk ▼ 61 · 15m
09:02 KSA · CLOSED  · signal     · SENT-USD · sqzExp ▼ 60 · 1h
09:02 KSA · CLOSED  · signal     · PENGU-USD · brk ▼ 55 · 15m
09:02 KSA · CLOSED  · signal     · WLFI-USD · orb ▼ 60 · 15m
09:02 KSA · CLOSED  · signal     · ASTER-USD · orb ▼ 65 · 15m
09:02 KSA · CLOSED  · signal     · APT-USD · sqzExp ▼ 75 · 1h
09:04 KSA · CLOSED  · scanner    · بدء المسح · 1153 رمزاً · الجلسة CLOSED
09:04 KSA · CLOSED  · signal     · SUI-USD · orb ▲ 93 · 15m
09:04 KSA · CLOSED  · signal     · SENT-USD · orb ▲ 57 · 15m
09:07 KSA · CLOSED  · scanner    · بدء المسح · 1153 رمزاً · الجلسة CLOSED
09:07 KSA · CLOSED  · signal     · UNI-USD · vwapRec ▼ 100 · 15m
09:07 KSA · CLOSED  · signal     · PEPE-USD · orb ▼ 100 · 15m
09:07 KSA · CLOSED  · signal     · PEPE-USD · vwapRec ▼ 100 · 15m
09:07 KSA · CLOSED  · signal     · TAO-USD · orb ▼ 82 · 15m
09:07 KSA · CLOSED  · signal     · HOLO-USD · orb ▲ 82 · 15m
09:07 KSA · CLOSED  · signal     · SOMI-USD · meanRev ▼ 100 · 1d
09:08 KSA · CLOSED  · scanner    · بدء المسح · 1153 رمزاً · الجلسة CLOSED
09:10 KSA · CLOSED  · scanner    · بدء المسح · 1153 رمزاً · الجلسة CLOSED
09:10 KSA · CLOSED  · signal     · FIL-USD · vwapRec ▼ 100 · 15m
09:12 KSA · CLOSED  · scanner    · بدء المسح · 1153 رمزاً · الجلسة CLOSED
09:12 KSA · CLOSED  · signal     · CAKE-USD · orb ▼ 55 · 15m
09:12 KSA · CLOSED  · signal     · UNI-USD · orb ▼ 68 · 15m
09:12 KSA · CLOSED  · signal     · UNI-USD · brk ▼ 64 · 15m
09:12 KSA · CLOSED  · signal     · UNI-USD · pbTrend ▲ 57 · 1h
09:12 KSA · CLOSED  · signal     · U-USD · brk ▼ 59 · 15m
09:12 KSA · CLOSED  · signal     · PEPE-USD · meanRev ▼ 57 · 15m
09:12 KSA · CLOSED  · signal     · TAO-USD · brk ▼ 64 · 15m
09:12 KSA · CLOSED  · signal     · THE-USD · brk ▼ 68 · 15m
09:12 KSA · CLOSED  · signal     · TRUMP-USD · brk ▼ 61 · 15m
09:12 KSA · CLOSED  · signal     · TRUMP-USD · sqzExp ▼ 60 · 1h
09:12 KSA · CLOSED  · signal     · EUR-USD · orb ▼ 75 · 15m
09:12 KSA · CLOSED  · signal     · EUR-USD · brk ▼ 66 · 15m
09:12 KSA · CLOSED  · signal     · HOLO-USD · vwapRec ▼ 57 · 15m
09:12 KSA · CLOSED  · signal     · HOLO-USD · brk ▼ 80 · 15m
09:12 KSA · CLOSED  · signal     · BANK-USD · brk ▼ 70 · 15m
09:12 KSA · CLOSED  · signal     · BANK-USD · sqzExp ▼ 90 · 1h
09:12 KSA · CLOSED  · signal     · TON-USD · brk ▼ 61 · 15m
09:12 KSA · CLOSED  · signal     · SENT-USD · sqzExp ▼ 60 · 1h
09:12 KSA · CLOSED  · signal     · PENGU-USD · orb ▼ 78 · 15m
09:12 KSA · CLOSED  · signal     · PENGU-USD · brk ▼ 55 · 15m
09:12 KSA · CLOSED  · signal     · WLFI-USD · orb ▼ 60 · 15m
09:12 KSA · CLOSED  · signal     · APT-USD · sqzExp ▼ 75 · 1h
09:14 KSA · CLOSED  · scanner    · بدء المسح · 1153 رمزاً · الجلسة CLOSED
09:14 KSA · CLOSED  · signal     · MARSCOIN-USD · meanRev ▼ 100 · 15m
09:14 KSA · CLOSED  · signal     · SUI-USD · orb ▲ 83 · 15m
09:14 KSA · CLOSED  · signal     · U-USD · vwapRec ▲ 60 · 15m
09:14 KSA · CLOSED  · signal     · TRUMP-USD · vwapRec ▲ 70 · 15m
09:14 KSA · CLOSED  · signal     · HOLO-USD · orb ▲ 90 · 15m
09:14 KSA · CLOSED  · signal     · ASTER-USD · vwapRec ▲ 88 · 15m
09:16 KSA · CLOSED  · scanner    · بدء المسح · 1153 رمزاً · الجلسة CLOSED
09:16 KSA · CLOSED  · signal     · UNI-USD · orb ▼ 82 · 15m
09:16 KSA · CLOSED  · signal     · UNI-USD · pbTrend ▲ 57 · 1h
09:16 KSA · CLOSED  · signal     · PEPE-USD · orb ▼ 82 · 15m
09:16 KSA · CLOSED  · signal     · PEPE-USD · vwapRec ▼ 100 · 15m
09:18 KSA · CLOSED  · scanner    · بدء المسح · 1153 رمزاً · الجلسة CLOSED
09:18 KSA · CLOSED  · signal     · ARB-USD · vwapRec ▼ 100 · 15m
09:20 KSA · CLOSED  · scanner    · بدء المسح · 1153 رمزاً · الجلسة CLOSED
09:20 KSA · CLOSED  · signal     · SENT-USD · orb ▼ 82 · 15m
09:20 KSA · CLOSED  · signal     · SENT-USD · brk ▼ 69 · 15m
09:23 KSA · CLOSED  · scanner    · بدء المسح · 1153 رمزاً · الجلسة CLOSED
09:23 KSA · CLOSED  · signal     · GRAM-USD · rsiDiv ▲ 78 · 15m
09:23 KSA · CLOSED  · signal     · MTL-USD · rsiDiv ▼ 75 · 15m
09:23 KSA · CLOSED  · signal     · HEMI-USD · sqzExp ▲ 55 · 1h
09:23 KSA · CLOSED  · signal     · HEMI-USD · volSpike ▲ 67 · 15m
09:23 KSA · CLOSED  · signal     · UNI-USD · brk ▼ 73 · 15m
09:23 KSA · CLOSED  · signal     · PEPE-USD · meanRev ▼ 57 · 15m
09:23 KSA · CLOSED  · signal     · TAO-USD · brk ▼ 61 · 15m
09:23 KSA · CLOSED  · signal     · THE-USD · brk ▼ 75 · 15m
09:23 KSA · CLOSED  · signal     · TRUMP-USD · brk ▼ 55 · 15m
09:23 KSA · CLOSED  · signal     · TRUMP-USD · sqzExp ▼ 60 · 1h
09:23 KSA · CLOSED  · signal     · EUR-USD · orb ▼ 75 · 15m
09:23 KSA · CLOSED  · signal     · EUR-USD · brk ▼ 66 · 15m
09:23 KSA · CLOSED  · signal     · ARB-USD · brk ▼ 55 · 15m
09:23 KSA · CLOSED  · signal     · HOLO-USD · brk ▼ 68 · 15m
09:23 KSA · CLOSED  · signal     · BANK-USD · brk ▼ 61 · 15m
09:23 KSA · CLOSED  · signal     · BANK-USD · sqzExp ▼ 80 · 1h
09:23 KSA · CLOSED  · signal     · TON-USD · brk ▼ 61 · 15m
09:23 KSA · CLOSED  · signal     · SENT-USD · sqzExp ▼ 68 · 1h
09:23 KSA · CLOSED  · signal     · PENGU-USD · orb ▼ 70 · 15m
09:23 KSA · CLOSED  · signal     · PENGU-USD · brk ▼ 61 · 15m
09:23 KSA · CLOSED  · signal     · WLFI-USD · orb ▼ 60 · 15m
09:23 KSA · CLOSED  · signal     · ASTER-USD · orb ▼ 65 · 15m
09:23 KSA · CLOSED  · signal     · APT-USD · sqzExp ▼ 60 · 1h
09:25 KSA · CLOSED  · scanner    · بدء المسح · 1153 رمزاً · الجلسة CLOSED
09:25 KSA · CLOSED  · signal     · T-USD · orb ▲ 82 · 15m
09:25 KSA · CLOSED  · signal     · HOLO-USD · orb ▲ 85 · 15m
09:25 KSA · CLOSED  · signal     · BANK-USD · vwapRec ▲ 85 · 15m
09:26 KSA · CLOSED  · scanner    · بدء المسح · 1153 رمزاً · الجلسة CLOSED
09:49 KSA · CLOSED  · scanner    · بدء المسح · 1153 رمزاً · الجلسة CLOSED
09:49 KSA · CLOSED  · signal     · XAUT-USD · rsiDiv ▼ 69 · 15m
09:49 KSA · CLOSED  · signal     · HEMI-USD · vwapRec ▼ 85 · 15m
09:49 KSA · CLOSED  · signal     · UNI-USD · brk ▼ 66 · 15m
09:49 KSA · CLOSED  · signal     · UNI-USD · pbTrend ▲ 57 · 1h
09:49 KSA · CLOSED  · signal     · SUI-USD · orb ▼ 78 · 15m
09:49 KSA · CLOSED  · signal     · U-USD · brk ▼ 64 · 15m
09:49 KSA · CLOSED  · signal     · 牛来-USD · volSpike ▼ 86 · 15m
09:49 KSA · CLOSED  · signal     · TAO-USD · brk ▼ 64 · 15m
09:49 KSA · CLOSED  · signal     · THE-USD · brk ▼ 68 · 15m
09:49 KSA · CLOSED  · signal     · TRUMP-USD · brk ▼ 55 · 15m
09:49 KSA · CLOSED  · signal     · TRUMP-USD · sqzExp ▼ 60 · 1h
09:49 KSA · CLOSED  · signal     · EUR-USD · orb ▼ 68 · 15m
09:49 KSA · CLOSED  · signal     · EUR-USD · brk ▼ 64 · 15m
09:49 KSA · CLOSED  · signal     · ARB-USD · orb ▼ 57 · 15m
09:49 KSA · CLOSED  · signal     · ARB-USD · brk ▼ 57 · 15m
09:49 KSA · CLOSED  · signal     · HOLO-USD · brk ▼ 61 · 15m
09:49 KSA · CLOSED  · signal     · BANK-USD · brk ▼ 61 · 15m
09:49 KSA · CLOSED  · signal     · BANK-USD · sqzExp ▼ 80 · 1h
09:49 KSA · CLOSED  · signal     · TON-USD · brk ▼ 61 · 15m
09:49 KSA · CLOSED  · signal     · SENT-USD · sqzExp ▼ 73 · 1h
09:49 KSA · CLOSED  · signal     · PENGU-USD · orb ▼ 70 · 15m
09:49 KSA · CLOSED  · signal     · PENGU-USD · brk ▼ 55 · 15m
09:49 KSA · CLOSED  · signal     · WLFI-USD · orb ▼ 68 · 15m
09:49 KSA · CLOSED  · signal     · WLFI-USD · brk ▼ 55 · 15m
09:49 KSA · CLOSED  · signal     · APT-USD · sqzExp ▼ 60 · 1h
09:51 KSA · CLOSED  · scanner    · بدء المسح · 1153 رمزاً · الجلسة CLOSED
09:51 KSA · CLOSED  · signal     · BANK-USD · vwapRec ▲ 85 · 15m
09:51 KSA · CLOSED  · signal     · SYN-USD · brk ▲ 81 · 1d
09:52 KSA · CLOSED  · scanner    · بدء المسح · 1153 رمزاً · الجلسة CLOSED
09:52 KSA · CLOSED  · signal     · XPL-USD · brk ▲ 69 · 15m
09:52 KSA · CLOSED  · signal     · REZ-USD · orb ▼ 64 · 15m
09:52 KSA · CLOSED  · signal     · HOLO-USD · orb ▲ 100 · 15m
09:52 KSA · CLOSED  · signal     · BANK-USD · meanRev ▼ 100 · 15m
09:53 KSA · CLOSED  · scanner    · بدء المسح · 1153 رمزاً · الجلسة CLOSED
09:53 KSA · CLOSED  · signal     · UNI-USD · brk ▼ 66 · 15m
09:53 KSA · CLOSED  · signal     · SUI-USD · orb ▼ 78 · 15m
09:53 KSA · CLOSED  · signal     · U-USD · brk ▼ 64 · 15m
09:53 KSA · CLOSED  · signal     · TAO-USD · brk ▼ 64 · 15m
09:53 KSA · CLOSED  · signal     · THE-USD · brk ▼ 68 · 15m
09:53 KSA · CLOSED  · signal     · TRUMP-USD · brk ▼ 55 · 15m
09:53 KSA · CLOSED  · signal     · TRUMP-USD · sqzExp ▼ 60 · 1h
09:53 KSA · CLOSED  · signal     · EUR-USD · orb ▼ 68 · 15m
09:53 KSA · CLOSED  · signal     · EUR-USD · brk ▼ 64 · 15m
09:53 KSA · CLOSED  · signal     · ARB-USD · orb ▼ 57 · 15m
09:53 KSA · CLOSED  · signal     · ARB-USD · brk ▼ 57 · 15m
09:53 KSA · CLOSED  · signal     · HOLO-USD · brk ▼ 61 · 15m
09:53 KSA · CLOSED  · signal     · HOLO-USD · tfAlign ▼ 58 · 1d
09:53 KSA · CLOSED  · signal     · BANK-USD · orb ▼ 70 · 15m
09:53 KSA · CLOSED  · signal     · BANK-USD · brk ▼ 61 · 15m
09:53 KSA · CLOSED  · signal     · BANK-USD · sqzExp ▼ 80 · 1h
09:53 KSA · CLOSED  · signal     · TON-USD · brk ▼ 61 · 15m
09:53 KSA · CLOSED  · signal     · SENT-USD · sqzExp ▼ 73 · 1h
09:53 KSA · CLOSED  · signal     · PENGU-USD · orb ▼ 70 · 15m
09:53 KSA · CLOSED  · signal     · PENGU-USD · brk ▼ 55 · 15m
09:53 KSA · CLOSED  · signal     · WLFI-USD · orb ▼ 68 · 15m
09:53 KSA · CLOSED  · signal     · WLFI-USD · brk ▼ 55 · 15m
09:53 KSA · CLOSED  · signal     · APT-USD · sqzExp ▼ 60 · 1h
09:54 KSA · CLOSED  · scanner    · بدء المسح · 1153 رمزاً · الجلسة CLOSED
09:54 KSA · CLOSED  · signal     · DOT-USD · vwapRec ▼ 100 · 15m
09:54 KSA · CLOSED  · signal     · HOLO-USD · orb ▲ 75 · 15m
09:54 KSA · CLOSED  · signal     · BANK-USD · vwapRec ▲ 68 · 15m
09:56 KSA · CLOSED  · scanner    · بدء المسح · 1153 رمزاً · الجلسة CLOSED
09:56 KSA · CLOSED  · signal     · ZEC-USD · meanRev ▼ 100 · 15m
09:56 KSA · CLOSED  · signal     · NEAR-USD · orb ▲ 64 · 15m
09:56 KSA · CLOSED  · signal     · T-USD · brk ▲ 69 · 15m
09:56 KSA · CLOSED  · signal     · CVC-USD · orb ▼ 82 · 15m
09:56 KSA · CLOSED  · signal     · SUI-USD · vwapRec ▲ 100 · 15m
09:56 KSA · CLOSED  · signal     · TRUMP-USD · vwapRec ▲ 100 · 15m
09:58 KSA · CLOSED  · scanner    · بدء المسح · 1153 رمزاً · الجلسة CLOSED
09:58 KSA · CLOSED  · signal     · ASTER-USD · vwapRec ▲ 100 · 15m
10:00 KSA · CLOSED  · scanner    · بدء المسح · 1153 رمزاً · الجلسة CLOSED
10:00 KSA · CLOSED  · signal     · WLD-USD · orb ▲ 82 · 15m
10:00 KSA · CLOSED  · signal     · SUI-USD · orb ▲ 100 · 15m
10:02 KSA · CLOSED  · scanner    · بدء المسح · 1153 رمزاً · الجلسة CLOSED
10:02 KSA · CLOSED  · signal     · XLM-USD · orb ▲ 55 · 15m
10:02 KSA · CLOSED  · signal     · UNI-USD · brk ▼ 59 · 15m
10:02 KSA · CLOSED  · signal     · U-USD · brk ▼ 73 · 15m
10:02 KSA · CLOSED  · signal     · TAO-USD · brk ▼ 55 · 15m
10:02 KSA · CLOSED  · signal     · THE-USD · brk ▼ 75 · 15m
10:02 KSA · CLOSED  · signal     · TRUMP-USD · brk ▼ 64 · 15m
10:02 KSA · CLOSED  · signal     · TRUMP-USD · sqzExp ▼ 60 · 1h
10:02 KSA · CLOSED  · signal     · EUR-USD · orb ▼ 75 · 15m
10:02 KSA · CLOSED  · signal     · EUR-USD · brk ▼ 66 · 15m
10:02 KSA · CLOSED  · signal     · HOLO-USD · vwapRec ▼ 57 · 15m
10:02 KSA · CLOSED  · signal     · HOLO-USD · brk ▼ 64 · 15m
10:02 KSA · CLOSED  · signal     · BANK-USD · orb ▼ 70 · 15m
10:02 KSA · CLOSED  · signal     · BANK-USD · brk ▼ 55 · 15m
10:02 KSA · CLOSED  · signal     · BANK-USD · sqzExp ▼ 80 · 1h
10:02 KSA · CLOSED  · signal     · TON-USD · brk ▼ 61 · 15m
10:02 KSA · CLOSED  · signal     · SENT-USD · sqzExp ▼ 73 · 1h
10:02 KSA · CLOSED  · signal     · PENGU-USD · orb ▼ 78 · 15m
10:02 KSA · CLOSED  · signal     · PENGU-USD · brk ▼ 55 · 15m
10:02 KSA · CLOSED  · signal     · WLFI-USD · orb ▼ 68 · 15m
10:02 KSA · CLOSED  · signal     · ASTER-USD · orb ▼ 73 · 15m
10:02 KSA · CLOSED  · signal     · APT-USD · sqzExp ▼ 60 · 1h
10:04 KSA · CLOSED  · scanner    · بدء المسح · 1153 رمزاً · الجلسة CLOSED
10:04 KSA · CLOSED  · signal     · XPL-USD · orb ▲ 64 · 15m
10:04 KSA · CLOSED  · signal     · XPL-USD · pbTrend ▼ 57 · 1h
10:04 KSA · CLOSED  · signal     · SUI-USD · orb ▲ 85 · 15m
10:04 KSA · CLOSED  · signal     · TRUMP-USD · vwapRec ▲ 70 · 15m
10:04 KSA · CLOSED  · signal     · HOLO-USD · orb ▲ 100 · 15m
10:04 KSA · CLOSED  · signal     · BANK-USD · vwapRec ▲ 68 · 15m
10:07 KSA · CLOSED  · scanner    · بدء المسح · 1153 رمزاً · الجلسة CLOSED
10:07 KSA · CLOSED  · signal     · BANK-USD · orb ▼ 64 · 15m
10:08 KSA · CLOSED  · scanner    · بدء المسح · 1153 رمزاً · الجلسة CLOSED
10:10 KSA · CLOSED  · scanner    · بدء المسح · 1153 رمزاً · الجلسة CLOSED
10:10 KSA · CLOSED  · signal     · UNI-USD · orb ▼ 100 · 15m
10:10 KSA · CLOSED  · signal     · UNI-USD · pbTrend ▲ 57 · 1h
10:10 KSA · CLOSED  · signal     · PEPE-USD · orb ▼ 100 · 15m
10:10 KSA · CLOSED  · signal     · PEPE-USD · vwapRec ▼ 100 · 15m
10:10 KSA · CLOSED  · signal     · WLFI-USD · orb ▼ 100 · 15m
10:10 KSA · CLOSED  · signal     · KAITO-USD · brk ▼ 69 · 1d
10:12 KSA · CLOSED  · scanner    · بدء المسح · 1153 رمزاً · الجلسة CLOSED
10:12 KSA · CLOSED  · signal     · ETH-USD · meanRev ▲ 70 · 15m
10:12 KSA · CLOSED  · signal     · XRP-USD · vwapRec ▼ 70 · 15m
10:12 KSA · CLOSED  · signal     · FET-USD · orb ▼ 83 · 15m
10:12 KSA · CLOSED  · signal     · CVC-USD · vwapRec ▼ 68 · 15m
10:12 KSA · CLOSED  · signal     · UNI-USD · brk ▼ 59 · 15m
10:12 KSA · CLOSED  · signal     · U-USD · brk ▼ 73 · 15m
10:12 KSA · CLOSED  · signal     · TAO-USD · brk ▼ 55 · 15m
10:12 KSA · CLOSED  · signal     · THE-USD · brk ▼ 75 · 15m
10:12 KSA · CLOSED  · signal     · TRUMP-USD · brk ▼ 64 · 15m
10:12 KSA · CLOSED  · signal     · TRUMP-USD · sqzExp ▼ 60 · 1h
10:12 KSA · CLOSED  · signal     · EUR-USD · orb ▼ 75 · 15m
10:12 KSA · CLOSED  · signal     · EUR-USD · brk ▼ 66 · 15m
10:12 KSA · CLOSED  · signal     · HOLO-USD · brk ▼ 64 · 15m
10:12 KSA · CLOSED  · signal     · BANK-USD · brk ▼ 55 · 15m
10:12 KSA · CLOSED  · signal     · BANK-USD · sqzExp ▼ 80 · 1h
10:12 KSA · CLOSED  · signal     · TON-USD · brk ▼ 61 · 15m
10:12 KSA · CLOSED  · signal     · SENT-USD · sqzExp ▼ 73 · 1h
10:12 KSA · CLOSED  · signal     · PENGU-USD · orb ▼ 78 · 15m
10:12 KSA · CLOSED  · signal     · PENGU-USD · brk ▼ 55 · 15m
10:12 KSA · CLOSED  · signal     · PENGU-USD · tfAlign ▼ 79 · 1d
10:12 KSA · CLOSED  · signal     · APT-USD · sqzExp ▼ 60 · 1h
10:14 KSA · CLOSED  · scanner    · بدء المسح · 1153 رمزاً · الجلسة CLOSED
10:14 KSA · CLOSED  · signal     · SUI-USD · orb ▲ 75 · 15m
10:14 KSA · CLOSED  · signal     · SUI-USD · vwapRec ▲ 70 · 15m
10:14 KSA · CLOSED  · signal     · PEPE-USD · orb ▼ 65 · 15m
10:14 KSA · CLOSED  · signal     · PEPE-USD · vwapRec ▼ 60 · 15m
10:14 KSA · CLOSED  · signal     · HOLO-USD · orb ▲ 100 · 15m
10:16 KSA · CLOSED  · scanner    · بدء المسح · 1153 رمزاً · الجلسة CLOSED
10:18 KSA · CLOSED  · scanner    · بدء المسح · 1153 رمزاً · الجلسة CLOSED
10:18 KSA · CLOSED  · signal     · BANK-USD · vwapRec ▲ 100 · 15m
10:20 KSA · CLOSED  · scanner    · بدء المسح · 1153 رمزاً · الجلسة CLOSED
10:20 KSA · CLOSED  · signal     · DOGE-USD · orb ▼ 82 · 15m
10:20 KSA · CLOSED  · signal     · PENDLE-USD · brk ▼ 100 · 15m
10:20 KSA · CLOSED  · signal     · TAO-USD · meanRev ▲ 100 · 15m
10:23 KSA · CLOSED  · scanner    · بدء المسح · 1153 رمزاً · الجلسة CLOSED
10:23 KSA · CLOSED  · signal     · ADA-USD · vwapRec ▼ 85 · 15m
10:23 KSA · CLOSED  · signal     · ADA-USD · volSpike ▼ 89 · 15m
10:23 KSA · CLOSED  · signal     · ONDO-USD · orb ▼ 80 · 15m
10:23 KSA · CLOSED  · signal     · PENDLE-USD · volSpike ▼ 78 · 15m
10:23 KSA · CLOSED  · signal     · IOTA-USD · volSpike ▼ 89 · 15m
10:23 KSA · CLOSED  · signal     · SOXLB-USD · sqzExp ▲ 68 · 1h
10:23 KSA · CLOSED  · signal     · UNI-USD · brk ▼ 64 · 15m
10:23 KSA · CLOSED  · signal     · U-USD · brk ▼ 55 · 15m
10:23 KSA · CLOSED  · signal     · PEPE-USD · brk ▲ 55 · 15m
10:23 KSA · CLOSED  · signal     · TAO-USD · brk ▼ 86 · 15m
10:23 KSA · CLOSED  · signal     · TAO-USD · volSpike ▼ 89 · 15m
10:23 KSA · CLOSED  · signal     · THE-USD · brk ▼ 82 · 15m
10:23 KSA · CLOSED  · signal     · THE-USD · sqzExp ▼ 68 · 1h
10:23 KSA · CLOSED  · signal     · THE-USD · volSpike ▼ 100 · 15m
10:23 KSA · CLOSED  · signal     · THE-USD · momo ▼ 67 · 1h
10:23 KSA · CLOSED  · signal     · TRUMP-USD · brk ▼ 77 · 15m
10:23 KSA · CLOSED  · signal     · TRUMP-USD · sqzExp ▼ 60 · 1h
10:23 KSA · CLOSED  · signal     · EUR-USD · orb ▼ 75 · 15m
10:23 KSA · CLOSED  · signal     · EUR-USD · brk ▼ 66 · 15m
10:23 KSA · CLOSED  · signal     · EUR-USD · sqzExp ▼ 65 · 1h
10:23 KSA · CLOSED  · signal     · ARB-USD · orb ▼ 57 · 15m
10:23 KSA · CLOSED  · signal     · ARB-USD · rsiDiv ▼ 72 · 1h
10:23 KSA · CLOSED  · signal     · HOLO-USD · brk ▼ 61 · 15m
10:23 KSA · CLOSED  · signal     · HOLO-USD · tfAlign ▼ 84 · 1d
10:23 KSA · CLOSED  · signal     · BANK-USD · brk ▼ 68 · 15m
10:23 KSA · CLOSED  · signal     · TON-USD · brk ▼ 61 · 15m
10:23 KSA · CLOSED  · signal     · SENT-USD · sqzExp ▼ 65 · 1h
10:23 KSA · CLOSED  · signal     · PENGU-USD · orb ▼ 85 · 15m
10:23 KSA · CLOSED  · signal     · PENGU-USD · brk ▼ 86 · 15m
10:23 KSA · CLOSED  · signal     · WLFI-USD · brk ▼ 64 · 15m
10:23 KSA · CLOSED  · signal     · ASTER-USD · volSpike ▼ 72 · 15m
10:23 KSA · CLOSED  · signal     · ASTER-USD · momo ▼ 64 · 1h
10:23 KSA · CLOSED  · signal     · APT-USD · momo ▼ 72 · 1h
10:24 KSA · CLOSED  · scanner    · بدء المسح · 1153 رمزاً · الجلسة CLOSED
10:24 KSA · CLOSED  · signal     · DOT-USD · vwapRec ▲ 100 · 15m
10:24 KSA · CLOSED  · signal     · SUI-USD · vwapRec ▲ 85 · 15m
10:24 KSA · CLOSED  · signal     · PEPE-USD · orb ▼ 80 · 15m
10:24 KSA · CLOSED  · signal     · PEPE-USD · vwapRec ▼ 68 · 15m
10:24 KSA · CLOSED  · signal     · BANK-USD · vwapRec ▲ 60 · 15m
10:26 KSA · CLOSED  · scanner    · بدء المسح · 1153 رمزاً · الجلسة CLOSED
10:26 KSA · CLOSED  · signal     · BANK-USD · orb ▼ 64 · 15m
10:28 KSA · CLOSED  · scanner    · بدء المسح · 1153 رمزاً · الجلسة CLOSED
10:28 KSA · CLOSED  · signal     · MTL-USD · vwapRec ▼ 100 · 15m
10:28 KSA · CLOSED  · signal     · TAO-USD · meanRev ▲ 100 · 15m
10:28 KSA · CLOSED  · signal     · HOLO-USD · vwapRec ▼ 100 · 15m
10:30 KSA · CLOSED  · scanner    · بدء المسح · 1153 رمزاً · الجلسة CLOSED
10:32 KSA · CLOSED  · scanner    · بدء المسح · 1153 رمزاً · الجلسة CLOSED
10:32 KSA · CLOSED  · signal     · AAVE-USD · brk ▼ 80 · 15m
10:32 KSA · CLOSED  · signal     · UNI-USD · brk ▼ 64 · 15m
10:32 KSA · CLOSED  · signal     · SUI-USD · orb ▼ 85 · 15m
10:32 KSA · CLOSED  · signal     · U-USD · brk ▼ 59 · 15m
10:32 KSA · CLOSED  · signal     · PEPE-USD · brk ▲ 61 · 15m
10:32 KSA · CLOSED  · signal     · TAO-USD · brk ▼ 86 · 15m
10:32 KSA · CLOSED  · signal     · THE-USD · brk ▼ 68 · 15m
10:32 KSA · CLOSED  · signal     · THE-USD · sqzExp ▼ 68 · 1h
10:32 KSA · CLOSED  · signal     · THE-USD · volSpike ▲ 56 · 15m
10:32 KSA · CLOSED  · signal     · TRUMP-USD · brk ▼ 80 · 15m
10:32 KSA · CLOSED  · signal     · TRUMP-USD · sqzExp ▼ 60 · 1h
10:32 KSA · CLOSED  · signal     · EUR-USD · orb ▼ 75 · 15m
10:32 KSA · CLOSED  · signal     · EUR-USD · brk ▼ 66 · 15m
10:32 KSA · CLOSED  · signal     · EUR-USD · sqzExp ▼ 65 · 1h
10:32 KSA · CLOSED  · signal     · ARB-USD · orb ▼ 57 · 15m
10:32 KSA · CLOSED  · signal     · HOLO-USD · orb ▼ 85 · 15m
10:32 KSA · CLOSED  · signal     · HOLO-USD · brk ▼ 80 · 15m
10:32 KSA · CLOSED  · signal     · BANK-USD · brk ▼ 70 · 15m
10:32 KSA · CLOSED  · signal     · TON-USD · brk ▼ 61 · 15m
10:32 KSA · CLOSED  · signal     · SENT-USD · sqzExp ▼ 65 · 1h
10:32 KSA · CLOSED  · signal     · PENGU-USD · orb ▼ 78 · 15m
10:32 KSA · CLOSED  · signal     · PENGU-USD · brk ▼ 77 · 15m
10:34 KSA · CLOSED  · scanner    · بدء المسح · 1153 رمزاً · الجلسة CLOSED
10:34 KSA · CLOSED  · signal     · VTHO-USD · orb ▼ 82 · 15m
10:34 KSA · CLOSED  · signal     · VTHO-USD · meanRev ▲ 100 · 15m
10:34 KSA · CLOSED  · signal     · PEPE-USD · orb ▼ 80 · 15m
10:34 KSA · CLOSED  · signal     · PEPE-USD · vwapRec ▼ 68 · 15m
10:34 KSA · CLOSED  · signal     · ARB-USD · vwapRec ▲ 60 · 15m
10:37 KSA · CLOSED  · scanner    · بدء المسح · 1153 رمزاً · الجلسة CLOSED
10:37 KSA · CLOSED  · signal     · BNB-USD · orb ▼ 82 · 15m
10:37 KSA · CLOSED  · signal     · T-USD · pbTrend ▲ 57 · 1h
10:37 KSA · CLOSED  · signal     · EUR-USD · sqzExp ▲ 100 · 1h
10:38 KSA · CLOSED  · scanner    · بدء المسح · 1153 رمزاً · الجلسة CLOSED
10:40 KSA · CLOSED  · scanner    · بدء المسح · 1153 رمزاً · الجلسة CLOSED
10:40 KSA · CLOSED  · signal     · XPL-USD · orb ▼ 64 · 15m
10:42 KSA · CLOSED  · scanner    · بدء المسح · 1153 رمزاً · الجلسة CLOSED
10:42 KSA · CLOSED  · signal     · MARSCOIN-USD · momo ▲ 100 · 1h
10:42 KSA · CLOSED  · signal     · UNI-USD · brk ▼ 64 · 15m
10:42 KSA · CLOSED  · signal     · SUI-USD · orb ▼ 85 · 15m
10:42 KSA · CLOSED  · signal     · U-USD · brk ▼ 59 · 15m
10:42 KSA · CLOSED  · signal     · PEPE-USD · brk ▲ 61 · 15m
10:42 KSA · CLOSED  · signal     · TAO-USD · brk ▼ 86 · 15m
10:42 KSA · CLOSED  · signal     · THE-USD · brk ▼ 68 · 15m
10:42 KSA · CLOSED  · signal     · THE-USD · sqzExp ▼ 68 · 1h
10:42 KSA · CLOSED  · signal     · TRUMP-USD · brk ▼ 80 · 15m
10:42 KSA · CLOSED  · signal     · TRUMP-USD · sqzExp ▼ 60 · 1h
10:42 KSA · CLOSED  · signal     · EUR-USD · orb ▼ 75 · 15m
10:42 KSA · CLOSED  · signal     · EUR-USD · brk ▼ 66 · 15m
10:42 KSA · CLOSED  · signal     · ARB-USD · orb ▼ 57 · 15m
10:42 KSA · CLOSED  · signal     · HOLO-USD · orb ▼ 85 · 15m
10:42 KSA · CLOSED  · signal     · HOLO-USD · brk ▼ 80 · 15m
10:42 KSA · CLOSED  · signal     · BANK-USD · brk ▼ 70 · 15m
10:42 KSA · CLOSED  · signal     · BANK-USD · tfAlign ▼ 63 · 1d
10:42 KSA · CLOSED  · signal     · TON-USD · brk ▼ 61 · 15m
10:42 KSA · CLOSED  · signal     · SENT-USD · sqzExp ▼ 65 · 1h
10:42 KSA · CLOSED  · signal     · PENGU-USD · orb ▼ 78 · 15m
10:42 KSA · CLOSED  · signal     · PENGU-USD · brk ▼ 77 · 15m
10:42 KSA · CLOSED  · signal     · WLFI-USD · orb ▼ 60 · 15m
10:44 KSA · CLOSED  · scanner    · بدء المسح · 1153 رمزاً · الجلسة CLOSED
10:44 KSA · CLOSED  · signal     · ADA-USD · orb ▼ 64 · 15m
10:44 KSA · CLOSED  · signal     · PEPE-USD · orb ▼ 80 · 15m
10:44 KSA · CLOSED  · signal     · PEPE-USD · vwapRec ▼ 68 · 15m
10:44 KSA · CLOSED  · signal     · EUR-USD · pbTrend ▼ 57 · 1h
10:44 KSA · CLOSED  · signal     · ARB-USD · vwapRec ▲ 60 · 15m
10:46 KSA · CLOSED  · scanner    · بدء المسح · 1153 رمزاً · الجلسة CLOSED
10:46 KSA · CLOSED  · signal     · IOTA-USD · meanRev ▲ 100 · 15m
10:46 KSA · CLOSED  · signal     · EUR-USD · brk ▲ 100 · 15m
10:46 KSA · CLOSED  · signal     · PENGU-USD · vwapRec ▼ 100 · 15m
10:48 KSA · CLOSED  · scanner    · بدء المسح · 1153 رمزاً · الجلسة CLOSED
10:48 KSA · CLOSED  · signal     · ARB-USD · orb ▲ 64 · 15m
10:48 KSA · CLOSED  · signal     · RLC-USD · meanRev ▲ 100 · 1d
10:50 KSA · CLOSED  · scanner    · بدء المسح · 1153 رمزاً · الجلسة CLOSED
10:52 KSA · CLOSED  · scanner    · بدء المسح · 1153 رمزاً · الجلسة CLOSED
10:52 KSA · CLOSED  · signal     · LINK-USD · brk ▼ 75 · 15m
10:52 KSA · CLOSED  · signal     · CAKE-USD · volSpike ▼ 89 · 15m
10:52 KSA · CLOSED  · signal     · UNI-USD · brk ▼ 64 · 15m
10:52 KSA · CLOSED  · signal     · SUI-USD · orb ▼ 85 · 15m
10:52 KSA · CLOSED  · signal     · TAO-USD · brk ▼ 77 · 15m
10:52 KSA · CLOSED  · signal     · THE-USD · brk ▼ 75 · 15m
10:52 KSA · CLOSED  · signal     · THE-USD · sqzExp ▼ 68 · 1h
10:52 KSA · CLOSED  · signal     · TRUMP-USD · brk ▼ 61 · 15m
10:52 KSA · CLOSED  · signal     · TRUMP-USD · sqzExp ▼ 60 · 1h
10:52 KSA · CLOSED  · signal     · EUR-USD · orb ▼ 75 · 15m
10:52 KSA · CLOSED  · signal     · EUR-USD · sqzExp ▼ 65 · 1h
10:52 KSA · CLOSED  · signal     · HOLO-USD · orb ▼ 85 · 15m
10:52 KSA · CLOSED  · signal     · HOLO-USD · vwapRec ▼ 57 · 15m
10:52 KSA · CLOSED  · signal     · HOLO-USD · brk ▼ 73 · 15m
10:52 KSA · CLOSED  · signal     · BANK-USD · vwapRec ▼ 57 · 15m
10:52 KSA · CLOSED  · signal     · BANK-USD · brk ▼ 86 · 15m
10:52 KSA · CLOSED  · signal     · TON-USD · brk ▼ 61 · 15m
10:52 KSA · CLOSED  · signal     · SENT-USD · sqzExp ▼ 65 · 1h
10:52 KSA · CLOSED  · signal     · PENGU-USD · brk ▼ 68 · 15m
10:54 KSA · CLOSED  · scanner    · بدء المسح · 1153 رمزاً · الجلسة CLOSED
10:54 KSA · CLOSED  · signal     · IOTA-USD · orb ▼ 100 · 15m
10:54 KSA · CLOSED  · signal     · U-USD · brk ▲ 55 · 15m
10:54 KSA · CLOSED  · signal     · PEPE-USD · orb ▼ 65 · 15m
10:54 KSA · CLOSED  · signal     · ARB-USD · orb ▲ 55 · 15m
10:56 KSA · CLOSED  · scanner    · بدء المسح · 1153 رمزاً · الجلسة CLOSED
10:56 KSA · CLOSED  · signal     · HOLO-USD · vwapRec ▼ 79 · 15m
10:58 KSA · CLOSED  · scanner    · بدء المسح · 1153 رمزاً · الجلسة CLOSED
11:00 KSA · PRE     · scanner    · بدء المسح · 1153 رمزاً · الجلسة PRE
11:00 KSA · PRE     · signal     · AMAT · brk ▲ 100 · 15m · جلسة ممتدة
11:00 KSA · PRE     · signal     · STX · meanRev ▼ 67 · 15m · جلسة ممتدة
11:00 KSA · PRE     · signal     · VRTX · brk ▲ 81 · 15m · جلسة ممتدة
11:00 KSA · PRE     · signal     · ADBE · brk ▼ 100 · 15m · جلسة ممتدة
11:00 KSA · PRE     · signal     · INTU · pbTrend ▼ 57 · 1h · جلسة ممتدة
11:00 KSA · PRE     · signal     · CIEN · pbTrend ▼ 57 · 1h · جلسة ممتدة
11:00 KSA · PRE     · signal     · ADSK · brk ▼ 100 · 15m · جلسة ممتدة
11:02 KSA · PRE     · scanner    · بدء المسح · 1153 رمزاً · الجلسة PRE
11:02 KSA · PRE     · signal     · INTC · pbTrend ▲ 64 · 1h · جلسة ممتدة
11:02 KSA · PRE     · signal     · ETH-USD · orb ▼ 95 · 15m
11:02 KSA · PRE     · signal     · NEAR-USD · orb ▼ 65 · 15m
11:02 KSA · PRE     · signal     · ONDO-USD · meanRev ▲ 70 · 15m
11:02 KSA · PRE     · signal     · WLD-USD · vwapRec ▼ 70 · 15m
11:02 KSA · PRE     · signal     · SNDKB-USD · volSpike ▲ 78 · 15m
11:02 KSA · PRE     · signal     · SUI-USD · orb ▼ 78 · 15m
11:02 KSA · PRE     · signal     · U-USD · orb ▼ 65 · 15m
11:02 KSA · PRE     · signal     · 牛来-USD · momo ▼ 77 · 1h
11:02 KSA · PRE     · signal     · TAO-USD · brk ▼ 73 · 15m
11:02 KSA · PRE     · signal     · THE-USD · brk ▼ 82 · 15m
11:02 KSA · PRE     · signal     · THE-USD · sqzExp ▼ 68 · 1h
11:02 KSA · PRE     · signal     · THE-USD · volSpike ▼ 100 · 15m
11:02 KSA · PRE     · signal     · TRUMP-USD · brk ▼ 68 · 15m
11:02 KSA · PRE     · signal     · TRUMP-USD · sqzExp ▼ 60 · 1h
11:02 KSA · PRE     · signal     · EUR-USD · orb ▼ 75 · 15m
11:02 KSA · PRE     · signal     · EUR-USD · brk ▼ 80 · 15m
11:02 KSA · PRE     · signal     · EUR-USD · sqzExp ▼ 65 · 1h
11:02 KSA · PRE     · signal     · HOLO-USD · orb ▼ 85 · 15m
11:02 KSA · PRE     · signal     · HOLO-USD · brk ▼ 86 · 15m
11:02 KSA · PRE     · signal     · HOLO-USD · volSpike ▼ 67 · 15m
11:02 KSA · PRE     · signal     · BANK-USD · brk ▼ 68 · 15m
11:02 KSA · PRE     · signal     · TON-USD · brk ▼ 61 · 15m
11:02 KSA · PRE     · signal     · SENT-USD · sqzExp ▼ 65 · 1h
11:02 KSA · PRE     · signal     · PENGU-USD · brk ▼ 68 · 15m
11:02 KSA · PRE     · signal     · WLFI-USD · orb ▼ 60 · 15m
11:02 KSA · PRE     · signal     · ASTER-USD · tfAlign ▼ 61 · 1d
11:04 KSA · PRE     · scanner    · بدء المسح · 1153 رمزاً · الجلسة PRE
11:04 KSA · PRE     · signal     · MSFT · brk ▼ 100 · 15m · جلسة ممتدة
11:04 KSA · PRE     · signal     · MSFT · meanRev ▲ 100 · 15m · جلسة ممتدة
11:04 KSA · PRE     · signal     · INTC · brk ▲ 63 · 15m · جلسة ممتدة
11:04 KSA · PRE     · signal     · DELL · meanRev ▼ 100 · 15m · جلسة ممتدة
11:04 KSA · PRE     · signal     · AMAT · brk ▲ 81 · 15m · جلسة ممتدة
11:04 KSA · PRE     · signal     · NFLX · meanRev ▲ 100 · 15m · جلسة ممتدة
11:04 KSA · PRE     · signal     · WFC · meanRev ▼ 100 · 15m · جلسة ممتدة
11:04 KSA · PRE     · signal     · TXN · pbTrend ▼ 57 · 1h · جلسة ممتدة
11:04 KSA · PRE     · signal     · KLAC · brk ▲ 63 · 15m · جلسة ممتدة
11:04 KSA · PRE     · signal     · WDC · meanRev ▼ 100 · 15m · جلسة ممتدة
11:04 KSA · PRE     · signal     · NOW · brk ▼ 100 · 15m · جلسة ممتدة
11:04 KSA · PRE     · signal     · VRTX · brk ▼ 100 · 15m · جلسة ممتدة
11:04 KSA · PRE     · signal     · GLW · brk ▲ 69 · 15m · جلسة ممتدة
11:04 KSA · PRE     · signal     · INTU · brk ▼ 81 · 15m · جلسة ممتدة
11:04 KSA · PRE     · signal     · LITE · brk ▲ 100 · 15m · جلسة ممتدة
11:04 KSA · PRE     · signal     · TER · brk ▲ 100 · 15m · جلسة ممتدة
11:04 KSA · PRE     · signal     · LINK-USD · sqzExp ▼ 100 · 1h
11:04 KSA · PRE     · signal     · XLM-USD · orb ▼ 100 · 15m
11:04 KSA · PRE     · signal     · BCH-USD · meanRev ▲ 100 · 15m
11:04 KSA · PRE     · signal     · AVAX-USD · orb ▼ 64 · 15m
11:04 KSA · PRE     · signal     · ICP-USD · vwapRec ▼ 100 · 15m
11:04 KSA · PRE     · signal     · WLD-USD · orb ▼ 100 · 15m
11:04 KSA · PRE     · signal     · IOTA-USD · brk ▼ 100 · 15m
11:04 KSA · PRE     · signal     · MSTRB-USD · meanRev ▲ 100 · 15m
11:04 KSA · PRE     · signal     · U-USD · brk ▲ 80 · 15m
11:04 KSA · PRE     · signal     · PEPE-USD · orb ▼ 65 · 15m
11:04 KSA · PRE     · signal     · PEPE-USD · meanRev ▲ 70 · 15m
11:04 KSA · PRE     · signal     · 1000SATS-USD · brk ▼ 69 · 1d
11:04 KSA · PRE     · signal     · 1000SATS-USD · meanRev ▲ 100 · 1d
11:07 KSA · PRE     · scanner    · بدء المسح · 1153 رمزاً · الجلسة PRE
11:07 KSA · PRE     · signal     · BNB-USD · brk ▼ 100 · 15m
11:07 KSA · PRE     · signal     · ENA-USD · orb ▼ 100 · 15m
11:07 KSA · PRE     · signal     · SPCXB-USD · vwapRec ▼ 100 · 15m
11:07 KSA · PRE     · signal     · MSTRB-USD · orb ▼ 100 · 15m
11:07 KSA · PRE     · signal     · TAO-USD · brk ▼ 100 · 15m
11:07 KSA · PRE     · signal     · TAO-USD · meanRev ▲ 100 · 15m
11:07 KSA · PRE     · signal     · WLFI-USD · orb ▼ 100 · 15m
11:07 KSA · PRE     · signal     · IO-USD · meanRev ▲ 100 · 1d
11:10 KSA · PRE     · scanner    · بدء المسح · 1153 رمزاً · الجلسة PRE
11:10 KSA · PRE     · signal     · ACM-USD · meanRev ▲ 100 · 1d
11:12 KSA · PRE     · scanner    · بدء المسح · 1153 رمزاً · الجلسة PRE
11:12 KSA · PRE     · signal     · BTC-USD · orb ▼ 95 · 15m
11:12 KSA · PRE     · signal     · SMCI · brk ▼ 100 · 15m · جلسة ممتدة
11:12 KSA · PRE     · signal     · ETHFI-USD · brk ▼ 57 · 15m
11:12 KSA · PRE     · signal     · U-USD · orb ▼ 65 · 15m
11:12 KSA · PRE     · signal     · THE-USD · brk ▼ 82 · 15m
11:12 KSA · PRE     · signal     · THE-USD · sqzExp ▼ 68 · 1h
11:12 KSA · PRE     · signal     · TRUMP-USD · brk ▼ 68 · 15m
11:12 KSA · PRE     · signal     · TRUMP-USD · sqzExp ▼ 60 · 1h
11:12 KSA · PRE     · signal     · EUR-USD · orb ▼ 75 · 15m
11:12 KSA · PRE     · signal     · EUR-USD · brk ▼ 80 · 15m
11:12 KSA · PRE     · signal     · EUR-USD · sqzExp ▼ 65 · 1h
11:12 KSA · PRE     · signal     · HOLO-USD · orb ▼ 85 · 15m
11:12 KSA · PRE     · signal     · HOLO-USD · brk ▼ 86 · 15m
11:12 KSA · PRE     · signal     · BANK-USD · brk ▼ 68 · 15m
11:12 KSA · PRE     · signal     · TON-USD · brk ▼ 61 · 15m
11:12 KSA · PRE     · signal     · SENT-USD · sqzExp ▼ 65 · 1h
11:12 KSA · PRE     · signal     · PENGU-USD · brk ▼ 68 · 15m
11:14 KSA · PRE     · scanner    · بدء المسح · 1153 رمزاً · الجلسة PRE
11:14 KSA · PRE     · signal     · INTC · brk ▲ 63 · 15m · جلسة ممتدة
11:14 KSA · PRE     · signal     · AMAT · brk ▲ 100 · 15m · جلسة ممتدة
11:14 KSA · PRE     · signal     · ANET · meanRev ▼ 100 · 15m · جلسة ممتدة
11:14 KSA · PRE     · signal     · KLAC · brk ▲ 81 · 15m · جلسة ممتدة
11:14 KSA · PRE     · signal     · APH · brk ▲ 63 · 15m · جلسة ممتدة
11:14 KSA · PRE     · signal     · NOW · brk ▼ 100 · 15m · جلسة ممتدة
11:14 KSA · PRE     · signal     · VRTX · brk ▼ 100 · 15m · جلسة ممتدة
11:14 KSA · PRE     · signal     · VRTX · meanRev ▲ 100 · 15m · جلسة ممتدة
11:14 KSA · PRE     · signal     · INTU · brk ▼ 81 · 15m · جلسة ممتدة
11:14 KSA · PRE     · signal     · LITE · brk ▲ 69 · 15m · جلسة ممتدة
11:14 KSA · PRE     · signal     · TER · brk ▲ 100 · 15m · جلسة ممتدة
11:14 KSA · PRE     · signal     · IOTA-USD · meanRev ▲ 100 · 15m
11:14 KSA · PRE     · signal     · PEPE-USD · orb ▼ 65 · 15m
11:14 KSA · PRE     · signal     · PEPE-USD · meanRev ▲ 70 · 15m
11:14 KSA · PRE     · signal     · ARB-USD · orb ▲ 65 · 15m
11:14 KSA · PRE     · signal     · RLC-USD · brk ▼ 69 · 1d
11:16 KSA · PRE     · scanner    · بدء المسح · 1153 رمزاً · الجلسة PRE
11:16 KSA · PRE     · signal     · GEV · meanRev ▼ 100 · 15m · جلسة ممتدة
11:16 KSA · PRE     · signal     · U-USD · brk ▲ 100 · 15m
11:16 KSA · PRE     · signal     · THE-USD · brk ▼ 100 · 15m
11:16 KSA · PRE     · signal     · THE-USD · meanRev ▲ 100 · 15m
11:16 KSA · PRE     · signal     · SXT-USD · meanRev ▲ 100 · 1d
11:18 KSA · PRE     · scanner    · بدء المسح · 1153 رمزاً · الجلسة PRE
11:18 KSA · PRE     · signal     · CAT · brk ▲ 69 · 15m · جلسة ممتدة
11:18 KSA · PRE     · signal     · CRM · pbTrend ▲ 100 · 1h · جلسة ممتدة
11:18 KSA · PRE     · signal     · SWKS · meanRev ▼ 67 · 15m · جلسة ممتدة
11:18 KSA · PRE     · signal     · HBAR-USD · orb ▼ 64 · 15m
11:18 KSA · PRE     · signal     · SUI-USD · orb ▼ 82 · 15m
11:18 KSA · PRE     · signal     · JBHT · brk ▼ 69 · 1d · جلسة ممتدة
11:20 KSA · PRE     · scanner    · بدء المسح · 1153 رمزاً · الجلسة PRE
11:20 KSA · PRE     · signal     · GILD · brk ▲ 63 · 15m · جلسة ممتدة
11:20 KSA · PRE     · signal     · GILD · sqzExp ▲ 100 · 1h · جلسة ممتدة
11:20 KSA · PRE     · signal     · UNP · brk ▲ 81 · 15m · جلسة ممتدة
11:20 KSA · PRE     · signal     · SOL-USD · orb ▼ 82 · 15m
11:20 KSA · PRE     · signal     · PEOPLE-USD · meanRev ▲ 100 · 1d
11:23 KSA · PRE     · scanner    · بدء المسح · 1153 رمزاً · الجلسة PRE
11:23 KSA · PRE     · signal     · BTC-USD · brk ▼ 100 · 15m
11:23 KSA · PRE     · signal     · ISRG · volSpike ▲ 78 · 15m · جلسة ممتدة
11:23 KSA · PRE     · signal     · GLW · volSpike ▼ 67 · 15m · جلسة ممتدة
11:23 KSA · PRE     · signal     · BNB-USD · momo ▼ 67 · 1h
11:23 KSA · PRE     · signal     · INTU · volSpike ▼ 100 · 15m · جلسة ممتدة
11:23 KSA · PRE     · signal     · SMCI · brk ▼ 100 · 15m · جلسة ممتدة
11:23 KSA · PRE     · signal     · HBAR-USD · tfAlign ▼ 89 · 1d
11:23 KSA · PRE     · signal     · AVAX-USD · momo ▼ 83 · 1h
11:23 KSA · PRE     · signal     · MUB-USD · volSpike ▼ 100 · 15m
11:23 KSA · PRE     · signal     · PEPE-USD · brk ▲ 61 · 15m
11:23 KSA · PRE     · signal     · TAO-USD · volSpike ▼ 72 · 15m
11:23 KSA · PRE     · signal     · THE-USD · sqzExp ▼ 78 · 1h
11:23 KSA · PRE     · signal     · TRUMP-USD · brk ▼ 73 · 15m
11:23 KSA · PRE     · signal     · EUR-USD · orb ▼ 68 · 15m
11:23 KSA · PRE     · signal     · EUR-USD · brk ▼ 55 · 15m
11:23 KSA · PRE     · signal     · EUR-USD · sqzExp ▼ 65 · 1h
11:23 KSA · PRE     · signal     · ARB-USD · brk ▼ 59 · 15m
11:23 KSA · PRE     · signal     · HOLO-USD · orb ▼ 85 · 15m
11:23 KSA · PRE     · signal     · HOLO-USD · brk ▼ 86 · 15m
11:23 KSA · PRE     · signal     · BANK-USD · vwapRec ▼ 57 · 15m
11:23 KSA · PRE     · signal     · BANK-USD · brk ▼ 73 · 15m
11:23 KSA · PRE     · signal     · TON-USD · brk ▼ 61 · 15m
11:23 KSA · PRE     · signal     · SENT-USD · sqzExp ▼ 57 · 1h
11:23 KSA · PRE     · signal     · PENGU-USD · brk ▼ 86 · 15m
11:23 KSA · PRE     · signal     · WLFI-USD · orb ▼ 75 · 15m
11:23 KSA · PRE     · signal     · WLFI-USD · brk ▼ 64 · 15m
11:23 KSA · PRE     · signal     · WLFI-USD · volSpike ▼ 78 · 15m
11:24 KSA · PRE     · scanner    · بدء المسح · 1153 رمزاً · الجلسة PRE
11:24 KSA · PRE     · signal     · INTC · brk ▲ 63 · 15m · جلسة ممتدة
11:24 KSA · PRE     · signal     · CAT · brk ▲ 69 · 15m · جلسة ممتدة
11:24 KSA · PRE     · signal     · AMAT · brk ▲ 100 · 15m · جلسة ممتدة
11:24 KSA · PRE     · signal     · KLAC · brk ▲ 81 · 15m · جلسة ممتدة
11:24 KSA · PRE     · signal     · UNP · brk ▲ 81 · 15m · جلسة ممتدة
11:24 KSA · PRE     · signal     · NOW · brk ▼ 100 · 15m · جلسة ممتدة
11:24 KSA · PRE     · signal     · VRTX · brk ▼ 100 · 15m · جلسة ممتدة
11:24 KSA · PRE     · signal     · BKNG · meanRev ▼ 67 · 15m · جلسة ممتدة
11:24 KSA · PRE     · signal     · GLW · brk ▲ 69 · 15m · جلسة ممتدة
11:24 KSA · PRE     · signal     · INTU · brk ▼ 81 · 15m · جلسة ممتدة
11:24 KSA · PRE     · signal     · LITE · brk ▲ 69 · 15m · جلسة ممتدة
11:24 KSA · PRE     · signal     · TER · brk ▲ 100 · 15m · جلسة ممتدة
11:24 KSA · PRE     · signal     · U-USD · vwapRec ▲ 60 · 15m
11:24 KSA · PRE     · signal     · PEPE-USD · orb ▼ 73 · 15m
11:24 KSA · PRE     · signal     · ARB-USD · orb ▲ 70 · 15m
11:24 KSA · PRE     · signal     · BAR-USD · meanRev ▲ 100 · 1d
11:26 KSA · PRE     · scanner    · بدء المسح · 1153 رمزاً · الجلسة PRE
11:26 KSA · PRE     · signal     · T-USD · orb ▼ 82 · 15m
11:26 KSA · PRE     · signal     · T-USD · vwapRec ▼ 100 · 15m
11:26 KSA · PRE     · signal     · UNI-USD · brk ▼ 69 · 15m
11:26 KSA · PRE     · signal     · U-USD · orb ▼ 82 · 15m
11:26 KSA · PRE     · signal     · THE-USD · meanRev ▲ 100 · 15m
11:26 KSA · PRE     · signal     · SAPIEN-USD · meanRev ▲ 100 · 1d
11:26 KSA · PRE     · signal     · TLM-USD · meanRev ▼ 100 · 1d
11:26 KSA · PRE     · signal     · SKY-USD · meanRev ▲ 100 · 1d
11:28 KSA · PRE     · scanner    · بدء المسح · 1153 رمزاً · الجلسة PRE
11:28 KSA · PRE     · signal     · TMUS · sqzExp ▼ 100 · 1h · جلسة ممتدة
11:28 KSA · PRE     · signal     · MCHP · brk ▲ 100 · 15m · جلسة ممتدة
11:30 KSA · PRE     · scanner    · بدء المسح · 1153 رمزاً · الجلسة PRE
11:30 KSA · PRE     · signal     · OP-USD · brk ▼ 69 · 15m
11:30 KSA · PRE     · signal     · PUMP-USD · orb ▼ 100 · 15m
11:30 KSA · PRE     · signal     · BAR-USD · brk ▼ 69 · 1d
11:30 KSA · PRE     · signal     · GMX-USD · meanRev ▲ 100 · 1d
11:33 KSA · PRE     · scanner    · بدء المسح · 1153 رمزاً · الجلسة PRE
11:33 KSA · PRE     · signal     · NVDA · orb ▼ 85 · 15m · جلسة ممتدة
11:33 KSA · PRE     · signal     · MSFT · vwapRec ▲ 74 · 15m · جلسة ممتدة
11:33 KSA · PRE     · signal     · AMZN · vwapRec ▼ 57 · 15m · جلسة ممتدة
11:33 KSA · PRE     · signal     · AVGO · orb ▼ 91 · 15m · جلسة ممتدة
11:33 KSA · PRE     · signal     · AVGO · vwapRec ▼ 59 · 15m · جلسة ممتدة
11:33 KSA · PRE     · signal     · BRK-B · vwapRec ▲ 65 · 15m · جلسة ممتدة
11:33 KSA · PRE     · signal     · BRK-B · brk ▲ 89 · 15m · جلسة ممتدة
11:33 KSA · PRE     · signal     · MU · orb ▼ 88 · 15m · جلسة ممتدة
11:33 KSA · PRE     · signal     · AMD · orb ▼ 68 · 15m · جلسة ممتدة
11:33 KSA · PRE     · signal     · INTC · orb ▼ 71 · 15m · جلسة ممتدة
11:33 KSA · PRE     · signal     · ORCL · vwapRec ▼ 60 · 15m · جلسة ممتدة
11:33 KSA · PRE     · signal     · PLTR · vwapRec ▲ 70 · 15m · جلسة ممتدة
11:33 KSA · PRE     · signal     · MS · vwapRec ▼ 65 · 15m · جلسة ممتدة
11:33 KSA · PRE     · signal     · HD · vwapRec ▼ 70 · 15m · جلسة ممتدة
11:33 KSA · PRE     · signal     · CRWD · vwapRec ▲ 59 · 15m · جلسة ممتدة
11:33 KSA · PRE     · signal     · IBM · vwapRec ▲ 55 · 15m · جلسة ممتدة
11:33 KSA · PRE     · signal     · SNDK · orb ▼ 76 · 15m · جلسة ممتدة
11:33 KSA · PRE     · signal     · VZ · vwapRec ▲ 70 · 15m · جلسة ممتدة
11:33 KSA · PRE     · signal     · CRM · vwapRec ▲ 71 · 15m · جلسة ممتدة
11:33 KSA · PRE     · signal     · QCOM · orb ▼ 65 · 15m · جلسة ممتدة
11:33 KSA · PRE     · signal     · MRVL · orb ▼ 65 · 15m · جلسة ممتدة
11:33 KSA · PRE     · signal     · STX · orb ▼ 85 · 15m · جلسة ممتدة
11:33 KSA · PRE     · signal     · ADI · orb ▼ 85 · 15m · جلسة ممتدة
11:33 KSA · PRE     · signal     · COP · vwapRec ▲ 60 · 15m · جلسة ممتدة
11:33 KSA · PRE     · signal     · WDC · orb ▼ 90 · 15m · جلسة ممتدة
11:33 KSA · PRE     · signal     · WDC · vwapRec ▼ 55 · 15m · جلسة ممتدة
11:33 KSA · PRE     · signal     · NOW · vwapRec ▲ 57 · 15m · جلسة ممتدة
11:33 KSA · PRE     · signal     · LMT · vwapRec ▼ 78 · 15m · جلسة ممتدة
11:33 KSA · PRE     · signal     · APP · orb ▲ 70 · 15m · جلسة ممتدة
11:33 KSA · PRE     · signal     · LITE · orb ▼ 71 · 15m · جلسة ممتدة
11:33 KSA · PRE     · signal     · HPE · orb ▼ 70 · 15m · جلسة ممتدة
11:33 KSA · PRE     · signal     · NSC · vwapRec ▼ 76 · 15m · جلسة ممتدة
11:33 KSA · PRE     · signal     · SOL-USD · volSpike ▼ 83 · 15m
11:33 KSA · PRE     · signal     · TER · orb ▼ 75 · 15m · جلسة ممتدة
11:33 KSA · PRE     · signal     · VST · vwapRec ▼ 60 · 15m · جلسة ممتدة
11:33 KSA · PRE     · signal     · ON · orb ▼ 100 · 15m · جلسة ممتدة
11:33 KSA · PRE     · signal     · SMCI · orb ▼ 85 · 15m · جلسة ممتدة
11:33 KSA · PRE     · signal     · SMCI · brk ▼ 100 · 15m · جلسة ممتدة
11:33 KSA · PRE     · signal     · LTC-USD · brk ▼ 89 · 15m
11:33 KSA · PRE     · signal     · DOT-USD · orb ▼ 90 · 15m
11:33 KSA · PRE     · signal     · ONDO-USD · volSpike ▼ 100 · 15m
11:33 KSA · PRE     · signal     · QQQB-USD · vwapRec ▼ 78 · 15m
11:33 KSA · PRE     · signal     · U-USD · brk ▼ 66 · 15m
11:33 KSA · PRE     · signal     · PEPE-USD · brk ▲ 55 · 15m
11:33 KSA · PRE     · signal     · THE-USD · sqzExp ▼ 78 · 1h
11:33 KSA · PRE     · signal     · EUR-USD · orb ▼ 75 · 15m
11:33 KSA · PRE     · signal     · EUR-USD · brk ▼ 73 · 15m
11:33 KSA · PRE     · signal     · EUR-USD · sqzExp ▼ 65 · 1h
11:33 KSA · PRE     · signal     · HOLO-USD · orb ▼ 70 · 15m
11:33 KSA · PRE     · signal     · HOLO-USD · brk ▼ 55 · 15m
11:33 KSA · PRE     · signal     · BANK-USD · vwapRec ▼ 57 · 15m
11:33 KSA · PRE     · signal     · BANK-USD · brk ▼ 77 · 15m
11:33 KSA · PRE     · signal     · BANK-USD · tfAlign ▼ 74 · 1d
11:33 KSA · PRE     · signal     · TON-USD · brk ▼ 61 · 15m
11:33 KSA · PRE     · signal     · SENT-USD · sqzExp ▼ 57 · 1h
11:33 KSA · PRE     · signal     · WLFI-USD · orb ▼ 68 · 15m
11:33 KSA · PRE     · signal     · ASTER-USD · sqzExp ▼ 65 · 1h
11:34 KSA · PRE     · scanner    · بدء المسح · 1153 رمزاً · الجلسة PRE
11:34 KSA · PRE     · signal     · GOOGL · vwapRec ▼ 57 · 15m · جلسة ممتدة
11:34 KSA · PRE     · signal     · INTC · brk ▲ 63 · 15m · جلسة ممتدة
11:34 KSA · PRE     · signal     · CSCO · vwapRec ▲ 68 · 15m · جلسة ممتدة
11:34 KSA · PRE     · signal     · KO · orb ▼ 64 · 15m · جلسة ممتدة
11:34 KSA · PRE     · signal     · CAT · brk ▲ 69 · 15m · جلسة ممتدة
11:34 KSA · PRE     · signal     · LRCX · vwapRec ▲ 76 · 15m · جلسة ممتدة
11:34 KSA · PRE     · signal     · AMAT · vwapRec ▲ 59 · 15m · جلسة ممتدة
11:34 KSA · PRE     · signal     · AMAT · brk ▲ 100 · 15m · جلسة ممتدة
11:34 KSA · PRE     · signal     · ANET · vwapRec ▲ 60 · 15m · جلسة ممتدة
11:34 KSA · PRE     · signal     · KLAC · brk ▲ 81 · 15m · جلسة ممتدة
11:34 KSA · PRE     · signal     · UNP · brk ▲ 81 · 15m · جلسة ممتدة
11:34 KSA · PRE     · signal     · NOW · brk ▼ 100 · 15m · جلسة ممتدة
11:34 KSA · PRE     · signal     · VRTX · brk ▼ 100 · 15m · جلسة ممتدة
11:34 KSA · PRE     · signal     · GLW · brk ▲ 69 · 15m · جلسة ممتدة
11:34 KSA · PRE     · signal     · VRT · vwapRec ▲ 60 · 15m · جلسة ممتدة
11:34 KSA · PRE     · signal     · INTU · brk ▼ 100 · 15m · جلسة ممتدة
11:34 KSA · PRE     · signal     · LITE · vwapRec ▲ 71 · 15m · جلسة ممتدة
11:34 KSA · PRE     · signal     · NXPI · meanRev ▼ 100 · 15m · جلسة ممتدة
11:34 KSA · PRE     · signal     · COHR · vwapRec ▲ 60 · 15m · جلسة ممتدة
11:34 KSA · PRE     · signal     · TER · vwapRec ▲ 68 · 15m · جلسة ممتدة
11:34 KSA · PRE     · signal     · TER · brk ▲ 100 · 15m · جلسة ممتدة
11:34 KSA · PRE     · signal     · MCHP · brk ▲ 100 · 15m · جلسة ممتدة
11:34 KSA · PRE     · signal     · NEAR-USD · brk ▼ 69 · 15m
11:34 KSA · PRE     · signal     · PEPE-USD · orb ▼ 73 · 15m
11:34 KSA · PRE     · signal     · FIS · sqzExp ▼ 100 · 1d · جلسة ممتدة
11:37 KSA · PRE     · scanner    · بدء المسح · 1153 رمزاً · الجلسة PRE
11:37 KSA · PRE     · signal     · AAPL · vwapRec ▲ 57 · 15m · جلسة ممتدة
11:37 KSA · PRE     · signal     · NFLX · vwapRec ▲ 60 · 15m · جلسة ممتدة
11:37 KSA · PRE     · signal     · TXN · brk ▼ 100 · 15m · جلسة ممتدة
11:37 KSA · PRE     · signal     · ARB-USD · orb ▲ 82 · 15m
11:40 KSA · PRE     · scanner    · بدء المسح · 1153 رمزاً · الجلسة PRE
11:40 KSA · PRE     · signal     · SNDK · vwapRec ▼ 57 · 15m · جلسة ممتدة
11:40 KSA · PRE     · signal     · INTU · vwapRec ▼ 60 · 15m · جلسة ممتدة
11:40 KSA · PRE     · signal     · XRP-USD · orb ▼ 64 · 15m
11:40 KSA · PRE     · signal     · BANK-USD · vwapRec ▲ 100 · 15m
11:40 KSA · PRE     · signal     · PENGU-USD · meanRev ▲ 100 · 15m
11:40 KSA · PRE     · signal     · WLFI-USD · orb ▼ 100 · 15m
11:42 KSA · PRE     · scanner    · بدء المسح · 1153 رمزاً · الجلسة PRE
11:42 KSA · PRE     · signal     · NVDA · orb ▼ 85 · 15m · جلسة ممتدة
11:42 KSA · PRE     · signal     · AVGO · orb ▼ 91 · 15m · جلسة ممتدة
11:42 KSA · PRE     · signal     · BRK-B · brk ▲ 70 · 15m · جلسة ممتدة
11:42 KSA · PRE     · signal     · AMD · orb ▼ 76 · 15m · جلسة ممتدة
11:42 KSA · PRE     · signal     · INTC · orb ▼ 71 · 15m · جلسة ممتدة
11:42 KSA · PRE     · signal     · BAC · orb ▼ 79 · 15m · جلسة ممتدة
11:42 KSA · PRE     · signal     · DELL · orb ▼ 68 · 15m · جلسة ممتدة
11:42 KSA · PRE     · signal     · UNH · orb ▼ 85 · 15m · جلسة ممتدة
11:42 KSA · PRE     · signal     · TXN · orb ▼ 85 · 15m · جلسة ممتدة
11:42 KSA · PRE     · signal     · KLAC · orb ▼ 91 · 15m · جلسة ممتدة
11:42 KSA · PRE     · signal     · AXP · orb ▼ 75 · 15m · جلسة ممتدة
11:42 KSA · PRE     · signal     · MRVL · orb ▼ 68 · 15m · جلسة ممتدة
11:42 KSA · PRE     · signal     · STX · orb ▼ 85 · 15m · جلسة ممتدة
11:42 KSA · PRE     · signal     · ADI · orb ▼ 85 · 15m · جلسة ممتدة
11:42 KSA · PRE     · signal     · WDC · orb ▼ 88 · 15m · جلسة ممتدة
11:42 KSA · PRE     · signal     · NOW · vwapRec ▲ 59 · 15m · جلسة ممتدة
11:42 KSA · PRE     · signal     · UBER · orb ▼ 100 · 15m · جلسة ممتدة
11:42 KSA · PRE     · signal     · GLW · orb ▼ 71 · 15m · جلسة ممتدة
11:42 KSA · PRE     · signal     · CEG · orb ▼ 100 · 15m · جلسة ممتدة
11:42 KSA · PRE     · signal     · LITE · orb ▼ 71 · 15m · جلسة ممتدة
11:42 KSA · PRE     · signal     · HPE · orb ▼ 82 · 15m · جلسة ممتدة
11:42 KSA · PRE     · signal     · NSC · vwapRec ▼ 76 · 15m · جلسة ممتدة
11:42 KSA · PRE     · signal     · COHR · orb ▼ 71 · 15m · جلسة ممتدة
11:42 KSA · PRE     · signal     · TER · orb ▼ 79 · 15m · جلسة ممتدة
11:42 KSA · PRE     · signal     · MCHP · orb ▼ 100 · 15m · جلسة ممتدة
11:42 KSA · PRE     · signal     · ON · orb ▼ 100 · 15m · جلسة ممتدة
11:42 KSA · PRE     · signal     · SMCI · brk ▼ 100 · 15m · جلسة ممتدة
11:42 KSA · PRE     · signal     · ZEC-USD · momo ▲ 94 · 1h
11:42 KSA · PRE     · signal     · SWKS · orb ▼ 69 · 15m · جلسة ممتدة
11:42 KSA · PRE     · signal     · U-USD · brk ▼ 66 · 15m
11:42 KSA · PRE     · signal     · PEPE-USD · brk ▲ 55 · 15m
11:42 KSA · PRE     · signal     · THE-USD · sqzExp ▼ 78 · 1h
11:42 KSA · PRE     · signal     · TRUMP-USD · brk ▼ 86 · 15m
11:42 KSA · PRE     · signal     · EUR-USD · orb ▼ 75 · 15m
11:42 KSA · PRE     · signal     · EUR-USD · brk ▼ 73 · 15m
11:42 KSA · PRE     · signal     · EUR-USD · sqzExp ▼ 65 · 1h
11:42 KSA · PRE     · signal     · PUMP-USD · vwapRec ▼ 80 · 15m
11:42 KSA · PRE     · signal     · HOLO-USD · orb ▼ 70 · 15m
11:42 KSA · PRE     · signal     · HOLO-USD · brk ▼ 55 · 15m
11:42 KSA · PRE     · signal     · BANK-USD · brk ▼ 77 · 15m
11:42 KSA · PRE     · signal     · TON-USD · brk ▼ 61 · 15m
11:42 KSA · PRE     · signal     · SENT-USD · sqzExp ▼ 57 · 1h
11:42 KSA · PRE     · signal     · PENGU-USD · brk ▼ 77 · 15m
11:42 KSA · PRE     · signal     · ASTER-USD · sqzExp ▼ 65 · 1h
11:44 KSA · PRE     · scanner    · بدء المسح · 1153 رمزاً · الجلسة PRE
11:44 KSA · PRE     · signal     · JNJ · orb ▼ 100 · 15m · جلسة ممتدة
11:44 KSA · PRE     · signal     · INTC · brk ▲ 63 · 15m · جلسة ممتدة
11:44 KSA · PRE     · signal     · CSCO · vwapRec ▲ 79 · 15m · جلسة ممتدة
11:44 KSA · PRE     · signal     · BAC · vwapRec ▲ 76 · 15m · جلسة ممتدة
11:44 KSA · PRE     · signal     · COST · vwapRec ▲ 65 · 15m · جلسة ممتدة
11:44 KSA · PRE     · signal     · CAT · brk ▲ 69 · 15m · جلسة ممتدة
11:44 KSA · PRE     · signal     · AMAT · brk ▲ 100 · 15m · جلسة ممتدة
11:44 KSA · PRE     · signal     · ANET · vwapRec ▲ 60 · 15m · جلسة ممتدة
11:44 KSA · PRE     · signal     · TXN · brk ▼ 100 · 15m · جلسة ممتدة
11:44 KSA · PRE     · signal     · KLAC · brk ▲ 100 · 15m · جلسة ممتدة
11:44 KSA · PRE     · signal     · PEP · orb ▼ 100 · 15m · جلسة ممتدة
11:44 KSA · PRE     · signal     · MCD · orb ▼ 82 · 15m · جلسة ممتدة
11:44 KSA · PRE     · signal     · UNP · brk ▲ 81 · 15m · جلسة ممتدة
11:44 KSA · PRE     · signal     · NOW · brk ▼ 100 · 15m · جلسة ممتدة
11:44 KSA · PRE     · signal     · VRTX · brk ▼ 100 · 15m · جلسة ممتدة
11:44 KSA · PRE     · signal     · VRT · vwapRec ▲ 70 · 15m · جلسة ممتدة
11:44 KSA · PRE     · signal     · TER · vwapRec ▲ 71 · 15m · جلسة ممتدة
11:44 KSA · PRE     · signal     · TER · brk ▲ 100 · 15m · جلسة ممتدة
11:44 KSA · PRE     · signal     · PEPE-USD · orb ▼ 80 · 15m
11:44 KSA · PRE     · signal     · BANK-USD · vwapRec ▲ 93 · 15m
11:46 KSA · PRE     · scanner    · بدء المسح · 1153 رمزاً · الجلسة PRE
11:46 KSA · PRE     · signal     · AMAT · vwapRec ▲ 79 · 15m · جلسة ممتدة
11:46 KSA · PRE     · signal     · MRVL · vwapRec ▲ 79 · 15m · جلسة ممتدة
11:46 KSA · PRE     · signal     · LITE · vwapRec ▲ 79 · 15m · جلسة ممتدة
11:46 KSA · PRE     · signal     · EUR-USD · vwapRec ▼ 100 · 15m
11:46 KSA · PRE     · signal     · ARB-USD · orb ▲ 64 · 15m
11:48 KSA · PRE     · scanner    · بدء المسح · 1153 رمزاً · الجلسة PRE
11:48 KSA · PRE     · signal     · AMD · vwapRec ▲ 79 · 15m · جلسة ممتدة
11:48 KSA · PRE     · signal     · SMCI · vwapRec ▲ 57 · 15m · جلسة ممتدة
11:48 KSA · PRE     · signal     · PENGU-USD · meanRev ▲ 100 · 15m
11:50 KSA · PRE     · scanner    · بدء المسح · 1153 رمزاً · الجلسة PRE
11:50 KSA · PRE     · signal     · LRCX · vwapRec ▲ 57 · 15m · جلسة ممتدة
11:50 KSA · PRE     · signal     · QNT-USD · meanRev ▲ 100 · 1d
11:52 KSA · PRE     · scanner    · بدء المسح · 1153 رمزاً · الجلسة PRE
11:52 KSA · PRE     · signal     · NVDA · orb ▼ 85 · 15m · جلسة ممتدة
11:52 KSA · PRE     · signal     · MSFT · vwapRec ▲ 74 · 15m · جلسة ممتدة
11:52 KSA · PRE     · signal     · AVGO · orb ▼ 91 · 15m · جلسة ممتدة
11:52 KSA · PRE     · signal     · BRK-B · brk ▲ 70 · 15m · جلسة ممتدة
11:52 KSA · PRE     · signal     · LLY · orb ▼ 75 · 15m · جلسة ممتدة
11:52 KSA · PRE     · signal     · AMD · orb ▼ 68 · 15m · جلسة ممتدة
11:52 KSA · PRE     · signal     · XOM · orb ▲ 100 · 15m · جلسة ممتدة
11:52 KSA · PRE     · signal     · JNJ · vwapRec ▲ 78 · 15m · جلسة ممتدة
11:52 KSA · PRE     · signal     · INTC · orb ▼ 71 · 15m · جلسة ممتدة
11:52 KSA · PRE     · signal     · CVX · orb ▲ 100 · 15m · جلسة ممتدة
11:52 KSA · PRE     · signal     · DELL · orb ▼ 68 · 15m · جلسة ممتدة
11:52 KSA · PRE     · signal     · ANET · orb ▼ 57 · 15m · جلسة ممتدة
11:52 KSA · PRE     · signal     · KLAC · orb ▼ 93 · 15m · جلسة ممتدة
11:52 KSA · PRE     · signal     · AXP · vwapRec ▼ 71 · 15m · جلسة ممتدة
11:52 KSA · PRE     · signal     · LIN · vwapRec ▲ 60 · 15m · جلسة ممتدة
11:52 KSA · PRE     · signal     · MRVL · orb ▼ 68 · 15m · جلسة ممتدة
11:52 KSA · PRE     · signal     · STX · orb ▼ 88 · 15m · جلسة ممتدة
11:52 KSA · PRE     · signal     · ADI · orb ▼ 83 · 15m · جلسة ممتدة
11:52 KSA · PRE     · signal     · WDC · orb ▼ 88 · 15m · جلسة ممتدة
11:52 KSA · PRE     · signal     · NOW · vwapRec ▲ 59 · 15m · جلسة ممتدة
11:52 KSA · PRE     · signal     · NEM · orb ▼ 73 · 15m · جلسة ممتدة
11:52 KSA · PRE     · signal     · GLW · orb ▼ 60 · 15m · جلسة ممتدة
11:52 KSA · PRE     · signal     · MPC · orb ▲ 95 · 15m · جلسة ممتدة
11:52 KSA · PRE     · signal     · MPC · vwapRec ▲ 75 · 15m · جلسة ممتدة
11:52 KSA · PRE     · signal     · FCX · orb ▼ 80 · 15m · جلسة ممتدة
11:52 KSA · PRE     · signal     · CEG · vwapRec ▼ 60 · 15m · جلسة ممتدة
11:52 KSA · PRE     · signal     · LITE · orb ▼ 71 · 15m · جلسة ممتدة
11:52 KSA · PRE     · signal     · HPE · orb ▼ 70 · 15m · جلسة ممتدة
11:52 KSA · PRE     · signal     · NSC · vwapRec ▼ 76 · 15m · جلسة ممتدة
11:52 KSA · PRE     · signal     · COHR · orb ▼ 71 · 15m · جلسة ممتدة
11:52 KSA · PRE     · signal     · TER · orb ▼ 68 · 15m · جلسة ممتدة
11:52 KSA · PRE     · signal     · CIEN · orb ▼ 78 · 15m · جلسة ممتدة
11:52 KSA · PRE     · signal     · HPQ · orb ▼ 85 · 15m · جلسة ممتدة
11:52 KSA · PRE     · signal     · SMCI · orb ▼ 85 · 15m · جلسة ممتدة
11:52 KSA · PRE     · signal     · SMCI · brk ▼ 100 · 15m · جلسة ممتدة
11:52 KSA · PRE     · signal     · U-USD · orb ▼ 65 · 15m
11:52 KSA · PRE     · signal     · U-USD · brk ▼ 64 · 15m
11:52 KSA · PRE     · signal     · THE-USD · sqzExp ▼ 78 · 1h
11:52 KSA · PRE     · signal     · THE-USD · volSpike ▲ 56 · 15m
11:52 KSA · PRE     · signal     · TRUMP-USD · brk ▼ 55 · 15m
11:52 KSA · PRE     · signal     · EUR-USD · orb ▼ 75 · 15m
11:52 KSA · PRE     · signal     · EUR-USD · brk ▼ 80 · 15m
11:52 KSA · PRE     · signal     · EUR-USD · sqzExp ▼ 65 · 1h
11:52 KSA · PRE     · signal     · HOLO-USD · orb ▼ 85 · 15m
11:52 KSA · PRE     · signal     · HOLO-USD · brk ▼ 80 · 15m
11:52 KSA · PRE     · signal     · BANK-USD · orb ▼ 70 · 15m
11:52 KSA · PRE     · signal     · BANK-USD · brk ▼ 55 · 15m
11:52 KSA · PRE     · signal     · TON-USD · brk ▼ 61 · 15m
11:52 KSA · PRE     · signal     · SENT-USD · sqzExp ▼ 57 · 1h
11:52 KSA · PRE     · signal     · PENGU-USD · brk ▼ 55 · 15m
11:52 KSA · PRE     · signal     · WLFI-USD · rsiDiv ▼ 58 · 15m
11:52 KSA · PRE     · signal     · ASTER-USD · sqzExp ▼ 65 · 1h
11:54 KSA · PRE     · scanner    · بدء المسح · 1153 رمزاً · الجلسة PRE
11:54 KSA · PRE     · signal     · INTC · brk ▲ 63 · 15m · جلسة ممتدة
11:54 KSA · PRE     · signal     · CSCO · vwapRec ▲ 79 · 15m · جلسة ممتدة
11:54 KSA · PRE     · signal     · KO · orb ▼ 100 · 15m · جلسة ممتدة
11:54 KSA · PRE     · signal     · CAT · brk ▲ 69 · 15m · جلسة ممتدة
11:54 KSA · PRE     · signal     · LRCX · vwapRec ▲ 85 · 15m · جلسة ممتدة
11:54 KSA · PRE     · signal     · AMAT · vwapRec ▲ 71 · 15m · جلسة ممتدة
11:54 KSA · PRE     · signal     · AMAT · brk ▲ 100 · 15m · جلسة ممتدة
11:54 KSA · PRE     · signal     · PANW · vwapRec ▼ 57 · 15m · جلسة ممتدة
11:54 KSA · PRE     · signal     · TXN · brk ▼ 100 · 15m · جلسة ممتدة
11:54 KSA · PRE     · signal     · KLAC · brk ▲ 100 · 15m · جلسة ممتدة
11:54 KSA · PRE     · signal     · MRVL · vwapRec ▲ 62 · 15m · جلسة ممتدة
11:54 KSA · PRE     · signal     · UNP · brk ▲ 81 · 15m · جلسة ممتدة
11:54 KSA · PRE     · signal     · NOW · brk ▼ 100 · 15m · جلسة ممتدة
11:54 KSA · PRE     · signal     · VRTX · brk ▼ 100 · 15m · جلسة ممتدة
11:54 KSA · PRE     · signal     · FTNT · orb ▲ 100 · 15m · جلسة ممتدة
11:54 KSA · PRE     · signal     · SYK · orb ▼ 64 · 15m · جلسة ممتدة
11:54 KSA · PRE     · signal     · ADBE · vwapRec ▼ 71 · 15m · جلسة ممتدة
11:54 KSA · PRE     · signal     · FCX · vwapRec ▲ 73 · 15m · جلسة ممتدة
11:54 KSA · PRE     · signal     · VRT · vwapRec ▲ 70 · 15m · جلسة ممتدة
11:54 KSA · PRE     · signal     · LITE · vwapRec ▲ 71 · 15m · جلسة ممتدة
11:54 KSA · PRE     · signal     · COHR · vwapRec ▲ 71 · 15m · جلسة ممتدة
11:54 KSA · PRE     · signal     · TER · brk ▲ 81 · 15m · جلسة ممتدة
11:54 KSA · PRE     · signal     · SMCI · vwapRec ▲ 76 · 15m · جلسة ممتدة
11:54 KSA · PRE     · signal     · U-USD · vwapRec ▲ 60 · 15m
11:54 KSA · PRE     · signal     · PEPE-USD · orb ▼ 73 · 15m
11:54 KSA · PRE     · signal     · BANK-USD · vwapRec ▲ 70 · 15m
11:56 KSA · PRE     · scanner    · بدء المسح · 1153 رمزاً · الجلسة PRE
11:56 KSA · PRE     · signal     · ETH-USD · vwapRec ▲ 88 · 15m
11:56 KSA · PRE     · signal     · CRCLB-USD · orb ▲ 100 · 15m
11:56 KSA · PRE     · signal     · MSTRB-USD · vwapRec ▲ 93 · 15m
11:58 KSA · PRE     · scanner    · بدء المسح · 1153 رمزاً · الجلسة PRE
11:58 KSA · PRE     · signal     · TSLA · vwapRec ▲ 74 · 15m · جلسة ممتدة
11:58 KSA · PRE     · signal     · MU · vwapRec ▲ 79 · 15m · جلسة ممتدة
11:58 KSA · PRE     · signal     · DELL · orb ▲ 100 · 15m · جلسة ممتدة
11:58 KSA · PRE     · signal     · ARB-USD · orb ▲ 82 · 15m
12:00 KSA · PRE     · scanner    · بدء المسح · 1153 رمزاً · الجلسة PRE
12:00 KSA · PRE     · signal     · AMD · vwapRec ▲ 57 · 15m · جلسة ممتدة
12:00 KSA · PRE     · signal     · NEAR-USD · orb ▲ 100 · 15m
12:00 KSA · PRE     · signal     · U-USD · orb ▼ 82 · 15m
12:00 KSA · PRE     · signal     · BANK-USD · brk ▲ 100 · 15m
12:02 KSA · PRE     · scanner    · بدء المسح · 1153 رمزاً · الجلسة PRE
12:02 KSA · PRE     · signal     · NVDA · orb ▼ 85 · 15m · جلسة ممتدة
12:02 KSA · PRE     · signal     · AVGO · orb ▼ 78 · 15m · جلسة ممتدة
12:02 KSA · PRE     · signal     · BRK-B · brk ▲ 70 · 15m · جلسة ممتدة
12:02 KSA · PRE     · signal     · MU · orb ▼ 88 · 15m · جلسة ممتدة
12:02 KSA · PRE     · signal     · JPM · orb ▼ 70 · 15m · جلسة ممتدة
12:02 KSA · PRE     · signal     · AMD · orb ▼ 57 · 15m · جلسة ممتدة
12:02 KSA · PRE     · signal     · INTC · orb ▼ 71 · 15m · جلسة ممتدة
12:02 KSA · PRE     · signal     · ANET · orb ▼ 57 · 15m · جلسة ممتدة
12:02 KSA · PRE     · signal     · SNDK · orb ▼ 76 · 15m · جلسة ممتدة
12:02 KSA · PRE     · signal     · KLAC · orb ▼ 85 · 15m · جلسة ممتدة
12:02 KSA · PRE     · signal     · MRVL · orb ▼ 68 · 15m · جلسة ممتدة
12:02 KSA · PRE     · signal     · STX · orb ▼ 88 · 15m · جلسة ممتدة
12:02 KSA · PRE     · signal     · ADI · orb ▼ 83 · 15m · جلسة ممتدة
12:02 KSA · PRE     · signal     · COP · orb ▲ 85 · 15m · جلسة ممتدة
12:02 KSA · PRE     · signal     · WDC · orb ▼ 88 · 15m · جلسة ممتدة
12:02 KSA · PRE     · signal     · GLW · orb ▼ 60 · 15m · جلسة ممتدة
12:02 KSA · PRE     · signal     · MDT · vwapRec ▲ 60 · 15m · جلسة ممتدة
12:02 KSA · PRE     · signal     · FCX · orb ▼ 80 · 15m · جلسة ممتدة
12:02 KSA · PRE     · signal     · LITE · orb ▼ 60 · 15m · جلسة ممتدة
12:02 KSA · PRE     · signal     · HPE · orb ▼ 70 · 15m · جلسة ممتدة
12:02 KSA · PRE     · signal     · NSC · vwapRec ▼ 76 · 15m · جلسة ممتدة
12:02 KSA · PRE     · signal     · SNPS · vwapRec ▼ 74 · 15m · جلسة ممتدة
12:02 KSA · PRE     · signal     · SOL-USD · vwapRec ▼ 73 · 15m
12:02 KSA · PRE     · signal     · COHR · orb ▼ 60 · 15m · جلسة ممتدة
12:02 KSA · PRE     · signal     · TER · orb ▼ 79 · 15m · جلسة ممتدة
12:02 KSA · PRE     · signal     · VST · orb ▼ 85 · 15m · جلسة ممتدة
12:02 KSA · PRE     · signal     · MCHP · orb ▼ 100 · 15m · جلسة ممتدة
12:02 KSA · PRE     · signal     · ON · orb ▼ 85 · 15m · جلسة ممتدة
12:02 KSA · PRE     · signal     · SMCI · orb ▼ 85 · 15m · جلسة ممتدة
12:02 KSA · PRE     · signal     · SMCI · brk ▼ 100 · 15m · جلسة ممتدة
12:02 KSA · PRE     · signal     · THE-USD · sqzExp ▼ 78 · 1h
12:02 KSA · PRE     · signal     · TRUMP-USD · brk ▼ 55 · 15m
12:02 KSA · PRE     · signal     · EUR-USD · orb ▼ 60 · 15m
12:02 KSA · PRE     · signal     · EUR-USD · brk ▼ 61 · 15m
12:02 KSA · PRE     · signal     · EUR-USD · sqzExp ▼ 65 · 1h
12:02 KSA · PRE     · signal     · PUMP-USD · orb ▼ 80 · 15m
12:02 KSA · PRE     · signal     · PUMP-USD · vwapRec ▼ 73 · 15m
12:02 KSA · PRE     · signal     · ARB-USD · brk ▼ 57 · 15m
12:02 KSA · PRE     · signal     · HOLO-USD · orb ▼ 78 · 15m
12:02 KSA · PRE     · signal     · HOLO-USD · brk ▼ 77 · 15m
12:02 KSA · PRE     · signal     · BANK-USD · orb ▼ 85 · 15m
12:02 KSA · PRE     · signal     · TON-USD · brk ▼ 61 · 15m
12:02 KSA · PRE     · signal     · SENT-USD · sqzExp ▼ 57 · 1h
12:02 KSA · PRE     · signal     · PENGU-USD · brk ▼ 55 · 15m
12:02 KSA · PRE     · signal     · WLFI-USD · orb ▼ 60 · 15m
12:02 KSA · PRE     · signal     · ASTER-USD · sqzExp ▼ 65 · 1h
12:05 KSA · PRE     · scanner    · بدء المسح · 1153 رمزاً · الجلسة PRE
12:05 KSA · PRE     · signal     · BTC-USD · vwapRec ▲ 79 · 15m
12:05 KSA · PRE     · signal     · INTC · brk ▲ 63 · 15m · جلسة ممتدة
12:05 KSA · PRE     · signal     · CSCO · vwapRec ▲ 79 · 15m · جلسة ممتدة
12:05 KSA · PRE     · signal     · KO · orb ▼ 100 · 15m · جلسة ممتدة
12:05 KSA · PRE     · signal     · CAT · brk ▲ 69 · 15m · جلسة ممتدة
12:05 KSA · PRE     · signal     · DELL · orb ▲ 80 · 15m · جلسة ممتدة
12:05 KSA · PRE     · signal     · LRCX · vwapRec ▲ 65 · 15m · جلسة ممتدة
12:05 KSA · PRE     · signal     · LRCX · brk ▲ 81 · 15m · جلسة ممتدة
12:05 KSA · PRE     · signal     · AMAT · vwapRec ▲ 75 · 15m · جلسة ممتدة
12:05 KSA · PRE     · signal     · AMAT · brk ▲ 100 · 15m · جلسة ممتدة
12:05 KSA · PRE     · signal     · TXN · brk ▼ 100 · 15m · جلسة ممتدة
12:05 KSA · PRE     · signal     · KLAC · brk ▲ 81 · 15m · جلسة ممتدة
12:05 KSA · PRE     · signal     · UNP · brk ▲ 81 · 15m · جلسة ممتدة
12:05 KSA · PRE     · signal     · NOW · vwapRec ▼ 60 · 15m · جلسة ممتدة
12:05 KSA · PRE     · signal     · NOW · brk ▼ 100 · 15m · جلسة ممتدة
12:05 KSA · PRE     · signal     · NEM · vwapRec ▲ 79 · 15m · جلسة ممتدة
12:05 KSA · PRE     · signal     · VRTX · brk ▼ 100 · 15m · جلسة ممتدة
12:05 KSA · PRE     · signal     · GLW · vwapRec ▲ 60 · 15m · جلسة ممتدة
12:05 KSA · PRE     · signal     · FCX · vwapRec ▲ 73 · 15m · جلسة ممتدة
12:05 KSA · PRE     · signal     · VRT · vwapRec ▲ 60 · 15m · جلسة ممتدة
12:05 KSA · PRE     · signal     · INTU · vwapRec ▼ 68 · 15m · جلسة ممتدة
12:05 KSA · PRE     · signal     · LITE · vwapRec ▲ 68 · 15m · جلسة ممتدة
12:05 KSA · PRE     · signal     · TER · vwapRec ▲ 71 · 15m · جلسة ممتدة
12:05 KSA · PRE     · signal     · TER · brk ▲ 100 · 15m · جلسة ممتدة
12:05 KSA · PRE     · signal     · SMCI · vwapRec ▲ 76 · 15m · جلسة ممتدة
12:05 KSA · PRE     · signal     · HBAR-USD · vwapRec ▲ 93 · 15m
12:05 KSA · PRE     · signal     · MSTRB-USD · orb ▲ 82 · 15m
12:05 KSA · PRE     · signal     · PEPE-USD · orb ▼ 55 · 15m
12:05 KSA · PRE     · signal     · TRUMP-USD · vwapRec ▲ 100 · 15m
12:05 KSA · PRE     · signal     · ARB-USD · orb ▲ 63 · 15m
12:05 KSA · PRE     · signal     · BANK-USD · vwapRec ▲ 60 · 15m
12:08 KSA · PRE     · scanner    · بدء المسح · 1153 رمزاً · الجلسة PRE
12:08 KSA · PRE     · signal     · GLW · brk ▲ 69 · 15m · جلسة ممتدة
12:08 KSA · PRE     · signal     · LITE · brk ▲ 100 · 15m · جلسة ممتدة
12:08 KSA · PRE     · signal     · FIL-USD · orb ▼ 82 · 15m
12:08 KSA · PRE     · signal     · UNI-USD · pbTrend ▲ 57 · 1h
12:08 KSA · PRE     · signal     · BANK-USD · brk ▲ 100 · 15m
12:10 KSA · PRE     · scanner    · بدء المسح · 1153 رمزاً · الجلسة PRE
12:10 KSA · PRE     · signal     · MU · vwapRec ▲ 79 · 15m · جلسة ممتدة
12:10 KSA · PRE     · signal     · QCOM · vwapRec ▲ 57 · 15m · جلسة ممتدة
12:10 KSA · PRE     · signal     · BKNG · orb ▲ 82 · 15m · جلسة ممتدة
12:10 KSA · PRE     · signal     · COHR · orb ▲ 82 · 15m · جلسة ممتدة
12:10 KSA · PRE     · signal     · COHR · brk ▲ 69 · 15m · جلسة ممتدة
12:10 KSA · PRE     · signal     · TER · orb ▲ 64 · 15m · جلسة ممتدة
12:12 KSA · PRE     · scanner    · بدء المسح · 1153 رمزاً · الجلسة PRE
12:12 KSA · PRE     · signal     · NVDA · orb ▼ 85 · 15m · جلسة ممتدة
12:12 KSA · PRE     · signal     · AVGO · orb ▼ 91 · 15m · جلسة ممتدة
12:12 KSA · PRE     · signal     · BRK-B · brk ▲ 70 · 15m · جلسة ممتدة
12:12 KSA · PRE     · signal     · MU · orb ▼ 88 · 15m · جلسة ممتدة
12:12 KSA · PRE     · signal     · AMD · orb ▼ 68 · 15m · جلسة ممتدة
12:12 KSA · PRE     · signal     · INTC · orb ▼ 71 · 15m · جلسة ممتدة
12:12 KSA · PRE     · signal     · ANET · orb ▼ 57 · 15m · جلسة ممتدة
12:12 KSA · PRE     · signal     · SNDK · orb ▼ 76 · 15m · جلسة ممتدة
12:12 KSA · PRE     · signal     · KLAC · orb ▼ 100 · 15m · جلسة ممتدة
12:12 KSA · PRE     · signal     · MRVL · orb ▼ 68 · 15m · جلسة ممتدة
12:12 KSA · PRE     · signal     · STX · orb ▼ 88 · 15m · جلسة ممتدة
12:12 KSA · PRE     · signal     · ADI · orb ▼ 83 · 15m · جلسة ممتدة
12:12 KSA · PRE     · signal     · WDC · orb ▼ 88 · 15m · جلسة ممتدة
12:12 KSA · PRE     · signal     · GLW · orb ▼ 71 · 15m · جلسة ممتدة
12:12 KSA · PRE     · signal     · FCX · orb ▼ 80 · 15m · جلسة ممتدة
12:12 KSA · PRE     · signal     · BNB-USD · sqzExp ▼ 80 · 1h
12:12 KSA · PRE     · signal     · CMCSA · orb ▼ 62 · 15m · جلسة ممتدة
12:12 KSA · PRE     · signal     · LITE · orb ▼ 71 · 15m · جلسة ممتدة
12:12 KSA · PRE     · signal     · HPE · orb ▼ 82 · 15m · جلسة ممتدة
12:12 KSA · PRE     · signal     · NSC · vwapRec ▼ 76 · 15m · جلسة ممتدة
12:12 KSA · PRE     · signal     · MCHP · orb ▼ 100 · 15m · جلسة ممتدة
12:12 KSA · PRE     · signal     · ON · orb ▼ 100 · 15m · جلسة ممتدة
12:12 KSA · PRE     · signal     · SMCI · orb ▼ 85 · 15m · جلسة ممتدة
12:12 KSA · PRE     · signal     · SMCI · brk ▼ 100 · 15m · جلسة ممتدة
12:12 KSA · PRE     · signal     · UNI-USD · brk ▼ 59 · 15m
12:12 KSA · PRE     · signal     · SUI-USD · orb ▼ 70 · 15m
12:12 KSA · PRE     · signal     · THE-USD · sqzExp ▼ 78 · 1h
12:12 KSA · PRE     · signal     · TRUMP-USD · brk ▼ 55 · 15m
12:12 KSA · PRE     · signal     · EUR-USD · orb ▼ 60 · 15m
12:12 KSA · PRE     · signal     · EUR-USD · brk ▼ 61 · 15m
12:12 KSA · PRE     · signal     · EUR-USD · sqzExp ▼ 65 · 1h
12:12 KSA · PRE     · signal     · ARB-USD · brk ▼ 57 · 15m
12:12 KSA · PRE     · signal     · HOLO-USD · orb ▼ 78 · 15m
12:12 KSA · PRE     · signal     · HOLO-USD · brk ▼ 77 · 15m
12:12 KSA · PRE     · signal     · BANK-USD · orb ▼ 85 · 15m
12:12 KSA · PRE     · signal     · TON-USD · brk ▼ 61 · 15m
12:12 KSA · PRE     · signal     · SENT-USD · sqzExp ▼ 57 · 1h
12:12 KSA · PRE     · signal     · PENGU-USD · brk ▼ 55 · 15m
12:12 KSA · PRE     · signal     · WLFI-USD · orb ▼ 60 · 15m
12:12 KSA · PRE     · signal     · ASTER-USD · sqzExp ▼ 65 · 1h
12:12 KSA · PRE     · signal     · APT-USD · sqzExp ▼ 65 · 1h
12:14 KSA · PRE     · scanner    · بدء المسح · 1153 رمزاً · الجلسة PRE
12:14 KSA · PRE     · signal     · INTC · brk ▲ 81 · 15m · جلسة ممتدة
12:14 KSA · PRE     · signal     · CSCO · vwapRec ▲ 79 · 15m · جلسة ممتدة
12:14 KSA · PRE     · signal     · KO · orb ▼ 100 · 15m · جلسة ممتدة
12:14 KSA · PRE     · signal     · CAT · brk ▲ 69 · 15m · جلسة ممتدة
12:14 KSA · PRE     · signal     · DELL · orb ▲ 76 · 15m · جلسة ممتدة
12:14 KSA · PRE     · signal     · LRCX · brk ▲ 81 · 15m · جلسة ممتدة
12:14 KSA · PRE     · signal     · AMAT · vwapRec ▲ 71 · 15m · جلسة ممتدة
12:14 KSA · PRE     · signal     · AMAT · brk ▲ 100 · 15m · جلسة ممتدة
12:14 KSA · PRE     · signal     · TXN · brk ▼ 100 · 15m · جلسة ممتدة
12:14 KSA · PRE     · signal     · KLAC · brk ▲ 81 · 15m · جلسة ممتدة
12:14 KSA · PRE     · signal     · APH · meanRev ▼ 100 · 15m · جلسة ممتدة
12:14 KSA · PRE     · signal     · ABT · vwapRec ▼ 57 · 15m · جلسة ممتدة
12:14 KSA · PRE     · signal     · UNP · brk ▲ 81 · 15m · جلسة ممتدة
12:14 KSA · PRE     · signal     · NOW · brk ▼ 100 · 15m · جلسة ممتدة
12:14 KSA · PRE     · signal     · NEM · vwapRec ▲ 62 · 15m · جلسة ممتدة
12:14 KSA · PRE     · signal     · VRTX · brk ▼ 100 · 15m · جلسة ممتدة
12:14 KSA · PRE     · signal     · BKNG · orb ▲ 82 · 15m · جلسة ممتدة
12:14 KSA · PRE     · signal     · GLW · vwapRec ▲ 59 · 15m · جلسة ممتدة
12:14 KSA · PRE     · signal     · GLW · brk ▲ 69 · 15m · جلسة ممتدة
12:14 KSA · PRE     · signal     · FCX · vwapRec ▲ 73 · 15m · جلسة ممتدة
12:14 KSA · PRE     · signal     · INTU · vwapRec ▼ 68 · 15m · جلسة ممتدة
12:14 KSA · PRE     · signal     · LITE · vwapRec ▲ 71 · 15m · جلسة ممتدة
12:14 KSA · PRE     · signal     · LITE · brk ▲ 69 · 15m · جلسة ممتدة
12:14 KSA · PRE     · signal     · COHR · orb ▲ 76 · 15m · جلسة ممتدة
12:14 KSA · PRE     · signal     · COHR · brk ▲ 69 · 15m · جلسة ممتدة
12:14 KSA · PRE     · signal     · TER · orb ▲ 65 · 15m · جلسة ممتدة
12:14 KSA · PRE     · signal     · TER · brk ▲ 81 · 15m · جلسة ممتدة
12:14 KSA · PRE     · signal     · SMCI · vwapRec ▲ 76 · 15m · جلسة ممتدة
12:14 KSA · PRE     · signal     · PEPE-USD · orb ▼ 55 · 15m
12:14 KSA · PRE     · signal     · ARB-USD · orb ▲ 63 · 15m
12:14 KSA · PRE     · signal     · BANK-USD · vwapRec ▲ 60 · 15m
12:16 KSA · PRE     · scanner    · بدء المسح · 1153 رمزاً · الجلسة PRE
12:16 KSA · PRE     · signal     · HON · meanRev ▼ 100 · 15m · جلسة ممتدة
12:18 KSA · PRE     · scanner    · بدء المسح · 1153 رمزاً · الجلسة PRE
12:18 KSA · PRE     · signal     · ADBE · vwapRec ▼ 100 · 15m · جلسة ممتدة
12:18 KSA · PRE     · signal     · HOLO-USD · vwapRec ▲ 100 · 15m
12:20 KSA · PRE     · scanner    · بدء المسح · 1153 رمزاً · الجلسة PRE
12:20 KSA · PRE     · signal     · BTC-USD · vwapRec ▲ 100 · 15m
12:20 KSA · PRE     · signal     · MU · vwapRec ▼ 79 · 15m · جلسة ممتدة
12:20 KSA · PRE     · signal     · AMD · vwapRec ▼ 79 · 15m · جلسة ممتدة
12:20 KSA · PRE     · signal     · ICP-USD · orb ▲ 64 · 15m
12:20 KSA · PRE     · signal     · PEPE-USD · vwapRec ▲ 100 · 15m
12:20 KSA · PRE     · signal     · PUMP-USD · orb ▲ 100 · 15m
12:20 KSA · PRE     · signal     · PUMP-USD · brk ▲ 69 · 15m
12:20 KSA · PRE     · signal     · STG-USD · brk ▼ 69 · 1d
12:23 KSA · PRE     · scanner    · بدء المسح · 1153 رمزاً · الجلسة PRE
12:23 KSA · PRE     · signal     · NVDA · orb ▼ 85 · 15m · جلسة ممتدة
12:23 KSA · PRE     · signal     · MSFT · vwapRec ▲ 74 · 15m · جلسة ممتدة
12:23 KSA · PRE     · signal     · AVGO · orb ▼ 91 · 15m · جلسة ممتدة
12:23 KSA · PRE     · signal     · BRK-B · brk ▲ 70 · 15m · جلسة ممتدة
12:23 KSA · PRE     · signal     · AMD · orb ▼ 68 · 15m · جلسة ممتدة
12:23 KSA · PRE     · signal     · INTC · orb ▼ 71 · 15m · جلسة ممتدة
12:23 KSA · PRE     · signal     · CAT · orb ▼ 90 · 15m · جلسة ممتدة
12:23 KSA · PRE     · signal     · CAT · vwapRec ▼ 55 · 15m · جلسة ممتدة
12:23 KSA · PRE     · signal     · ANET · orb ▼ 57 · 15m · جلسة ممتدة
12:23 KSA · PRE     · signal     · GEV · orb ▼ 72 · 15m · جلسة ممتدة
12:23 KSA · PRE     · signal     · SNDK · orb ▼ 76 · 15m · جلسة ممتدة
12:23 KSA · PRE     · signal     · KLAC · orb ▼ 85 · 15m · جلسة ممتدة
12:23 KSA · PRE     · signal     · MRVL · orb ▼ 68 · 15m · جلسة ممتدة
12:23 KSA · PRE     · signal     · APH · orb ▼ 68 · 15m · جلسة ممتدة
12:23 KSA · PRE     · signal     · STX · orb ▼ 88 · 15m · جلسة ممتدة
12:23 KSA · PRE     · signal     · ADI · orb ▼ 83 · 15m · جلسة ممتدة
12:23 KSA · PRE     · signal     · WDC · orb ▼ 88 · 15m · جلسة ممتدة
12:23 KSA · PRE     · signal     · GLW · orb ▼ 71 · 15m · جلسة ممتدة
12:23 KSA · PRE     · signal     · LMT · orb ▼ 75 · 15m · جلسة ممتدة
12:23 KSA · PRE     · signal     · FCX · orb ▼ 80 · 15m · جلسة ممتدة
12:23 KSA · PRE     · signal     · LITE · orb ▼ 71 · 15m · جلسة ممتدة
12:23 KSA · PRE     · signal     · HPE · orb ▼ 70 · 15m · جلسة ممتدة
12:23 KSA · PRE     · signal     · NSC · vwapRec ▼ 76 · 15m · جلسة ممتدة
12:23 KSA · PRE     · signal     · MCHP · orb ▼ 100 · 15m · جلسة ممتدة
12:23 KSA · PRE     · signal     · ON · orb ▼ 100 · 15m · جلسة ممتدة
12:23 KSA · PRE     · signal     · SMCI · orb ▼ 85 · 15m · جلسة ممتدة
12:23 KSA · PRE     · signal     · SMCI · brk ▼ 100 · 15m · جلسة ممتدة
12:23 KSA · PRE     · signal     · NEAR-USD · tfAlign ▲ 100 · 1d
12:23 KSA · PRE     · signal     · UNI-USD · brk ▼ 73 · 15m
12:23 KSA · PRE     · signal     · SUI-USD · orb ▼ 78 · 15m
12:23 KSA · PRE     · signal     · U-USD · orb ▼ 60 · 15m
12:23 KSA · PRE     · signal     · U-USD · brk ▼ 59 · 15m
12:23 KSA · PRE     · signal     · PEPE-USD · brk ▲ 61 · 15m
12:23 KSA · PRE     · signal     · TAO-USD · brk ▼ 70 · 15m
12:23 KSA · PRE     · signal     · THE-USD · brk ▼ 86 · 15m
12:23 KSA · PRE     · signal     · THE-USD · sqzExp ▼ 55 · 1h
12:23 KSA · PRE     · signal     · TRUMP-USD · vwapRec ▼ 57 · 15m
12:23 KSA · PRE     · signal     · TRUMP-USD · brk ▼ 77 · 15m
12:23 KSA · PRE     · signal     · EUR-USD · orb ▼ 80 · 15m
12:23 KSA · PRE     · signal     · EUR-USD · brk ▼ 73 · 15m
12:23 KSA · PRE     · signal     · EUR-USD · tfAlign ▼ 84 · 1d
12:23 KSA · PRE     · signal     · PUMP-USD · momo ▲ 56 · 1h
12:23 KSA · PRE     · signal     · ARB-USD · brk ▼ 64 · 15m
12:23 KSA · PRE     · signal     · HOLO-USD · orb ▼ 85 · 15m
12:23 KSA · PRE     · signal     · HOLO-USD · brk ▼ 73 · 15m
12:23 KSA · PRE     · signal     · BANK-USD · orb ▼ 65 · 15m
12:23 KSA · PRE     · signal     · BANK-USD · brk ▼ 57 · 15m
12:23 KSA · PRE     · signal     · TON-USD · brk ▼ 61 · 15m
12:23 KSA · PRE     · signal     · SENT-USD · sqzExp ▼ 57 · 1h
12:23 KSA · PRE     · signal     · PENGU-USD · orb ▼ 85 · 15m
12:23 KSA · PRE     · signal     · PENGU-USD · brk ▼ 73 · 15m
12:23 KSA · PRE     · signal     · WLFI-USD · orb ▼ 68 · 15m
12:23 KSA · PRE     · signal     · WLFI-USD · brk ▼ 55 · 15m
12:23 KSA · PRE     · signal     · ASTER-USD · sqzExp ▼ 55 · 1h
12:25 KSA · PRE     · scanner    · بدء المسح · 1153 رمزاً · الجلسة PRE
12:25 KSA · PRE     · signal     · BTC-USD · orb ▲ 64 · 15m
12:25 KSA · PRE     · signal     · INTC · brk ▲ 63 · 15m · جلسة ممتدة
12:25 KSA · PRE     · signal     · CSCO · vwapRec ▲ 79 · 15m · جلسة ممتدة
12:25 KSA · PRE     · signal     · LRCX · brk ▲ 81 · 15m · جلسة ممتدة
12:25 KSA · PRE     · signal     · AMAT · brk ▲ 100 · 15m · جلسة ممتدة
12:25 KSA · PRE     · signal     · TXN · brk ▼ 100 · 15m · جلسة ممتدة
12:25 KSA · PRE     · signal     · KLAC · brk ▲ 81 · 15m · جلسة ممتدة
12:25 KSA · PRE     · signal     · UNP · brk ▲ 81 · 15m · جلسة ممتدة
12:25 KSA · PRE     · signal     · NOW · brk ▼ 100 · 15m · جلسة ممتدة
12:25 KSA · PRE     · signal     · NEM · vwapRec ▲ 60 · 15m · جلسة ممتدة
12:25 KSA · PRE     · signal     · VRTX · brk ▼ 100 · 15m · جلسة ممتدة
12:25 KSA · PRE     · signal     · BKNG · orb ▲ 82 · 15m · جلسة ممتدة
12:25 KSA · PRE     · signal     · FTNT · orb ▼ 100 · 15m · جلسة ممتدة
12:25 KSA · PRE     · signal     · ADP · orb ▼ 100 · 15m · جلسة ممتدة
12:25 KSA · PRE     · signal     · FCX · vwapRec ▲ 73 · 15m · جلسة ممتدة
12:25 KSA · PRE     · signal     · INTU · vwapRec ▼ 68 · 15m · جلسة ممتدة
12:25 KSA · PRE     · signal     · LITE · vwapRec ▲ 71 · 15m · جلسة ممتدة
12:25 KSA · PRE     · signal     · LITE · brk ▲ 69 · 15m · جلسة ممتدة
12:25 KSA · PRE     · signal     · COHR · vwapRec ▲ 59 · 15m · جلسة ممتدة
12:25 KSA · PRE     · signal     · TER · brk ▲ 100 · 15m · جلسة ممتدة
12:25 KSA · PRE     · signal     · SMCI · vwapRec ▲ 76 · 15m · جلسة ممتدة
12:25 KSA · PRE     · signal     · DOT-USD · orb ▲ 100 · 15m
12:25 KSA · PRE     · signal     · DOT-USD · vwapRec ▲ 100 · 15m
12:25 KSA · PRE     · signal     · PEPE-USD · orb ▼ 70 · 15m
12:25 KSA · PRE     · signal     · PUMP-USD · brk ▲ 100 · 15m
12:25 KSA · PRE     · signal     · ARB-USD · orb ▲ 80 · 15m
12:25 KSA · PRE     · signal     · HOLO-USD · vwapRec ▲ 93 · 15m
12:25 KSA · PRE     · signal     · PENGU-USD · vwapRec ▲ 75 · 15m
12:26 KSA · PRE     · scanner    · بدء المسح · 1153 رمزاً · الجلسة PRE
12:26 KSA · PRE     · signal     · CMCSA · vwapRec ▼ 57 · 15m · جلسة ممتدة
12:28 KSA · PRE     · scanner    · بدء المسح · 1153 رمزاً · الجلسة PRE
12:28 KSA · PRE     · signal     · LIN · orb ▲ 100 · 15m · جلسة ممتدة
12:28 KSA · PRE     · signal     · UNI-USD · pbTrend ▲ 57 · 1h
12:28 KSA · PRE     · signal     · WLFI-USD · orb ▼ 100 · 15m
12:30 KSA · PRE     · scanner    · بدء المسح · 1153 رمزاً · الجلسة PRE
12:32 KSA · PRE     · scanner    · بدء المسح · 1153 رمزاً · الجلسة PRE
12:32 KSA · PRE     · signal     · NVDA · orb ▼ 85 · 15m · جلسة ممتدة
12:32 KSA · PRE     · signal     · MSFT · vwapRec ▲ 62 · 15m · جلسة ممتدة
12:32 KSA · PRE     · signal     · AVGO · orb ▼ 91 · 15m · جلسة ممتدة
12:32 KSA · PRE     · signal     · BRK-B · brk ▲ 70 · 15m · جلسة ممتدة
12:32 KSA · PRE     · signal     · MU · orb ▼ 88 · 15m · جلسة ممتدة
12:32 KSA · PRE     · signal     · AMD · orb ▼ 62 · 15m · جلسة ممتدة
12:32 KSA · PRE     · signal     · INTC · orb ▼ 71 · 15m · جلسة ممتدة
12:32 KSA · PRE     · signal     · CAT · orb ▼ 75 · 15m · جلسة ممتدة
12:32 KSA · PRE     · signal     · DELL · orb ▼ 57 · 15m · جلسة ممتدة
12:32 KSA · PRE     · signal     · ANET · orb ▼ 57 · 15m · جلسة ممتدة
12:32 KSA · PRE     · signal     · GEV · orb ▼ 72 · 15m · جلسة ممتدة
12:32 KSA · PRE     · signal     · SNDK · orb ▼ 76 · 15m · جلسة ممتدة
12:32 KSA · PRE     · signal     · KLAC · orb ▼ 85 · 15m · جلسة ممتدة
12:32 KSA · PRE     · signal     · MRVL · orb ▼ 68 · 15m · جلسة ممتدة
12:32 KSA · PRE     · signal     · STX · orb ▼ 88 · 15m · جلسة ممتدة
12:32 KSA · PRE     · signal     · WDC · orb ▼ 75 · 15m · جلسة ممتدة
12:32 KSA · PRE     · signal     · GLW · orb ▼ 60 · 15m · جلسة ممتدة
12:32 KSA · PRE     · signal     · FCX · orb ▼ 80 · 15m · جلسة ممتدة
12:32 KSA · PRE     · signal     · LITE · orb ▼ 71 · 15m · جلسة ممتدة
12:32 KSA · PRE     · signal     · HPE · orb ▼ 70 · 15m · جلسة ممتدة
12:32 KSA · PRE     · signal     · NSC · vwapRec ▼ 76 · 15m · جلسة ممتدة
12:32 KSA · PRE     · signal     · COHR · orb ▼ 60 · 15m · جلسة ممتدة
12:32 KSA · PRE     · signal     · TER · orb ▼ 79 · 15m · جلسة ممتدة
12:32 KSA · PRE     · signal     · MCHP · orb ▼ 100 · 15m · جلسة ممتدة
12:32 KSA · PRE     · signal     · HPQ · orb ▼ 70 · 15m · جلسة ممتدة
12:32 KSA · PRE     · signal     · SMCI · orb ▼ 85 · 15m · جلسة ممتدة
12:32 KSA · PRE     · signal     · SMCI · brk ▼ 100 · 15m · جلسة ممتدة
12:32 KSA · PRE     · signal     · AVAX-USD · vwapRec ▼ 93 · 15m
12:32 KSA · PRE     · signal     · SUI-USD · orb ▼ 85 · 15m
12:32 KSA · PRE     · signal     · U-USD · orb ▼ 57 · 15m
12:32 KSA · PRE     · signal     · PEPE-USD · brk ▲ 55 · 15m
12:32 KSA · PRE     · signal     · PEPE-USD · volSpike ▼ 56 · 15m
12:32 KSA · PRE     · signal     · TAO-USD · brk ▼ 61 · 15m
12:32 KSA · PRE     · signal     · THE-USD · brk ▼ 55 · 15m
12:32 KSA · PRE     · signal     · THE-USD · sqzExp ▼ 55 · 1h
12:32 KSA · PRE     · signal     · TRUMP-USD · brk ▼ 55 · 15m
12:32 KSA · PRE     · signal     · EUR-USD · orb ▼ 65 · 15m
12:32 KSA · PRE     · signal     · EUR-USD · brk ▼ 55 · 15m
12:32 KSA · PRE     · signal     · HOLO-USD · orb ▼ 85 · 15m
12:32 KSA · PRE     · signal     · HOLO-USD · brk ▼ 80 · 15m
12:32 KSA · PRE     · signal     · BANK-USD · orb ▼ 73 · 15m
12:32 KSA · PRE     · signal     · TON-USD · brk ▼ 61 · 15m
12:32 KSA · PRE     · signal     · SENT-USD · sqzExp ▼ 57 · 1h
12:32 KSA · PRE     · signal     · PENGU-USD · orb ▼ 85 · 15m
12:32 KSA · PRE     · signal     · PENGU-USD · brk ▼ 73 · 15m
12:32 KSA · PRE     · signal     · ASTER-USD · sqzExp ▼ 55 · 1h
12:34 KSA · PRE     · scanner    · بدء المسح · 1153 رمزاً · الجلسة PRE
12:34 KSA · PRE     · signal     · INTC · brk ▲ 63 · 15m · جلسة ممتدة
12:34 KSA · PRE     · signal     · CSCO · vwapRec ▲ 79 · 15m · جلسة ممتدة
12:34 KSA · PRE     · signal     · KO · orb ▼ 100 · 15m · جلسة ممتدة
12:34 KSA · PRE     · signal     · LRCX · vwapRec ▲ 73 · 15m · جلسة ممتدة
12:34 KSA · PRE     · signal     · LRCX · brk ▲ 81 · 15m · جلسة ممتدة
12:34 KSA · PRE     · signal     · AMAT · brk ▲ 100 · 15m · جلسة ممتدة
12:34 KSA · PRE     · signal     · KLAC · brk ▲ 81 · 15m · جلسة ممتدة
12:34 KSA · PRE     · signal     · TMUS · orb ▲ 71 · 15m · جلسة ممتدة
12:34 KSA · PRE     · signal     · UNP · brk ▲ 81 · 15m · جلسة ممتدة
12:34 KSA · PRE     · signal     · NOW · brk ▼ 100 · 15m · جلسة ممتدة
12:34 KSA · PRE     · signal     · VRTX · brk ▼ 100 · 15m · جلسة ممتدة
12:34 KSA · PRE     · signal     · FTNT · orb ▼ 100 · 15m · جلسة ممتدة
12:34 KSA · PRE     · signal     · ADP · orb ▼ 100 · 15m · جلسة ممتدة
12:34 KSA · PRE     · signal     · FCX · vwapRec ▲ 73 · 15m · جلسة ممتدة
12:34 KSA · PRE     · signal     · LITE · vwapRec ▲ 59 · 15m · جلسة ممتدة
12:34 KSA · PRE     · signal     · LITE · brk ▲ 100 · 15m · جلسة ممتدة
12:34 KSA · PRE     · signal     · TER · brk ▲ 100 · 15m · جلسة ممتدة
12:34 KSA · PRE     · signal     · SMCI · vwapRec ▲ 76 · 15m · جلسة ممتدة
12:34 KSA · PRE     · signal     · PEPE-USD · orb ▼ 73 · 15m
12:34 KSA · PRE     · signal     · PUMP-USD · brk ▲ 100 · 15m
12:34 KSA · PRE     · signal     · ARB-USD · orb ▲ 65 · 15m
12:34 KSA · PRE     · signal     · PENGU-USD · vwapRec ▲ 93 · 15m
12:37 KSA · PRE     · scanner    · بدء المسح · 1153 رمزاً · الجلسة PRE
12:37 KSA · PRE     · signal     · DELL · orb ▲ 100 · 15m · جلسة ممتدة
12:37 KSA · PRE     · signal     · PANW · vwapRec ▼ 79 · 15m · جلسة ممتدة
12:37 KSA · PRE     · signal     · SOL-USD · orb ▲ 82 · 15m
12:37 KSA · PRE     · signal     · COHR · orb ▲ 82 · 15m · جلسة ممتدة
12:37 KSA · PRE     · signal     · COHR · brk ▲ 69 · 15m · جلسة ممتدة
12:37 KSA · PRE     · signal     · TRUMP-USD · vwapRec ▼ 100 · 15m
12:37 KSA · PRE     · signal     · HOLO-USD · vwapRec ▲ 100 · 15m
12:38 KSA · PRE     · scanner    · بدء المسح · 1153 رمزاً · الجلسة PRE
12:38 KSA · PRE     · signal     · NEM · vwapRec ▲ 79 · 15m · جلسة ممتدة
12:40 KSA · PRE     · scanner    · بدء المسح · 1153 رمزاً · الجلسة PRE
12:40 KSA · PRE     · signal     · ADBE · orb ▼ 64 · 15m · جلسة ممتدة
12:40 KSA · PRE     · signal     · UNI-USD · pbTrend ▲ 57 · 1h
12:42 KSA · PRE     · scanner    · بدء المسح · 1153 رمزاً · الجلسة PRE
12:42 KSA · PRE     · signal     · NVDA · orb ▼ 85 · 15m · جلسة ممتدة
12:42 KSA · PRE     · signal     · MSFT · vwapRec ▲ 62 · 15m · جلسة ممتدة
12:42 KSA · PRE     · signal     · AVGO · orb ▼ 91 · 15m · جلسة ممتدة
12:42 KSA · PRE     · signal     · BRK-B · brk ▲ 70 · 15m · جلسة ممتدة
12:42 KSA · PRE     · signal     · MU · orb ▼ 88 · 15m · جلسة ممتدة
12:42 KSA · PRE     · signal     · AMD · orb ▼ 62 · 15m · جلسة ممتدة
12:42 KSA · PRE     · signal     · INTC · orb ▼ 71 · 15m · جلسة ممتدة
12:42 KSA · PRE     · signal     · CAT · orb ▼ 75 · 15m · جلسة ممتدة
12:42 KSA · PRE     · signal     · ANET · orb ▼ 57 · 15m · جلسة ممتدة
12:42 KSA · PRE     · signal     · GEV · orb ▼ 72 · 15m · جلسة ممتدة
12:42 KSA · PRE     · signal     · SNDK · orb ▼ 76 · 15m · جلسة ممتدة
12:42 KSA · PRE     · signal     · KLAC · orb ▼ 91 · 15m · جلسة ممتدة
12:42 KSA · PRE     · signal     · MRVL · orb ▼ 68 · 15m · جلسة ممتدة
12:42 KSA · PRE     · signal     · STX · orb ▼ 88 · 15m · جلسة ممتدة
12:42 KSA · PRE     · signal     · WDC · orb ▼ 88 · 15m · جلسة ممتدة
12:42 KSA · PRE     · signal     · GLW · orb ▼ 60 · 15m · جلسة ممتدة
12:42 KSA · PRE     · signal     · FCX · orb ▼ 80 · 15m · جلسة ممتدة
12:42 KSA · PRE     · signal     · LITE · orb ▼ 71 · 15m · جلسة ممتدة
12:42 KSA · PRE     · signal     · HPE · orb ▼ 70 · 15m · جلسة ممتدة
12:42 KSA · PRE     · signal     · NSC · vwapRec ▼ 76 · 15m · جلسة ممتدة
12:42 KSA · PRE     · signal     · TER · orb ▼ 79 · 15m · جلسة ممتدة
12:42 KSA · PRE     · signal     · MCHP · orb ▼ 100 · 15m · جلسة ممتدة
12:42 KSA · PRE     · signal     · ON · orb ▼ 100 · 15m · جلسة ممتدة
12:42 KSA · PRE     · signal     · SMCI · orb ▼ 85 · 15m · جلسة ممتدة
12:42 KSA · PRE     · signal     · SMCI · brk ▼ 100 · 15m · جلسة ممتدة
12:42 KSA · PRE     · signal     · LSK-USD · rsiDiv ▼ 78 · 15m
12:42 KSA · PRE     · signal     · LSK-USD · tfAlign ▲ 95 · 1d
12:42 KSA · PRE     · signal     · REZ-USD · vwapRec ▲ 70 · 15m
12:42 KSA · PRE     · signal     · SUI-USD · orb ▼ 85 · 15m
12:42 KSA · PRE     · signal     · SUI-USD · vwapRec ▼ 65 · 15m
12:42 KSA · PRE     · signal     · U-USD · orb ▼ 57 · 15m
12:42 KSA · PRE     · signal     · PEPE-USD · brk ▲ 55 · 15m
12:42 KSA · PRE     · signal     · TAO-USD · brk ▼ 61 · 15m
12:42 KSA · PRE     · signal     · THE-USD · brk ▼ 55 · 15m
12:42 KSA · PRE     · signal     · THE-USD · sqzExp ▼ 55 · 1h
12:42 KSA · PRE     · signal     · TRUMP-USD · brk ▼ 55 · 15m
12:42 KSA · PRE     · signal     · EUR-USD · orb ▼ 65 · 15m
12:42 KSA · PRE     · signal     · EUR-USD · brk ▼ 55 · 15m
12:42 KSA · PRE     · signal     · PUMP-USD · vwapRec ▲ 75 · 15m
12:42 KSA · PRE     · signal     · HOLO-USD · orb ▼ 85 · 15m
12:42 KSA · PRE     · signal     · HOLO-USD · brk ▼ 80 · 15m
12:42 KSA · PRE     · signal     · BANK-USD · orb ▼ 73 · 15m
12:42 KSA · PRE     · signal     · TON-USD · brk ▼ 61 · 15m
12:42 KSA · PRE     · signal     · SENT-USD · sqzExp ▼ 57 · 1h
12:42 KSA · PRE     · signal     · PENGU-USD · orb ▼ 85 · 15m
12:42 KSA · PRE     · signal     · PENGU-USD · brk ▼ 73 · 15m
12:42 KSA · PRE     · signal     · WLFI-USD · orb ▼ 68 · 15m
12:42 KSA · PRE     · signal     · ASTER-USD · sqzExp ▼ 55 · 1h
12:44 KSA · PRE     · scanner    · بدء المسح · 1153 رمزاً · الجلسة PRE
12:44 KSA · PRE     · signal     · INTC · brk ▲ 63 · 15m · جلسة ممتدة
12:44 KSA · PRE     · signal     · CSCO · vwapRec ▲ 79 · 15m · جلسة ممتدة
12:44 KSA · PRE     · signal     · KO · orb ▼ 100 · 15m · جلسة ممتدة
12:44 KSA · PRE     · signal     · DELL · orb ▲ 65 · 15m · جلسة ممتدة
12:44 KSA · PRE     · signal     · LRCX · brk ▲ 63 · 15m · جلسة ممتدة
12:44 KSA · PRE     · signal     · AMAT · brk ▲ 100 · 15m · جلسة ممتدة
12:44 KSA · PRE     · signal     · KLAC · brk ▲ 81 · 15m · جلسة ممتدة
12:44 KSA · PRE     · signal     · CRM · vwapRec ▼ 60 · 15m · جلسة ممتدة
12:44 KSA · PRE     · signal     · TMUS · orb ▲ 71 · 15m · جلسة ممتدة
12:44 KSA · PRE     · signal     · UNP · brk ▲ 81 · 15m · جلسة ممتدة
12:44 KSA · PRE     · signal     · NOW · brk ▼ 100 · 15m · جلسة ممتدة
12:44 KSA · PRE     · signal     · NEM · vwapRec ▲ 62 · 15m · جلسة ممتدة
12:44 KSA · PRE     · signal     · VRTX · brk ▼ 100 · 15m · جلسة ممتدة
12:44 KSA · PRE     · signal     · FTNT · orb ▼ 100 · 15m · جلسة ممتدة
12:44 KSA · PRE     · signal     · ADP · orb ▼ 100 · 15m · جلسة ممتدة
12:44 KSA · PRE     · signal     · FCX · vwapRec ▲ 73 · 15m · جلسة ممتدة
12:44 KSA · PRE     · signal     · LITE · vwapRec ▲ 59 · 15m · جلسة ممتدة
12:44 KSA · PRE     · signal     · LITE · brk ▲ 100 · 15m · جلسة ممتدة
12:44 KSA · PRE     · signal     · COHR · orb ▲ 88 · 15m · جلسة ممتدة
12:44 KSA · PRE     · signal     · COHR · brk ▲ 100 · 15m · جلسة ممتدة
12:44 KSA · PRE     · signal     · TER · brk ▲ 81 · 15m · جلسة ممتدة
12:44 KSA · PRE     · signal     · SMCI · vwapRec ▲ 65 · 15m · جلسة ممتدة
12:44 KSA · PRE     · signal     · REZ-USD · orb ▲ 100 · 15m
12:44 KSA · PRE     · signal     · PEPE-USD · orb ▼ 80 · 15m
12:44 KSA · PRE     · signal     · PEPE-USD · vwapRec ▼ 60 · 15m
12:44 KSA · PRE     · signal     · ARB-USD · orb ▲ 57 · 15m
12:44 KSA · PRE     · signal     · BANK-USD · pbTrend ▼ 100 · 1h
12:44 KSA · PRE     · signal     · PENGU-USD · vwapRec ▲ 68 · 15m
12:46 KSA · PRE     · scanner    · بدء المسح · 1153 رمزاً · الجلسة PRE
12:46 KSA · PRE     · signal     · GEV · orb ▲ 100 · 15m · جلسة ممتدة
12:46 KSA · PRE     · signal     · HOLO-USD · vwapRec ▼ 79 · 15m
12:46 KSA · PRE     · signal     · BANK-USD · brk ▲ 100 · 15m
12:46 KSA · PRE     · signal     · WLFI-USD · orb ▼ 100 · 15m
12:48 KSA · PRE     · scanner    · بدء المسح · 1153 رمزاً · الجلسة PRE
12:50 KSA · PRE     · scanner    · بدء المسح · 1153 رمزاً · الجلسة PRE
12:50 KSA · PRE     · signal     · CAT · orb ▲ 82 · 15m · جلسة ممتدة
12:50 KSA · PRE     · signal     · CAT · brk ▲ 100 · 15m · جلسة ممتدة
12:50 KSA · PRE     · signal     · GLW · brk ▲ 69 · 15m · جلسة ممتدة
12:50 KSA · PRE     · signal     · XRP-USD · orb ▲ 64 · 15m
12:50 KSA · PRE     · signal     · MRNA · vwapRec ▼ 79 · 15m · جلسة ممتدة
12:50 KSA · PRE     · signal     · SUI-USD · vwapRec ▲ 100 · 15m
12:50 KSA · PRE     · signal     · GLMR-USD · brk ▼ 69 · 1d
12:50 KSA · PRE     · signal     · GLMR-USD · meanRev ▲ 100 · 1d
12:52 KSA · PRE     · scanner    · بدء المسح · 1153 رمزاً · الجلسة PRE
12:52 KSA · PRE     · signal     · NVDA · orb ▼ 85 · 15m · جلسة ممتدة
12:52 KSA · PRE     · signal     · MSFT · vwapRec ▲ 62 · 15m · جلسة ممتدة
12:52 KSA · PRE     · signal     · AVGO · orb ▼ 91 · 15m · جلسة ممتدة
12:52 KSA · PRE     · signal     · BRK-B · brk ▲ 70 · 15m · جلسة ممتدة
12:52 KSA · PRE     · signal     · MU · orb ▼ 88 · 15m · جلسة ممتدة
12:52 KSA · PRE     · signal     · AMD · orb ▼ 62 · 15m · جلسة ممتدة
12:52 KSA · PRE     · signal     · INTC · orb ▼ 71 · 15m · جلسة ممتدة
12:52 KSA · PRE     · signal     · CAT · vwapRec ▼ 55 · 15m · جلسة ممتدة
12:52 KSA · PRE     · signal     · MRK · vwapRec ▲ 65 · 15m · جلسة ممتدة
12:52 KSA · PRE     · signal     · GS · vwapRec ▼ 55 · 15m · جلسة ممتدة
12:52 KSA · PRE     · signal     · ANET · orb ▼ 57 · 15m · جلسة ممتدة
12:52 KSA · PRE     · signal     · TXN · orb ▼ 85 · 15m · جلسة ممتدة
12:52 KSA · PRE     · signal     · SNDK · orb ▼ 76 · 15m · جلسة ممتدة
12:52 KSA · PRE     · signal     · KLAC · orb ▼ 91 · 15m · جلسة ممتدة
12:52 KSA · PRE     · signal     · MRVL · orb ▼ 59 · 15m · جلسة ممتدة
12:52 KSA · PRE     · signal     · STX · orb ▼ 88 · 15m · جلسة ممتدة
12:52 KSA · PRE     · signal     · WDC · orb ▼ 88 · 15m · جلسة ممتدة
12:52 KSA · PRE     · signal     · GLW · orb ▼ 60 · 15m · جلسة ممتدة
12:52 KSA · PRE     · signal     · FCX · orb ▼ 85 · 15m · جلسة ممتدة
12:52 KSA · PRE     · signal     · LITE · orb ▼ 71 · 15m · جلسة ممتدة
12:52 KSA · PRE     · signal     · HPE · orb ▼ 70 · 15m · جلسة ممتدة
12:52 KSA · PRE     · signal     · NSC · vwapRec ▼ 76 · 15m · جلسة ممتدة
12:52 KSA · PRE     · signal     · MPWR · vwapRec ▼ 59 · 15m · جلسة ممتدة
12:52 KSA · PRE     · signal     · TER · orb ▼ 68 · 15m · جلسة ممتدة
12:52 KSA · PRE     · signal     · MCHP · orb ▼ 100 · 15m · جلسة ممتدة
12:52 KSA · PRE     · signal     · ON · orb ▼ 100 · 15m · جلسة ممتدة
12:52 KSA · PRE     · signal     · SMCI · orb ▼ 85 · 15m · جلسة ممتدة
12:52 KSA · PRE     · signal     · SMCI · brk ▼ 100 · 15m · جلسة ممتدة
12:52 KSA · PRE     · signal     · LTC-USD · volSpike ▲ 78 · 15m
12:52 KSA · PRE     · signal     · ONDO-USD · vwapRec ▼ 85 · 15m
12:52 KSA · PRE     · signal     · UNI-USD · pbTrend ▲ 67 · 1h
12:52 KSA · PRE     · signal     · SUI-USD · orb ▼ 70 · 15m
12:52 KSA · PRE     · signal     · U-USD · brk ▼ 55 · 15m
12:52 KSA · PRE     · signal     · PEPE-USD · brk ▲ 61 · 15m
12:52 KSA · PRE     · signal     · TAO-USD · brk ▼ 55 · 15m
12:52 KSA · PRE     · signal     · THE-USD · brk ▼ 55 · 15m
12:52 KSA · PRE     · signal     · THE-USD · sqzExp ▼ 55 · 1h
12:52 KSA · PRE     · signal     · TRUMP-USD · brk ▼ 80 · 15m
12:52 KSA · PRE     · signal     · EUR-USD · orb ▼ 65 · 15m
12:52 KSA · PRE     · signal     · EUR-USD · brk ▼ 61 · 15m
12:52 KSA · PRE     · signal     · HOLO-USD · orb ▼ 85 · 15m
12:52 KSA · PRE     · signal     · HOLO-USD · brk ▼ 80 · 15m
12:52 KSA · PRE     · signal     · BANK-USD · orb ▼ 73 · 15m
12:52 KSA · PRE     · signal     · TON-USD · brk ▼ 61 · 15m
12:52 KSA · PRE     · signal     · SENT-USD · sqzExp ▼ 57 · 1h
12:52 KSA · PRE     · signal     · PENGU-USD · orb ▼ 85 · 15m
12:52 KSA · PRE     · signal     · PENGU-USD · brk ▼ 73 · 15m
12:52 KSA · PRE     · signal     · ASTER-USD · sqzExp ▼ 55 · 1h
12:54 KSA · PRE     · scanner    · بدء المسح · 1153 رمزاً · الجلسة PRE
12:54 KSA · PRE     · signal     · INTC · brk ▲ 63 · 15m · جلسة ممتدة
12:54 KSA · PRE     · signal     · CSCO · vwapRec ▲ 79 · 15m · جلسة ممتدة
12:54 KSA · PRE     · signal     · CAT · orb ▲ 70 · 15m · جلسة ممتدة
12:54 KSA · PRE     · signal     · CAT · brk ▲ 100 · 15m · جلسة ممتدة
12:54 KSA · PRE     · signal     · LRCX · brk ▲ 63 · 15m · جلسة ممتدة
12:54 KSA · PRE     · signal     · AMAT · brk ▲ 100 · 15m · جلسة ممتدة
12:54 KSA · PRE     · signal     · GEV · orb ▲ 72 · 15m · جلسة ممتدة
12:54 KSA · PRE     · signal     · KLAC · brk ▲ 81 · 15m · جلسة ممتدة
12:54 KSA · PRE     · signal     · TMUS · orb ▲ 71 · 15m · جلسة ممتدة
12:54 KSA · PRE     · signal     · UNP · brk ▲ 81 · 15m · جلسة ممتدة
12:54 KSA · PRE     · signal     · NOW · brk ▼ 100 · 15m · جلسة ممتدة
12:54 KSA · PRE     · signal     · NEM · vwapRec ▲ 60 · 15m · جلسة ممتدة
12:54 KSA · PRE     · signal     · VRTX · brk ▼ 100 · 15m · جلسة ممتدة
12:54 KSA · PRE     · signal     · FTNT · orb ▼ 100 · 15m · جلسة ممتدة
12:54 KSA · PRE     · signal     · GLW · brk ▲ 69 · 15m · جلسة ممتدة
12:54 KSA · PRE     · signal     · ADP · orb ▼ 100 · 15m · جلسة ممتدة
12:54 KSA · PRE     · signal     · INTU · meanRev ▲ 100 · 15m · جلسة ممتدة
12:54 KSA · PRE     · signal     · LITE · brk ▲ 100 · 15m · جلسة ممتدة
12:54 KSA · PRE     · signal     · FIX · vwapRec ▲ 68 · 15m · جلسة ممتدة
12:54 KSA · PRE     · signal     · COHR · orb ▲ 88 · 15m · جلسة ممتدة
12:54 KSA · PRE     · signal     · COHR · brk ▲ 100 · 15m · جلسة ممتدة
12:54 KSA · PRE     · signal     · TER · brk ▲ 81 · 15m · جلسة ممتدة
12:54 KSA · PRE     · signal     · NEAR-USD · brk ▲ 100 · 15m
12:54 KSA · PRE     · signal     · WLD-USD · orb ▲ 100 · 15m
12:54 KSA · PRE     · signal     · SUI-USD · vwapRec ▲ 85 · 15m
12:54 KSA · PRE     · signal     · PEPE-USD · orb ▼ 80 · 15m
12:54 KSA · PRE     · signal     · ARB-USD · orb ▲ 73 · 15m
12:54 KSA · PRE     · signal     · PENGU-USD · vwapRec ▲ 57 · 15m
12:56 KSA · PRE     · scanner    · بدء المسح · 1153 رمزاً · الجلسة PRE
12:56 KSA · PRE     · signal     · TMUS · sqzExp ▼ 100 · 1h · جلسة ممتدة
12:56 KSA · PRE     · signal     · LITE · orb ▲ 82 · 15m · جلسة ممتدة
12:58 KSA · PRE     · scanner    · بدء المسح · 1153 رمزاً · الجلسة PRE
12:58 KSA · PRE     · signal     · KO · orb ▼ 82 · 15m · جلسة ممتدة
12:58 KSA · PRE     · signal     · DELL · orb ▲ 100 · 15m · جلسة ممتدة
12:58 KSA · PRE     · signal     · FCX · vwapRec ▼ 57 · 15m · جلسة ممتدة
12:58 KSA · PRE     · signal     · ON · orb ▲ 100 · 15m · جلسة ممتدة
12:58 KSA · PRE     · signal     · HOLO-USD · orb ▼ 100 · 15m
12:58 KSA · PRE     · signal     · HOLO-USD · brk ▼ 100 · 15m
13:00 KSA · PRE     · scanner    · بدء المسح · 1153 رمزاً · الجلسة PRE
13:00 KSA · PRE     · signal     · HPE · orb ▲ 100 · 15m · جلسة ممتدة
13:00 KSA · PRE     · signal     · TER · orb ▲ 82 · 15m · جلسة ممتدة
13:03 KSA · PRE     · scanner    · بدء المسح · 1153 رمزاً · الجلسة PRE
13:03 KSA · PRE     · signal     · NVDA · orb ▼ 85 · 15m · جلسة ممتدة
13:03 KSA · PRE     · signal     · AVGO · orb ▼ 78 · 15m · جلسة ممتدة
13:03 KSA · PRE     · signal     · BRK-B · brk ▲ 70 · 15m · جلسة ممتدة
13:03 KSA · PRE     · signal     · MU · orb ▼ 88 · 15m · جلسة ممتدة
13:03 KSA · PRE     · signal     · AMD · orb ▼ 62 · 15m · جلسة ممتدة
13:03 KSA · PRE     · signal     · INTC · orb ▼ 71 · 15m · جلسة ممتدة
13:03 KSA · PRE     · signal     · ANET · orb ▼ 57 · 15m · جلسة ممتدة
13:03 KSA · PRE     · signal     · SNDK · orb ▼ 76 · 15m · جلسة ممتدة
13:03 KSA · PRE     · signal     · KLAC · orb ▼ 85 · 15m · جلسة ممتدة
13:03 KSA · PRE     · signal     · CRM · vwapRec ▲ 60 · 15m · جلسة ممتدة
13:03 KSA · PRE     · signal     · MRVL · orb ▼ 59 · 15m · جلسة ممتدة
13:03 KSA · PRE     · signal     · PEP · vwapRec ▼ 70 · 15m · جلسة ممتدة
13:03 KSA · PRE     · signal     · STX · orb ▼ 90 · 15m · جلسة ممتدة
13:03 KSA · PRE     · signal     · ADI · orb ▼ 79 · 15m · جلسة ممتدة
13:03 KSA · PRE     · signal     · NEE · brk ▼ 68 · 15m · جلسة ممتدة
13:03 KSA · PRE     · signal     · WDC · orb ▼ 83 · 15m · جلسة ممتدة
13:03 KSA · PRE     · signal     · GLW · orb ▼ 60 · 15m · جلسة ممتدة
13:03 KSA · PRE     · signal     · BNB-USD · vwapRec ▼ 75 · 15m
13:03 KSA · PRE     · signal     · NSC · vwapRec ▼ 76 · 15m · جلسة ممتدة
13:03 KSA · PRE     · signal     · BSX · orb ▼ 78 · 15m · جلسة ممتدة
13:03 KSA · PRE     · signal     · BSX · vwapRec ▼ 78 · 15m · جلسة ممتدة
13:03 KSA · PRE     · signal     · MCHP · orb ▼ 100 · 15m · جلسة ممتدة
13:03 KSA · PRE     · signal     · SMCI · orb ▼ 85 · 15m · جلسة ممتدة
13:03 KSA · PRE     · signal     · SMCI · brk ▼ 100 · 15m · جلسة ممتدة
13:03 KSA · PRE     · signal     · DASH-USD · volSpike ▲ 67 · 15m
13:03 KSA · PRE     · signal     · UNI-USD · pbTrend ▲ 67 · 1h
13:03 KSA · PRE     · signal     · SUI-USD · orb ▼ 70 · 15m
13:03 KSA · PRE     · signal     · U-USD · orb ▼ 57 · 15m
13:03 KSA · PRE     · signal     · U-USD · brk ▼ 64 · 15m
13:03 KSA · PRE     · signal     · TAO-USD · brk ▼ 55 · 15m
13:03 KSA · PRE     · signal     · THE-USD · brk ▼ 64 · 15m
13:03 KSA · PRE     · signal     · THE-USD · sqzExp ▼ 55 · 1h
13:03 KSA · PRE     · signal     · TRUMP-USD · brk ▼ 55 · 15m
13:03 KSA · PRE     · signal     · EUR-USD · orb ▼ 65 · 15m
13:03 KSA · PRE     · signal     · EUR-USD · brk ▼ 61 · 15m
13:03 KSA · PRE     · signal     · PUMP-USD · volSpike ▲ 75 · 15m
13:03 KSA · PRE     · signal     · ARB-USD · brk ▼ 59 · 15m
13:03 KSA · PRE     · signal     · HOLO-USD · volSpike ▼ 72 · 15m
13:03 KSA · PRE     · signal     · BANK-USD · orb ▼ 80 · 15m
13:03 KSA · PRE     · signal     · BANK-USD · brk ▼ 75 · 15m
13:03 KSA · PRE     · signal     · TON-USD · brk ▼ 61 · 15m
13:03 KSA · PRE     · signal     · SENT-USD · sqzExp ▼ 57 · 1h
13:03 KSA · PRE     · signal     · PENGU-USD · orb ▼ 85 · 15m
13:03 KSA · PRE     · signal     · PENGU-USD · brk ▼ 86 · 15m
13:03 KSA · PRE     · signal     · PENGU-USD · volSpike ▼ 89 · 15m
13:03 KSA · PRE     · signal     · WLFI-USD · orb ▼ 75 · 15m
13:03 KSA · PRE     · signal     · ASTER-USD · sqzExp ▼ 55 · 1h
13:04 KSA · PRE     · scanner    · بدء المسح · 1153 رمزاً · الجلسة PRE
13:04 KSA · PRE     · signal     · WMT · orb ▲ 82 · 15m · جلسة ممتدة
13:04 KSA · PRE     · signal     · INTC · brk ▲ 81 · 15m · جلسة ممتدة
13:04 KSA · PRE     · signal     · KO · orb ▼ 82 · 15m · جلسة ممتدة
13:04 KSA · PRE     · signal     · CAT · orb ▲ 55 · 15m · جلسة ممتدة
13:04 KSA · PRE     · signal     · CAT · vwapRec ▲ 60 · 15m · جلسة ممتدة
13:04 KSA · PRE     · signal     · CAT · brk ▲ 100 · 15m · جلسة ممتدة
13:04 KSA · PRE     · signal     · LRCX · brk ▲ 81 · 15m · جلسة ممتدة
13:04 KSA · PRE     · signal     · AMAT · brk ▲ 100 · 15m · جلسة ممتدة
13:04 KSA · PRE     · signal     · TXN · vwapRec ▲ 60 · 15m · جلسة ممتدة
13:04 KSA · PRE     · signal     · GEV · orb ▲ 72 · 15m · جلسة ممتدة
13:04 KSA · PRE     · signal     · KLAC · brk ▲ 81 · 15m · جلسة ممتدة
13:04 KSA · PRE     · signal     · UNP · brk ▲ 81 · 15m · جلسة ممتدة
13:04 KSA · PRE     · signal     · NOW · brk ▼ 100 · 15m · جلسة ممتدة
13:04 KSA · PRE     · signal     · NEM · vwapRec ▲ 60 · 15m · جلسة ممتدة
13:04 KSA · PRE     · signal     · VRTX · brk ▼ 100 · 15m · جلسة ممتدة
13:04 KSA · PRE     · signal     · FTNT · orb ▼ 100 · 15m · جلسة ممتدة
13:04 KSA · PRE     · signal     · ADP · orb ▼ 100 · 15m · جلسة ممتدة
13:04 KSA · PRE     · signal     · LITE · brk ▲ 100 · 15m · جلسة ممتدة
13:04 KSA · PRE     · signal     · MPWR · vwapRec ▲ 70 · 15m · جلسة ممتدة
13:04 KSA · PRE     · signal     · FIX · vwapRec ▲ 75 · 15m · جلسة ممتدة
13:04 KSA · PRE     · signal     · TER · brk ▲ 81 · 15m · جلسة ممتدة
13:04 KSA · PRE     · signal     · MCHP · brk ▲ 69 · 15m · جلسة ممتدة
13:04 KSA · PRE     · signal     · RDDT · orb ▲ 82 · 15m · جلسة ممتدة
13:04 KSA · PRE     · signal     · ON · orb ▲ 85 · 15m · جلسة ممتدة
13:04 KSA · PRE     · signal     · SUI-USD · vwapRec ▲ 85 · 15m
13:04 KSA · PRE     · signal     · PEPE-USD · orb ▼ 65 · 15m
13:04 KSA · PRE     · signal     · ARB-USD · orb ▲ 73 · 15m
13:04 KSA · PRE     · signal     · PENGU-USD · vwapRec ▲ 93 · 15m
13:08 KSA · PRE     · scanner    · بدء المسح · 1153 رمزاً · الجلسة PRE
13:08 KSA · PRE     · signal     · CSCO · vwapRec ▲ 79 · 15m · جلسة ممتدة
13:08 KSA · PRE     · signal     · CIEN · vwapRec ▲ 57 · 15m · جلسة ممتدة
13:08 KSA · PRE     · signal     · DASH-USD · meanRev ▼ 100 · 15m
13:08 KSA · PRE     · signal     · TRUMP-USD · vwapRec ▼ 100 · 15m
13:10 KSA · PRE     · scanner    · بدء المسح · 1153 رمزاً · الجلسة PRE
13:10 KSA · PRE     · signal     · AVGO · orb ▲ 82 · 15m · جلسة ممتدة
13:10 KSA · PRE     · signal     · AMAT · vwapRec ▼ 79 · 15m · جلسة ممتدة
13:10 KSA · PRE     · signal     · NXPI · brk ▲ 100 · 15m · جلسة ممتدة
13:10 KSA · PRE     · signal     · TER · orb ▲ 64 · 15m · جلسة ممتدة
13:10 KSA · PRE     · signal     · CIEN · orb ▲ 82 · 15m · جلسة ممتدة
13:10 KSA · PRE     · signal     · UNI-USD · vwapRec ▲ 100 · 15m
13:12 KSA · PRE     · scanner    · بدء المسح · 1153 رمزاً · الجلسة PRE
13:12 KSA · PRE     · signal     · NVDA · orb ▼ 85 · 15m · جلسة ممتدة
13:12 KSA · PRE     · signal     · AVGO · vwapRec ▼ 59 · 15m · جلسة ممتدة
13:12 KSA · PRE     · signal     · BRK-B · brk ▲ 70 · 15m · جلسة ممتدة
13:12 KSA · PRE     · signal     · MU · orb ▼ 88 · 15m · جلسة ممتدة
13:12 KSA · PRE     · signal     · AMD · orb ▼ 62 · 15m · جلسة ممتدة
13:12 KSA · PRE     · signal     · INTC · orb ▼ 71 · 15m · جلسة ممتدة
13:12 KSA · PRE     · signal     · DELL · orb ▼ 68 · 15m · جلسة ممتدة
13:12 KSA · PRE     · signal     · ANET · orb ▼ 57 · 15m · جلسة ممتدة
13:12 KSA · PRE     · signal     · GEV · orb ▼ 87 · 15m · جلسة ممتدة
13:12 KSA · PRE     · signal     · SNDK · orb ▼ 76 · 15m · جلسة ممتدة
13:12 KSA · PRE     · signal     · KLAC · orb ▼ 91 · 15m · جلسة ممتدة
13:12 KSA · PRE     · signal     · MRVL · orb ▼ 68 · 15m · جلسة ممتدة
13:12 KSA · PRE     · signal     · STX · orb ▼ 88 · 15m · جلسة ممتدة
13:12 KSA · PRE     · signal     · ADI · orb ▼ 79 · 15m · جلسة ممتدة
13:12 KSA · PRE     · signal     · NEE · orb ▼ 92 · 15m · جلسة ممتدة
13:12 KSA · PRE     · signal     · NEE · brk ▼ 83 · 15m · جلسة ممتدة
13:12 KSA · PRE     · signal     · NOW · vwapRec ▲ 59 · 15m · جلسة ممتدة
13:12 KSA · PRE     · signal     · NEM · orb ▼ 68 · 15m · جلسة ممتدة
13:12 KSA · PRE     · signal     · GLW · orb ▼ 71 · 15m · جلسة ممتدة
13:12 KSA · PRE     · signal     · LITE · orb ▼ 71 · 15m · جلسة ممتدة
13:12 KSA · PRE     · signal     · HPE · orb ▼ 82 · 15m · جلسة ممتدة
13:12 KSA · PRE     · signal     · NSC · vwapRec ▼ 76 · 15m · جلسة ممتدة
13:12 KSA · PRE     · signal     · HON · pbTrend ▼ 90 · 1h · جلسة ممتدة
13:12 KSA · PRE     · signal     · COHR · orb ▼ 71 · 15m · جلسة ممتدة
13:12 KSA · PRE     · signal     · MCHP · orb ▼ 100 · 15m · جلسة ممتدة
13:12 KSA · PRE     · signal     · SMCI · orb ▼ 85 · 15m · جلسة ممتدة
13:12 KSA · PRE     · signal     · SMCI · brk ▼ 100 · 15m · جلسة ممتدة
13:12 KSA · PRE     · signal     · LSK-USD · brk ▼ 73 · 15m
13:12 KSA · PRE     · signal     · UNI-USD · orb ▼ 68 · 15m
13:12 KSA · PRE     · signal     · UNI-USD · pbTrend ▲ 67 · 1h
13:12 KSA · PRE     · signal     · SUI-USD · orb ▼ 70 · 15m
13:12 KSA · PRE     · signal     · U-USD · orb ▼ 57 · 15m
13:12 KSA · PRE     · signal     · U-USD · brk ▼ 64 · 15m
13:12 KSA · PRE     · signal     · TAO-USD · brk ▼ 55 · 15m
13:12 KSA · PRE     · signal     · THE-USD · brk ▼ 64 · 15m
13:12 KSA · PRE     · signal     · THE-USD · sqzExp ▼ 55 · 1h
13:12 KSA · PRE     · signal     · TRUMP-USD · brk ▼ 55 · 15m
13:12 KSA · PRE     · signal     · EUR-USD · orb ▼ 65 · 15m
13:12 KSA · PRE     · signal     · EUR-USD · brk ▼ 61 · 15m
13:12 KSA · PRE     · signal     · ARB-USD · brk ▼ 59 · 15m
13:12 KSA · PRE     · signal     · BANK-USD · orb ▼ 80 · 15m
13:12 KSA · PRE     · signal     · BANK-USD · brk ▼ 75 · 15m
13:12 KSA · PRE     · signal     · TON-USD · brk ▼ 61 · 15m
13:12 KSA · PRE     · signal     · SENT-USD · sqzExp ▼ 57 · 1h
13:12 KSA · PRE     · signal     · PENGU-USD · orb ▼ 85 · 15m
13:12 KSA · PRE     · signal     · PENGU-USD · brk ▼ 86 · 15m
13:12 KSA · PRE     · signal     · PENGU-USD · tfAlign ▼ 74 · 1d
13:12 KSA · PRE     · signal     · WLFI-USD · orb ▼ 75 · 15m
13:12 KSA · PRE     · signal     · ASTER-USD · sqzExp ▼ 55 · 1h
13:12 KSA · PRE     · signal     · ASTER-USD · momo ▼ 72 · 1h
13:14 KSA · PRE     · scanner    · بدء المسح · 1153 رمزاً · الجلسة PRE
13:14 KSA · PRE     · signal     · AVGO · orb ▲ 100 · 15m · جلسة ممتدة
13:14 KSA · PRE     · signal     · CSCO · vwapRec ▲ 79 · 15m · جلسة ممتدة
13:14 KSA · PRE     · signal     · CVX · vwapRec ▼ 55 · 15m · جلسة ممتدة
13:14 KSA · PRE     · signal     · KO · orb ▼ 100 · 15m · جلسة ممتدة
13:14 KSA · PRE     · signal     · CAT · vwapRec ▲ 68 · 15m · جلسة ممتدة
13:14 KSA · PRE     · signal     · CAT · brk ▲ 100 · 15m · جلسة ممتدة
13:14 KSA · PRE     · signal     · LRCX · brk ▲ 81 · 15m · جلسة ممتدة
13:14 KSA · PRE     · signal     · AMAT · brk ▲ 100 · 15m · جلسة ممتدة
13:14 KSA · PRE     · signal     · KLAC · brk ▲ 81 · 15m · جلسة ممتدة
13:14 KSA · PRE     · signal     · GILD · meanRev ▲ 100 · 15m · جلسة ممتدة
13:14 KSA · PRE     · signal     · UNP · brk ▲ 81 · 15m · جلسة ممتدة
13:14 KSA · PRE     · signal     · NOW · brk ▼ 100 · 15m · جلسة ممتدة
13:14 KSA · PRE     · signal     · VRTX · brk ▼ 100 · 15m · جلسة ممتدة
13:14 KSA · PRE     · signal     · ADP · orb ▼ 100 · 15m · جلسة ممتدة
13:14 KSA · PRE     · signal     · LITE · brk ▲ 100 · 15m · جلسة ممتدة
13:14 KSA · PRE     · signal     · MPWR · vwapRec ▲ 71 · 15m · جلسة ممتدة
13:14 KSA · PRE     · signal     · TER · brk ▲ 100 · 15m · جلسة ممتدة
13:14 KSA · PRE     · signal     · CIEN · orb ▲ 88 · 15m · جلسة ممتدة
13:14 KSA · PRE     · signal     · CIEN · vwapRec ▲ 82 · 15m · جلسة ممتدة
13:14 KSA · PRE     · signal     · MCHP · brk ▲ 69 · 15m · جلسة ممتدة
13:14 KSA · PRE     · signal     · ENA-USD · brk ▲ 69 · 15m
13:14 KSA · PRE     · signal     · PEPE-USD · orb ▼ 65 · 15m
13:14 KSA · PRE     · signal     · ARB-USD · orb ▲ 73 · 15m
13:16 KSA · PRE     · scanner    · بدء المسح · 1153 رمزاً · الجلسة PRE
13:16 KSA · PRE     · signal     · PFE · orb ▲ 100 · 15m · جلسة ممتدة
13:18 KSA · PRE     · scanner    · بدء المسح · 1153 رمزاً · الجلسة PRE
13:18 KSA · PRE     · signal     · UNH · vwapRec ▲ 79 · 15m · جلسة ممتدة
13:18 KSA · PRE     · signal     · UNI-USD · vwapRec ▲ 100 · 15m
13:18 KSA · PRE     · signal     · SUI-USD · vwapRec ▲ 100 · 15m
13:18 KSA · PRE     · signal     · THE-USD · vwapRec ▲ 79 · 15m
13:20 KSA · PRE     · scanner    · بدء المسح · 1153 رمزاً · الجلسة PRE
13:20 KSA · PRE     · signal     · INTC · brk ▲ 69 · 15m · جلسة ممتدة
13:20 KSA · PRE     · signal     · SMCI · vwapRec ▼ 100 · 15m · جلسة ممتدة
13:20 KSA · PRE     · signal     · BCH-USD · orb ▲ 64 · 15m
13:20 KSA · PRE     · signal     · TAO-USD · vwapRec ▲ 100 · 15m
13:20 KSA · PRE     · signal     · THE-USD · brk ▲ 69 · 15m
13:20 KSA · PRE     · signal     · THE-USD · meanRev ▼ 100 · 15m
13:20 KSA · PRE     · signal     · PENGU-USD · vwapRec ▲ 93 · 15m
13:24 KSA · PRE     · scanner    · بدء المسح · 1153 رمزاً · الجلسة PRE
13:24 KSA · PRE     · signal     · NVDA · orb ▼ 85 · 15m · جلسة ممتدة
13:24 KSA · PRE     · signal     · AVGO · vwapRec ▼ 59 · 15m · جلسة ممتدة
13:24 KSA · PRE     · signal     · MU · orb ▼ 88 · 15m · جلسة ممتدة
13:24 KSA · PRE     · signal     · AMD · orb ▼ 62 · 15m · جلسة ممتدة
13:24 KSA · PRE     · signal     · INTC · orb ▼ 71 · 15m · جلسة ممتدة
13:24 KSA · PRE     · signal     · CVX · orb ▲ 85 · 15m · جلسة ممتدة
13:24 KSA · PRE     · signal     · CAT · orb ▼ 83 · 15m · جلسة ممتدة
13:24 KSA · PRE     · signal     · DELL · orb ▼ 57 · 15m · جلسة ممتدة
13:24 KSA · PRE     · signal     · ANET · orb ▼ 57 · 15m · جلسة ممتدة
13:24 KSA · PRE     · signal     · TXN · vwapRec ▼ 59 · 15m · جلسة ممتدة
13:24 KSA · PRE     · signal     · GEV · orb ▼ 72 · 15m · جلسة ممتدة
13:24 KSA · PRE     · signal     · KLAC · orb ▼ 91 · 15m · جلسة ممتدة
13:24 KSA · PRE     · signal     · MRVL · orb ▼ 59 · 15m · جلسة ممتدة
13:24 KSA · PRE     · signal     · APH · orb ▼ 68 · 15m · جلسة ممتدة
13:24 KSA · PRE     · signal     · NEE · orb ▼ 95 · 15m · جلسة ممتدة
13:24 KSA · PRE     · signal     · NEE · vwapRec ▼ 65 · 15m · جلسة ممتدة
13:24 KSA · PRE     · signal     · NEE · brk ▼ 86 · 15m · جلسة ممتدة
13:24 KSA · PRE     · signal     · NOW · vwapRec ▲ 59 · 15m · جلسة ممتدة
13:24 KSA · PRE     · signal     · NEM · orb ▼ 57 · 15m · جلسة ممتدة
13:24 KSA · PRE     · signal     · GLW · orb ▼ 68 · 15m · جلسة ممتدة
13:24 KSA · PRE     · signal     · FCX · orb ▼ 80 · 15m · جلسة ممتدة
13:24 KSA · PRE     · signal     · BNB-USD · pbTrend ▲ 86 · 1h
13:24 KSA · PRE     · signal     · LITE · orb ▼ 71 · 15m · جلسة ممتدة
13:24 KSA · PRE     · signal     · HPE · orb ▼ 85 · 15m · جلسة ممتدة
13:24 KSA · PRE     · signal     · NSC · vwapRec ▼ 76 · 15m · جلسة ممتدة
13:24 KSA · PRE     · signal     · COHR · orb ▼ 71 · 15m · جلسة ممتدة
13:24 KSA · PRE     · signal     · TER · orb ▼ 68 · 15m · جلسة ممتدة
13:24 KSA · PRE     · signal     · MCHP · orb ▼ 100 · 15m · جلسة ممتدة
13:24 KSA · PRE     · signal     · ON · orb ▼ 100 · 15m · جلسة ممتدة
13:24 KSA · PRE     · signal     · SMCI · orb ▼ 85 · 15m · جلسة ممتدة
13:24 KSA · PRE     · signal     · SMCI · brk ▼ 100 · 15m · جلسة ممتدة
13:24 KSA · PRE     · signal     · NEAR-USD · volSpike ▼ 67 · 15m
13:24 KSA · PRE     · signal     · PAXG-USD · momo ▲ 83 · 1h
13:24 KSA · PRE     · signal     · LSK-USD · brk ▼ 64 · 15m
13:24 KSA · PRE     · signal     · VTHO-USD · momo ▼ 69 · 1h
13:24 KSA · PRE     · signal     · SPCXB-USD · vwapRec ▼ 85 · 15m
13:24 KSA · PRE     · signal     · UNI-USD · orb ▼ 68 · 15m
13:24 KSA · PRE     · signal     · UNI-USD · brk ▼ 59 · 15m
13:24 KSA · PRE     · signal     · UNI-USD · pbTrend ▲ 67 · 1h
13:24 KSA · PRE     · signal     · SUI-USD · orb ▼ 78 · 15m
13:24 KSA · PRE     · signal     · PEPE-USD · brk ▲ 61 · 15m
13:24 KSA · PRE     · signal     · TAO-USD · brk ▼ 77 · 15m
13:24 KSA · PRE     · signal     · THE-USD · orb ▼ 80 · 15m
13:24 KSA · PRE     · signal     · TRUMP-USD · brk ▼ 70 · 15m
13:24 KSA · PRE     · signal     · EUR-USD · orb ▼ 80 · 15m
13:24 KSA · PRE     · signal     · EUR-USD · brk ▼ 80 · 15m
13:24 KSA · PRE     · signal     · ARB-USD · brk ▼ 73 · 15m
13:24 KSA · PRE     · signal     · BANK-USD · orb ▼ 73 · 15m
13:24 KSA · PRE     · signal     · BANK-USD · brk ▼ 66 · 15m
13:24 KSA · PRE     · signal     · TON-USD · brk ▼ 61 · 15m
13:24 KSA · PRE     · signal     · SENT-USD · sqzExp ▼ 70 · 1h
13:24 KSA · PRE     · signal     · PENGU-USD · orb ▼ 85 · 15m
13:24 KSA · PRE     · signal     · PENGU-USD · brk ▼ 86 · 15m
13:25 KSA · PRE     · scanner    · بدء المسح · 1153 رمزاً · الجلسة PRE
13:25 KSA · PRE     · signal     · AVGO · orb ▲ 100 · 15m · جلسة ممتدة
13:25 KSA · PRE     · signal     · KO · orb ▼ 100 · 15m · جلسة ممتدة
13:25 KSA · PRE     · signal     · CAT · vwapRec ▲ 75 · 15m · جلسة ممتدة
13:25 KSA · PRE     · signal     · CAT · brk ▲ 100 · 15m · جلسة ممتدة
13:25 KSA · PRE     · signal     · LRCX · brk ▲ 81 · 15m · جلسة ممتدة
13:25 KSA · PRE     · signal     · AMAT · brk ▲ 100 · 15m · جلسة ممتدة
13:25 KSA · PRE     · signal     · KLAC · brk ▲ 81 · 15m · جلسة ممتدة
13:25 KSA · PRE     · signal     · UNP · brk ▲ 81 · 15m · جلسة ممتدة
13:25 KSA · PRE     · signal     · NOW · brk ▼ 100 · 15m · جلسة ممتدة
13:25 KSA · PRE     · signal     · VRTX · brk ▼ 100 · 15m · جلسة ممتدة
13:25 KSA · PRE     · signal     · FTNT · orb ▼ 100 · 15m · جلسة ممتدة
13:25 KSA · PRE     · signal     · ADP · orb ▼ 100 · 15m · جلسة ممتدة
13:25 KSA · PRE     · signal     · LITE · brk ▲ 100 · 15m · جلسة ممتدة
13:25 KSA · PRE     · signal     · MPWR · vwapRec ▲ 71 · 15m · جلسة ممتدة
13:25 KSA · PRE     · signal     · TER · brk ▲ 100 · 15m · جلسة ممتدة
13:25 KSA · PRE     · signal     · CIEN · orb ▲ 88 · 15m · جلسة ممتدة
13:25 KSA · PRE     · signal     · CIEN · vwapRec ▲ 82 · 15m · جلسة ممتدة
13:25 KSA · PRE     · signal     · MCHP · brk ▲ 100 · 15m · جلسة ممتدة
13:25 KSA · PRE     · signal     · PEPE-USD · orb ▼ 80 · 15m
13:25 KSA · PRE     · signal     · THE-USD · vwapRec ▲ 75 · 15m
13:25 KSA · PRE     · signal     · ARB-USD · orb ▲ 73 · 15m
13:25 KSA · PRE     · signal     · QI-USD · meanRev ▲ 100 · 1d
13:26 KSA · PRE     · scanner    · بدء المسح · 1153 رمزاً · الجلسة PRE
13:26 KSA · PRE     · signal     · SUI-USD · vwapRec ▲ 100 · 15m
13:28 KSA · PRE     · scanner    · بدء المسح · 1153 رمزاً · الجلسة PRE
13:28 KSA · PRE     · signal     · INTC · brk ▲ 69 · 15m · جلسة ممتدة
13:28 KSA · PRE     · signal     · EUR-USD · brk ▼ 69 · 15m
13:28 KSA · PRE     · signal     · PENGU-USD · vwapRec ▲ 100 · 15m
13:28 KSA · PRE     · signal     · WLFI-USD · orb ▼ 100 · 15m
13:28 KSA · PRE     · signal     · QI-USD · brk ▼ 69 · 1d
13:30 KSA · PRE     · scanner    · بدء المسح · 1153 رمزاً · الجلسة PRE
13:30 KSA · PRE     · signal     · TRUMP-USD · vwapRec ▲ 100 · 15m
13:32 KSA · PRE     · scanner    · بدء المسح · 1153 رمزاً · الجلسة PRE
13:32 KSA · PRE     · signal     · NVDA · orb ▼ 76 · 15m · جلسة ممتدة
13:32 KSA · PRE     · signal     · AVGO · vwapRec ▼ 59 · 15m · جلسة ممتدة
13:32 KSA · PRE     · signal     · MU · orb ▼ 88 · 15m · جلسة ممتدة
13:32 KSA · PRE     · signal     · AMD · orb ▼ 62 · 15m · جلسة ممتدة
13:32 KSA · PRE     · signal     · XOM · vwapRec ▲ 65 · 15m · جلسة ممتدة
13:32 KSA · PRE     · signal     · INTC · orb ▼ 71 · 15m · جلسة ممتدة
13:32 KSA · PRE     · signal     · CVX · orb ▲ 85 · 15m · جلسة ممتدة
13:32 KSA · PRE     · signal     · CAT · orb ▼ 83 · 15m · جلسة ممتدة
13:32 KSA · PRE     · signal     · DELL · orb ▼ 57 · 15m · جلسة ممتدة
13:32 KSA · PRE     · signal     · ANET · orb ▼ 57 · 15m · جلسة ممتدة
13:32 KSA · PRE     · signal     · GEV · orb ▼ 72 · 15m · جلسة ممتدة
13:32 KSA · PRE     · signal     · KLAC · orb ▼ 78 · 15m · جلسة ممتدة
13:32 KSA · PRE     · signal     · MRVL · orb ▼ 59 · 15m · جلسة ممتدة
13:32 KSA · PRE     · signal     · APH · orb ▼ 68 · 15m · جلسة ممتدة
13:32 KSA · PRE     · signal     · ADI · orb ▼ 68 · 15m · جلسة ممتدة
13:32 KSA · PRE     · signal     · NEE · orb ▼ 88 · 15m · جلسة ممتدة
13:32 KSA · PRE     · signal     · NEE · vwapRec ▼ 57 · 15m · جلسة ممتدة
13:32 KSA · PRE     · signal     · NEE · brk ▼ 77 · 15m · جلسة ممتدة
13:32 KSA · PRE     · signal     · BA · orb ▼ 100 · 15m · جلسة ممتدة
13:32 KSA · PRE     · signal     · NEM · orb ▼ 57 · 15m · جلسة ممتدة
13:32 KSA · PRE     · signal     · GLW · orb ▼ 60 · 15m · جلسة ممتدة
13:32 KSA · PRE     · signal     · FCX · orb ▼ 73 · 15m · جلسة ممتدة
13:32 KSA · PRE     · signal     · LITE · orb ▼ 71 · 15m · جلسة ممتدة
13:32 KSA · PRE     · signal     · HPE · orb ▼ 70 · 15m · جلسة ممتدة
13:32 KSA · PRE     · signal     · NSC · vwapRec ▼ 76 · 15m · جلسة ممتدة
13:32 KSA · PRE     · signal     · COHR · orb ▼ 60 · 15m · جلسة ممتدة
13:32 KSA · PRE     · signal     · TER · orb ▼ 68 · 15m · جلسة ممتدة
13:32 KSA · PRE     · signal     · MCHP · orb ▼ 100 · 15m · جلسة ممتدة
13:32 KSA · PRE     · signal     · ON · orb ▼ 100 · 15m · جلسة ممتدة
13:32 KSA · PRE     · signal     · SMCI · orb ▼ 73 · 15m · جلسة ممتدة
13:32 KSA · PRE     · signal     · SMCI · brk ▼ 82 · 15m · جلسة ممتدة
13:32 KSA · PRE     · signal     · ZEC-USD · rsiDiv ▼ 67 · 15m
13:32 KSA · PRE     · signal     · ETHFI-USD · brk ▲ 86 · 15m
13:32 KSA · PRE     · signal     · LSK-USD · brk ▼ 61 · 15m
13:32 KSA · PRE     · signal     · UNI-USD · orb ▼ 68 · 15m
13:32 KSA · PRE     · signal     · UNI-USD · brk ▼ 57 · 15m
13:32 KSA · PRE     · signal     · UNI-USD · pbTrend ▲ 67 · 1h
13:32 KSA · PRE     · signal     · SUI-USD · orb ▼ 70 · 15m
13:32 KSA · PRE     · signal     · TAO-USD · vwapRec ▼ 57 · 15m
13:32 KSA · PRE     · signal     · TAO-USD · brk ▼ 55 · 15m
13:32 KSA · PRE     · signal     · THE-USD · brk ▼ 59 · 15m
13:32 KSA · PRE     · signal     · TRUMP-USD · brk ▼ 55 · 15m
13:32 KSA · PRE     · signal     · EUR-USD · orb ▼ 65 · 15m
13:32 KSA · PRE     · signal     · BANK-USD · orb ▼ 73 · 15m
13:32 KSA · PRE     · signal     · BANK-USD · brk ▼ 59 · 15m
13:32 KSA · PRE     · signal     · TON-USD · brk ▼ 61 · 15m
13:32 KSA · PRE     · signal     · SENT-USD · sqzExp ▼ 70 · 1h
13:32 KSA · PRE     · signal     · PENGU-USD · orb ▼ 85 · 15m
13:32 KSA · PRE     · signal     · PENGU-USD · brk ▼ 73 · 15m
13:34 KSA · PRE     · scanner    · بدء المسح · 1153 رمزاً · الجلسة PRE
13:34 KSA · PRE     · signal     · INTC · brk ▲ 100 · 15m · جلسة ممتدة
13:34 KSA · PRE     · signal     · CAT · vwapRec ▲ 75 · 15m · جلسة ممتدة
13:34 KSA · PRE     · signal     · CAT · brk ▲ 100 · 15m · جلسة ممتدة
13:34 KSA · PRE     · signal     · LRCX · brk ▲ 81 · 15m · جلسة ممتدة
13:34 KSA · PRE     · signal     · AMAT · brk ▲ 100 · 15m · جلسة ممتدة
13:34 KSA · PRE     · signal     · TXN · vwapRec ▲ 59 · 15m · جلسة ممتدة
13:34 KSA · PRE     · signal     · KLAC · brk ▲ 81 · 15m · جلسة ممتدة
13:34 KSA · PRE     · signal     · UNP · brk ▲ 81 · 15m · جلسة ممتدة
13:34 KSA · PRE     · signal     · NOW · brk ▼ 100 · 15m · جلسة ممتدة
13:34 KSA · PRE     · signal     · VRTX · brk ▼ 100 · 15m · جلسة ممتدة
13:34 KSA · PRE     · signal     · ADP · orb ▼ 100 · 15m · جلسة ممتدة
13:34 KSA · PRE     · signal     · LITE · brk ▲ 100 · 15m · جلسة ممتدة
13:34 KSA · PRE     · signal     · MPWR · vwapRec ▲ 71 · 15m · جلسة ممتدة
13:34 KSA · PRE     · signal     · TER · brk ▲ 100 · 15m · جلسة ممتدة
13:34 KSA · PRE     · signal     · CIEN · orb ▲ 75 · 15m · جلسة ممتدة
13:34 KSA · PRE     · signal     · CIEN · vwapRec ▲ 70 · 15m · جلسة ممتدة
13:34 KSA · PRE     · signal     · MCHP · brk ▲ 100 · 15m · جلسة ممتدة
13:34 KSA · PRE     · signal     · SUI-USD · vwapRec ▲ 85 · 15m
13:34 KSA · PRE     · signal     · PEPE-USD · orb ▼ 65 · 15m
13:34 KSA · PRE     · signal     · THE-USD · vwapRec ▲ 68 · 15m
13:34 KSA · PRE     · signal     · ARB-USD · orb ▲ 65 · 15m
13:34 KSA · PRE     · signal     · PENGU-USD · vwapRec ▲ 93 · 15m
13:38 KSA · PRE     · scanner    · بدء المسح · 1153 رمزاً · الجلسة PRE
13:38 KSA · PRE     · signal     · AVGO · orb ▲ 100 · 15m · جلسة ممتدة
13:38 KSA · PRE     · signal     · CSCO · vwapRec ▲ 79 · 15m · جلسة ممتدة
13:38 KSA · PRE     · signal     · TRUMP-USD · vwapRec ▲ 100 · 15m
13:40 KSA · PRE     · scanner    · بدء المسح · 1153 رمزاً · الجلسة PRE
13:42 KSA · PRE     · scanner    · بدء المسح · 1153 رمزاً · الجلسة PRE
13:42 KSA · PRE     · signal     · NVDA · orb ▼ 85 · 15m · جلسة ممتدة
13:42 KSA · PRE     · signal     · AVGO · vwapRec ▼ 59 · 15m · جلسة ممتدة
13:42 KSA · PRE     · signal     · MU · orb ▼ 88 · 15m · جلسة ممتدة
13:42 KSA · PRE     · signal     · LLY · orb ▼ 75 · 15m · جلسة ممتدة
13:42 KSA · PRE     · signal     · AMD · orb ▼ 62 · 15m · جلسة ممتدة
13:42 KSA · PRE     · signal     · INTC · orb ▼ 71 · 15m · جلسة ممتدة
13:42 KSA · PRE     · signal     · CSCO · orb ▼ 82 · 15m · جلسة ممتدة
13:42 KSA · PRE     · signal     · CVX · orb ▲ 85 · 15m · جلسة ممتدة
13:42 KSA · PRE     · signal     · CAT · orb ▼ 83 · 15m · جلسة ممتدة
13:42 KSA · PRE     · signal     · DELL · orb ▼ 57 · 15m · جلسة ممتدة
13:42 KSA · PRE     · signal     · MS · vwapRec ▼ 73 · 15m · جلسة ممتدة
13:42 KSA · PRE     · signal     · ANET · orb ▼ 57 · 15m · جلسة ممتدة
13:42 KSA · PRE     · signal     · GEV · orb ▼ 72 · 15m · جلسة ممتدة
13:42 KSA · PRE     · signal     · KLAC · orb ▼ 91 · 15m · جلسة ممتدة
13:42 KSA · PRE     · signal     · MRVL · orb ▼ 59 · 15m · جلسة ممتدة
13:42 KSA · PRE     · signal     · APH · orb ▼ 68 · 15m · جلسة ممتدة
13:42 KSA · PRE     · signal     · STX · orb ▼ 88 · 15m · جلسة ممتدة
13:42 KSA · PRE     · signal     · ADI · orb ▼ 68 · 15m · جلسة ممتدة
13:42 KSA · PRE     · signal     · NEE · orb ▼ 88 · 15m · جلسة ممتدة
13:42 KSA · PRE     · signal     · NEE · vwapRec ▼ 57 · 15m · جلسة ممتدة
13:42 KSA · PRE     · signal     · NEE · brk ▼ 77 · 15m · جلسة ممتدة
13:42 KSA · PRE     · signal     · NEM · orb ▼ 57 · 15m · جلسة ممتدة
13:42 KSA · PRE     · signal     · GLW · orb ▼ 60 · 15m · جلسة ممتدة
13:42 KSA · PRE     · signal     · FCX · orb ▼ 73 · 15m · جلسة ممتدة
13:42 KSA · PRE     · signal     · LITE · orb ▼ 71 · 15m · جلسة ممتدة
13:42 KSA · PRE     · signal     · HPE · orb ▼ 70 · 15m · جلسة ممتدة
13:42 KSA · PRE     · signal     · NSC · vwapRec ▼ 76 · 15m · جلسة ممتدة
13:42 KSA · PRE     · signal     · COHR · orb ▼ 71 · 15m · جلسة ممتدة
13:42 KSA · PRE     · signal     · TER · orb ▼ 79 · 15m · جلسة ممتدة
13:42 KSA · PRE     · signal     · MCHP · orb ▼ 100 · 15m · جلسة ممتدة
13:42 KSA · PRE     · signal     · ON · orb ▼ 100 · 15m · جلسة ممتدة
13:42 KSA · PRE     · signal     · SMCI · orb ▼ 85 · 15m · جلسة ممتدة
13:42 KSA · PRE     · signal     · SMCI · brk ▼ 100 · 15m · جلسة ممتدة
13:42 KSA · PRE     · signal     · LSK-USD · brk ▼ 61 · 15m
13:42 KSA · PRE     · signal     · UNI-USD · brk ▼ 57 · 15m
13:42 KSA · PRE     · signal     · UNI-USD · pbTrend ▲ 67 · 1h
13:42 KSA · PRE     · signal     · SUI-USD · orb ▼ 70 · 15m
13:42 KSA · PRE     · signal     · TAO-USD · vwapRec ▼ 57 · 15m
13:42 KSA · PRE     · signal     · TAO-USD · brk ▼ 55 · 15m
13:42 KSA · PRE     · signal     · THE-USD · brk ▼ 59 · 15m
13:42 KSA · PRE     · signal     · TRUMP-USD · brk ▼ 55 · 15m
13:42 KSA · PRE     · signal     · EUR-USD · orb ▼ 65 · 15m
13:42 KSA · PRE     · signal     · BANK-USD · orb ▼ 73 · 15m
13:42 KSA · PRE     · signal     · BANK-USD · brk ▼ 59 · 15m
13:42 KSA · PRE     · signal     · TON-USD · brk ▼ 61 · 15m
13:42 KSA · PRE     · signal     · SENT-USD · sqzExp ▼ 70 · 1h
13:42 KSA · PRE     · signal     · PENGU-USD · orb ▼ 85 · 15m
13:42 KSA · PRE     · signal     · PENGU-USD · brk ▼ 73 · 15m
13:44 KSA · PRE     · scanner    · بدء المسح · 1153 رمزاً · الجلسة PRE
13:44 KSA · PRE     · signal     · GOOGL · orb ▲ 82 · 15m · جلسة ممتدة
13:44 KSA · PRE     · signal     · AVGO · orb ▲ 100 · 15m · جلسة ممتدة
13:44 KSA · PRE     · signal     · INTC · brk ▲ 100 · 15m · جلسة ممتدة
13:44 KSA · PRE     · signal     · CSCO · vwapRec ▲ 79 · 15m · جلسة ممتدة
13:44 KSA · PRE     · signal     · CAT · vwapRec ▲ 75 · 15m · جلسة ممتدة
13:44 KSA · PRE     · signal     · CAT · brk ▲ 100 · 15m · جلسة ممتدة
13:44 KSA · PRE     · signal     · LRCX · brk ▲ 81 · 15m · جلسة ممتدة
13:44 KSA · PRE     · signal     · AMAT · brk ▲ 100 · 15m · جلسة ممتدة
13:44 KSA · PRE     · signal     · ETH-USD · orb ▲ 64 · 15m
13:44 KSA · PRE     · signal     · TXN · vwapRec ▲ 59 · 15m · جلسة ممتدة
13:44 KSA · PRE     · signal     · KLAC · brk ▲ 81 · 15m · جلسة ممتدة
13:44 KSA · PRE     · signal     · UNP · brk ▲ 81 · 15m · جلسة ممتدة
13:44 KSA · PRE     · signal     · NOW · brk ▼ 100 · 15m · جلسة ممتدة
13:44 KSA · PRE     · signal     · VRTX · brk ▼ 100 · 15m · جلسة ممتدة
13:44 KSA · PRE     · signal     · ADP · orb ▼ 100 · 15m · جلسة ممتدة
13:44 KSA · PRE     · signal     · ADBE · vwapRec ▼ 71 · 15m · جلسة ممتدة
13:44 KSA · PRE     · signal     · LITE · brk ▲ 100 · 15m · جلسة ممتدة
13:44 KSA · PRE     · signal     · MPWR · vwapRec ▲ 60 · 15m · جلسة ممتدة
13:44 KSA · PRE     · signal     · TER · brk ▲ 100 · 15m · جلسة ممتدة
13:44 KSA · PRE     · signal     · CIEN · orb ▲ 88 · 15m · جلسة ممتدة
13:44 KSA · PRE     · signal     · CIEN · vwapRec ▲ 82 · 15m · جلسة ممتدة
13:44 KSA · PRE     · signal     · SUI-USD · vwapRec ▲ 85 · 15m
13:44 KSA · PRE     · signal     · PEPE-USD · orb ▼ 73 · 15m
13:44 KSA · PRE     · signal     · THE-USD · vwapRec ▲ 93 · 15m
13:44 KSA · PRE     · signal     · TRUMP-USD · vwapRec ▲ 85 · 15m
13:44 KSA · PRE     · signal     · ARB-USD · orb ▲ 57 · 15m
13:44 KSA · PRE     · signal     · PENGU-USD · vwapRec ▲ 85 · 15m
13:46 KSA · PRE     · scanner    · بدء المسح · 1153 رمزاً · الجلسة PRE
13:46 KSA · PRE     · signal     · GOOG · orb ▲ 64 · 15m · جلسة ممتدة
13:46 KSA · PRE     · signal     · NEM · orb ▲ 100 · 15m · جلسة ممتدة
13:46 KSA · PRE     · signal     · UNI-USD · orb ▼ 100 · 15m
13:46 KSA · PRE     · signal     · UNI-USD · vwapRec ▼ 100 · 15m
13:46 KSA · PRE     · signal     · ARB-USD · brk ▲ 69 · 15m
13:48 KSA · PRE     · scanner    · بدء المسح · 1153 رمزاً · الجلسة PRE
13:48 KSA · PRE     · signal     · NEE · vwapRec ▼ 93 · 15m · جلسة ممتدة
13:48 KSA · PRE     · signal     · TER · orb ▲ 82 · 15m · جلسة ممتدة
13:48 KSA · PRE     · signal     · LSK-USD · meanRev ▼ 100 · 15m
13:48 KSA · PRE     · signal     · UNI-USD · pbTrend ▲ 57 · 1h
13:50 KSA · PRE     · scanner    · بدء المسح · 1153 رمزاً · الجلسة PRE
13:50 KSA · PRE     · signal     · DVN · orb ▼ 82 · 15m · جلسة ممتدة
13:50 KSA · PRE     · signal     · TAO-USD · vwapRec ▲ 100 · 15m
13:52 KSA · PRE     · scanner    · بدء المسح · 1153 رمزاً · الجلسة PRE
13:52 KSA · PRE     · signal     · NVDA · orb ▼ 76 · 15m · جلسة ممتدة
13:52 KSA · PRE     · signal     · AVGO · vwapRec ▼ 59 · 15m · جلسة ممتدة
13:52 KSA · PRE     · signal     · MU · orb ▼ 88 · 15m · جلسة ممتدة
13:52 KSA · PRE     · signal     · LLY · orb ▼ 75 · 15m · جلسة ممتدة
13:52 KSA · PRE     · signal     · AMD · orb ▼ 62 · 15m · جلسة ممتدة
13:52 KSA · PRE     · signal     · XOM · orb ▲ 85 · 15m · جلسة ممتدة
13:52 KSA · PRE     · signal     · INTC · orb ▼ 71 · 15m · جلسة ممتدة
13:52 KSA · PRE     · signal     · CVX · orb ▲ 85 · 15m · جلسة ممتدة
13:52 KSA · PRE     · signal     · CAT · orb ▼ 83 · 15m · جلسة ممتدة
13:52 KSA · PRE     · signal     · DELL · orb ▼ 57 · 15m · جلسة ممتدة
13:52 KSA · PRE     · signal     · ANET · orb ▼ 57 · 15m · جلسة ممتدة
13:52 KSA · PRE     · signal     · GEV · orb ▼ 72 · 15m · جلسة ممتدة
13:52 KSA · PRE     · signal     · KLAC · orb ▼ 85 · 15m · جلسة ممتدة
13:52 KSA · PRE     · signal     · MRVL · orb ▼ 59 · 15m · جلسة ممتدة
13:52 KSA · PRE     · signal     · APH · orb ▼ 68 · 15m · جلسة ممتدة
13:52 KSA · PRE     · signal     · STX · orb ▼ 88 · 15m · جلسة ممتدة
13:52 KSA · PRE     · signal     · ADI · orb ▼ 68 · 15m · جلسة ممتدة
13:52 KSA · PRE     · signal     · NEE · orb ▼ 80 · 15m · جلسة ممتدة
13:52 KSA · PRE     · signal     · NEE · brk ▼ 68 · 15m · جلسة ممتدة
13:52 KSA · PRE     · signal     · UBER · vwapRec ▼ 57 · 15m · جلسة ممتدة
13:52 KSA · PRE     · signal     · GLW · orb ▼ 60 · 15m · جلسة ممتدة
13:52 KSA · PRE     · signal     · FCX · orb ▼ 73 · 15m · جلسة ممتدة
13:52 KSA · PRE     · signal     · LITE · orb ▼ 71 · 15m · جلسة ممتدة
13:52 KSA · PRE     · signal     · HPE · orb ▼ 85 · 15m · جلسة ممتدة
13:52 KSA · PRE     · signal     · NSC · vwapRec ▼ 76 · 15m · جلسة ممتدة
13:52 KSA · PRE     · signal     · COHR · orb ▼ 71 · 15m · جلسة ممتدة
13:52 KSA · PRE     · signal     · MCHP · orb ▼ 100 · 15m · جلسة ممتدة
13:52 KSA · PRE     · signal     · ON · orb ▼ 100 · 15m · جلسة ممتدة
13:52 KSA · PRE     · signal     · SMCI · orb ▼ 85 · 15m · جلسة ممتدة
13:52 KSA · PRE     · signal     · SMCI · brk ▼ 100 · 15m · جلسة ممتدة
13:52 KSA · PRE     · signal     · PAXG-USD · rsiDiv ▼ 61 · 15m
13:52 KSA · PRE     · signal     · UNI-USD · brk ▼ 57 · 15m
13:52 KSA · PRE     · signal     · SUI-USD · orb ▼ 70 · 15m
13:52 KSA · PRE     · signal     · U-USD · orb ▼ 65 · 15m
13:52 KSA · PRE     · signal     · U-USD · brk ▼ 55 · 15m
13:52 KSA · PRE     · signal     · TAO-USD · brk ▼ 61 · 15m
13:52 KSA · PRE     · signal     · THE-USD · brk ▼ 82 · 15m
13:52 KSA · PRE     · signal     · TRUMP-USD · brk ▼ 80 · 15m
13:52 KSA · PRE     · signal     · EUR-USD · orb ▼ 65 · 15m
13:52 KSA · PRE     · signal     · BANK-USD · orb ▼ 65 · 15m
13:52 KSA · PRE     · signal     · TON-USD · brk ▼ 61 · 15m
13:52 KSA · PRE     · signal     · SENT-USD · sqzExp ▼ 70 · 1h
13:52 KSA · PRE     · signal     · PENGU-USD · orb ▼ 70 · 15m
13:52 KSA · PRE     · signal     · PENGU-USD · brk ▼ 55 · 15m
13:54 KSA · PRE     · scanner    · بدء المسح · 1153 رمزاً · الجلسة PRE
13:54 KSA · PRE     · signal     · INTC · brk ▲ 100 · 15m · جلسة ممتدة
13:54 KSA · PRE     · signal     · CSCO · vwapRec ▲ 79 · 15m · جلسة ممتدة
13:54 KSA · PRE     · signal     · CAT · vwapRec ▲ 75 · 15m · جلسة ممتدة
13:54 KSA · PRE     · signal     · CAT · brk ▲ 100 · 15m · جلسة ممتدة
13:54 KSA · PRE     · signal     · LRCX · brk ▲ 81 · 15m · جلسة ممتدة
13:54 KSA · PRE     · signal     · AMAT · brk ▲ 100 · 15m · جلسة ممتدة
13:54 KSA · PRE     · signal     · TXN · vwapRec ▲ 59 · 15m · جلسة ممتدة
13:54 KSA · PRE     · signal     · KLAC · brk ▲ 81 · 15m · جلسة ممتدة
13:54 KSA · PRE     · signal     · ADI · brk ▼ 100 · 15m · جلسة ممتدة
13:54 KSA · PRE     · signal     · UNP · brk ▲ 81 · 15m · جلسة ممتدة
13:54 KSA · PRE     · signal     · NOW · brk ▼ 100 · 15m · جلسة ممتدة
13:54 KSA · PRE     · signal     · NEM · orb ▲ 65 · 15m · جلسة ممتدة
13:54 KSA · PRE     · signal     · VRTX · brk ▼ 100 · 15m · جلسة ممتدة
13:54 KSA · PRE     · signal     · FTNT · orb ▲ 100 · 15m · جلسة ممتدة
13:54 KSA · PRE     · signal     · ADP · orb ▼ 100 · 15m · جلسة ممتدة
13:54 KSA · PRE     · signal     · DVN · orb ▼ 82 · 15m · جلسة ممتدة
13:54 KSA · PRE     · signal     · TER · brk ▲ 100 · 15m · جلسة ممتدة
13:54 KSA · PRE     · signal     · CIEN · orb ▲ 90 · 15m · جلسة ممتدة
13:54 KSA · PRE     · signal     · CIEN · vwapRec ▲ 85 · 15m · جلسة ممتدة
13:54 KSA · PRE     · signal     · LSK-USD · brk ▲ 69 · 15m
13:54 KSA · PRE     · signal     · SUI-USD · vwapRec ▲ 78 · 15m
13:54 KSA · PRE     · signal     · PEPE-USD · orb ▼ 65 · 15m
13:54 KSA · PRE     · signal     · THE-USD · vwapRec ▲ 100 · 15m
13:54 KSA · PRE     · signal     · TRUMP-USD · vwapRec ▲ 93 · 15m
13:54 KSA · PRE     · signal     · ARB-USD · orb ▲ 65 · 15m
13:54 KSA · PRE     · signal     · PENGU-USD · vwapRec ▲ 85 · 15m
13:56 KSA · PRE     · scanner    · بدء المسح · 1153 رمزاً · الجلسة PRE
13:56 KSA · PRE     · signal     · AVGO · orb ▲ 100 · 15m · جلسة ممتدة
13:56 KSA · PRE     · signal     · LITE · brk ▲ 69 · 15m · جلسة ممتدة
13:56 KSA · PRE     · signal     · TER · orb ▲ 100 · 15m · جلسة ممتدة
13:56 KSA · PRE     · signal     · LSK-USD · sqzExp ▲ 100 · 1h
13:56 KSA · PRE     · signal     · UNI-USD · pbTrend ▲ 57 · 1h
13:58 KSA · PRE     · scanner    · بدء المسح · 1153 رمزاً · الجلسة PRE
14:00 KSA · PRE     · scanner    · بدء المسح · 1153 رمزاً · الجلسة PRE
14:00 KSA · PRE     · signal     · AMZN · orb ▲ 100 · 15m · جلسة ممتدة
14:00 KSA · PRE     · signal     · VZ · orb ▼ 100 · 15m · جلسة ممتدة
14:00 KSA · PRE     · signal     · MRVL · orb ▲ 64 · 15m · جلسة ممتدة
14:00 KSA · PRE     · signal     · FCX · orb ▲ 100 · 15m · جلسة ممتدة
14:00 KSA · PRE     · signal     · HON · brk ▲ 100 · 15m · جلسة ممتدة
14:00 KSA · PRE     · signal     · FIX · vwapRec ▲ 75 · 15m · جلسة ممتدة
14:00 KSA · PRE     · signal     · DOGE-USD · vwapRec ▲ 100 · 15m
14:00 KSA · PRE     · signal     · NEAR-USD · sqzExp ▲ 100 · 1h
14:00 KSA · PRE     · signal     · ARK-USD · orb ▲ 64 · 15m
14:00 KSA · PRE     · signal     · SUI-USD · orb ▲ 82 · 15m
14:00 KSA · PRE     · signal     · TAO-USD · vwapRec ▲ 100 · 15m
14:02 KSA · PRE     · scanner    · بدء المسح · 1153 رمزاً · الجلسة PRE
14:02 KSA · PRE     · signal     · NVDA · orb ▼ 76 · 15m · جلسة ممتدة
14:02 KSA · PRE     · signal     · MU · orb ▼ 88 · 15m · جلسة ممتدة
14:02 KSA · PRE     · signal     · AMD · orb ▼ 62 · 15m · جلسة ممتدة
14:02 KSA · PRE     · signal     · XOM · orb ▲ 85 · 15m · جلسة ممتدة
14:02 KSA · PRE     · signal     · INTC · orb ▼ 71 · 15m · جلسة ممتدة
14:02 KSA · PRE     · signal     · CVX · orb ▲ 85 · 15m · جلسة ممتدة
14:02 KSA · PRE     · signal     · CAT · orb ▼ 75 · 15m · جلسة ممتدة
14:02 KSA · PRE     · signal     · DELL · orb ▼ 68 · 15m · جلسة ممتدة
14:02 KSA · PRE     · signal     · ANET · orb ▼ 57 · 15m · جلسة ممتدة
14:02 KSA · PRE     · signal     · GEV · orb ▼ 72 · 15m · جلسة ممتدة
14:02 KSA · PRE     · signal     · SNDK · orb ▼ 76 · 15m · جلسة ممتدة
14:02 KSA · PRE     · signal     · KLAC · orb ▼ 93 · 15m · جلسة ممتدة
14:02 KSA · PRE     · signal     · TMUS · meanRev ▲ 57 · 15m · جلسة ممتدة
14:02 KSA · PRE     · signal     · APH · orb ▼ 68 · 15m · جلسة ممتدة
14:02 KSA · PRE     · signal     · STX · orb ▼ 88 · 15m · جلسة ممتدة
14:02 KSA · PRE     · signal     · ADI · orb ▼ 75 · 15m · جلسة ممتدة
14:02 KSA · PRE     · signal     · COP · orb ▲ 85 · 15m · جلسة ممتدة
14:02 KSA · PRE     · signal     · NEE · orb ▼ 80 · 15m · جلسة ممتدة
14:02 KSA · PRE     · signal     · NEE · brk ▼ 68 · 15m · جلسة ممتدة
14:02 KSA · PRE     · signal     · ETN · orb ▼ 75 · 15m · جلسة ممتدة
14:02 KSA · PRE     · signal     · FTNT · vwapRec ▲ 78 · 15m · جلسة ممتدة
14:02 KSA · PRE     · signal     · GLW · orb ▼ 60 · 15m · جلسة ممتدة
14:02 KSA · PRE     · signal     · LITE · orb ▼ 71 · 15m · جلسة ممتدة
14:02 KSA · PRE     · signal     · HPE · orb ▼ 82 · 15m · جلسة ممتدة
14:02 KSA · PRE     · signal     · NSC · vwapRec ▼ 76 · 15m · جلسة ممتدة
14:02 KSA · PRE     · signal     · COHR · orb ▼ 71 · 15m · جلسة ممتدة
14:02 KSA · PRE     · signal     · LHX · vwapRec ▼ 70 · 15m · جلسة ممتدة
14:02 KSA · PRE     · signal     · MCHP · orb ▼ 100 · 15m · جلسة ممتدة
14:02 KSA · PRE     · signal     · KMB · vwapRec ▼ 85 · 15m · جلسة ممتدة
14:02 KSA · PRE     · signal     · ON · orb ▼ 100 · 15m · جلسة ممتدة
14:02 KSA · PRE     · signal     · SMCI · orb ▼ 85 · 15m · جلسة ممتدة
14:02 KSA · PRE     · signal     · SMCI · brk ▼ 100 · 15m · جلسة ممتدة
14:02 KSA · PRE     · signal     · LSK-USD · vwapRec ▼ 60 · 15m
14:02 KSA · PRE     · signal     · U-USD · orb ▼ 57 · 15m
14:02 KSA · PRE     · signal     · U-USD · brk ▼ 59 · 15m
14:02 KSA · PRE     · signal     · TAO-USD · brk ▼ 70 · 15m
14:02 KSA · PRE     · signal     · THE-USD · brk ▼ 64 · 15m
14:02 KSA · PRE     · signal     · TRUMP-USD · brk ▼ 55 · 15m
14:02 KSA · PRE     · signal     · EUR-USD · orb ▼ 80 · 15m
14:02 KSA · PRE     · signal     · ARB-USD · brk ▼ 57 · 15m
14:02 KSA · PRE     · signal     · BANK-USD · orb ▼ 65 · 15m
14:02 KSA · PRE     · signal     · BANK-USD · brk ▼ 57 · 15m
14:02 KSA · PRE     · signal     · TON-USD · brk ▼ 61 · 15m
14:02 KSA · PRE     · signal     · SENT-USD · sqzExp ▼ 70 · 1h
14:02 KSA · PRE     · signal     · PENGU-USD · orb ▼ 70 · 15m
14:02 KSA · PRE     · signal     · PENGU-USD · brk ▼ 55 · 15m
14:02 KSA · PRE     · signal     · WLFI-USD · orb ▼ 60 · 15m
14:04 KSA · PRE     · scanner    · بدء المسح · 1153 رمزاً · الجلسة PRE
14:04 KSA · PRE     · signal     · INTC · brk ▲ 100 · 15m · جلسة ممتدة
14:04 KSA · PRE     · signal     · CSCO · vwapRec ▲ 65 · 15m · جلسة ممتدة
14:04 KSA · PRE     · signal     · KO · orb ▼ 100 · 15m · جلسة ممتدة
14:04 KSA · PRE     · signal     · LRCX · brk ▲ 81 · 15m · جلسة ممتدة
14:04 KSA · PRE     · signal     · AMAT · brk ▲ 100 · 15m · جلسة ممتدة
14:04 KSA · PRE     · signal     · NFLX · orb ▲ 82 · 15m · جلسة ممتدة
14:04 KSA · PRE     · signal     · IBM · orb ▲ 73 · 15m · جلسة ممتدة
14:04 KSA · PRE     · signal     · KLAC · brk ▲ 81 · 15m · جلسة ممتدة
14:04 KSA · PRE     · signal     · TMUS · orb ▲ 71 · 15m · جلسة ممتدة
14:04 KSA · PRE     · signal     · ADI · vwapRec ▲ 57 · 15m · جلسة ممتدة
14:04 KSA · PRE     · signal     · UNP · brk ▲ 81 · 15m · جلسة ممتدة
14:04 KSA · PRE     · signal     · NOW · brk ▼ 100 · 15m · جلسة ممتدة
14:04 KSA · PRE     · signal     · NEM · orb ▲ 80 · 15m · جلسة ممتدة
14:04 KSA · PRE     · signal     · VRTX · brk ▼ 100 · 15m · جلسة ممتدة
14:04 KSA · PRE     · signal     · ADP · orb ▼ 100 · 15m · جلسة ممتدة
14:04 KSA · PRE     · signal     · FCX · orb ▲ 80 · 15m · جلسة ممتدة
14:04 KSA · PRE     · signal     · FCX · vwapRec ▲ 55 · 15m · جلسة ممتدة
14:04 KSA · PRE     · signal     · LITE · brk ▲ 100 · 15m · جلسة ممتدة
14:04 KSA · PRE     · signal     · DVN · orb ▼ 82 · 15m · جلسة ممتدة
14:04 KSA · PRE     · signal     · TER · brk ▲ 100 · 15m · جلسة ممتدة
14:04 KSA · PRE     · signal     · HONA · orb ▲ 71 · 15m · جلسة ممتدة
14:04 KSA · PRE     · signal     · CIEN · orb ▲ 85 · 15m · جلسة ممتدة
14:04 KSA · PRE     · signal     · CIEN · vwapRec ▲ 70 · 15m · جلسة ممتدة
14:04 KSA · PRE     · signal     · LSK-USD · brk ▲ 81 · 15m
14:04 KSA · PRE     · signal     · LSK-USD · meanRev ▼ 100 · 15m
14:04 KSA · PRE     · signal     · LSK-USD · sqzExp ▲ 100 · 1h
14:04 KSA · PRE     · signal     · ARK-USD · vwapRec ▲ 57 · 15m
14:04 KSA · PRE     · signal     · SUI-USD · orb ▲ 85 · 15m
14:04 KSA · PRE     · signal     · SUI-USD · vwapRec ▲ 60 · 15m
14:04 KSA · PRE     · signal     · PEPE-USD · orb ▼ 57 · 15m
14:04 KSA · PRE     · signal     · TAO-USD · vwapRec ▲ 93 · 15m
14:04 KSA · PRE     · signal     · TRUMP-USD · vwapRec ▲ 78 · 15m
14:04 KSA · PRE     · signal     · ARB-USD · orb ▲ 73 · 15m
14:04 KSA · PRE     · signal     · PENGU-USD · vwapRec ▲ 78 · 15m
14:08 KSA · PRE     · scanner    · بدء المسح · 1153 رمزاً · الجلسة PRE
14:08 KSA · PRE     · signal     · TXN · vwapRec ▲ 88 · 15m · جلسة ممتدة
14:08 KSA · PRE     · signal     · GLW · brk ▲ 69 · 15m · جلسة ممتدة
14:08 KSA · PRE     · signal     · COHR · brk ▲ 100 · 15m · جلسة ممتدة
14:08 KSA · PRE     · signal     · THE-USD · vwapRec ▼ 100 · 15m
14:10 KSA · PRE     · scanner    · بدء المسح · 1153 رمزاً · الجلسة PRE
14:10 KSA · PRE     · signal     · GLW · orb ▲ 82 · 15m · جلسة ممتدة
14:10 KSA · PRE     · signal     · LITE · orb ▲ 82 · 15m · جلسة ممتدة
14:10 KSA · PRE     · signal     · TER · vwapRec ▼ 100 · 15m · جلسة ممتدة
14:10 KSA · PRE     · signal     · MCHP · brk ▲ 100 · 15m · جلسة ممتدة
14:10 KSA · PRE     · signal     · EUR-USD · orb ▼ 100 · 15m
14:10 KSA · PRE     · signal     · WLFI-USD · orb ▼ 100 · 15m
14:12 KSA · PRE     · scanner    · بدء المسح · 1153 رمزاً · الجلسة PRE
14:12 KSA · PRE     · signal     · NVDA · orb ▼ 76 · 15m · جلسة ممتدة
14:12 KSA · PRE     · signal     · AVGO · orb ▼ 91 · 15m · جلسة ممتدة
14:12 KSA · PRE     · signal     · AVGO · vwapRec ▼ 59 · 15m · جلسة ممتدة
14:12 KSA · PRE     · signal     · MU · orb ▼ 88 · 15m · جلسة ممتدة
14:12 KSA · PRE     · signal     · AMD · orb ▼ 62 · 15m · جلسة ممتدة
14:12 KSA · PRE     · signal     · XOM · orb ▲ 100 · 15m · جلسة ممتدة
14:12 KSA · PRE     · signal     · INTC · orb ▼ 71 · 15m · جلسة ممتدة
14:12 KSA · PRE     · signal     · CSCO · orb ▼ 74 · 15m · جلسة ممتدة
14:12 KSA · PRE     · signal     · CVX · orb ▲ 100 · 15m · جلسة ممتدة
14:12 KSA · PRE     · signal     · CAT · orb ▼ 75 · 15m · جلسة ممتدة
14:12 KSA · PRE     · signal     · DELL · orb ▼ 68 · 15m · جلسة ممتدة
14:12 KSA · PRE     · signal     · ANET · orb ▼ 57 · 15m · جلسة ممتدة
14:12 KSA · PRE     · signal     · GEV · orb ▼ 72 · 15m · جلسة ممتدة
14:12 KSA · PRE     · signal     · KLAC · orb ▼ 91 · 15m · جلسة ممتدة
14:12 KSA · PRE     · signal     · MRVL · orb ▼ 59 · 15m · جلسة ممتدة
14:12 KSA · PRE     · signal     · APH · orb ▼ 68 · 15m · جلسة ممتدة
14:12 KSA · PRE     · signal     · STX · orb ▼ 88 · 15m · جلسة ممتدة
14:12 KSA · PRE     · signal     · ADI · orb ▼ 75 · 15m · جلسة ممتدة
14:12 KSA · PRE     · signal     · COP · orb ▲ 100 · 15m · جلسة ممتدة
14:12 KSA · PRE     · signal     · COP · vwapRec ▲ 62 · 15m · جلسة ممتدة
14:12 KSA · PRE     · signal     · NEE · orb ▼ 80 · 15m · جلسة ممتدة
14:12 KSA · PRE     · signal     · NEE · brk ▼ 68 · 15m · جلسة ممتدة
14:12 KSA · PRE     · signal     · ETN · orb ▼ 75 · 15m · جلسة ممتدة
14:12 KSA · PRE     · signal     · UBER · orb ▼ 100 · 15m · جلسة ممتدة
14:12 KSA · PRE     · signal     · VRTX · pbTrend ▲ 60 · 1h · جلسة ممتدة
14:12 KSA · PRE     · signal     · CEG · orb ▼ 100 · 15m · جلسة ممتدة
14:12 KSA · PRE     · signal     · VRT · vwapRec ▼ 59 · 15m · جلسة ممتدة
14:12 KSA · PRE     · signal     · HPE · orb ▼ 82 · 15m · جلسة ممتدة
14:12 KSA · PRE     · signal     · NSC · vwapRec ▼ 76 · 15m · جلسة ممتدة
14:12 KSA · PRE     · signal     · COHR · orb ▼ 71 · 15m · جلسة ممتدة
14:12 KSA · PRE     · signal     · TER · orb ▼ 79 · 15m · جلسة ممتدة
14:12 KSA · PRE     · signal     · MCHP · orb ▼ 100 · 15m · جلسة ممتدة
14:12 KSA · PRE     · signal     · KMB · vwapRec ▼ 82 · 15m · جلسة ممتدة
14:12 KSA · PRE     · signal     · ON · orb ▼ 100 · 15m · جلسة ممتدة
14:12 KSA · PRE     · signal     · SMCI · orb ▼ 85 · 15m · جلسة ممتدة
14:12 KSA · PRE     · signal     · SMCI · brk ▼ 100 · 15m · جلسة ممتدة
14:12 KSA · PRE     · signal     · UNI-USD · pbTrend ▲ 67 · 1h
14:12 KSA · PRE     · signal     · U-USD · orb ▼ 57 · 15m
14:12 KSA · PRE     · signal     · U-USD · brk ▼ 59 · 15m
14:12 KSA · PRE     · signal     · TAO-USD · brk ▼ 70 · 15m
14:12 KSA · PRE     · signal     · THE-USD · brk ▼ 64 · 15m
14:12 KSA · PRE     · signal     · TRUMP-USD · brk ▼ 55 · 15m
14:12 KSA · PRE     · signal     · ARB-USD · brk ▼ 57 · 15m
14:12 KSA · PRE     · signal     · BANK-USD · orb ▼ 65 · 15m
14:12 KSA · PRE     · signal     · BANK-USD · brk ▼ 57 · 15m
14:12 KSA · PRE     · signal     · TON-USD · brk ▼ 61 · 15m
14:12 KSA · PRE     · signal     · SENT-USD · sqzExp ▼ 70 · 1h
14:12 KSA · PRE     · signal     · PENGU-USD · orb ▼ 70 · 15m
14:12 KSA · PRE     · signal     · PENGU-USD · brk ▼ 55 · 15m
14:12 KSA · PRE     · signal     · PENGU-USD · tfAlign ▼ 79 · 1d
14:14 KSA · PRE     · scanner    · بدء المسح · 1153 رمزاً · الجلسة PRE
14:14 KSA · PRE     · signal     · INTC · meanRev ▼ 67 · 15m · جلسة ممتدة
14:14 KSA · PRE     · signal     · CSCO · vwapRec ▲ 59 · 15m · جلسة ممتدة
14:14 KSA · PRE     · signal     · KO · orb ▼ 82 · 15m · جلسة ممتدة
14:14 KSA · PRE     · signal     · LRCX · brk ▲ 81 · 15m · جلسة ممتدة
14:14 KSA · PRE     · signal     · AMAT · brk ▲ 100 · 15m · جلسة ممتدة
14:14 KSA · PRE     · signal     · IBM · orb ▲ 100 · 15m · جلسة ممتدة
14:14 KSA · PRE     · signal     · KLAC · brk ▲ 81 · 15m · جلسة ممتدة
14:14 KSA · PRE     · signal     · TMUS · orb ▲ 71 · 15m · جلسة ممتدة
14:14 KSA · PRE     · signal     · ADI · vwapRec ▲ 83 · 15m · جلسة ممتدة
14:14 KSA · PRE     · signal     · UNP · brk ▲ 81 · 15m · جلسة ممتدة
14:14 KSA · PRE     · signal     · NOW · brk ▼ 100 · 15m · جلسة ممتدة
14:14 KSA · PRE     · signal     · NEM · orb ▲ 80 · 15m · جلسة ممتدة
14:14 KSA · PRE     · signal     · GLW · brk ▲ 69 · 15m · جلسة ممتدة
14:14 KSA · PRE     · signal     · ADP · orb ▼ 100 · 15m · جلسة ممتدة
14:14 KSA · PRE     · signal     · SYK · vwapRec ▲ 79 · 15m · جلسة ممتدة
14:14 KSA · PRE     · signal     · FCX · orb ▲ 80 · 15m · جلسة ممتدة
14:14 KSA · PRE     · signal     · FCX · vwapRec ▲ 55 · 15m · جلسة ممتدة
14:14 KSA · PRE     · signal     · HOOD · orb ▲ 100 · 15m · جلسة ممتدة
14:14 KSA · PRE     · signal     · LITE · orb ▲ 88 · 15m · جلسة ممتدة
14:14 KSA · PRE     · signal     · LITE · brk ▲ 100 · 15m · جلسة ممتدة
14:14 KSA · PRE     · signal     · DVN · orb ▼ 86 · 15m · جلسة ممتدة
14:14 KSA · PRE     · signal     · COHR · brk ▲ 100 · 15m · جلسة ممتدة
14:14 KSA · PRE     · signal     · TER · brk ▲ 100 · 15m · جلسة ممتدة
14:14 KSA · PRE     · signal     · CIEN · orb ▲ 85 · 15m · جلسة ممتدة
14:14 KSA · PRE     · signal     · CIEN · vwapRec ▲ 60 · 15m · جلسة ممتدة
14:14 KSA · PRE     · signal     · MCHP · brk ▲ 100 · 15m · جلسة ممتدة
14:14 KSA · PRE     · signal     · LSK-USD · brk ▲ 81 · 15m
14:14 KSA · PRE     · signal     · LSK-USD · meanRev ▼ 100 · 15m
14:14 KSA · PRE     · signal     · LSK-USD · sqzExp ▲ 100 · 1h
14:14 KSA · PRE     · signal     · SUI-USD · vwapRec ▲ 78 · 15m
14:14 KSA · PRE     · signal     · PEPE-USD · orb ▼ 57 · 15m
14:14 KSA · PRE     · signal     · ARB-USD · orb ▲ 73 · 15m
14:16 KSA · PRE     · scanner    · بدء المسح · 1153 رمزاً · الجلسة PRE
14:16 KSA · PRE     · signal     · TXN · vwapRec ▲ 100 · 15m · جلسة ممتدة
14:16 KSA · PRE     · signal     · GEV · orb ▲ 100 · 15m · جلسة ممتدة
14:16 KSA · PRE     · signal     · FIX · vwapRec ▲ 57 · 15m · جلسة ممتدة
14:16 KSA · PRE     · signal     · TAO-USD · vwapRec ▼ 100 · 15m
14:18 KSA · PRE     · scanner    · بدء المسح · 1153 رمزاً · الجلسة PRE
14:18 KSA · PRE     · signal     · GILD · brk ▲ 100 · 15m · جلسة ممتدة
14:18 KSA · PRE     · signal     · ON · orb ▲ 100 · 15m · جلسة ممتدة
14:18 KSA · PRE     · signal     · ICP-USD · meanRev ▼ 100 · 15m
14:18 KSA · PRE     · signal     · PENGU-USD · vwapRec ▲ 100 · 15m
14:20 KSA · PRE     · scanner    · بدء المسح · 1153 رمزاً · الجلسة PRE
14:20 KSA · PRE     · signal     · SUI-USD · orb ▲ 82 · 15m
14:20 KSA · PRE     · signal     · BANK-USD · orb ▼ 64 · 15m
14:20 KSA · PRE     · signal     · HBAN · meanRev ▲ 100 · 1d · جلسة ممتدة
14:23 KSA · PRE     · scanner    · بدء المسح · 1153 رمزاً · الجلسة PRE
14:23 KSA · PRE     · signal     · NVDA · orb ▼ 76 · 15m · جلسة ممتدة
14:23 KSA · PRE     · signal     · AVGO · orb ▼ 91 · 15m · جلسة ممتدة
14:23 KSA · PRE     · signal     · MU · orb ▼ 88 · 15m · جلسة ممتدة
14:23 KSA · PRE     · signal     · AMD · orb ▼ 62 · 15m · جلسة ممتدة
14:23 KSA · PRE     · signal     · XOM · orb ▲ 100 · 15m · جلسة ممتدة
14:23 KSA · PRE     · signal     · XOM · vwapRec ▲ 59 · 15m · جلسة ممتدة
14:23 KSA · PRE     · signal     · INTC · orb ▼ 71 · 15m · جلسة ممتدة
14:23 KSA · PRE     · signal     · CSCO · orb ▼ 74 · 15m · جلسة ممتدة
14:23 KSA · PRE     · signal     · CVX · orb ▲ 100 · 15m · جلسة ممتدة
14:23 KSA · PRE     · signal     · CVX · vwapRec ▲ 57 · 15m · جلسة ممتدة
14:23 KSA · PRE     · signal     · CAT · orb ▼ 90 · 15m · جلسة ممتدة
14:23 KSA · PRE     · signal     · CAT · vwapRec ▼ 55 · 15m · جلسة ممتدة
14:23 KSA · PRE     · signal     · DELL · orb ▼ 68 · 15m · جلسة ممتدة
14:23 KSA · PRE     · signal     · PG · vwapRec ▲ 60 · 15m · جلسة ممتدة
14:23 KSA · PRE     · signal     · HD · orb ▼ 88 · 15m · جلسة ممتدة
14:23 KSA · PRE     · signal     · RTX · vwapRec ▼ 63 · 15m · جلسة ممتدة
14:23 KSA · PRE     · signal     · ANET · orb ▼ 68 · 15m · جلسة ممتدة
14:23 KSA · PRE     · signal     · KLAC · orb ▼ 91 · 15m · جلسة ممتدة
14:23 KSA · PRE     · signal     · MRVL · orb ▼ 59 · 15m · جلسة ممتدة
14:23 KSA · PRE     · signal     · APH · orb ▼ 68 · 15m · جلسة ممتدة
14:23 KSA · PRE     · signal     · GILD · vwapRec ▲ 78 · 15m · جلسة ممتدة
14:23 KSA · PRE     · signal     · STX · orb ▼ 88 · 15m · جلسة ممتدة
14:23 KSA · PRE     · signal     · ADI · orb ▼ 79 · 15m · جلسة ممتدة
14:23 KSA · PRE     · signal     · COP · orb ▲ 100 · 15m · جلسة ممتدة
14:23 KSA · PRE     · signal     · COP · vwapRec ▲ 65 · 15m · جلسة ممتدة
14:23 KSA · PRE     · signal     · NEE · orb ▼ 80 · 15m · جلسة ممتدة
14:23 KSA · PRE     · signal     · NEE · brk ▼ 68 · 15m · جلسة ممتدة
14:23 KSA · PRE     · signal     · UNP · orb ▼ 94 · 15m · جلسة ممتدة
14:23 KSA · PRE     · signal     · BA · orb ▼ 100 · 15m · جلسة ممتدة
14:23 KSA · PRE     · signal     · ETN · orb ▼ 75 · 15m · جلسة ممتدة
14:23 KSA · PRE     · signal     · UBER · orb ▼ 100 · 15m · جلسة ممتدة
14:23 KSA · PRE     · signal     · UBER · vwapRec ▼ 59 · 15m · جلسة ممتدة
14:23 KSA · PRE     · signal     · GLW · orb ▼ 71 · 15m · جلسة ممتدة
14:23 KSA · PRE     · signal     · CEG · orb ▼ 100 · 15m · جلسة ممتدة
14:23 KSA · PRE     · signal     · HPE · orb ▼ 82 · 15m · جلسة ممتدة
14:23 KSA · PRE     · signal     · NSC · vwapRec ▼ 82 · 15m · جلسة ممتدة
14:23 KSA · PRE     · signal     · MPWR · vwapRec ▼ 65 · 15m · جلسة ممتدة
14:23 KSA · PRE     · signal     · COHR · orb ▼ 71 · 15m · جلسة ممتدة
14:23 KSA · PRE     · signal     · TER · orb ▼ 79 · 15m · جلسة ممتدة
14:23 KSA · PRE     · signal     · LHX · vwapRec ▼ 70 · 15m · جلسة ممتدة
14:23 KSA · PRE     · signal     · MCHP · orb ▼ 100 · 15m · جلسة ممتدة
14:23 KSA · PRE     · signal     · RDDT · vwapRec ▼ 76 · 15m · جلسة ممتدة
14:23 KSA · PRE     · signal     · SMCI · orb ▼ 85 · 15m · جلسة ممتدة
14:23 KSA · PRE     · signal     · SMCI · brk ▼ 100 · 15m · جلسة ممتدة
14:23 KSA · PRE     · signal     · LINK-USD · rsiDiv ▲ 72 · 1h
14:23 KSA · PRE     · signal     · LTC-USD · volSpike ▼ 78 · 15m
14:23 KSA · PRE     · signal     · ICP-USD · momo ▲ 64 · 1h
14:23 KSA · PRE     · signal     · FIL-USD · pbTrend ▲ 64 · 1h
14:23 KSA · PRE     · signal     · LSK-USD · momo ▲ 89 · 1h
14:23 KSA · PRE     · signal     · UNI-USD · brk ▼ 64 · 15m
14:23 KSA · PRE     · signal     · UNI-USD · pbTrend ▲ 57 · 1h
14:23 KSA · PRE     · signal     · U-USD · orb ▼ 65 · 15m
14:23 KSA · PRE     · signal     · U-USD · brk ▼ 55 · 15m
14:23 KSA · PRE     · signal     · TAO-USD · brk ▼ 86 · 15m
14:23 KSA · PRE     · signal     · THE-USD · brk ▼ 73 · 15m
14:23 KSA · PRE     · signal     · THE-USD · sqzExp ▼ 55 · 1h
14:23 KSA · PRE     · signal     · TRUMP-USD · brk ▼ 68 · 15m
14:23 KSA · PRE     · signal     · EUR-USD · momo ▼ 72 · 1h
14:23 KSA · PRE     · signal     · HOLO-USD · momo ▼ 72 · 1h
14:23 KSA · PRE     · signal     · BANK-USD · brk ▼ 64 · 15m
14:23 KSA · PRE     · signal     · BANK-USD · tfAlign ▼ 66 · 1d
14:23 KSA · PRE     · signal     · TON-USD · brk ▼ 61 · 15m
14:23 KSA · PRE     · signal     · SENT-USD · sqzExp ▼ 65 · 1h
14:23 KSA · PRE     · signal     · PENGU-USD · orb ▼ 70 · 15m
14:23 KSA · PRE     · signal     · PENGU-USD · brk ▼ 68 · 15m
14:25 KSA · PRE     · scanner    · بدء المسح · 1153 رمزاً · الجلسة PRE
14:25 KSA · PRE     · signal     · CSCO · vwapRec ▲ 79 · 15m · جلسة ممتدة
14:25 KSA · PRE     · signal     · LRCX · brk ▲ 81 · 15m · جلسة ممتدة
14:25 KSA · PRE     · signal     · AMAT · brk ▲ 100 · 15m · جلسة ممتدة
14:25 KSA · PRE     · signal     · GEV · vwapRec ▲ 86 · 15m · جلسة ممتدة
14:25 KSA · PRE     · signal     · KLAC · brk ▲ 81 · 15m · جلسة ممتدة
14:25 KSA · PRE     · signal     · GILD · brk ▲ 100 · 15m · جلسة ممتدة
14:25 KSA · PRE     · signal     · UNP · vwapRec ▲ 94 · 15m · جلسة ممتدة
14:25 KSA · PRE     · signal     · UNP · brk ▲ 81 · 15m · جلسة ممتدة
14:25 KSA · PRE     · signal     · NOW · brk ▼ 100 · 15m · جلسة ممتدة
14:25 KSA · PRE     · signal     · NEM · orb ▲ 73 · 15m · جلسة ممتدة
14:25 KSA · PRE     · signal     · GLW · vwapRec ▲ 59 · 15m · جلسة ممتدة
14:25 KSA · PRE     · signal     · GLW · brk ▲ 69 · 15m · جلسة ممتدة
14:25 KSA · PRE     · signal     · ADP · orb ▼ 79 · 15m · جلسة ممتدة
14:25 KSA · PRE     · signal     · ADP · brk ▼ 69 · 15m · جلسة ممتدة
14:25 KSA · PRE     · signal     · FCX · orb ▲ 95 · 15m · جلسة ممتدة
14:25 KSA · PRE     · signal     · FCX · vwapRec ▲ 80 · 15m · جلسة ممتدة
14:25 KSA · PRE     · signal     · CDNS · orb ▲ 65 · 15m · جلسة ممتدة
14:25 KSA · PRE     · signal     · CDNS · meanRev ▼ 100 · 15m · جلسة ممتدة
14:25 KSA · PRE     · signal     · LITE · orb ▲ 88 · 15m · جلسة ممتدة
14:25 KSA · PRE     · signal     · LITE · brk ▲ 100 · 15m · جلسة ممتدة
14:25 KSA · PRE     · signal     · DVN · orb ▼ 86 · 15m · جلسة ممتدة
14:25 KSA · PRE     · signal     · FIX · vwapRec ▲ 90 · 15m · جلسة ممتدة
14:25 KSA · PRE     · signal     · COHR · brk ▲ 100 · 15m · جلسة ممتدة
14:25 KSA · PRE     · signal     · TER · brk ▲ 100 · 15m · جلسة ممتدة
14:25 KSA · PRE     · signal     · CIEN · orb ▲ 82 · 15m · جلسة ممتدة
14:25 KSA · PRE     · signal     · MCHP · brk ▲ 100 · 15m · جلسة ممتدة
14:25 KSA · PRE     · signal     · SUI-USD · vwapRec ▲ 78 · 15m
14:25 KSA · PRE     · signal     · PEPE-USD · orb ▼ 73 · 15m
14:25 KSA · PRE     · signal     · ARB-USD · orb ▲ 65 · 15m
14:26 KSA · PRE     · scanner    · بدء المسح · 1153 رمزاً · الجلسة PRE
14:26 KSA · PRE     · signal     · INTC · brk ▲ 69 · 15m · جلسة ممتدة
14:26 KSA · PRE     · signal     · KO · orb ▼ 100 · 15m · جلسة ممتدة
14:26 KSA · PRE     · signal     · LRCX · vwapRec ▲ 100 · 15m · جلسة ممتدة
14:26 KSA · PRE     · signal     · COHR · sqzExp ▲ 100 · 1h · جلسة ممتدة
14:26 KSA · PRE     · signal     · TAO-USD · vwapRec ▲ 100 · 15m
14:26 KSA · PRE     · signal     · WLFI-USD · orb ▼ 100 · 15m
14:26 KSA · PRE     · signal     · TECH · brk ▲ 81 · 1d · جلسة ممتدة
14:28 KSA · PRE     · scanner    · بدء المسح · 1153 رمزاً · الجلسة PRE
14:28 KSA · PRE     · signal     · ANET · orb ▲ 86 · 15m · جلسة ممتدة
14:28 KSA · PRE     · signal     · MRVL · orb ▲ 100 · 15m · جلسة ممتدة
14:28 KSA · PRE     · signal     · UBER · meanRev ▼ 100 · 15m · جلسة ممتدة
14:28 KSA · PRE     · signal     · SUI-USD · orb ▲ 64 · 15m
14:28 KSA · PRE     · signal     · PENGU-USD · vwapRec ▲ 100 · 15m
14:30 KSA · PRE     · scanner    · بدء المسح · 1153 رمزاً · الجلسة PRE
14:30 KSA · PRE     · signal     · DELL · orb ▲ 82 · 15m · جلسة ممتدة
14:30 KSA · PRE     · signal     · UNP · orb ▲ 86 · 15m · جلسة ممتدة
14:30 KSA · PRE     · signal     · GLW · orb ▲ 100 · 15m · جلسة ممتدة
14:30 KSA · PRE     · signal     · NSC · orb ▲ 86 · 15m · جلسة ممتدة
14:30 KSA · PRE     · signal     · NSC · brk ▲ 81 · 15m · جلسة ممتدة
14:30 KSA · PRE     · signal     · MPWR · vwapRec ▲ 57 · 15m · جلسة ممتدة
14:30 KSA · PRE     · signal     · DASH-USD · meanRev ▼ 100 · 15m
14:30 KSA · PRE     · signal     · UNI-USD · vwapRec ▲ 100 · 15m
14:33 KSA · PRE     · scanner    · بدء المسح · 1153 رمزاً · الجلسة PRE
14:33 KSA · PRE     · signal     · NVDA · orb ▼ 76 · 15m · جلسة ممتدة
14:33 KSA · PRE     · signal     · GOOGL · vwapRec ▼ 71 · 15m · جلسة ممتدة
14:33 KSA · PRE     · signal     · AVGO · orb ▼ 91 · 15m · جلسة ممتدة
14:33 KSA · PRE     · signal     · MU · orb ▼ 88 · 15m · جلسة ممتدة
14:33 KSA · PRE     · signal     · AMD · orb ▼ 62 · 15m · جلسة ممتدة
14:33 KSA · PRE     · signal     · XOM · orb ▲ 100 · 15m · جلسة ممتدة
14:33 KSA · PRE     · signal     · XOM · vwapRec ▲ 65 · 15m · جلسة ممتدة
14:33 KSA · PRE     · signal     · INTC · orb ▼ 71 · 15m · جلسة ممتدة
14:33 KSA · PRE     · signal     · CSCO · orb ▼ 70 · 15m · جلسة ممتدة
14:33 KSA · PRE     · signal     · CVX · orb ▲ 100 · 15m · جلسة ممتدة
14:33 KSA · PRE     · signal     · CVX · vwapRec ▲ 57 · 15m · جلسة ممتدة
14:33 KSA · PRE     · signal     · CAT · orb ▼ 75 · 15m · جلسة ممتدة
14:33 KSA · PRE     · signal     · TXN · vwapRec ▼ 59 · 15m · جلسة ممتدة
14:33 KSA · PRE     · signal     · GEV · orb ▼ 81 · 15m · جلسة ممتدة
14:33 KSA · PRE     · signal     · IBM · volSpike ▼ 72 · 15m · جلسة ممتدة
14:33 KSA · PRE     · signal     · SNDK · orb ▼ 76 · 15m · جلسة ممتدة
14:33 KSA · PRE     · signal     · KLAC · orb ▼ 93 · 15m · جلسة ممتدة
14:33 KSA · PRE     · signal     · APH · orb ▼ 68 · 15m · جلسة ممتدة
14:33 KSA · PRE     · signal     · SCHW · vwapRec ▼ 65 · 15m · جلسة ممتدة
14:33 KSA · PRE     · signal     · STX · orb ▼ 88 · 15m · جلسة ممتدة
14:33 KSA · PRE     · signal     · COP · orb ▲ 100 · 15m · جلسة ممتدة
14:33 KSA · PRE     · signal     · COP · vwapRec ▲ 65 · 15m · جلسة ممتدة
14:33 KSA · PRE     · signal     · NEE · orb ▼ 80 · 15m · جلسة ممتدة
14:33 KSA · PRE     · signal     · NEE · brk ▼ 68 · 15m · جلسة ممتدة
14:33 KSA · PRE     · signal     · ETN · orb ▼ 75 · 15m · جلسة ممتدة
14:33 KSA · PRE     · signal     · WDC · orb ▼ 79 · 15m · جلسة ممتدة
14:33 KSA · PRE     · signal     · UBER · orb ▼ 100 · 15m · جلسة ممتدة
14:33 KSA · PRE     · signal     · UBER · vwapRec ▼ 65 · 15m · جلسة ممتدة
14:33 KSA · PRE     · signal     · GLW · volSpike ▼ 67 · 15m · جلسة ممتدة
14:33 KSA · PRE     · signal     · PSX · vwapRec ▲ 78 · 15m · جلسة ممتدة
14:33 KSA · PRE     · signal     · CEG · orb ▼ 85 · 15m · جلسة ممتدة
14:33 KSA · PRE     · signal     · CDNS · vwapRec ▼ 55 · 15m · جلسة ممتدة
14:33 KSA · PRE     · signal     · HPE · orb ▼ 82 · 15m · جلسة ممتدة
14:33 KSA · PRE     · signal     · NSC · vwapRec ▼ 78 · 15m · جلسة ممتدة
14:33 KSA · PRE     · signal     · COHR · orb ▼ 71 · 15m · جلسة ممتدة
14:33 KSA · PRE     · signal     · TER · orb ▼ 79 · 15m · جلسة ممتدة
14:33 KSA · PRE     · signal     · HONA · meanRev ▲ 93 · 15m · جلسة ممتدة
14:33 KSA · PRE     · signal     · VST · orb ▼ 100 · 15m · جلسة ممتدة
14:33 KSA · PRE     · signal     · VST · vwapRec ▼ 59 · 15m · جلسة ممتدة
14:33 KSA · PRE     · signal     · CIEN · vwapRec ▼ 59 · 15m · جلسة ممتدة
14:33 KSA · PRE     · signal     · LHX · vwapRec ▼ 63 · 15m · جلسة ممتدة
14:33 KSA · PRE     · signal     · MCHP · orb ▼ 85 · 15m · جلسة ممتدة
14:33 KSA · PRE     · signal     · ON · orb ▼ 85 · 15m · جلسة ممتدة
14:33 KSA · PRE     · signal     · SMCI · orb ▼ 85 · 15m · جلسة ممتدة
14:33 KSA · PRE     · signal     · SMCI · brk ▼ 100 · 15m · جلسة ممتدة
14:33 KSA · PRE     · signal     · UNI-USD · orb ▼ 68 · 15m
14:33 KSA · PRE     · signal     · UNI-USD · brk ▼ 59 · 15m
14:33 KSA · PRE     · signal     · UNI-USD · pbTrend ▲ 57 · 1h
14:33 KSA · PRE     · signal     · U-USD · orb ▼ 65 · 15m
14:33 KSA · PRE     · signal     · U-USD · brk ▼ 55 · 15m
14:33 KSA · PRE     · signal     · PEPE-USD · brk ▲ 61 · 15m
14:33 KSA · PRE     · signal     · TAO-USD · brk ▼ 55 · 15m
14:33 KSA · PRE     · signal     · THE-USD · sqzExp ▼ 55 · 1h
14:33 KSA · PRE     · signal     · TRUMP-USD · brk ▼ 64 · 15m
14:33 KSA · PRE     · signal     · BANK-USD · brk ▼ 57 · 15m
14:33 KSA · PRE     · signal     · TON-USD · brk ▼ 61 · 15m
14:33 KSA · PRE     · signal     · SENT-USD · sqzExp ▼ 60 · 1h
14:33 KSA · PRE     · signal     · PENGU-USD · orb ▼ 78 · 15m
14:33 KSA · PRE     · signal     · PENGU-USD · brk ▼ 55 · 15m
14:34 KSA · PRE     · scanner    · بدء المسح · 1153 رمزاً · الجلسة PRE
14:34 KSA · PRE     · signal     · META · vwapRec ▲ 79 · 15m · جلسة ممتدة
14:34 KSA · PRE     · signal     · INTC · brk ▲ 100 · 15m · جلسة ممتدة
14:34 KSA · PRE     · signal     · CSCO · vwapRec ▲ 57 · 15m · جلسة ممتدة
14:34 KSA · PRE     · signal     · KO · orb ▼ 100 · 15m · جلسة ممتدة
14:34 KSA · PRE     · signal     · DELL · orb ▲ 70 · 15m · جلسة ممتدة
14:34 KSA · PRE     · signal     · LRCX · vwapRec ▲ 85 · 15m · جلسة ممتدة
14:34 KSA · PRE     · signal     · LRCX · brk ▲ 81 · 15m · جلسة ممتدة
14:34 KSA · PRE     · signal     · AMAT · brk ▲ 81 · 15m · جلسة ممتدة
14:34 KSA · PRE     · signal     · ANET · orb ▲ 73 · 15m · جلسة ممتدة
14:34 KSA · PRE     · signal     · IBM · brk ▼ 69 · 15m · جلسة ممتدة
14:34 KSA · PRE     · signal     · KLAC · brk ▲ 81 · 15m · جلسة ممتدة
14:34 KSA · PRE     · signal     · MRVL · orb ▲ 76 · 15m · جلسة ممتدة
14:34 KSA · PRE     · signal     · SCHW · brk ▲ 69 · 15m · جلسة ممتدة
14:34 KSA · PRE     · signal     · GILD · brk ▲ 100 · 15m · جلسة ممتدة
14:34 KSA · PRE     · signal     · UNP · orb ▲ 85 · 15m · جلسة ممتدة
14:34 KSA · PRE     · signal     · UNP · brk ▲ 63 · 15m · جلسة ممتدة
14:34 KSA · PRE     · signal     · NOW · brk ▼ 100 · 15m · جلسة ممتدة
14:34 KSA · PRE     · signal     · NEM · orb ▲ 65 · 15m · جلسة ممتدة
14:34 KSA · PRE     · signal     · GLW · orb ▲ 90 · 15m · جلسة ممتدة
14:34 KSA · PRE     · signal     · GLW · vwapRec ▲ 55 · 15m · جلسة ممتدة
14:34 KSA · PRE     · signal     · GLW · brk ▲ 100 · 15m · جلسة ممتدة
14:34 KSA · PRE     · signal     · ADP · orb ▼ 79 · 15m · جلسة ممتدة
14:34 KSA · PRE     · signal     · ADP · brk ▼ 69 · 15m · جلسة ممتدة
14:34 KSA · PRE     · signal     · FCX · orb ▲ 95 · 15m · جلسة ممتدة
14:34 KSA · PRE     · signal     · FCX · vwapRec ▲ 70 · 15m · جلسة ممتدة
14:34 KSA · PRE     · signal     · CDNS · orb ▲ 73 · 15m · جلسة ممتدة
14:34 KSA · PRE     · signal     · LITE · orb ▲ 79 · 15m · جلسة ممتدة
14:34 KSA · PRE     · signal     · LITE · brk ▲ 81 · 15m · جلسة ممتدة
14:34 KSA · PRE     · signal     · NSC · orb ▲ 86 · 15m · جلسة ممتدة
14:34 KSA · PRE     · signal     · NSC · brk ▲ 81 · 15m · جلسة ممتدة
14:34 KSA · PRE     · signal     · DVN · orb ▼ 86 · 15m · جلسة ممتدة
14:34 KSA · PRE     · signal     · MPWR · vwapRec ▲ 93 · 15m · جلسة ممتدة
14:34 KSA · PRE     · signal     · FIX · vwapRec ▲ 65 · 15m · جلسة ممتدة
14:34 KSA · PRE     · signal     · COHR · brk ▲ 100 · 15m · جلسة ممتدة
14:34 KSA · PRE     · signal     · COHR · sqzExp ▲ 100 · 1h · جلسة ممتدة
14:34 KSA · PRE     · signal     · TER · brk ▲ 81 · 15m · جلسة ممتدة
14:34 KSA · PRE     · signal     · CIEN · orb ▲ 82 · 15m · جلسة ممتدة
14:34 KSA · PRE     · signal     · MCHP · vwapRec ▲ 70 · 15m · جلسة ممتدة
14:34 KSA · PRE     · signal     · MCHP · brk ▲ 69 · 15m · جلسة ممتدة
14:34 KSA · PRE     · signal     · AVAX-USD · orb ▲ 64 · 15m
14:34 KSA · PRE     · signal     · UNI-USD · vwapRec ▲ 83 · 15m
14:34 KSA · PRE     · signal     · SUI-USD · orb ▲ 83 · 15m
14:34 KSA · PRE     · signal     · PEPE-USD · orb ▼ 80 · 15m
14:34 KSA · PRE     · signal     · TAO-USD · vwapRec ▲ 83 · 15m
14:34 KSA · PRE     · signal     · TRUMP-USD · vwapRec ▲ 85 · 15m
14:34 KSA · PRE     · signal     · ARB-USD · brk ▲ 55 · 15m
14:38 KSA · PRE     · scanner    · بدء المسح · 1153 رمزاً · الجلسة PRE
14:38 KSA · PRE     · signal     · IBM · orb ▼ 100 · 15m · جلسة ممتدة
14:38 KSA · PRE     · signal     · APH · brk ▲ 100 · 15m · جلسة ممتدة
14:38 KSA · PRE     · signal     · ADBE · vwapRec ▼ 62 · 15m · جلسة ممتدة
14:38 KSA · PRE     · signal     · TAO-USD · orb ▼ 64 · 15m
14:38 KSA · PRE     · signal     · ASTER-USD · vwapRec ▲ 100 · 15m
14:40 KSA · PRE     · scanner    · بدء المسح · 1153 رمزاً · الجلسة PRE
14:40 KSA · PRE     · signal     · META · orb ▲ 82 · 15m · جلسة ممتدة
14:40 KSA · PRE     · signal     · INTU · vwapRec ▲ 100 · 15m · جلسة ممتدة
14:40 KSA · PRE     · signal     · TER · orb ▲ 82 · 15m · جلسة ممتدة
14:40 KSA · PRE     · signal     · WLFI-USD · orb ▼ 100 · 15m
14:42 KSA · PRE     · scanner    · بدء المسح · 1153 رمزاً · الجلسة PRE
14:42 KSA · PRE     · signal     · NVDA · orb ▼ 76 · 15m · جلسة ممتدة
14:42 KSA · PRE     · signal     · AVGO · orb ▼ 91 · 15m · جلسة ممتدة
14:42 KSA · PRE     · signal     · MU · orb ▼ 88 · 15m · جلسة ممتدة
14:42 KSA · PRE     · signal     · AMD · orb ▼ 62 · 15m · جلسة ممتدة
14:42 KSA · PRE     · signal     · XOM · orb ▲ 100 · 15m · جلسة ممتدة
14:42 KSA · PRE     · signal     · XOM · vwapRec ▲ 65 · 15m · جلسة ممتدة
14:42 KSA · PRE     · signal     · INTC · orb ▼ 71 · 15m · جلسة ممتدة
14:42 KSA · PRE     · signal     · CSCO · orb ▼ 74 · 15m · جلسة ممتدة
14:42 KSA · PRE     · signal     · CVX · orb ▲ 100 · 15m · جلسة ممتدة
14:42 KSA · PRE     · signal     · CVX · vwapRec ▲ 57 · 15m · جلسة ممتدة
14:42 KSA · PRE     · signal     · CAT · orb ▼ 75 · 15m · جلسة ممتدة
14:42 KSA · PRE     · signal     · TXN · vwapRec ▼ 59 · 15m · جلسة ممتدة
14:42 KSA · PRE     · signal     · GEV · orb ▼ 87 · 15m · جلسة ممتدة
14:42 KSA · PRE     · signal     · SNDK · orb ▼ 76 · 15m · جلسة ممتدة
14:42 KSA · PRE     · signal     · KLAC · orb ▼ 100 · 15m · جلسة ممتدة
14:42 KSA · PRE     · signal     · AMGN · vwapRec ▼ 59 · 15m · جلسة ممتدة
14:42 KSA · PRE     · signal     · APH · orb ▼ 68 · 15m · جلسة ممتدة
14:42 KSA · PRE     · signal     · SCHW · vwapRec ▼ 65 · 15m · جلسة ممتدة
14:42 KSA · PRE     · signal     · STX · orb ▼ 88 · 15m · جلسة ممتدة
14:42 KSA · PRE     · signal     · COP · orb ▲ 100 · 15m · جلسة ممتدة
14:42 KSA · PRE     · signal     · COP · vwapRec ▲ 65 · 15m · جلسة ممتدة
14:42 KSA · PRE     · signal     · NEE · brk ▼ 68 · 15m · جلسة ممتدة
14:42 KSA · PRE     · signal     · BA · orb ▼ 100 · 15m · جلسة ممتدة
14:42 KSA · PRE     · signal     · ETN · orb ▼ 75 · 15m · جلسة ممتدة
14:42 KSA · PRE     · signal     · WDC · orb ▼ 79 · 15m · جلسة ممتدة
14:42 KSA · PRE     · signal     · UBER · orb ▼ 100 · 15m · جلسة ممتدة
14:42 KSA · PRE     · signal     · UBER · vwapRec ▼ 59 · 15m · جلسة ممتدة
14:42 KSA · PRE     · signal     · HOOD · pbTrend ▲ 64 · 1h · جلسة ممتدة
14:42 KSA · PRE     · signal     · CEG · orb ▼ 100 · 15m · جلسة ممتدة
14:42 KSA · PRE     · signal     · CDNS · vwapRec ▼ 65 · 15m · جلسة ممتدة
14:42 KSA · PRE     · signal     · HPE · orb ▼ 82 · 15m · جلسة ممتدة
14:42 KSA · PRE     · signal     · NSC · vwapRec ▼ 78 · 15m · جلسة ممتدة
14:42 KSA · PRE     · signal     · COHR · orb ▼ 71 · 15m · جلسة ممتدة
14:42 KSA · PRE     · signal     · VST · orb ▼ 100 · 15m · جلسة ممتدة
14:42 KSA · PRE     · signal     · VST · vwapRec ▼ 59 · 15m · جلسة ممتدة
14:42 KSA · PRE     · signal     · CIEN · vwapRec ▼ 59 · 15m · جلسة ممتدة
14:42 KSA · PRE     · signal     · LHX · vwapRec ▼ 63 · 15m · جلسة ممتدة
14:42 KSA · PRE     · signal     · MCHP · orb ▼ 85 · 15m · جلسة ممتدة
14:42 KSA · PRE     · signal     · ON · orb ▼ 100 · 15m · جلسة ممتدة
14:42 KSA · PRE     · signal     · SMCI · orb ▼ 85 · 15m · جلسة ممتدة
14:42 KSA · PRE     · signal     · SMCI · brk ▼ 100 · 15m · جلسة ممتدة
14:42 KSA · PRE     · signal     · XLM-USD · vwapRec ▼ 93 · 15m
14:42 KSA · PRE     · signal     · UNI-USD · orb ▼ 68 · 15m
14:42 KSA · PRE     · signal     · UNI-USD · brk ▼ 59 · 15m
14:42 KSA · PRE     · signal     · UNI-USD · pbTrend ▲ 57 · 1h
14:42 KSA · PRE     · signal     · U-USD · orb ▼ 65 · 15m
14:42 KSA · PRE     · signal     · U-USD · brk ▼ 55 · 15m
14:42 KSA · PRE     · signal     · PEPE-USD · brk ▲ 61 · 15m
14:42 KSA · PRE     · signal     · TAO-USD · brk ▼ 55 · 15m
14:42 KSA · PRE     · signal     · THE-USD · sqzExp ▼ 55 · 1h
14:42 KSA · PRE     · signal     · TRUMP-USD · brk ▼ 64 · 15m
14:42 KSA · PRE     · signal     · EUR-USD · orb ▼ 65 · 15m
14:42 KSA · PRE     · signal     · EUR-USD · brk ▼ 55 · 15m
14:42 KSA · PRE     · signal     · BANK-USD · orb ▼ 78 · 15m
14:42 KSA · PRE     · signal     · BANK-USD · brk ▼ 57 · 15m
14:42 KSA · PRE     · signal     · TON-USD · brk ▼ 61 · 15m
14:42 KSA · PRE     · signal     · SENT-USD · orb ▼ 70 · 15m
14:42 KSA · PRE     · signal     · SENT-USD · sqzExp ▼ 60 · 1h
14:42 KSA · PRE     · signal     · PENGU-USD · orb ▼ 78 · 15m
14:42 KSA · PRE     · signal     · PENGU-USD · brk ▼ 55 · 15m
14:44 KSA · PRE     · scanner    · بدء المسح · 1153 رمزاً · الجلسة PRE
14:44 KSA · PRE     · signal     · BTC-USD · brk ▲ 100 · 15m
14:44 KSA · PRE     · signal     · INTC · brk ▲ 100 · 15m · جلسة ممتدة
14:44 KSA · PRE     · signal     · CSCO · vwapRec ▲ 79 · 15m · جلسة ممتدة
14:44 KSA · PRE     · signal     · KO · orb ▼ 100 · 15m · جلسة ممتدة
14:44 KSA · PRE     · signal     · CAT · vwapRec ▲ 68 · 15m · جلسة ممتدة
14:44 KSA · PRE     · signal     · CAT · brk ▲ 100 · 15m · جلسة ممتدة
14:44 KSA · PRE     · signal     · DELL · orb ▲ 76 · 15m · جلسة ممتدة
14:44 KSA · PRE     · signal     · LRCX · brk ▲ 81 · 15m · جلسة ممتدة
14:44 KSA · PRE     · signal     · AMAT · brk ▲ 81 · 15m · جلسة ممتدة
14:44 KSA · PRE     · signal     · ANET · orb ▲ 73 · 15m · جلسة ممتدة
14:44 KSA · PRE     · signal     · IBM · orb ▼ 100 · 15m · جلسة ممتدة
14:44 KSA · PRE     · signal     · IBM · brk ▼ 100 · 15m · جلسة ممتدة
14:44 KSA · PRE     · signal     · KLAC · brk ▲ 81 · 15m · جلسة ممتدة
14:44 KSA · PRE     · signal     · MRVL · orb ▲ 76 · 15m · جلسة ممتدة
14:44 KSA · PRE     · signal     · APH · brk ▲ 100 · 15m · جلسة ممتدة
14:44 KSA · PRE     · signal     · SCHW · brk ▲ 69 · 15m · جلسة ممتدة
14:44 KSA · PRE     · signal     · UNP · orb ▲ 85 · 15m · جلسة ممتدة
14:44 KSA · PRE     · signal     · UNP · brk ▲ 63 · 15m · جلسة ممتدة
14:44 KSA · PRE     · signal     · NOW · brk ▼ 100 · 15m · جلسة ممتدة
14:44 KSA · PRE     · signal     · ISRG · brk ▲ 100 · 15m · جلسة ممتدة
14:44 KSA · PRE     · signal     · NEM · orb ▲ 68 · 15m · جلسة ممتدة
14:44 KSA · PRE     · signal     · GLW · orb ▲ 79 · 15m · جلسة ممتدة
14:44 KSA · PRE     · signal     · GLW · brk ▲ 100 · 15m · جلسة ممتدة
14:44 KSA · PRE     · signal     · ADP · orb ▼ 79 · 15m · جلسة ممتدة
14:44 KSA · PRE     · signal     · ADP · brk ▼ 69 · 15m · جلسة ممتدة
14:44 KSA · PRE     · signal     · ADBE · vwapRec ▼ 71 · 15m · جلسة ممتدة
14:44 KSA · PRE     · signal     · FCX · orb ▲ 94 · 15m · جلسة ممتدة
14:44 KSA · PRE     · signal     · FCX · vwapRec ▲ 65 · 15m · جلسة ممتدة
14:44 KSA · PRE     · signal     · VRT · vwapRec ▲ 82 · 15m · جلسة ممتدة
14:44 KSA · PRE     · signal     · CDNS · orb ▲ 85 · 15m · جلسة ممتدة
14:44 KSA · PRE     · signal     · LITE · orb ▲ 71 · 15m · جلسة ممتدة
14:44 KSA · PRE     · signal     · LITE · brk ▲ 81 · 15m · جلسة ممتدة
14:44 KSA · PRE     · signal     · NSC · orb ▲ 86 · 15m · جلسة ممتدة
14:44 KSA · PRE     · signal     · NSC · brk ▲ 81 · 15m · جلسة ممتدة
14:44 KSA · PRE     · signal     · DVN · orb ▼ 86 · 15m · جلسة ممتدة
14:44 KSA · PRE     · signal     · FIX · vwapRec ▲ 65 · 15m · جلسة ممتدة
14:44 KSA · PRE     · signal     · COHR · brk ▲ 81 · 15m · جلسة ممتدة
14:44 KSA · PRE     · signal     · COHR · sqzExp ▲ 100 · 1h · جلسة ممتدة
14:44 KSA · PRE     · signal     · TER · orb ▲ 76 · 15m · جلسة ممتدة
14:44 KSA · PRE     · signal     · TER · brk ▲ 81 · 15m · جلسة ممتدة
14:44 KSA · PRE     · signal     · CIEN · orb ▲ 82 · 15m · جلسة ممتدة
14:44 KSA · PRE     · signal     · MCHP · vwapRec ▲ 70 · 15m · جلسة ممتدة
14:44 KSA · PRE     · signal     · MCHP · brk ▲ 69 · 15m · جلسة ممتدة
14:44 KSA · PRE     · signal     · ZEC-USD · meanRev ▼ 100 · 15m
14:44 KSA · PRE     · signal     · ICP-USD · brk ▲ 100 · 15m
14:44 KSA · PRE     · signal     · FET-USD · orb ▲ 100 · 15m
14:44 KSA · PRE     · signal     · OP-USD · brk ▲ 100 · 15m
14:44 KSA · PRE     · signal     · SOXLB-USD · meanRev ▼ 100 · 15m
14:44 KSA · PRE     · signal     · UNI-USD · vwapRec ▲ 57 · 15m
14:44 KSA · PRE     · signal     · SUI-USD · orb ▲ 93 · 15m
14:44 KSA · PRE     · signal     · PEPE-USD · orb ▼ 70 · 15m
14:44 KSA · PRE     · signal     · TAO-USD · vwapRec ▲ 57 · 15m
14:44 KSA · PRE     · signal     · TAO-USD · meanRev ▼ 55 · 15m
14:44 KSA · PRE     · signal     · TRUMP-USD · vwapRec ▲ 85 · 15m
14:44 KSA · PRE     · signal     · PUMP-USD · sqzExp ▲ 100 · 1h
14:44 KSA · PRE     · signal     · ARB-USD · brk ▲ 55 · 15m
14:44 KSA · PRE     · signal     · ASTER-USD · vwapRec ▲ 88 · 15m
14:46 KSA · PRE     · scanner    · بدء المسح · 1153 رمزاً · الجلسة PRE
14:46 KSA · PRE     · signal     · META · orb ▲ 82 · 15m · جلسة ممتدة
14:46 KSA · PRE     · signal     · CAT · orb ▲ 100 · 15m · جلسة ممتدة
14:46 KSA · PRE     · signal     · LRCX · vwapRec ▲ 79 · 15m · جلسة ممتدة
14:46 KSA · PRE     · signal     · GEV · brk ▲ 69 · 15m · جلسة ممتدة
14:46 KSA · PRE     · signal     · STX · orb ▲ 82 · 15m · جلسة ممتدة
14:46 KSA · PRE     · signal     · TJX · vwapRec ▲ 57 · 15m · جلسة ممتدة
14:46 KSA · PRE     · signal     · VST · brk ▲ 69 · 15m · جلسة ممتدة
14:46 KSA · PRE     · signal     · PEPE-USD · vwapRec ▼ 100 · 15m
14:46 KSA · PRE     · signal     · HBAN · brk ▼ 69 · 1d · جلسة ممتدة
14:48 KSA · PRE     · scanner    · بدء المسح · 1153 رمزاً · الجلسة PRE
14:48 KSA · PRE     · signal     · SNDK · orb ▲ 82 · 15m · جلسة ممتدة
14:48 KSA · PRE     · signal     · UBER · orb ▲ 100 · 15m · جلسة ممتدة
14:48 KSA · PRE     · signal     · T-USD · brk ▼ 100 · 15m
14:48 KSA · PRE     · signal     · TAO-USD · orb ▲ 82 · 15m
14:48 KSA · PRE     · signal     · PENGU-USD · orb ▲ 100 · 15m
14:50 KSA · PRE     · scanner    · بدء المسح · 1153 رمزاً · الجلسة PRE
14:50 KSA · PRE     · signal     · AMGN · brk ▼ 69 · 15m · جلسة ممتدة
14:50 KSA · PRE     · signal     · AAVE-USD · pbTrend ▲ 57 · 1h
14:50 KSA · PRE     · signal     · ONDO-USD · orb ▲ 82 · 15m
14:50 KSA · PRE     · signal     · U-USD · orb ▲ 100 · 15m
14:50 KSA · PRE     · signal     · U-USD · brk ▲ 100 · 15m
14:53 KSA · PRE     · scanner    · بدء المسح · 1153 رمزاً · الجلسة PRE
14:53 KSA · PRE     · signal     · NVDA · orb ▼ 76 · 15m · جلسة ممتدة
14:53 KSA · PRE     · signal     · AVGO · orb ▼ 91 · 15m · جلسة ممتدة
14:53 KSA · PRE     · signal     · MU · orb ▼ 88 · 15m · جلسة ممتدة
14:53 KSA · PRE     · signal     · AMD · orb ▼ 62 · 15m · جلسة ممتدة
14:53 KSA · PRE     · signal     · XOM · orb ▲ 100 · 15m · جلسة ممتدة
14:53 KSA · PRE     · signal     · XOM · vwapRec ▲ 65 · 15m · جلسة ممتدة
14:53 KSA · PRE     · signal     · INTC · orb ▼ 71 · 15m · جلسة ممتدة
14:53 KSA · PRE     · signal     · CSCO · orb ▼ 74 · 15m · جلسة ممتدة
14:53 KSA · PRE     · signal     · CVX · orb ▲ 100 · 15m · جلسة ممتدة
14:53 KSA · PRE     · signal     · GEV · orb ▼ 87 · 15m · جلسة ممتدة
14:53 KSA · PRE     · signal     · KLAC · orb ▼ 100 · 15m · جلسة ممتدة
14:53 KSA · PRE     · signal     · APH · orb ▼ 75 · 15m · جلسة ممتدة
14:53 KSA · PRE     · signal     · APH · vwapRec ▼ 55 · 15m · جلسة ممتدة
14:53 KSA · PRE     · signal     · SCHW · vwapRec ▼ 55 · 15m · جلسة ممتدة
14:53 KSA · PRE     · signal     · COP · orb ▲ 100 · 15m · جلسة ممتدة
14:53 KSA · PRE     · signal     · COP · vwapRec ▲ 65 · 15m · جلسة ممتدة
14:53 KSA · PRE     · signal     · NEE · brk ▼ 68 · 15m · جلسة ممتدة
14:53 KSA · PRE     · signal     · UNP · vwapRec ▼ 60 · 15m · جلسة ممتدة
14:53 KSA · PRE     · signal     · BA · orb ▼ 100 · 15m · جلسة ممتدة
14:53 KSA · PRE     · signal     · ETN · orb ▼ 75 · 15m · جلسة ممتدة
14:53 KSA · PRE     · signal     · WDC · orb ▼ 79 · 15m · جلسة ممتدة
14:53 KSA · PRE     · signal     · UBER · vwapRec ▼ 59 · 15m · جلسة ممتدة
14:53 KSA · PRE     · signal     · VLO · vwapRec ▲ 91 · 15m · جلسة ممتدة
14:53 KSA · PRE     · signal     · CEG · orb ▼ 100 · 15m · جلسة ممتدة
14:53 KSA · PRE     · signal     · DDOG · vwapRec ▲ 56 · 15m · جلسة ممتدة
14:53 KSA · PRE     · signal     · CDNS · vwapRec ▼ 65 · 15m · جلسة ممتدة
14:53 KSA · PRE     · signal     · HPE · orb ▼ 82 · 15m · جلسة ممتدة
14:53 KSA · PRE     · signal     · NSC · vwapRec ▼ 78 · 15m · جلسة ممتدة
14:53 KSA · PRE     · signal     · SOL-USD · volSpike ▲ 83 · 15m
14:53 KSA · PRE     · signal     · MPWR · vwapRec ▼ 65 · 15m · جلسة ممتدة
14:53 KSA · PRE     · signal     · COHR · orb ▼ 71 · 15m · جلسة ممتدة
14:53 KSA · PRE     · signal     · VST · orb ▼ 100 · 15m · جلسة ممتدة
14:53 KSA · PRE     · signal     · VST · vwapRec ▼ 65 · 15m · جلسة ممتدة
14:53 KSA · PRE     · signal     · CIEN · vwapRec ▼ 59 · 15m · جلسة ممتدة
14:53 KSA · PRE     · signal     · LHX · vwapRec ▼ 55 · 15m · جلسة ممتدة
14:53 KSA · PRE     · signal     · MCHP · orb ▼ 100 · 15m · جلسة ممتدة
14:53 KSA · PRE     · signal     · ON · orb ▼ 100 · 15m · جلسة ممتدة
14:53 KSA · PRE     · signal     · SMCI · orb ▼ 85 · 15m · جلسة ممتدة
14:53 KSA · PRE     · signal     · SMCI · brk ▼ 100 · 15m · جلسة ممتدة
14:53 KSA · PRE     · signal     · RAY-USD · volSpike ▲ 83 · 15m
14:53 KSA · PRE     · signal     · UNI-USD · orb ▼ 75 · 15m
14:53 KSA · PRE     · signal     · UNI-USD · brk ▼ 68 · 15m
14:53 KSA · PRE     · signal     · UNI-USD · pbTrend ▲ 57 · 1h
14:53 KSA · PRE     · signal     · PEPE-USD · brk ▲ 68 · 15m
14:53 KSA · PRE     · signal     · PEPE-USD · volSpike ▲ 78 · 15m
14:53 KSA · PRE     · signal     · TAO-USD · brk ▼ 73 · 15m
14:53 KSA · PRE     · signal     · THE-USD · brk ▼ 57 · 15m
14:53 KSA · PRE     · signal     · THE-USD · sqzExp ▼ 55 · 1h
14:53 KSA · PRE     · signal     · TRUMP-USD · brk ▼ 55 · 15m
14:53 KSA · PRE     · signal     · EUR-USD · orb ▼ 80 · 15m
14:53 KSA · PRE     · signal     · EUR-USD · brk ▼ 64 · 15m
14:53 KSA · PRE     · signal     · ARB-USD · orb ▼ 65 · 15m
14:53 KSA · PRE     · signal     · BANK-USD · orb ▼ 70 · 15m
14:53 KSA · PRE     · signal     · BANK-USD · brk ▼ 57 · 15m
14:53 KSA · PRE     · signal     · TON-USD · brk ▼ 61 · 15m
14:53 KSA · PRE     · signal     · SENT-USD · orb ▼ 70 · 15m
14:53 KSA · PRE     · signal     · SENT-USD · sqzExp ▼ 60 · 1h
14:53 KSA · PRE     · signal     · PENGU-USD · brk ▼ 64 · 15m
14:54 KSA · PRE     · scanner    · بدء المسح · 1153 رمزاً · الجلسة PRE
14:54 KSA · PRE     · signal     · META · orb ▲ 100 · 15m · جلسة ممتدة
14:54 KSA · PRE     · signal     · JNJ · orb ▲ 100 · 15m · جلسة ممتدة
14:54 KSA · PRE     · signal     · INTC · brk ▲ 69 · 15m · جلسة ممتدة
14:54 KSA · PRE     · signal     · CSCO · vwapRec ▲ 59 · 15m · جلسة ممتدة
14:54 KSA · PRE     · signal     · KO · orb ▼ 100 · 15m · جلسة ممتدة
14:54 KSA · PRE     · signal     · CAT · orb ▲ 90 · 15m · جلسة ممتدة
14:54 KSA · PRE     · signal     · CAT · vwapRec ▲ 65 · 15m · جلسة ممتدة
14:54 KSA · PRE     · signal     · CAT · brk ▲ 100 · 15m · جلسة ممتدة
14:54 KSA · PRE     · signal     · DELL · orb ▲ 76 · 15m · جلسة ممتدة
14:54 KSA · PRE     · signal     · LRCX · brk ▲ 81 · 15m · جلسة ممتدة
14:54 KSA · PRE     · signal     · AMAT · brk ▲ 81 · 15m · جلسة ممتدة
14:54 KSA · PRE     · signal     · ANET · orb ▲ 73 · 15m · جلسة ممتدة
14:54 KSA · PRE     · signal     · KLAC · brk ▲ 63 · 15m · جلسة ممتدة
14:54 KSA · PRE     · signal     · MRVL · orb ▲ 76 · 15m · جلسة ممتدة
14:54 KSA · PRE     · signal     · APH · brk ▲ 100 · 15m · جلسة ممتدة
14:54 KSA · PRE     · signal     · SCHW · brk ▲ 69 · 15m · جلسة ممتدة
14:54 KSA · PRE     · signal     · UNP · orb ▲ 88 · 15m · جلسة ممتدة
14:54 KSA · PRE     · signal     · UNP · brk ▲ 63 · 15m · جلسة ممتدة
14:54 KSA · PRE     · signal     · ETN · vwapRec ▲ 75 · 15m · جلسة ممتدة
14:54 KSA · PRE     · signal     · NOW · brk ▼ 100 · 15m · جلسة ممتدة
14:54 KSA · PRE     · signal     · UBER · orb ▲ 100 · 15m · جلسة ممتدة
14:54 KSA · PRE     · signal     · ISRG · brk ▲ 100 · 15m · جلسة ممتدة
14:54 KSA · PRE     · signal     · NEM · orb ▲ 68 · 15m · جلسة ممتدة
14:54 KSA · PRE     · signal     · GLW · orb ▲ 79 · 15m · جلسة ممتدة
14:54 KSA · PRE     · signal     · GLW · brk ▲ 100 · 15m · جلسة ممتدة
14:54 KSA · PRE     · signal     · ADP · orb ▼ 79 · 15m · جلسة ممتدة
14:54 KSA · PRE     · signal     · ADP · brk ▼ 69 · 15m · جلسة ممتدة
14:54 KSA · PRE     · signal     · ADBE · vwapRec ▼ 62 · 15m · جلسة ممتدة
14:54 KSA · PRE     · signal     · FCX · orb ▲ 88 · 15m · جلسة ممتدة
14:54 KSA · PRE     · signal     · FCX · vwapRec ▲ 70 · 15m · جلسة ممتدة
14:54 KSA · PRE     · signal     · CDNS · orb ▲ 85 · 15m · جلسة ممتدة
14:54 KSA · PRE     · signal     · LITE · orb ▲ 88 · 15m · جلسة ممتدة
14:54 KSA · PRE     · signal     · LITE · vwapRec ▲ 59 · 15m · جلسة ممتدة
14:54 KSA · PRE     · signal     · LITE · brk ▲ 100 · 15m · جلسة ممتدة
14:54 KSA · PRE     · signal     · NSC · orb ▲ 86 · 15m · جلسة ممتدة
14:54 KSA · PRE     · signal     · NSC · brk ▲ 81 · 15m · جلسة ممتدة
14:54 KSA · PRE     · signal     · DVN · orb ▼ 100 · 15m · جلسة ممتدة
14:54 KSA · PRE     · signal     · FIX · vwapRec ▲ 90 · 15m · جلسة ممتدة
14:54 KSA · PRE     · signal     · COHR · vwapRec ▲ 68 · 15m · جلسة ممتدة
14:54 KSA · PRE     · signal     · COHR · brk ▲ 100 · 15m · جلسة ممتدة
14:54 KSA · PRE     · signal     · TER · brk ▲ 100 · 15m · جلسة ممتدة
14:54 KSA · PRE     · signal     · VST · brk ▲ 69 · 15m · جلسة ممتدة
14:54 KSA · PRE     · signal     · CIEN · orb ▲ 82 · 15m · جلسة ممتدة
14:54 KSA · PRE     · signal     · COIN · orb ▲ 73 · 15m · جلسة ممتدة
14:54 KSA · PRE     · signal     · MCHP · vwapRec ▲ 71 · 15m · جلسة ممتدة
14:54 KSA · PRE     · signal     · MCHP · brk ▲ 100 · 15m · جلسة ممتدة
14:54 KSA · PRE     · signal     · LSK-USD · sqzExp ▲ 100 · 1h
14:54 KSA · PRE     · signal     · UNI-USD · vwapRec ▲ 75 · 15m
14:54 KSA · PRE     · signal     · SUI-USD · orb ▲ 100 · 15m
14:54 KSA · PRE     · signal     · U-USD · orb ▲ 80 · 15m
14:54 KSA · PRE     · signal     · U-USD · brk ▲ 75 · 15m
14:54 KSA · PRE     · signal     · PEPE-USD · orb ▼ 80 · 15m
14:54 KSA · PRE     · signal     · PEPE-USD · vwapRec ▼ 60 · 15m
14:54 KSA · PRE     · signal     · TAO-USD · orb ▲ 80 · 15m
14:54 KSA · PRE     · signal     · TAO-USD · vwapRec ▲ 57 · 15m
14:54 KSA · PRE     · signal     · TRUMP-USD · vwapRec ▲ 85 · 15m
14:54 KSA · PRE     · signal     · ARB-USD · brk ▲ 73 · 15m
14:54 KSA · PRE     · signal     · ASTER-USD · vwapRec ▲ 78 · 15m
14:56 KSA · PRE     · scanner    · بدء المسح · 1153 رمزاً · الجلسة PRE
14:56 KSA · PRE     · signal     · IBM · orb ▼ 100 · 15m · جلسة ممتدة
14:56 KSA · PRE     · signal     · IBM · brk ▼ 100 · 15m · جلسة ممتدة
14:56 KSA · PRE     · signal     · STX · orb ▲ 64 · 15m · جلسة ممتدة
14:56 KSA · PRE     · signal     · TER · orb ▲ 100 · 15m · جلسة ممتدة
14:56 KSA · PRE     · signal     · DASH-USD · meanRev ▼ 100 · 15m
14:58 KSA · PRE     · scanner    · بدء المسح · 1153 رمزاً · الجلسة PRE
15:00 KSA · PRE     · scanner    · بدء المسح · 1153 رمزاً · الجلسة PRE
15:00 KSA · PRE     · signal     · GEV · brk ▲ 69 · 15m · جلسة ممتدة
15:02 KSA · PRE     · scanner    · بدء المسح · 1153 رمزاً · الجلسة PRE
15:02 KSA · PRE     · signal     · NVDA · orb ▼ 76 · 15m · جلسة ممتدة
15:02 KSA · PRE     · signal     · AVGO · orb ▼ 91 · 15m · جلسة ممتدة
15:02 KSA · PRE     · signal     · MU · orb ▼ 88 · 15m · جلسة ممتدة
15:02 KSA · PRE     · signal     · AMD · orb ▼ 62 · 15m · جلسة ممتدة
15:02 KSA · PRE     · signal     · XOM · orb ▲ 100 · 15m · جلسة ممتدة
15:02 KSA · PRE     · signal     · XOM · vwapRec ▲ 65 · 15m · جلسة ممتدة
15:02 KSA · PRE     · signal     · INTC · orb ▼ 71 · 15m · جلسة ممتدة
15:02 KSA · PRE     · signal     · CSCO · orb ▼ 63 · 15m · جلسة ممتدة
15:02 KSA · PRE     · signal     · CVX · orb ▲ 100 · 15m · جلسة ممتدة
15:02 KSA · PRE     · signal     · CVX · vwapRec ▲ 57 · 15m · جلسة ممتدة
15:02 KSA · PRE     · signal     · TXN · vwapRec ▼ 59 · 15m · جلسة ممتدة
15:02 KSA · PRE     · signal     · GEV · orb ▼ 72 · 15m · جلسة ممتدة
15:02 KSA · PRE     · signal     · SNDK · orb ▼ 76 · 15m · جلسة ممتدة
15:02 KSA · PRE     · signal     · KLAC · orb ▼ 100 · 15m · جلسة ممتدة
15:02 KSA · PRE     · signal     · AXP · orb ▼ 88 · 15m · جلسة ممتدة
15:02 KSA · PRE     · signal     · APH · orb ▼ 75 · 15m · جلسة ممتدة
15:02 KSA · PRE     · signal     · APH · vwapRec ▼ 55 · 15m · جلسة ممتدة
15:02 KSA · PRE     · signal     · SCHW · vwapRec ▼ 55 · 15m · جلسة ممتدة
15:02 KSA · PRE     · signal     · ADI · orb ▼ 68 · 15m · جلسة ممتدة
15:02 KSA · PRE     · signal     · COP · orb ▲ 100 · 15m · جلسة ممتدة
15:02 KSA · PRE     · signal     · COP · vwapRec ▲ 65 · 15m · جلسة ممتدة
15:02 KSA · PRE     · signal     · NEE · brk ▼ 68 · 15m · جلسة ممتدة
15:02 KSA · PRE     · signal     · UNP · vwapRec ▼ 60 · 15m · جلسة ممتدة
15:02 KSA · PRE     · signal     · BA · orb ▼ 100 · 15m · جلسة ممتدة
15:02 KSA · PRE     · signal     · ETN · orb ▼ 75 · 15m · جلسة ممتدة
15:02 KSA · PRE     · signal     · WDC · orb ▼ 79 · 15m · جلسة ممتدة
15:02 KSA · PRE     · signal     · UBER · vwapRec ▼ 65 · 15m · جلسة ممتدة
15:02 KSA · PRE     · signal     · GLW · vwapRec ▼ 55 · 15m · جلسة ممتدة
15:02 KSA · PRE     · signal     · GLW · volSpike ▼ 56 · 15m · جلسة ممتدة
15:02 KSA · PRE     · signal     · SPGI · orb ▲ 75 · 15m · جلسة ممتدة
15:02 KSA · PRE     · signal     · SPGI · vwapRec ▲ 68 · 15m · جلسة ممتدة
15:02 KSA · PRE     · signal     · PSX · vwapRec ▲ 60 · 15m · جلسة ممتدة
15:02 KSA · PRE     · signal     · BNB-USD · vwapRec ▲ 68 · 15m
15:02 KSA · PRE     · signal     · CEG · orb ▼ 85 · 15m · جلسة ممتدة
15:02 KSA · PRE     · signal     · CDNS · vwapRec ▼ 55 · 15m · جلسة ممتدة
15:02 KSA · PRE     · signal     · HPE · orb ▼ 82 · 15m · جلسة ممتدة
15:02 KSA · PRE     · signal     · NSC · vwapRec ▼ 78 · 15m · جلسة ممتدة
15:02 KSA · PRE     · signal     · MPWR · vwapRec ▼ 65 · 15m · جلسة ممتدة
15:02 KSA · PRE     · signal     · COHR · orb ▼ 71 · 15m · جلسة ممتدة
15:02 KSA · PRE     · signal     · VST · orb ▼ 93 · 15m · جلسة ممتدة
15:02 KSA · PRE     · signal     · VST · vwapRec ▼ 57 · 15m · جلسة ممتدة
15:02 KSA · PRE     · signal     · CIEN · vwapRec ▼ 65 · 15m · جلسة ممتدة
15:02 KSA · PRE     · signal     · LHX · vwapRec ▼ 55 · 15m · جلسة ممتدة
15:02 KSA · PRE     · signal     · MCHP · orb ▼ 85 · 15m · جلسة ممتدة
15:02 KSA · PRE     · signal     · HPQ · orb ▼ 70 · 15m · جلسة ممتدة
15:02 KSA · PRE     · signal     · ON · orb ▼ 100 · 15m · جلسة ممتدة
15:02 KSA · PRE     · signal     · SMCI · orb ▼ 71 · 15m · جلسة ممتدة
15:02 KSA · PRE     · signal     · SMCI · brk ▼ 100 · 15m · جلسة ممتدة
15:02 KSA · PRE     · signal     · UNI-USD · orb ▼ 60 · 15m
15:02 KSA · PRE     · signal     · UNI-USD · brk ▼ 57 · 15m
15:02 KSA · PRE     · signal     · UNI-USD · pbTrend ▲ 57 · 1h
15:02 KSA · PRE     · signal     · TAO-USD · brk ▼ 64 · 15m
15:02 KSA · PRE     · signal     · THE-USD · brk ▼ 68 · 15m
15:02 KSA · PRE     · signal     · THE-USD · sqzExp ▼ 55 · 1h
15:02 KSA · PRE     · signal     · THE-USD · volSpike ▲ 67 · 15m
15:02 KSA · PRE     · signal     · TRUMP-USD · brk ▼ 77 · 15m
15:02 KSA · PRE     · signal     · EUR-USD · brk ▼ 68 · 15m
15:02 KSA · PRE     · signal     · ARB-USD · orb ▼ 65 · 15m
15:02 KSA · PRE     · signal     · BANK-USD · orb ▼ 70 · 15m
15:02 KSA · PRE     · signal     · TON-USD · brk ▼ 61 · 15m
15:02 KSA · PRE     · signal     · SENT-USD · orb ▼ 70 · 15m
15:02 KSA · PRE     · signal     · SENT-USD · brk ▼ 64 · 15m
15:02 KSA · PRE     · signal     · SENT-USD · sqzExp ▼ 60 · 1h
15:02 KSA · PRE     · signal     · PENGU-USD · orb ▼ 85 · 15m
15:02 KSA · PRE     · signal     · PENGU-USD · brk ▼ 86 · 15m
15:02 KSA · PRE     · signal     · PENGU-USD · volSpike ▼ 78 · 15m
15:02 KSA · PRE     · signal     · PENGU-USD · tfAlign ▼ 79 · 1d
15:02 KSA · PRE     · signal     · WLFI-USD · orb ▼ 60 · 15m
15:04 KSA · PRE     · scanner    · بدء المسح · 1153 رمزاً · الجلسة PRE
15:04 KSA · PRE     · signal     · META · orb ▲ 100 · 15m · جلسة ممتدة
15:04 KSA · PRE     · signal     · MU · vwapRec ▲ 62 · 15m · جلسة ممتدة
15:04 KSA · PRE     · signal     · CAT · brk ▲ 100 · 15m · جلسة ممتدة
15:04 KSA · PRE     · signal     · DELL · orb ▲ 59 · 15m · جلسة ممتدة
15:04 KSA · PRE     · signal     · DELL · vwapRec ▲ 71 · 15m · جلسة ممتدة
15:04 KSA · PRE     · signal     · LRCX · brk ▲ 63 · 15m · جلسة ممتدة
15:04 KSA · PRE     · signal     · AMAT · brk ▲ 63 · 15m · جلسة ممتدة
15:04 KSA · PRE     · signal     · GEV · brk ▲ 69 · 15m · جلسة ممتدة
15:04 KSA · PRE     · signal     · IBM · orb ▼ 82 · 15m · جلسة ممتدة
15:04 KSA · PRE     · signal     · IBM · brk ▼ 100 · 15m · جلسة ممتدة
15:04 KSA · PRE     · signal     · KLAC · brk ▲ 63 · 15m · جلسة ممتدة
15:04 KSA · PRE     · signal     · VZ · orb ▼ 64 · 15m · جلسة ممتدة
15:04 KSA · PRE     · signal     · MRVL · orb ▲ 65 · 15m · جلسة ممتدة
15:04 KSA · PRE     · signal     · APH · brk ▲ 100 · 15m · جلسة ممتدة
15:04 KSA · PRE     · signal     · SCHW · brk ▲ 69 · 15m · جلسة ممتدة
15:04 KSA · PRE     · signal     · STX · orb ▲ 76 · 15m · جلسة ممتدة
15:04 KSA · PRE     · signal     · UNP · orb ▲ 88 · 15m · جلسة ممتدة
15:04 KSA · PRE     · signal     · UNP · brk ▲ 63 · 15m · جلسة ممتدة
15:04 KSA · PRE     · signal     · NOW · brk ▼ 100 · 15m · جلسة ممتدة
15:04 KSA · PRE     · signal     · UBER · orb ▲ 100 · 15m · جلسة ممتدة
15:04 KSA · PRE     · signal     · NEM · orb ▲ 65 · 15m · جلسة ممتدة
15:04 KSA · PRE     · signal     · BKNG · orb ▲ 86 · 15m · جلسة ممتدة
15:04 KSA · PRE     · signal     · GLW · orb ▲ 83 · 15m · جلسة ممتدة
15:04 KSA · PRE     · signal     · GLW · brk ▲ 100 · 15m · جلسة ممتدة
15:04 KSA · PRE     · signal     · ADP · orb ▼ 79 · 15m · جلسة ممتدة
15:04 KSA · PRE     · signal     · ADP · brk ▼ 69 · 15m · جلسة ممتدة
15:04 KSA · PRE     · signal     · ADBE · vwapRec ▼ 62 · 15m · جلسة ممتدة
15:04 KSA · PRE     · signal     · FCX · orb ▲ 80 · 15m · جلسة ممتدة
15:04 KSA · PRE     · signal     · FCX · vwapRec ▲ 60 · 15m · جلسة ممتدة
15:04 KSA · PRE     · signal     · CDNS · orb ▲ 80 · 15m · جلسة ممتدة
15:04 KSA · PRE     · signal     · NSC · orb ▲ 86 · 15m · جلسة ممتدة
15:04 KSA · PRE     · signal     · NSC · brk ▲ 81 · 15m · جلسة ممتدة
15:04 KSA · PRE     · signal     · DVN · orb ▼ 86 · 15m · جلسة ممتدة
15:04 KSA · PRE     · signal     · FIX · vwapRec ▲ 83 · 15m · جلسة ممتدة
15:04 KSA · PRE     · signal     · TER · orb ▲ 88 · 15m · جلسة ممتدة
15:04 KSA · PRE     · signal     · TER · brk ▲ 81 · 15m · جلسة ممتدة
15:04 KSA · PRE     · signal     · VST · brk ▲ 100 · 15m · جلسة ممتدة
15:04 KSA · PRE     · signal     · CIEN · orb ▲ 93 · 15m · جلسة ممتدة
15:04 KSA · PRE     · signal     · MCHP · vwapRec ▲ 60 · 15m · جلسة ممتدة
15:04 KSA · PRE     · signal     · MCHP · brk ▲ 100 · 15m · جلسة ممتدة
15:04 KSA · PRE     · signal     · ETHFI-USD · orb ▲ 82 · 15m
15:04 KSA · PRE     · signal     · UNI-USD · vwapRec ▲ 68 · 15m
15:04 KSA · PRE     · signal     · SUI-USD · orb ▲ 100 · 15m
15:04 KSA · PRE     · signal     · PEPE-USD · orb ▼ 73 · 15m
15:04 KSA · PRE     · signal     · TAO-USD · orb ▲ 100 · 15m
15:04 KSA · PRE     · signal     · TRUMP-USD · vwapRec ▲ 93 · 15m
15:04 KSA · PRE     · signal     · ARB-USD · brk ▲ 80 · 15m
15:04 KSA · PRE     · signal     · ASTER-USD · vwapRec ▲ 95 · 15m
15:08 KSA · PRE     · scanner    · بدء المسح · 1153 رمزاً · الجلسة PRE
15:08 KSA · PRE     · signal     · NVDA · orb ▲ 100 · 15m · جلسة ممتدة
15:08 KSA · PRE     · signal     · NVDA · brk ▲ 69 · 15m · جلسة ممتدة
15:08 KSA · PRE     · signal     · AVGO · orb ▲ 100 · 15m · جلسة ممتدة
15:08 KSA · PRE     · signal     · ORCL · orb ▲ 100 · 15m · جلسة ممتدة
15:08 KSA · PRE     · signal     · T · orb ▼ 82 · 15m · جلسة ممتدة
15:08 KSA · PRE     · signal     · LITE · brk ▲ 69 · 15m · جلسة ممتدة
15:08 KSA · PRE     · signal     · FIX · brk ▲ 100 · 15m · جلسة ممتدة
15:08 KSA · PRE     · signal     · COHR · orb ▲ 100 · 15m · جلسة ممتدة
15:08 KSA · PRE     · signal     · COHR · brk ▲ 100 · 15m · جلسة ممتدة
15:08 KSA · PRE     · signal     · PENDLE-USD · pbTrend ▲ 57 · 1h
15:08 KSA · PRE     · signal     · SENT-USD · brk ▲ 69 · 15m
15:10 KSA · PRE     · scanner    · بدء المسح · 1153 رمزاً · الجلسة PRE
15:10 KSA · PRE     · signal     · INTC · brk ▲ 100 · 15m · جلسة ممتدة
15:10 KSA · PRE     · signal     · TXN · vwapRec ▼ 57 · 15m · جلسة ممتدة
15:13 KSA · PRE     · scanner    · بدء المسح · 1153 رمزاً · الجلسة PRE
15:13 KSA · PRE     · signal     · MU · orb ▼ 88 · 15m · جلسة ممتدة
15:13 KSA · PRE     · signal     · AMD · orb ▼ 62 · 15m · جلسة ممتدة
15:13 KSA · PRE     · signal     · XOM · orb ▲ 100 · 15m · جلسة ممتدة
15:13 KSA · PRE     · signal     · XOM · vwapRec ▲ 59 · 15m · جلسة ممتدة
15:13 KSA · PRE     · signal     · INTC · orb ▼ 71 · 15m · جلسة ممتدة
15:13 KSA · PRE     · signal     · CSCO · orb ▼ 74 · 15m · جلسة ممتدة
15:13 KSA · PRE     · signal     · CVX · orb ▲ 100 · 15m · جلسة ممتدة
15:13 KSA · PRE     · signal     · CAT · orb ▼ 83 · 15m · جلسة ممتدة
15:13 KSA · PRE     · signal     · HD · orb ▼ 88 · 15m · جلسة ممتدة
15:13 KSA · PRE     · signal     · HD · vwapRec ▼ 65 · 15m · جلسة ممتدة
15:13 KSA · PRE     · signal     · ANET · orb ▼ 57 · 15m · جلسة ممتدة
15:13 KSA · PRE     · signal     · GEV · orb ▼ 87 · 15m · جلسة ممتدة
15:13 KSA · PRE     · signal     · SNDK · orb ▼ 76 · 15m · جلسة ممتدة
15:13 KSA · PRE     · signal     · KLAC · orb ▼ 100 · 15m · جلسة ممتدة
15:13 KSA · PRE     · signal     · AXP · orb ▼ 88 · 15m · جلسة ممتدة
15:13 KSA · PRE     · signal     · APH · orb ▼ 68 · 15m · جلسة ممتدة
15:13 KSA · PRE     · signal     · SCHW · vwapRec ▼ 55 · 15m · جلسة ممتدة
15:13 KSA · PRE     · signal     · T · vwapRec ▲ 82 · 15m · جلسة ممتدة
15:13 KSA · PRE     · signal     · ADI · orb ▼ 79 · 15m · جلسة ممتدة
15:13 KSA · PRE     · signal     · COP · orb ▲ 100 · 15m · جلسة ممتدة
15:13 KSA · PRE     · signal     · COP · vwapRec ▲ 59 · 15m · جلسة ممتدة
15:13 KSA · PRE     · signal     · NEE · brk ▼ 68 · 15m · جلسة ممتدة
15:13 KSA · PRE     · signal     · UNP · vwapRec ▼ 60 · 15m · جلسة ممتدة
15:13 KSA · PRE     · signal     · BA · orb ▼ 100 · 15m · جلسة ممتدة
15:13 KSA · PRE     · signal     · ETN · orb ▼ 75 · 15m · جلسة ممتدة
15:13 KSA · PRE     · signal     · WDC · orb ▼ 79 · 15m · جلسة ممتدة
15:13 KSA · PRE     · signal     · UBER · vwapRec ▼ 59 · 15m · جلسة ممتدة
15:13 KSA · PRE     · signal     · MPC · vwapRec ▲ 71 · 15m · جلسة ممتدة
15:13 KSA · PRE     · signal     · HOOD · vwapRec ▼ 62 · 15m · جلسة ممتدة
15:13 KSA · PRE     · signal     · CEG · orb ▼ 100 · 15m · جلسة ممتدة
15:13 KSA · PRE     · signal     · CDNS · vwapRec ▼ 55 · 15m · جلسة ممتدة
15:13 KSA · PRE     · signal     · LITE · orb ▼ 71 · 15m · جلسة ممتدة
15:13 KSA · PRE     · signal     · HPE · orb ▼ 82 · 15m · جلسة ممتدة
15:13 KSA · PRE     · signal     · NSC · vwapRec ▼ 78 · 15m · جلسة ممتدة
15:13 KSA · PRE     · signal     · MPWR · vwapRec ▼ 65 · 15m · جلسة ممتدة
15:13 KSA · PRE     · signal     · VST · orb ▼ 100 · 15m · جلسة ممتدة
15:13 KSA · PRE     · signal     · VST · vwapRec ▼ 59 · 15m · جلسة ممتدة
15:13 KSA · PRE     · signal     · CIEN · vwapRec ▼ 59 · 15m · جلسة ممتدة
15:13 KSA · PRE     · signal     · MCHP · orb ▼ 100 · 15m · جلسة ممتدة
15:13 KSA · PRE     · signal     · KMB · vwapRec ▼ 82 · 15m · جلسة ممتدة
15:13 KSA · PRE     · signal     · HPQ · orb ▼ 70 · 15m · جلسة ممتدة
15:13 KSA · PRE     · signal     · ON · orb ▼ 100 · 15m · جلسة ممتدة
15:13 KSA · PRE     · signal     · SMCI · orb ▼ 85 · 15m · جلسة ممتدة
15:13 KSA · PRE     · signal     · SMCI · brk ▼ 100 · 15m · جلسة ممتدة
15:13 KSA · PRE     · signal     · ONDO-USD · orb ▼ 75 · 15m
15:13 KSA · PRE     · signal     · ONDO-USD · vwapRec ▼ 70 · 15m
15:13 KSA · PRE     · signal     · UNI-USD · orb ▼ 60 · 15m
15:13 KSA · PRE     · signal     · UNI-USD · brk ▼ 57 · 15m
15:13 KSA · PRE     · signal     · UNI-USD · pbTrend ▲ 57 · 1h
15:13 KSA · PRE     · signal     · TAO-USD · brk ▼ 64 · 15m
15:13 KSA · PRE     · signal     · THE-USD · brk ▼ 68 · 15m
15:13 KSA · PRE     · signal     · THE-USD · sqzExp ▼ 55 · 1h
15:13 KSA · PRE     · signal     · TRUMP-USD · brk ▼ 77 · 15m
15:13 KSA · PRE     · signal     · EUR-USD · orb ▼ 65 · 15m
15:13 KSA · PRE     · signal     · EUR-USD · brk ▼ 68 · 15m
15:13 KSA · PRE     · signal     · ARB-USD · orb ▼ 65 · 15m
15:13 KSA · PRE     · signal     · BANK-USD · orb ▼ 70 · 15m
15:13 KSA · PRE     · signal     · TON-USD · brk ▼ 61 · 15m
15:13 KSA · PRE     · signal     · SENT-USD · orb ▼ 70 · 15m
15:13 KSA · PRE     · signal     · SENT-USD · sqzExp ▼ 60 · 1h
15:13 KSA · PRE     · signal     · PENGU-USD · orb ▼ 85 · 15m
15:13 KSA · PRE     · signal     · PENGU-USD · vwapRec ▼ 57 · 15m
15:13 KSA · PRE     · signal     · PENGU-USD · brk ▼ 86 · 15m
15:13 KSA · PRE     · signal     · WLFI-USD · orb ▼ 60 · 15m
15:14 KSA · PRE     · scanner    · بدء المسح · 1153 رمزاً · الجلسة PRE
15:14 KSA · PRE     · signal     · NVDA · orb ▲ 71 · 15m · جلسة ممتدة
15:14 KSA · PRE     · signal     · META · orb ▲ 100 · 15m · جلسة ممتدة
15:14 KSA · PRE     · signal     · AVGO · orb ▲ 88 · 15m · جلسة ممتدة
15:14 KSA · PRE     · signal     · AVGO · vwapRec ▲ 62 · 15m · جلسة ممتدة
15:14 KSA · PRE     · signal     · INTC · brk ▲ 100 · 15m · جلسة ممتدة
15:14 KSA · PRE     · signal     · CSCO · vwapRec ▲ 88 · 15m · جلسة ممتدة
15:14 KSA · PRE     · signal     · ORCL · orb ▲ 100 · 15m · جلسة ممتدة
15:14 KSA · PRE     · signal     · CAT · brk ▲ 100 · 15m · جلسة ممتدة
15:14 KSA · PRE     · signal     · DELL · orb ▲ 65 · 15m · جلسة ممتدة
15:14 KSA · PRE     · signal     · DELL · vwapRec ▲ 71 · 15m · جلسة ممتدة
15:14 KSA · PRE     · signal     · LRCX · brk ▲ 63 · 15m · جلسة ممتدة
15:14 KSA · PRE     · signal     · AMAT · brk ▲ 81 · 15m · جلسة ممتدة
15:14 KSA · PRE     · signal     · GS · vwapRec ▲ 65 · 15m · جلسة ممتدة
15:14 KSA · PRE     · signal     · GS · brk ▲ 100 · 15m · جلسة ممتدة
15:14 KSA · PRE     · signal     · GEV · brk ▲ 69 · 15m · جلسة ممتدة
15:14 KSA · PRE     · signal     · IBM · orb ▼ 73 · 15m · جلسة ممتدة
15:14 KSA · PRE     · signal     · IBM · brk ▼ 63 · 15m · جلسة ممتدة
15:14 KSA · PRE     · signal     · KLAC · brk ▲ 81 · 15m · جلسة ممتدة
15:14 KSA · PRE     · signal     · MRVL · orb ▲ 76 · 15m · جلسة ممتدة
15:14 KSA · PRE     · signal     · APH · vwapRec ▲ 83 · 15m · جلسة ممتدة
15:14 KSA · PRE     · signal     · APH · brk ▲ 100 · 15m · جلسة ممتدة
15:14 KSA · PRE     · signal     · SCHW · brk ▲ 69 · 15m · جلسة ممتدة
15:14 KSA · PRE     · signal     · GILD · sqzExp ▲ 100 · 1h · جلسة ممتدة
15:14 KSA · PRE     · signal     · ADI · vwapRec ▲ 59 · 15m · جلسة ممتدة
15:14 KSA · PRE     · signal     · UNP · orb ▲ 95 · 15m · جلسة ممتدة
15:14 KSA · PRE     · signal     · UNP · brk ▲ 63 · 15m · جلسة ممتدة
15:14 KSA · PRE     · signal     · NOW · brk ▼ 100 · 15m · جلسة ممتدة
15:14 KSA · PRE     · signal     · NEM · orb ▲ 65 · 15m · جلسة ممتدة
15:14 KSA · PRE     · signal     · GLW · orb ▲ 88 · 15m · جلسة ممتدة
15:14 KSA · PRE     · signal     · GLW · brk ▲ 100 · 15m · جلسة ممتدة
15:14 KSA · PRE     · signal     · ACN · brk ▼ 100 · 15m · جلسة ممتدة
15:14 KSA · PRE     · signal     · ADP · orb ▼ 79 · 15m · جلسة ممتدة
15:14 KSA · PRE     · signal     · ADP · brk ▼ 69 · 15m · جلسة ممتدة
15:14 KSA · PRE     · signal     · FCX · orb ▲ 76 · 15m · جلسة ممتدة
15:14 KSA · PRE     · signal     · LITE · brk ▲ 100 · 15m · جلسة ممتدة
15:14 KSA · PRE     · signal     · NSC · orb ▲ 86 · 15m · جلسة ممتدة
15:14 KSA · PRE     · signal     · NSC · brk ▲ 81 · 15m · جلسة ممتدة
15:14 KSA · PRE     · signal     · DVN · orb ▼ 86 · 15m · جلسة ممتدة
15:14 KSA · PRE     · signal     · FIX · vwapRec ▲ 65 · 15m · جلسة ممتدة
15:14 KSA · PRE     · signal     · FIX · brk ▲ 100 · 15m · جلسة ممتدة
15:14 KSA · PRE     · signal     · COHR · orb ▲ 88 · 15m · جلسة ممتدة
15:14 KSA · PRE     · signal     · COHR · vwapRec ▲ 88 · 15m · جلسة ممتدة
15:14 KSA · PRE     · signal     · COHR · brk ▲ 100 · 15m · جلسة ممتدة
15:14 KSA · PRE     · signal     · TER · brk ▲ 100 · 15m · جلسة ممتدة
15:14 KSA · PRE     · signal     · VST · brk ▲ 100 · 15m · جلسة ممتدة
15:14 KSA · PRE     · signal     · CIEN · orb ▲ 82 · 15m · جلسة ممتدة
15:14 KSA · PRE     · signal     · MCHP · vwapRec ▲ 71 · 15m · جلسة ممتدة
15:14 KSA · PRE     · signal     · MCHP · brk ▲ 100 · 15m · جلسة ممتدة
15:14 KSA · PRE     · signal     · SUI-USD · orb ▲ 80 · 15m
15:14 KSA · PRE     · signal     · U-USD · orb ▲ 65 · 15m
15:14 KSA · PRE     · signal     · PEPE-USD · orb ▼ 65 · 15m
15:14 KSA · PRE     · signal     · TAO-USD · vwapRec ▲ 68 · 15m
15:14 KSA · PRE     · signal     · ASTER-USD · vwapRec ▲ 95 · 15m
15:14 KSA · PRE     · signal     · TECH · brk ▲ 81 · 1d · جلسة ممتدة
15:16 KSA · PRE     · scanner    · بدء المسح · 1153 رمزاً · الجلسة PRE
15:16 KSA · PRE     · signal     · CAT · orb ▲ 100 · 15m · جلسة ممتدة
15:16 KSA · PRE     · signal     · CAT · vwapRec ▲ 65 · 15m · جلسة ممتدة
15:16 KSA · PRE     · signal     · STX · orb ▲ 82 · 15m · جلسة ممتدة
15:16 KSA · PRE     · signal     · LITE · vwapRec ▼ 100 · 15m · جلسة ممتدة
15:16 KSA · PRE     · signal     · TER · orb ▲ 100 · 15m · جلسة ممتدة
15:18 KSA · PRE     · scanner    · بدء المسح · 1153 رمزاً · الجلسة PRE
15:18 KSA · PRE     · signal     · NVDA · brk ▲ 69 · 15m · جلسة ممتدة
15:18 KSA · PRE     · signal     · T · orb ▼ 82 · 15m · جلسة ممتدة
15:18 KSA · PRE     · signal     · BKNG · orb ▲ 82 · 15m · جلسة ممتدة
15:18 KSA · PRE     · signal     · ICP-USD · pbTrend ▲ 57 · 1h
15:18 KSA · PRE     · signal     · PENGU-USD · orb ▼ 82 · 15m
15:18 KSA · PRE     · signal     · PENGU-USD · vwapRec ▼ 100 · 15m
15:18 KSA · PRE     · signal     · ODFL · brk ▼ 100 · 1d · جلسة ممتدة
15:18 KSA · PRE     · signal     · ODFL · sqzExp ▼ 100 · 1d · جلسة ممتدة
15:20 KSA · PRE     · scanner    · بدء المسح · 1153 رمزاً · الجلسة PRE
15:20 KSA · PRE     · signal     · KO · orb ▼ 82 · 15m · جلسة ممتدة
15:20 KSA · PRE     · signal     · RTX · brk ▲ 69 · 15m · جلسة ممتدة
15:20 KSA · PRE     · signal     · BLK · brk ▲ 100 · 15m · جلسة ممتدة
15:20 KSA · PRE     · signal     · DDOG · vwapRec ▼ 82 · 15m · جلسة ممتدة
15:20 KSA · PRE     · signal     · CDNS · orb ▲ 73 · 15m · جلسة ممتدة
15:20 KSA · PRE     · signal     · IOTA-USD · orb ▼ 100 · 15m
15:20 KSA · PRE     · signal     · HEMI-USD · brk ▼ 100 · 15m
15:20 KSA · PRE     · signal     · HEMI-USD · meanRev ▲ 100 · 15m
15:20 KSA · PRE     · signal     · UNI-USD · pbTrend ▲ 57 · 1h
15:20 KSA · PRE     · signal     · EUR-USD · brk ▼ 69 · 15m
15:20 KSA · PRE     · signal     · WLFI-USD · orb ▼ 100 · 15m
15:23 KSA · PRE     · scanner    · بدء المسح · 1153 رمزاً · الجلسة PRE
15:23 KSA · PRE     · signal     · GOOGL · vwapRec ▼ 62 · 15m · جلسة ممتدة
15:23 KSA · PRE     · signal     · MU · orb ▼ 88 · 15m · جلسة ممتدة
15:23 KSA · PRE     · signal     · AMD · orb ▼ 62 · 15m · جلسة ممتدة
15:23 KSA · PRE     · signal     · XOM · orb ▲ 100 · 15m · جلسة ممتدة
15:23 KSA · PRE     · signal     · XOM · vwapRec ▲ 65 · 15m · جلسة ممتدة
15:23 KSA · PRE     · signal     · INTC · orb ▼ 71 · 15m · جلسة ممتدة
15:23 KSA · PRE     · signal     · CSCO · orb ▼ 74 · 15m · جلسة ممتدة
15:23 KSA · PRE     · signal     · CVX · orb ▲ 100 · 15m · جلسة ممتدة
15:23 KSA · PRE     · signal     · HD · orb ▼ 90 · 15m · جلسة ممتدة
15:23 KSA · PRE     · signal     · HD · vwapRec ▼ 65 · 15m · جلسة ممتدة
15:23 KSA · PRE     · signal     · RTX · vwapRec ▼ 63 · 15m · جلسة ممتدة
15:23 KSA · PRE     · signal     · ANET · orb ▼ 73 · 15m · جلسة ممتدة
15:23 KSA · PRE     · signal     · ANET · volSpike ▼ 56 · 15m · جلسة ممتدة
15:23 KSA · PRE     · signal     · GEV · orb ▼ 81 · 15m · جلسة ممتدة
15:23 KSA · PRE     · signal     · SNDK · orb ▼ 76 · 15m · جلسة ممتدة
15:23 KSA · PRE     · signal     · KLAC · orb ▼ 100 · 15m · جلسة ممتدة
15:23 KSA · PRE     · signal     · AXP · orb ▼ 95 · 15m · جلسة ممتدة
15:23 KSA · PRE     · signal     · APH · orb ▼ 60 · 15m · جلسة ممتدة
15:23 KSA · PRE     · signal     · SCHW · vwapRec ▼ 55 · 15m · جلسة ممتدة
15:23 KSA · PRE     · signal     · ADI · orb ▼ 79 · 15m · جلسة ممتدة
15:23 KSA · PRE     · signal     · COP · orb ▲ 100 · 15m · جلسة ممتدة
15:23 KSA · PRE     · signal     · COP · vwapRec ▲ 65 · 15m · جلسة ممتدة
15:23 KSA · PRE     · signal     · NEE · orb ▼ 80 · 15m · جلسة ممتدة
15:23 KSA · PRE     · signal     · NEE · brk ▼ 68 · 15m · جلسة ممتدة
15:23 KSA · PRE     · signal     · UNP · vwapRec ▼ 60 · 15m · جلسة ممتدة
15:23 KSA · PRE     · signal     · BA · orb ▼ 100 · 15m · جلسة ممتدة
15:23 KSA · PRE     · signal     · ETN · orb ▼ 90 · 15m · جلسة ممتدة
15:23 KSA · PRE     · signal     · ETN · vwapRec ▼ 55 · 15m · جلسة ممتدة
15:23 KSA · PRE     · signal     · WDC · orb ▼ 79 · 15m · جلسة ممتدة
15:23 KSA · PRE     · signal     · NOW · vwapRec ▲ 57 · 15m · جلسة ممتدة
15:23 KSA · PRE     · signal     · UBER · orb ▼ 100 · 15m · جلسة ممتدة
15:23 KSA · PRE     · signal     · UBER · vwapRec ▼ 59 · 15m · جلسة ممتدة
15:23 KSA · PRE     · signal     · MPC · vwapRec ▲ 75 · 15m · جلسة ممتدة
15:23 KSA · PRE     · signal     · VLO · vwapRec ▲ 75 · 15m · جلسة ممتدة
15:23 KSA · PRE     · signal     · FCX · vwapRec ▼ 60 · 15m · جلسة ممتدة
15:23 KSA · PRE     · signal     · CEG · orb ▼ 100 · 15m · جلسة ممتدة
15:23 KSA · PRE     · signal     · CDNS · vwapRec ▼ 65 · 15m · جلسة ممتدة
15:23 KSA · PRE     · signal     · LITE · orb ▼ 71 · 15m · جلسة ممتدة
15:23 KSA · PRE     · signal     · HPE · orb ▼ 82 · 15m · جلسة ممتدة
15:23 KSA · PRE     · signal     · NSC · vwapRec ▼ 78 · 15m · جلسة ممتدة
15:23 KSA · PRE     · signal     · AON · vwapRec ▲ 62 · 15m · جلسة ممتدة
15:23 KSA · PRE     · signal     · NXPI · vwapRec ▼ 65 · 15m · جلسة ممتدة
15:23 KSA · PRE     · signal     · MPWR · vwapRec ▼ 57 · 15m · جلسة ممتدة
15:23 KSA · PRE     · signal     · HONA · brk ▼ 89 · 15m · جلسة ممتدة
15:23 KSA · PRE     · signal     · VST · orb ▼ 100 · 15m · جلسة ممتدة
15:23 KSA · PRE     · signal     · VST · vwapRec ▼ 65 · 15m · جلسة ممتدة
15:23 KSA · PRE     · signal     · CIEN · vwapRec ▼ 65 · 15m · جلسة ممتدة
15:23 KSA · PRE     · signal     · LHX · vwapRec ▼ 60 · 15m · جلسة ممتدة
15:23 KSA · PRE     · signal     · MCHP · orb ▼ 100 · 15m · جلسة ممتدة
15:23 KSA · PRE     · signal     · KMB · vwapRec ▼ 82 · 15m · جلسة ممتدة
15:23 KSA · PRE     · signal     · HPQ · orb ▼ 70 · 15m · جلسة ممتدة
15:23 KSA · PRE     · signal     · ON · orb ▼ 100 · 15m · جلسة ممتدة
15:23 KSA · PRE     · signal     · SMCI · orb ▼ 71 · 15m · جلسة ممتدة
15:23 KSA · PRE     · signal     · SMCI · brk ▼ 100 · 15m · جلسة ممتدة
15:23 KSA · PRE     · signal     · INJ-USD · rsiDiv ▲ 67 · 1h
15:23 KSA · PRE     · signal     · RAY-USD · tfAlign ▲ 84 · 1d
15:23 KSA · PRE     · signal     · LSK-USD · vwapRec ▼ 60 · 15m
15:23 KSA · PRE     · signal     · MUB-USD · momo ▲ 69 · 1h
15:23 KSA · PRE     · signal     · MTL-USD · vwapRec ▼ 68 · 15m
15:23 KSA · PRE     · signal     · UNI-USD · brk ▼ 64 · 15m
15:23 KSA · PRE     · signal     · U-USD · brk ▼ 59 · 15m
15:23 KSA · PRE     · signal     · TAO-USD · orb ▼ 78 · 15m
15:23 KSA · PRE     · signal     · TAO-USD · brk ▼ 77 · 15m
15:23 KSA · PRE     · signal     · THE-USD · brk ▼ 68 · 15m
15:23 KSA · PRE     · signal     · THE-USD · momo ▼ 67 · 1h
15:23 KSA · PRE     · signal     · TRUMP-USD · brk ▼ 86 · 15m
15:23 KSA · PRE     · signal     · EUR-USD · sqzExp ▼ 57 · 1h
15:23 KSA · PRE     · signal     · ARB-USD · orb ▼ 65 · 15m
15:23 KSA · PRE     · signal     · ARB-USD · brk ▼ 73 · 15m
15:23 KSA · PRE     · signal     · BANK-USD · brk ▼ 73 · 15m
15:23 KSA · PRE     · signal     · TON-USD · brk ▼ 61 · 15m
15:23 KSA · PRE     · signal     · SENT-USD · orb ▼ 70 · 15m
15:23 KSA · PRE     · signal     · SENT-USD · brk ▼ 57 · 15m
15:23 KSA · PRE     · signal     · SENT-USD · sqzExp ▼ 80 · 1h
15:23 KSA · PRE     · signal     · PENGU-USD · brk ▼ 86 · 15m
15:23 KSA · PRE     · signal     · WLFI-USD · brk ▼ 57 · 15m
15:24 KSA · PRE     · scanner    · بدء المسح · 1153 رمزاً · الجلسة PRE
15:24 KSA · PRE     · signal     · NVDA · orb ▲ 94 · 15m · جلسة ممتدة
15:24 KSA · PRE     · signal     · NVDA · brk ▲ 100 · 15m · جلسة ممتدة
15:24 KSA · PRE     · signal     · META · orb ▲ 100 · 15m · جلسة ممتدة
15:24 KSA · PRE     · signal     · META · meanRev ▼ 100 · 15m · جلسة ممتدة
15:24 KSA · PRE     · signal     · AVGO · orb ▲ 100 · 15m · جلسة ممتدة
15:24 KSA · PRE     · signal     · AVGO · vwapRec ▲ 71 · 15m · جلسة ممتدة
15:24 KSA · PRE     · signal     · INTC · brk ▲ 100 · 15m · جلسة ممتدة
15:24 KSA · PRE     · signal     · KO · orb ▼ 100 · 15m · جلسة ممتدة
15:24 KSA · PRE     · signal     · CAT · orb ▲ 79 · 15m · جلسة ممتدة
15:24 KSA · PRE     · signal     · CAT · vwapRec ▲ 59 · 15m · جلسة ممتدة
15:24 KSA · PRE     · signal     · CAT · brk ▲ 81 · 15m · جلسة ممتدة
15:24 KSA · PRE     · signal     · LRCX · brk ▲ 81 · 15m · جلسة ممتدة
15:24 KSA · PRE     · signal     · AMAT · brk ▲ 81 · 15m · جلسة ممتدة
15:24 KSA · PRE     · signal     · GS · vwapRec ▲ 85 · 15m · جلسة ممتدة
15:24 KSA · PRE     · signal     · RTX · brk ▲ 69 · 15m · جلسة ممتدة
15:24 KSA · PRE     · signal     · ANET · vwapRec ▲ 57 · 15m · جلسة ممتدة
15:24 KSA · PRE     · signal     · GEV · brk ▲ 69 · 15m · جلسة ممتدة
15:24 KSA · PRE     · signal     · IBM · orb ▼ 73 · 15m · جلسة ممتدة
15:24 KSA · PRE     · signal     · IBM · brk ▼ 63 · 15m · جلسة ممتدة
15:24 KSA · PRE     · signal     · KLAC · brk ▲ 81 · 15m · جلسة ممتدة
15:24 KSA · PRE     · signal     · MRVL · orb ▲ 76 · 15m · جلسة ممتدة
15:24 KSA · PRE     · signal     · APH · vwapRec ▲ 75 · 15m · جلسة ممتدة
15:24 KSA · PRE     · signal     · APH · brk ▲ 100 · 15m · جلسة ممتدة
15:24 KSA · PRE     · signal     · SCHW · brk ▲ 69 · 15m · جلسة ممتدة
15:24 KSA · PRE     · signal     · T · orb ▼ 82 · 15m · جلسة ممتدة
15:24 KSA · PRE     · signal     · STX · orb ▲ 88 · 15m · جلسة ممتدة
15:24 KSA · PRE     · signal     · ADI · vwapRec ▲ 79 · 15m · جلسة ممتدة
15:24 KSA · PRE     · signal     · UNP · orb ▲ 95 · 15m · جلسة ممتدة
15:24 KSA · PRE     · signal     · UNP · brk ▲ 63 · 15m · جلسة ممتدة
15:24 KSA · PRE     · signal     · NOW · brk ▼ 100 · 15m · جلسة ممتدة
15:24 KSA · PRE     · signal     · NEM · orb ▲ 73 · 15m · جلسة ممتدة
15:24 KSA · PRE     · signal     · GLW · orb ▲ 79 · 15m · جلسة ممتدة
15:24 KSA · PRE     · signal     · GLW · brk ▲ 100 · 15m · جلسة ممتدة
15:24 KSA · PRE     · signal     · ACN · vwapRec ▼ 75 · 15m · جلسة ممتدة
15:24 KSA · PRE     · signal     · ACN · brk ▼ 100 · 15m · جلسة ممتدة
15:24 KSA · PRE     · signal     · ADP · orb ▼ 79 · 15m · جلسة ممتدة
15:24 KSA · PRE     · signal     · FCX · orb ▲ 80 · 15m · جلسة ممتدة
15:24 KSA · PRE     · signal     · LITE · brk ▲ 100 · 15m · جلسة ممتدة
15:24 KSA · PRE     · signal     · DVN · orb ▼ 86 · 15m · جلسة ممتدة
15:24 KSA · PRE     · signal     · FIX · vwapRec ▲ 57 · 15m · جلسة ممتدة
15:24 KSA · PRE     · signal     · FIX · brk ▲ 100 · 15m · جلسة ممتدة
15:24 KSA · PRE     · signal     · COHR · orb ▲ 88 · 15m · جلسة ممتدة
15:24 KSA · PRE     · signal     · COHR · brk ▲ 100 · 15m · جلسة ممتدة
15:24 KSA · PRE     · signal     · TER · orb ▲ 88 · 15m · جلسة ممتدة
15:24 KSA · PRE     · signal     · TER · brk ▲ 81 · 15m · جلسة ممتدة
15:24 KSA · PRE     · signal     · VST · brk ▲ 100 · 15m · جلسة ممتدة
15:24 KSA · PRE     · signal     · CIEN · orb ▲ 85 · 15m · جلسة ممتدة
15:24 KSA · PRE     · signal     · MCHP · vwapRec ▲ 75 · 15m · جلسة ممتدة
15:24 KSA · PRE     · signal     · MCHP · brk ▲ 100 · 15m · جلسة ممتدة
15:24 KSA · PRE     · signal     · ICP-USD · vwapRec ▼ 100 · 15m
15:24 KSA · PRE     · signal     · PEPE-USD · orb ▼ 57 · 15m
15:24 KSA · PRE     · signal     · TAO-USD · vwapRec ▲ 85 · 15m
15:24 KSA · PRE     · signal     · ASTER-USD · vwapRec ▲ 95 · 15m
15:26 KSA · PRE     · scanner    · بدء المسح · 1153 رمزاً · الجلسة PRE
15:26 KSA · PRE     · signal     · XLM-USD · orb ▲ 82 · 15m
15:26 KSA · PRE     · signal     · TRUMP-USD · brk ▼ 100 · 15m
15:26 KSA · PRE     · signal     · ARB-USD · brk ▲ 100 · 15m
15:28 KSA · PRE     · scanner    · بدء المسح · 1153 رمزاً · الجلسة PRE
15:28 KSA · PRE     · signal     · LITE · orb ▲ 82 · 15m · جلسة ممتدة
15:28 KSA · PRE     · signal     · SUI-USD · vwapRec ▼ 100 · 15m
15:30 KSA · PRE     · scanner    · بدء المسح · 1153 رمزاً · الجلسة PRE
15:30 KSA · PRE     · signal     · INTC · vwapRec ▲ 100 · 15m · جلسة ممتدة
15:30 KSA · PRE     · signal     · HEMI-USD · orb ▼ 82 · 15m
15:30 KSA · PRE     · signal     · BANK-USD · vwapRec ▼ 100 · 15m
15:33 KSA · PRE     · scanner    · بدء المسح · 1153 رمزاً · الجلسة PRE
15:33 KSA · PRE     · signal     · MU · orb ▼ 88 · 15m · جلسة ممتدة
15:33 KSA · PRE     · signal     · AMD · orb ▼ 62 · 15m · جلسة ممتدة
15:33 KSA · PRE     · signal     · XOM · orb ▲ 100 · 15m · جلسة ممتدة
15:33 KSA · PRE     · signal     · XOM · vwapRec ▲ 65 · 15m · جلسة ممتدة
15:33 KSA · PRE     · signal     · INTC · orb ▼ 71 · 15m · جلسة ممتدة
15:33 KSA · PRE     · signal     · CSCO · orb ▼ 63 · 15m · جلسة ممتدة
15:33 KSA · PRE     · signal     · CVX · orb ▲ 100 · 15m · جلسة ممتدة
15:33 KSA · PRE     · signal     · CVX · vwapRec ▲ 65 · 15m · جلسة ممتدة
15:33 KSA · PRE     · signal     · DELL · orb ▼ 62 · 15m · جلسة ممتدة
15:33 KSA · PRE     · signal     · UNH · vwapRec ▲ 85 · 15m · جلسة ممتدة
15:33 KSA · PRE     · signal     · MS · vwapRec ▼ 55 · 15m · جلسة ممتدة
15:33 KSA · PRE     · signal     · HD · orb ▼ 90 · 15m · جلسة ممتدة
15:33 KSA · PRE     · signal     · RTX · vwapRec ▼ 70 · 15m · جلسة ممتدة
15:33 KSA · PRE     · signal     · ANET · orb ▼ 65 · 15m · جلسة ممتدة
15:33 KSA · PRE     · signal     · GEV · orb ▼ 72 · 15m · جلسة ممتدة
15:33 KSA · PRE     · signal     · IBM · vwapRec ▲ 80 · 15m · جلسة ممتدة
15:33 KSA · PRE     · signal     · SNDK · orb ▼ 76 · 15m · جلسة ممتدة
15:33 KSA · PRE     · signal     · KLAC · orb ▼ 91 · 15m · جلسة ممتدة
15:33 KSA · PRE     · signal     · APH · orb ▼ 60 · 15m · جلسة ممتدة
15:33 KSA · PRE     · signal     · SCHW · vwapRec ▼ 55 · 15m · جلسة ممتدة
15:33 KSA · PRE     · signal     · PEP · volSpike ▼ 83 · 15m · جلسة ممتدة
15:33 KSA · PRE     · signal     · ADI · orb ▼ 83 · 15m · جلسة ممتدة
15:33 KSA · PRE     · signal     · COP · orb ▲ 100 · 15m · جلسة ممتدة
15:33 KSA · PRE     · signal     · COP · vwapRec ▲ 65 · 15m · جلسة ممتدة
15:33 KSA · PRE     · signal     · NEE · orb ▼ 80 · 15m · جلسة ممتدة
15:33 KSA · PRE     · signal     · NEE · brk ▼ 68 · 15m · جلسة ممتدة
15:33 KSA · PRE     · signal     · UNP · vwapRec ▼ 60 · 15m · جلسة ممتدة
15:33 KSA · PRE     · signal     · BA · orb ▼ 100 · 15m · جلسة ممتدة
15:33 KSA · PRE     · signal     · ETN · orb ▼ 75 · 15m · جلسة ممتدة
15:33 KSA · PRE     · signal     · WDC · orb ▼ 79 · 15m · جلسة ممتدة
15:33 KSA · PRE     · signal     · UBER · orb ▼ 93 · 15m · جلسة ممتدة
15:33 KSA · PRE     · signal     · FTNT · vwapRec ▲ 70 · 15m · جلسة ممتدة
15:33 KSA · PRE     · signal     · GLW · vwapRec ▼ 55 · 15m · جلسة ممتدة
15:33 KSA · PRE     · signal     · GLW · volSpike ▼ 56 · 15m · جلسة ممتدة
15:33 KSA · PRE     · signal     · MPC · vwapRec ▲ 75 · 15m · جلسة ممتدة
15:33 KSA · PRE     · signal     · VLO · vwapRec ▲ 75 · 15m · جلسة ممتدة
15:33 KSA · PRE     · signal     · LOW · vwapRec ▼ 68 · 15m · جلسة ممتدة
15:33 KSA · PRE     · signal     · CEG · orb ▼ 91 · 15m · جلسة ممتدة
15:33 KSA · PRE     · signal     · VRT · vwapRec ▼ 57 · 15m · جلسة ممتدة
15:33 KSA · PRE     · signal     · HPE · orb ▼ 85 · 15m · جلسة ممتدة
15:33 KSA · PRE     · signal     · NXPI · vwapRec ▼ 55 · 15m · جلسة ممتدة
15:33 KSA · PRE     · signal     · MPWR · vwapRec ▼ 57 · 15m · جلسة ممتدة
15:33 KSA · PRE     · signal     · VST · orb ▼ 100 · 15m · جلسة ممتدة
15:33 KSA · PRE     · signal     · VST · vwapRec ▼ 65 · 15m · جلسة ممتدة
15:33 KSA · PRE     · signal     · CIEN · vwapRec ▼ 65 · 15m · جلسة ممتدة
15:33 KSA · PRE     · signal     · MCHP · orb ▼ 100 · 15m · جلسة ممتدة
15:33 KSA · PRE     · signal     · HPQ · orb ▼ 78 · 15m · جلسة ممتدة
15:33 KSA · PRE     · signal     · ON · orb ▼ 100 · 15m · جلسة ممتدة
15:33 KSA · PRE     · signal     · SMCI · orb ▼ 71 · 15m · جلسة ممتدة
15:33 KSA · PRE     · signal     · SMCI · brk ▼ 100 · 15m · جلسة ممتدة
15:33 KSA · PRE     · signal     · ICP-USD · volSpike ▼ 89 · 15m
15:33 KSA · PRE     · signal     · IOTA-USD · volSpike ▼ 100 · 15m
15:33 KSA · PRE     · signal     · UNI-USD · brk ▼ 82 · 15m
15:33 KSA · PRE     · signal     · SUI-USD · orb ▼ 78 · 15m
15:33 KSA · PRE     · signal     · TAO-USD · orb ▼ 78 · 15m
15:33 KSA · PRE     · signal     · TAO-USD · brk ▼ 77 · 15m
15:33 KSA · PRE     · signal     · THE-USD · brk ▼ 73 · 15m
15:33 KSA · PRE     · signal     · THE-USD · rsiDiv ▲ 56 · 15m
15:33 KSA · PRE     · signal     · EUR-USD · sqzExp ▼ 57 · 1h
15:33 KSA · PRE     · signal     · ARB-USD · orb ▼ 65 · 15m
15:33 KSA · PRE     · signal     · BANK-USD · brk ▼ 75 · 15m
15:33 KSA · PRE     · signal     · TON-USD · brk ▼ 61 · 15m
15:33 KSA · PRE     · signal     · SENT-USD · orb ▼ 63 · 15m
15:33 KSA · PRE     · signal     · SENT-USD · sqzExp ▼ 80 · 1h
15:33 KSA · PRE     · signal     · PENGU-USD · brk ▼ 77 · 15m
15:33 KSA · PRE     · signal     · CASY · sqzExp ▼ 72 · 1d · جلسة ممتدة
15:34 KSA · PRE     · scanner    · بدء المسح · 1153 رمزاً · الجلسة PRE
15:34 KSA · PRE     · signal     · NVDA · orb ▲ 94 · 15m · جلسة ممتدة
15:34 KSA · PRE     · signal     · NVDA · brk ▲ 69 · 15m · جلسة ممتدة
15:34 KSA · PRE     · signal     · META · orb ▲ 100 · 15m · جلسة ممتدة
15:34 KSA · PRE     · signal     · AVGO · orb ▲ 88 · 15m · جلسة ممتدة
15:34 KSA · PRE     · signal     · INTC · brk ▲ 100 · 15m · جلسة ممتدة
15:34 KSA · PRE     · signal     · KO · orb ▼ 86 · 15m · جلسة ممتدة
15:34 KSA · PRE     · signal     · CAT · orb ▲ 83 · 15m · جلسة ممتدة
15:34 KSA · PRE     · signal     · CAT · vwapRec ▲ 65 · 15m · جلسة ممتدة
15:34 KSA · PRE     · signal     · CAT · brk ▲ 81 · 15m · جلسة ممتدة
15:34 KSA · PRE     · signal     · LRCX · vwapRec ▲ 85 · 15m · جلسة ممتدة
15:34 KSA · PRE     · signal     · LRCX · brk ▲ 81 · 15m · جلسة ممتدة
15:34 KSA · PRE     · signal     · AMAT · brk ▲ 81 · 15m · جلسة ممتدة
15:34 KSA · PRE     · signal     · GS · vwapRec ▲ 95 · 15m · جلسة ممتدة
15:34 KSA · PRE     · signal     · RTX · brk ▲ 69 · 15m · جلسة ممتدة
15:34 KSA · PRE     · signal     · IBM · orb ▼ 73 · 15m · جلسة ممتدة
15:34 KSA · PRE     · signal     · IBM · brk ▼ 63 · 15m · جلسة ممتدة
15:34 KSA · PRE     · signal     · KLAC · brk ▲ 81 · 15m · جلسة ممتدة
15:34 KSA · PRE     · signal     · VZ · orb ▼ 100 · 15m · جلسة ممتدة
15:34 KSA · PRE     · signal     · MRVL · orb ▲ 65 · 15m · جلسة ممتدة
15:34 KSA · PRE     · signal     · APH · brk ▲ 100 · 15m · جلسة ممتدة
15:34 KSA · PRE     · signal     · SCHW · brk ▲ 69 · 15m · جلسة ممتدة
15:34 KSA · PRE     · signal     · UNP · orb ▲ 95 · 15m · جلسة ممتدة
15:34 KSA · PRE     · signal     · UNP · brk ▲ 63 · 15m · جلسة ممتدة
15:34 KSA · PRE     · signal     · NOW · vwapRec ▼ 62 · 15m · جلسة ممتدة
15:34 KSA · PRE     · signal     · NOW · brk ▼ 100 · 15m · جلسة ممتدة
15:34 KSA · PRE     · signal     · NEM · orb ▲ 73 · 15m · جلسة ممتدة
15:34 KSA · PRE     · signal     · GLW · brk ▲ 69 · 15m · جلسة ممتدة
15:34 KSA · PRE     · signal     · ACN · vwapRec ▼ 75 · 15m · جلسة ممتدة
15:34 KSA · PRE     · signal     · ACN · brk ▼ 100 · 15m · جلسة ممتدة
15:34 KSA · PRE     · signal     · ADP · orb ▼ 100 · 15m · جلسة ممتدة
15:34 KSA · PRE     · signal     · FCX · orb ▲ 76 · 15m · جلسة ممتدة
15:34 KSA · PRE     · signal     · LITE · brk ▲ 100 · 15m · جلسة ممتدة
15:34 KSA · PRE     · signal     · HON · vwapRec ▲ 57 · 15m · جلسة ممتدة
15:34 KSA · PRE     · signal     · DVN · orb ▼ 64 · 15m · جلسة ممتدة
15:34 KSA · PRE     · signal     · FIX · brk ▲ 100 · 15m · جلسة ممتدة
15:34 KSA · PRE     · signal     · COHR · orb ▲ 65 · 15m · جلسة ممتدة
15:34 KSA · PRE     · signal     · COHR · brk ▲ 69 · 15m · جلسة ممتدة
15:34 KSA · PRE     · signal     · TER · orb ▲ 88 · 15m · جلسة ممتدة
15:34 KSA · PRE     · signal     · TER · brk ▲ 81 · 15m · جلسة ممتدة
15:34 KSA · PRE     · signal     · VST · brk ▲ 100 · 15m · جلسة ممتدة
15:34 KSA · PRE     · signal     · CIEN · orb ▲ 78 · 15m · جلسة ممتدة
15:34 KSA · PRE     · signal     · MCHP · vwapRec ▲ 71 · 15m · جلسة ممتدة
15:34 KSA · PRE     · signal     · MCHP · brk ▲ 81 · 15m · جلسة ممتدة
15:34 KSA · PRE     · signal     · PEPE-USD · orb ▼ 73 · 15m
15:34 KSA · PRE     · signal     · PEPE-USD · pbTrend ▲ 57 · 1h
15:34 KSA · PRE     · signal     · ASTER-USD · vwapRec ▲ 78 · 15m
15:38 KSA · PRE     · scanner    · بدء المسح · 1153 رمزاً · الجلسة PRE
15:38 KSA · PRE     · signal     · XOM · vwapRec ▼ 100 · 15m · جلسة ممتدة
15:38 KSA · PRE     · signal     · MRK · brk ▲ 69 · 15m · جلسة ممتدة
15:38 KSA · PRE     · signal     · WFC · vwapRec ▼ 79 · 15m · جلسة ممتدة
15:38 KSA · PRE     · signal     · TXN · vwapRec ▲ 59 · 15m · جلسة ممتدة
15:38 KSA · PRE     · signal     · ADI · vwapRec ▼ 79 · 15m · جلسة ممتدة
15:38 KSA · PRE     · signal     · BKNG · orb ▲ 82 · 15m · جلسة ممتدة
15:38 KSA · PRE     · signal     · COHR · vwapRec ▼ 100 · 15m · جلسة ممتدة
15:38 KSA · PRE     · signal     · XLM-USD · vwapRec ▼ 68 · 15m
15:38 KSA · PRE     · signal     · WLFI-USD · orb ▼ 100 · 15m
15:38 KSA · PRE     · signal     · ASTER-USD · orb ▼ 64 · 15m
15:40 KSA · PRE     · scanner    · بدء المسح · 1153 رمزاً · الجلسة PRE
15:40 KSA · PRE     · signal     · GOOG · brk ▲ 63 · 15m · جلسة ممتدة
15:40 KSA · PRE     · signal     · AMAT · vwapRec ▼ 100 · 15m · جلسة ممتدة
15:40 KSA · PRE     · signal     · CDNS · orb ▼ 100 · 15m · جلسة ممتدة
15:42 KSA · PRE     · scanner    · بدء المسح · 1153 رمزاً · الجلسة PRE
15:42 KSA · PRE     · signal     · GOOGL · vwapRec ▼ 62 · 15m · جلسة ممتدة
15:42 KSA · PRE     · signal     · AMZN · vwapRec ▼ 56 · 15m · جلسة ممتدة
15:42 KSA · PRE     · signal     · AVGO · vwapRec ▼ 59 · 15m · جلسة ممتدة
15:42 KSA · PRE     · signal     · MU · orb ▼ 88 · 15m · جلسة ممتدة
15:42 KSA · PRE     · signal     · AMD · orb ▼ 62 · 15m · جلسة ممتدة
15:42 KSA · PRE     · signal     · XOM · orb ▲ 100 · 15m · جلسة ممتدة
15:42 KSA · PRE     · signal     · INTC · orb ▼ 71 · 15m · جلسة ممتدة
15:42 KSA · PRE     · signal     · CSCO · orb ▼ 74 · 15m · جلسة ممتدة
15:42 KSA · PRE     · signal     · CVX · orb ▲ 100 · 15m · جلسة ممتدة
15:42 KSA · PRE     · signal     · CVX · vwapRec ▲ 65 · 15m · جلسة ممتدة
15:42 KSA · PRE     · signal     · CAT · orb ▼ 88 · 15m · جلسة ممتدة
15:42 KSA · PRE     · signal     · DELL · orb ▼ 68 · 15m · جلسة ممتدة
15:42 KSA · PRE     · signal     · UNH · vwapRec ▲ 82 · 15m · جلسة ممتدة
15:42 KSA · PRE     · signal     · HD · orb ▼ 75 · 15m · جلسة ممتدة
15:42 KSA · PRE     · signal     · RTX · vwapRec ▼ 70 · 15m · جلسة ممتدة
15:42 KSA · PRE     · signal     · ANET · orb ▼ 68 · 15m · جلسة ممتدة
15:42 KSA · PRE     · signal     · GEV · orb ▼ 87 · 15m · جلسة ممتدة
15:42 KSA · PRE     · signal     · IBM · vwapRec ▲ 76 · 15m · جلسة ممتدة
15:42 KSA · PRE     · signal     · SNDK · orb ▼ 76 · 15m · جلسة ممتدة
15:42 KSA · PRE     · signal     · KLAC · orb ▼ 100 · 15m · جلسة ممتدة
15:42 KSA · PRE     · signal     · AXP · volSpike ▼ 89 · 15m · جلسة ممتدة
15:42 KSA · PRE     · signal     · APH · orb ▼ 60 · 15m · جلسة ممتدة
15:42 KSA · PRE     · signal     · SCHW · vwapRec ▼ 55 · 15m · جلسة ممتدة
15:42 KSA · PRE     · signal     · STX · orb ▼ 88 · 15m · جلسة ممتدة
15:42 KSA · PRE     · signal     · ADI · orb ▼ 79 · 15m · جلسة ممتدة
15:42 KSA · PRE     · signal     · COP · orb ▲ 100 · 15m · جلسة ممتدة
15:42 KSA · PRE     · signal     · COP · vwapRec ▲ 59 · 15m · جلسة ممتدة
15:42 KSA · PRE     · signal     · NEE · orb ▼ 94 · 15m · جلسة ممتدة
15:42 KSA · PRE     · signal     · NEE · brk ▼ 83 · 15m · جلسة ممتدة
15:42 KSA · PRE     · signal     · UNP · vwapRec ▼ 60 · 15m · جلسة ممتدة
15:42 KSA · PRE     · signal     · BA · orb ▼ 100 · 15m · جلسة ممتدة
15:42 KSA · PRE     · signal     · ETN · orb ▼ 83 · 15m · جلسة ممتدة
15:42 KSA · PRE     · signal     · WDC · orb ▼ 79 · 15m · جلسة ممتدة
15:42 KSA · PRE     · signal     · UBER · orb ▼ 100 · 15m · جلسة ممتدة
15:42 KSA · PRE     · signal     · FTNT · vwapRec ▲ 82 · 15m · جلسة ممتدة
15:42 KSA · PRE     · signal     · GLW · orb ▼ 71 · 15m · جلسة ممتدة
15:42 KSA · PRE     · signal     · MPC · vwapRec ▲ 75 · 15m · جلسة ممتدة
15:42 KSA · PRE     · signal     · VLO · vwapRec ▲ 60 · 15m · جلسة ممتدة
15:42 KSA · PRE     · signal     · CEG · orb ▼ 91 · 15m · جلسة ممتدة
15:42 KSA · PRE     · signal     · LITE · orb ▼ 71 · 15m · جلسة ممتدة
15:42 KSA · PRE     · signal     · HPE · orb ▼ 85 · 15m · جلسة ممتدة
15:42 KSA · PRE     · signal     · NXPI · vwapRec ▼ 65 · 15m · جلسة ممتدة
15:42 KSA · PRE     · signal     · MPWR · vwapRec ▼ 59 · 15m · جلسة ممتدة
15:42 KSA · PRE     · signal     · VST · orb ▼ 100 · 15m · جلسة ممتدة
15:42 KSA · PRE     · signal     · VST · vwapRec ▼ 59 · 15m · جلسة ممتدة
15:42 KSA · PRE     · signal     · CIEN · vwapRec ▼ 59 · 15m · جلسة ممتدة
15:42 KSA · PRE     · signal     · MCHP · orb ▼ 100 · 15m · جلسة ممتدة
15:42 KSA · PRE     · signal     · MCHP · vwapRec ▼ 59 · 15m · جلسة ممتدة
15:42 KSA · PRE     · signal     · ON · orb ▼ 100 · 15m · جلسة ممتدة
15:42 KSA · PRE     · signal     · SMCI · orb ▼ 85 · 15m · جلسة ممتدة
15:42 KSA · PRE     · signal     · SMCI · brk ▼ 100 · 15m · جلسة ممتدة
15:42 KSA · PRE     · signal     · XLM-USD · orb ▼ 90 · 15m
15:42 KSA · PRE     · signal     · BCH-USD · meanRev ▲ 55 · 15m
15:42 KSA · PRE     · signal     · ETHFI-USD · pbTrend ▲ 60 · 1h
15:42 KSA · PRE     · signal     · UNI-USD · brk ▼ 82 · 15m
15:42 KSA · PRE     · signal     · SUI-USD · orb ▼ 78 · 15m
15:42 KSA · PRE     · signal     · TAO-USD · orb ▼ 78 · 15m
15:42 KSA · PRE     · signal     · TAO-USD · brk ▼ 77 · 15m
15:42 KSA · PRE     · signal     · THE-USD · brk ▼ 73 · 15m
15:42 KSA · PRE     · signal     · TRUMP-USD · brk ▼ 86 · 15m
15:42 KSA · PRE     · signal     · EUR-USD · sqzExp ▼ 57 · 1h
15:42 KSA · PRE     · signal     · ARB-USD · orb ▼ 65 · 15m
15:42 KSA · PRE     · signal     · ARB-USD · brk ▼ 66 · 15m
15:42 KSA · PRE     · signal     · BANK-USD · brk ▼ 75 · 15m
15:42 KSA · PRE     · signal     · TON-USD · brk ▼ 61 · 15m
15:42 KSA · PRE     · signal     · SENT-USD · orb ▼ 63 · 15m
15:42 KSA · PRE     · signal     · SENT-USD · sqzExp ▼ 80 · 1h
15:42 KSA · PRE     · signal     · PENGU-USD · brk ▼ 77 · 15m
15:44 KSA · PRE     · scanner    · بدء المسح · 1153 رمزاً · الجلسة PRE
15:44 KSA · PRE     · signal     · GOOG · orb ▲ 82 · 15m · جلسة ممتدة
15:44 KSA · PRE     · signal     · GOOG · meanRev ▼ 100 · 15m · جلسة ممتدة
15:44 KSA · PRE     · signal     · META · orb ▲ 82 · 15m · جلسة ممتدة
15:44 KSA · PRE     · signal     · XOM · vwapRec ▼ 100 · 15m · جلسة ممتدة
15:44 KSA · PRE     · signal     · INTC · brk ▲ 100 · 15m · جلسة ممتدة
15:44 KSA · PRE     · signal     · KO · orb ▼ 86 · 15m · جلسة ممتدة
15:44 KSA · PRE     · signal     · CAT · vwapRec ▲ 79 · 15m · جلسة ممتدة
15:44 KSA · PRE     · signal     · CAT · brk ▲ 100 · 15m · جلسة ممتدة
15:44 KSA · PRE     · signal     · LRCX · vwapRec ▲ 85 · 15m · جلسة ممتدة
15:44 KSA · PRE     · signal     · LRCX · brk ▲ 81 · 15m · جلسة ممتدة
15:44 KSA · PRE     · signal     · AMAT · brk ▲ 100 · 15m · جلسة ممتدة
15:44 KSA · PRE     · signal     · GS · vwapRec ▲ 95 · 15m · جلسة ممتدة
15:44 KSA · PRE     · signal     · GEV · brk ▲ 100 · 15m · جلسة ممتدة
15:44 KSA · PRE     · signal     · IBM · orb ▼ 73 · 15m · جلسة ممتدة
15:44 KSA · PRE     · signal     · IBM · brk ▼ 63 · 15m · جلسة ممتدة
15:44 KSA · PRE     · signal     · KLAC · brk ▲ 81 · 15m · جلسة ممتدة
15:44 KSA · PRE     · signal     · VZ · orb ▼ 100 · 15m · جلسة ممتدة
15:44 KSA · PRE     · signal     · APH · brk ▲ 100 · 15m · جلسة ممتدة
15:44 KSA · PRE     · signal     · SCHW · brk ▲ 69 · 15m · جلسة ممتدة
15:44 KSA · PRE     · signal     · T · orb ▼ 100 · 15m · جلسة ممتدة
15:44 KSA · PRE     · signal     · UNP · orb ▲ 95 · 15m · جلسة ممتدة
15:44 KSA · PRE     · signal     · UNP · brk ▲ 63 · 15m · جلسة ممتدة
15:44 KSA · PRE     · signal     · NOW · vwapRec ▼ 62 · 15m · جلسة ممتدة
15:44 KSA · PRE     · signal     · NOW · brk ▼ 100 · 15m · جلسة ممتدة
15:44 KSA · PRE     · signal     · NEM · orb ▲ 80 · 15m · جلسة ممتدة
15:44 KSA · PRE     · signal     · BKNG · orb ▲ 82 · 15m · جلسة ممتدة
15:44 KSA · PRE     · signal     · GLW · brk ▲ 100 · 15m · جلسة ممتدة
15:44 KSA · PRE     · signal     · ACN · vwapRec ▼ 75 · 15m · جلسة ممتدة
15:44 KSA · PRE     · signal     · ACN · brk ▼ 100 · 15m · جلسة ممتدة
15:44 KSA · PRE     · signal     · ADBE · orb ▼ 64 · 15m · جلسة ممتدة
15:44 KSA · PRE     · signal     · FCX · orb ▲ 85 · 15m · جلسة ممتدة
15:44 KSA · PRE     · signal     · KKR · sqzExp ▼ 100 · 1h · جلسة ممتدة
15:44 KSA · PRE     · signal     · LITE · brk ▲ 100 · 15m · جلسة ممتدة
15:44 KSA · PRE     · signal     · DVN · orb ▼ 64 · 15m · جلسة ممتدة
15:44 KSA · PRE     · signal     · FIX · brk ▲ 100 · 15m · جلسة ممتدة
15:44 KSA · PRE     · signal     · COHR · orb ▲ 65 · 15m · جلسة ممتدة
15:44 KSA · PRE     · signal     · COHR · brk ▲ 69 · 15m · جلسة ممتدة
15:44 KSA · PRE     · signal     · TER · brk ▲ 100 · 15m · جلسة ممتدة
15:44 KSA · PRE     · signal     · VST · brk ▲ 100 · 15m · جلسة ممتدة
15:44 KSA · PRE     · signal     · CIEN · orb ▲ 82 · 15m · جلسة ممتدة
15:44 KSA · PRE     · signal     · MCHP · brk ▲ 69 · 15m · جلسة ممتدة
15:44 KSA · PRE     · signal     · ICP-USD · orb ▲ 82 · 15m
15:44 KSA · PRE     · signal     · XPL-USD · orb ▼ 64 · 15m
15:44 KSA · PRE     · signal     · U-USD · orb ▲ 65 · 15m
15:44 KSA · PRE     · signal     · PEPE-USD · orb ▼ 60 · 15m
15:44 KSA · PRE     · signal     · PEPE-USD · pbTrend ▲ 57 · 1h
15:44 KSA · PRE     · signal     · SENT-USD · vwapRec ▲ 63 · 15m
15:44 KSA · PRE     · signal     · ASTER-USD · vwapRec ▲ 95 · 15m
15:46 KSA · PRE     · scanner    · بدء المسح · 1153 رمزاً · الجلسة PRE
15:46 KSA · PRE     · signal     · TXN · vwapRec ▼ 100 · 15m · جلسة ممتدة
15:46 KSA · PRE     · signal     · EQT · meanRev ▲ 100 · 1d · جلسة ممتدة
15:48 KSA · PRE     · scanner    · بدء المسح · 1153 رمزاً · الجلسة PRE
15:50 KSA · PRE     · scanner    · بدء المسح · 1153 رمزاً · الجلسة PRE
15:50 KSA · PRE     · signal     · AMD · orb ▲ 100 · 15m · جلسة ممتدة
15:50 KSA · PRE     · signal     · SNDK · vwapRec ▲ 62 · 15m · جلسة ممتدة
15:50 KSA · PRE     · signal     · GLW · orb ▲ 82 · 15m · جلسة ممتدة
15:50 KSA · PRE     · signal     · SUI-USD · vwapRec ▲ 100 · 15m
15:50 KSA · PRE     · signal     · BANK-USD · vwapRec ▼ 100 · 15m
15:50 KSA · PRE     · signal     · SENT-USD · brk ▲ 100 · 15m
15:52 KSA · PRE     · scanner    · بدء المسح · 1153 رمزاً · الجلسة PRE
15:52 KSA · PRE     · signal     · NVDA · orb ▼ 85 · 15m · جلسة ممتدة
15:52 KSA · PRE     · signal     · AVGO · orb ▼ 91 · 15m · جلسة ممتدة
15:52 KSA · PRE     · signal     · MU · orb ▼ 88 · 15m · جلسة ممتدة
15:52 KSA · PRE     · signal     · XOM · orb ▲ 100 · 15m · جلسة ممتدة
15:52 KSA · PRE     · signal     · INTC · orb ▼ 71 · 15m · جلسة ممتدة
15:52 KSA · PRE     · signal     · CSCO · orb ▼ 78 · 15m · جلسة ممتدة
15:52 KSA · PRE     · signal     · CSCO · vwapRec ▼ 55 · 15m · جلسة ممتدة
15:52 KSA · PRE     · signal     · CVX · orb ▲ 100 · 15m · جلسة ممتدة
15:52 KSA · PRE     · signal     · CAT · orb ▼ 90 · 15m · جلسة ممتدة
15:52 KSA · PRE     · signal     · DELL · orb ▼ 62 · 15m · جلسة ممتدة
15:52 KSA · PRE     · signal     · ANET · orb ▼ 73 · 15m · جلسة ممتدة
15:52 KSA · PRE     · signal     · GEV · orb ▼ 81 · 15m · جلسة ممتدة
15:52 KSA · PRE     · signal     · IBM · vwapRec ▲ 76 · 15m · جلسة ممتدة
15:52 KSA · PRE     · signal     · SNDK · orb ▼ 76 · 15m · جلسة ممتدة
15:52 KSA · PRE     · signal     · KLAC · orb ▼ 100 · 15m · جلسة ممتدة
15:52 KSA · PRE     · signal     · VZ · vwapRec ▲ 75 · 15m · جلسة ممتدة
15:52 KSA · PRE     · signal     · CRM · vwapRec ▲ 62 · 15m · جلسة ممتدة
15:52 KSA · PRE     · signal     · MRVL · orb ▼ 68 · 15m · جلسة ممتدة
15:52 KSA · PRE     · signal     · APH · orb ▼ 60 · 15m · جلسة ممتدة
15:52 KSA · PRE     · signal     · SCHW · vwapRec ▼ 55 · 15m · جلسة ممتدة
15:52 KSA · PRE     · signal     · STX · orb ▼ 88 · 15m · جلسة ممتدة
15:52 KSA · PRE     · signal     · ADI · orb ▼ 79 · 15m · جلسة ممتدة
15:52 KSA · PRE     · signal     · COP · orb ▲ 100 · 15m · جلسة ممتدة
15:52 KSA · PRE     · signal     · COP · vwapRec ▲ 59 · 15m · جلسة ممتدة
15:52 KSA · PRE     · signal     · NEE · orb ▼ 80 · 15m · جلسة ممتدة
15:52 KSA · PRE     · signal     · NEE · brk ▼ 68 · 15m · جلسة ممتدة
15:52 KSA · PRE     · signal     · UNP · vwapRec ▼ 60 · 15m · جلسة ممتدة
15:52 KSA · PRE     · signal     · BA · orb ▼ 93 · 15m · جلسة ممتدة
15:52 KSA · PRE     · signal     · ETN · orb ▼ 83 · 15m · جلسة ممتدة
15:52 KSA · PRE     · signal     · WDC · orb ▼ 79 · 15m · جلسة ممتدة
15:52 KSA · PRE     · signal     · UBER · orb ▼ 93 · 15m · جلسة ممتدة
15:52 KSA · PRE     · signal     · MPC · orb ▲ 95 · 15m · جلسة ممتدة
15:52 KSA · PRE     · signal     · MPC · vwapRec ▲ 75 · 15m · جلسة ممتدة
15:52 KSA · PRE     · signal     · VLO · vwapRec ▲ 75 · 15m · جلسة ممتدة
15:52 KSA · PRE     · signal     · FCX · vwapRec ▼ 60 · 15m · جلسة ممتدة
15:52 KSA · PRE     · signal     · CEG · orb ▼ 91 · 15m · جلسة ممتدة
15:52 KSA · PRE     · signal     · VRT · vwapRec ▼ 65 · 15m · جلسة ممتدة
15:52 KSA · PRE     · signal     · LITE · orb ▼ 71 · 15m · جلسة ممتدة
15:52 KSA · PRE     · signal     · HPE · orb ▼ 70 · 15m · جلسة ممتدة
15:52 KSA · PRE     · signal     · NXPI · vwapRec ▼ 65 · 15m · جلسة ممتدة
15:52 KSA · PRE     · signal     · MPWR · vwapRec ▼ 65 · 15m · جلسة ممتدة
15:52 KSA · PRE     · signal     · FIX · vwapRec ▼ 55 · 15m · جلسة ممتدة
15:52 KSA · PRE     · signal     · TER · orb ▼ 79 · 15m · جلسة ممتدة
15:52 KSA · PRE     · signal     · HONA · brk ▼ 89 · 15m · جلسة ممتدة
15:52 KSA · PRE     · signal     · VST · orb ▼ 100 · 15m · جلسة ممتدة
15:52 KSA · PRE     · signal     · VST · vwapRec ▼ 59 · 15m · جلسة ممتدة
15:52 KSA · PRE     · signal     · CIEN · vwapRec ▼ 59 · 15m · جلسة ممتدة
15:52 KSA · PRE     · signal     · MCHP · orb ▼ 100 · 15m · جلسة ممتدة
15:52 KSA · PRE     · signal     · RDDT · volSpike ▼ 72 · 15m · جلسة ممتدة
15:52 KSA · PRE     · signal     · ON · orb ▼ 100 · 15m · جلسة ممتدة
15:52 KSA · PRE     · signal     · SMCI · orb ▼ 85 · 15m · جلسة ممتدة
15:52 KSA · PRE     · signal     · SMCI · brk ▼ 100 · 15m · جلسة ممتدة
15:52 KSA · PRE     · signal     · ETHFI-USD · vwapRec ▲ 78 · 15m
15:52 KSA · PRE     · signal     · UNI-USD · brk ▼ 68 · 15m
15:52 KSA · PRE     · signal     · UNI-USD · pbTrend ▲ 57 · 1h
15:52 KSA · PRE     · signal     · SUI-USD · orb ▼ 78 · 15m
15:52 KSA · PRE     · signal     · TAO-USD · orb ▼ 78 · 15m
15:52 KSA · PRE     · signal     · TAO-USD · brk ▼ 64 · 15m
15:52 KSA · PRE     · signal     · THE-USD · brk ▼ 57 · 15m
15:52 KSA · PRE     · signal     · TRUMP-USD · brk ▼ 73 · 15m
15:52 KSA · PRE     · signal     · EUR-USD · orb ▼ 80 · 15m
15:52 KSA · PRE     · signal     · EUR-USD · brk ▼ 64 · 15m
15:52 KSA · PRE     · signal     · EUR-USD · sqzExp ▼ 57 · 1h
15:52 KSA · PRE     · signal     · ARB-USD · orb ▼ 65 · 15m
15:52 KSA · PRE     · signal     · ARB-USD · brk ▼ 59 · 15m
15:52 KSA · PRE     · signal     · TON-USD · brk ▼ 61 · 15m
15:52 KSA · PRE     · signal     · SENT-USD · orb ▼ 70 · 15m
15:52 KSA · PRE     · signal     · SENT-USD · sqzExp ▼ 80 · 1h
15:52 KSA · PRE     · signal     · PENGU-USD · brk ▼ 61 · 15m
15:52 KSA · PRE     · signal     · WLFI-USD · brk ▼ 64 · 15m
15:52 KSA · PRE     · signal     · WLFI-USD · volSpike ▼ 78 · 15m
15:54 KSA · PRE     · scanner    · بدء المسح · 1153 رمزاً · الجلسة PRE
15:54 KSA · PRE     · signal     · META · orb ▲ 100 · 15m · جلسة ممتدة
15:54 KSA · PRE     · signal     · INTC · brk ▲ 100 · 15m · جلسة ممتدة
15:54 KSA · PRE     · signal     · KO · orb ▼ 86 · 15m · جلسة ممتدة
15:54 KSA · PRE     · signal     · CAT · brk ▲ 100 · 15m · جلسة ممتدة
15:54 KSA · PRE     · signal     · LRCX · vwapRec ▲ 94 · 15m · جلسة ممتدة
15:54 KSA · PRE     · signal     · LRCX · brk ▲ 81 · 15m · جلسة ممتدة
15:54 KSA · PRE     · signal     · AMAT · brk ▲ 100 · 15m · جلسة ممتدة
15:54 KSA · PRE     · signal     · GS · vwapRec ▲ 95 · 15m · جلسة ممتدة
15:54 KSA · PRE     · signal     · GEV · brk ▲ 69 · 15m · جلسة ممتدة
15:54 KSA · PRE     · signal     · IBM · orb ▼ 73 · 15m · جلسة ممتدة
15:54 KSA · PRE     · signal     · IBM · brk ▼ 63 · 15m · جلسة ممتدة
15:54 KSA · PRE     · signal     · KLAC · brk ▲ 100 · 15m · جلسة ممتدة
15:54 KSA · PRE     · signal     · VZ · orb ▼ 100 · 15m · جلسة ممتدة
15:54 KSA · PRE     · signal     · MRVL · vwapRec ▲ 71 · 15m · جلسة ممتدة
15:54 KSA · PRE     · signal     · APH · brk ▲ 100 · 15m · جلسة ممتدة
15:54 KSA · PRE     · signal     · SCHW · brk ▲ 69 · 15m · جلسة ممتدة
15:54 KSA · PRE     · signal     · T · orb ▼ 100 · 15m · جلسة ممتدة
15:54 KSA · PRE     · signal     · UNP · orb ▲ 95 · 15m · جلسة ممتدة
15:54 KSA · PRE     · signal     · UNP · brk ▲ 63 · 15m · جلسة ممتدة
15:54 KSA · PRE     · signal     · NOW · vwapRec ▼ 93 · 15m · جلسة ممتدة
15:54 KSA · PRE     · signal     · NOW · brk ▼ 100 · 15m · جلسة ممتدة
15:54 KSA · PRE     · signal     · NEM · orb ▲ 65 · 15m · جلسة ممتدة
15:54 KSA · PRE     · signal     · BKNG · orb ▲ 82 · 15m · جلسة ممتدة
15:54 KSA · PRE     · signal     · GLW · orb ▲ 76 · 15m · جلسة ممتدة
15:54 KSA · PRE     · signal     · GLW · brk ▲ 100 · 15m · جلسة ممتدة
15:54 KSA · PRE     · signal     · ACN · brk ▼ 100 · 15m · جلسة ممتدة
15:54 KSA · PRE     · signal     · PSX · meanRev ▲ 100 · 15m · جلسة ممتدة
15:54 KSA · PRE     · signal     · FCX · orb ▲ 88 · 15m · جلسة ممتدة
15:54 KSA · PRE     · signal     · KKR · brk ▼ 63 · 15m · جلسة ممتدة
15:54 KSA · PRE     · signal     · KKR · sqzExp ▼ 100 · 1h · جلسة ممتدة
15:54 KSA · PRE     · signal     · SHW · brk ▲ 81 · 15m · جلسة ممتدة
15:54 KSA · PRE     · signal     · LITE · brk ▲ 100 · 15m · جلسة ممتدة
15:54 KSA · PRE     · signal     · DVN · orb ▼ 73 · 15m · جلسة ممتدة
15:54 KSA · PRE     · signal     · FIX · brk ▲ 100 · 15m · جلسة ممتدة
15:54 KSA · PRE     · signal     · TER · brk ▲ 100 · 15m · جلسة ممتدة
15:54 KSA · PRE     · signal     · VST · brk ▲ 100 · 15m · جلسة ممتدة
15:54 KSA · PRE     · signal     · CIEN · orb ▲ 82 · 15m · جلسة ممتدة
15:54 KSA · PRE     · signal     · MCHP · brk ▲ 69 · 15m · جلسة ممتدة
15:54 KSA · PRE     · signal     · SUI-USD · vwapRec ▲ 78 · 15m
15:54 KSA · PRE     · signal     · U-USD · orb ▲ 65 · 15m
15:54 KSA · PRE     · signal     · PEPE-USD · orb ▼ 73 · 15m
15:54 KSA · PRE     · signal     · PEPE-USD · pbTrend ▲ 57 · 1h
15:54 KSA · PRE     · signal     · SENT-USD · vwapRec ▲ 70 · 15m
15:54 KSA · PRE     · signal     · SENT-USD · brk ▲ 70 · 15m
15:56 KSA · PRE     · scanner    · بدء المسح · 1153 رمزاً · الجلسة PRE
15:56 KSA · PRE     · signal     · SNDK · vwapRec ▲ 100 · 15m · جلسة ممتدة
15:56 KSA · PRE     · signal     · VLO · vwapRec ▲ 100 · 15m · جلسة ممتدة
15:56 KSA · PRE     · signal     · EUR-USD · orb ▼ 64 · 15m
15:59 KSA · PRE     · scanner    · بدء المسح · 1153 رمزاً · الجلسة PRE
15:59 KSA · PRE     · signal     · STX · orb ▲ 82 · 15m · جلسة ممتدة
15:59 KSA · PRE     · signal     · FTNT · vwapRec ▲ 79 · 15m · جلسة ممتدة
15:59 KSA · PRE     · signal     · UNI-USD · pbTrend ▲ 57 · 1h
16:00 KSA · PRE     · scanner    · بدء المسح · 1153 رمزاً · الجلسة PRE
16:00 KSA · PRE     · signal     · AMD · orb ▲ 100 · 15m · جلسة ممتدة
16:00 KSA · PRE     · signal     · OP-USD · orb ▲ 64 · 15m
16:03 KSA · PRE     · scanner    · بدء المسح · 1153 رمزاً · الجلسة PRE
16:03 KSA · PRE     · signal     · NVDA · orb ▼ 85 · 15m · جلسة ممتدة
16:03 KSA · PRE     · signal     · AVGO · orb ▼ 91 · 15m · جلسة ممتدة
16:03 KSA · PRE     · signal     · MU · orb ▼ 88 · 15m · جلسة ممتدة
16:03 KSA · PRE     · signal     · LLY · orb ▼ 75 · 15m · جلسة ممتدة
16:03 KSA · PRE     · signal     · XOM · orb ▲ 100 · 15m · جلسة ممتدة
16:03 KSA · PRE     · signal     · XOM · vwapRec ▲ 65 · 15m · جلسة ممتدة
16:03 KSA · PRE     · signal     · INTC · orb ▼ 71 · 15m · جلسة ممتدة
16:03 KSA · PRE     · signal     · CSCO · orb ▼ 63 · 15m · جلسة ممتدة
16:03 KSA · PRE     · signal     · CVX · orb ▲ 100 · 15m · جلسة ممتدة
16:03 KSA · PRE     · signal     · CVX · vwapRec ▲ 57 · 15m · جلسة ممتدة
16:03 KSA · PRE     · signal     · CAT · orb ▼ 83 · 15m · جلسة ممتدة
16:03 KSA · PRE     · signal     · CAT · vwapRec ▼ 55 · 15m · جلسة ممتدة
16:03 KSA · PRE     · signal     · DELL · orb ▼ 76 · 15m · جلسة ممتدة
16:03 KSA · PRE     · signal     · ANET · orb ▼ 73 · 15m · جلسة ممتدة
16:03 KSA · PRE     · signal     · GEV · orb ▼ 81 · 15m · جلسة ممتدة
16:03 KSA · PRE     · signal     · IBM · vwapRec ▲ 70 · 15m · جلسة ممتدة
16:03 KSA · PRE     · signal     · SNDK · orb ▼ 76 · 15m · جلسة ممتدة
16:03 KSA · PRE     · signal     · KLAC · orb ▼ 100 · 15m · جلسة ممتدة
16:03 KSA · PRE     · signal     · VZ · vwapRec ▲ 60 · 15m · جلسة ممتدة
16:03 KSA · PRE     · signal     · MRVL · orb ▼ 59 · 15m · جلسة ممتدة
16:03 KSA · PRE     · signal     · APH · orb ▼ 60 · 15m · جلسة ممتدة
16:03 KSA · PRE     · signal     · SCHW · vwapRec ▼ 55 · 15m · جلسة ممتدة
16:03 KSA · PRE     · signal     · DIS · pbTrend ▲ 71 · 1h · جلسة ممتدة
16:03 KSA · PRE     · signal     · ADI · orb ▼ 79 · 15m · جلسة ممتدة
16:03 KSA · PRE     · signal     · COP · orb ▲ 100 · 15m · جلسة ممتدة
16:03 KSA · PRE     · signal     · COP · vwapRec ▲ 65 · 15m · جلسة ممتدة
16:03 KSA · PRE     · signal     · NEE · orb ▼ 88 · 15m · جلسة ممتدة
16:03 KSA · PRE     · signal     · NEE · brk ▼ 68 · 15m · جلسة ممتدة
16:03 KSA · PRE     · signal     · UNP · vwapRec ▼ 60 · 15m · جلسة ممتدة
16:03 KSA · PRE     · signal     · BA · orb ▼ 100 · 15m · جلسة ممتدة
16:03 KSA · PRE     · signal     · ETN · orb ▼ 83 · 15m · جلسة ممتدة
16:03 KSA · PRE     · signal     · WDC · orb ▼ 79 · 15m · جلسة ممتدة
16:03 KSA · PRE     · signal     · UBER · orb ▼ 100 · 15m · جلسة ممتدة
16:03 KSA · PRE     · signal     · FTNT · vwapRec ▲ 62 · 15m · جلسة ممتدة
16:03 KSA · PRE     · signal     · MPC · orb ▲ 88 · 15m · جلسة ممتدة
16:03 KSA · PRE     · signal     · MPC · vwapRec ▲ 65 · 15m · جلسة ممتدة
16:03 KSA · PRE     · signal     · PSX · vwapRec ▲ 68 · 15m · جلسة ممتدة
16:03 KSA · PRE     · signal     · PWR · vwapRec ▼ 55 · 15m · جلسة ممتدة
16:03 KSA · PRE     · signal     · CEG · orb ▼ 100 · 15m · جلسة ممتدة
16:03 KSA · PRE     · signal     · CEG · vwapRec ▼ 65 · 15m · جلسة ممتدة
16:03 KSA · PRE     · signal     · VRT · vwapRec ▼ 59 · 15m · جلسة ممتدة
16:03 KSA · PRE     · signal     · LITE · orb ▼ 71 · 15m · جلسة ممتدة
16:03 KSA · PRE     · signal     · HPE · orb ▼ 82 · 15m · جلسة ممتدة
16:03 KSA · PRE     · signal     · NXPI · vwapRec ▼ 65 · 15m · جلسة ممتدة
16:03 KSA · PRE     · signal     · MPWR · vwapRec ▼ 65 · 15m · جلسة ممتدة
16:03 KSA · PRE     · signal     · FIX · vwapRec ▼ 55 · 15m · جلسة ممتدة
16:03 KSA · PRE     · signal     · COHR · orb ▼ 71 · 15m · جلسة ممتدة
16:03 KSA · PRE     · signal     · TER · orb ▼ 79 · 15m · جلسة ممتدة
16:03 KSA · PRE     · signal     · VST · orb ▼ 100 · 15m · جلسة ممتدة
16:03 KSA · PRE     · signal     · VST · vwapRec ▼ 65 · 15m · جلسة ممتدة
16:03 KSA · PRE     · signal     · CIEN · vwapRec ▼ 65 · 15m · جلسة ممتدة
16:03 KSA · PRE     · signal     · MCHP · orb ▼ 100 · 15m · جلسة ممتدة
16:03 KSA · PRE     · signal     · ON · orb ▼ 85 · 15m · جلسة ممتدة
16:03 KSA · PRE     · signal     · SMCI · orb ▼ 85 · 15m · جلسة ممتدة
16:03 KSA · PRE     · signal     · SMCI · brk ▼ 100 · 15m · جلسة ممتدة
16:03 KSA · PRE     · signal     · UNI-USD · brk ▼ 57 · 15m
16:03 KSA · PRE     · signal     · SUI-USD · orb ▼ 70 · 15m
16:03 KSA · PRE     · signal     · PEPE-USD · brk ▲ 59 · 15m
16:03 KSA · PRE     · signal     · TAO-USD · orb ▼ 70 · 15m
16:03 KSA · PRE     · signal     · TAO-USD · brk ▼ 68 · 15m
16:03 KSA · PRE     · signal     · THE-USD · brk ▼ 75 · 15m
16:03 KSA · PRE     · signal     · TRUMP-USD · brk ▼ 80 · 15m
16:03 KSA · PRE     · signal     · EUR-USD · brk ▼ 68 · 15m
16:03 KSA · PRE     · signal     · EUR-USD · sqzExp ▼ 57 · 1h
16:03 KSA · PRE     · signal     · ARB-USD · orb ▼ 65 · 15m
16:03 KSA · PRE     · signal     · ARB-USD · brk ▼ 59 · 15m
16:03 KSA · PRE     · signal     · BANK-USD · orb ▼ 70 · 15m
16:03 KSA · PRE     · signal     · TON-USD · brk ▼ 61 · 15m
16:03 KSA · PRE     · signal     · SENT-USD · orb ▼ 70 · 15m
16:03 KSA · PRE     · signal     · SENT-USD · sqzExp ▼ 80 · 1h
16:03 KSA · PRE     · signal     · PENGU-USD · brk ▼ 64 · 15m
16:03 KSA · PRE     · signal     · WLFI-USD · orb ▼ 75 · 15m
16:03 KSA · PRE     · signal     · WLFI-USD · brk ▼ 57 · 15m
16:05 KSA · PRE     · scanner    · بدء المسح · 1153 رمزاً · الجلسة PRE
16:05 KSA · PRE     · signal     · AAPL · orb ▲ 73 · 15m · جلسة ممتدة
16:05 KSA · PRE     · signal     · GOOG · vwapRec ▲ 62 · 15m · جلسة ممتدة
16:05 KSA · PRE     · signal     · META · orb ▲ 82 · 15m · جلسة ممتدة
16:05 KSA · PRE     · signal     · INTC · brk ▲ 100 · 15m · جلسة ممتدة
16:05 KSA · PRE     · signal     · KO · orb ▼ 86 · 15m · جلسة ممتدة
16:05 KSA · PRE     · signal     · CAT · brk ▲ 81 · 15m · جلسة ممتدة
16:05 KSA · PRE     · signal     · LRCX · brk ▲ 81 · 15m · جلسة ممتدة
16:05 KSA · PRE     · signal     · AMAT · brk ▲ 100 · 15m · جلسة ممتدة
16:05 KSA · PRE     · signal     · IBM · orb ▼ 73 · 15m · جلسة ممتدة
16:05 KSA · PRE     · signal     · IBM · brk ▼ 63 · 15m · جلسة ممتدة
16:05 KSA · PRE     · signal     · KLAC · brk ▲ 100 · 15m · جلسة ممتدة
16:05 KSA · PRE     · signal     · VZ · orb ▼ 100 · 15m · جلسة ممتدة
16:05 KSA · PRE     · signal     · APH · brk ▲ 100 · 15m · جلسة ممتدة
16:05 KSA · PRE     · signal     · SCHW · brk ▲ 69 · 15m · جلسة ممتدة
16:05 KSA · PRE     · signal     · T · orb ▼ 100 · 15m · جلسة ممتدة
16:05 KSA · PRE     · signal     · UNP · orb ▲ 95 · 15m · جلسة ممتدة
16:05 KSA · PRE     · signal     · UNP · brk ▲ 63 · 15m · جلسة ممتدة
16:05 KSA · PRE     · signal     · NOW · vwapRec ▼ 93 · 15m · جلسة ممتدة
16:05 KSA · PRE     · signal     · NOW · brk ▼ 100 · 15m · جلسة ممتدة
16:05 KSA · PRE     · signal     · NEM · orb ▲ 57 · 15m · جلسة ممتدة
16:05 KSA · PRE     · signal     · ACN · brk ▼ 100 · 15m · جلسة ممتدة
16:05 KSA · PRE     · signal     · FCX · orb ▲ 63 · 15m · جلسة ممتدة
16:05 KSA · PRE     · signal     · BNB-USD · orb ▼ 64 · 15m
16:05 KSA · PRE     · signal     · KKR · brk ▼ 63 · 15m · جلسة ممتدة
16:05 KSA · PRE     · signal     · KKR · sqzExp ▼ 100 · 1h · جلسة ممتدة
16:05 KSA · PRE     · signal     · PWR · brk ▲ 100 · 15m · جلسة ممتدة
16:05 KSA · PRE     · signal     · XRP-USD · orb ▼ 82 · 15m
16:05 KSA · PRE     · signal     · SHW · brk ▲ 81 · 15m · جلسة ممتدة
16:05 KSA · PRE     · signal     · LITE · meanRev ▼ 67 · 15m · جلسة ممتدة
16:05 KSA · PRE     · signal     · HPE · brk ▼ 100 · 15m · جلسة ممتدة
16:05 KSA · PRE     · signal     · DVN · orb ▼ 86 · 15m · جلسة ممتدة
16:05 KSA · PRE     · signal     · FIX · brk ▲ 100 · 15m · جلسة ممتدة
16:05 KSA · PRE     · signal     · TER · brk ▲ 100 · 15m · جلسة ممتدة
16:05 KSA · PRE     · signal     · CIEN · orb ▲ 85 · 15m · جلسة ممتدة
16:05 KSA · PRE     · signal     · MCHP · brk ▲ 100 · 15m · جلسة ممتدة
16:05 KSA · PRE     · signal     · AVAX-USD · vwapRec ▼ 100 · 15m
16:05 KSA · PRE     · signal     · XPL-USD · orb ▼ 100 · 15m
16:05 KSA · PRE     · signal     · IOTA-USD · brk ▼ 100 · 15m
16:05 KSA · PRE     · signal     · REZ-USD · orb ▼ 100 · 15m
16:05 KSA · PRE     · signal     · PEPE-USD · orb ▼ 65 · 15m
16:05 KSA · PRE     · signal     · PEPE-USD · pbTrend ▲ 57 · 1h
16:05 KSA · PRE     · signal     · SENT-USD · vwapRec ▲ 70 · 15m
16:05 KSA · PRE     · signal     · W-USD · meanRev ▲ 100 · 1d
16:05 KSA · PRE     · signal     · TURTLE-USD · meanRev ▲ 100 · 1d
16:08 KSA · PRE     · scanner    · بدء المسح · 1153 رمزاً · الجلسة PRE
16:08 KSA · PRE     · signal     · MU · vwapRec ▲ 88 · 15m · جلسة ممتدة
16:08 KSA · PRE     · signal     · AMD · orb ▲ 100 · 15m · جلسة ممتدة
16:08 KSA · PRE     · signal     · GS · vwapRec ▼ 100 · 15m · جلسة ممتدة
16:08 KSA · PRE     · signal     · ETN · vwapRec ▼ 100 · 15m · جلسة ممتدة
16:08 KSA · PRE     · signal     · MPWR · vwapRec ▼ 79 · 15m · جلسة ممتدة
16:08 KSA · PRE     · signal     · VST · brk ▲ 100 · 15m · جلسة ممتدة
16:08 KSA · PRE     · signal     · KVUE · orb ▲ 100 · 15m · جلسة ممتدة
16:08 KSA · PRE     · signal     · KVUE · vwapRec ▲ 57 · 15m · جلسة ممتدة
16:08 KSA · PRE     · signal     · AAVE-USD · brk ▼ 100 · 15m
16:08 KSA · PRE     · signal     · FET-USD · vwapRec ▼ 100 · 15m
16:08 KSA · PRE     · signal     · U-USD · orb ▲ 100 · 15m
16:08 KSA · PRE     · signal     · TAO-USD · vwapRec ▼ 100 · 15m
16:08 KSA · PRE     · signal     · TRUMP-USD · brk ▼ 69 · 15m
16:08 KSA · PRE     · signal     · ARB-USD · brk ▲ 100 · 15m
16:08 KSA · PRE     · signal     · CHRW · brk ▲ 100 · 1d · جلسة ممتدة
16:08 KSA · PRE     · signal     · ENS-USD · meanRev ▲ 100 · 1d
16:10 KSA · PRE     · scanner    · بدء المسح · 1153 رمزاً · الجلسة PRE
16:10 KSA · PRE     · signal     · LRCX · vwapRec ▲ 85 · 15m · جلسة ممتدة
16:10 KSA · PRE     · signal     · MRVL · vwapRec ▲ 100 · 15m · جلسة ممتدة
16:10 KSA · PRE     · signal     · STX · orb ▲ 100 · 15m · جلسة ممتدة
16:10 KSA · PRE     · signal     · ADP · orb ▲ 100 · 15m · جلسة ممتدة
16:10 KSA · PRE     · signal     · LITE · brk ▲ 69 · 15m · جلسة ممتدة
16:10 KSA · PRE     · signal     · SOL-USD · vwapRec ▼ 100 · 15m
16:10 KSA · PRE     · signal     · ON · orb ▲ 100 · 15m · جلسة ممتدة
16:10 KSA · PRE     · signal     · FET-USD · orb ▼ 100 · 15m
16:10 KSA · PRE     · signal     · BANK-USD · vwapRec ▼ 100 · 15m
16:10 KSA · PRE     · signal     · PENGU-USD · brk ▼ 69 · 15m
16:10 KSA · PRE     · signal     · PENGU-USD · meanRev ▲ 100 · 15m
16:12 KSA · PRE     · scanner    · بدء المسح · 1153 رمزاً · الجلسة PRE
16:12 KSA · PRE     · signal     · NVDA · orb ▼ 85 · 15m · جلسة ممتدة
16:12 KSA · PRE     · signal     · MU · orb ▼ 88 · 15m · جلسة ممتدة
16:12 KSA · PRE     · signal     · LLY · orb ▼ 75 · 15m · جلسة ممتدة
16:12 KSA · PRE     · signal     · XOM · orb ▲ 100 · 15m · جلسة ممتدة
16:12 KSA · PRE     · signal     · XOM · vwapRec ▲ 65 · 15m · جلسة ممتدة
16:12 KSA · PRE     · signal     · INTC · orb ▼ 71 · 15m · جلسة ممتدة
16:12 KSA · PRE     · signal     · CSCO · orb ▼ 74 · 15m · جلسة ممتدة
16:12 KSA · PRE     · signal     · CVX · orb ▲ 100 · 15m · جلسة ممتدة
16:12 KSA · PRE     · signal     · CVX · vwapRec ▲ 57 · 15m · جلسة ممتدة
16:12 KSA · PRE     · signal     · CAT · orb ▼ 83 · 15m · جلسة ممتدة
16:12 KSA · PRE     · signal     · CAT · vwapRec ▼ 55 · 15m · جلسة ممتدة
16:12 KSA · PRE     · signal     · HD · orb ▼ 90 · 15m · جلسة ممتدة
16:12 KSA · PRE     · signal     · HD · vwapRec ▼ 75 · 15m · جلسة ممتدة
16:12 KSA · PRE     · signal     · ETH-USD · orb ▼ 78 · 15m
16:12 KSA · PRE     · signal     · ANET · orb ▼ 68 · 15m · جلسة ممتدة
16:12 KSA · PRE     · signal     · GEV · orb ▼ 72 · 15m · جلسة ممتدة
16:12 KSA · PRE     · signal     · IBM · vwapRec ▲ 65 · 15m · جلسة ممتدة
16:12 KSA · PRE     · signal     · KLAC · orb ▼ 100 · 15m · جلسة ممتدة
16:12 KSA · PRE     · signal     · VZ · vwapRec ▲ 60 · 15m · جلسة ممتدة
16:12 KSA · PRE     · signal     · MRVL · orb ▼ 59 · 15m · جلسة ممتدة
16:12 KSA · PRE     · signal     · APH · orb ▼ 60 · 15m · جلسة ممتدة
16:12 KSA · PRE     · signal     · SCHW · vwapRec ▼ 55 · 15m · جلسة ممتدة
16:12 KSA · PRE     · signal     · T · vwapRec ▲ 71 · 15m · جلسة ممتدة
16:12 KSA · PRE     · signal     · ADI · orb ▼ 79 · 15m · جلسة ممتدة
16:12 KSA · PRE     · signal     · COP · orb ▲ 100 · 15m · جلسة ممتدة
16:12 KSA · PRE     · signal     · COP · vwapRec ▲ 65 · 15m · جلسة ممتدة
16:12 KSA · PRE     · signal     · NEE · orb ▼ 88 · 15m · جلسة ممتدة
16:12 KSA · PRE     · signal     · NEE · brk ▼ 68 · 15m · جلسة ممتدة
16:12 KSA · PRE     · signal     · UNP · vwapRec ▼ 60 · 15m · جلسة ممتدة
16:12 KSA · PRE     · signal     · BA · orb ▼ 100 · 15m · جلسة ممتدة
16:12 KSA · PRE     · signal     · ETN · orb ▼ 75 · 15m · جلسة ممتدة
16:12 KSA · PRE     · signal     · WDC · orb ▼ 79 · 15m · جلسة ممتدة
16:12 KSA · PRE     · signal     · UBER · orb ▼ 100 · 15m · جلسة ممتدة
16:12 KSA · PRE     · signal     · FTNT · vwapRec ▲ 62 · 15m · جلسة ممتدة
16:12 KSA · PRE     · signal     · GLW · orb ▼ 71 · 15m · جلسة ممتدة
16:12 KSA · PRE     · signal     · MPC · orb ▲ 88 · 15m · جلسة ممتدة
16:12 KSA · PRE     · signal     · MPC · vwapRec ▲ 65 · 15m · جلسة ممتدة
16:12 KSA · PRE     · signal     · PSX · vwapRec ▲ 68 · 15m · جلسة ممتدة
16:12 KSA · PRE     · signal     · PWR · vwapRec ▼ 55 · 15m · جلسة ممتدة
16:12 KSA · PRE     · signal     · CEG · orb ▼ 100 · 15m · جلسة ممتدة
16:12 KSA · PRE     · signal     · CEG · vwapRec ▼ 59 · 15m · جلسة ممتدة
16:12 KSA · PRE     · signal     · LITE · orb ▼ 71 · 15m · جلسة ممتدة
16:12 KSA · PRE     · signal     · COHR · orb ▼ 71 · 15m · جلسة ممتدة
16:12 KSA · PRE     · signal     · TER · orb ▼ 79 · 15m · جلسة ممتدة
16:12 KSA · PRE     · signal     · VST · orb ▼ 100 · 15m · جلسة ممتدة
16:12 KSA · PRE     · signal     · VST · vwapRec ▼ 59 · 15m · جلسة ممتدة
16:12 KSA · PRE     · signal     · CIEN · vwapRec ▼ 59 · 15m · جلسة ممتدة
16:12 KSA · PRE     · signal     · MCHP · orb ▼ 100 · 15m · جلسة ممتدة
16:12 KSA · PRE     · signal     · BCH-USD · brk ▼ 75 · 15m
16:12 KSA · PRE     · signal     · WLD-USD · vwapRec ▼ 70 · 15m
16:12 KSA · PRE     · signal     · PENDLE-USD · brk ▼ 64 · 15m
16:12 KSA · PRE     · signal     · VTHO-USD · rsiDiv ▲ 56 · 15m
16:12 KSA · PRE     · signal     · UNI-USD · brk ▼ 57 · 15m
16:12 KSA · PRE     · signal     · SUI-USD · orb ▼ 70 · 15m
16:12 KSA · PRE     · signal     · PEPE-USD · brk ▲ 59 · 15m
16:12 KSA · PRE     · signal     · TAO-USD · brk ▼ 68 · 15m
16:12 KSA · PRE     · signal     · THE-USD · brk ▼ 75 · 15m
16:12 KSA · PRE     · signal     · EUR-USD · brk ▼ 68 · 15m
16:12 KSA · PRE     · signal     · EUR-USD · sqzExp ▼ 57 · 1h
16:12 KSA · PRE     · signal     · ARB-USD · orb ▼ 65 · 15m
16:12 KSA · PRE     · signal     · TON-USD · brk ▼ 61 · 15m
16:12 KSA · PRE     · signal     · SENT-USD · orb ▼ 70 · 15m
16:12 KSA · PRE     · signal     · SENT-USD · sqzExp ▼ 80 · 1h
16:12 KSA · PRE     · signal     · WLFI-USD · brk ▼ 57 · 15m
16:14 KSA · PRE     · scanner    · بدء المسح · 1153 رمزاً · الجلسة PRE
16:14 KSA · PRE     · signal     · AAPL · orb ▲ 100 · 15m · جلسة ممتدة
16:14 KSA · PRE     · signal     · AAPL · brk ▲ 100 · 15m · جلسة ممتدة
16:14 KSA · PRE     · signal     · MSFT · vwapRec ▼ 65 · 15m · جلسة ممتدة
16:14 KSA · PRE     · signal     · META · orb ▲ 100 · 15m · جلسة ممتدة
16:14 KSA · PRE     · signal     · AMD · orb ▲ 71 · 15m · جلسة ممتدة
16:14 KSA · PRE     · signal     · INTC · brk ▲ 100 · 15m · جلسة ممتدة
16:14 KSA · PRE     · signal     · KO · orb ▼ 86 · 15m · جلسة ممتدة
16:14 KSA · PRE     · signal     · CAT · brk ▲ 81 · 15m · جلسة ممتدة
16:14 KSA · PRE     · signal     · LRCX · vwapRec ▲ 76 · 15m · جلسة ممتدة
16:14 KSA · PRE     · signal     · LRCX · brk ▲ 63 · 15m · جلسة ممتدة
16:14 KSA · PRE     · signal     · AMAT · brk ▲ 100 · 15m · جلسة ممتدة
16:14 KSA · PRE     · signal     · IBM · orb ▼ 73 · 15m · جلسة ممتدة
16:14 KSA · PRE     · signal     · IBM · brk ▼ 63 · 15m · جلسة ممتدة
16:14 KSA · PRE     · signal     · SNDK · vwapRec ▲ 71 · 15m · جلسة ممتدة
16:14 KSA · PRE     · signal     · KLAC · brk ▲ 81 · 15m · جلسة ممتدة
16:14 KSA · PRE     · signal     · AXP · brk ▼ 63 · 15m · جلسة ممتدة
16:14 KSA · PRE     · signal     · VZ · orb ▼ 100 · 15m · جلسة ممتدة
16:14 KSA · PRE     · signal     · MRVL · vwapRec ▲ 71 · 15m · جلسة ممتدة
16:14 KSA · PRE     · signal     · APH · brk ▲ 100 · 15m · جلسة ممتدة
16:14 KSA · PRE     · signal     · SCHW · brk ▲ 69 · 15m · جلسة ممتدة
16:14 KSA · PRE     · signal     · T · orb ▼ 100 · 15m · جلسة ممتدة
16:14 KSA · PRE     · signal     · STX · orb ▲ 76 · 15m · جلسة ممتدة
16:14 KSA · PRE     · signal     · UNP · orb ▲ 95 · 15m · جلسة ممتدة
16:14 KSA · PRE     · signal     · UNP · brk ▲ 63 · 15m · جلسة ممتدة
16:14 KSA · PRE     · signal     · NOW · vwapRec ▼ 62 · 15m · جلسة ممتدة
16:14 KSA · PRE     · signal     · NOW · brk ▼ 100 · 15m · جلسة ممتدة
16:14 KSA · PRE     · signal     · NEM · orb ▲ 68 · 15m · جلسة ممتدة
16:14 KSA · PRE     · signal     · BKNG · orb ▲ 82 · 15m · جلسة ممتدة
16:14 KSA · PRE     · signal     · ACN · brk ▼ 100 · 15m · جلسة ممتدة
16:14 KSA · PRE     · signal     · FCX · orb ▲ 74 · 15m · جلسة ممتدة
16:14 KSA · PRE     · signal     · KKR · brk ▼ 63 · 15m · جلسة ممتدة
16:14 KSA · PRE     · signal     · KKR · sqzExp ▼ 100 · 1h · جلسة ممتدة
16:14 KSA · PRE     · signal     · PWR · brk ▲ 100 · 15m · جلسة ممتدة
16:14 KSA · PRE     · signal     · SHW · brk ▲ 81 · 15m · جلسة ممتدة
16:14 KSA · PRE     · signal     · LITE · brk ▲ 69 · 15m · جلسة ممتدة
16:14 KSA · PRE     · signal     · DVN · orb ▼ 86 · 15m · جلسة ممتدة
16:14 KSA · PRE     · signal     · FIX · brk ▲ 100 · 15m · جلسة ممتدة
16:14 KSA · PRE     · signal     · COHR · brk ▲ 69 · 15m · جلسة ممتدة
16:14 KSA · PRE     · signal     · TER · brk ▲ 81 · 15m · جلسة ممتدة
16:14 KSA · PRE     · signal     · VST · brk ▲ 100 · 15m · جلسة ممتدة
16:14 KSA · PRE     · signal     · CIEN · orb ▲ 82 · 15m · جلسة ممتدة
16:14 KSA · PRE     · signal     · MCHP · brk ▲ 100 · 15m · جلسة ممتدة
16:14 KSA · PRE     · signal     · U-USD · orb ▲ 65 · 15m
16:14 KSA · PRE     · signal     · PEPE-USD · orb ▼ 73 · 15m
16:14 KSA · PRE     · signal     · ARB-USD · brk ▲ 73 · 15m
16:14 KSA · PRE     · signal     · SENT-USD · brk ▲ 64 · 15m
16:14 KSA · PRE     · signal     · EXE · meanRev ▲ 100 · 1d · جلسة ممتدة
16:14 KSA · PRE     · signal     · UMA-USD · brk ▼ 69 · 1d
16:16 KSA · PRE     · scanner    · بدء المسح · 1153 رمزاً · الجلسة PRE
16:16 KSA · PRE     · signal     · NVDA · orb ▲ 82 · 15m · جلسة ممتدة
16:16 KSA · PRE     · signal     · MSFT · orb ▼ 82 · 15m · جلسة ممتدة
16:16 KSA · PRE     · signal     · INTC · vwapRec ▼ 100 · 15m · جلسة ممتدة
16:16 KSA · PRE     · signal     · GEV · brk ▲ 69 · 15m · جلسة ممتدة
16:16 KSA · PRE     · signal     · WDC · orb ▲ 82 · 15m · جلسة ممتدة
16:16 KSA · PRE     · signal     · FTNT · vwapRec ▲ 100 · 15m · جلسة ممتدة
16:16 KSA · PRE     · signal     · GLW · orb ▲ 100 · 15m · جلسة ممتدة
16:16 KSA · PRE     · signal     · GLW · vwapRec ▲ 88 · 15m · جلسة ممتدة
16:16 KSA · PRE     · signal     · GLW · brk ▲ 100 · 15m · جلسة ممتدة
16:16 KSA · PRE     · signal     · LOW · vwapRec ▼ 57 · 15m · جلسة ممتدة
16:16 KSA · PRE     · signal     · CDNS · meanRev ▼ 100 · 15m · جلسة ممتدة
16:16 KSA · PRE     · signal     · TER · orb ▲ 82 · 15m · جلسة ممتدة
16:18 KSA · PRE     · scanner    · بدء المسح · 1153 رمزاً · الجلسة PRE
16:18 KSA · PRE     · signal     · XOM · vwapRec ▼ 79 · 15m · جلسة ممتدة
16:18 KSA · PRE     · signal     · CAT · sqzExp ▲ 100 · 1h · جلسة ممتدة
16:18 KSA · PRE     · signal     · ABT · vwapRec ▼ 79 · 15m · جلسة ممتدة
16:18 KSA · PRE     · signal     · FCX · vwapRec ▼ 100 · 15m · جلسة ممتدة
16:18 KSA · PRE     · signal     · PWR · vwapRec ▲ 79 · 15m · جلسة ممتدة
16:18 KSA · PRE     · signal     · TKO-USD · meanRev ▲ 100 · 1d
16:20 KSA · PRE     · scanner    · بدء المسح · 1153 رمزاً · الجلسة PRE
16:20 KSA · PRE     · signal     · AXP · brk ▼ 81 · 15m · جلسة ممتدة
16:20 KSA · PRE     · signal     · MRVL · orb ▲ 64 · 15m · جلسة ممتدة
16:20 KSA · PRE     · signal     · SCHW · vwapRec ▼ 80 · 15m · جلسة ممتدة
16:20 KSA · PRE     · signal     · VRTX · brk ▲ 81 · 15m · جلسة ممتدة
16:20 KSA · PRE     · signal     · ADBE · orb ▼ 100 · 15m · جلسة ممتدة
16:20 KSA · PRE     · signal     · SUI-USD · vwapRec ▼ 79 · 15m
16:20 KSA · PRE     · signal     · TAO-USD · orb ▼ 82 · 15m
16:20 KSA · PRE     · signal     · WLFI-USD · orb ▼ 100 · 15m
16:24 KSA · PRE     · scanner    · بدء المسح · 1153 رمزاً · الجلسة PRE
16:24 KSA · PRE     · signal     · MU · orb ▼ 88 · 15m · جلسة ممتدة
16:24 KSA · PRE     · signal     · LLY · orb ▼ 90 · 15m · جلسة ممتدة
16:24 KSA · PRE     · signal     · XOM · orb ▲ 100 · 15m · جلسة ممتدة
16:24 KSA · PRE     · signal     · INTC · orb ▼ 71 · 15m · جلسة ممتدة
16:24 KSA · PRE     · signal     · CSCO · orb ▼ 74 · 15m · جلسة ممتدة
16:24 KSA · PRE     · signal     · CVX · orb ▲ 85 · 15m · جلسة ممتدة
16:24 KSA · PRE     · signal     · CAT · orb ▼ 90 · 15m · جلسة ممتدة
16:24 KSA · PRE     · signal     · CAT · vwapRec ▼ 55 · 15m · جلسة ممتدة
16:24 KSA · PRE     · signal     · DELL · orb ▼ 68 · 15m · جلسة ممتدة
16:24 KSA · PRE     · signal     · HD · orb ▼ 90 · 15m · جلسة ممتدة
16:24 KSA · PRE     · signal     · HD · vwapRec ▼ 65 · 15m · جلسة ممتدة
16:24 KSA · PRE     · signal     · ANET · orb ▼ 73 · 15m · جلسة ممتدة
16:24 KSA · PRE     · signal     · ANET · volSpike ▼ 56 · 15m · جلسة ممتدة
16:24 KSA · PRE     · signal     · GEV · orb ▼ 87 · 15m · جلسة ممتدة
16:24 KSA · PRE     · signal     · IBM · vwapRec ▲ 65 · 15m · جلسة ممتدة
16:24 KSA · PRE     · signal     · SNDK · orb ▼ 76 · 15m · جلسة ممتدة
16:24 KSA · PRE     · signal     · KLAC · orb ▼ 100 · 15m · جلسة ممتدة
16:24 KSA · PRE     · signal     · VZ · vwapRec ▲ 60 · 15m · جلسة ممتدة
16:24 KSA · PRE     · signal     · CRM · vwapRec ▲ 62 · 15m · جلسة ممتدة
16:24 KSA · PRE     · signal     · AMGN · vwapRec ▼ 68 · 15m · جلسة ممتدة
16:24 KSA · PRE     · signal     · APH · orb ▼ 60 · 15m · جلسة ممتدة
16:24 KSA · PRE     · signal     · T · vwapRec ▲ 68 · 15m · جلسة ممتدة
16:24 KSA · PRE     · signal     · ADI · orb ▼ 79 · 15m · جلسة ممتدة
16:24 KSA · PRE     · signal     · COP · orb ▲ 100 · 15m · جلسة ممتدة
16:24 KSA · PRE     · signal     · COP · vwapRec ▲ 65 · 15m · جلسة ممتدة
16:24 KSA · PRE     · signal     · NEE · orb ▼ 95 · 15m · جلسة ممتدة
16:24 KSA · PRE     · signal     · NEE · brk ▼ 86 · 15m · جلسة ممتدة
16:24 KSA · PRE     · signal     · UNP · vwapRec ▼ 60 · 15m · جلسة ممتدة
16:24 KSA · PRE     · signal     · BA · orb ▼ 100 · 15m · جلسة ممتدة
16:24 KSA · PRE     · signal     · ETN · orb ▼ 90 · 15m · جلسة ممتدة
16:24 KSA · PRE     · signal     · FTNT · vwapRec ▲ 74 · 15m · جلسة ممتدة
16:24 KSA · PRE     · signal     · MPC · orb ▲ 88 · 15m · جلسة ممتدة
16:24 KSA · PRE     · signal     · MPC · vwapRec ▲ 65 · 15m · جلسة ممتدة
16:24 KSA · PRE     · signal     · VLO · vwapRec ▲ 71 · 15m · جلسة ممتدة
16:24 KSA · PRE     · signal     · LOW · volSpike ▼ 89 · 15m · جلسة ممتدة
16:24 KSA · PRE     · signal     · SYK · vwapRec ▲ 65 · 15m · جلسة ممتدة
16:24 KSA · PRE     · signal     · PSX · vwapRec ▲ 68 · 15m · جلسة ممتدة
16:24 KSA · PRE     · signal     · CEG · orb ▼ 100 · 15m · جلسة ممتدة
16:24 KSA · PRE     · signal     · CEG · vwapRec ▼ 59 · 15m · جلسة ممتدة
16:24 KSA · PRE     · signal     · VRT · vwapRec ▼ 59 · 15m · جلسة ممتدة
16:24 KSA · PRE     · signal     · CDNS · orb ▼ 95 · 15m · جلسة ممتدة
16:24 KSA · PRE     · signal     · CDNS · vwapRec ▼ 70 · 15m · جلسة ممتدة
16:24 KSA · PRE     · signal     · LITE · orb ▼ 71 · 15m · جلسة ممتدة
16:24 KSA · PRE     · signal     · FIX · vwapRec ▼ 55 · 15m · جلسة ممتدة
16:24 KSA · PRE     · signal     · COHR · orb ▼ 71 · 15m · جلسة ممتدة
16:24 KSA · PRE     · signal     · VST · orb ▼ 100 · 15m · جلسة ممتدة
16:24 KSA · PRE     · signal     · VST · vwapRec ▼ 59 · 15m · جلسة ممتدة
16:24 KSA · PRE     · signal     · CIEN · vwapRec ▼ 59 · 15m · جلسة ممتدة
16:24 KSA · PRE     · signal     · MCHP · orb ▼ 100 · 15m · جلسة ممتدة
16:24 KSA · PRE     · signal     · ON · orb ▼ 100 · 15m · جلسة ممتدة
16:24 KSA · PRE     · signal     · ICP-USD · orb ▼ 83 · 15m
16:24 KSA · PRE     · signal     · SUI-USD · orb ▼ 85 · 15m
16:24 KSA · PRE     · signal     · TAO-USD · brk ▼ 64 · 15m
16:24 KSA · PRE     · signal     · THE-USD · brk ▼ 68 · 15m
16:24 KSA · PRE     · signal     · EUR-USD · brk ▼ 73 · 15m
16:24 KSA · PRE     · signal     · EUR-USD · sqzExp ▼ 65 · 1h
16:24 KSA · PRE     · signal     · ARB-USD · orb ▼ 65 · 15m
16:24 KSA · PRE     · signal     · ARB-USD · sqzExp ▼ 65 · 1h
16:24 KSA · PRE     · signal     · BANK-USD · brk ▼ 64 · 15m
16:24 KSA · PRE     · signal     · TON-USD · brk ▼ 61 · 15m
16:24 KSA · PRE     · signal     · SENT-USD · orb ▼ 70 · 15m
16:24 KSA · PRE     · signal     · SENT-USD · sqzExp ▼ 83 · 1h
16:24 KSA · PRE     · signal     · PENGU-USD · brk ▼ 73 · 15m
16:24 KSA · PRE     · signal     · WLFI-USD · momo ▼ 61 · 1h
16:25 KSA · PRE     · scanner    · بدء المسح · 1153 رمزاً · الجلسة PRE
16:25 KSA · PRE     · signal     · NVDA · orb ▲ 94 · 15m · جلسة ممتدة
16:25 KSA · PRE     · signal     · NVDA · brk ▲ 100 · 15m · جلسة ممتدة
16:25 KSA · PRE     · signal     · MSFT · orb ▼ 86 · 15m · جلسة ممتدة
16:25 KSA · PRE     · signal     · META · orb ▲ 86 · 15m · جلسة ممتدة
16:25 KSA · PRE     · signal     · AMD · orb ▲ 62 · 15m · جلسة ممتدة
16:25 KSA · PRE     · signal     · XOM · vwapRec ▼ 93 · 15m · جلسة ممتدة
16:25 KSA · PRE     · signal     · INTC · brk ▲ 81 · 15m · جلسة ممتدة
16:25 KSA · PRE     · signal     · KO · orb ▼ 100 · 15m · جلسة ممتدة
16:25 KSA · PRE     · signal     · CAT · brk ▲ 63 · 15m · جلسة ممتدة
16:25 KSA · PRE     · signal     · CAT · sqzExp ▲ 100 · 1h · جلسة ممتدة
16:25 KSA · PRE     · signal     · LRCX · vwapRec ▲ 65 · 15m · جلسة ممتدة
16:25 KSA · PRE     · signal     · LRCX · brk ▲ 63 · 15m · جلسة ممتدة
16:25 KSA · PRE     · signal     · AMAT · brk ▲ 81 · 15m · جلسة ممتدة
16:25 KSA · PRE     · signal     · NFLX · orb ▼ 86 · 15m · جلسة ممتدة
16:25 KSA · PRE     · signal     · ANET · vwapRec ▲ 75 · 15m · جلسة ممتدة
16:25 KSA · PRE     · signal     · GEV · brk ▲ 100 · 15m · جلسة ممتدة
16:25 KSA · PRE     · signal     · IBM · orb ▼ 73 · 15m · جلسة ممتدة
16:25 KSA · PRE     · signal     · IBM · brk ▼ 63 · 15m · جلسة ممتدة
16:25 KSA · PRE     · signal     · KLAC · brk ▲ 81 · 15m · جلسة ممتدة
16:25 KSA · PRE     · signal     · AXP · brk ▼ 100 · 15m · جلسة ممتدة
16:25 KSA · PRE     · signal     · VZ · orb ▼ 100 · 15m · جلسة ممتدة
16:25 KSA · PRE     · signal     · MRVL · orb ▲ 76 · 15m · جلسة ممتدة
16:25 KSA · PRE     · signal     · APH · vwapRec ▲ 75 · 15m · جلسة ممتدة
16:25 KSA · PRE     · signal     · APH · brk ▲ 100 · 15m · جلسة ممتدة
16:25 KSA · PRE     · signal     · T · orb ▼ 100 · 15m · جلسة ممتدة
16:25 KSA · PRE     · signal     · MCD · orb ▲ 73 · 15m · جلسة ممتدة
16:25 KSA · PRE     · signal     · STX · orb ▲ 76 · 15m · جلسة ممتدة
16:25 KSA · PRE     · signal     · UNP · brk ▲ 100 · 15m · جلسة ممتدة
16:25 KSA · PRE     · signal     · NOW · brk ▼ 81 · 15m · جلسة ممتدة
16:25 KSA · PRE     · signal     · NEM · orb ▲ 57 · 15m · جلسة ممتدة
16:25 KSA · PRE     · signal     · GLW · orb ▲ 88 · 15m · جلسة ممتدة
16:25 KSA · PRE     · signal     · GLW · brk ▲ 100 · 15m · جلسة ممتدة
16:25 KSA · PRE     · signal     · ACN · brk ▼ 100 · 15m · جلسة ممتدة
16:25 KSA · PRE     · signal     · ADP · orb ▼ 100 · 15m · جلسة ممتدة
16:25 KSA · PRE     · signal     · ADBE · orb ▼ 100 · 15m · جلسة ممتدة
16:25 KSA · PRE     · signal     · FCX · orb ▲ 71 · 15m · جلسة ممتدة
16:25 KSA · PRE     · signal     · KKR · brk ▼ 63 · 15m · جلسة ممتدة
16:25 KSA · PRE     · signal     · KKR · sqzExp ▼ 100 · 1h · جلسة ممتدة
16:25 KSA · PRE     · signal     · PWR · vwapRec ▲ 79 · 15m · جلسة ممتدة
16:25 KSA · PRE     · signal     · PWR · brk ▲ 100 · 15m · جلسة ممتدة
16:25 KSA · PRE     · signal     · SHW · brk ▲ 81 · 15m · جلسة ممتدة
16:25 KSA · PRE     · signal     · LITE · brk ▲ 100 · 15m · جلسة ممتدة
16:25 KSA · PRE     · signal     · DVN · orb ▼ 73 · 15m · جلسة ممتدة
16:25 KSA · PRE     · signal     · FIX · brk ▲ 100 · 15m · جلسة ممتدة
16:25 KSA · PRE     · signal     · NKE · orb ▲ 100 · 15m · جلسة ممتدة
16:25 KSA · PRE     · signal     · COHR · brk ▲ 100 · 15m · جلسة ممتدة
16:25 KSA · PRE     · signal     · TER · brk ▲ 81 · 15m · جلسة ممتدة
16:25 KSA · PRE     · signal     · VST · brk ▲ 100 · 15m · جلسة ممتدة
16:25 KSA · PRE     · signal     · CIEN · orb ▲ 82 · 15m · جلسة ممتدة
16:25 KSA · PRE     · signal     · MCHP · brk ▲ 81 · 15m · جلسة ممتدة
16:25 KSA · PRE     · signal     · PEPE-USD · orb ▼ 60 · 15m
16:25 KSA · PRE     · signal     · TAO-USD · vwapRec ▲ 78 · 15m
16:25 KSA · PRE     · signal     · KGST-USD · meanRev ▲ 100 · 1d
16:28 KSA · PRE     · scanner    · بدء المسح · 1153 رمزاً · الجلسة PRE
16:28 KSA · PRE     · signal     · META · brk ▲ 100 · 15m · جلسة ممتدة
16:28 KSA · PRE     · signal     · CSCO · orb ▼ 82 · 15m · جلسة ممتدة
16:28 KSA · PRE     · signal     · ORCL · orb ▼ 100 · 15m · جلسة ممتدة
16:28 KSA · PRE     · signal     · PLTR · brk ▼ 69 · 15m · جلسة ممتدة
16:28 KSA · PRE     · signal     · PLTR · pbTrend ▲ 57 · 1h · جلسة ممتدة
16:28 KSA · PRE     · signal     · PANW · brk ▼ 100 · 15m · جلسة ممتدة
16:28 KSA · PRE     · signal     · TXN · brk ▲ 69 · 15m · جلسة ممتدة
16:28 KSA · PRE     · signal     · CRM · orb ▼ 100 · 15m · جلسة ممتدة
16:28 KSA · PRE     · signal     · WDC · orb ▲ 86 · 15m · جلسة ممتدة
16:28 KSA · PRE     · signal     · BKNG · orb ▼ 86 · 15m · جلسة ممتدة
16:28 KSA · PRE     · signal     · ADP · brk ▼ 100 · 15m · جلسة ممتدة
16:28 KSA · PRE     · signal     · INTU · orb ▼ 100 · 15m · جلسة ممتدة
16:28 KSA · PRE     · signal     · NXPI · pbTrend ▼ 57 · 1h · جلسة ممتدة
16:28 KSA · PRE     · signal     · TER · orb ▲ 100 · 15m · جلسة ممتدة
16:30 KSA · REGULAR · scanner    · بدء المسح · 1153 رمزاً · الجلسة REGULAR
16:30 KSA · REGULAR · signal     · ORCL · brk ▼ 100 · 15m
16:30 KSA · REGULAR · signal     · MCD · sqzExp ▼ 100 · 1h
16:30 KSA · REGULAR · signal     · NEE · brk ▲ 100 · 15m
16:30 KSA · REGULAR · signal     · UBER · brk ▼ 100 · 15m
16:30 KSA · REGULAR · signal     · MPC · meanRev ▲ 100 · 15m
16:30 KSA · REGULAR · signal     · COHR · sqzExp ▲ 100 · 1h
16:30 KSA · REGULAR · signal     · UNI-USD · pbTrend ▲ 57 · 1h
16:30 KSA · REGULAR · signal     · ASTER-USD · orb ▼ 64 · 15m
16:30 KSA · REGULAR · signal     · ROP · meanRev ▲ 100 · 1d
16:30 KSA · REGULAR · signal     · RJF · brk ▼ 100 · 1d
16:30 KSA · REGULAR · signal     · MGM · sqzExp ▼ 100 · 1d
16:30 KSA · REGULAR · signal     · METAB-USD · meanRev ▼ 100 · 1d
16:34 KSA · REGULAR · scanner    · بدء المسح · 1153 رمزاً · الجلسة REGULAR
16:34 KSA · REGULAR · signal     · NVDA · volSpike ▲ 72 · 15m
16:34 KSA · REGULAR · signal     · AAPL · rsiDiv ▼ 89 · 1d
16:34 KSA · REGULAR · signal     · GOOGL · brk ▲ 93 · 15m
16:34 KSA · REGULAR · signal     · GOOGL · volSpike ▲ 94 · 15m
16:34 KSA · REGULAR · signal     · GOOG · brk ▲ 93 · 15m
16:34 KSA · REGULAR · signal     · GOOG · volSpike ▲ 94 · 15m
16:34 KSA · REGULAR · signal     · AMD · momo ▲ 69 · 1h
16:34 KSA · REGULAR · signal     · MRK · brk ▲ 77 · 15m
16:34 KSA · REGULAR · signal     · LRCX · volSpike ▲ 83 · 15m
16:34 KSA · REGULAR · signal     · AMAT · volSpike ▲ 94 · 15m
16:34 KSA · REGULAR · signal     · GE · volSpike ▼ 78 · 15m
16:34 KSA · REGULAR · signal     · GS · volSpike ▲ 61 · 15m
16:34 KSA · REGULAR · signal     · TXN · volSpike ▲ 89 · 15m
16:34 KSA · REGULAR · signal     · ANET · volSpike ▲ 100 · 15m
16:34 KSA · REGULAR · signal     · GEV · brk ▲ 89 · 15m
16:34 KSA · REGULAR · signal     · GEV · meanRev ▼ 85 · 15m
16:34 KSA · REGULAR · signal     · GEV · volSpike ▲ 83 · 15m
16:34 KSA · REGULAR · signal     · KLAC · volSpike ▲ 83 · 15m
16:34 KSA · REGULAR · signal     · CRM · volSpike ▲ 78 · 15m
16:34 KSA · REGULAR · signal     · AMGN · volSpike ▲ 83 · 15m
16:34 KSA · REGULAR · signal     · MRVL · tfAlign ▲ 63 · 1d
16:34 KSA · REGULAR · signal     · APH · brk ▲ 86 · 15m
16:34 KSA · REGULAR · signal     · APH · volSpike ▲ 100 · 15m
16:34 KSA · REGULAR · signal     · TMUS · sqzExp ▼ 80 · 1h
16:34 KSA · REGULAR · signal     · SCHW · brk ▼ 93 · 15m
16:34 KSA · REGULAR · signal     · GILD · volSpike ▲ 100 · 15m
16:34 KSA · REGULAR · signal     · GILD · momo ▲ 86 · 1h
16:34 KSA · REGULAR · signal     · COP · brk ▼ 68 · 15m
16:34 KSA · REGULAR · signal     · ETN · brk ▲ 86 · 15m
16:34 KSA · REGULAR · signal     · DHR · sqzExp ▲ 88 · 1h
16:34 KSA · REGULAR · signal     · NOW · volSpike ▼ 72 · 15m
16:34 KSA · REGULAR · signal     · CB · volSpike ▼ 89 · 15m
16:34 KSA · REGULAR · signal     · VRTX · volSpike ▲ 94 · 15m
16:34 KSA · REGULAR · signal     · PGR · brk ▼ 66 · 15m
16:34 KSA · REGULAR · signal     · PGR · volSpike ▲ 78 · 15m
16:34 KSA · REGULAR · signal     · GLW · brk ▲ 73 · 15m
16:34 KSA · REGULAR · signal     · GLW · meanRev ▼ 65 · 15m
16:34 KSA · REGULAR · signal     · FTNT · volSpike ▼ 89 · 15m
16:34 KSA · REGULAR · signal     · ACN · volSpike ▼ 94 · 15m
16:34 KSA · REGULAR · signal     · APP · brk ▲ 86 · 15m
16:34 KSA · REGULAR · signal     · PWR · volSpike ▲ 100 · 15m
16:34 KSA · REGULAR · signal     · INTU · meanRev ▲ 55 · 15m
16:34 KSA · REGULAR · signal     · LITE · brk ▲ 66 · 15m
16:34 KSA · REGULAR · signal     · CDNS · volSpike ▲ 78 · 15m
16:34 KSA · REGULAR · signal     · HPE · volSpike ▲ 78 · 15m
16:34 KSA · REGULAR · signal     · HON · volSpike ▼ 78 · 15m
16:34 KSA · REGULAR · signal     · NXPI · volSpike ▲ 94 · 15m
16:34 KSA · REGULAR · signal     · MPWR · volSpike ▼ 67 · 15m
16:34 KSA · REGULAR · signal     · FIX · meanRev ▼ 70 · 15m
16:34 KSA · REGULAR · signal     · FIX · volSpike ▲ 100 · 15m
16:34 KSA · REGULAR · signal     · COHR · volSpike ▲ 83 · 15m
16:34 KSA · REGULAR · signal     · HONA · volSpike ▼ 72 · 15m
16:34 KSA · REGULAR · signal     · MCHP · volSpike ▲ 83 · 15m
16:34 KSA · REGULAR · signal     · ON · volSpike ▼ 61 · 15m
16:34 KSA · REGULAR · signal     · SMCI · volSpike ▼ 61 · 15m
16:34 KSA · REGULAR · signal     · DASH-USD · rsiDiv ▼ 78 · 15m
16:34 KSA · REGULAR · signal     · SUI-USD · orb ▼ 85 · 15m
16:34 KSA · REGULAR · signal     · U-USD · orb ▼ 65 · 15m
16:34 KSA · REGULAR · signal     · U-USD · brk ▼ 61 · 15m
16:34 KSA · REGULAR · signal     · PEPE-USD · meanRev ▼ 57 · 15m
16:34 KSA · REGULAR · signal     · TAO-USD · brk ▼ 68 · 15m
16:34 KSA · REGULAR · signal     · TRUMP-USD · brk ▼ 77 · 15m
16:34 KSA · REGULAR · signal     · EUR-USD · brk ▼ 80 · 15m
16:34 KSA · REGULAR · signal     · EUR-USD · sqzExp ▼ 65 · 1h
16:34 KSA · REGULAR · signal     · ARB-USD · orb ▼ 65 · 15m
16:34 KSA · REGULAR · signal     · ARB-USD · brk ▼ 73 · 15m
16:34 KSA · REGULAR · signal     · ARB-USD · sqzExp ▼ 65 · 1h
16:34 KSA · REGULAR · signal     · BANK-USD · brk ▼ 64 · 15m
16:34 KSA · REGULAR · signal     · TON-USD · brk ▼ 61 · 15m
16:34 KSA · REGULAR · signal     · SENT-USD · orb ▼ 70 · 15m
16:34 KSA · REGULAR · signal     · SENT-USD · brk ▼ 57 · 15m
16:34 KSA · REGULAR · signal     · SENT-USD · sqzExp ▼ 83 · 1h
16:34 KSA · REGULAR · signal     · PENGU-USD · brk ▼ 64 · 15m
16:37 KSA · REGULAR · scanner    · بدء المسح · 1153 رمزاً · الجلسة REGULAR
16:37 KSA · REGULAR · signal     · V · brk ▼ 100 · 15m
16:37 KSA · REGULAR · signal     · XOM · brk ▼ 100 · 15m
16:37 KSA · REGULAR · signal     · BAC · brk ▼ 100 · 15m
16:37 KSA · REGULAR · signal     · BAC · meanRev ▲ 100 · 15m
16:37 KSA · REGULAR · signal     · BAC · sqzExp ▼ 100 · 1h
16:37 KSA · REGULAR · signal     · MRK · meanRev ▼ 100 · 15m
16:37 KSA · REGULAR · signal     · DELL · brk ▲ 100 · 15m
16:37 KSA · REGULAR · signal     · LIN · brk ▲ 100 · 15m
16:37 KSA · REGULAR · signal     · ISRG · brk ▲ 69 · 15m
16:37 KSA · REGULAR · signal     · KKR · brk ▼ 100 · 15m
16:37 KSA · REGULAR · signal     · NSC · brk ▲ 100 · 15m
16:37 KSA · REGULAR · signal     · FIX · brk ▲ 100 · 15m
16:37 KSA · REGULAR · signal     · SNDKB-USD · brk ▼ 100 · 15m
16:37 KSA · REGULAR · signal     · COF · sqzExp ▼ 100 · 1d
16:37 KSA · REGULAR · signal     · PEG · meanRev ▲ 100 · 1d
16:37 KSA · REGULAR · signal     · EQT · brk ▼ 69 · 1d
16:37 KSA · REGULAR · signal     · EXE · brk ▼ 69 · 1d
16:37 KSA · REGULAR · signal     · EFX · brk ▼ 69 · 1d
16:37 KSA · REGULAR · signal     · EFX · sqzExp ▼ 100 · 1d
16:37 KSA · REGULAR · signal     · BANANAS31-USD · brk ▼ 69 · 1d
16:40 KSA · REGULAR · scanner    · بدء المسح · 1153 رمزاً · الجلسة REGULAR
16:40 KSA · REGULAR · signal     · CVX · brk ▼ 100 · 15m
16:40 KSA · REGULAR · signal     · PM · brk ▲ 69 · 15m
16:40 KSA · REGULAR · signal     · MRVL · brk ▲ 100 · 15m
16:40 KSA · REGULAR · signal     · MDLZ · brk ▲ 100 · 15m
16:40 KSA · REGULAR · signal     · PEPE-USD · vwapRec ▼ 60 · 15m
16:40 KSA · REGULAR · signal     · IBKR · brk ▼ 69 · 1d
16:40 KSA · REGULAR · signal     · FDX · meanRev ▲ 100 · 1d
16:42 KSA · REGULAR · scanner    · بدء المسح · 1153 رمزاً · الجلسة REGULAR
16:42 KSA · REGULAR · signal     · GOOGL · pbTrend ▼ 64 · 1h
16:42 KSA · REGULAR · signal     · GOOG · pbTrend ▼ 64 · 1h
16:42 KSA · REGULAR · signal     · BRK-B · volSpike ▲ 94 · 15m
16:42 KSA · REGULAR · signal     · JNJ · volSpike ▲ 100 · 15m
16:42 KSA · REGULAR · signal     · BLK · volSpike ▲ 78 · 15m
16:42 KSA · REGULAR · signal     · DDOG · brk ▲ 59 · 15m
16:42 KSA · REGULAR · signal     · DOGE-USD · meanRev ▲ 63 · 15m
16:42 KSA · REGULAR · signal     · SUI-USD · orb ▼ 85 · 15m
16:42 KSA · REGULAR · signal     · U-USD · orb ▼ 65 · 15m
16:42 KSA · REGULAR · signal     · U-USD · brk ▼ 61 · 15m
16:42 KSA · REGULAR · signal     · PEPE-USD · orb ▲ 60 · 15m
16:42 KSA · REGULAR · signal     · PEPE-USD · meanRev ▼ 57 · 15m
16:42 KSA · REGULAR · signal     · TAO-USD · brk ▼ 68 · 15m
16:42 KSA · REGULAR · signal     · TRUMP-USD · brk ▼ 77 · 15m
16:42 KSA · REGULAR · signal     · EUR-USD · brk ▼ 80 · 15m
16:42 KSA · REGULAR · signal     · EUR-USD · sqzExp ▼ 65 · 1h
16:42 KSA · REGULAR · signal     · ARB-USD · orb ▼ 65 · 15m
16:42 KSA · REGULAR · signal     · ARB-USD · brk ▼ 73 · 15m
16:42 KSA · REGULAR · signal     · ARB-USD · sqzExp ▼ 65 · 1h
16:42 KSA · REGULAR · signal     · BANK-USD · brk ▼ 64 · 15m
16:42 KSA · REGULAR · signal     · TON-USD · brk ▼ 61 · 15m
16:42 KSA · REGULAR · signal     · SENT-USD · orb ▼ 70 · 15m
16:42 KSA · REGULAR · signal     · SENT-USD · brk ▼ 57 · 15m
16:42 KSA · REGULAR · signal     · SENT-USD · sqzExp ▼ 83 · 1h
16:42 KSA · REGULAR · signal     · PENGU-USD · brk ▼ 64 · 15m
16:44 KSA · REGULAR · scanner    · بدء المسح · 1153 رمزاً · الجلسة REGULAR
16:44 KSA · REGULAR · signal     · CB · brk ▲ 100 · 15m
16:44 KSA · REGULAR · signal     · CB · sqzExp ▲ 100 · 1h
16:44 KSA · REGULAR · signal     · SYK · brk ▲ 100 · 15m
16:44 KSA · REGULAR · signal     · DDOG · sqzExp ▲ 100 · 1h
16:44 KSA · REGULAR · signal     · NSC · meanRev ▲ 100 · 15m
16:44 KSA · REGULAR · signal     · SOL-USD · orb ▲ 64 · 15m
16:44 KSA · REGULAR · signal     · RDDT · meanRev ▼ 100 · 15m
16:44 KSA · REGULAR · signal     · ZEC-USD · sqzExp ▲ 100 · 1h
16:44 KSA · REGULAR · signal     · DASH-USD · brk ▲ 69 · 15m
16:44 KSA · REGULAR · signal     · MUB-USD · orb ▲ 64 · 15m
16:44 KSA · REGULAR · signal     · TAO-USD · vwapRec ▲ 78 · 15m
16:44 KSA · REGULAR · signal     · TT · meanRev ▲ 100 · 1d
16:44 KSA · REGULAR · signal     · FANG · brk ▼ 69 · 1d
16:44 KSA · REGULAR · signal     · YUM · meanRev ▲ 100 · 1d
16:46 KSA · REGULAR · scanner    · بدء المسح · 1153 رمزاً · الجلسة REGULAR
16:46 KSA · REGULAR · signal     · CAT · brk ▲ 81 · 15m
16:46 KSA · REGULAR · signal     · QCOM · meanRev ▼ 100 · 15m
16:46 KSA · REGULAR · signal     · BLK · brk ▲ 100 · 15m
16:46 KSA · REGULAR · signal     · DHR · meanRev ▼ 100 · 15m
16:46 KSA · REGULAR · signal     · PWR · brk ▲ 69 · 15m
16:46 KSA · REGULAR · signal     · CMI · brk ▲ 100 · 15m
16:46 KSA · REGULAR · signal     · TER · sqzExp ▲ 100 · 1h
16:46 KSA · REGULAR · signal     · MCHP · brk ▲ 100 · 15m
16:46 KSA · REGULAR · signal     · RAY-USD · brk ▲ 100 · 15m
16:46 KSA · REGULAR · signal     · RAY-USD · sqzExp ▲ 100 · 1h
16:46 KSA · REGULAR · signal     · CRCLB-USD · orb ▼ 86 · 15m
16:46 KSA · REGULAR · signal     · CRCLB-USD · brk ▼ 81 · 15m
16:46 KSA · REGULAR · signal     · PEPE-USD · vwapRec ▼ 60 · 15m
16:46 KSA · REGULAR · signal     · WAT · meanRev ▼ 100 · 1d
16:48 KSA · REGULAR · scanner    · بدء المسح · 1153 رمزاً · الجلسة REGULAR
16:48 KSA · REGULAR · signal     · GOOGL · brk ▲ 69 · 15m
16:48 KSA · REGULAR · signal     · UNH · meanRev ▼ 100 · 15m
16:48 KSA · REGULAR · signal     · DE · brk ▼ 69 · 15m
16:48 KSA · REGULAR · signal     · CB · brk ▲ 100 · 15m
16:48 KSA · REGULAR · signal     · CB · sqzExp ▲ 100 · 1h
16:48 KSA · REGULAR · signal     · MRNA · brk ▲ 100 · 15m
16:48 KSA · REGULAR · signal     · BCH-USD · orb ▲ 100 · 15m
16:48 KSA · REGULAR · signal     · AVAX-USD · orb ▲ 82 · 15m
16:48 KSA · REGULAR · signal     · ONDO-USD · orb ▲ 82 · 15m
16:48 KSA · REGULAR · signal     · ETHFI-USD · vwapRec ▲ 75 · 15m
16:48 KSA · REGULAR · signal     · SUI-USD · orb ▲ 100 · 15m
16:48 KSA · REGULAR · signal     · BANK-USD · vwapRec ▼ 100 · 15m
16:48 KSA · REGULAR · signal     · TRV · brk ▲ 69 · 1d
16:48 KSA · REGULAR · signal     · DGX · brk ▲ 69 · 1d
16:50 KSA · REGULAR · scanner    · بدء المسح · 1153 رمزاً · الجلسة REGULAR
16:50 KSA · REGULAR · signal     · BTC-USD · orb ▲ 82 · 15m
16:50 KSA · REGULAR · signal     · BTC-USD · vwapRec ▲ 100 · 15m
16:50 KSA · REGULAR · signal     · ORCL · brk ▲ 100 · 15m
16:50 KSA · REGULAR · signal     · SNPS · meanRev ▼ 100 · 15m
16:50 KSA · REGULAR · signal     · SMCI · pbTrend ▲ 57 · 1h
16:50 KSA · REGULAR · signal     · GMEB-USD · brk ▲ 69 · 1d
16:53 KSA · REGULAR · scanner    · بدء المسح · 1153 رمزاً · الجلسة REGULAR
16:53 KSA · REGULAR · signal     · GOOGL · vwapRec ▲ 70 · 15m
16:53 KSA · REGULAR · signal     · GOOGL · volSpike ▼ 67 · 15m
16:53 KSA · REGULAR · signal     · GOOG · vwapRec ▲ 70 · 15m
16:53 KSA · REGULAR · signal     · GOOG · volSpike ▼ 67 · 15m
16:53 KSA · REGULAR · signal     · META · volSpike ▼ 78 · 15m
16:53 KSA · REGULAR · signal     · AVGO · volSpike ▼ 78 · 15m
16:53 KSA · REGULAR · signal     · TSLA · volSpike ▲ 78 · 15m
16:53 KSA · REGULAR · signal     · MU · vwapRec ▲ 55 · 15m
16:53 KSA · REGULAR · signal     · JPM · vwapRec ▼ 57 · 15m
16:53 KSA · REGULAR · signal     · AMD · vwapRec ▼ 68 · 15m
16:53 KSA · REGULAR · signal     · AMD · volSpike ▲ 72 · 15m
16:53 KSA · REGULAR · signal     · ORCL · volSpike ▲ 89 · 15m
16:53 KSA · REGULAR · signal     · CSCO · vwapRec ▲ 55 · 15m
16:53 KSA · REGULAR · signal     · CVX · vwapRec ▲ 85 · 15m
16:53 KSA · REGULAR · signal     · BAC · vwapRec ▼ 60 · 15m
16:53 KSA · REGULAR · signal     · COST · vwapRec ▲ 68 · 15m
16:53 KSA · REGULAR · signal     · DELL · vwapRec ▲ 65 · 15m
16:53 KSA · REGULAR · signal     · CAT · brk ▲ 73 · 15m
16:53 KSA · REGULAR · signal     · UNH · vwapRec ▲ 55 · 15m
16:53 KSA · REGULAR · signal     · AMAT · brk ▲ 73 · 15m
16:53 KSA · REGULAR · signal     · AMAT · volSpike ▼ 78 · 15m
16:53 KSA · REGULAR · signal     · NFLX · vwapRec ▲ 75 · 15m
16:53 KSA · REGULAR · signal     · PANW · vwapRec ▲ 93 · 15m
16:53 KSA · REGULAR · signal     · PM · vwapRec ▼ 60 · 15m
16:53 KSA · REGULAR · signal     · ETH-USD · vwapRec ▼ 80 · 15m
16:53 KSA · REGULAR · signal     · GEV · vwapRec ▲ 59 · 15m
16:53 KSA · REGULAR · signal     · TMO · vwapRec ▼ 60 · 15m
16:53 KSA · REGULAR · signal     · AMGN · vwapRec ▲ 73 · 15m
16:53 KSA · REGULAR · signal     · QCOM · vwapRec ▲ 73 · 15m
16:53 KSA · REGULAR · signal     · ADI · brk ▲ 75 · 15m
16:53 KSA · REGULAR · signal     · MCD · vwapRec ▼ 60 · 15m
16:53 KSA · REGULAR · signal     · ABT · vwapRec ▲ 60 · 15m
16:53 KSA · REGULAR · signal     · BLK · vwapRec ▼ 85 · 15m
16:53 KSA · REGULAR · signal     · UNP · volSpike ▼ 94 · 15m
16:53 KSA · REGULAR · signal     · DHR · vwapRec ▼ 60 · 15m
16:53 KSA · REGULAR · signal     · UBER · volSpike ▼ 89 · 15m
16:53 KSA · REGULAR · signal     · TJX · vwapRec ▼ 60 · 15m
16:53 KSA · REGULAR · signal     · VRTX · vwapRec ▲ 57 · 15m
16:53 KSA · REGULAR · signal     · GLW · volSpike ▼ 56 · 15m
16:53 KSA · REGULAR · signal     · FTNT · volSpike ▲ 78 · 15m
16:53 KSA · REGULAR · signal     · ADP · volSpike ▲ 89 · 15m
16:53 KSA · REGULAR · signal     · APP · vwapRec ▼ 55 · 15m
16:53 KSA · REGULAR · signal     · APP · momo ▼ 56 · 1h
16:53 KSA · REGULAR · signal     · PWR · volSpike ▼ 56 · 15m
16:53 KSA · REGULAR · signal     · CEG · vwapRec ▼ 70 · 15m
16:53 KSA · REGULAR · signal     · LITE · volSpike ▲ 83 · 15m
16:53 KSA · REGULAR · signal     · MDLZ · vwapRec ▲ 55 · 15m
16:53 KSA · REGULAR · signal     · NSC · vwapRec ▼ 73 · 15m
16:53 KSA · REGULAR · signal     · AON · vwapRec ▲ 60 · 15m
16:53 KSA · REGULAR · signal     · MRNA · volSpike ▼ 78 · 15m
16:53 KSA · REGULAR · signal     · NKE · vwapRec ▼ 85 · 15m
16:53 KSA · REGULAR · signal     · HONA · vwapRec ▲ 65 · 15m
16:53 KSA · REGULAR · signal     · ADSK · vwapRec ▼ 73 · 15m
16:53 KSA · REGULAR · signal     · MCHP · volSpike ▼ 67 · 15m
16:53 KSA · REGULAR · signal     · RDDT · vwapRec ▼ 76 · 15m
16:53 KSA · REGULAR · signal     · HPQ · vwapRec ▲ 78 · 15m
16:53 KSA · REGULAR · signal     · SMCI · volSpike ▲ 83 · 15m
16:53 KSA · REGULAR · signal     · ZEC-USD · volSpike ▲ 67 · 15m
16:53 KSA · REGULAR · signal     · SWKS · vwapRec ▲ 85 · 15m
16:53 KSA · REGULAR · signal     · DOGE-USD · rsiDiv ▲ 67 · 15m
16:53 KSA · REGULAR · signal     · ADA-USD · rsiDiv ▲ 67 · 15m
16:53 KSA · REGULAR · signal     · HBAR-USD · volSpike ▼ 83 · 15m
16:53 KSA · REGULAR · signal     · PENDLE-USD · rsiDiv ▲ 67 · 15m
16:53 KSA · REGULAR · signal     · RAY-USD · volSpike ▲ 83 · 15m
16:53 KSA · REGULAR · signal     · SPCXB-USD · volSpike ▲ 89 · 15m
16:53 KSA · REGULAR · signal     · MUB-USD · brk ▼ 84 · 15m
16:53 KSA · REGULAR · signal     · SNDKB-USD · volSpike ▼ 89 · 15m
16:53 KSA · REGULAR · signal     · UNI-USD · brk ▼ 59 · 15m
16:53 KSA · REGULAR · signal     · UNI-USD · pbTrend ▲ 57 · 1h
16:53 KSA · REGULAR · signal     · SUI-USD · vwapRec ▼ 57 · 15m
16:53 KSA · REGULAR · signal     · SUI-USD · volSpike ▲ 61 · 15m
16:53 KSA · REGULAR · signal     · PEPE-USD · orb ▲ 60 · 15m
16:53 KSA · REGULAR · signal     · PEPE-USD · brk ▲ 61 · 15m
16:53 KSA · REGULAR · signal     · PEPE-USD · meanRev ▼ 65 · 15m
16:53 KSA · REGULAR · signal     · TAO-USD · brk ▼ 55 · 15m
16:53 KSA · REGULAR · signal     · THE-USD · brk ▼ 73 · 15m
16:53 KSA · REGULAR · signal     · TRUMP-USD · brk ▼ 64 · 15m
16:53 KSA · REGULAR · signal     · EUR-USD · brk ▼ 55 · 15m
16:53 KSA · REGULAR · signal     · EUR-USD · sqzExp ▼ 65 · 1h
16:53 KSA · REGULAR · signal     · ARB-USD · orb ▼ 65 · 15m
16:53 KSA · REGULAR · signal     · ARB-USD · brk ▼ 64 · 15m
16:53 KSA · REGULAR · signal     · ARB-USD · sqzExp ▼ 65 · 1h
16:53 KSA · REGULAR · signal     · BANK-USD · brk ▼ 68 · 15m
16:53 KSA · REGULAR · signal     · TON-USD · brk ▼ 61 · 15m
16:53 KSA · REGULAR · signal     · SENT-USD · orb ▼ 55 · 15m
16:53 KSA · REGULAR · signal     · SENT-USD · sqzExp ▼ 83 · 1h
16:53 KSA · REGULAR · signal     · PENGU-USD · brk ▼ 73 · 15m
16:53 KSA · REGULAR · signal     · WLFI-USD · orb ▼ 75 · 15m
16:53 KSA · REGULAR · signal     · WLFI-USD · momo ▼ 61 · 1h
16:53 KSA · REGULAR · signal     · ASTER-USD · orb ▼ 80 · 15m
16:53 KSA · REGULAR · signal     · ASTER-USD · volSpike ▲ 61 · 15m
16:54 KSA · REGULAR · scanner    · بدء المسح · 1153 رمزاً · الجلسة REGULAR
16:54 KSA · REGULAR · signal     · META · sqzExp ▲ 100 · 1h
16:54 KSA · REGULAR · signal     · TXN · vwapRec ▼ 57 · 15m
16:54 KSA · REGULAR · signal     · VZ · vwapRec ▼ 57 · 15m
16:54 KSA · REGULAR · signal     · APH · vwapRec ▲ 57 · 15m
16:54 KSA · REGULAR · signal     · PEP · vwapRec ▼ 57 · 15m
16:54 KSA · REGULAR · signal     · UNP · brk ▼ 69 · 15m
16:54 KSA · REGULAR · signal     · BKNG · vwapRec ▲ 57 · 15m
16:54 KSA · REGULAR · signal     · FTNT · vwapRec ▼ 79 · 15m
16:54 KSA · REGULAR · signal     · PH · vwapRec ▲ 57 · 15m
16:54 KSA · REGULAR · signal     · ACN · vwapRec ▼ 57 · 15m
16:54 KSA · REGULAR · signal     · LOW · vwapRec ▼ 57 · 15m
16:54 KSA · REGULAR · signal     · ADBE · vwapRec ▼ 57 · 15m
16:54 KSA · REGULAR · signal     · KKR · vwapRec ▲ 57 · 15m
16:54 KSA · REGULAR · signal     · INTU · vwapRec ▼ 57 · 15m
16:54 KSA · REGULAR · signal     · DDOG · vwapRec ▲ 79 · 15m
16:54 KSA · REGULAR · signal     · AON · meanRev ▲ 100 · 15m
16:54 KSA · REGULAR · signal     · BSX · brk ▲ 100 · 15m
16:54 KSA · REGULAR · signal     · NXPI · vwapRec ▲ 79 · 15m
16:54 KSA · REGULAR · signal     · VST · vwapRec ▲ 79 · 15m
16:54 KSA · REGULAR · signal     · QQQB-USD · sqzExp ▲ 100 · 1h
16:54 KSA · REGULAR · signal     · SOXLB-USD · brk ▲ 100 · 15m
16:54 KSA · REGULAR · signal     · SUI-USD · orb ▲ 80 · 15m
16:54 KSA · REGULAR · signal     · PEPE-USD · vwapRec ▼ 60 · 15m
16:54 KSA · REGULAR · signal     · SHIB-USD · brk ▼ 69 · 1d
16:56 KSA · REGULAR · scanner    · بدء المسح · 1153 رمزاً · الجلسة REGULAR
16:56 KSA · REGULAR · signal     · INTC · meanRev ▼ 100 · 15m
16:56 KSA · REGULAR · signal     · LRCX · vwapRec ▲ 57 · 15m
16:56 KSA · REGULAR · signal     · CRWD · vwapRec ▼ 79 · 15m
16:56 KSA · REGULAR · signal     · C · vwapRec ▲ 79 · 15m
16:56 KSA · REGULAR · signal     · TMUS · vwapRec ▼ 79 · 15m
16:56 KSA · REGULAR · signal     · ADI · vwapRec ▲ 79 · 15m
16:56 KSA · REGULAR · signal     · SHW · vwapRec ▼ 57 · 15m
16:56 KSA · REGULAR · signal     · AVAX-USD · vwapRec ▼ 100 · 15m
16:56 KSA · REGULAR · signal     · ENA-USD · brk ▲ 100 · 15m
16:56 KSA · REGULAR · signal     · BANK-USD · meanRev ▲ 100 · 15m
16:56 KSA · REGULAR · signal     · WLFI-USD · orb ▼ 100 · 15m
16:58 KSA · REGULAR · scanner    · بدء المسح · 1153 رمزاً · الجلسة REGULAR
16:58 KSA · REGULAR · signal     · LLY · brk ▲ 100 · 15m
16:58 KSA · REGULAR · signal     · JNJ · brk ▲ 69 · 15m
16:58 KSA · REGULAR · signal     · IBM · vwapRec ▲ 57 · 15m
16:58 KSA · REGULAR · signal     · CRM · vwapRec ▼ 79 · 15m
16:58 KSA · REGULAR · signal     · DASH-USD · meanRev ▼ 100 · 15m
16:58 KSA · REGULAR · signal     · MUB-USD · vwapRec ▲ 100 · 15m
16:58 KSA · REGULAR · signal     · HEMI-USD · orb ▼ 100 · 15m
17:00 KSA · REGULAR · scanner    · بدء المسح · 1153 رمزاً · الجلسة REGULAR
17:00 KSA · REGULAR · signal     · VZ · brk ▼ 100 · 15m
17:00 KSA · REGULAR · signal     · HOOD · meanRev ▲ 100 · 15m
17:00 KSA · REGULAR · signal     · DDOG · meanRev ▼ 100 · 15m
17:00 KSA · REGULAR · signal     · SOL-USD · vwapRec ▼ 100 · 15m
17:00 KSA · REGULAR · signal     · NXPI · brk ▲ 100 · 15m
17:00 KSA · REGULAR · signal     · FET-USD · orb ▼ 82 · 15m
17:00 KSA · REGULAR · signal     · FET-USD · vwapRec ▼ 100 · 15m
17:00 KSA · REGULAR · signal     · XPL-USD · orb ▼ 100 · 15m
17:00 KSA · REGULAR · signal     · TAO-USD · vwapRec ▼ 100 · 15m
17:00 KSA · REGULAR · signal     · IQV · brk ▲ 69 · 1d
17:03 KSA · REGULAR · scanner    · بدء المسح · 1153 رمزاً · الجلسة REGULAR
17:03 KSA · REGULAR · signal     · BTC-USD · orb ▼ 85 · 15m
17:03 KSA · REGULAR · signal     · WMT · orb ▼ 85 · 15m
17:03 KSA · REGULAR · signal     · INTC · vwapRec ▼ 68 · 15m
17:03 KSA · REGULAR · signal     · COST · orb ▼ 90 · 15m
17:03 KSA · REGULAR · signal     · VZ · orb ▼ 63 · 15m
17:03 KSA · REGULAR · signal     · NEE · orb ▼ 75 · 15m
17:03 KSA · REGULAR · signal     · UNP · vwapRec ▼ 80 · 15m
17:03 KSA · REGULAR · signal     · SPGI · rsiDiv ▲ 89 · 15m
17:03 KSA · REGULAR · signal     · CEG · orb ▼ 100 · 15m
17:03 KSA · REGULAR · signal     · CMI · orb ▼ 93 · 15m
17:03 KSA · REGULAR · signal     · NXPI · volSpike ▲ 83 · 15m
17:03 KSA · REGULAR · signal     · FIX · vwapRec ▲ 55 · 15m
17:03 KSA · REGULAR · signal     · AVAX-USD · volSpike ▼ 89 · 15m
17:03 KSA · REGULAR · signal     · ENA-USD · volSpike ▼ 67 · 15m
17:03 KSA · REGULAR · signal     · MARSCOIN-USD · rsiDiv ▼ 61 · 1h
17:03 KSA · REGULAR · signal     · SNDKB-USD · orb ▲ 55 · 15m
17:03 KSA · REGULAR · signal     · CVC-USD · volSpike ▼ 78 · 15m
17:03 KSA · REGULAR · signal     · SNXXB-USD · orb ▲ 55 · 15m
17:03 KSA · REGULAR · signal     · UNI-USD · brk ▼ 82 · 15m
17:03 KSA · REGULAR · signal     · UNI-USD · volSpike ▼ 67 · 15m
17:03 KSA · REGULAR · signal     · SUI-USD · vwapRec ▼ 57 · 15m
17:03 KSA · REGULAR · signal     · U-USD · orb ▼ 65 · 15m
17:03 KSA · REGULAR · signal     · U-USD · brk ▼ 68 · 15m
17:03 KSA · REGULAR · signal     · PEPE-USD · orb ▲ 60 · 15m
17:03 KSA · REGULAR · signal     · PEPE-USD · brk ▲ 55 · 15m
17:03 KSA · REGULAR · signal     · PEPE-USD · volSpike ▼ 67 · 15m
17:03 KSA · REGULAR · signal     · TAO-USD · brk ▼ 68 · 15m
17:03 KSA · REGULAR · signal     · THE-USD · brk ▼ 57 · 15m
17:03 KSA · REGULAR · signal     · TRUMP-USD · brk ▼ 80 · 15m
17:03 KSA · REGULAR · signal     · EUR-USD · brk ▼ 86 · 15m
17:03 KSA · REGULAR · signal     · EUR-USD · sqzExp ▼ 65 · 1h
17:03 KSA · REGULAR · signal     · EUR-USD · momo ▼ 72 · 1h
17:03 KSA · REGULAR · signal     · ARB-USD · orb ▼ 65 · 15m
17:03 KSA · REGULAR · signal     · ARB-USD · brk ▼ 73 · 15m
17:03 KSA · REGULAR · signal     · ARB-USD · sqzExp ▼ 65 · 1h
17:03 KSA · REGULAR · signal     · BANK-USD · brk ▼ 82 · 15m
17:03 KSA · REGULAR · signal     · BANK-USD · volSpike ▼ 78 · 15m
17:03 KSA · REGULAR · signal     · TON-USD · brk ▼ 61 · 15m
17:03 KSA · REGULAR · signal     · SENT-USD · orb ▼ 70 · 15m
17:03 KSA · REGULAR · signal     · SENT-USD · brk ▼ 64 · 15m
17:03 KSA · REGULAR · signal     · SENT-USD · sqzExp ▼ 83 · 1h
17:03 KSA · REGULAR · signal     · PENGU-USD · brk ▼ 86 · 15m
17:03 KSA · REGULAR · signal     · WLFI-USD · brk ▼ 64 · 15m
17:03 KSA · REGULAR · signal     · ASTER-USD · orb ▼ 80 · 15m
17:03 KSA · REGULAR · signal     · ASTER-USD · volSpike ▼ 72 · 15m
17:04 KSA · REGULAR · scanner    · بدء المسح · 1153 رمزاً · الجلسة REGULAR
17:04 KSA · REGULAR · signal     · PLTR · vwapRec ▼ 79 · 15m
17:04 KSA · REGULAR · signal     · UNH · orb ▲ 82 · 15m
17:04 KSA · REGULAR · signal     · PEP · orb ▼ 100 · 15m
17:04 KSA · REGULAR · signal     · ETN · vwapRec ▲ 57 · 15m
17:04 KSA · REGULAR · signal     · NEM · orb ▼ 82 · 15m
17:04 KSA · REGULAR · signal     · ACN · meanRev ▲ 100 · 15m
17:04 KSA · REGULAR · signal     · ADP · orb ▲ 100 · 15m
17:04 KSA · REGULAR · signal     · VRT · vwapRec ▲ 57 · 15m
17:04 KSA · REGULAR · signal     · LITE · vwapRec ▼ 55 · 15m
17:04 KSA · REGULAR · signal     · CIEN · orb ▼ 82 · 15m
17:04 KSA · REGULAR · signal     · LHX · orb ▲ 82 · 15m
17:04 KSA · REGULAR · signal     · XAUT-USD · meanRev ▲ 100 · 15m
17:04 KSA · REGULAR · signal     · MSTRB-USD · orb ▼ 82 · 15m
17:04 KSA · REGULAR · signal     · F · meanRev ▲ 100 · 1d
17:04 KSA · REGULAR · signal     · S-USD · brk ▼ 69 · 1d
17:08 KSA · REGULAR · scanner    · بدء المسح · 1153 رمزاً · الجلسة REGULAR
17:08 KSA · REGULAR · signal     · META · meanRev ▼ 100 · 15m
17:08 KSA · REGULAR · signal     · PANW · orb ▲ 82 · 15m
17:08 KSA · REGULAR · signal     · ANET · vwapRec ▲ 100 · 15m
17:08 KSA · REGULAR · signal     · ANET · meanRev ▼ 100 · 15m
17:08 KSA · REGULAR · signal     · TXN · orb ▼ 100 · 15m
17:08 KSA · REGULAR · signal     · TMUS · orb ▼ 64 · 15m
17:08 KSA · REGULAR · signal     · SCHW · meanRev ▲ 100 · 15m
17:08 KSA · REGULAR · signal     · ABT · orb ▲ 82 · 15m
17:08 KSA · REGULAR · signal     · MCD · orb ▼ 100 · 15m
17:08 KSA · REGULAR · signal     · NEE · brk ▼ 69 · 15m
17:08 KSA · REGULAR · signal     · BA · vwapRec ▲ 79 · 15m
17:08 KSA · REGULAR · signal     · BX · vwapRec ▼ 68 · 15m
17:08 KSA · REGULAR · signal     · DHR · orb ▼ 82 · 15m
17:08 KSA · REGULAR · signal     · NEM · pbTrend ▲ 57 · 1h
17:08 KSA · REGULAR · signal     · SYK · orb ▲ 64 · 15m
17:08 KSA · REGULAR · signal     · CEG · meanRev ▲ 100 · 15m
17:08 KSA · REGULAR · signal     · HPE · orb ▲ 82 · 15m
17:08 KSA · REGULAR · signal     · HPE · meanRev ▼ 100 · 15m
17:08 KSA · REGULAR · signal     · COIN · orb ▼ 64 · 15m
17:08 KSA · REGULAR · signal     · ON · orb ▼ 100 · 15m
17:08 KSA · REGULAR · signal     · BANK-USD · brk ▼ 100 · 15m
17:08 KSA · REGULAR · signal     · BANK-USD · meanRev ▲ 100 · 15m
17:08 KSA · REGULAR · signal     · MANTA-USD · meanRev ▲ 100 · 1d
17:08 KSA · REGULAR · signal     · BEL-USD · meanRev ▲ 100 · 1d
17:08 KSA · REGULAR · signal     · SAGA-USD · brk ▲ 69 · 1d
17:10 KSA · REGULAR · scanner    · بدء المسح · 1153 رمزاً · الجلسة REGULAR
17:10 KSA · REGULAR · signal     · BRK-B · meanRev ▼ 100 · 15m
17:10 KSA · REGULAR · signal     · ORCL · orb ▲ 64 · 15m
17:10 KSA · REGULAR · signal     · HD · vwapRec ▲ 57 · 15m
17:10 KSA · REGULAR · signal     · PFE · meanRev ▲ 100 · 15m
17:10 KSA · REGULAR · signal     · LITE · meanRev ▼ 100 · 15m
17:10 KSA · REGULAR · signal     · HPE · brk ▲ 100 · 15m
17:10 KSA · REGULAR · signal     · SMCI · brk ▲ 100 · 15m
17:10 KSA · REGULAR · signal     · XAUT-USD · pbTrend ▼ 57 · 1h
17:10 KSA · REGULAR · signal     · PAXG-USD · pbTrend ▼ 57 · 1h
17:10 KSA · REGULAR · signal     · ICP-USD · orb ▼ 82 · 15m
17:10 KSA · REGULAR · signal     · OP-USD · orb ▼ 82 · 15m
17:10 KSA · REGULAR · signal     · OP-USD · vwapRec ▼ 100 · 15m
17:10 KSA · REGULAR · signal     · TPL · meanRev ▲ 100 · 1d
17:10 KSA · REGULAR · signal     · PIXEL-USD · meanRev ▲ 100 · 1d
17:13 KSA · REGULAR · scanner    · بدء المسح · 1153 رمزاً · الجلسة REGULAR
17:13 KSA · REGULAR · signal     · AMGN · orb ▼ 85 · 15m
17:13 KSA · REGULAR · signal     · AMGN · brk ▼ 80 · 15m
17:13 KSA · REGULAR · signal     · NEE · sqzExp ▼ 90 · 1h
17:13 KSA · REGULAR · signal     · CMI · vwapRec ▼ 78 · 15m
17:13 KSA · REGULAR · signal     · BSX · orb ▲ 63 · 15m
17:13 KSA · REGULAR · signal     · COHR · orb ▲ 80 · 15m
17:13 KSA · REGULAR · signal     · CIEN · vwapRec ▼ 75 · 15m
17:13 KSA · REGULAR · signal     · LINK-USD · brk ▼ 91 · 15m
17:13 KSA · REGULAR · signal     · BCH-USD · brk ▼ 89 · 15m
17:13 KSA · REGULAR · signal     · ICP-USD · brk ▼ 93 · 15m
17:13 KSA · REGULAR · signal     · SUI-USD · orb ▼ 85 · 15m
17:13 KSA · REGULAR · signal     · U-USD · orb ▼ 65 · 15m
17:13 KSA · REGULAR · signal     · U-USD · brk ▼ 68 · 15m
17:13 KSA · REGULAR · signal     · PEPE-USD · orb ▲ 60 · 15m
17:13 KSA · REGULAR · signal     · PEPE-USD · brk ▲ 55 · 15m
17:13 KSA · REGULAR · signal     · TAO-USD · brk ▼ 68 · 15m
17:13 KSA · REGULAR · signal     · THE-USD · brk ▼ 57 · 15m
17:13 KSA · REGULAR · signal     · TRUMP-USD · brk ▼ 80 · 15m
17:13 KSA · REGULAR · signal     · EUR-USD · brk ▼ 86 · 15m
17:13 KSA · REGULAR · signal     · EUR-USD · sqzExp ▼ 65 · 1h
17:13 KSA · REGULAR · signal     · ARB-USD · orb ▼ 65 · 15m
17:13 KSA · REGULAR · signal     · ARB-USD · brk ▼ 73 · 15m
17:13 KSA · REGULAR · signal     · ARB-USD · sqzExp ▼ 65 · 1h
17:13 KSA · REGULAR · signal     · TON-USD · brk ▼ 61 · 15m
17:13 KSA · REGULAR · signal     · SENT-USD · orb ▼ 70 · 15m
17:13 KSA · REGULAR · signal     · SENT-USD · brk ▼ 64 · 15m
17:13 KSA · REGULAR · signal     · SENT-USD · sqzExp ▼ 83 · 1h
17:13 KSA · REGULAR · signal     · PENGU-USD · brk ▼ 86 · 15m
17:13 KSA · REGULAR · signal     · WLFI-USD · brk ▼ 64 · 15m
17:14 KSA · REGULAR · scanner    · بدء المسح · 1153 رمزاً · الجلسة REGULAR
17:14 KSA · REGULAR · signal     · TSLA · orb ▲ 100 · 15m
17:14 KSA · REGULAR · signal     · XOM · vwapRec ▼ 79 · 15m
17:14 KSA · REGULAR · signal     · RTX · orb ▲ 100 · 15m
17:14 KSA · REGULAR · signal     · SNDK · vwapRec ▲ 57 · 15m
17:14 KSA · REGULAR · signal     · CRM · meanRev ▲ 100 · 15m
17:14 KSA · REGULAR · signal     · NOW · vwapRec ▼ 79 · 15m
17:14 KSA · REGULAR · signal     · GLW · vwapRec ▼ 57 · 15m
17:14 KSA · REGULAR · signal     · HOOD · orb ▼ 82 · 15m
17:14 KSA · REGULAR · signal     · HON · orb ▲ 100 · 15m
17:14 KSA · REGULAR · signal     · COIN · meanRev ▲ 100 · 15m
17:14 KSA · REGULAR · signal     · ON · brk ▼ 69 · 15m
17:14 KSA · REGULAR · signal     · IOTA-USD · meanRev ▲ 100 · 15m
17:14 KSA · REGULAR · signal     · SNDKB-USD · orb ▲ 100 · 15m
17:14 KSA · REGULAR · signal     · SNDKB-USD · vwapRec ▲ 78 · 15m
17:14 KSA · REGULAR · signal     · HEMI-USD · meanRev ▲ 100 · 15m
17:14 KSA · REGULAR · signal     · SNXXB-USD · orb ▲ 100 · 15m
17:14 KSA · REGULAR · signal     · SNXXB-USD · vwapRec ▲ 85 · 15m
17:14 KSA · REGULAR · signal     · BONK-USD · meanRev ▲ 100 · 1d
17:14 KSA · REGULAR · signal     · AEVO-USD · meanRev ▲ 100 · 1d
17:14 KSA · REGULAR · signal     · COINB-USD · brk ▼ 69 · 1d
17:14 KSA · REGULAR · signal     · C-USD · meanRev ▲ 100 · 1d
17:16 KSA · REGULAR · scanner    · بدء المسح · 1153 رمزاً · الجلسة REGULAR
17:16 KSA · REGULAR · signal     · TSLA · brk ▲ 100 · 15m
17:16 KSA · REGULAR · signal     · STX · orb ▲ 82 · 15m
17:16 KSA · REGULAR · signal     · MDT · orb ▲ 64 · 15m
17:16 KSA · REGULAR · signal     · CDNS · meanRev ▼ 100 · 15m
17:16 KSA · REGULAR · signal     · WLD-USD · vwapRec ▲ 100 · 15m
17:16 KSA · REGULAR · signal     · MTB · brk ▼ 69 · 1d
17:16 KSA · REGULAR · signal     · MTB · meanRev ▲ 100 · 1d
17:18 KSA · REGULAR · scanner    · بدء المسح · 1153 رمزاً · الجلسة REGULAR
17:18 KSA · REGULAR · signal     · COP · orb ▼ 82 · 15m
17:18 KSA · REGULAR · signal     · CDNS · orb ▲ 100 · 15m
17:18 KSA · REGULAR · signal     · SOXLB-USD · meanRev ▼ 100 · 15m
17:18 KSA · REGULAR · signal     · WLFI-USD · orb ▼ 100 · 15m
17:18 KSA · REGULAR · signal     · SLP-USD · brk ▼ 69 · 1d
17:18 KSA · REGULAR · signal     · AIGENSYN-USD · brk ▼ 69 · 1d
17:20 KSA · REGULAR · scanner    · بدء المسح · 1153 رمزاً · الجلسة REGULAR
17:20 KSA · REGULAR · signal     · JPM · pbTrend ▲ 57 · 1h
17:20 KSA · REGULAR · signal     · XOM · orb ▼ 64 · 15m
17:20 KSA · REGULAR · signal     · CAT · orb ▼ 64 · 15m
17:20 KSA · REGULAR · signal     · KLAC · meanRev ▼ 100 · 15m
17:20 KSA · REGULAR · signal     · DE · orb ▼ 100 · 15m
17:20 KSA · REGULAR · signal     · PGR · vwapRec ▼ 57 · 15m
17:20 KSA · REGULAR · signal     · FCX · orb ▼ 82 · 15m
17:20 KSA · REGULAR · signal     · BNB-USD · vwapRec ▼ 100 · 15m
17:20 KSA · REGULAR · signal     · PWR · vwapRec ▼ 57 · 15m
17:20 KSA · REGULAR · signal     · MDLZ · vwapRec ▼ 79 · 15m
17:20 KSA · REGULAR · signal     · VST · orb ▼ 82 · 15m
17:20 KSA · REGULAR · signal     · MUB-USD · vwapRec ▲ 100 · 15m
17:20 KSA · REGULAR · signal     · SUI-USD · vwapRec ▼ 79 · 15m
17:20 KSA · REGULAR · signal     · QNT-USD · brk ▼ 69 · 1d
17:20 KSA · REGULAR · signal     · CELR-USD · meanRev ▲ 100 · 1d
17:20 KSA · REGULAR · signal     · BANANA-USD · brk ▼ 69 · 1d
17:24 KSA · REGULAR · scanner    · بدء المسح · 1153 رمزاً · الجلسة REGULAR
17:24 KSA · REGULAR · signal     · AMZN · rsiDiv ▲ 67 · 15m
17:24 KSA · REGULAR · signal     · META · momo ▲ 83 · 1h
17:24 KSA · REGULAR · signal     · V · rsiDiv ▼ 58 · 15m
17:24 KSA · REGULAR · signal     · XOM · momo ▼ 61 · 1h
17:24 KSA · REGULAR · signal     · INTC · momo ▲ 92 · 1h
17:24 KSA · REGULAR · signal     · INTC · tfAlign ▲ 89 · 1d
17:24 KSA · REGULAR · signal     · MA · momo ▼ 67 · 1h
17:24 KSA · REGULAR · signal     · ORCL · rsiDiv ▲ 78 · 15m
17:24 KSA · REGULAR · signal     · CVX · pbTrend ▲ 86 · 1h
17:24 KSA · REGULAR · signal     · PLTR · momo ▼ 67 · 1h
17:24 KSA · REGULAR · signal     · BAC · momo ▼ 72 · 1h
17:24 KSA · REGULAR · signal     · DELL · momo ▲ 92 · 1h
17:24 KSA · REGULAR · signal     · PG · momo ▲ 75 · 1h
17:24 KSA · REGULAR · signal     · NFLX · tfAlign ▼ 87 · 1d
17:24 KSA · REGULAR · signal     · WFC · momo ▼ 61 · 1h
17:24 KSA · REGULAR · signal     · CRWD · rsiDiv ▲ 56 · 15m
17:24 KSA · REGULAR · signal     · C · momo ▼ 56 · 1h
17:24 KSA · REGULAR · signal     · MRVL · momo ▲ 92 · 1h
17:24 KSA · REGULAR · signal     · DIS · tfAlign ▲ 74 · 1d
17:24 KSA · REGULAR · signal     · SCHW · momo ▼ 75 · 1h
17:24 KSA · REGULAR · signal     · DE · momo ▼ 64 · 1h
17:24 KSA · REGULAR · signal     · ABT · rsiDiv ▲ 69 · 15m
17:24 KSA · REGULAR · signal     · ABT · momo ▲ 56 · 1h
17:24 KSA · REGULAR · signal     · UNP · rsiDiv ▼ 81 · 15m
17:24 KSA · REGULAR · signal     · COP · pbTrend ▲ 67 · 1h
17:24 KSA · REGULAR · signal     · COP · momo ▼ 69 · 1h
17:24 KSA · REGULAR · signal     · UBER · momo ▼ 78 · 1h
17:24 KSA · REGULAR · signal     · ISRG · momo ▲ 75 · 1h
17:24 KSA · REGULAR · signal     · CB · momo ▲ 92 · 1h
17:24 KSA · REGULAR · signal     · MPC · vwapRec ▲ 93 · 15m
17:24 KSA · REGULAR · signal     · SYK · volSpike ▲ 72 · 15m
17:24 KSA · REGULAR · signal     · SYK · momo ▲ 83 · 1h
17:24 KSA · REGULAR · signal     · APP · rsiDiv ▼ 58 · 15m
17:24 KSA · REGULAR · signal     · DDOG · momo ▲ 86 · 1h
17:24 KSA · REGULAR · signal     · LITE · volSpike ▲ 83 · 15m
17:24 KSA · REGULAR · signal     · LITE · tfAlign ▲ 55 · 1d
17:24 KSA · REGULAR · signal     · MDLZ · rsiDiv ▲ 58 · 15m
17:24 KSA · REGULAR · signal     · HPE · tfAlign ▲ 89 · 1d
17:24 KSA · REGULAR · signal     · NSC · rsiDiv ▼ 72 · 15m
17:24 KSA · REGULAR · signal     · MPWR · momo ▲ 56 · 1h
17:24 KSA · REGULAR · signal     · NXPI · rsiDiv ▼ 81 · 15m
17:24 KSA · REGULAR · signal     · COHR · pbTrend ▼ 57 · 1h
17:24 KSA · REGULAR · signal     · COHR · momo ▲ 92 · 1h
17:24 KSA · REGULAR · signal     · DVN · momo ▼ 83 · 1h
17:24 KSA · REGULAR · signal     · TER · momo ▲ 72 · 1h
17:24 KSA · REGULAR · signal     · ADSK · momo ▼ 83 · 1h
17:24 KSA · REGULAR · signal     · ADSK · tfAlign ▼ 89 · 1d
17:24 KSA · REGULAR · signal     · COIN · tfAlign ▼ 92 · 1d
17:24 KSA · REGULAR · signal     · ON · momo ▼ 64 · 1h
17:24 KSA · REGULAR · signal     · LTC-USD · tfAlign ▼ 89 · 1d
17:24 KSA · REGULAR · signal     · HBAR-USD · momo ▼ 83 · 1h
17:24 KSA · REGULAR · signal     · XPL-USD · brk ▼ 95 · 15m
17:24 KSA · REGULAR · signal     · LSK-USD · brk ▼ 57 · 15m
17:24 KSA · REGULAR · signal     · CRCLB-USD · sqzExp ▼ 65 · 1h
17:24 KSA · REGULAR · signal     · SPCXB-USD · momo ▲ 89 · 1h
17:24 KSA · REGULAR · signal     · SPCXB-USD · tfAlign ▲ 84 · 1d
17:24 KSA · REGULAR · signal     · QQQB-USD · momo ▲ 78 · 1h
17:24 KSA · REGULAR · signal     · SNDKB-USD · volSpike ▲ 89 · 15m
17:24 KSA · REGULAR · signal     · HEMI-USD · volSpike ▼ 89 · 15m
17:24 KSA · REGULAR · signal     · UNI-USD · sqzExp ▼ 75 · 1h
17:24 KSA · REGULAR · signal     · UNI-USD · momo ▼ 58 · 1h
17:24 KSA · REGULAR · signal     · SUI-USD · orb ▼ 85 · 15m
17:24 KSA · REGULAR · signal     · U-USD · orb ▼ 65 · 15m
17:24 KSA · REGULAR · signal     · U-USD · brk ▼ 68 · 15m
17:24 KSA · REGULAR · signal     · PEPE-USD · orb ▲ 60 · 15m
17:24 KSA · REGULAR · signal     · PEPE-USD · brk ▲ 61 · 15m
17:24 KSA · REGULAR · signal     · TAO-USD · brk ▼ 86 · 15m
17:24 KSA · REGULAR · signal     · TAO-USD · volSpike ▼ 67 · 15m
17:24 KSA · REGULAR · signal     · THE-USD · brk ▼ 86 · 15m
17:24 KSA · REGULAR · signal     · THE-USD · momo ▼ 81 · 1h
17:24 KSA · REGULAR · signal     · TRUMP-USD · brk ▼ 70 · 15m
17:24 KSA · REGULAR · signal     · EUR-USD · sqzExp ▼ 65 · 1h
17:24 KSA · REGULAR · signal     · ARB-USD · orb ▼ 65 · 15m
17:24 KSA · REGULAR · signal     · ARB-USD · brk ▼ 73 · 15m
17:24 KSA · REGULAR · signal     · ARB-USD · sqzExp ▼ 65 · 1h
17:24 KSA · REGULAR · signal     · TON-USD · brk ▼ 61 · 15m
17:24 KSA · REGULAR · signal     · SENT-USD · orb ▼ 70 · 15m
17:24 KSA · REGULAR · signal     · SENT-USD · brk ▼ 64 · 15m
17:24 KSA · REGULAR · signal     · SENT-USD · sqzExp ▼ 60 · 1h
17:24 KSA · REGULAR · signal     · PENGU-USD · brk ▼ 61 · 15m
17:24 KSA · REGULAR · signal     · WLFI-USD · brk ▼ 55 · 15m
17:24 KSA · REGULAR · signal     · EQT · sqzExp ▼ 84 · 1d
17:24 KSA · REGULAR · signal     · EXE · sqzExp ▼ 81 · 1d
17:25 KSA · REGULAR · scanner    · بدء المسح · 1153 رمزاً · الجلسة REGULAR
17:25 KSA · REGULAR · signal     · TSLA · pbTrend ▼ 57 · 1h
17:25 KSA · REGULAR · signal     · UNH · meanRev ▼ 100 · 15m
17:25 KSA · REGULAR · signal     · VZ · pbTrend ▲ 100 · 1h
17:25 KSA · REGULAR · signal     · T · orb ▼ 82 · 15m
17:25 KSA · REGULAR · signal     · WDC · meanRev ▼ 100 · 15m
17:25 KSA · REGULAR · signal     · CB · vwapRec ▼ 100 · 15m
17:25 KSA · REGULAR · signal     · ACN · pbTrend ▲ 100 · 1h
17:25 KSA · REGULAR · signal     · HOOD · brk ▼ 69 · 15m
17:25 KSA · REGULAR · signal     · HON · meanRev ▼ 100 · 15m
17:25 KSA · REGULAR · signal     · SPCXB-USD · brk ▲ 100 · 15m
17:25 KSA · REGULAR · signal     · SPCXB-USD · sqzExp ▲ 100 · 1h
17:25 KSA · REGULAR · signal     · PNC · meanRev ▲ 100 · 1d
17:25 KSA · REGULAR · signal     · RF · meanRev ▲ 100 · 1d
17:26 KSA · REGULAR · scanner    · بدء المسح · 1153 رمزاً · الجلسة REGULAR
17:26 KSA · REGULAR · signal     · COST · vwapRec ▼ 100 · 15m
17:26 KSA · REGULAR · signal     · MRNA · vwapRec ▲ 79 · 15m
17:26 KSA · REGULAR · signal     · RF · brk ▼ 69 · 1d
17:28 KSA · REGULAR · scanner    · بدء المسح · 1153 رمزاً · الجلسة REGULAR
17:28 KSA · REGULAR · signal     · STX · pbTrend ▲ 57 · 1h
17:28 KSA · REGULAR · signal     · ISRG · vwapRec ▲ 100 · 15m
17:28 KSA · REGULAR · signal     · BKNG · orb ▲ 82 · 15m
17:28 KSA · REGULAR · signal     · SMCI · vwapRec ▼ 100 · 15m
17:28 KSA · REGULAR · signal     · ONDO-USD · pbTrend ▼ 100 · 1h
17:30 KSA · REGULAR · scanner    · بدء المسح · 1153 رمزاً · الجلسة REGULAR
17:30 KSA · REGULAR · signal     · AVGO · vwapRec ▲ 79 · 15m
17:30 KSA · REGULAR · signal     · STX · meanRev ▼ 100 · 15m
17:30 KSA · REGULAR · signal     · LITE · meanRev ▼ 100 · 15m
17:33 KSA · REGULAR · scanner    · بدء المسح · 1153 رمزاً · الجلسة REGULAR
17:33 KSA · REGULAR · signal     · CSCO · orb ▼ 75 · 15m
17:33 KSA · REGULAR · signal     · GS · volSpike ▲ 83 · 15m
17:33 KSA · REGULAR · signal     · MRVL · volSpike ▲ 61 · 15m
17:33 KSA · REGULAR · signal     · HON · volSpike ▲ 72 · 15m
17:33 KSA · REGULAR · signal     · KMB · orb ▼ 75 · 15m
17:33 KSA · REGULAR · signal     · ONDO-USD · volSpike ▲ 67 · 15m
17:33 KSA · REGULAR · signal     · DASH-USD · rsiDiv ▼ 89 · 15m
17:33 KSA · REGULAR · signal     · PENDLE-USD · volSpike ▲ 89 · 15m
17:33 KSA · REGULAR · signal     · RAY-USD · rsiDiv ▼ 78 · 15m
17:33 KSA · REGULAR · signal     · MSTRB-USD · meanRev ▲ 65 · 15m
17:33 KSA · REGULAR · signal     · MSTRB-USD · volSpike ▲ 78 · 15m
17:33 KSA · REGULAR · signal     · SUI-USD · orb ▼ 85 · 15m
17:33 KSA · REGULAR · signal     · U-USD · orb ▼ 57 · 15m
17:33 KSA · REGULAR · signal     · PEPE-USD · brk ▲ 59 · 15m
17:33 KSA · REGULAR · signal     · TAO-USD · brk ▼ 73 · 15m
17:33 KSA · REGULAR · signal     · THE-USD · brk ▼ 73 · 15m
17:33 KSA · REGULAR · signal     · TRUMP-USD · brk ▼ 73 · 15m
17:33 KSA · REGULAR · signal     · EUR-USD · sqzExp ▼ 65 · 1h
17:33 KSA · REGULAR · signal     · PUMP-USD · rsiDiv ▼ 69 · 15m
17:33 KSA · REGULAR · signal     · ARB-USD · orb ▼ 57 · 15m
17:33 KSA · REGULAR · signal     · ARB-USD · brk ▼ 64 · 15m
17:33 KSA · REGULAR · signal     · ARB-USD · sqzExp ▼ 65 · 1h
17:33 KSA · REGULAR · signal     · BANK-USD · brk ▼ 59 · 15m
17:33 KSA · REGULAR · signal     · TON-USD · brk ▼ 61 · 15m
17:33 KSA · REGULAR · signal     · SENT-USD · orb ▼ 55 · 15m
17:33 KSA · REGULAR · signal     · SENT-USD · sqzExp ▼ 60 · 1h
17:33 KSA · REGULAR · signal     · PENGU-USD · brk ▼ 55 · 15m
17:33 KSA · REGULAR · signal     · ASTER-USD · rsiDiv ▼ 64 · 15m
17:34 KSA · REGULAR · scanner    · بدء المسح · 1153 رمزاً · الجلسة REGULAR
17:34 KSA · REGULAR · signal     · ORCL · vwapRec ▼ 100 · 15m
17:34 KSA · REGULAR · signal     · IBM · vwapRec ▼ 79 · 15m
17:34 KSA · REGULAR · signal     · AMGN · vwapRec ▼ 100 · 15m
17:34 KSA · REGULAR · signal     · VLO · orb ▲ 64 · 15m
17:34 KSA · REGULAR · signal     · HONA · orb ▲ 100 · 15m
17:34 KSA · REGULAR · signal     · PEPE-USD · orb ▼ 68 · 15m
17:34 KSA · REGULAR · signal     · ZBT-USD · meanRev ▲ 100 · 1d
17:38 KSA · REGULAR · scanner    · بدء المسح · 1153 رمزاً · الجلسة REGULAR
17:38 KSA · REGULAR · signal     · GOOGL · vwapRec ▼ 79 · 15m
17:38 KSA · REGULAR · signal     · XOM · meanRev ▲ 100 · 15m
17:38 KSA · REGULAR · signal     · CVX · orb ▼ 82 · 15m
17:38 KSA · REGULAR · signal     · DE · meanRev ▲ 100 · 15m
17:38 KSA · REGULAR · signal     · HPE · vwapRec ▼ 100 · 15m
17:38 KSA · REGULAR · signal     · HON · sqzExp ▲ 100 · 1h
17:38 KSA · REGULAR · signal     · ADSK · orb ▼ 82 · 15m
17:38 KSA · REGULAR · signal     · MCHP · orb ▼ 82 · 15m
17:40 KSA · REGULAR · scanner    · بدء المسح · 1153 رمزاً · الجلسة REGULAR
17:40 KSA · REGULAR · signal     · VLO · meanRev ▼ 100 · 15m
17:40 KSA · REGULAR · signal     · VLO · sqzExp ▲ 100 · 1h
17:40 KSA · REGULAR · signal     · PSX · vwapRec ▲ 79 · 15m
17:40 KSA · REGULAR · signal     · CRCLB-USD · meanRev ▲ 100 · 15m
17:40 KSA · REGULAR · signal     · SENT-USD · vwapRec ▼ 100 · 15m
17:40 KSA · REGULAR · signal     · WST · meanRev ▼ 100 · 1d
17:40 KSA · REGULAR · signal     · USUAL-USD · meanRev ▲ 100 · 1d
17:43 KSA · REGULAR · scanner    · بدء المسح · 1153 رمزاً · الجلسة REGULAR
17:43 KSA · REGULAR · signal     · NVDA · meanRev ▼ 75 · 15m
17:43 KSA · REGULAR · signal     · CAT · vwapRec ▼ 83 · 15m
17:43 KSA · REGULAR · signal     · AMAT · vwapRec ▼ 57 · 15m
17:43 KSA · REGULAR · signal     · KVUE · vwapRec ▼ 70 · 15m
17:43 KSA · REGULAR · signal     · SUI-USD · orb ▼ 85 · 15m
17:43 KSA · REGULAR · signal     · U-USD · orb ▼ 57 · 15m
17:43 KSA · REGULAR · signal     · PEPE-USD · brk ▲ 59 · 15m
17:43 KSA · REGULAR · signal     · TAO-USD · brk ▼ 73 · 15m
17:43 KSA · REGULAR · signal     · THE-USD · brk ▼ 73 · 15m
17:43 KSA · REGULAR · signal     · TRUMP-USD · brk ▼ 73 · 15m
17:43 KSA · REGULAR · signal     · EUR-USD · sqzExp ▼ 65 · 1h
17:43 KSA · REGULAR · signal     · ARB-USD · orb ▼ 57 · 15m
17:43 KSA · REGULAR · signal     · ARB-USD · brk ▼ 64 · 15m
17:43 KSA · REGULAR · signal     · ARB-USD · sqzExp ▼ 65 · 1h
17:43 KSA · REGULAR · signal     · BANK-USD · brk ▼ 59 · 15m
17:43 KSA · REGULAR · signal     · TON-USD · brk ▼ 61 · 15m
17:43 KSA · REGULAR · signal     · SENT-USD · orb ▼ 55 · 15m
17:43 KSA · REGULAR · signal     · SENT-USD · sqzExp ▼ 60 · 1h
17:43 KSA · REGULAR · signal     · PENGU-USD · brk ▼ 55 · 15m
17:43 KSA · REGULAR · signal     · WLFI-USD · orb ▼ 75 · 15m
17:44 KSA · REGULAR · scanner    · بدء المسح · 1153 رمزاً · الجلسة REGULAR
17:44 KSA · REGULAR · signal     · MRVL · vwapRec ▼ 100 · 15m
17:44 KSA · REGULAR · signal     · COP · meanRev ▲ 100 · 15m
17:44 KSA · REGULAR · signal     · BKNG · brk ▲ 100 · 15m
17:44 KSA · REGULAR · signal     · PWR · pbTrend ▼ 79 · 1h
17:44 KSA · REGULAR · signal     · PEPE-USD · orb ▼ 68 · 15m
17:44 KSA · REGULAR · signal     · C98-USD · brk ▼ 69 · 1d
17:44 KSA · REGULAR · signal     · C98-USD · meanRev ▲ 100 · 1d
17:46 KSA · REGULAR · scanner    · بدء المسح · 1153 رمزاً · الجلسة REGULAR
17:46 KSA · REGULAR · signal     · GILD · orb ▲ 64 · 15m
17:46 KSA · REGULAR · signal     · CB · orb ▲ 64 · 15m
17:46 KSA · REGULAR · signal     · HONA · brk ▲ 100 · 15m
17:46 KSA · REGULAR · signal     · PSKY · meanRev ▼ 100 · 1d
17:48 KSA · REGULAR · scanner    · بدء المسح · 1153 رمزاً · الجلسة REGULAR
17:48 KSA · REGULAR · signal     · GEV · orb ▲ 100 · 15m
17:48 KSA · REGULAR · signal     · VRTX · vwapRec ▲ 80 · 15m
17:48 KSA · REGULAR · signal     · FIX · vwapRec ▲ 79 · 15m
17:48 KSA · REGULAR · signal     · FIX · pbTrend ▼ 57 · 1h
17:48 KSA · REGULAR · signal     · SWKS · vwapRec ▼ 79 · 15m
17:48 KSA · REGULAR · signal     · ARK-USD · orb ▼ 82 · 15m
17:48 KSA · REGULAR · signal     · BANK-USD · meanRev ▲ 100 · 15m
17:48 KSA · REGULAR · signal     · WLFI-USD · orb ▼ 100 · 15m
17:48 KSA · REGULAR · signal     · AIXBT-USD · meanRev ▲ 100 · 1d
17:48 KSA · REGULAR · signal     · XAI-USD · brk ▼ 69 · 1d
17:50 KSA · REGULAR · scanner    · بدء المسح · 1153 رمزاً · الجلسة REGULAR
17:50 KSA · REGULAR · signal     · BRK-B · orb ▲ 82 · 15m
17:50 KSA · REGULAR · signal     · TMUS · meanRev ▲ 100 · 15m
17:50 KSA · REGULAR · signal     · PFE · orb ▼ 82 · 15m
17:50 KSA · REGULAR · signal     · BANK-USD · brk ▼ 100 · 15m
17:50 KSA · REGULAR · signal     · BANANA-USD · meanRev ▲ 100 · 1d
17:53 KSA · REGULAR · scanner    · بدء المسح · 1153 رمزاً · الجلسة REGULAR
17:53 KSA · REGULAR · signal     · BTC-USD · orb ▼ 78 · 15m
17:53 KSA · REGULAR · signal     · RTX · momo ▲ 58 · 1h
17:53 KSA · REGULAR · signal     · MRVL · volSpike ▼ 78 · 15m
17:53 KSA · REGULAR · signal     · HONA · momo ▲ 72 · 1h
17:53 KSA · REGULAR · signal     · UNI-USD · volSpike ▼ 61 · 15m
17:53 KSA · REGULAR · signal     · SUI-USD · orb ▼ 85 · 15m
17:53 KSA · REGULAR · signal     · PEPE-USD · brk ▲ 61 · 15m
17:53 KSA · REGULAR · signal     · TAO-USD · brk ▼ 64 · 15m
17:53 KSA · REGULAR · signal     · THE-USD · brk ▼ 64 · 15m
17:53 KSA · REGULAR · signal     · TRUMP-USD · brk ▼ 64 · 15m
17:53 KSA · REGULAR · signal     · EUR-USD · brk ▼ 59 · 15m
17:53 KSA · REGULAR · signal     · EUR-USD · sqzExp ▼ 65 · 1h
17:53 KSA · REGULAR · signal     · ARB-USD · orb ▼ 57 · 15m
17:53 KSA · REGULAR · signal     · ARB-USD · sqzExp ▼ 65 · 1h
17:53 KSA · REGULAR · signal     · TON-USD · brk ▼ 61 · 15m
17:53 KSA · REGULAR · signal     · SENT-USD · orb ▼ 55 · 15m
17:53 KSA · REGULAR · signal     · SENT-USD · sqzExp ▼ 60 · 1h
17:53 KSA · REGULAR · signal     · PENGU-USD · brk ▼ 64 · 15m
17:53 KSA · REGULAR · signal     · WLFI-USD · momo ▼ 61 · 1h
17:53 KSA · REGULAR · signal     · BFUSD-USD · brk ▼ 79 · 1d
17:53 KSA · REGULAR · signal     · LDO-USD · sqzExp ▼ 88 · 1d
17:53 KSA · REGULAR · signal     · EIGEN-USD · volSpike ▼ 89 · 1d
17:53 KSA · REGULAR · signal     · KAVA-USD · rsiDiv ▼ 72 · 1d
17:53 KSA · REGULAR · signal     · LA-USD · brk ▼ 84 · 1d
17:53 KSA · REGULAR · signal     · FF-USD · brk ▲ 68 · 1d
17:53 KSA · REGULAR · signal     · ALT-USD · brk ▼ 79 · 1d
17:53 KSA · REGULAR · signal     · POL-USD · brk ▼ 63 · 1d
17:53 KSA · REGULAR · signal     · ZRO-USD · brk ▼ 58 · 1d
17:53 KSA · REGULAR · signal     · SAGA-USD · sqzExp ▼ 94 · 1d
17:53 KSA · REGULAR · signal     · AERO-USD · brk ▼ 63 · 1d
17:53 KSA · REGULAR · signal     · CHIP-USD · brk ▼ 63 · 1d
17:53 KSA · REGULAR · signal     · METAB-USD · sqzExp ▼ 56 · 1d
17:53 KSA · REGULAR · signal     · SOPH-USD · brk ▼ 71 · 1d
17:53 KSA · REGULAR · signal     · SOPH-USD · sqzExp ▼ 59 · 1d
17:53 KSA · REGULAR · signal     · BABY-USD · brk ▼ 74 · 1d
17:53 KSA · REGULAR · signal     · RED-USD · brk ▼ 84 · 1d
17:53 KSA · REGULAR · signal     · RED-USD · volSpike ▼ 89 · 1d
17:53 KSA · REGULAR · signal     · STX-USD · brk ▼ 74 · 1d
17:53 KSA · REGULAR · signal     · STX-USD · sqzExp ▼ 75 · 1d
17:53 KSA · REGULAR · signal     · HFT-USD · brk ▼ 84 · 1d
17:53 KSA · REGULAR · signal     · HFT-USD · sqzExp ▼ 69 · 1d
17:53 KSA · REGULAR · signal     · MET-USD · brk ▲ 68 · 1d
17:53 KSA · REGULAR · signal     · BB-USD · brk ▲ 55 · 1d
17:53 KSA · REGULAR · signal     · BB-USD · sqzExp ▲ 56 · 1d
17:53 KSA · REGULAR · signal     · MEGA-USD · brk ▲ 58 · 1d
17:53 KSA · REGULAR · signal     · MEGA-USD · sqzExp ▲ 88 · 1d
17:54 KSA · REGULAR · scanner    · بدء المسح · 1153 رمزاً · الجلسة REGULAR
17:54 KSA · REGULAR · signal     · AMD · vwapRec ▲ 100 · 15m
17:54 KSA · REGULAR · signal     · JNJ · vwapRec ▲ 79 · 15m
17:54 KSA · REGULAR · signal     · UNP · vwapRec ▲ 100 · 15m
17:54 KSA · REGULAR · signal     · MPC · orb ▲ 64 · 15m
17:54 KSA · REGULAR · signal     · SNXXB-USD · orb ▲ 64 · 15m
17:54 KSA · REGULAR · signal     · PEPE-USD · orb ▼ 68 · 15m
17:54 KSA · REGULAR · signal     · ARKM-USD · brk ▼ 69 · 1d
17:54 KSA · REGULAR · signal     · NFP-USD · brk ▼ 100 · 1d
17:54 KSA · REGULAR · signal     · METAB-USD · brk ▲ 92 · 1d
17:54 KSA · REGULAR · signal     · SKY-USD · brk ▼ 69 · 1d
17:56 KSA · REGULAR · scanner    · بدء المسح · 1153 رمزاً · الجلسة REGULAR
17:56 KSA · REGULAR · signal     · V · pbTrend ▲ 57 · 1h
17:56 KSA · REGULAR · signal     · SENT-USD · vwapRec ▲ 100 · 15m
17:56 KSA · REGULAR · signal     · FSLR · brk ▼ 69 · 1d
17:56 KSA · REGULAR · signal     · GUN-USD · brk ▼ 69 · 1d
17:58 KSA · REGULAR · scanner    · بدء المسح · 1153 رمزاً · الجلسة REGULAR
17:58 KSA · REGULAR · signal     · SUI-USD · orb ▼ 64 · 15m
17:58 KSA · REGULAR · signal     · FLOKI-USD · meanRev ▲ 100 · 1d
17:58 KSA · REGULAR · signal     · S-USD · meanRev ▲ 100 · 1d
18:00 KSA · REGULAR · scanner    · بدء المسح · 1153 رمزاً · الجلسة REGULAR
18:00 KSA · REGULAR · signal     · TER · pbTrend ▼ 100 · 1h
18:00 KSA · REGULAR · signal     · VST · vwapRec ▲ 100 · 15m
18:00 KSA · REGULAR · signal     · HOLO-USD · sqzExp ▼ 100 · 1h
18:03 KSA · REGULAR · scanner    · بدء المسح · 1153 رمزاً · الجلسة REGULAR
18:03 KSA · REGULAR · signal     · QCOM · vwapRec ▼ 60 · 15m
18:03 KSA · REGULAR · signal     · NEE · vwapRec ▲ 60 · 15m
18:03 KSA · REGULAR · signal     · SYK · vwapRec ▲ 55 · 15m
18:03 KSA · REGULAR · signal     · PENDLE-USD · volSpike ▼ 78 · 15m
18:03 KSA · REGULAR · signal     · UNI-USD · brk ▼ 68 · 15m
18:03 KSA · REGULAR · signal     · PEPE-USD · brk ▲ 61 · 15m
18:03 KSA · REGULAR · signal     · TAO-USD · brk ▼ 80 · 15m
18:03 KSA · REGULAR · signal     · THE-USD · brk ▼ 64 · 15m
18:03 KSA · REGULAR · signal     · EUR-USD · brk ▼ 59 · 15m
18:03 KSA · REGULAR · signal     · EUR-USD · sqzExp ▼ 65 · 1h
18:03 KSA · REGULAR · signal     · ARB-USD · sqzExp ▼ 65 · 1h
18:03 KSA · REGULAR · signal     · BANK-USD · meanRev ▲ 57 · 15m
18:03 KSA · REGULAR · signal     · TON-USD · brk ▼ 61 · 15m
18:03 KSA · REGULAR · signal     · SENT-USD · orb ▼ 55 · 15m
18:03 KSA · REGULAR · signal     · SENT-USD · sqzExp ▼ 60 · 1h
18:03 KSA · REGULAR · signal     · PENGU-USD · brk ▼ 55 · 15m
18:03 KSA · REGULAR · signal     · ASTER-USD · volSpike ▼ 72 · 15m
18:03 KSA · REGULAR · signal     · HIVE-USD · volSpike ▼ 89 · 1d
18:03 KSA · REGULAR · signal     · IOTX-USD · brk ▲ 84 · 1d
18:03 KSA · REGULAR · signal     · GAL-USD · sqzExp ▼ 75 · 1d
18:03 KSA · REGULAR · signal     · NEIRO-USD · sqzExp ▲ 78 · 1d
18:03 KSA · REGULAR · signal     · SYN-USD · sqzExp ▼ 66 · 1d
18:03 KSA · REGULAR · signal     · SYN-USD · volSpike ▲ 56 · 1d
18:03 KSA · REGULAR · signal     · RONIN-USD · volSpike ▼ 88 · 1d
18:03 KSA · REGULAR · signal     · GIGGLE-USD · brk ▼ 55 · 1d
18:03 KSA · REGULAR · signal     · GIGGLE-USD · sqzExp ▼ 81 · 1d
18:03 KSA · REGULAR · signal     · ACE-USD · brk ▼ 84 · 1d
18:03 KSA · REGULAR · signal     · ACE-USD · volSpike ▼ 78 · 1d
18:03 KSA · REGULAR · signal     · POLY-USD · brk ▼ 66 · 1d
18:03 KSA · REGULAR · signal     · KAT-USD · volSpike ▼ 89 · 1d
18:03 KSA · REGULAR · signal     · VANA-USD · brk ▲ 68 · 1d
18:03 KSA · REGULAR · signal     · SKY-USD · sqzExp ▼ 100 · 1d
18:03 KSA · REGULAR · signal     · OMNI-USD · brk ▼ 76 · 1d
18:04 KSA · REGULAR · scanner    · بدء المسح · 1153 رمزاً · الجلسة REGULAR
18:04 KSA · REGULAR · signal     · ADI · vwapRec ▼ 100 · 15m
18:04 KSA · REGULAR · signal     · BA · orb ▲ 64 · 15m
18:04 KSA · REGULAR · signal     · PH · orb ▲ 64 · 15m
18:04 KSA · REGULAR · signal     · PEPE-USD · orb ▼ 75 · 15m
18:04 KSA · REGULAR · signal     · ARB-USD · orb ▲ 57 · 15m
18:04 KSA · REGULAR · signal     · SENT-USD · vwapRec ▲ 57 · 15m
18:04 KSA · REGULAR · signal     · NEIRO-USD · brk ▼ 61 · 1d
18:04 KSA · REGULAR · signal     · SYN-USD · brk ▲ 63 · 1d
18:08 KSA · REGULAR · scanner    · بدء المسح · 1153 رمزاً · الجلسة REGULAR
18:08 KSA · REGULAR · signal     · DIS · orb ▲ 82 · 15m
18:08 KSA · REGULAR · signal     · KKR · orb ▲ 64 · 15m
18:08 KSA · REGULAR · signal     · SNXXB-USD · vwapRec ▲ 100 · 15m
18:10 KSA · REGULAR · scanner    · بدء المسح · 1153 رمزاً · الجلسة REGULAR
18:10 KSA · REGULAR · signal     · AVGO · orb ▲ 82 · 15m
18:10 KSA · REGULAR · signal     · PG · orb ▲ 82 · 15m
18:10 KSA · REGULAR · signal     · SOL-USD · orb ▲ 82 · 15m
18:13 KSA · REGULAR · scanner    · بدء المسح · 1153 رمزاً · الجلسة REGULAR
18:13 KSA · REGULAR · signal     · DDOG · orb ▲ 78 · 15m
18:13 KSA · REGULAR · signal     · MUB-USD · vwapRec ▼ 78 · 15m
18:13 KSA · REGULAR · signal     · UNI-USD · brk ▼ 68 · 15m
18:13 KSA · REGULAR · signal     · SUI-USD · orb ▼ 85 · 15m
18:13 KSA · REGULAR · signal     · PEPE-USD · brk ▲ 61 · 15m
18:13 KSA · REGULAR · signal     · TAO-USD · brk ▼ 80 · 15m
18:13 KSA · REGULAR · signal     · THE-USD · brk ▼ 64 · 15m
18:13 KSA · REGULAR · signal     · TRUMP-USD · brk ▼ 86 · 15m
18:13 KSA · REGULAR · signal     · EUR-USD · brk ▼ 59 · 15m
18:13 KSA · REGULAR · signal     · EUR-USD · sqzExp ▼ 65 · 1h
18:13 KSA · REGULAR · signal     · ARB-USD · sqzExp ▼ 65 · 1h
18:13 KSA · REGULAR · signal     · BANK-USD · brk ▼ 57 · 15m
18:13 KSA · REGULAR · signal     · BANK-USD · meanRev ▲ 57 · 15m
18:13 KSA · REGULAR · signal     · TON-USD · brk ▼ 61 · 15m
18:13 KSA · REGULAR · signal     · SENT-USD · orb ▼ 55 · 15m
18:13 KSA · REGULAR · signal     · SENT-USD · sqzExp ▼ 60 · 1h
18:13 KSA · REGULAR · signal     · PENGU-USD · brk ▼ 55 · 15m
18:13 KSA · REGULAR · signal     · BETH-USD · sqzExp ▲ 63 · 1d
18:13 KSA · REGULAR · signal     · AVGOB-USD · volSpike ▼ 67 · 1d
18:13 KSA · REGULAR · signal     · BTG-USD · brk ▼ 84 · 1d
18:13 KSA · REGULAR · signal     · BTG-USD · sqzExp ▼ 100 · 1d
18:13 KSA · REGULAR · signal     · DNT-USD · brk ▼ 84 · 1d
18:13 KSA · REGULAR · signal     · DNT-USD · sqzExp ▼ 100 · 1d
18:13 KSA · REGULAR · signal     · BLZ-USD · brk ▼ 79 · 1d
18:13 KSA · REGULAR · signal     · BLZ-USD · meanRev ▲ 60 · 1d
18:13 KSA · REGULAR · signal     · BLZ-USD · sqzExp ▼ 69 · 1d
18:13 KSA · REGULAR · signal     · BEAM-USD · sqzExp ▼ 69 · 1d
18:13 KSA · REGULAR · signal     · YFII-USD · brk ▼ 74 · 1d
18:13 KSA · REGULAR · signal     · YFII-USD · sqzExp ▼ 100 · 1d
18:13 KSA · REGULAR · signal     · ONG-USD · brk ▼ 63 · 1d
18:13 KSA · REGULAR · signal     · PLA-USD · brk ▼ 66 · 1d
18:13 KSA · REGULAR · signal     · BOND-USD · brk ▼ 68 · 1d
18:13 KSA · REGULAR · signal     · BAKE-USD · brk ▼ 100 · 1d
18:13 KSA · REGULAR · signal     · BAKE-USD · sqzExp ▼ 69 · 1d
18:13 KSA · REGULAR · signal     · DOGS-USD · brk ▼ 84 · 1d
18:13 KSA · REGULAR · signal     · DOGS-USD · sqzExp ▼ 56 · 1d
18:13 KSA · REGULAR · signal     · WAL-USD · brk ▼ 63 · 1d
18:13 KSA · REGULAR · signal     · HYPER-USD · brk ▼ 63 · 1d
18:13 KSA · REGULAR · signal     · HYPER-USD · sqzExp ▼ 81 · 1d
18:13 KSA · REGULAR · signal     · EOS-USD · brk ▼ 55 · 1d
18:13 KSA · REGULAR · signal     · TST-USD · brk ▼ 63 · 1d
18:13 KSA · REGULAR · signal     · HIFI-USD · brk ▼ 100 · 1d
18:13 KSA · REGULAR · signal     · HIFI-USD · sqzExp ▼ 69 · 1d
18:13 KSA · REGULAR · signal     · KLAY-USD · brk ▼ 67 · 1d
18:13 KSA · REGULAR · signal     · KLAY-USD · sqzExp ▼ 92 · 1d
18:13 KSA · REGULAR · signal     · TREE-USD · brk ▼ 84 · 1d
18:13 KSA · REGULAR · signal     · TREE-USD · volSpike ▼ 89 · 1d
18:13 KSA · REGULAR · signal     · LIT-USD · brk ▼ 74 · 1d
18:13 KSA · REGULAR · signal     · LIT-USD · sqzExp ▼ 69 · 1d
18:13 KSA · REGULAR · signal     · MITO-USD · brk ▼ 55 · 1d
18:13 KSA · REGULAR · signal     · CYBER-USD · sqzExp ▼ 78 · 1d
18:13 KSA · REGULAR · signal     · BNX-USD · sqzExp ▲ 69 · 1d
18:13 KSA · REGULAR · signal     · MFT-USD · brk ▼ 58 · 1d
18:13 KSA · REGULAR · signal     · ESP-USD · brk ▼ 63 · 1d
18:13 KSA · REGULAR · signal     · DAR-USD · brk ▼ 76 · 1d
18:13 KSA · REGULAR · signal     · DAR-USD · sqzExp ▼ 56 · 1d
18:15 KSA · REGULAR · scanner    · بدء المسح · 1153 رمزاً · الجلسة REGULAR
18:15 KSA · REGULAR · signal     · PANW · brk ▲ 69 · 15m
18:15 KSA · REGULAR · signal     · LMT · brk ▲ 69 · 15m
18:15 KSA · REGULAR · signal     · VLO · vwapRec ▲ 100 · 15m
18:15 KSA · REGULAR · signal     · FCX · orb ▲ 100 · 15m
18:15 KSA · REGULAR · signal     · LITE · orb ▲ 82 · 15m
18:15 KSA · REGULAR · signal     · LITE · brk ▲ 69 · 15m
18:15 KSA · REGULAR · signal     · PEPE-USD · orb ▼ 75 · 15m
18:15 KSA · REGULAR · signal     · ARB-USD · orb ▲ 57 · 15m
18:15 KSA · REGULAR · signal     · PYR-USD · brk ▼ 100 · 1d
18:15 KSA · REGULAR · signal     · ZRO-USD · brk ▼ 69 · 1d
18:15 KSA · REGULAR · signal     · IO-USD · brk ▼ 63 · 1d
18:15 KSA · REGULAR · signal     · IO-USD · meanRev ▲ 70 · 1d
18:16 KSA · REGULAR · scanner    · بدء المسح · 1153 رمزاً · الجلسة REGULAR
18:16 KSA · REGULAR · signal     · CAT · vwapRec ▲ 79 · 15m
18:16 KSA · REGULAR · signal     · PFE · vwapRec ▲ 100 · 15m
18:16 KSA · REGULAR · signal     · LMT · meanRev ▼ 100 · 15m
18:16 KSA · REGULAR · signal     · WLFI-USD · orb ▼ 100 · 15m
18:18 KSA · REGULAR · scanner    · بدء المسح · 1153 رمزاً · الجلسة REGULAR
18:18 KSA · REGULAR · signal     · JPM · vwapRec ▼ 100 · 15m
18:18 KSA · REGULAR · signal     · CSCO · vwapRec ▼ 100 · 15m
18:18 KSA · REGULAR · signal     · RTX · meanRev ▼ 100 · 15m
18:18 KSA · REGULAR · signal     · MDT · orb ▲ 82 · 15m
18:18 KSA · REGULAR · signal     · MPC · orb ▲ 82 · 15m
18:18 KSA · REGULAR · signal     · MDLZ · orb ▲ 64 · 15m
18:18 KSA · REGULAR · signal     · MDLZ · brk ▲ 69 · 15m
18:18 KSA · REGULAR · signal     · MARSCOIN-USD · meanRev ▲ 100 · 15m
18:20 KSA · REGULAR · scanner    · بدء المسح · 1153 رمزاً · الجلسة REGULAR
18:20 KSA · REGULAR · signal     · WMT · orb ▲ 82 · 15m
18:20 KSA · REGULAR · signal     · RTX · brk ▲ 69 · 15m
18:20 KSA · REGULAR · signal     · CRWD · brk ▲ 69 · 15m
18:20 KSA · REGULAR · signal     · PSX · vwapRec ▲ 79 · 15m
18:23 KSA · REGULAR · scanner    · بدء المسح · 1153 رمزاً · الجلسة REGULAR
18:23 KSA · REGULAR · signal     · BTC-USD · vwapRec ▼ 73 · 15m
18:23 KSA · REGULAR · signal     · LLY · momo ▲ 83 · 1h
18:23 KSA · REGULAR · signal     · PG · rsiDiv ▼ 72 · 1d
18:23 KSA · REGULAR · signal     · CRWD · vwapRec ▲ 63 · 15m
18:23 KSA · REGULAR · signal     · ADI · momo ▲ 64 · 1h
18:23 KSA · REGULAR · signal     · PWR · momo ▲ 69 · 1h
18:23 KSA · REGULAR · signal     · MDLZ · momo ▲ 72 · 1h
18:23 KSA · REGULAR · signal     · MDLZ · tfAlign ▲ 68 · 1d
18:23 KSA · REGULAR · signal     · MRNA · momo ▲ 72 · 1h
18:23 KSA · REGULAR · signal     · FIX · momo ▲ 64 · 1h
18:23 KSA · REGULAR · signal     · FIL-USD · tfAlign ▼ 82 · 1d
18:23 KSA · REGULAR · signal     · QQQB-USD · volSpike ▲ 56 · 15m
18:23 KSA · REGULAR · signal     · MUB-USD · momo ▼ 69 · 1h
18:23 KSA · REGULAR · signal     · UNI-USD · brk ▼ 68 · 15m
18:23 KSA · REGULAR · signal     · SUI-USD · orb ▼ 70 · 15m
18:23 KSA · REGULAR · signal     · U-USD · orb ▼ 65 · 15m
18:23 KSA · REGULAR · signal     · U-USD · brk ▼ 55 · 15m
18:23 KSA · REGULAR · signal     · PEPE-USD · brk ▲ 68 · 15m
18:23 KSA · REGULAR · signal     · PEPE-USD · tfAlign ▼ 89 · 1d
18:23 KSA · REGULAR · signal     · TAO-USD · brk ▼ 55 · 15m
18:23 KSA · REGULAR · signal     · THE-USD · brk ▼ 61 · 15m
18:23 KSA · REGULAR · signal     · TRUMP-USD · brk ▼ 55 · 15m
18:23 KSA · REGULAR · signal     · TRUMP-USD · momo ▼ 72 · 1h
18:23 KSA · REGULAR · signal     · ARB-USD · sqzExp ▼ 65 · 1h
18:23 KSA · REGULAR · signal     · BANK-USD · meanRev ▲ 57 · 15m
18:23 KSA · REGULAR · signal     · BANK-USD · momo ▼ 67 · 1h
18:23 KSA · REGULAR · signal     · TON-USD · brk ▼ 61 · 15m
18:23 KSA · REGULAR · signal     · SENT-USD · orb ▼ 63 · 15m
18:23 KSA · REGULAR · signal     · PENGU-USD · brk ▼ 64 · 15m
18:23 KSA · REGULAR · signal     · WLFI-USD · brk ▼ 57 · 15m
18:23 KSA · REGULAR · signal     · ASTER-USD · volSpike ▲ 72 · 15m
18:23 KSA · REGULAR · signal     · CVX-USD · brk ▼ 100 · 1d
18:23 KSA · REGULAR · signal     · DYDX-USD · brk ▼ 63 · 1d
18:23 KSA · REGULAR · signal     · ELF-USD · sqzExp ▼ 84 · 1d
18:23 KSA · REGULAR · signal     · CELO-USD · volSpike ▼ 89 · 1d
18:23 KSA · REGULAR · signal     · GTO-USD · brk ▲ 58 · 1d
18:23 KSA · REGULAR · signal     · ILV-USD · rsiDiv ▼ 69 · 1d
18:23 KSA · REGULAR · signal     · OMG-USD · brk ▼ 61 · 1d
18:23 KSA · REGULAR · signal     · OMG-USD · sqzExp ▼ 59 · 1d
18:23 KSA · REGULAR · signal     · ANT-USD · brk ▼ 68 · 1d
18:23 KSA · REGULAR · signal     · ANT-USD · sqzExp ▼ 72 · 1d
18:23 KSA · REGULAR · signal     · LUNA-USD · brk ▲ 58 · 1d
18:23 KSA · REGULAR · signal     · PDA-USD · brk ▼ 84 · 1d
18:23 KSA · REGULAR · signal     · VGX-USD · brk ▼ 79 · 1d
18:23 KSA · REGULAR · signal     · VGX-USD · meanRev ▲ 60 · 1d
18:23 KSA · REGULAR · signal     · VGX-USD · sqzExp ▼ 69 · 1d
18:23 KSA · REGULAR · signal     · FRONT-USD · brk ▼ 66 · 1d
18:23 KSA · REGULAR · signal     · FRONT-USD · sqzExp ▼ 63 · 1d
18:23 KSA · REGULAR · signal     · BTCST-USD · brk ▼ 58 · 1d
18:23 KSA · REGULAR · signal     · NBS-USD · brk ▼ 74 · 1d
18:23 KSA · REGULAR · signal     · NBS-USD · sqzExp ▼ 69 · 1d
18:23 KSA · REGULAR · signal     · NOM-USD · brk ▼ 55 · 1d
18:23 KSA · REGULAR · signal     · NEBL-USD · brk ▼ 87 · 1d
18:23 KSA · REGULAR · signal     · NEBL-USD · meanRev ▲ 63 · 1d
18:23 KSA · REGULAR · signal     · NEBL-USD · sqzExp ▼ 84 · 1d
18:23 KSA · REGULAR · signal     · SCR-USD · brk ▼ 55 · 1d
18:23 KSA · REGULAR · signal     · SCR-USD · sqzExp ▼ 81 · 1d
18:23 KSA · REGULAR · signal     · ERN-USD · brk ▼ 100 · 1d
18:23 KSA · REGULAR · signal     · ERN-USD · sqzExp ▼ 88 · 1d
18:23 KSA · REGULAR · signal     · MC-USD · brk ▼ 74 · 1d
18:23 KSA · REGULAR · signal     · SPK-USD · brk ▼ 55 · 1d
18:23 KSA · REGULAR · signal     · MIRA-USD · brk ▼ 84 · 1d
18:23 KSA · REGULAR · signal     · MIRA-USD · volSpike ▼ 89 · 1d
18:23 KSA · REGULAR · signal     · HEI-USD · brk ▼ 55 · 1d
18:23 KSA · REGULAR · signal     · HEI-USD · sqzExp ▼ 69 · 1d
18:23 KSA · REGULAR · signal     · OM-USD · brk ▼ 63 · 1d
18:23 KSA · REGULAR · signal     · BEB-USD · brk ▼ 55 · 1d
18:23 KSA · REGULAR · signal     · MIR-USD · brk ▼ 100 · 1d
18:23 KSA · REGULAR · signal     · MIR-USD · sqzExp ▼ 100 · 1d
18:23 KSA · REGULAR · signal     · TCT-USD · brk ▼ 74 · 1d
18:23 KSA · REGULAR · signal     · TCT-USD · sqzExp ▼ 100 · 1d
18:25 KSA · REGULAR · scanner    · بدء المسح · 1153 رمزاً · الجلسة REGULAR
18:25 KSA · REGULAR · signal     · C · vwapRec ▼ 79 · 15m
18:25 KSA · REGULAR · signal     · CB · vwapRec ▼ 100 · 15m
18:25 KSA · REGULAR · signal     · HPE · orb ▲ 82 · 15m
18:25 KSA · REGULAR · signal     · PEPE-USD · orb ▼ 68 · 15m
18:25 KSA · REGULAR · signal     · ARB-USD · orb ▲ 65 · 15m
18:25 KSA · REGULAR · signal     · SENT-USD · vwapRec ▲ 57 · 15m
18:25 KSA · REGULAR · signal     · USB · meanRev ▲ 100 · 1d
18:25 KSA · REGULAR · signal     · SKY-USD · meanRev ▲ 100 · 1d
18:26 KSA · REGULAR · scanner    · بدء المسح · 1153 رمزاً · الجلسة REGULAR
18:26 KSA · REGULAR · signal     · GOOGL · vwapRec ▲ 100 · 15m
18:26 KSA · REGULAR · signal     · BLK · orb ▼ 64 · 15m
18:26 KSA · REGULAR · signal     · PWR · vwapRec ▲ 79 · 15m
18:26 KSA · REGULAR · signal     · REZ-USD · pbTrend ▲ 57 · 1h
18:26 KSA · REGULAR · signal     · WLFI-USD · orb ▼ 100 · 15m
18:28 KSA · REGULAR · scanner    · بدء المسح · 1153 رمزاً · الجلسة REGULAR
18:28 KSA · REGULAR · signal     · APP · vwapRec ▼ 100 · 15m
18:28 KSA · REGULAR · signal     · ASTER-USD · vwapRec ▼ 100 · 15m
18:28 KSA · REGULAR · signal     · BF-B · brk ▼ 69 · 1d
18:30 KSA · REGULAR · scanner    · بدء المسح · 1153 رمزاً · الجلسة REGULAR
18:30 KSA · REGULAR · signal     · BLK · brk ▼ 100 · 15m
18:30 KSA · REGULAR · signal     · WLD-USD · orb ▼ 82 · 15m
18:30 KSA · REGULAR · signal     · SUI-USD · orb ▼ 82 · 15m
18:33 KSA · REGULAR · scanner    · بدء المسح · 1153 رمزاً · الجلسة REGULAR
18:33 KSA · REGULAR · signal     · NSC · momo ▲ 56 · 1h
18:33 KSA · REGULAR · signal     · AVAX-USD · orb ▼ 100 · 15m
18:33 KSA · REGULAR · signal     · ONDO-USD · vwapRec ▼ 70 · 15m
18:33 KSA · REGULAR · signal     · OP-USD · brk ▼ 82 · 15m
18:33 KSA · REGULAR · signal     · UNI-USD · brk ▼ 73 · 15m
18:33 KSA · REGULAR · signal     · UNI-USD · sqzExp ▼ 75 · 1h
18:33 KSA · REGULAR · signal     · U-USD · orb ▼ 65 · 15m
18:33 KSA · REGULAR · signal     · U-USD · brk ▼ 68 · 15m
18:33 KSA · REGULAR · signal     · PEPE-USD · brk ▲ 55 · 15m
18:33 KSA · REGULAR · signal     · PEPE-USD · volSpike ▼ 67 · 15m
18:33 KSA · REGULAR · signal     · TAO-USD · brk ▼ 68 · 15m
18:33 KSA · REGULAR · signal     · THE-USD · brk ▼ 70 · 15m
18:33 KSA · REGULAR · signal     · TRUMP-USD · brk ▼ 68 · 15m
18:33 KSA · REGULAR · signal     · EUR-USD · brk ▼ 64 · 15m
18:33 KSA · REGULAR · signal     · ARB-USD · sqzExp ▼ 65 · 1h
18:33 KSA · REGULAR · signal     · BANK-USD · meanRev ▲ 57 · 15m
18:33 KSA · REGULAR · signal     · TON-USD · brk ▼ 61 · 15m
18:33 KSA · REGULAR · signal     · SENT-USD · orb ▼ 70 · 15m
18:33 KSA · REGULAR · signal     · PENGU-USD · brk ▼ 68 · 15m
18:33 KSA · REGULAR · signal     · 1MBABYDOGE-USD · meanRev ▼ 57 · 1d
18:33 KSA · REGULAR · signal     · FXS-USD · brk ▲ 68 · 1d
18:33 KSA · REGULAR · signal     · FXS-USD · sqzExp ▲ 94 · 1d
18:33 KSA · REGULAR · signal     · GAS-USD · volSpike ▼ 100 · 1d
18:33 KSA · REGULAR · signal     · WAVES-USD · brk ▼ 61 · 1d
18:33 KSA · REGULAR · signal     · WAVES-USD · sqzExp ▼ 59 · 1d
18:33 KSA · REGULAR · signal     · TORN-USD · sqzExp ▲ 88 · 1d
18:33 KSA · REGULAR · signal     · PARTI-USD · brk ▼ 58 · 1d
18:33 KSA · REGULAR · signal     · REP-USD · brk ▼ 68 · 1d
18:33 KSA · REGULAR · signal     · REP-USD · sqzExp ▼ 69 · 1d
18:33 KSA · REGULAR · signal     · REN-USD · brk ▼ 63 · 1d
18:33 KSA · REGULAR · signal     · SRM-USD · brk ▼ 74 · 1d
18:33 KSA · REGULAR · signal     · MITH-USD · sqzExp ▼ 69 · 1d
18:33 KSA · REGULAR · signal     · SUPER-USD · brk ▼ 63 · 1d
18:33 KSA · REGULAR · signal     · STO-USD · brk ▼ 74 · 1d
18:33 KSA · REGULAR · signal     · STO-USD · sqzExp ▼ 91 · 1d
18:33 KSA · REGULAR · signal     · GRT-USD · brk ▲ 58 · 1d
18:33 KSA · REGULAR · signal     · ORN-USD · brk ▼ 63 · 1d
18:33 KSA · REGULAR · signal     · ORN-USD · sqzExp ▼ 63 · 1d
18:33 KSA · REGULAR · signal     · AUD-USD · brk ▼ 63 · 1d
18:33 KSA · REGULAR · signal     · GMT-USD · brk ▲ 58 · 1d
18:33 KSA · REGULAR · signal     · COW-USD · brk ▼ 55 · 1d
18:33 KSA · REGULAR · signal     · MKR-USD · brk ▼ 74 · 1d
18:33 KSA · REGULAR · signal     · MKR-USD · meanRev ▲ 70 · 1d
18:33 KSA · REGULAR · signal     · OPEN-USD · brk ▼ 58 · 1d
18:33 KSA · REGULAR · signal     · ZKC-USD · brk ▼ 74 · 1d
18:34 KSA · REGULAR · scanner    · بدء المسح · 1153 رمزاً · الجلسة REGULAR
18:34 KSA · REGULAR · signal     · V · brk ▼ 69 · 15m
18:34 KSA · REGULAR · signal     · GEV · meanRev ▼ 100 · 15m
18:34 KSA · REGULAR · signal     · SCHW · orb ▼ 100 · 15m
18:34 KSA · REGULAR · signal     · ENA-USD · vwapRec ▼ 100 · 15m
18:34 KSA · REGULAR · signal     · PEPE-USD · orb ▼ 68 · 15m
18:34 KSA · REGULAR · signal     · ARB-USD · orb ▲ 65 · 15m
18:34 KSA · REGULAR · signal     · SENT-USD · vwapRec ▲ 55 · 15m
18:34 KSA · REGULAR · signal     · CGPT-USD · meanRev ▲ 100 · 1d
18:34 KSA · REGULAR · signal     · WTC-USD · brk ▼ 100 · 1d
18:34 KSA · REGULAR · signal     · WTC-USD · sqzExp ▼ 100 · 1d
18:34 KSA · REGULAR · signal     · MBOX-USD · brk ▼ 100 · 1d
18:38 KSA · REGULAR · scanner    · بدء المسح · 1153 رمزاً · الجلسة REGULAR
18:38 KSA · REGULAR · signal     · MS · vwapRec ▼ 100 · 15m
18:38 KSA · REGULAR · signal     · WLFI-USD · meanRev ▼ 100 · 15m
18:40 KSA · REGULAR · scanner    · بدء المسح · 1153 رمزاً · الجلسة REGULAR
18:40 KSA · REGULAR · signal     · CRM · orb ▼ 64 · 15m
18:40 KSA · REGULAR · signal     · T · brk ▼ 69 · 15m
18:40 KSA · REGULAR · signal     · ADP · vwapRec ▼ 100 · 15m
18:40 KSA · REGULAR · signal     · BSX · vwapRec ▲ 100 · 15m
18:43 KSA · REGULAR · scanner    · بدء المسح · 1153 رمزاً · الجلسة REGULAR
18:43 KSA · REGULAR · signal     · WDC · vwapRec ▼ 83 · 15m
18:43 KSA · REGULAR · signal     · HON · vwapRec ▲ 55 · 15m
18:43 KSA · REGULAR · signal     · UNI-USD · brk ▼ 73 · 15m
18:43 KSA · REGULAR · signal     · UNI-USD · sqzExp ▼ 75 · 1h
18:43 KSA · REGULAR · signal     · U-USD · orb ▼ 65 · 15m
18:43 KSA · REGULAR · signal     · U-USD · brk ▼ 68 · 15m
18:43 KSA · REGULAR · signal     · PEPE-USD · brk ▲ 55 · 15m
18:43 KSA · REGULAR · signal     · TAO-USD · brk ▼ 68 · 15m
18:43 KSA · REGULAR · signal     · THE-USD · brk ▼ 70 · 15m
18:43 KSA · REGULAR · signal     · TRUMP-USD · brk ▼ 68 · 15m
18:43 KSA · REGULAR · signal     · EUR-USD · brk ▼ 64 · 15m
18:43 KSA · REGULAR · signal     · ARB-USD · sqzExp ▼ 65 · 1h
18:43 KSA · REGULAR · signal     · TON-USD · brk ▼ 61 · 15m
18:43 KSA · REGULAR · signal     · SENT-USD · orb ▼ 70 · 15m
18:43 KSA · REGULAR · signal     · PENGU-USD · brk ▼ 68 · 15m
18:43 KSA · REGULAR · signal     · WLFI-USD · orb ▼ 60 · 15m
18:43 KSA · REGULAR · signal     · SNT-USD · brk ▼ 100 · 1d
18:43 KSA · REGULAR · signal     · SNT-USD · sqzExp ▼ 69 · 1d
18:43 KSA · REGULAR · signal     · EWYB-USD · volSpike ▼ 78 · 1d
18:43 KSA · REGULAR · signal     · UTK-USD · brk ▲ 89 · 1d
18:43 KSA · REGULAR · signal     · EPIC-USD · brk ▼ 61 · 1d
18:43 KSA · REGULAR · signal     · EPIC-USD · meanRev ▲ 55 · 1d
18:43 KSA · REGULAR · signal     · EPIC-USD · sqzExp ▼ 69 · 1d
18:43 KSA · REGULAR · signal     · ONE-USD · brk ▼ 61 · 1d
18:43 KSA · REGULAR · signal     · ONE-USD · sqzExp ▼ 91 · 1d
18:43 KSA · REGULAR · signal     · CLV-USD · meanRev ▲ 65 · 1d
18:43 KSA · REGULAR · signal     · KP3R-USD · meanRev ▲ 65 · 1d
18:43 KSA · REGULAR · signal     · KP3R-USD · sqzExp ▼ 59 · 1d
18:43 KSA · REGULAR · signal     · UNFI-USD · brk ▼ 71 · 1d
18:43 KSA · REGULAR · signal     · IRIS-USD · sqzExp ▼ 59 · 1d
18:43 KSA · REGULAR · signal     · MASK-USD · brk ▲ 58 · 1d
18:43 KSA · REGULAR · signal     · COMBO-USD · sqzExp ▼ 69 · 1d
18:43 KSA · REGULAR · signal     · COMP-USD · brk ▼ 63 · 1d
18:43 KSA · REGULAR · signal     · G-USD · brk ▼ 68 · 1d
18:43 KSA · REGULAR · signal     · G-USD · sqzExp ▼ 88 · 1d
18:43 KSA · REGULAR · signal     · G-USD · volSpike ▲ 56 · 1d
18:43 KSA · REGULAR · signal     · NIL-USD · brk ▼ 55 · 1d
18:43 KSA · REGULAR · signal     · SXP-USD · sqzExp ▼ 69 · 1d
18:43 KSA · REGULAR · signal     · AMB-USD · brk ▲ 84 · 1d
18:43 KSA · REGULAR · signal     · AMB-USD · sqzExp ▲ 56 · 1d
18:43 KSA · REGULAR · signal     · HOME-USD · brk ▲ 55 · 1d
18:43 KSA · REGULAR · signal     · HOME-USD · sqzExp ▲ 66 · 1d
18:43 KSA · REGULAR · signal     · D-USD · brk ▼ 92 · 1d
18:43 KSA · REGULAR · signal     · D-USD · sqzExp ▼ 69 · 1d
18:43 KSA · REGULAR · signal     · ANIME-USD · brk ▼ 74 · 1d
18:44 KSA · REGULAR · scanner    · بدء المسح · 1153 رمزاً · الجلسة REGULAR
18:44 KSA · REGULAR · signal     · ADBE · brk ▼ 100 · 15m
18:44 KSA · REGULAR · signal     · MARSCOIN-USD · brk ▼ 69 · 15m
18:44 KSA · REGULAR · signal     · PEPE-USD · orb ▼ 68 · 15m
18:44 KSA · REGULAR · signal     · ARB-USD · orb ▲ 55 · 15m
18:44 KSA · REGULAR · signal     · SENT-USD · vwapRec ▲ 55 · 15m
18:44 KSA · REGULAR · signal     · FSLR · meanRev ▲ 100 · 1d
18:44 KSA · REGULAR · signal     · 1000SATS-USD · brk ▼ 58 · 1d
18:44 KSA · REGULAR · signal     · PIVX-USD · brk ▼ 100 · 1d
18:46 KSA · REGULAR · scanner    · بدء المسح · 1153 رمزاً · الجلسة REGULAR
18:46 KSA · REGULAR · signal     · PSX · orb ▲ 64 · 15m
18:46 KSA · REGULAR · signal     · REZ-USD · vwapRec ▲ 100 · 15m
18:46 KSA · REGULAR · signal     · ASTER-USD · vwapRec ▲ 100 · 15m
18:46 KSA · REGULAR · signal     · UHS · meanRev ▼ 100 · 1d
18:48 KSA · REGULAR · scanner    · بدء المسح · 1153 رمزاً · الجلسة REGULAR
18:48 KSA · REGULAR · signal     · GE · brk ▲ 100 · 15m
18:48 KSA · REGULAR · signal     · ETN · orb ▲ 64 · 15m
18:48 KSA · REGULAR · signal     · MPWR · pbTrend ▼ 100 · 1h
18:48 KSA · REGULAR · signal     · SOL-USD · orb ▲ 82 · 15m
18:48 KSA · REGULAR · signal     · DELLB-USD · brk ▲ 69 · 1d
18:50 KSA · REGULAR · scanner    · بدء المسح · 1153 رمزاً · الجلسة REGULAR
18:50 KSA · REGULAR · signal     · ACT-USD · brk ▼ 69 · 1d
18:53 KSA · REGULAR · scanner    · بدء المسح · 1153 رمزاً · الجلسة REGULAR
18:53 KSA · REGULAR · signal     · REZ-USD · orb ▲ 68 · 15m
18:53 KSA · REGULAR · signal     · UNI-USD · brk ▼ 68 · 15m
18:53 KSA · REGULAR · signal     · UNI-USD · sqzExp ▼ 75 · 1h
18:53 KSA · REGULAR · signal     · SUI-USD · orb ▼ 70 · 15m
18:53 KSA · REGULAR · signal     · TAO-USD · brk ▼ 55 · 15m
18:53 KSA · REGULAR · signal     · THE-USD · brk ▼ 73 · 15m
18:53 KSA · REGULAR · signal     · TRUMP-USD · brk ▼ 55 · 15m
18:53 KSA · REGULAR · signal     · ARB-USD · brk ▼ 55 · 15m
18:53 KSA · REGULAR · signal     · ARB-USD · sqzExp ▼ 65 · 1h
18:53 KSA · REGULAR · signal     · BANK-USD · brk ▼ 68 · 15m
18:53 KSA · REGULAR · signal     · TON-USD · brk ▼ 61 · 15m
18:53 KSA · REGULAR · signal     · SENT-USD · orb ▼ 55 · 15m
18:53 KSA · REGULAR · signal     · PENGU-USD · brk ▼ 55 · 15m
18:53 KSA · REGULAR · signal     · WLFI-USD · orb ▼ 75 · 15m
18:53 KSA · REGULAR · signal     · ASTER-USD · orb ▼ 73 · 15m
18:53 KSA · REGULAR · signal     · BIGTIME-USD · rsiDiv ▼ 58 · 1d
18:53 KSA · REGULAR · signal     · CELR-USD · brk ▼ 76 · 1d
18:53 KSA · REGULAR · signal     · INIT-USD · volSpike ▼ 78 · 1d
18:53 KSA · REGULAR · signal     · YB-USD · brk ▼ 71 · 1d
18:53 KSA · REGULAR · signal     · XAI-USD · sqzExp ▲ 78 · 1d
18:53 KSA · REGULAR · signal     · DYM-USD · rsiDiv ▼ 58 · 1d
18:53 KSA · REGULAR · signal     · GLMR-USD · sqzExp ▼ 72 · 1d
18:53 KSA · REGULAR · signal     · POLS-USD · brk ▼ 63 · 1d
18:53 KSA · REGULAR · signal     · XEM-USD · sqzExp ▼ 69 · 1d
18:53 KSA · REGULAR · signal     · BTS-USD · brk ▼ 84 · 1d
18:53 KSA · REGULAR · signal     · BTS-USD · sqzExp ▼ 69 · 1d
18:53 KSA · REGULAR · signal     · FLM-USD · brk ▼ 79 · 1d
18:53 KSA · REGULAR · signal     · ID-USD · brk ▼ 84 · 1d
18:53 KSA · REGULAR · signal     · ID-USD · volSpike ▼ 89 · 1d
18:53 KSA · REGULAR · signal     · CREAM-USD · brk ▼ 100 · 1d
18:53 KSA · REGULAR · signal     · CREAM-USD · sqzExp ▼ 69 · 1d
18:53 KSA · REGULAR · signal     · STMX-USD · brk ▼ 84 · 1d
18:53 KSA · REGULAR · signal     · CTXC-USD · brk ▼ 79 · 1d
18:53 KSA · REGULAR · signal     · CTXC-USD · sqzExp ▼ 84 · 1d
18:53 KSA · REGULAR · signal     · PNT-USD · sqzExp ▼ 69 · 1d
18:53 KSA · REGULAR · signal     · SLF-USD · brk ▼ 100 · 1d
18:53 KSA · REGULAR · signal     · SLF-USD · sqzExp ▼ 69 · 1d
18:53 KSA · REGULAR · signal     · A-USD · brk ▼ 74 · 1d
18:53 KSA · REGULAR · signal     · ERA-USD · brk ▼ 63 · 1d
18:53 KSA · REGULAR · signal     · MDX-USD · brk ▼ 74 · 1d
18:53 KSA · REGULAR · signal     · MDX-USD · meanRev ▲ 55 · 1d
18:53 KSA · REGULAR · signal     · MMT-USD · sqzExp ▲ 88 · 1d
18:53 KSA · REGULAR · signal     · MMT-USD · volSpike ▼ 61 · 1d
18:53 KSA · REGULAR · signal     · IMX-USD · brk ▼ 63 · 1d
18:53 KSA · REGULAR · signal     · IMX-USD · sqzExp ▼ 78 · 1d
18:53 KSA · REGULAR · signal     · ZBT-USD · brk ▼ 55 · 1d
18:55 KSA · REGULAR · scanner    · بدء المسح · 1153 رمزاً · الجلسة REGULAR
18:55 KSA · REGULAR · signal     · CDNS · pbTrend ▼ 100 · 1h
18:55 KSA · REGULAR · signal     · LSK-USD · brk ▲ 69 · 15m
18:55 KSA · REGULAR · signal     · LSK-USD · meanRev ▼ 100 · 15m
18:55 KSA · REGULAR · signal     · WLFI-USD · vwapRec ▲ 70 · 15m
18:55 KSA · REGULAR · signal     · ICX-USD · brk ▼ 100 · 1d
18:55 KSA · REGULAR · signal     · DENT-USD · brk ▼ 100 · 1d
18:55 KSA · REGULAR · signal     · BETA-USD · brk ▼ 69 · 1d
18:55 KSA · REGULAR · signal     · WCT-USD · brk ▼ 55 · 1d
18:55 KSA · REGULAR · signal     · OPN-USD · meanRev ▲ 100 · 1d
18:55 KSA · REGULAR · signal     · TRU-USD · brk ▼ 100 · 1d
18:55 KSA · REGULAR · signal     · BANANA-USD · brk ▼ 61 · 1d
18:55 KSA · REGULAR · signal     · MMT-USD · brk ▼ 79 · 1d
18:56 KSA · REGULAR · scanner    · بدء المسح · 1153 رمزاً · الجلسة REGULAR
18:56 KSA · REGULAR · signal     · ARK-USD · orb ▲ 64 · 15m
18:56 KSA · REGULAR · signal     · SUI-USD · orb ▼ 82 · 15m
18:56 KSA · REGULAR · signal     · ARB-USD · vwapRec ▼ 100 · 15m
18:59 KSA · REGULAR · scanner    · بدء المسح · 1153 رمزاً · الجلسة REGULAR
18:59 KSA · REGULAR · signal     · ARB-USD · brk ▼ 69 · 15m
19:00 KSA · REGULAR · scanner    · بدء المسح · 1153 رمزاً · الجلسة REGULAR
19:00 KSA · REGULAR · signal     · KITE-USD · brk ▼ 69 · 1d
19:03 KSA · REGULAR · scanner    · بدء المسح · 1153 رمزاً · الجلسة REGULAR
19:03 KSA · REGULAR · signal     · BLK · volSpike ▲ 67 · 15m
19:03 KSA · REGULAR · signal     · BCH-USD · orb ▼ 100 · 15m
19:03 KSA · REGULAR · signal     · UNI-USD · brk ▼ 82 · 15m
19:03 KSA · REGULAR · signal     · UNI-USD · sqzExp ▼ 75 · 1h
19:03 KSA · REGULAR · signal     · PEPE-USD · orb ▲ 60 · 15m
19:03 KSA · REGULAR · signal     · PEPE-USD · brk ▲ 55 · 15m
19:03 KSA · REGULAR · signal     · TAO-USD · brk ▼ 77 · 15m
19:03 KSA · REGULAR · signal     · THE-USD · brk ▼ 80 · 15m
19:03 KSA · REGULAR · signal     · TRUMP-USD · brk ▼ 77 · 15m
19:03 KSA · REGULAR · signal     · ARB-USD · sqzExp ▼ 65 · 1h
19:03 KSA · REGULAR · signal     · BANK-USD · brk ▼ 57 · 15m
19:03 KSA · REGULAR · signal     · TON-USD · brk ▼ 61 · 15m
19:03 KSA · REGULAR · signal     · SENT-USD · orb ▼ 55 · 15m
19:03 KSA · REGULAR · signal     · PENGU-USD · brk ▼ 77 · 15m
19:03 KSA · REGULAR · signal     · WLFI-USD · orb ▼ 75 · 15m
19:03 KSA · REGULAR · signal     · WLFI-USD · brk ▼ 57 · 15m
19:03 KSA · REGULAR · signal     · ASTER-USD · orb ▼ 80 · 15m
19:03 KSA · REGULAR · signal     · ASTR-USD · volSpike ▼ 89 · 1d
19:03 KSA · REGULAR · signal     · AUDIO-USD · volSpike ▼ 83 · 1d
19:03 KSA · REGULAR · signal     · LRC-USD · sqzExp ▼ 63 · 1d
19:03 KSA · REGULAR · signal     · BAL-USD · brk ▼ 84 · 1d
19:03 KSA · REGULAR · signal     · BAL-USD · sqzExp ▼ 69 · 1d
19:03 KSA · REGULAR · signal     · RESOLV-USD · sqzExp ▼ 81 · 1d
19:03 KSA · REGULAR · signal     · BADGER-USD · brk ▼ 66 · 1d
19:03 KSA · REGULAR · signal     · BADGER-USD · sqzExp ▼ 59 · 1d
19:03 KSA · REGULAR · signal     · FIS-USD · brk ▼ 61 · 1d
19:03 KSA · REGULAR · signal     · EDU-USD · brk ▼ 63 · 1d
19:03 KSA · REGULAR · signal     · CTK-USD · brk ▼ 84 · 1d
19:03 KSA · REGULAR · signal     · CTK-USD · sqzExp ▼ 100 · 1d
19:03 KSA · REGULAR · signal     · CTK-USD · volSpike ▼ 78 · 1d
19:03 KSA · REGULAR · signal     · BIFI-USD · sqzExp ▼ 69 · 1d
19:03 KSA · REGULAR · signal     · PIXEL-USD · brk ▼ 74 · 1d
19:03 KSA · REGULAR · signal     · AT-USD · brk ▼ 58 · 1d
19:03 KSA · REGULAR · signal     · MAGIC-USD · sqzExp ▲ 78 · 1d
19:03 KSA · REGULAR · signal     · AXL-USD · brk ▼ 84 · 1d
19:03 KSA · REGULAR · signal     · AXL-USD · volSpike ▼ 89 · 1d
19:03 KSA · REGULAR · signal     · VIDT-USD · brk ▲ 84 · 1d
19:03 KSA · REGULAR · signal     · VIDT-USD · sqzExp ▲ 56 · 1d
19:04 KSA · REGULAR · scanner    · بدء المسح · 1153 رمزاً · الجلسة REGULAR
19:04 KSA · REGULAR · signal     · NFLX · vwapRec ▼ 57 · 15m
19:04 KSA · REGULAR · signal     · LSK-USD · sqzExp ▲ 100 · 1h
19:04 KSA · REGULAR · signal     · REZ-USD · meanRev ▼ 67 · 15m
19:04 KSA · REGULAR · signal     · ARB-USD · orb ▲ 55 · 15m
19:04 KSA · REGULAR · signal     · WLFI-USD · vwapRec ▲ 70 · 15m
19:04 KSA · REGULAR · signal     · ASTER-USD · vwapRec ▲ 80 · 15m
19:04 KSA · REGULAR · signal     · OXT-USD · brk ▼ 69 · 1d
19:04 KSA · REGULAR · signal     · MAGIC-USD · brk ▼ 74 · 1d
19:08 KSA · REGULAR · scanner    · بدء المسح · 1153 رمزاً · الجلسة REGULAR
19:08 KSA · REGULAR · signal     · AMGN · orb ▲ 82 · 15m
19:08 KSA · REGULAR · signal     · ADI · pbTrend ▼ 57 · 1h
19:08 KSA · REGULAR · signal     · KVUE · orb ▼ 82 · 15m
19:08 KSA · REGULAR · signal     · INJ-USD · meanRev ▲ 100 · 15m
19:08 KSA · REGULAR · signal     · SLP-USD · meanRev ▲ 100 · 1d
19:10 KSA · REGULAR · scanner    · بدء المسح · 1153 رمزاً · الجلسة REGULAR
19:10 KSA · REGULAR · signal     · ARB-USD · brk ▼ 69 · 15m
19:10 KSA · REGULAR · signal     · WLFI-USD · vwapRec ▲ 85 · 15m
19:13 KSA · REGULAR · scanner    · بدء المسح · 1153 رمزاً · الجلسة REGULAR
19:13 KSA · REGULAR · signal     · SCHW · sqzExp ▼ 80 · 1h
19:13 KSA · REGULAR · signal     · UNI-USD · brk ▼ 82 · 15m
19:13 KSA · REGULAR · signal     · UNI-USD · sqzExp ▼ 75 · 1h
19:13 KSA · REGULAR · signal     · PEPE-USD · orb ▲ 60 · 15m
19:13 KSA · REGULAR · signal     · PEPE-USD · brk ▲ 55 · 15m
19:13 KSA · REGULAR · signal     · TAO-USD · brk ▼ 77 · 15m
19:13 KSA · REGULAR · signal     · THE-USD · brk ▼ 80 · 15m
19:13 KSA · REGULAR · signal     · TRUMP-USD · brk ▼ 77 · 15m
19:13 KSA · REGULAR · signal     · ARB-USD · sqzExp ▼ 65 · 1h
19:13 KSA · REGULAR · signal     · BANK-USD · brk ▼ 57 · 15m
19:13 KSA · REGULAR · signal     · TON-USD · brk ▼ 61 · 15m
19:13 KSA · REGULAR · signal     · SENT-USD · orb ▼ 55 · 15m
19:13 KSA · REGULAR · signal     · PENGU-USD · brk ▼ 77 · 15m
19:13 KSA · REGULAR · signal     · WLFI-USD · orb ▼ 75 · 15m
19:13 KSA · REGULAR · signal     · WLFI-USD · brk ▼ 57 · 15m
19:13 KSA · REGULAR · signal     · XVS-USD · sqzExp ▼ 63 · 1d
19:13 KSA · REGULAR · signal     · LQTY-USD · sqzExp ▼ 69 · 1d
19:13 KSA · REGULAR · signal     · JOE-USD · sqzExp ▼ 91 · 1d
19:13 KSA · REGULAR · signal     · SXT-USD · sqzExp ▼ 69 · 1d
19:13 KSA · REGULAR · signal     · NULS-USD · meanRev ▲ 60 · 1d
19:13 KSA · REGULAR · signal     · NULS-USD · sqzExp ▼ 69 · 1d
19:13 KSA · REGULAR · signal     · LAYER-USD · brk ▼ 63 · 1d
19:13 KSA · REGULAR · signal     · LINA-USD · brk ▲ 68 · 1d
19:13 KSA · REGULAR · signal     · LINA-USD · sqzExp ▲ 56 · 1d
19:13 KSA · REGULAR · signal     · CHESS-USD · brk ▲ 76 · 1d
19:13 KSA · REGULAR · signal     · CHESS-USD · sqzExp ▲ 56 · 1d
19:13 KSA · REGULAR · signal     · CITY-USD · brk ▼ 68 · 1d
19:13 KSA · REGULAR · signal     · CITY-USD · sqzExp ▼ 91 · 1d
19:13 KSA · REGULAR · signal     · C-USD · brk ▼ 74 · 1d
19:13 KSA · REGULAR · signal     · GMX-USD · brk ▼ 63 · 1d
19:13 KSA · REGULAR · signal     · ZKP-USD · brk ▼ 63 · 1d
19:13 KSA · REGULAR · signal     · ACX-USD · brk ▼ 58 · 1d
19:13 KSA · REGULAR · signal     · SHELL-USD · brk ▼ 55 · 1d
19:13 KSA · REGULAR · signal     · SHELL-USD · sqzExp ▼ 91 · 1d
19:14 KSA · REGULAR · scanner    · بدء المسح · 1153 رمزاً · الجلسة REGULAR
19:14 KSA · REGULAR · signal     · ACN · vwapRec ▲ 57 · 15m
19:14 KSA · REGULAR · signal     · WLFI-USD · vwapRec ▲ 70 · 15m
19:14 KSA · REGULAR · signal     · ASTER-USD · vwapRec ▲ 80 · 15m
19:16 KSA · REGULAR · scanner    · بدء المسح · 1153 رمزاً · الجلسة REGULAR
19:16 KSA · REGULAR · signal     · TMO · orb ▲ 64 · 15m
19:16 KSA · REGULAR · signal     · ACM-USD · meanRev ▲ 100 · 1d
19:18 KSA · REGULAR · scanner    · بدء المسح · 1153 رمزاً · الجلسة REGULAR
19:18 KSA · REGULAR · signal     · HWM · brk ▲ 100 · 15m
19:18 KSA · REGULAR · signal     · ONDO-USD · orb ▲ 64 · 15m
19:18 KSA · REGULAR · signal     · WLFI-USD · orb ▲ 100 · 15m
19:18 KSA · REGULAR · signal     · WLFI-USD · brk ▲ 100 · 15m
19:18 KSA · REGULAR · signal     · SYY · brk ▼ 69 · 1d
19:20 KSA · REGULAR · scanner    · بدء المسح · 1153 رمزاً · الجلسة REGULAR
19:20 KSA · REGULAR · signal     · SCHW · meanRev ▲ 100 · 15m
19:20 KSA · REGULAR · signal     · UNP · pbTrend ▲ 57 · 1h
19:20 KSA · REGULAR · signal     · SPGI · meanRev ▲ 100 · 15m
19:20 KSA · REGULAR · signal     · UNI-USD · vwapRec ▲ 100 · 15m
19:24 KSA · REGULAR · scanner    · بدء المسح · 1153 رمزاً · الجلسة REGULAR
19:24 KSA · REGULAR · signal     · ADI · volSpike ▲ 89 · 15m
19:24 KSA · REGULAR · signal     · ISRG · pbTrend ▼ 62 · 1h
19:24 KSA · REGULAR · signal     · KKR · rsiDiv ▲ 67 · 1h
19:24 KSA · REGULAR · signal     · HWM · pbTrend ▼ 90 · 1h
19:24 KSA · REGULAR · signal     · HPE · momo ▲ 69 · 1h
19:24 KSA · REGULAR · signal     · HON · pbTrend ▼ 55 · 1h
19:24 KSA · REGULAR · signal     · LSK-USD · momo ▲ 100 · 1h
19:24 KSA · REGULAR · signal     · MSTRB-USD · volSpike ▲ 67 · 15m
19:24 KSA · REGULAR · signal     · UNI-USD · brk ▼ 59 · 15m
19:24 KSA · REGULAR · signal     · UNI-USD · pbTrend ▲ 57 · 1h
19:24 KSA · REGULAR · signal     · UNI-USD · sqzExp ▼ 75 · 1h
19:24 KSA · REGULAR · signal     · SUI-USD · orb ▼ 78 · 15m
19:24 KSA · REGULAR · signal     · TAO-USD · brk ▼ 55 · 15m
19:24 KSA · REGULAR · signal     · THE-USD · brk ▼ 68 · 15m
19:24 KSA · REGULAR · signal     · TRUMP-USD · brk ▼ 55 · 15m
19:24 KSA · REGULAR · signal     · ARB-USD · orb ▼ 63 · 15m
19:24 KSA · REGULAR · signal     · BANK-USD · brk ▼ 82 · 15m
19:24 KSA · REGULAR · signal     · TON-USD · brk ▼ 61 · 15m
19:24 KSA · REGULAR · signal     · SENT-USD · orb ▼ 70 · 15m
19:24 KSA · REGULAR · signal     · SENT-USD · brk ▼ 57 · 15m
19:24 KSA · REGULAR · signal     · PENGU-USD · brk ▼ 55 · 15m
19:24 KSA · REGULAR · signal     · WLFI-USD · sqzExp ▼ 68 · 1h
19:24 KSA · REGULAR · signal     · ASTER-USD · orb ▼ 60 · 15m
19:24 KSA · REGULAR · signal     · FRAX-USD · sqzExp ▲ 81 · 1d
19:24 KSA · REGULAR · signal     · DGB-USD · volSpike ▼ 89 · 1d
19:24 KSA · REGULAR · signal     · DOLO-USD · brk ▼ 66 · 1d
19:24 KSA · REGULAR · signal     · QUICK-USD · brk ▲ 58 · 1d
19:24 KSA · REGULAR · signal     · AERGO-USD · brk ▼ 71 · 1d
19:24 KSA · REGULAR · signal     · PERP-USD · brk ▼ 79 · 1d
19:24 KSA · REGULAR · signal     · PERP-USD · sqzExp ▼ 69 · 1d
19:24 KSA · REGULAR · signal     · AST-USD · brk ▼ 82 · 1d
19:24 KSA · REGULAR · signal     · AST-USD · sqzExp ▼ 69 · 1d
19:24 KSA · REGULAR · signal     · DF-USD · sqzExp ▼ 69 · 1d
19:24 KSA · REGULAR · signal     · BARD-USD · brk ▼ 63 · 1d
19:24 KSA · REGULAR · signal     · AI-USD · sqzExp ▼ 91 · 1d
19:24 KSA · REGULAR · signal     · TURTLE-USD · brk ▼ 63 · 1d
19:24 KSA · REGULAR · signal     · REI-USD · brk ▲ 58 · 1d
19:24 KSA · REGULAR · signal     · REI-USD · sqzExp ▲ 56 · 1d
19:26 KSA · REGULAR · scanner    · بدء المسح · 1153 رمزاً · الجلسة REGULAR
19:26 KSA · REGULAR · signal     · NSC · vwapRec ▼ 80 · 15m
19:26 KSA · REGULAR · signal     · PEPE-USD · orb ▼ 60 · 15m
19:26 KSA · REGULAR · signal     · WLFI-USD · vwapRec ▲ 70 · 15m
19:26 KSA · REGULAR · signal     · CPT · brk ▼ 69 · 1d
19:26 KSA · REGULAR · signal     · CPT · meanRev ▲ 100 · 1d
19:26 KSA · REGULAR · signal     · FRAX-USD · brk ▼ 68 · 1d
19:26 KSA · REGULAR · signal     · FRAX-USD · meanRev ▲ 70 · 1d
19:28 KSA · REGULAR · scanner    · بدء المسح · 1153 رمزاً · الجلسة REGULAR
19:28 KSA · REGULAR · signal     · BTC-USD · vwapRec ▼ 100 · 15m
19:28 KSA · REGULAR · signal     · T · pbTrend ▲ 100 · 1h
19:30 KSA · REGULAR · scanner    · بدء المسح · 1153 رمزاً · الجلسة REGULAR
19:30 KSA · REGULAR · signal     · SENT-USD · vwapRec ▼ 100 · 15m
19:30 KSA · REGULAR · signal     · WLFI-USD · orb ▲ 100 · 15m
19:30 KSA · REGULAR · signal     · WLFI-USD · brk ▲ 100 · 15m
19:33 KSA · REGULAR · scanner    · بدء المسح · 1153 رمزاً · الجلسة REGULAR
19:33 KSA · REGULAR · signal     · COHR · rsiDiv ▼ 89 · 15m
19:33 KSA · REGULAR · signal     · ON · vwapRec ▲ 60 · 15m
19:33 KSA · REGULAR · signal     · ONDO-USD · vwapRec ▲ 60 · 15m
19:33 KSA · REGULAR · signal     · RAY-USD · volSpike ▼ 78 · 15m
19:33 KSA · REGULAR · signal     · UNI-USD · brk ▼ 82 · 15m
19:33 KSA · REGULAR · signal     · UNI-USD · pbTrend ▲ 57 · 1h
19:33 KSA · REGULAR · signal     · UNI-USD · sqzExp ▼ 75 · 1h
19:33 KSA · REGULAR · signal     · SUI-USD · orb ▼ 70 · 15m
19:33 KSA · REGULAR · signal     · U-USD · orb ▼ 65 · 15m
19:33 KSA · REGULAR · signal     · U-USD · brk ▼ 64 · 15m
19:33 KSA · REGULAR · signal     · TAO-USD · brk ▼ 55 · 15m
19:33 KSA · REGULAR · signal     · THE-USD · brk ▼ 55 · 15m
19:33 KSA · REGULAR · signal     · TRUMP-USD · brk ▼ 55 · 15m
19:33 KSA · REGULAR · signal     · EUR-USD · brk ▼ 64 · 15m
19:33 KSA · REGULAR · signal     · ARB-USD · orb ▼ 55 · 15m
19:33 KSA · REGULAR · signal     · ARB-USD · brk ▼ 55 · 15m
19:33 KSA · REGULAR · signal     · BANK-USD · brk ▼ 64 · 15m
19:33 KSA · REGULAR · signal     · TON-USD · brk ▼ 61 · 15m
19:33 KSA · REGULAR · signal     · SENT-USD · orb ▼ 55 · 15m
19:33 KSA · REGULAR · signal     · PENGU-USD · brk ▼ 64 · 15m
19:33 KSA · REGULAR · signal     · WLFI-USD · sqzExp ▼ 68 · 1h
19:33 KSA · REGULAR · signal     · ASTER-USD · orb ▼ 60 · 15m
19:33 KSA · REGULAR · signal     · KR · rsiDiv ▲ 72 · 1d
19:33 KSA · REGULAR · signal     · JBHT · sqzExp ▼ 69 · 1d
19:34 KSA · REGULAR · scanner    · بدء المسح · 1153 رمزاً · الجلسة REGULAR
19:34 KSA · REGULAR · signal     · CVX · vwapRec ▼ 100 · 15m
19:34 KSA · REGULAR · signal     · PGR · pbTrend ▲ 79 · 1h
19:34 KSA · REGULAR · signal     · WLFI-USD · vwapRec ▲ 78 · 15m
19:37 KSA · REGULAR · scanner    · بدء المسح · 1153 رمزاً · الجلسة REGULAR
19:37 KSA · REGULAR · signal     · WMT · vwapRec ▼ 100 · 15m
19:37 KSA · REGULAR · signal     · CDNS · brk ▲ 100 · 15m
19:37 KSA · REGULAR · signal     · ENA-USD · vwapRec ▼ 65 · 15m
19:40 KSA · REGULAR · scanner    · بدء المسح · 1153 رمزاً · الجلسة REGULAR
19:40 KSA · REGULAR · signal     · PFE · orb ▼ 100 · 15m
19:40 KSA · REGULAR · signal     · WLFI-USD · orb ▲ 100 · 15m
19:40 KSA · REGULAR · signal     · WLFI-USD · brk ▲ 100 · 15m
19:43 KSA · REGULAR · scanner    · بدء المسح · 1153 رمزاً · الجلسة REGULAR
19:43 KSA · REGULAR · signal     · BNB-USD · orb ▼ 55 · 15m
19:43 KSA · REGULAR · signal     · ARK-USD · vwapRec ▼ 57 · 15m
19:43 KSA · REGULAR · signal     · UNI-USD · brk ▼ 82 · 15m
19:43 KSA · REGULAR · signal     · UNI-USD · sqzExp ▼ 75 · 1h
19:43 KSA · REGULAR · signal     · SUI-USD · orb ▼ 70 · 15m
19:43 KSA · REGULAR · signal     · U-USD · orb ▼ 65 · 15m
19:43 KSA · REGULAR · signal     · U-USD · brk ▼ 64 · 15m
19:43 KSA · REGULAR · signal     · TAO-USD · brk ▼ 55 · 15m
19:43 KSA · REGULAR · signal     · THE-USD · brk ▼ 55 · 15m
19:43 KSA · REGULAR · signal     · TRUMP-USD · brk ▼ 55 · 15m
19:43 KSA · REGULAR · signal     · EUR-USD · brk ▼ 64 · 15m
19:43 KSA · REGULAR · signal     · ARB-USD · orb ▼ 55 · 15m
19:43 KSA · REGULAR · signal     · ARB-USD · brk ▼ 55 · 15m
19:43 KSA · REGULAR · signal     · BANK-USD · brk ▼ 64 · 15m
19:43 KSA · REGULAR · signal     · BANK-USD · meanRev ▲ 57 · 15m
19:43 KSA · REGULAR · signal     · TON-USD · brk ▼ 61 · 15m
19:43 KSA · REGULAR · signal     · SENT-USD · orb ▼ 55 · 15m
19:43 KSA · REGULAR · signal     · PENGU-USD · brk ▼ 64 · 15m
19:43 KSA · REGULAR · signal     · WLFI-USD · sqzExp ▼ 68 · 1h
19:43 KSA · REGULAR · signal     · ASTER-USD · orb ▼ 60 · 15m
19:43 KSA · REGULAR · signal     · SYY · volSpike ▼ 100 · 1d
19:44 KSA · REGULAR · scanner    · بدء المسح · 1153 رمزاً · الجلسة REGULAR
19:44 KSA · REGULAR · signal     · BNB-USD · vwapRec ▲ 100 · 15m
19:44 KSA · REGULAR · signal     · LSK-USD · brk ▲ 100 · 15m
19:44 KSA · REGULAR · signal     · LSK-USD · meanRev ▼ 100 · 15m
19:44 KSA · REGULAR · signal     · LSK-USD · sqzExp ▲ 100 · 1h
19:44 KSA · REGULAR · signal     · WLFI-USD · vwapRec ▲ 70 · 15m
19:46 KSA · REGULAR · scanner    · بدء المسح · 1153 رمزاً · الجلسة REGULAR
19:46 KSA · REGULAR · signal     · ADI · vwapRec ▼ 100 · 15m
19:46 KSA · REGULAR · signal     · TJX · orb ▲ 64 · 15m
19:46 KSA · REGULAR · signal     · LHX · vwapRec ▼ 100 · 15m
19:48 KSA · REGULAR · scanner    · بدء المسح · 1153 رمزاً · الجلسة REGULAR
19:48 KSA · REGULAR · signal     · ARB-USD · brk ▼ 69 · 15m
19:48 KSA · REGULAR · signal     · WLFI-USD · orb ▲ 100 · 15m
19:48 KSA · REGULAR · signal     · WLFI-USD · brk ▲ 100 · 15m
19:50 KSA · REGULAR · scanner    · بدء المسح · 1153 رمزاً · الجلسة REGULAR
19:53 KSA · REGULAR · scanner    · بدء المسح · 1153 رمزاً · الجلسة REGULAR
19:53 KSA · REGULAR · signal     · CMCSA · brk ▼ 55 · 15m
19:53 KSA · REGULAR · signal     · PENDLE-USD · brk ▼ 70 · 15m
19:53 KSA · REGULAR · signal     · T-USD · rsiDiv ▲ 78 · 15m
19:53 KSA · REGULAR · signal     · UNI-USD · brk ▼ 64 · 15m
19:53 KSA · REGULAR · signal     · UNI-USD · sqzExp ▼ 75 · 1h
19:53 KSA · REGULAR · signal     · SUI-USD · orb ▼ 85 · 15m
19:53 KSA · REGULAR · signal     · U-USD · orb ▼ 65 · 15m
19:53 KSA · REGULAR · signal     · U-USD · brk ▼ 64 · 15m
19:53 KSA · REGULAR · signal     · PEPE-USD · orb ▲ 60 · 15m
19:53 KSA · REGULAR · signal     · PEPE-USD · brk ▲ 55 · 15m
19:53 KSA · REGULAR · signal     · TAO-USD · brk ▼ 68 · 15m
19:53 KSA · REGULAR · signal     · THE-USD · brk ▼ 73 · 15m
19:53 KSA · REGULAR · signal     · TRUMP-USD · brk ▼ 68 · 15m
19:53 KSA · REGULAR · signal     · ARB-USD · orb ▼ 55 · 15m
19:53 KSA · REGULAR · signal     · BANK-USD · brk ▼ 64 · 15m
19:53 KSA · REGULAR · signal     · TON-USD · brk ▼ 61 · 15m
19:53 KSA · REGULAR · signal     · SENT-USD · orb ▼ 55 · 15m
19:53 KSA · REGULAR · signal     · PENGU-USD · brk ▼ 68 · 15m
19:53 KSA · REGULAR · signal     · WLFI-USD · sqzExp ▼ 68 · 1h
19:53 KSA · REGULAR · signal     · ASTER-USD · orb ▼ 60 · 15m
19:53 KSA · REGULAR · signal     · ZBH · volSpike ▲ 67 · 1d
19:54 KSA · REGULAR · scanner    · بدء المسح · 1153 رمزاً · الجلسة REGULAR
19:54 KSA · REGULAR · signal     · MS · vwapRec ▼ 100 · 15m
19:54 KSA · REGULAR · signal     · WFC · orb ▼ 82 · 15m
19:54 KSA · REGULAR · signal     · WLFI-USD · orb ▲ 83 · 15m
19:54 KSA · REGULAR · signal     · WLFI-USD · brk ▲ 59 · 15m
19:54 KSA · REGULAR · signal     · O · meanRev ▲ 100 · 1d
19:56 KSA · REGULAR · scanner    · بدء المسح · 1153 رمزاً · الجلسة REGULAR
19:58 KSA · REGULAR · scanner    · بدء المسح · 1153 رمزاً · الجلسة REGULAR
20:00 KSA · REGULAR · scanner    · بدء المسح · 1153 رمزاً · الجلسة REGULAR
20:03 KSA · REGULAR · scanner    · بدء المسح · 1153 رمزاً · الجلسة REGULAR
20:03 KSA · REGULAR · signal     · UNI-USD · sqzExp ▼ 75 · 1h
20:03 KSA · REGULAR · signal     · SUI-USD · orb ▼ 70 · 15m
20:03 KSA · REGULAR · signal     · U-USD · orb ▼ 57 · 15m
20:03 KSA · REGULAR · signal     · TAO-USD · brk ▼ 55 · 15m
20:03 KSA · REGULAR · signal     · THE-USD · brk ▼ 73 · 15m
20:03 KSA · REGULAR · signal     · TRUMP-USD · brk ▼ 55 · 15m
20:03 KSA · REGULAR · signal     · EUR-USD · brk ▼ 64 · 15m
20:03 KSA · REGULAR · signal     · ARB-USD · orb ▼ 55 · 15m
20:03 KSA · REGULAR · signal     · BANK-USD · brk ▼ 68 · 15m
20:03 KSA · REGULAR · signal     · TON-USD · brk ▼ 61 · 15m
20:03 KSA · REGULAR · signal     · SENT-USD · orb ▼ 55 · 15m
20:03 KSA · REGULAR · signal     · PENGU-USD · brk ▼ 55 · 15m
20:03 KSA · REGULAR · signal     · WLFI-USD · sqzExp ▼ 68 · 1h
20:03 KSA · REGULAR · signal     · ASTER-USD · orb ▼ 60 · 15m
20:05 KSA · REGULAR · scanner    · بدء المسح · 1153 رمزاً · الجلسة REGULAR
20:05 KSA · REGULAR · signal     · PEPE-USD · orb ▼ 60 · 15m
20:05 KSA · REGULAR · signal     · WLFI-USD · orb ▲ 90 · 15m
20:05 KSA · REGULAR · signal     · WLFI-USD · brk ▲ 68 · 15m
20:05 KSA · REGULAR · signal     · AVGOB-USD · meanRev ▲ 100 · 1d
20:05 KSA · REGULAR · signal     · C-USD · brk ▼ 69 · 1d
20:05 KSA · REGULAR · signal     · C-USD · meanRev ▲ 100 · 1d
20:08 KSA · REGULAR · scanner    · بدء المسح · 1153 رمزاً · الجلسة REGULAR
20:08 KSA · REGULAR · signal     · RAY-USD · vwapRec ▼ 100 · 15m
20:10 KSA · REGULAR · scanner    · بدء المسح · 1153 رمزاً · الجلسة REGULAR
20:10 KSA · REGULAR · signal     · SUI-USD · orb ▼ 82 · 15m
20:10 KSA · REGULAR · signal     · STG-USD · meanRev ▲ 100 · 1d
20:13 KSA · REGULAR · scanner    · بدء المسح · 1153 رمزاً · الجلسة REGULAR
20:13 KSA · REGULAR · signal     · UNI-USD · sqzExp ▼ 75 · 1h
20:13 KSA · REGULAR · signal     · U-USD · orb ▼ 57 · 15m
20:13 KSA · REGULAR · signal     · TAO-USD · brk ▼ 55 · 15m
20:13 KSA · REGULAR · signal     · THE-USD · brk ▼ 73 · 15m
20:13 KSA · REGULAR · signal     · TRUMP-USD · brk ▼ 55 · 15m
20:13 KSA · REGULAR · signal     · EUR-USD · brk ▼ 64 · 15m
20:13 KSA · REGULAR · signal     · ARB-USD · orb ▼ 55 · 15m
20:13 KSA · REGULAR · signal     · BANK-USD · brk ▼ 68 · 15m
20:13 KSA · REGULAR · signal     · BANK-USD · momo ▼ 67 · 1h
20:13 KSA · REGULAR · signal     · TON-USD · brk ▼ 61 · 15m
20:13 KSA · REGULAR · signal     · SENT-USD · orb ▼ 55 · 15m
20:13 KSA · REGULAR · signal     · PENGU-USD · brk ▼ 55 · 15m
20:13 KSA · REGULAR · signal     · WLFI-USD · sqzExp ▼ 68 · 1h
20:13 KSA · REGULAR · signal     · ASTER-USD · orb ▼ 60 · 15m
20:14 KSA · REGULAR · scanner    · بدء المسح · 1153 رمزاً · الجلسة REGULAR
20:14 KSA · REGULAR · signal     · MRNA · brk ▲ 100 · 15m
20:14 KSA · REGULAR · signal     · PEPE-USD · orb ▼ 60 · 15m
20:14 KSA · REGULAR · signal     · WLFI-USD · orb ▲ 90 · 15m
20:14 KSA · REGULAR · signal     · WLFI-USD · brk ▲ 68 · 15m
20:14 KSA · REGULAR · signal     · CITY-USD · meanRev ▲ 100 · 1d
20:16 KSA · REGULAR · scanner    · بدء المسح · 1153 رمزاً · الجلسة REGULAR
20:18 KSA · REGULAR · scanner    · بدء المسح · 1153 رمزاً · الجلسة REGULAR
20:18 KSA · REGULAR · signal     · CRWD · orb ▲ 82 · 15m
20:20 KSA · REGULAR · scanner    · بدء المسح · 1153 رمزاً · الجلسة REGULAR
20:20 KSA · REGULAR · signal     · GLW · orb ▼ 82 · 15m
20:20 KSA · REGULAR · signal     · ASTER-USD · orb ▲ 82 · 15m
20:23 KSA · REGULAR · scanner    · بدء المسح · 1153 رمزاً · الجلسة REGULAR
20:23 KSA · REGULAR · signal     · WMT · orb ▲ 60 · 15m
20:23 KSA · REGULAR · signal     · TMUS · rsiDiv ▲ 67 · 15m
20:23 KSA · REGULAR · signal     · UNP · momo ▼ 69 · 1h
20:23 KSA · REGULAR · signal     · ADBE · pbTrend ▲ 64 · 1h
20:23 KSA · REGULAR · signal     · CEG · rsiDiv ▲ 78 · 1h
20:23 KSA · REGULAR · signal     · UNI-USD · sqzExp ▼ 75 · 1h
20:23 KSA · REGULAR · signal     · PEPE-USD · tfAlign ▼ 89 · 1d
20:23 KSA · REGULAR · signal     · TAO-USD · brk ▼ 55 · 15m
20:23 KSA · REGULAR · signal     · THE-USD · brk ▼ 80 · 15m
20:23 KSA · REGULAR · signal     · THE-USD · momo ▼ 72 · 1h
20:23 KSA · REGULAR · signal     · TRUMP-USD · brk ▼ 55 · 15m
20:23 KSA · REGULAR · signal     · EUR-USD · brk ▼ 64 · 15m
20:23 KSA · REGULAR · signal     · EUR-USD · momo ▼ 67 · 1h
20:23 KSA · REGULAR · signal     · ARB-USD · orb ▼ 55 · 15m
20:23 KSA · REGULAR · signal     · HOLO-USD · momo ▼ 89 · 1h
20:23 KSA · REGULAR · signal     · BANK-USD · brk ▼ 68 · 15m
20:23 KSA · REGULAR · signal     · TON-USD · brk ▼ 61 · 15m
20:23 KSA · REGULAR · signal     · SENT-USD · orb ▼ 63 · 15m
20:23 KSA · REGULAR · signal     · PENGU-USD · brk ▼ 55 · 15m
20:23 KSA · REGULAR · signal     · WLFI-USD · sqzExp ▼ 95 · 1h
20:23 KSA · REGULAR · signal     · ASTER-USD · pbTrend ▲ 55 · 1h
20:25 KSA · REGULAR · scanner    · بدء المسح · 1153 رمزاً · الجلسة REGULAR
20:25 KSA · REGULAR · signal     · NEE · brk ▼ 100 · 15m
20:25 KSA · REGULAR · signal     · SHW · orb ▲ 82 · 15m
20:25 KSA · REGULAR · signal     · NXPI · orb ▼ 100 · 15m
20:25 KSA · REGULAR · signal     · PEPE-USD · orb ▼ 60 · 15m
20:25 KSA · REGULAR · signal     · WLFI-USD · orb ▲ 83 · 15m
20:25 KSA · REGULAR · signal     · ASTER-USD · orb ▲ 65 · 15m
20:25 KSA · REGULAR · signal     · DGB-USD · meanRev ▲ 100 · 1d
20:28 KSA · REGULAR · scanner    · بدء المسح · 1153 رمزاً · الجلسة REGULAR
20:28 KSA · REGULAR · signal     · BRK-B · orb ▲ 82 · 15m
20:28 KSA · REGULAR · signal     · MPWR · vwapRec ▼ 100 · 15m
20:28 KSA · REGULAR · signal     · KR · meanRev ▼ 100 · 1d
20:30 KSA · REGULAR · scanner    · بدء المسح · 1153 رمزاً · الجلسة REGULAR
20:30 KSA · REGULAR · signal     · GS · orb ▲ 64 · 15m
20:30 KSA · REGULAR · signal     · SENT-USD · vwapRec ▲ 100 · 15m
20:33 KSA · REGULAR · scanner    · بدء المسح · 1153 رمزاً · الجلسة REGULAR
20:33 KSA · REGULAR · signal     · MS · momo ▲ 72 · 1h
20:33 KSA · REGULAR · signal     · UNI-USD · brk ▼ 57 · 15m
20:33 KSA · REGULAR · signal     · UNI-USD · sqzExp ▼ 75 · 1h
20:33 KSA · REGULAR · signal     · SUI-USD · orb ▼ 78 · 15m
20:33 KSA · REGULAR · signal     · U-USD · orb ▼ 65 · 15m
20:33 KSA · REGULAR · signal     · PEPE-USD · brk ▲ 61 · 15m
20:33 KSA · REGULAR · signal     · TAO-USD · brk ▼ 64 · 15m
20:33 KSA · REGULAR · signal     · THE-USD · brk ▼ 86 · 15m
20:33 KSA · REGULAR · signal     · TRUMP-USD · brk ▼ 61 · 15m
20:33 KSA · REGULAR · signal     · EUR-USD · brk ▼ 68 · 15m
20:33 KSA · REGULAR · signal     · ARB-USD · orb ▼ 55 · 15m
20:33 KSA · REGULAR · signal     · BANK-USD · brk ▼ 59 · 15m
20:33 KSA · REGULAR · signal     · TON-USD · brk ▼ 61 · 15m
20:33 KSA · REGULAR · signal     · SENT-USD · orb ▼ 55 · 15m
20:33 KSA · REGULAR · signal     · PENGU-USD · brk ▼ 61 · 15m
20:33 KSA · REGULAR · signal     · WLFI-USD · brk ▼ 68 · 15m
20:33 KSA · REGULAR · signal     · WLFI-USD · sqzExp ▼ 95 · 1h
20:33 KSA · REGULAR · signal     · ASTER-USD · pbTrend ▲ 55 · 1h
20:38 KSA · REGULAR · scanner    · بدء المسح · 1153 رمزاً · الجلسة REGULAR
20:38 KSA · REGULAR · signal     · BTC-USD · orb ▼ 100 · 15m
20:38 KSA · REGULAR · signal     · TMUS · brk ▼ 69 · 15m
20:38 KSA · REGULAR · signal     · NXPI · brk ▼ 69 · 15m
20:38 KSA · REGULAR · signal     · ETHFI-USD · brk ▼ 69 · 15m
20:38 KSA · REGULAR · signal     · XPL-USD · brk ▼ 100 · 15m
20:38 KSA · REGULAR · signal     · PEPE-USD · orb ▼ 68 · 15m
20:38 KSA · REGULAR · signal     · LPT-USD · brk ▼ 69 · 1d
20:38 KSA · REGULAR · signal     · W-USD · brk ▼ 69 · 1d
20:38 KSA · REGULAR · signal     · AVNT-USD · brk ▼ 69 · 1d
20:38 KSA · REGULAR · signal     · MANTA-USD · brk ▼ 69 · 1d
20:38 KSA · REGULAR · signal     · QI-USD · meanRev ▲ 100 · 1d
20:40 KSA · REGULAR · scanner    · بدء المسح · 1153 رمزاً · الجلسة REGULAR
20:40 KSA · REGULAR · signal     · MDT · orb ▼ 82 · 15m
20:40 KSA · REGULAR · signal     · MDT · brk ▼ 100 · 15m
20:40 KSA · REGULAR · signal     · BNB-USD · orb ▼ 82 · 15m
20:40 KSA · REGULAR · signal     · NXPI · meanRev ▲ 100 · 15m
20:40 KSA · REGULAR · signal     · ASTER-USD · orb ▼ 64 · 15m
20:42 KSA · REGULAR · scanner    · بدء المسح · 1153 رمزاً · الجلسة REGULAR
20:42 KSA · REGULAR · signal     · AVGO · vwapRec ▼ 68 · 15m
20:42 KSA · REGULAR · signal     · KLAC · orb ▼ 78 · 15m
20:42 KSA · REGULAR · signal     · TER · vwapRec ▼ 68 · 15m
20:42 KSA · REGULAR · signal     · DASH-USD · vwapRec ▲ 78 · 15m
20:42 KSA · REGULAR · signal     · UNI-USD · brk ▼ 57 · 15m
20:42 KSA · REGULAR · signal     · UNI-USD · sqzExp ▼ 75 · 1h
20:42 KSA · REGULAR · signal     · U-USD · orb ▼ 65 · 15m
20:42 KSA · REGULAR · signal     · PEPE-USD · brk ▲ 61 · 15m
20:42 KSA · REGULAR · signal     · TAO-USD · brk ▼ 64 · 15m
20:42 KSA · REGULAR · signal     · THE-USD · brk ▼ 86 · 15m
20:42 KSA · REGULAR · signal     · TRUMP-USD · brk ▼ 61 · 15m
20:42 KSA · REGULAR · signal     · EUR-USD · brk ▼ 68 · 15m
20:42 KSA · REGULAR · signal     · ARB-USD · orb ▼ 55 · 15m
20:42 KSA · REGULAR · signal     · BANK-USD · brk ▼ 59 · 15m
20:42 KSA · REGULAR · signal     · TON-USD · brk ▼ 61 · 15m
20:42 KSA · REGULAR · signal     · SENT-USD · orb ▼ 55 · 15m
20:42 KSA · REGULAR · signal     · PENGU-USD · brk ▼ 61 · 15m
20:42 KSA · REGULAR · signal     · WLFI-USD · orb ▼ 75 · 15m
20:42 KSA · REGULAR · signal     · WLFI-USD · brk ▼ 68 · 15m
20:42 KSA · REGULAR · signal     · WLFI-USD · sqzExp ▼ 95 · 1h
20:42 KSA · REGULAR · signal     · ASTER-USD · pbTrend ▲ 55 · 1h
20:44 KSA · REGULAR · scanner    · بدء المسح · 1153 رمزاً · الجلسة REGULAR
20:44 KSA · REGULAR · signal     · SMCI · vwapRec ▼ 100 · 15m
20:44 KSA · REGULAR · signal     · ICP-USD · meanRev ▲ 100 · 15m
20:44 KSA · REGULAR · signal     · PEPE-USD · orb ▼ 68 · 15m
20:44 KSA · REGULAR · signal     · KITE-USD · brk ▼ 69 · 1d
20:44 KSA · REGULAR · signal     · FOGO-USD · meanRev ▲ 100 · 1d
20:44 KSA · REGULAR · signal     · IMX-USD · meanRev ▲ 100 · 1d
20:46 KSA · REGULAR · scanner    · بدء المسح · 1153 رمزاً · الجلسة REGULAR
20:48 KSA · REGULAR · scanner    · بدء المسح · 1153 رمزاً · الجلسة REGULAR
20:48 KSA · REGULAR · signal     · SENT-USD · orb ▼ 82 · 15m
20:48 KSA · REGULAR · signal     · ASTER-USD · vwapRec ▼ 100 · 15m
20:50 KSA · REGULAR · scanner    · بدء المسح · 1153 رمزاً · الجلسة REGULAR
20:50 KSA · REGULAR · signal     · ONDO-USD · vwapRec ▼ 100 · 15m
20:50 KSA · REGULAR · signal     · PEPE-USD · brk ▼ 69 · 15m
20:50 KSA · REGULAR · signal     · PEPE-USD · meanRev ▲ 100 · 15m
20:50 KSA · REGULAR · signal     · WLFI-USD · orb ▼ 100 · 15m
20:50 KSA · REGULAR · signal     · USUAL-USD · brk ▼ 69 · 1d
20:50 KSA · REGULAR · signal     · STX-USD · meanRev ▲ 100 · 1d
20:50 KSA · REGULAR · signal     · TURTLE-USD · meanRev ▲ 100 · 1d
20:53 KSA · REGULAR · scanner    · بدء المسح · 1153 رمزاً · الجلسة REGULAR
20:53 KSA · REGULAR · signal     · BTC-USD · brk ▼ 100 · 15m
20:53 KSA · REGULAR · signal     · LINK-USD · brk ▼ 80 · 15m
20:53 KSA · REGULAR · signal     · ENA-USD · brk ▼ 64 · 15m
20:53 KSA · REGULAR · signal     · UNI-USD · brk ▼ 64 · 15m
20:53 KSA · REGULAR · signal     · UNI-USD · sqzExp ▼ 75 · 1h
20:53 KSA · REGULAR · signal     · U-USD · orb ▼ 57 · 15m
20:53 KSA · REGULAR · signal     · TAO-USD · brk ▼ 77 · 15m
20:53 KSA · REGULAR · signal     · THE-USD · brk ▼ 68 · 15m
20:53 KSA · REGULAR · signal     · TRUMP-USD · brk ▼ 68 · 15m
20:53 KSA · REGULAR · signal     · ARB-USD · orb ▼ 55 · 15m
20:53 KSA · REGULAR · signal     · BANK-USD · brk ▼ 75 · 15m
20:53 KSA · REGULAR · signal     · TON-USD · brk ▼ 61 · 15m
20:53 KSA · REGULAR · signal     · PENGU-USD · brk ▼ 77 · 15m
20:53 KSA · REGULAR · signal     · WLFI-USD · brk ▼ 68 · 15m
20:53 KSA · REGULAR · signal     · WLFI-USD · sqzExp ▼ 95 · 1h
20:53 KSA · REGULAR · signal     · WLFI-USD · volSpike ▼ 67 · 15m
20:53 KSA · REGULAR · signal     · ASTER-USD · pbTrend ▲ 55 · 1h
20:54 KSA · REGULAR · scanner    · بدء المسح · 1153 رمزاً · الجلسة REGULAR
20:54 KSA · REGULAR · signal     · BRK-B · meanRev ▼ 100 · 15m
20:54 KSA · REGULAR · signal     · BNB-USD · vwapRec ▲ 68 · 15m
20:54 KSA · REGULAR · signal     · PEPE-USD · orb ▼ 60 · 15m
20:54 KSA · REGULAR · signal     · PEPE-USD · brk ▼ 57 · 15m
20:56 KSA · REGULAR · scanner    · بدء المسح · 1153 رمزاً · الجلسة REGULAR
20:56 KSA · REGULAR · signal     · COOKIE-USD · meanRev ▲ 100 · 1d
20:58 KSA · REGULAR · scanner    · بدء المسح · 1153 رمزاً · الجلسة REGULAR
20:58 KSA · REGULAR · signal     · BA · orb ▼ 100 · 15m
20:58 KSA · REGULAR · signal     · BA · brk ▼ 100 · 15m
20:58 KSA · REGULAR · signal     · ONDO-USD · orb ▲ 82 · 15m
21:00 KSA · REGULAR · scanner    · بدء المسح · 1153 رمزاً · الجلسة REGULAR
21:00 KSA · REGULAR · signal     · BTC-USD · orb ▼ 100 · 15m
21:00 KSA · REGULAR · signal     · ETH-USD · meanRev ▲ 100 · 15m
21:00 KSA · REGULAR · signal     · SOL-USD · orb ▼ 100 · 15m
21:00 KSA · REGULAR · signal     · REZ-USD · orb ▼ 82 · 15m
21:00 KSA · REGULAR · signal     · SUI-USD · orb ▼ 100 · 15m
21:00 KSA · REGULAR · signal     · ASTER-USD · pbTrend ▲ 57 · 1h
21:00 KSA · REGULAR · signal     · SKY-USD · brk ▼ 69 · 1d
21:03 KSA · REGULAR · scanner    · بدء المسح · 1153 رمزاً · الجلسة REGULAR
21:03 KSA · REGULAR · signal     · META · tfAlign ▲ 100 · 1d
21:03 KSA · REGULAR · signal     · BA · volSpike ▼ 72 · 15m
21:03 KSA · REGULAR · signal     · LMT · vwapRec ▼ 85 · 15m
21:03 KSA · REGULAR · signal     · BNB-USD · momo ▲ 56 · 1h
21:03 KSA · REGULAR · signal     · SOL-USD · volSpike ▲ 61 · 15m
21:03 KSA · REGULAR · signal     · RDDT · orb ▼ 64 · 15m
21:03 KSA · REGULAR · signal     · WLD-USD · vwapRec ▼ 93 · 15m
21:03 KSA · REGULAR · signal     · UNI-USD · brk ▼ 59 · 15m
21:03 KSA · REGULAR · signal     · UNI-USD · sqzExp ▼ 75 · 1h
21:03 KSA · REGULAR · signal     · U-USD · orb ▼ 57 · 15m
21:03 KSA · REGULAR · signal     · TAO-USD · brk ▼ 73 · 15m
21:03 KSA · REGULAR · signal     · THE-USD · brk ▼ 55 · 15m
21:03 KSA · REGULAR · signal     · TRUMP-USD · brk ▼ 73 · 15m
21:03 KSA · REGULAR · signal     · EUR-USD · brk ▼ 68 · 15m
21:03 KSA · REGULAR · signal     · ARB-USD · orb ▼ 63 · 15m
21:03 KSA · REGULAR · signal     · ARB-USD · brk ▼ 61 · 15m
21:03 KSA · REGULAR · signal     · BANK-USD · brk ▼ 68 · 15m
21:03 KSA · REGULAR · signal     · TON-USD · brk ▼ 61 · 15m
21:03 KSA · REGULAR · signal     · PENGU-USD · brk ▼ 73 · 15m
21:03 KSA · REGULAR · signal     · WLFI-USD · brk ▼ 61 · 15m
21:03 KSA · REGULAR · signal     · WLFI-USD · sqzExp ▼ 95 · 1h
21:04 KSA · REGULAR · scanner    · بدء المسح · 1153 رمزاً · الجلسة REGULAR
21:04 KSA · REGULAR · signal     · COST · vwapRec ▼ 100 · 15m
21:04 KSA · REGULAR · signal     · SNDK · vwapRec ▲ 57 · 15m
21:04 KSA · REGULAR · signal     · AMGN · brk ▲ 100 · 15m
21:04 KSA · REGULAR · signal     · BX · orb ▼ 82 · 15m
21:04 KSA · REGULAR · signal     · BX · brk ▼ 100 · 15m
21:04 KSA · REGULAR · signal     · NEM · brk ▼ 100 · 15m
21:04 KSA · REGULAR · signal     · FCX · orb ▼ 82 · 15m
21:04 KSA · REGULAR · signal     · BNB-USD · orb ▲ 100 · 15m
21:04 KSA · REGULAR · signal     · BNB-USD · brk ▲ 100 · 15m
21:04 KSA · REGULAR · signal     · SHW · vwapRec ▼ 100 · 15m
21:04 KSA · REGULAR · signal     · CMI · brk ▼ 100 · 15m
21:04 KSA · REGULAR · signal     · MCHP · meanRev ▲ 100 · 15m
21:04 KSA · REGULAR · signal     · DOGE-USD · vwapRec ▲ 100 · 15m
21:04 KSA · REGULAR · signal     · ADA-USD · meanRev ▼ 100 · 15m
21:04 KSA · REGULAR · signal     · SNDKB-USD · orb ▲ 100 · 15m
21:04 KSA · REGULAR · signal     · SNXXB-USD · vwapRec ▲ 100 · 15m
21:04 KSA · REGULAR · signal     · PEPE-USD · orb ▼ 55 · 15m
21:04 KSA · REGULAR · signal     · TRUMP-USD · vwapRec ▲ 100 · 15m
21:04 KSA · REGULAR · signal     · BANK-USD · meanRev ▼ 55 · 15m
21:04 KSA · REGULAR · signal     · SENT-USD · vwapRec ▲ 85 · 15m
21:04 KSA · REGULAR · signal     · PENGU-USD · meanRev ▼ 55 · 15m
21:04 KSA · REGULAR · signal     · WLFI-USD · vwapRec ▲ 78 · 15m
21:04 KSA · REGULAR · signal     · APT-USD · vwapRec ▲ 100 · 15m
21:04 KSA · REGULAR · signal     · FITB · meanRev ▲ 100 · 1d
21:04 KSA · REGULAR · signal     · KEY · meanRev ▲ 100 · 1d
21:04 KSA · REGULAR · signal     · GSB-USD · meanRev ▲ 100 · 1d
21:08 KSA · REGULAR · scanner    · بدء المسح · 1153 رمزاً · الجلسة REGULAR
21:08 KSA · REGULAR · signal     · BTC-USD · orb ▲ 73 · 15m
21:08 KSA · REGULAR · signal     · BTC-USD · brk ▲ 100 · 15m
21:08 KSA · REGULAR · signal     · MS · vwapRec ▲ 100 · 15m
21:08 KSA · REGULAR · signal     · TMUS · meanRev ▲ 100 · 15m
21:08 KSA · REGULAR · signal     · UBER · orb ▲ 100 · 15m
21:08 KSA · REGULAR · signal     · VRT · pbTrend ▼ 100 · 1h
21:08 KSA · REGULAR · signal     · HPQ · vwapRec ▲ 100 · 15m
21:08 KSA · REGULAR · signal     · XLM-USD · orb ▲ 86 · 15m
21:08 KSA · REGULAR · signal     · AVAX-USD · orb ▲ 100 · 15m
21:08 KSA · REGULAR · signal     · ENA-USD · brk ▲ 100 · 15m
21:08 KSA · REGULAR · signal     · FIL-USD · meanRev ▼ 100 · 15m
21:08 KSA · REGULAR · signal     · ETHFI-USD · vwapRec ▲ 79 · 15m
21:08 KSA · REGULAR · signal     · PENDLE-USD · vwapRec ▲ 100 · 15m
21:08 KSA · REGULAR · signal     · XPL-USD · meanRev ▼ 100 · 15m
21:08 KSA · REGULAR · signal     · IOTA-USD · vwapRec ▲ 71 · 15m
21:08 KSA · REGULAR · signal     · MSTRB-USD · vwapRec ▲ 100 · 15m
21:08 KSA · REGULAR · signal     · PEPE-USD · brk ▲ 100 · 15m
21:08 KSA · REGULAR · signal     · TAO-USD · orb ▲ 100 · 15m
21:08 KSA · REGULAR · signal     · TAO-USD · brk ▲ 100 · 15m
21:08 KSA · REGULAR · signal     · TRUMP-USD · orb ▲ 95 · 15m
21:08 KSA · REGULAR · signal     · TRUMP-USD · brk ▲ 100 · 15m
21:08 KSA · REGULAR · signal     · TRUMP-USD · sqzExp ▲ 100 · 1h
21:08 KSA · REGULAR · signal     · BANK-USD · orb ▲ 100 · 15m
21:08 KSA · REGULAR · signal     · BANK-USD · brk ▲ 100 · 15m
21:08 KSA · REGULAR · signal     · PENGU-USD · brk ▲ 100 · 15m
21:08 KSA · REGULAR · signal     · WLFI-USD · orb ▲ 100 · 15m
21:08 KSA · REGULAR · signal     · ASTER-USD · orb ▲ 100 · 15m
21:10 KSA · REGULAR · scanner    · بدء المسح · 1153 رمزاً · الجلسة REGULAR
21:10 KSA · REGULAR · signal     · PSX · brk ▲ 69 · 15m
21:10 KSA · REGULAR · signal     · DASH-USD · brk ▲ 69 · 15m
21:10 KSA · REGULAR · signal     · INJ-USD · pbTrend ▲ 57 · 1h
21:10 KSA · REGULAR · signal     · MSTRB-USD · pbTrend ▲ 57 · 1h
21:10 KSA · REGULAR · signal     · MUB-USD · vwapRec ▼ 79 · 15m
21:10 KSA · REGULAR · signal     · ALPINE-USD · brk ▼ 69 · 1d
21:10 KSA · REGULAR · signal     · MEGA-USD · brk ▼ 69 · 1d
21:12 KSA · REGULAR · scanner    · بدء المسح · 1153 رمزاً · الجلسة REGULAR
21:12 KSA · REGULAR · signal     · ETN · momo ▲ 81 · 1h
21:12 KSA · REGULAR · signal     · GLW · momo ▲ 56 · 1h
21:12 KSA · REGULAR · signal     · MDT · vwapRec ▼ 57 · 15m
21:12 KSA · REGULAR · signal     · VRT · momo ▲ 64 · 1h
21:12 KSA · REGULAR · signal     · LITE · momo ▲ 89 · 1h
21:12 KSA · REGULAR · signal     · MDLZ · sqzExp ▲ 60 · 1h
21:12 KSA · REGULAR · signal     · SNXXB-USD · orb ▲ 63 · 15m
21:12 KSA · REGULAR · signal     · UNI-USD · orb ▼ 68 · 15m
21:12 KSA · REGULAR · signal     · UNI-USD · brk ▼ 59 · 15m
21:12 KSA · REGULAR · signal     · UNI-USD · sqzExp ▼ 75 · 1h
21:12 KSA · REGULAR · signal     · SUI-USD · orb ▼ 85 · 15m
21:12 KSA · REGULAR · signal     · SUI-USD · vwapRec ▼ 65 · 15m
21:12 KSA · REGULAR · signal     · U-USD · orb ▼ 57 · 15m
21:12 KSA · REGULAR · signal     · TAO-USD · vwapRec ▼ 65 · 15m
21:12 KSA · REGULAR · signal     · THE-USD · brk ▼ 55 · 15m
21:12 KSA · REGULAR · signal     · ARB-USD · orb ▼ 63 · 15m
21:12 KSA · REGULAR · signal     · ARB-USD · brk ▼ 61 · 15m
21:12 KSA · REGULAR · signal     · BANK-USD · vwapRec ▼ 65 · 15m
21:12 KSA · REGULAR · signal     · TON-USD · brk ▼ 61 · 15m
21:12 KSA · REGULAR · signal     · SENT-USD · orb ▼ 75 · 15m
21:12 KSA · REGULAR · signal     · SENT-USD · brk ▼ 64 · 15m
21:12 KSA · REGULAR · signal     · PENGU-USD · orb ▼ 80 · 15m
21:12 KSA · REGULAR · signal     · PENGU-USD · vwapRec ▼ 65 · 15m
21:12 KSA · REGULAR · signal     · WLFI-USD · brk ▼ 61 · 15m
21:12 KSA · REGULAR · signal     · WLFI-USD · sqzExp ▼ 95 · 1h
21:12 KSA · REGULAR · signal     · ASTER-USD · pbTrend ▲ 55 · 1h
21:14 KSA · REGULAR · scanner    · بدء المسح · 1153 رمزاً · الجلسة REGULAR
21:14 KSA · REGULAR · signal     · CRM · pbTrend ▲ 79 · 1h
21:14 KSA · REGULAR · signal     · NEM · meanRev ▲ 100 · 15m
21:14 KSA · REGULAR · signal     · SPGI · orb ▼ 100 · 15m
21:14 KSA · REGULAR · signal     · XRP-USD · orb ▼ 82 · 15m
21:14 KSA · REGULAR · signal     · UNI-USD · vwapRec ▲ 57 · 15m
21:14 KSA · REGULAR · signal     · TRUMP-USD · vwapRec ▲ 100 · 15m
21:14 KSA · REGULAR · signal     · PUMP-USD · brk ▲ 100 · 15m
21:14 KSA · REGULAR · signal     · ARB-USD · vwapRec ▲ 68 · 15m
21:14 KSA · REGULAR · signal     · BANK-USD · brk ▲ 82 · 15m
21:14 KSA · REGULAR · signal     · BANK-USD · meanRev ▼ 55 · 15m
21:14 KSA · REGULAR · signal     · PENGU-USD · brk ▲ 75 · 15m
21:14 KSA · REGULAR · signal     · PENGU-USD · meanRev ▼ 55 · 15m
21:14 KSA · REGULAR · signal     · WLFI-USD · vwapRec ▲ 78 · 15m
21:14 KSA · REGULAR · signal     · GALA-USD · brk ▼ 69 · 1d
21:16 KSA · REGULAR · scanner    · بدء المسح · 1153 رمزاً · الجلسة REGULAR
21:16 KSA · REGULAR · signal     · UNP · vwapRec ▲ 100 · 15m
21:16 KSA · REGULAR · signal     · LOW · vwapRec ▼ 100 · 15m
21:16 KSA · REGULAR · signal     · FCX · orb ▼ 82 · 15m
21:16 KSA · REGULAR · signal     · BCH-USD · vwapRec ▼ 100 · 15m
21:16 KSA · REGULAR · signal     · UHS · brk ▲ 69 · 1d
21:18 KSA · REGULAR · scanner    · بدء المسح · 1153 رمزاً · الجلسة REGULAR
21:18 KSA · REGULAR · signal     · BTC-USD · orb ▲ 82 · 15m
21:18 KSA · REGULAR · signal     · BX · orb ▼ 100 · 15m
21:18 KSA · REGULAR · signal     · BX · brk ▼ 100 · 15m
21:18 KSA · REGULAR · signal     · CIEN · orb ▲ 82 · 15m
21:18 KSA · REGULAR · signal     · PEPE-USD · vwapRec ▼ 60 · 15m
21:18 KSA · REGULAR · signal     · ASTER-USD · orb ▲ 82 · 15m
21:20 KSA · REGULAR · scanner    · بدء المسح · 1153 رمزاً · الجلسة REGULAR
21:20 KSA · REGULAR · signal     · CVX · pbTrend ▲ 100 · 1h
21:23 KSA · REGULAR · scanner    · بدء المسح · 1153 رمزاً · الجلسة REGULAR
21:23 KSA · REGULAR · signal     · JNJ · momo ▲ 89 · 1h
21:23 KSA · REGULAR · signal     · SNDK · vwapRec ▼ 60 · 15m
21:23 KSA · REGULAR · signal     · DIS · momo ▲ 78 · 1h
21:23 KSA · REGULAR · signal     · KKR · momo ▼ 83 · 1h
21:23 KSA · REGULAR · signal     · CMI · momo ▼ 83 · 1h
21:23 KSA · REGULAR · signal     · SOL-USD · brk ▲ 75 · 15m
21:23 KSA · REGULAR · signal     · COHR · vwapRec ▲ 78 · 15m
21:23 KSA · REGULAR · signal     · CIEN · vwapRec ▼ 75 · 15m
21:23 KSA · REGULAR · signal     · NEAR-USD · vwapRec ▲ 60 · 15m
21:23 KSA · REGULAR · signal     · NEAR-USD · momo ▲ 100 · 1h
21:23 KSA · REGULAR · signal     · XAUT-USD · momo ▼ 75 · 1h
21:23 KSA · REGULAR · signal     · ONDO-USD · sqzExp ▲ 63 · 1h
21:23 KSA · REGULAR · signal     · ENA-USD · momo ▲ 86 · 1h
21:23 KSA · REGULAR · signal     · DASH-USD · momo ▲ 100 · 1h
21:23 KSA · REGULAR · signal     · PENDLE-USD · volSpike ▲ 89 · 15m
21:23 KSA · REGULAR · signal     · MUB-USD · momo ▼ 69 · 1h
21:23 KSA · REGULAR · signal     · UNI-USD · orb ▼ 75 · 15m
21:23 KSA · REGULAR · signal     · UNI-USD · brk ▼ 68 · 15m
21:23 KSA · REGULAR · signal     · UNI-USD · pbTrend ▲ 55 · 1h
21:23 KSA · REGULAR · signal     · UNI-USD · sqzExp ▼ 68 · 1h
21:23 KSA · REGULAR · signal     · UNI-USD · volSpike ▲ 67 · 15m
21:23 KSA · REGULAR · signal     · SUI-USD · orb ▼ 85 · 15m
21:23 KSA · REGULAR · signal     · SUI-USD · vwapRec ▼ 57 · 15m
21:23 KSA · REGULAR · signal     · U-USD · orb ▼ 65 · 15m
21:23 KSA · REGULAR · signal     · U-USD · brk ▼ 64 · 15m
21:23 KSA · REGULAR · signal     · PEPE-USD · orb ▲ 60 · 15m
21:23 KSA · REGULAR · signal     · PEPE-USD · brk ▲ 55 · 15m
21:23 KSA · REGULAR · signal     · TAO-USD · orb ▼ 80 · 15m
21:23 KSA · REGULAR · signal     · TAO-USD · vwapRec ▼ 65 · 15m
21:23 KSA · REGULAR · signal     · TAO-USD · brk ▼ 80 · 15m
21:23 KSA · REGULAR · signal     · THE-USD · brk ▼ 70 · 15m
21:23 KSA · REGULAR · signal     · TRUMP-USD · brk ▼ 86 · 15m
21:23 KSA · REGULAR · signal     · ARB-USD · orb ▼ 65 · 15m
21:23 KSA · REGULAR · signal     · ARB-USD · brk ▼ 59 · 15m
21:23 KSA · REGULAR · signal     · BANK-USD · orb ▼ 85 · 15m
21:23 KSA · REGULAR · signal     · BANK-USD · vwapRec ▼ 65 · 15m
21:23 KSA · REGULAR · signal     · TON-USD · brk ▼ 61 · 15m
21:23 KSA · REGULAR · signal     · SENT-USD · orb ▼ 70 · 15m
21:23 KSA · REGULAR · signal     · SENT-USD · brk ▼ 57 · 15m
21:23 KSA · REGULAR · signal     · PENGU-USD · orb ▼ 80 · 15m
21:23 KSA · REGULAR · signal     · PENGU-USD · vwapRec ▼ 65 · 15m
21:23 KSA · REGULAR · signal     · WLFI-USD · orb ▼ 75 · 15m
21:23 KSA · REGULAR · signal     · WLFI-USD · brk ▼ 68 · 15m
21:23 KSA · REGULAR · signal     · WLFI-USD · sqzExp ▼ 90 · 1h
21:23 KSA · REGULAR · signal     · WLFI-USD · volSpike ▼ 78 · 15m
21:23 KSA · REGULAR · signal     · ASTER-USD · momo ▲ 56 · 1h
21:23 KSA · REGULAR · signal     · APT-USD · rsiDiv ▲ 100 · 1h
21:25 KSA · REGULAR · scanner    · بدء المسح · 1153 رمزاً · الجلسة REGULAR
21:25 KSA · REGULAR · signal     · CSCO · orb ▼ 82 · 15m
21:25 KSA · REGULAR · signal     · KLAC · orb ▼ 82 · 15m
21:25 KSA · REGULAR · signal     · GLW · orb ▼ 100 · 15m
21:25 KSA · REGULAR · signal     · PENDLE-USD · brk ▲ 69 · 15m
21:25 KSA · REGULAR · signal     · UNI-USD · vwapRec ▲ 73 · 15m
21:25 KSA · REGULAR · signal     · ARB-USD · vwapRec ▲ 68 · 15m
21:25 KSA · REGULAR · signal     · BANK-USD · brk ▲ 82 · 15m
21:25 KSA · REGULAR · signal     · PENGU-USD · brk ▲ 86 · 15m
21:25 KSA · REGULAR · signal     · ASTER-USD · orb ▲ 80 · 15m
21:26 KSA · REGULAR · scanner    · بدء المسح · 1153 رمزاً · الجلسة REGULAR
21:26 KSA · REGULAR · signal     · AMD · meanRev ▲ 100 · 15m
21:26 KSA · REGULAR · signal     · AMAT · brk ▼ 100 · 15m
21:26 KSA · REGULAR · signal     · FIX · orb ▼ 64 · 15m
21:28 KSA · REGULAR · scanner    · بدء المسح · 1153 رمزاً · الجلسة REGULAR
21:28 KSA · REGULAR · signal     · BTC-USD · vwapRec ▼ 65 · 15m
21:28 KSA · REGULAR · signal     · DELL · meanRev ▲ 100 · 15m
21:28 KSA · REGULAR · signal     · AMAT · meanRev ▲ 100 · 15m
21:28 KSA · REGULAR · signal     · SMCI · vwapRec ▼ 95 · 15m
21:28 KSA · REGULAR · signal     · ICP-USD · orb ▼ 64 · 15m
21:28 KSA · REGULAR · signal     · SNDKB-USD · orb ▼ 82 · 15m
21:28 KSA · REGULAR · signal     · SOXLB-USD · vwapRec ▼ 100 · 15m
21:28 KSA · REGULAR · signal     · SOXLB-USD · brk ▼ 69 · 15m
21:28 KSA · REGULAR · signal     · SNXXB-USD · orb ▼ 100 · 15m
21:30 KSA · REGULAR · scanner    · بدء المسح · 1153 رمزاً · الجلسة REGULAR
21:30 KSA · REGULAR · signal     · ETH-USD · orb ▲ 82 · 15m
21:30 KSA · REGULAR · signal     · ETH-USD · vwapRec ▲ 57 · 15m
21:30 KSA · REGULAR · signal     · DOGE-USD · meanRev ▼ 100 · 15m
21:30 KSA · REGULAR · signal     · ADA-USD · vwapRec ▲ 100 · 15m
21:30 KSA · REGULAR · signal     · AVAX-USD · vwapRec ▲ 79 · 15m
21:30 KSA · REGULAR · signal     · ENA-USD · brk ▲ 69 · 15m
21:30 KSA · REGULAR · signal     · WLD-USD · orb ▲ 82 · 15m
21:30 KSA · REGULAR · signal     · WLD-USD · vwapRec ▲ 100 · 15m
21:30 KSA · REGULAR · signal     · SOXLB-USD · pbTrend ▼ 57 · 1h
21:30 KSA · REGULAR · signal     · UNI-USD · brk ▲ 100 · 15m
21:30 KSA · REGULAR · signal     · SUI-USD · pbTrend ▼ 100 · 1h
21:30 KSA · REGULAR · signal     · PEPE-USD · vwapRec ▲ 100 · 15m
21:30 KSA · REGULAR · signal     · TAO-USD · meanRev ▼ 100 · 15m
21:30 KSA · REGULAR · signal     · TRUMP-USD · vwapRec ▲ 100 · 15m
21:30 KSA · REGULAR · signal     · PENGU-USD · orb ▲ 100 · 15m
21:30 KSA · REGULAR · signal     · PENGU-USD · pbTrend ▼ 100 · 1h
21:33 KSA · REGULAR · scanner    · بدء المسح · 1153 رمزاً · الجلسة REGULAR
21:33 KSA · REGULAR · signal     · MS · vwapRec ▼ 88 · 15m
21:33 KSA · REGULAR · signal     · GS · orb ▼ 75 · 15m
21:33 KSA · REGULAR · signal     · WFC · orb ▼ 63 · 15m
21:33 KSA · REGULAR · signal     · C · orb ▼ 70 · 15m
21:33 KSA · REGULAR · signal     · C · brk ▼ 61 · 15m
21:33 KSA · REGULAR · signal     · TMUS · volSpike ▲ 78 · 15m
21:33 KSA · REGULAR · signal     · DOGE-USD · orb ▼ 85 · 15m
21:33 KSA · REGULAR · signal     · ADA-USD · volSpike ▲ 56 · 15m
21:33 KSA · REGULAR · signal     · XLM-USD · rsiDiv ▲ 81 · 15m
21:33 KSA · REGULAR · signal     · BCH-USD · rsiDiv ▲ 81 · 15m
21:33 KSA · REGULAR · signal     · LTC-USD · volSpike ▲ 56 · 15m
21:33 KSA · REGULAR · signal     · ENA-USD · volSpike ▲ 89 · 15m
21:33 KSA · REGULAR · signal     · CAKE-USD · volSpike ▲ 89 · 15m
21:33 KSA · REGULAR · signal     · QQQB-USD · vwapRec ▲ 83 · 15m
21:33 KSA · REGULAR · signal     · UNI-USD · orb ▼ 75 · 15m
21:33 KSA · REGULAR · signal     · UNI-USD · pbTrend ▲ 55 · 1h
21:33 KSA · REGULAR · signal     · UNI-USD · sqzExp ▼ 68 · 1h
21:33 KSA · REGULAR · signal     · UNI-USD · rsiDiv ▲ 69 · 15m
21:33 KSA · REGULAR · signal     · SUI-USD · orb ▼ 80 · 15m
21:33 KSA · REGULAR · signal     · SUI-USD · vwapRec ▼ 57 · 15m
21:33 KSA · REGULAR · signal     · SUI-USD · rsiDiv ▲ 69 · 15m
21:33 KSA · REGULAR · signal     · U-USD · orb ▼ 65 · 15m
21:33 KSA · REGULAR · signal     · U-USD · brk ▼ 55 · 15m
21:33 KSA · REGULAR · signal     · PEPE-USD · orb ▲ 60 · 15m
21:33 KSA · REGULAR · signal     · PEPE-USD · brk ▲ 68 · 15m
21:33 KSA · REGULAR · signal     · PEPE-USD · volSpike ▲ 78 · 15m
21:33 KSA · REGULAR · signal     · TAO-USD · orb ▼ 80 · 15m
21:33 KSA · REGULAR · signal     · TAO-USD · vwapRec ▼ 65 · 15m
21:33 KSA · REGULAR · signal     · TAO-USD · brk ▼ 73 · 15m
21:33 KSA · REGULAR · signal     · THE-USD · brk ▼ 73 · 15m
21:33 KSA · REGULAR · signal     · THE-USD · volSpike ▲ 56 · 15m
21:33 KSA · REGULAR · signal     · TRUMP-USD · brk ▼ 73 · 15m
21:33 KSA · REGULAR · signal     · PUMP-USD · volSpike ▼ 56 · 15m
21:33 KSA · REGULAR · signal     · ARB-USD · orb ▼ 57 · 15m
21:33 KSA · REGULAR · signal     · BANK-USD · orb ▼ 85 · 15m
21:33 KSA · REGULAR · signal     · BANK-USD · vwapRec ▼ 65 · 15m
21:33 KSA · REGULAR · signal     · TON-USD · brk ▼ 61 · 15m
21:33 KSA · REGULAR · signal     · SENT-USD · orb ▼ 63 · 15m
21:33 KSA · REGULAR · signal     · PENGU-USD · vwapRec ▼ 65 · 15m
21:33 KSA · REGULAR · signal     · WLFI-USD · orb ▼ 75 · 15m
21:33 KSA · REGULAR · signal     · WLFI-USD · brk ▼ 55 · 15m
21:33 KSA · REGULAR · signal     · WLFI-USD · sqzExp ▼ 90 · 1h
21:33 KSA · REGULAR · signal     · ASTER-USD · volSpike ▲ 72 · 15m
21:33 KSA · REGULAR · signal     · APT-USD · vwapRec ▼ 65 · 15m
21:34 KSA · REGULAR · scanner    · بدء المسح · 1153 رمزاً · الجلسة REGULAR
21:34 KSA · REGULAR · signal     · AVGO · orb ▼ 64 · 15m
21:34 KSA · REGULAR · signal     · CSCO · brk ▼ 100 · 15m
21:34 KSA · REGULAR · signal     · COST · orb ▼ 100 · 15m
21:34 KSA · REGULAR · signal     · COST · meanRev ▲ 100 · 15m
21:34 KSA · REGULAR · signal     · AMGN · vwapRec ▼ 100 · 15m
21:34 KSA · REGULAR · signal     · PH · orb ▼ 100 · 15m
21:34 KSA · REGULAR · signal     · CMCSA · meanRev ▲ 100 · 15m
21:34 KSA · REGULAR · signal     · ON · brk ▼ 100 · 15m
21:34 KSA · REGULAR · signal     · FET-USD · orb ▼ 82 · 15m
21:34 KSA · REGULAR · signal     · FET-USD · vwapRec ▼ 60 · 15m
21:34 KSA · REGULAR · signal     · XPL-USD · vwapRec ▼ 79 · 15m
21:34 KSA · REGULAR · signal     · IOTA-USD · vwapRec ▼ 100 · 15m
21:34 KSA · REGULAR · signal     · UNI-USD · vwapRec ▲ 73 · 15m
21:34 KSA · REGULAR · signal     · ARB-USD · vwapRec ▲ 60 · 15m
21:34 KSA · REGULAR · signal     · USB · brk ▼ 69 · 1d
21:34 KSA · REGULAR · signal     · PCAR · brk ▼ 69 · 1d
21:34 KSA · REGULAR · signal     · TFC · meanRev ▲ 100 · 1d
21:34 KSA · REGULAR · signal     · COINB-USD · meanRev ▲ 100 · 1d
21:34 KSA · REGULAR · signal     · AVGOB-USD · brk ▼ 69 · 1d
21:37 KSA · REGULAR · scanner    · بدء المسح · 1153 رمزاً · الجلسة REGULAR
21:37 KSA · REGULAR · signal     · AMZN · orb ▼ 100 · 15m
21:37 KSA · REGULAR · signal     · AMZN · sqzExp ▼ 100 · 1h
21:37 KSA · REGULAR · signal     · ABBV · vwapRec ▼ 100 · 15m
21:37 KSA · REGULAR · signal     · ORCL · vwapRec ▼ 75 · 15m
21:37 KSA · REGULAR · signal     · BAC · orb ▼ 82 · 15m
21:37 KSA · REGULAR · signal     · GE · vwapRec ▼ 100 · 15m
21:37 KSA · REGULAR · signal     · ETH-USD · pbTrend ▲ 57 · 1h
21:37 KSA · REGULAR · signal     · RTX · vwapRec ▼ 100 · 15m
21:37 KSA · REGULAR · signal     · TXN · brk ▼ 100 · 15m
21:37 KSA · REGULAR · signal     · IBM · meanRev ▲ 100 · 15m
21:37 KSA · REGULAR · signal     · QCOM · orb ▼ 100 · 15m
21:37 KSA · REGULAR · signal     · APH · orb ▼ 82 · 15m
21:37 KSA · REGULAR · signal     · ADI · orb ▼ 82 · 15m
21:37 KSA · REGULAR · signal     · NEE · brk ▼ 69 · 15m
21:37 KSA · REGULAR · signal     · MDT · orb ▼ 82 · 15m
21:37 KSA · REGULAR · signal     · HOOD · meanRev ▲ 100 · 15m
21:37 KSA · REGULAR · signal     · KKR · orb ▼ 100 · 15m
21:37 KSA · REGULAR · signal     · KKR · brk ▼ 100 · 15m
21:37 KSA · REGULAR · signal     · KKR · sqzExp ▼ 100 · 1h
21:37 KSA · REGULAR · signal     · HPE · vwapRec ▼ 100 · 15m
21:37 KSA · REGULAR · signal     · SOL-USD · vwapRec ▼ 73 · 15m
21:37 KSA · REGULAR · signal     · SOL-USD · pbTrend ▲ 57 · 1h
21:37 KSA · REGULAR · signal     · MCHP · brk ▼ 100 · 15m
21:37 KSA · REGULAR · signal     · KMB · brk ▼ 100 · 15m
21:37 KSA · REGULAR · signal     · BCH-USD · orb ▼ 100 · 15m
21:37 KSA · REGULAR · signal     · XAUT-USD · orb ▼ 100 · 15m
21:37 KSA · REGULAR · signal     · PAXG-USD · orb ▼ 100 · 15m
21:37 KSA · REGULAR · signal     · PENDLE-USD · pbTrend ▲ 57 · 1h
21:37 KSA · REGULAR · signal     · MSTRB-USD · meanRev ▲ 100 · 15m
21:37 KSA · REGULAR · signal     · MSTRB-USD · sqzExp ▼ 100 · 1h
21:37 KSA · REGULAR · signal     · MUB-USD · orb ▼ 100 · 15m
21:37 KSA · REGULAR · signal     · MUB-USD · brk ▼ 69 · 15m
21:37 KSA · REGULAR · signal     · UNI-USD · orb ▼ 64 · 15m
21:37 KSA · REGULAR · signal     · SUI-USD · vwapRec ▼ 85 · 15m
21:37 KSA · REGULAR · signal     · TAO-USD · vwapRec ▼ 93 · 15m
21:37 KSA · REGULAR · signal     · THE-USD · brk ▼ 100 · 15m
21:37 KSA · REGULAR · signal     · BANK-USD · orb ▼ 64 · 15m
21:37 KSA · REGULAR · signal     · SENT-USD · orb ▼ 82 · 15m
21:37 KSA · REGULAR · signal     · PENGU-USD · orb ▼ 100 · 15m
21:37 KSA · REGULAR · signal     · PENGU-USD · vwapRec ▼ 93 · 15m
21:37 KSA · REGULAR · signal     · ICE · meanRev ▲ 100 · 1d
21:37 KSA · REGULAR · signal     · CFG · meanRev ▲ 100 · 1d
21:37 KSA · REGULAR · signal     · AEVO-USD · brk ▼ 69 · 1d
21:37 KSA · REGULAR · signal     · CITY-USD · brk ▼ 100 · 1d
21:37 KSA · REGULAR · signal     · GMX-USD · brk ▼ 69 · 1d
21:38 KSA · REGULAR · scanner    · بدء المسح · 1153 رمزاً · الجلسة REGULAR
21:39 KSA · REGULAR · signal     · PLTR · orb ▲ 100 · 15m
21:39 KSA · REGULAR · signal     · TJX · vwapRec ▼ 100 · 15m
21:39 KSA · REGULAR · signal     · LMT · pbTrend ▼ 57 · 1h
21:39 KSA · REGULAR · signal     · BSX · vwapRec ▲ 100 · 15m
21:39 KSA · REGULAR · signal     · SOL-USD · orb ▲ 100 · 15m
21:39 KSA · REGULAR · signal     · ZEC-USD · meanRev ▼ 100 · 15m
21:39 KSA · REGULAR · signal     · DOGE-USD · vwapRec ▲ 100 · 15m
21:39 KSA · REGULAR · signal     · XLM-USD · meanRev ▼ 100 · 15m
21:39 KSA · REGULAR · signal     · WLD-USD · vwapRec ▲ 100 · 15m
21:39 KSA · REGULAR · signal     · SUI-USD · orb ▲ 82 · 15m
21:39 KSA · REGULAR · signal     · ASTER-USD · orb ▲ 100 · 15m
21:40 KSA · REGULAR · scanner    · بدء المسح · 1153 رمزاً · الجلسة REGULAR
21:40 KSA · REGULAR · signal     · LMT · orb ▲ 64 · 15m
21:40 KSA · REGULAR · signal     · BNB-USD · orb ▲ 100 · 15m
21:40 KSA · REGULAR · signal     · WLD-USD · orb ▲ 82 · 15m
21:40 KSA · REGULAR · signal     · CAKE-USD · meanRev ▼ 100 · 15m
21:40 KSA · REGULAR · signal     · SNDKB-USD · orb ▲ 64 · 15m
21:42 KSA · REGULAR · scanner    · بدء المسح · 1153 رمزاً · الجلسة REGULAR
21:42 KSA · REGULAR · signal     · LRCX · vwapRec ▼ 70 · 15m
21:42 KSA · REGULAR · signal     · LIN · vwapRec ▼ 68 · 15m
21:42 KSA · REGULAR · signal     · PGR · momo ▼ 75 · 1h
21:42 KSA · REGULAR · signal     · DASH-USD · sqzExp ▲ 65 · 1h
21:42 KSA · REGULAR · signal     · PENDLE-USD · brk ▲ 77 · 15m
21:42 KSA · REGULAR · signal     · QQQB-USD · vwapRec ▼ 60 · 15m
21:42 KSA · REGULAR · signal     · MUB-USD · orb ▼ 90 · 15m
21:42 KSA · REGULAR · signal     · SNDKB-USD · vwapRec ▼ 78 · 15m
21:42 KSA · REGULAR · signal     · SNXXB-USD · vwapRec ▼ 78 · 15m
21:42 KSA · REGULAR · signal     · UNI-USD · brk ▼ 68 · 15m
21:42 KSA · REGULAR · signal     · UNI-USD · pbTrend ▲ 55 · 1h
21:42 KSA · REGULAR · signal     · UNI-USD · sqzExp ▼ 68 · 1h
21:42 KSA · REGULAR · signal     · U-USD · orb ▼ 65 · 15m
21:42 KSA · REGULAR · signal     · U-USD · brk ▼ 55 · 15m
21:42 KSA · REGULAR · signal     · PEPE-USD · orb ▲ 60 · 15m
21:42 KSA · REGULAR · signal     · PEPE-USD · brk ▲ 68 · 15m
21:42 KSA · REGULAR · signal     · TAO-USD · orb ▼ 80 · 15m
21:42 KSA · REGULAR · signal     · TAO-USD · vwapRec ▼ 57 · 15m
21:42 KSA · REGULAR · signal     · TAO-USD · brk ▼ 73 · 15m
21:42 KSA · REGULAR · signal     · TRUMP-USD · brk ▼ 73 · 15m
21:42 KSA · REGULAR · signal     · ARB-USD · orb ▼ 57 · 15m
21:42 KSA · REGULAR · signal     · BANK-USD · vwapRec ▼ 65 · 15m
21:42 KSA · REGULAR · signal     · BANK-USD · brk ▼ 75 · 15m
21:42 KSA · REGULAR · signal     · TON-USD · brk ▼ 61 · 15m
21:42 KSA · REGULAR · signal     · PENGU-USD · brk ▼ 73 · 15m
21:42 KSA · REGULAR · signal     · WLFI-USD · orb ▼ 75 · 15m
21:42 KSA · REGULAR · signal     · WLFI-USD · brk ▼ 55 · 15m
21:42 KSA · REGULAR · signal     · WLFI-USD · sqzExp ▼ 90 · 1h
21:44 KSA · REGULAR · scanner    · بدء المسح · 1153 رمزاً · الجلسة REGULAR
21:44 KSA · REGULAR · signal     · GOOGL · vwapRec ▲ 68 · 15m
21:44 KSA · REGULAR · signal     · GOOG · vwapRec ▲ 60 · 15m
21:44 KSA · REGULAR · signal     · BTC-USD · orb ▲ 100 · 15m
21:44 KSA · REGULAR · signal     · MU · vwapRec ▲ 83 · 15m
21:44 KSA · REGULAR · signal     · ETH-USD · orb ▲ 100 · 15m
21:44 KSA · REGULAR · signal     · HON · orb ▲ 64 · 15m
21:44 KSA · REGULAR · signal     · LHX · orb ▲ 100 · 15m
21:44 KSA · REGULAR · signal     · ADA-USD · vwapRec ▲ 100 · 15m
21:44 KSA · REGULAR · signal     · AVAX-USD · orb ▲ 100 · 15m
21:44 KSA · REGULAR · signal     · ENA-USD · brk ▲ 100 · 15m
21:44 KSA · REGULAR · signal     · ETHFI-USD · brk ▲ 69 · 15m
21:44 KSA · REGULAR · signal     · SNXXB-USD · orb ▲ 86 · 15m
21:44 KSA · REGULAR · signal     · UNI-USD · vwapRec ▲ 65 · 15m
21:44 KSA · REGULAR · signal     · SUI-USD · orb ▲ 88 · 15m
21:44 KSA · REGULAR · signal     · SUI-USD · vwapRec ▲ 68 · 15m
21:44 KSA · REGULAR · signal     · TRUMP-USD · vwapRec ▲ 75 · 15m
21:44 KSA · REGULAR · signal     · PENGU-USD · orb ▲ 95 · 15m
21:44 KSA · REGULAR · signal     · PENGU-USD · vwapRec ▲ 75 · 15m
21:44 KSA · REGULAR · signal     · WLFI-USD · vwapRec ▲ 78 · 15m
21:44 KSA · REGULAR · signal     · ASTER-USD · orb ▲ 85 · 15m
21:44 KSA · REGULAR · signal     · APT-USD · vwapRec ▲ 100 · 15m
21:46 KSA · REGULAR · scanner    · بدء المسح · 1153 رمزاً · الجلسة REGULAR
21:46 KSA · REGULAR · signal     · BA · meanRev ▲ 67 · 15m
21:46 KSA · REGULAR · signal     · GRAM-USD · meanRev ▲ 100 · 15m
21:46 KSA · REGULAR · signal     · XAUT-USD · meanRev ▲ 100 · 15m
21:46 KSA · REGULAR · signal     · ETHFI-USD · orb ▼ 64 · 15m
21:46 KSA · REGULAR · signal     · PENDLE-USD · orb ▼ 64 · 15m
21:48 KSA · REGULAR · scanner    · بدء المسح · 1153 رمزاً · الجلسة REGULAR
21:48 KSA · REGULAR · signal     · GS · brk ▼ 100 · 15m
21:48 KSA · REGULAR · signal     · WFC · brk ▼ 100 · 15m
21:48 KSA · REGULAR · signal     · WFC · meanRev ▲ 100 · 15m
21:48 KSA · REGULAR · signal     · LIN · orb ▼ 82 · 15m
21:48 KSA · REGULAR · signal     · BA · sqzExp ▼ 100 · 1h
21:48 KSA · REGULAR · signal     · FCX · orb ▼ 64 · 15m
21:48 KSA · REGULAR · signal     · NKE · orb ▼ 82 · 15m
21:48 KSA · REGULAR · signal     · XAUT-USD · brk ▼ 100 · 15m
21:48 KSA · REGULAR · signal     · PAXG-USD · brk ▼ 100 · 15m
21:48 KSA · REGULAR · signal     · MUB-USD · vwapRec ▼ 79 · 15m
21:48 KSA · REGULAR · signal     · SENT-USD · vwapRec ▼ 100 · 15m
21:48 KSA · REGULAR · signal     · TFC · brk ▼ 69 · 1d
21:48 KSA · REGULAR · signal     · KEY · brk ▼ 69 · 1d
21:48 KSA · REGULAR · signal     · MGM · meanRev ▲ 100 · 1d
21:50 KSA · REGULAR · scanner    · بدء المسح · 1153 رمزاً · الجلسة REGULAR
21:50 KSA · REGULAR · signal     · PM · pbTrend ▲ 100 · 1h
21:50 KSA · REGULAR · signal     · PWR · orb ▼ 82 · 15m
21:50 KSA · REGULAR · signal     · FIX · orb ▼ 82 · 15m
21:53 KSA · REGULAR · scanner    · بدء المسح · 1153 رمزاً · الجلسة REGULAR
21:53 KSA · REGULAR · signal     · BTC-USD · vwapRec ▼ 80 · 15m
21:53 KSA · REGULAR · signal     · WMT · vwapRec ▼ 80 · 15m
21:53 KSA · REGULAR · signal     · CAT · rsiDiv ▼ 92 · 15m
21:53 KSA · REGULAR · signal     · ETH-USD · vwapRec ▼ 88 · 15m
21:53 KSA · REGULAR · signal     · SCHW · rsiDiv ▲ 78 · 15m
21:53 KSA · REGULAR · signal     · DE · rsiDiv ▲ 78 · 15m
21:53 KSA · REGULAR · signal     · ADI · volSpike ▼ 89 · 15m
21:53 KSA · REGULAR · signal     · NEM · volSpike ▲ 72 · 15m
21:53 KSA · REGULAR · signal     · LITE · rsiDiv ▼ 89 · 15m
21:53 KSA · REGULAR · signal     · HON · vwapRec ▼ 75 · 15m
21:53 KSA · REGULAR · signal     · FIX · vwapRec ▼ 57 · 15m
21:53 KSA · REGULAR · signal     · VST · orb ▼ 90 · 15m
21:53 KSA · REGULAR · signal     · LHX · volSpike ▲ 78 · 15m
21:53 KSA · REGULAR · signal     · MCHP · vwapRec ▼ 55 · 15m
21:53 KSA · REGULAR · signal     · ZEC-USD · volSpike ▲ 72 · 15m
21:53 KSA · REGULAR · signal     · NEAR-USD · volSpike ▲ 78 · 15m
21:53 KSA · REGULAR · signal     · AVAX-USD · volSpike ▲ 56 · 15m
21:53 KSA · REGULAR · signal     · ETHFI-USD · vwapRec ▼ 90 · 15m
21:53 KSA · REGULAR · signal     · MSTRB-USD · rsiDiv ▼ 61 · 15m
21:53 KSA · REGULAR · signal     · UNI-USD · orb ▼ 75 · 15m
21:53 KSA · REGULAR · signal     · UNI-USD · brk ▼ 68 · 15m
21:53 KSA · REGULAR · signal     · UNI-USD · pbTrend ▲ 55 · 1h
21:53 KSA · REGULAR · signal     · UNI-USD · sqzExp ▼ 68 · 1h
21:53 KSA · REGULAR · signal     · U-USD · orb ▼ 65 · 15m
21:53 KSA · REGULAR · signal     · U-USD · brk ▼ 57 · 15m
21:53 KSA · REGULAR · signal     · PEPE-USD · orb ▲ 60 · 15m
21:53 KSA · REGULAR · signal     · PEPE-USD · brk ▲ 68 · 15m
21:53 KSA · REGULAR · signal     · TAO-USD · orb ▼ 80 · 15m
21:53 KSA · REGULAR · signal     · TAO-USD · vwapRec ▼ 57 · 15m
21:53 KSA · REGULAR · signal     · TAO-USD · brk ▼ 73 · 15m
21:53 KSA · REGULAR · signal     · TRUMP-USD · brk ▼ 73 · 15m
21:53 KSA · REGULAR · signal     · ARB-USD · orb ▼ 65 · 15m
21:53 KSA · REGULAR · signal     · ARB-USD · brk ▼ 59 · 15m
21:53 KSA · REGULAR · signal     · BANK-USD · orb ▼ 85 · 15m
21:53 KSA · REGULAR · signal     · BANK-USD · vwapRec ▼ 65 · 15m
21:53 KSA · REGULAR · signal     · BANK-USD · brk ▼ 68 · 15m
21:53 KSA · REGULAR · signal     · TON-USD · brk ▼ 61 · 15m
21:53 KSA · REGULAR · signal     · SENT-USD · orb ▼ 63 · 15m
21:53 KSA · REGULAR · signal     · PENGU-USD · brk ▼ 73 · 15m
21:53 KSA · REGULAR · signal     · WLFI-USD · orb ▼ 75 · 15m
21:53 KSA · REGULAR · signal     · WLFI-USD · brk ▼ 55 · 15m
21:53 KSA · REGULAR · signal     · WLFI-USD · sqzExp ▼ 90 · 1h
21:53 KSA · REGULAR · signal     · WLFI-USD · volSpike ▲ 56 · 15m
21:54 KSA · REGULAR · scanner    · بدء المسح · 1153 رمزاً · الجلسة REGULAR
21:54 KSA · REGULAR · signal     · GOOGL · orb ▼ 64 · 15m
21:54 KSA · REGULAR · signal     · MSFT · meanRev ▲ 100 · 15m
21:54 KSA · REGULAR · signal     · AMZN · orb ▼ 100 · 15m
21:54 KSA · REGULAR · signal     · JPM · meanRev ▲ 100 · 15m
21:54 KSA · REGULAR · signal     · ORCL · vwapRec ▼ 100 · 15m
21:54 KSA · REGULAR · signal     · CAT · orb ▼ 100 · 15m
21:54 KSA · REGULAR · signal     · LRCX · brk ▼ 69 · 15m
21:54 KSA · REGULAR · signal     · GE · vwapRec ▼ 71 · 15m
21:54 KSA · REGULAR · signal     · MS · orb ▼ 100 · 15m
21:54 KSA · REGULAR · signal     · HD · orb ▼ 100 · 15m
21:54 KSA · REGULAR · signal     · RTX · vwapRec ▼ 100 · 15m
21:54 KSA · REGULAR · signal     · SNDK · vwapRec ▼ 79 · 15m
21:54 KSA · REGULAR · signal     · APH · orb ▼ 82 · 15m
21:54 KSA · REGULAR · signal     · DE · meanRev ▲ 100 · 15m
21:54 KSA · REGULAR · signal     · NEE · meanRev ▲ 100 · 15m
21:54 KSA · REGULAR · signal     · ETN · meanRev ▲ 100 · 15m
21:54 KSA · REGULAR · signal     · MDT · brk ▼ 69 · 15m
21:54 KSA · REGULAR · signal     · MDT · pbTrend ▲ 100 · 1h
21:54 KSA · REGULAR · signal     · LOW · orb ▼ 100 · 15m
21:54 KSA · REGULAR · signal     · FCX · brk ▼ 69 · 15m
21:54 KSA · REGULAR · signal     · SHW · orb ▼ 100 · 15m
21:54 KSA · REGULAR · signal     · NKE · sqzExp ▼ 100 · 1h
21:54 KSA · REGULAR · signal     · RDDT · orb ▼ 100 · 15m
21:54 KSA · REGULAR · signal     · XAUT-USD · orb ▼ 75 · 15m
21:54 KSA · REGULAR · signal     · PAXG-USD · orb ▼ 82 · 15m
21:54 KSA · REGULAR · signal     · XPL-USD · orb ▼ 100 · 15m
21:54 KSA · REGULAR · signal     · XPL-USD · vwapRec ▼ 60 · 15m
21:54 KSA · REGULAR · signal     · OP-USD · orb ▼ 82 · 15m
21:54 KSA · REGULAR · signal     · QQQB-USD · sqzExp ▼ 100 · 1h
21:54 KSA · REGULAR · signal     · SNDKB-USD · vwapRec ▼ 60 · 15m
21:54 KSA · REGULAR · signal     · UNI-USD · vwapRec ▲ 90 · 15m
21:54 KSA · REGULAR · signal     · SUI-USD · orb ▲ 95 · 15m
21:54 KSA · REGULAR · signal     · SUI-USD · vwapRec ▲ 85 · 15m
21:54 KSA · REGULAR · signal     · TRUMP-USD · vwapRec ▲ 100 · 15m
21:54 KSA · REGULAR · signal     · PENGU-USD · vwapRec ▲ 93 · 15m
21:54 KSA · REGULAR · signal     · ASTER-USD · orb ▲ 85 · 15m
21:54 KSA · REGULAR · signal     · AMP · meanRev ▲ 100 · 1d
21:54 KSA · REGULAR · signal     · FITB · brk ▼ 69 · 1d
21:54 KSA · REGULAR · signal     · CFG · brk ▼ 69 · 1d
21:54 KSA · REGULAR · signal     · BEN · brk ▼ 69 · 1d
21:54 KSA · REGULAR · signal     · BEN · meanRev ▲ 100 · 1d
21:54 KSA · REGULAR · signal     · APTV · brk ▼ 69 · 1d
21:54 KSA · REGULAR · signal     · SPYB-USD · brk ▼ 69 · 1d
21:56 KSA · REGULAR · scanner    · بدء المسح · 1153 رمزاً · الجلسة REGULAR
21:56 KSA · REGULAR · signal     · GOOGL · brk ▼ 100 · 15m
21:56 KSA · REGULAR · signal     · APH · brk ▼ 69 · 15m
21:56 KSA · REGULAR · signal     · MCD · vwapRec ▼ 100 · 15m
21:56 KSA · REGULAR · signal     · ETN · orb ▼ 82 · 15m
21:56 KSA · REGULAR · signal     · XRP-USD · orb ▼ 82 · 15m
21:56 KSA · REGULAR · signal     · SHW · brk ▼ 100 · 15m
21:56 KSA · REGULAR · signal     · OP-USD · vwapRec ▼ 100 · 15m
21:56 KSA · REGULAR · signal     · MUB-USD · orb ▼ 82 · 15m
21:56 KSA · REGULAR · signal     · PEPE-USD · vwapRec ▼ 79 · 15m
21:56 KSA · REGULAR · signal     · WLFI-USD · vwapRec ▼ 79 · 15m
21:56 KSA · REGULAR · signal     · EMR · brk ▼ 69 · 1d
21:56 KSA · REGULAR · signal     · PCAR · meanRev ▲ 100 · 1d
21:58 KSA · REGULAR · scanner    · بدء المسح · 1153 رمزاً · الجلسة REGULAR
21:58 KSA · REGULAR · signal     · GOOG · orb ▼ 100 · 15m
21:58 KSA · REGULAR · signal     · GOOG · brk ▼ 100 · 15m
21:58 KSA · REGULAR · signal     · ROK · meanRev ▲ 100 · 1d
21:58 KSA · REGULAR · signal     · XYZ · meanRev ▲ 100 · 1d
21:58 KSA · REGULAR · signal     · BMNRB-USD · meanRev ▲ 100 · 1d
22:00 KSA · REGULAR · scanner    · بدء المسح · 1153 رمزاً · الجلسة REGULAR
22:00 KSA · REGULAR · signal     · ADP · pbTrend ▲ 57 · 1h
22:00 KSA · REGULAR · signal     · INTU · orb ▼ 82 · 15m
22:00 KSA · REGULAR · signal     · CDNS · vwapRec ▼ 100 · 15m
22:00 KSA · REGULAR · signal     · ADSK · meanRev ▲ 100 · 15m
22:00 KSA · REGULAR · signal     · FET-USD · orb ▲ 82 · 15m
22:00 KSA · REGULAR · signal     · SUI-USD · pbTrend ▼ 79 · 1h
22:00 KSA · REGULAR · signal     · TAO-USD · orb ▲ 82 · 15m
22:00 KSA · REGULAR · signal     · PENGU-USD · orb ▲ 82 · 15m
22:00 KSA · REGULAR · signal     · PENGU-USD · pbTrend ▼ 100 · 1h
22:00 KSA · REGULAR · signal     · APT-USD · vwapRec ▲ 100 · 15m
22:00 KSA · REGULAR · signal     · GPN · meanRev ▲ 100 · 1d
22:03 KSA · REGULAR · scanner    · بدء المسح · 1153 رمزاً · الجلسة REGULAR
22:03 KSA · REGULAR · signal     · GE · orb ▲ 60 · 15m
22:03 KSA · REGULAR · signal     · GS · volSpike ▼ 89 · 15m
22:03 KSA · REGULAR · signal     · TXN · volSpike ▼ 72 · 15m
22:03 KSA · REGULAR · signal     · C · volSpike ▼ 78 · 15m
22:03 KSA · REGULAR · signal     · KLAC · volSpike ▼ 83 · 15m
22:03 KSA · REGULAR · signal     · UNP · vwapRec ▼ 63 · 15m
22:03 KSA · REGULAR · signal     · BX · volSpike ▼ 83 · 15m
22:03 KSA · REGULAR · signal     · PH · vwapRec ▼ 60 · 15m
22:03 KSA · REGULAR · signal     · ADP · volSpike ▼ 78 · 15m
22:03 KSA · REGULAR · signal     · PSX · rsiDiv ▼ 61 · 15m
22:03 KSA · REGULAR · signal     · FCX · volSpike ▼ 83 · 15m
22:03 KSA · REGULAR · signal     · MDLZ · volSpike ▼ 67 · 15m
22:03 KSA · REGULAR · signal     · NXPI · volSpike ▼ 78 · 15m
22:03 KSA · REGULAR · signal     · LHX · volSpike ▼ 83 · 15m
22:03 KSA · REGULAR · signal     · GRAM-USD · volSpike ▲ 67 · 15m
22:03 KSA · REGULAR · signal     · XAUT-USD · volSpike ▼ 89 · 15m
22:03 KSA · REGULAR · signal     · PAXG-USD · volSpike ▼ 100 · 15m
22:03 KSA · REGULAR · signal     · ENA-USD · volSpike ▼ 67 · 15m
22:03 KSA · REGULAR · signal     · RAY-USD · volSpike ▲ 89 · 15m
22:03 KSA · REGULAR · signal     · CRCLB-USD · sqzExp ▼ 68 · 1h
22:03 KSA · REGULAR · signal     · QQQB-USD · orb ▼ 80 · 15m
22:03 KSA · REGULAR · signal     · QQQB-USD · volSpike ▼ 94 · 15m
22:03 KSA · REGULAR · signal     · UNI-USD · orb ▼ 68 · 15m
22:03 KSA · REGULAR · signal     · UNI-USD · brk ▼ 64 · 15m
22:03 KSA · REGULAR · signal     · UNI-USD · pbTrend ▲ 55 · 1h
22:03 KSA · REGULAR · signal     · UNI-USD · sqzExp ▼ 68 · 1h
22:03 KSA · REGULAR · signal     · U-USD · orb ▼ 57 · 15m
22:03 KSA · REGULAR · signal     · PEPE-USD · orb ▲ 60 · 15m
22:03 KSA · REGULAR · signal     · PEPE-USD · brk ▲ 55 · 15m
22:03 KSA · REGULAR · signal     · TAO-USD · vwapRec ▼ 57 · 15m
22:03 KSA · REGULAR · signal     · TAO-USD · brk ▼ 80 · 15m
22:03 KSA · REGULAR · signal     · THE-USD · brk ▼ 73 · 15m
22:03 KSA · REGULAR · signal     · TRUMP-USD · brk ▼ 70 · 15m
22:03 KSA · REGULAR · signal     · ARB-USD · orb ▼ 65 · 15m
22:03 KSA · REGULAR · signal     · ARB-USD · brk ▼ 57 · 15m
22:03 KSA · REGULAR · signal     · BANK-USD · orb ▼ 85 · 15m
22:03 KSA · REGULAR · signal     · BANK-USD · vwapRec ▼ 57 · 15m
22:03 KSA · REGULAR · signal     · BANK-USD · brk ▼ 82 · 15m
22:03 KSA · REGULAR · signal     · TON-USD · brk ▼ 61 · 15m
22:03 KSA · REGULAR · signal     · SENT-USD · orb ▼ 55 · 15m
22:03 KSA · REGULAR · signal     · PENGU-USD · brk ▼ 80 · 15m
22:03 KSA · REGULAR · signal     · WLFI-USD · orb ▼ 75 · 15m
22:03 KSA · REGULAR · signal     · WLFI-USD · brk ▼ 68 · 15m
22:03 KSA · REGULAR · signal     · WLFI-USD · sqzExp ▼ 90 · 1h
22:04 KSA · REGULAR · scanner    · بدء المسح · 1153 رمزاً · الجلسة REGULAR
22:04 KSA · REGULAR · signal     · COP · meanRev ▲ 100 · 15m
22:04 KSA · REGULAR · signal     · SOL-USD · sqzExp ▲ 100 · 1h
22:04 KSA · REGULAR · signal     · BCH-USD · orb ▲ 100 · 15m
22:04 KSA · REGULAR · signal     · RAY-USD · brk ▲ 100 · 15m
22:04 KSA · REGULAR · signal     · RAY-USD · sqzExp ▲ 100 · 1h
22:04 KSA · REGULAR · signal     · SUI-USD · orb ▲ 88 · 15m
22:04 KSA · REGULAR · signal     · TAO-USD · orb ▲ 95 · 15m
22:04 KSA · REGULAR · signal     · TRUMP-USD · vwapRec ▲ 75 · 15m
22:04 KSA · REGULAR · signal     · PENGU-USD · orb ▲ 95 · 15m
22:04 KSA · REGULAR · signal     · PENGU-USD · vwapRec ▲ 68 · 15m
22:04 KSA · REGULAR · signal     · PENGU-USD · meanRev ▼ 55 · 15m
22:04 KSA · REGULAR · signal     · WLFI-USD · vwapRec ▲ 63 · 15m
22:04 KSA · REGULAR · signal     · ASTER-USD · orb ▲ 85 · 15m
22:04 KSA · REGULAR · signal     · APT-USD · vwapRec ▲ 75 · 15m
22:07 KSA · REGULAR · scanner    · بدء المسح · 1153 رمزاً · الجلسة REGULAR
22:07 KSA · REGULAR · signal     · AMZN · meanRev ▲ 100 · 15m
22:07 KSA · REGULAR · signal     · AVGO · meanRev ▲ 100 · 15m
22:07 KSA · REGULAR · signal     · INTC · orb ▼ 100 · 15m
22:07 KSA · REGULAR · signal     · AMAT · meanRev ▲ 100 · 15m
22:07 KSA · REGULAR · signal     · ADI · brk ▼ 69 · 15m
22:07 KSA · REGULAR · signal     · GLW · meanRev ▲ 100 · 15m
22:07 KSA · REGULAR · signal     · XAUT-USD · meanRev ▲ 100 · 15m
22:07 KSA · REGULAR · signal     · QQQB-USD · brk ▼ 100 · 15m
22:07 KSA · REGULAR · signal     · SNXXB-USD · orb ▼ 64 · 15m
22:07 KSA · REGULAR · signal     · IBKR · meanRev ▲ 100 · 1d
22:07 KSA · REGULAR · signal     · STT · brk ▼ 69 · 1d
22:07 KSA · REGULAR · signal     · AMP · brk ▼ 69 · 1d
22:08 KSA · REGULAR · scanner    · بدء المسح · 1153 رمزاً · الجلسة REGULAR
22:08 KSA · REGULAR · signal     · MU · orb ▼ 82 · 15m
22:08 KSA · REGULAR · signal     · KLAC · brk ▼ 100 · 15m
22:08 KSA · REGULAR · signal     · SCHW · meanRev ▲ 100 · 15m
22:08 KSA · REGULAR · signal     · UNP · orb ▼ 82 · 15m
22:08 KSA · REGULAR · signal     · WDC · orb ▼ 82 · 15m
22:08 KSA · REGULAR · signal     · MUB-USD · brk ▼ 100 · 15m
22:08 KSA · REGULAR · signal     · SNDKB-USD · orb ▼ 100 · 15m
22:08 KSA · REGULAR · signal     · BANK-USD · orb ▼ 64 · 15m
22:10 KSA · REGULAR · scanner    · بدء المسح · 1153 رمزاً · الجلسة REGULAR
22:10 KSA · REGULAR · signal     · MU · brk ▼ 69 · 15m
22:10 KSA · REGULAR · signal     · NSC · orb ▼ 82 · 15m
22:10 KSA · REGULAR · signal     · NSC · brk ▼ 69 · 15m
22:10 KSA · REGULAR · signal     · ADA-USD · vwapRec ▼ 100 · 15m
22:10 KSA · REGULAR · signal     · EUR-USD · brk ▼ 69 · 15m
22:13 KSA · REGULAR · scanner    · بدء المسح · 1153 رمزاً · الجلسة REGULAR
22:13 KSA · REGULAR · signal     · BTC-USD · vwapRec ▼ 80 · 15m
22:13 KSA · REGULAR · signal     · GS · tfAlign ▼ 74 · 1d
22:13 KSA · REGULAR · signal     · SNDK · orb ▼ 80 · 15m
22:13 KSA · REGULAR · signal     · SNDK · brk ▼ 80 · 15m
22:13 KSA · REGULAR · signal     · NEE · vwapRec ▼ 60 · 15m
22:13 KSA · REGULAR · signal     · UNP · brk ▼ 73 · 15m
22:13 KSA · REGULAR · signal     · UNP · sqzExp ▼ 63 · 1h
22:13 KSA · REGULAR · signal     · NOW · momo ▼ 58 · 1h
22:13 KSA · REGULAR · signal     · PGR · orb ▼ 78 · 15m
22:13 KSA · REGULAR · signal     · PGR · brk ▼ 77 · 15m
22:13 KSA · REGULAR · signal     · GLW · brk ▼ 89 · 15m
22:13 KSA · REGULAR · signal     · LITE · vwapRec ▼ 68 · 15m
22:13 KSA · REGULAR · signal     · SNPS · vwapRec ▲ 75 · 15m
22:13 KSA · REGULAR · signal     · RDDT · brk ▼ 66 · 15m
22:13 KSA · REGULAR · signal     · BCH-USD · vwapRec ▼ 93 · 15m
22:13 KSA · REGULAR · signal     · SPCXB-USD · vwapRec ▲ 85 · 15m
22:13 KSA · REGULAR · signal     · UNI-USD · orb ▼ 63 · 15m
22:13 KSA · REGULAR · signal     · UNI-USD · brk ▼ 64 · 15m
22:13 KSA · REGULAR · signal     · UNI-USD · pbTrend ▲ 55 · 1h
22:13 KSA · REGULAR · signal     · UNI-USD · sqzExp ▼ 68 · 1h
22:13 KSA · REGULAR · signal     · U-USD · orb ▼ 57 · 15m
22:13 KSA · REGULAR · signal     · PEPE-USD · orb ▲ 60 · 15m
22:13 KSA · REGULAR · signal     · PEPE-USD · brk ▲ 55 · 15m
22:13 KSA · REGULAR · signal     · TAO-USD · vwapRec ▼ 57 · 15m
22:13 KSA · REGULAR · signal     · TAO-USD · brk ▼ 80 · 15m
22:13 KSA · REGULAR · signal     · THE-USD · brk ▼ 73 · 15m
22:13 KSA · REGULAR · signal     · THE-USD · momo ▼ 81 · 1h
22:13 KSA · REGULAR · signal     · TRUMP-USD · brk ▼ 70 · 15m
22:13 KSA · REGULAR · signal     · ARB-USD · orb ▼ 65 · 15m
22:13 KSA · REGULAR · signal     · ARB-USD · brk ▼ 57 · 15m
22:13 KSA · REGULAR · signal     · BANK-USD · vwapRec ▼ 57 · 15m
22:13 KSA · REGULAR · signal     · BANK-USD · brk ▼ 82 · 15m
22:13 KSA · REGULAR · signal     · TON-USD · brk ▼ 61 · 15m
22:13 KSA · REGULAR · signal     · SENT-USD · orb ▼ 55 · 15m
22:13 KSA · REGULAR · signal     · PENGU-USD · brk ▼ 80 · 15m
22:13 KSA · REGULAR · signal     · WLFI-USD · orb ▼ 75 · 15m
22:13 KSA · REGULAR · signal     · WLFI-USD · brk ▼ 68 · 15m
22:13 KSA · REGULAR · signal     · WLFI-USD · sqzExp ▼ 90 · 1h
22:14 KSA · REGULAR · scanner    · بدء المسح · 1153 رمزاً · الجلسة REGULAR
22:14 KSA · REGULAR · signal     · NVDA · orb ▼ 82 · 15m
22:14 KSA · REGULAR · signal     · V · meanRev ▲ 100 · 15m
22:14 KSA · REGULAR · signal     · MA · brk ▼ 100 · 15m
22:14 KSA · REGULAR · signal     · PLTR · vwapRec ▼ 100 · 15m
22:14 KSA · REGULAR · signal     · CRM · orb ▼ 82 · 15m
22:14 KSA · REGULAR · signal     · DIS · meanRev ▲ 100 · 15m
22:14 KSA · REGULAR · signal     · NOW · pbTrend ▲ 100 · 1h
22:14 KSA · REGULAR · signal     · TJX · orb ▼ 64 · 15m
22:14 KSA · REGULAR · signal     · VST · brk ▼ 69 · 15m
22:14 KSA · REGULAR · signal     · SMCI · orb ▼ 64 · 15m
22:14 KSA · REGULAR · signal     · SNDKB-USD · brk ▼ 69 · 15m
22:14 KSA · REGULAR · signal     · SOXLB-USD · orb ▼ 82 · 15m
22:14 KSA · REGULAR · signal     · UNI-USD · vwapRec ▲ 75 · 15m
22:14 KSA · REGULAR · signal     · SUI-USD · orb ▲ 88 · 15m
22:14 KSA · REGULAR · signal     · SUI-USD · vwapRec ▲ 60 · 15m
22:14 KSA · REGULAR · signal     · SUI-USD · pbTrend ▼ 57 · 1h
22:14 KSA · REGULAR · signal     · TRUMP-USD · vwapRec ▲ 93 · 15m
22:14 KSA · REGULAR · signal     · ARB-USD · vwapRec ▲ 60 · 15m
22:14 KSA · REGULAR · signal     · PENGU-USD · vwapRec ▲ 85 · 15m
22:14 KSA · REGULAR · signal     · WLFI-USD · vwapRec ▲ 70 · 15m
22:14 KSA · REGULAR · signal     · ASTER-USD · orb ▲ 75 · 15m
22:14 KSA · REGULAR · signal     · APT-USD · vwapRec ▲ 100 · 15m
22:16 KSA · REGULAR · scanner    · بدء المسح · 1153 رمزاً · الجلسة REGULAR
22:16 KSA · REGULAR · signal     · LLY · orb ▼ 64 · 15m
22:16 KSA · REGULAR · signal     · DHR · vwapRec ▼ 100 · 15m
22:16 KSA · REGULAR · signal     · VRTX · orb ▼ 82 · 15m
22:16 KSA · REGULAR · signal     · VRTX · brk ▼ 69 · 15m
22:16 KSA · REGULAR · signal     · SNXXB-USD · brk ▼ 69 · 15m
22:16 KSA · REGULAR · signal     · CRH · meanRev ▲ 100 · 1d
22:16 KSA · REGULAR · signal     · PRU · meanRev ▲ 100 · 1d
22:16 KSA · REGULAR · signal     · HSIC · meanRev ▲ 100 · 1d
22:18 KSA · REGULAR · scanner    · بدء المسح · 1153 رمزاً · الجلسة REGULAR
22:18 KSA · REGULAR · signal     · LIN · brk ▼ 69 · 15m
22:18 KSA · REGULAR · signal     · ADBE · brk ▼ 100 · 15m
22:18 KSA · REGULAR · signal     · PRU · brk ▼ 69 · 1d
22:20 KSA · REGULAR · scanner    · بدء المسح · 1153 رمزاً · الجلسة REGULAR
22:20 KSA · REGULAR · signal     · META · orb ▼ 82 · 15m
22:20 KSA · REGULAR · signal     · APP · orb ▼ 100 · 15m
22:20 KSA · REGULAR · signal     · COIN · meanRev ▲ 100 · 15m
22:20 KSA · REGULAR · signal     · ICP-USD · orb ▼ 64 · 15m
22:20 KSA · REGULAR · signal     · BANK-USD · orb ▼ 64 · 15m
22:20 KSA · REGULAR · signal     · TRGP · meanRev ▲ 100 · 1d
22:20 KSA · REGULAR · signal     · VMRK · meanRev ▲ 100 · 1d
22:20 KSA · REGULAR · signal     · WAB · brk ▼ 69 · 1d
22:23 KSA · REGULAR · scanner    · بدء المسح · 1153 رمزاً · الجلسة REGULAR
22:23 KSA · REGULAR · signal     · AAPL · momo ▼ 56 · 1h
22:23 KSA · REGULAR · signal     · GOOGL · momo ▼ 83 · 1h
22:23 KSA · REGULAR · signal     · GOOG · momo ▼ 83 · 1h
22:23 KSA · REGULAR · signal     · MSFT · momo ▼ 92 · 1h
22:23 KSA · REGULAR · signal     · JPM · momo ▼ 75 · 1h
22:23 KSA · REGULAR · signal     · WMT · momo ▼ 67 · 1h
22:23 KSA · REGULAR · signal     · AMD · pbTrend ▲ 86 · 1h
22:23 KSA · REGULAR · signal     · V · momo ▼ 86 · 1h
22:23 KSA · REGULAR · signal     · CVX · momo ▼ 83 · 1h
22:23 KSA · REGULAR · signal     · LRCX · volSpike ▼ 72 · 15m
22:23 KSA · REGULAR · signal     · GS · momo ▼ 81 · 1h
22:23 KSA · REGULAR · signal     · IBM · momo ▼ 89 · 1h
22:23 KSA · REGULAR · signal     · IBM · tfAlign ▼ 55 · 1d
22:23 KSA · REGULAR · signal     · C · momo ▼ 64 · 1h
22:23 KSA · REGULAR · signal     · LIN · momo ▼ 83 · 1h
22:23 KSA · REGULAR · signal     · QCOM · pbTrend ▲ 90 · 1h
22:23 KSA · REGULAR · signal     · DIS · momo ▼ 56 · 1h
22:23 KSA · REGULAR · signal     · ADI · momo ▼ 61 · 1h
22:23 KSA · REGULAR · signal     · BLK · volSpike ▼ 78 · 15m
22:23 KSA · REGULAR · signal     · BX · momo ▼ 89 · 1h
22:23 KSA · REGULAR · signal     · UBER · momo ▼ 78 · 1h
22:23 KSA · REGULAR · signal     · TJX · momo ▼ 83 · 1h
22:23 KSA · REGULAR · signal     · CB · pbTrend ▲ 71 · 1h
22:23 KSA · REGULAR · signal     · CB · momo ▼ 75 · 1h
22:23 KSA · REGULAR · signal     · NEM · volSpike ▼ 78 · 15m
22:23 KSA · REGULAR · signal     · NEM · momo ▼ 69 · 1h
22:23 KSA · REGULAR · signal     · SPGI · vwapRec ▼ 55 · 15m
22:23 KSA · REGULAR · signal     · SPGI · momo ▼ 86 · 1h
22:23 KSA · REGULAR · signal     · MDT · volSpike ▼ 83 · 15m
22:23 KSA · REGULAR · signal     · PH · momo ▼ 78 · 1h
22:23 KSA · REGULAR · signal     · SYK · tfAlign ▼ 92 · 1d
22:23 KSA · REGULAR · signal     · ADBE · tfAlign ▼ 84 · 1d
22:23 KSA · REGULAR · signal     · HOOD · momo ▼ 89 · 1h
22:23 KSA · REGULAR · signal     · SHW · volSpike ▼ 83 · 15m
22:23 KSA · REGULAR · signal     · SHW · momo ▼ 86 · 1h
22:23 KSA · REGULAR · signal     · HPE · momo ▼ 56 · 1h
22:23 KSA · REGULAR · signal     · CMI · volSpike ▼ 78 · 15m
22:23 KSA · REGULAR · signal     · NSC · momo ▼ 69 · 1h
22:23 KSA · REGULAR · signal     · FIX · momo ▼ 61 · 1h
22:23 KSA · REGULAR · signal     · CIEN · momo ▼ 83 · 1h
22:23 KSA · REGULAR · signal     · CIEN · tfAlign ▼ 82 · 1d
22:23 KSA · REGULAR · signal     · MCHP · momo ▼ 75 · 1h
22:23 KSA · REGULAR · signal     · SMCI · brk ▼ 73 · 15m
22:23 KSA · REGULAR · signal     · SMCI · volSpike ▼ 83 · 15m
22:23 KSA · REGULAR · signal     · IOTA-USD · rsiDiv ▲ 94 · 1h
22:23 KSA · REGULAR · signal     · QQQB-USD · momo ▼ 83 · 1h
22:23 KSA · REGULAR · signal     · SOXLB-USD · momo ▼ 100 · 1h
22:23 KSA · REGULAR · signal     · UNI-USD · orb ▼ 60 · 15m
22:23 KSA · REGULAR · signal     · UNI-USD · brk ▼ 64 · 15m
22:23 KSA · REGULAR · signal     · UNI-USD · pbTrend ▲ 57 · 1h
22:23 KSA · REGULAR · signal     · UNI-USD · sqzExp ▼ 75 · 1h
22:23 KSA · REGULAR · signal     · U-USD · orb ▼ 65 · 15m
22:23 KSA · REGULAR · signal     · U-USD · brk ▼ 64 · 15m
22:23 KSA · REGULAR · signal     · PEPE-USD · orb ▲ 60 · 15m
22:23 KSA · REGULAR · signal     · PEPE-USD · brk ▲ 55 · 15m
22:23 KSA · REGULAR · signal     · TAO-USD · orb ▼ 80 · 15m
22:23 KSA · REGULAR · signal     · TAO-USD · vwapRec ▼ 57 · 15m
22:23 KSA · REGULAR · signal     · TAO-USD · brk ▼ 80 · 15m
22:23 KSA · REGULAR · signal     · THE-USD · brk ▼ 86 · 15m
22:23 KSA · REGULAR · signal     · THE-USD · volSpike ▼ 89 · 15m
22:23 KSA · REGULAR · signal     · TRUMP-USD · brk ▼ 80 · 15m
22:23 KSA · REGULAR · signal     · ARB-USD · orb ▼ 65 · 15m
22:23 KSA · REGULAR · signal     · ARB-USD · brk ▼ 64 · 15m
22:23 KSA · REGULAR · signal     · ARB-USD · sqzExp ▼ 55 · 1h
22:23 KSA · REGULAR · signal     · BANK-USD · vwapRec ▼ 65 · 15m
22:23 KSA · REGULAR · signal     · BANK-USD · brk ▼ 82 · 15m
22:23 KSA · REGULAR · signal     · BANK-USD · tfAlign ▼ 68 · 1d
22:23 KSA · REGULAR · signal     · TON-USD · brk ▼ 61 · 15m
22:23 KSA · REGULAR · signal     · SENT-USD · orb ▼ 55 · 15m
22:23 KSA · REGULAR · signal     · PENGU-USD · orb ▼ 80 · 15m
22:23 KSA · REGULAR · signal     · PENGU-USD · brk ▼ 80 · 15m
22:23 KSA · REGULAR · signal     · WLFI-USD · orb ▼ 75 · 15m
22:23 KSA · REGULAR · signal     · WLFI-USD · brk ▼ 61 · 15m
22:23 KSA · REGULAR · signal     · WLFI-USD · sqzExp ▼ 90 · 1h
22:23 KSA · REGULAR · signal     · ASTER-USD · sqzExp ▼ 85 · 1h
22:23 KSA · REGULAR · signal     · ASTER-USD · volSpike ▼ 61 · 15m
22:25 KSA · REGULAR · scanner    · بدء المسح · 1153 رمزاً · الجلسة REGULAR
22:25 KSA · REGULAR · signal     · CSCO · sqzExp ▼ 100 · 1h
22:25 KSA · REGULAR · signal     · DELL · orb ▼ 64 · 15m
22:25 KSA · REGULAR · signal     · UNP · meanRev ▲ 100 · 15m
22:25 KSA · REGULAR · signal     · NXPI · meanRev ▲ 100 · 15m
22:25 KSA · REGULAR · signal     · SWKS · brk ▼ 69 · 15m
22:25 KSA · REGULAR · signal     · FET-USD · vwapRec ▼ 100 · 15m
22:25 KSA · REGULAR · signal     · OP-USD · vwapRec ▼ 100 · 15m
22:25 KSA · REGULAR · signal     · SUI-USD · orb ▲ 90 · 15m
22:25 KSA · REGULAR · signal     · UPS · meanRev ▲ 100 · 1d
22:25 KSA · REGULAR · signal     · GM · meanRev ▲ 100 · 1d
22:25 KSA · REGULAR · signal     · CVNA · meanRev ▲ 100 · 1d
22:25 KSA · REGULAR · signal     · CMG · meanRev ▲ 100 · 1d
22:25 KSA · REGULAR · signal     · CHTR · meanRev ▲ 100 · 1d
22:26 KSA · REGULAR · scanner    · بدء المسح · 1153 رمزاً · الجلسة REGULAR
22:26 KSA · REGULAR · signal     · MU · meanRev ▲ 100 · 15m
22:26 KSA · REGULAR · signal     · WMT · meanRev ▲ 100 · 15m
22:26 KSA · REGULAR · signal     · BLK · sqzExp ▼ 100 · 1h
22:26 KSA · REGULAR · signal     · TJX · sqzExp ▼ 100 · 1h
22:26 KSA · REGULAR · signal     · APP · brk ▼ 69 · 15m
22:26 KSA · REGULAR · signal     · ADBE · meanRev ▲ 100 · 15m
22:26 KSA · REGULAR · signal     · XRP-USD · orb ▼ 82 · 15m
22:26 KSA · REGULAR · signal     · SOL-USD · vwapRec ▼ 79 · 15m
22:26 KSA · REGULAR · signal     · MRNA · orb ▼ 82 · 15m
22:26 KSA · REGULAR · signal     · BCH-USD · orb ▼ 100 · 15m
22:26 KSA · REGULAR · signal     · XPL-USD · brk ▼ 69 · 15m
22:26 KSA · REGULAR · signal     · UNI-USD · vwapRec ▼ 100 · 15m
22:26 KSA · REGULAR · signal     · TAO-USD · vwapRec ▼ 79 · 15m
22:26 KSA · REGULAR · signal     · TRUMP-USD · vwapRec ▼ 100 · 15m
22:26 KSA · REGULAR · signal     · ARB-USD · vwapRec ▼ 100 · 15m
22:26 KSA · REGULAR · signal     · PENGU-USD · vwapRec ▼ 79 · 15m
22:26 KSA · REGULAR · signal     · WLFI-USD · orb ▼ 82 · 15m
22:26 KSA · REGULAR · signal     · APTV · meanRev ▲ 100 · 1d
22:28 KSA · REGULAR · scanner    · بدء المسح · 1153 رمزاً · الجلسة REGULAR
22:28 KSA · REGULAR · signal     · OKE · meanRev ▲ 100 · 1d
22:30 KSA · REGULAR · scanner    · بدء المسح · 1153 رمزاً · الجلسة REGULAR
22:30 KSA · REGULAR · signal     · MTL-USD · orb ▲ 64 · 15m
22:30 KSA · REGULAR · signal     · ASTER-USD · orb ▲ 82 · 15m
22:32 KSA · REGULAR · scanner    · بدء المسح · 1153 رمزاً · الجلسة REGULAR
22:32 KSA · REGULAR · signal     · BTC-USD · orb ▼ 80 · 15m
22:32 KSA · REGULAR · signal     · V · vwapRec ▼ 55 · 15m
22:32 KSA · REGULAR · signal     · VZ · volSpike ▼ 56 · 15m
22:32 KSA · REGULAR · signal     · AMGN · volSpike ▼ 72 · 15m
22:32 KSA · REGULAR · signal     · DHR · rsiDiv ▼ 78 · 15m
22:32 KSA · REGULAR · signal     · PH · volSpike ▲ 67 · 15m
22:32 KSA · REGULAR · signal     · INTU · momo ▼ 100 · 1h
22:32 KSA · REGULAR · signal     · MDLZ · vwapRec ▼ 60 · 15m
22:32 KSA · REGULAR · signal     · XAUT-USD · sqzExp ▼ 75 · 1h
22:32 KSA · REGULAR · signal     · SOXLB-USD · meanRev ▲ 57 · 15m
22:32 KSA · REGULAR · signal     · SOXLB-USD · sqzExp ▼ 65 · 1h
22:32 KSA · REGULAR · signal     · UNI-USD · brk ▼ 66 · 15m
22:32 KSA · REGULAR · signal     · UNI-USD · pbTrend ▲ 57 · 1h
22:32 KSA · REGULAR · signal     · UNI-USD · sqzExp ▼ 75 · 1h
22:32 KSA · REGULAR · signal     · U-USD · orb ▼ 65 · 15m
22:32 KSA · REGULAR · signal     · U-USD · brk ▼ 64 · 15m
22:32 KSA · REGULAR · signal     · PEPE-USD · orb ▲ 60 · 15m
22:32 KSA · REGULAR · signal     · TAO-USD · brk ▼ 80 · 15m
22:32 KSA · REGULAR · signal     · THE-USD · brk ▼ 73 · 15m
22:32 KSA · REGULAR · signal     · TRUMP-USD · brk ▼ 80 · 15m
22:32 KSA · REGULAR · signal     · ARB-USD · orb ▼ 57 · 15m
22:32 KSA · REGULAR · signal     · ARB-USD · brk ▼ 57 · 15m
22:32 KSA · REGULAR · signal     · ARB-USD · sqzExp ▼ 55 · 1h
22:32 KSA · REGULAR · signal     · BANK-USD · brk ▼ 75 · 15m
22:32 KSA · REGULAR · signal     · TON-USD · brk ▼ 61 · 15m
22:32 KSA · REGULAR · signal     · PENGU-USD · orb ▼ 80 · 15m
22:32 KSA · REGULAR · signal     · PENGU-USD · brk ▼ 80 · 15m
22:32 KSA · REGULAR · signal     · PENGU-USD · tfAlign ▼ 66 · 1d
22:32 KSA · REGULAR · signal     · WLFI-USD · sqzExp ▼ 90 · 1h
22:32 KSA · REGULAR · signal     · ASTER-USD · sqzExp ▼ 85 · 1h
22:32 KSA · REGULAR · signal     · APT-USD · vwapRec ▼ 65 · 15m
22:34 KSA · REGULAR · scanner    · بدء المسح · 1153 رمزاً · الجلسة REGULAR
22:34 KSA · REGULAR · signal     · PM · orb ▼ 100 · 15m
22:34 KSA · REGULAR · signal     · PM · brk ▼ 100 · 15m
22:34 KSA · REGULAR · signal     · DIS · orb ▼ 82 · 15m
22:34 KSA · REGULAR · signal     · DVN · brk ▼ 69 · 15m
22:34 KSA · REGULAR · signal     · DVN · meanRev ▲ 100 · 15m
22:34 KSA · REGULAR · signal     · ONDO-USD · pbTrend ▼ 100 · 1h
22:34 KSA · REGULAR · signal     · SUI-USD · orb ▲ 83 · 15m
22:34 KSA · REGULAR · signal     · BANK-USD · vwapRec ▲ 100 · 15m
22:34 KSA · REGULAR · signal     · ASTER-USD · orb ▲ 75 · 15m
22:34 KSA · REGULAR · signal     · ORLY · meanRev ▲ 100 · 1d
22:37 KSA · REGULAR · scanner    · بدء المسح · 1153 رمزاً · الجلسة REGULAR
22:37 KSA · REGULAR · signal     · MA · meanRev ▲ 100 · 15m
22:37 KSA · REGULAR · signal     · ETH-USD · orb ▼ 64 · 15m
22:37 KSA · REGULAR · signal     · GS · meanRev ▲ 100 · 15m
22:37 KSA · REGULAR · signal     · T · sqzExp ▼ 100 · 1h
22:37 KSA · REGULAR · signal     · BA · meanRev ▲ 100 · 15m
22:37 KSA · REGULAR · signal     · KKR · brk ▼ 69 · 15m
22:37 KSA · REGULAR · signal     · AON · orb ▼ 82 · 15m
22:37 KSA · REGULAR · signal     · PENGU-USD · orb ▼ 64 · 15m
22:37 KSA · REGULAR · signal     · CVS · meanRev ▲ 100 · 1d
22:38 KSA · REGULAR · scanner    · بدء المسح · 1153 رمزاً · الجلسة REGULAR
22:38 KSA · REGULAR · signal     · PLTR · orb ▲ 82 · 15m
22:38 KSA · REGULAR · signal     · CAKE-USD · orb ▲ 82 · 15m
22:38 KSA · REGULAR · signal     · PEPE-USD · vwapRec ▲ 79 · 15m
22:38 KSA · REGULAR · signal     · APT-USD · vwapRec ▲ 100 · 15m
22:40 KSA · REGULAR · scanner    · بدء المسح · 1153 رمزاً · الجلسة REGULAR
22:40 KSA · REGULAR · signal     · NKE · meanRev ▲ 100 · 15m
22:43 KSA · REGULAR · scanner    · بدء المسح · 1153 رمزاً · الجلسة REGULAR
22:43 KSA · REGULAR · signal     · MSFT · meanRev ▲ 68 · 15m
22:43 KSA · REGULAR · signal     · TSLA · vwapRec ▼ 60 · 15m
22:43 KSA · REGULAR · signal     · KLAC · vwapRec ▼ 60 · 15m
22:43 KSA · REGULAR · signal     · APH · vwapRec ▼ 55 · 15m
22:43 KSA · REGULAR · signal     · COP · sqzExp ▼ 60 · 1h
22:43 KSA · REGULAR · signal     · PAXG-USD · sqzExp ▼ 75 · 1h
22:43 KSA · REGULAR · signal     · QQQB-USD · meanRev ▲ 60 · 15m
22:43 KSA · REGULAR · signal     · UNI-USD · brk ▼ 66 · 15m
22:43 KSA · REGULAR · signal     · UNI-USD · pbTrend ▲ 57 · 1h
22:43 KSA · REGULAR · signal     · UNI-USD · sqzExp ▼ 75 · 1h
22:43 KSA · REGULAR · signal     · U-USD · orb ▼ 65 · 15m
22:43 KSA · REGULAR · signal     · U-USD · brk ▼ 64 · 15m
22:43 KSA · REGULAR · signal     · PEPE-USD · orb ▲ 60 · 15m
22:43 KSA · REGULAR · signal     · TAO-USD · orb ▼ 80 · 15m
22:43 KSA · REGULAR · signal     · TAO-USD · brk ▼ 80 · 15m
22:43 KSA · REGULAR · signal     · THE-USD · brk ▼ 73 · 15m
22:43 KSA · REGULAR · signal     · TRUMP-USD · vwapRec ▼ 65 · 15m
22:43 KSA · REGULAR · signal     · TRUMP-USD · brk ▼ 80 · 15m
22:43 KSA · REGULAR · signal     · EUR-USD · sqzExp ▼ 75 · 1h
22:43 KSA · REGULAR · signal     · ARB-USD · orb ▼ 57 · 15m
22:43 KSA · REGULAR · signal     · ARB-USD · brk ▼ 57 · 15m
22:43 KSA · REGULAR · signal     · ARB-USD · sqzExp ▼ 55 · 1h
22:43 KSA · REGULAR · signal     · BANK-USD · brk ▼ 75 · 15m
22:43 KSA · REGULAR · signal     · TON-USD · brk ▼ 61 · 15m
22:43 KSA · REGULAR · signal     · SENT-USD · orb ▼ 55 · 15m
22:43 KSA · REGULAR · signal     · PENGU-USD · vwapRec ▼ 57 · 15m
22:43 KSA · REGULAR · signal     · PENGU-USD · brk ▼ 80 · 15m
22:43 KSA · REGULAR · signal     · WLFI-USD · orb ▼ 60 · 15m
22:43 KSA · REGULAR · signal     · WLFI-USD · sqzExp ▼ 90 · 1h
22:43 KSA · REGULAR · signal     · ASTER-USD · sqzExp ▼ 85 · 1h
22:44 KSA · REGULAR · scanner    · بدء المسح · 1153 رمزاً · الجلسة REGULAR
22:44 KSA · REGULAR · signal     · AAPL · orb ▼ 64 · 15m
22:44 KSA · REGULAR · signal     · MS · brk ▼ 69 · 15m
22:44 KSA · REGULAR · signal     · LHX · orb ▲ 100 · 15m
22:44 KSA · REGULAR · signal     · IOTA-USD · vwapRec ▲ 100 · 15m
22:44 KSA · REGULAR · signal     · SUI-USD · orb ▲ 75 · 15m
22:44 KSA · REGULAR · signal     · TAO-USD · vwapRec ▲ 85 · 15m
22:44 KSA · REGULAR · signal     · BANK-USD · vwapRec ▲ 100 · 15m
22:44 KSA · REGULAR · signal     · ASTER-USD · orb ▲ 85 · 15m
22:44 KSA · REGULAR · signal     · APT-USD · vwapRec ▲ 100 · 15m
22:44 KSA · REGULAR · signal     · D · meanRev ▲ 100 · 1d
22:46 KSA · REGULAR · scanner    · بدء المسح · 1153 رمزاً · الجلسة REGULAR
22:46 KSA · REGULAR · signal     · COHR · orb ▲ 82 · 15m
22:46 KSA · REGULAR · signal     · COHR · vwapRec ▲ 100 · 15m
22:46 KSA · REGULAR · signal     · BCH-USD · orb ▲ 64 · 15m
22:46 KSA · REGULAR · signal     · FET-USD · orb ▲ 100 · 15m
22:48 KSA · REGULAR · scanner    · بدء المسح · 1153 رمزاً · الجلسة REGULAR
22:48 KSA · REGULAR · signal     · NFLX · meanRev ▲ 100 · 15m
22:48 KSA · REGULAR · signal     · LINK-USD · orb ▲ 64 · 15m
22:48 KSA · REGULAR · signal     · TAO-USD · orb ▲ 82 · 15m
22:50 KSA · REGULAR · scanner    · بدء المسح · 1153 رمزاً · الجلسة REGULAR
22:50 KSA · REGULAR · signal     · CDNS · orb ▲ 100 · 15m
22:50 KSA · REGULAR · signal     · PENGU-USD · pbTrend ▼ 100 · 1h
22:53 KSA · REGULAR · scanner    · بدء المسح · 1153 رمزاً · الجلسة REGULAR
22:53 KSA · REGULAR · signal     · WMT · orb ▼ 90 · 15m
22:53 KSA · REGULAR · signal     · CRWD · orb ▲ 80 · 15m
22:53 KSA · REGULAR · signal     · CRWD · vwapRec ▲ 93 · 15m
22:53 KSA · REGULAR · signal     · TMUS · volSpike ▼ 72 · 15m
22:53 KSA · REGULAR · signal     · DE · vwapRec ▼ 65 · 15m
22:53 KSA · REGULAR · signal     · ABT · brk ▼ 95 · 15m
22:53 KSA · REGULAR · signal     · BLK · volSpike ▲ 89 · 15m
22:53 KSA · REGULAR · signal     · SPGI · volSpike ▲ 78 · 15m
22:53 KSA · REGULAR · signal     · APP · volSpike ▲ 78 · 15m
22:53 KSA · REGULAR · signal     · KKR · volSpike ▲ 78 · 15m
22:53 KSA · REGULAR · signal     · FIX · volSpike ▼ 67 · 15m
22:53 KSA · REGULAR · signal     · SMCI · volSpike ▲ 83 · 15m
22:53 KSA · REGULAR · signal     · IOTA-USD · orb ▼ 65 · 15m
22:53 KSA · REGULAR · signal     · UNI-USD · orb ▼ 60 · 15m
22:53 KSA · REGULAR · signal     · UNI-USD · pbTrend ▲ 57 · 1h
22:53 KSA · REGULAR · signal     · UNI-USD · sqzExp ▼ 75 · 1h
22:53 KSA · REGULAR · signal     · PEPE-USD · brk ▲ 59 · 15m
22:53 KSA · REGULAR · signal     · TAO-USD · brk ▼ 73 · 15m
22:53 KSA · REGULAR · signal     · THE-USD · brk ▼ 73 · 15m
22:53 KSA · REGULAR · signal     · THE-USD · volSpike ▲ 67 · 15m
22:53 KSA · REGULAR · signal     · TRUMP-USD · orb ▼ 73 · 15m
22:53 KSA · REGULAR · signal     · TRUMP-USD · vwapRec ▼ 65 · 15m
22:53 KSA · REGULAR · signal     · TRUMP-USD · brk ▼ 64 · 15m
22:53 KSA · REGULAR · signal     · EUR-USD · sqzExp ▼ 75 · 1h
22:53 KSA · REGULAR · signal     · ARB-USD · sqzExp ▼ 55 · 1h
22:53 KSA · REGULAR · signal     · TON-USD · brk ▼ 61 · 15m
22:53 KSA · REGULAR · signal     · SENT-USD · orb ▼ 55 · 15m
22:53 KSA · REGULAR · signal     · PENGU-USD · orb ▼ 80 · 15m
22:53 KSA · REGULAR · signal     · PENGU-USD · vwapRec ▼ 57 · 15m
22:53 KSA · REGULAR · signal     · PENGU-USD · brk ▼ 64 · 15m
22:53 KSA · REGULAR · signal     · WLFI-USD · orb ▼ 60 · 15m
22:53 KSA · REGULAR · signal     · WLFI-USD · sqzExp ▼ 90 · 1h
22:53 KSA · REGULAR · signal     · ASTER-USD · sqzExp ▼ 85 · 1h
22:54 KSA · REGULAR · scanner    · بدء المسح · 1153 رمزاً · الجلسة REGULAR
22:54 KSA · REGULAR · signal     · AMD · orb ▼ 100 · 15m
22:54 KSA · REGULAR · signal     · MRK · orb ▲ 64 · 15m
22:54 KSA · REGULAR · signal     · MRK · brk ▲ 69 · 15m
22:54 KSA · REGULAR · signal     · CIEN · orb ▼ 82 · 15m
22:54 KSA · REGULAR · signal     · SUI-USD · orb ▲ 75 · 15m
22:54 KSA · REGULAR · signal     · SUI-USD · pbTrend ▼ 57 · 1h
22:54 KSA · REGULAR · signal     · TAO-USD · vwapRec ▲ 85 · 15m
22:54 KSA · REGULAR · signal     · ARB-USD · orb ▲ 57 · 15m
22:54 KSA · REGULAR · signal     · BANK-USD · vwapRec ▲ 85 · 15m
22:54 KSA · REGULAR · signal     · ASTER-USD · orb ▲ 78 · 15m
22:54 KSA · REGULAR · signal     · APT-USD · vwapRec ▲ 85 · 15m
22:54 KSA · REGULAR · signal     · FERG · brk ▼ 69 · 1d
22:56 KSA · REGULAR · scanner    · بدء المسح · 1153 رمزاً · الجلسة REGULAR
22:56 KSA · REGULAR · signal     · CSCO · meanRev ▲ 100 · 15m
22:56 KSA · REGULAR · signal     · PEP · meanRev ▲ 100 · 15m
22:56 KSA · REGULAR · signal     · ACN · vwapRec ▼ 79 · 15m
22:56 KSA · REGULAR · signal     · MRNA · vwapRec ▲ 100 · 15m
22:58 KSA · REGULAR · scanner    · بدء المسح · 1153 رمزاً · الجلسة REGULAR
22:58 KSA · REGULAR · signal     · MCD · orb ▼ 100 · 15m
22:58 KSA · REGULAR · signal     · MCD · meanRev ▲ 100 · 15m
22:58 KSA · REGULAR · signal     · HON · orb ▲ 64 · 15m
22:58 KSA · REGULAR · signal     · HSIC · brk ▼ 69 · 1d
23:00 KSA · AFTER   · scanner    · بدء المسح · 1153 رمزاً · الجلسة AFTER
23:00 KSA · AFTER   · signal     · WMT · brk ▼ 69 · 15m · جلسة ممتدة
23:00 KSA · AFTER   · signal     · HD · sqzExp ▼ 100 · 1h · جلسة ممتدة
23:00 KSA · AFTER   · signal     · HBAR-USD · vwapRec ▲ 100 · 15m
23:00 KSA · AFTER   · signal     · PENDLE-USD · sqzExp ▲ 100 · 1h
23:00 KSA · AFTER   · signal     · WLFI-USD · vwapRec ▲ 63 · 15m
23:00 KSA · AFTER   · signal     · VMRK · brk ▼ 69 · 1d · جلسة ممتدة
23:03 KSA · AFTER   · scanner    · بدء المسح · 1153 رمزاً · الجلسة AFTER
23:03 KSA · AFTER   · signal     · AVGO · volSpike ▲ 89 · 15m · جلسة ممتدة
23:03 KSA · AFTER   · signal     · TSLA · volSpike ▲ 78 · 15m · جلسة ممتدة
23:03 KSA · AFTER   · signal     · MU · volSpike ▼ 56 · 15m · جلسة ممتدة
23:03 KSA · AFTER   · signal     · AMD · volSpike ▲ 89 · 15m · جلسة ممتدة
23:03 KSA · AFTER   · signal     · PLTR · volSpike ▲ 89 · 15m · جلسة ممتدة
23:03 KSA · AFTER   · signal     · MRVL · volSpike ▲ 100 · 15m · جلسة ممتدة
23:03 KSA · AFTER   · signal     · TMUS · volSpike ▼ 78 · 15m · جلسة ممتدة
23:03 KSA · AFTER   · signal     · ACN · momo ▼ 81 · 1h · جلسة ممتدة
23:03 KSA · AFTER   · signal     · ADBE · volSpike ▲ 89 · 15m · جلسة ممتدة
23:03 KSA · AFTER   · signal     · DDOG · volSpike ▼ 56 · 15m · جلسة ممتدة
23:03 KSA · AFTER   · signal     · MPWR · volSpike ▼ 67 · 15m · جلسة ممتدة
23:03 KSA · AFTER   · signal     · COIN · volSpike ▲ 89 · 15m · جلسة ممتدة
23:03 KSA · AFTER   · signal     · ADA-USD · orb ▼ 57 · 15m
23:03 KSA · AFTER   · signal     · QQQB-USD · volSpike ▲ 67 · 15m
23:03 KSA · AFTER   · signal     · SOXLB-USD · volSpike ▲ 67 · 15m
23:03 KSA · AFTER   · signal     · UNI-USD · orb ▼ 60 · 15m
23:03 KSA · AFTER   · signal     · UNI-USD · pbTrend ▲ 57 · 1h
23:03 KSA · AFTER   · signal     · UNI-USD · sqzExp ▼ 75 · 1h
23:03 KSA · AFTER   · signal     · U-USD · orb ▼ 57 · 15m
23:03 KSA · AFTER   · signal     · TAO-USD · orb ▼ 73 · 15m
23:03 KSA · AFTER   · signal     · TAO-USD · brk ▼ 70 · 15m
23:03 KSA · AFTER   · signal     · THE-USD · brk ▼ 61 · 15m
23:03 KSA · AFTER   · signal     · TRUMP-USD · brk ▼ 61 · 15m
23:03 KSA · AFTER   · signal     · EUR-USD · sqzExp ▼ 75 · 1h
23:03 KSA · AFTER   · signal     · ARB-USD · sqzExp ▼ 55 · 1h
23:03 KSA · AFTER   · signal     · BANK-USD · orb ▼ 78 · 15m
23:03 KSA · AFTER   · signal     · TON-USD · brk ▼ 61 · 15m
23:03 KSA · AFTER   · signal     · SENT-USD · orb ▼ 55 · 15m
23:03 KSA · AFTER   · signal     · PENGU-USD · orb ▼ 65 · 15m
23:03 KSA · AFTER   · signal     · PENGU-USD · brk ▼ 61 · 15m
23:03 KSA · AFTER   · signal     · WLFI-USD · orb ▼ 60 · 15m
23:03 KSA · AFTER   · signal     · WLFI-USD · sqzExp ▼ 90 · 1h
23:03 KSA · AFTER   · signal     · ASTER-USD · sqzExp ▼ 85 · 1h
23:04 KSA · AFTER   · scanner    · بدء المسح · 1153 رمزاً · الجلسة AFTER
23:04 KSA · AFTER   · signal     · XRP-USD · sqzExp ▲ 100 · 1h
23:04 KSA · AFTER   · signal     · ICP-USD · orb ▲ 100 · 15m
23:04 KSA · AFTER   · signal     · OP-USD · vwapRec ▲ 100 · 15m
23:04 KSA · AFTER   · signal     · SUI-USD · orb ▲ 75 · 15m
23:04 KSA · AFTER   · signal     · SUI-USD · pbTrend ▼ 57 · 1h
23:04 KSA · AFTER   · signal     · ARB-USD · orb ▲ 57 · 15m
23:04 KSA · AFTER   · signal     · BANK-USD · vwapRec ▲ 85 · 15m
23:04 KSA · AFTER   · signal     · SENT-USD · vwapRec ▲ 65 · 15m
23:04 KSA · AFTER   · signal     · WLFI-USD · vwapRec ▲ 63 · 15m
23:04 KSA · AFTER   · signal     · ASTER-USD · orb ▲ 78 · 15m
23:04 KSA · AFTER   · signal     · APT-USD · vwapRec ▲ 60 · 15m
23:08 KSA · AFTER   · scanner    · بدء المسح · 1153 رمزاً · الجلسة AFTER
23:08 KSA · AFTER   · signal     · ADP · brk ▼ 81 · 15m · جلسة ممتدة
23:08 KSA · AFTER   · signal     · LINK-USD · brk ▲ 69 · 15m
23:08 KSA · AFTER   · signal     · MSTRB-USD · vwapRec ▲ 100 · 15m
23:08 KSA · AFTER   · signal     · XYZ · brk ▼ 69 · 1d · جلسة ممتدة
23:08 KSA · AFTER   · signal     · JUV-USD · meanRev ▲ 100 · 1d
23:10 KSA · AFTER   · scanner    · بدء المسح · 1153 رمزاً · الجلسة AFTER
23:13 KSA · AFTER   · scanner    · بدء المسح · 1153 رمزاً · الجلسة AFTER
23:13 KSA · AFTER   · signal     · UNP · pbTrend ▲ 67 · 1h · جلسة ممتدة
23:13 KSA · AFTER   · signal     · UNI-USD · orb ▼ 55 · 15m
23:13 KSA · AFTER   · signal     · UNI-USD · pbTrend ▲ 57 · 1h
23:13 KSA · AFTER   · signal     · UNI-USD · sqzExp ▼ 75 · 1h
23:13 KSA · AFTER   · signal     · U-USD · orb ▼ 57 · 15m
23:13 KSA · AFTER   · signal     · TAO-USD · orb ▼ 73 · 15m
23:13 KSA · AFTER   · signal     · TAO-USD · brk ▼ 70 · 15m
23:13 KSA · AFTER   · signal     · THE-USD · brk ▼ 61 · 15m
23:13 KSA · AFTER   · signal     · TRUMP-USD · orb ▼ 73 · 15m
23:13 KSA · AFTER   · signal     · TRUMP-USD · brk ▼ 61 · 15m
23:13 KSA · AFTER   · signal     · ARB-USD · sqzExp ▼ 55 · 1h
23:13 KSA · AFTER   · signal     · BANK-USD · orb ▼ 78 · 15m
23:13 KSA · AFTER   · signal     · TON-USD · brk ▼ 61 · 15m
23:13 KSA · AFTER   · signal     · SENT-USD · orb ▼ 55 · 15m
23:13 KSA · AFTER   · signal     · PENGU-USD · orb ▼ 65 · 15m
23:13 KSA · AFTER   · signal     · PENGU-USD · brk ▼ 61 · 15m
23:13 KSA · AFTER   · signal     · WLFI-USD · orb ▼ 60 · 15m
23:13 KSA · AFTER   · signal     · WLFI-USD · sqzExp ▼ 90 · 1h
23:13 KSA · AFTER   · signal     · ASTER-USD · sqzExp ▼ 85 · 1h
23:14 KSA · AFTER   · scanner    · بدء المسح · 1153 رمزاً · الجلسة AFTER
23:14 KSA · AFTER   · signal     · ADP · brk ▼ 81 · 15m · جلسة ممتدة
23:14 KSA · AFTER   · signal     · SUI-USD · orb ▲ 75 · 15m
23:14 KSA · AFTER   · signal     · ARB-USD · orb ▲ 57 · 15m
23:14 KSA · AFTER   · signal     · BANK-USD · vwapRec ▲ 85 · 15m
23:14 KSA · AFTER   · signal     · PENGU-USD · vwapRec ▲ 63 · 15m
23:14 KSA · AFTER   · signal     · ASTER-USD · orb ▲ 78 · 15m
23:14 KSA · AFTER   · signal     · APT-USD · vwapRec ▲ 60 · 15m
23:16 KSA · AFTER   · scanner    · بدء المسح · 1153 رمزاً · الجلسة AFTER
23:16 KSA · AFTER   · signal     · BANK-USD · orb ▼ 64 · 15m
23:18 KSA · AFTER   · scanner    · بدء المسح · 1153 رمزاً · الجلسة AFTER
23:18 KSA · AFTER   · signal     · DOGE-USD · orb ▲ 82 · 15m
23:18 KSA · AFTER   · signal     · REZ-USD · vwapRec ▲ 100 · 15m
23:18 KSA · AFTER   · signal     · U-USD · orb ▲ 100 · 15m
23:20 KSA · AFTER   · scanner    · بدء المسح · 1153 رمزاً · الجلسة AFTER
23:20 KSA · AFTER   · signal     · FIL-USD · vwapRec ▲ 100 · 15m
23:20 KSA · AFTER   · signal     · REZ-USD · orb ▲ 64 · 15m
23:20 KSA · AFTER   · signal     · CVC-USD · meanRev ▼ 100 · 15m
23:20 KSA · AFTER   · signal     · TAO-USD · meanRev ▼ 100 · 15m
23:20 KSA · AFTER   · signal     · TRUMP-USD · orb ▲ 82 · 15m
23:20 KSA · AFTER   · signal     · PENGU-USD · orb ▲ 82 · 15m
23:20 KSA · AFTER   · signal     · WLFI-USD · vwapRec ▲ 100 · 15m
23:20 KSA · AFTER   · signal     · VICI · sqzExp ▼ 100 · 1d · جلسة ممتدة
23:23 KSA · AFTER   · scanner    · بدء المسح · 1153 رمزاً · الجلسة AFTER
23:23 KSA · AFTER   · signal     · V · volSpike ▲ 83 · 15m · جلسة ممتدة
23:23 KSA · AFTER   · signal     · JNJ · volSpike ▼ 78 · 15m · جلسة ممتدة
23:23 KSA · AFTER   · signal     · PLTR · momo ▲ 78 · 1h · جلسة ممتدة
23:23 KSA · AFTER   · signal     · MRK · momo ▲ 69 · 1h · جلسة ممتدة
23:23 KSA · AFTER   · signal     · RTX · volSpike ▲ 94 · 15m · جلسة ممتدة
23:23 KSA · AFTER   · signal     · C · pbTrend ▲ 64 · 1h · جلسة ممتدة
23:23 KSA · AFTER   · signal     · VZ · pbTrend ▲ 55 · 1h · جلسة ممتدة
23:23 KSA · AFTER   · signal     · CRM · volSpike ▲ 100 · 15m · جلسة ممتدة
23:23 KSA · AFTER   · signal     · APH · pbTrend ▲ 69 · 1h · جلسة ممتدة
23:23 KSA · AFTER   · signal     · SCHW · pbTrend ▲ 71 · 1h · جلسة ممتدة
23:23 KSA · AFTER   · signal     · DE · volSpike ▲ 89 · 15m · جلسة ممتدة
23:23 KSA · AFTER   · signal     · NEM · volSpike ▲ 94 · 15m · جلسة ممتدة
23:23 KSA · AFTER   · signal     · LMT · volSpike ▼ 78 · 15m · جلسة ممتدة
23:23 KSA · AFTER   · signal     · SYK · volSpike ▼ 78 · 15m · جلسة ممتدة
23:23 KSA · AFTER   · signal     · HOOD · pbTrend ▲ 60 · 1h · جلسة ممتدة
23:23 KSA · AFTER   · signal     · CIEN · pbTrend ▼ 67 · 1h · جلسة ممتدة
23:23 KSA · AFTER   · signal     · GRAM-USD · rsiDiv ▲ 75 · 15m
23:23 KSA · AFTER   · signal     · AAVE-USD · pbTrend ▲ 60 · 1h
23:23 KSA · AFTER   · signal     · ENA-USD · tfAlign ▲ 66 · 1d
23:23 KSA · AFTER   · signal     · FET-USD · sqzExp ▲ 80 · 1h
23:23 KSA · AFTER   · signal     · OP-USD · rsiDiv ▲ 69 · 1h
23:23 KSA · AFTER   · signal     · SNDKB-USD · volSpike ▲ 78 · 15m
23:23 KSA · AFTER   · signal     · UNI-USD · orb ▼ 68 · 15m
23:23 KSA · AFTER   · signal     · UNI-USD · brk ▼ 66 · 15m
23:23 KSA · AFTER   · signal     · UNI-USD · sqzExp ▼ 68 · 1h
23:23 KSA · AFTER   · signal     · SUI-USD · sqzExp ▼ 88 · 1h
23:23 KSA · AFTER   · signal     · PEPE-USD · orb ▲ 60 · 15m
23:23 KSA · AFTER   · signal     · TAO-USD · orb ▼ 75 · 15m
23:23 KSA · AFTER   · signal     · TAO-USD · brk ▼ 73 · 15m
23:23 KSA · AFTER   · signal     · THE-USD · brk ▼ 61 · 15m
23:23 KSA · AFTER   · signal     · TRUMP-USD · brk ▼ 66 · 15m
23:23 KSA · AFTER   · signal     · TRUMP-USD · sqzExp ▼ 65 · 1h
23:23 KSA · AFTER   · signal     · BANK-USD · brk ▼ 59 · 15m
23:23 KSA · AFTER   · signal     · TON-USD · brk ▼ 61 · 15m
23:23 KSA · AFTER   · signal     · SENT-USD · orb ▼ 55 · 15m
23:23 KSA · AFTER   · signal     · WLFI-USD · orb ▼ 75 · 15m
23:23 KSA · AFTER   · signal     · WLFI-USD · brk ▼ 55 · 15m
23:23 KSA · AFTER   · signal     · WLFI-USD · sqzExp ▼ 90 · 1h
23:23 KSA · AFTER   · signal     · ASTER-USD · sqzExp ▼ 95 · 1h
23:23 KSA · AFTER   · signal     · ASTER-USD · momo ▲ 64 · 1h
23:25 KSA · AFTER   · scanner    · بدء المسح · 1153 رمزاً · الجلسة AFTER
23:25 KSA · AFTER   · signal     · ADP · brk ▼ 81 · 15m · جلسة ممتدة
23:25 KSA · AFTER   · signal     · SUI-USD · orb ▲ 75 · 15m
23:25 KSA · AFTER   · signal     · SUI-USD · pbTrend ▼ 57 · 1h
23:25 KSA · AFTER   · signal     · TRUMP-USD · orb ▲ 80 · 15m
23:25 KSA · AFTER   · signal     · BANK-USD · vwapRec ▲ 85 · 15m
23:25 KSA · AFTER   · signal     · SENT-USD · vwapRec ▲ 65 · 15m
23:25 KSA · AFTER   · signal     · PENGU-USD · orb ▲ 65 · 15m
23:25 KSA · AFTER   · signal     · PENGU-USD · vwapRec ▲ 63 · 15m
23:25 KSA · AFTER   · signal     · WLFI-USD · vwapRec ▲ 78 · 15m
23:25 KSA · AFTER   · signal     · ASTER-USD · orb ▲ 78 · 15m
23:26 KSA · AFTER   · scanner    · بدء المسح · 1153 رمزاً · الجلسة AFTER
23:26 KSA · AFTER   · signal     · DDOG · brk ▼ 81 · 15m · جلسة ممتدة
23:26 KSA · AFTER   · signal     · DDOG · pbTrend ▲ 57 · 1h · جلسة ممتدة
23:26 KSA · AFTER   · signal     · BANK-USD · orb ▼ 64 · 15m
23:26 KSA · AFTER   · signal     · CSX · brk ▼ 69 · 1d · جلسة ممتدة
23:28 KSA · AFTER   · scanner    · بدء المسح · 1153 رمزاً · الجلسة AFTER
23:28 KSA · AFTER   · signal     · DIS · meanRev ▲ 100 · 15m · جلسة ممتدة
23:28 KSA · AFTER   · signal     · HON · meanRev ▲ 100 · 15m · جلسة ممتدة
23:28 KSA · AFTER   · signal     · INJ-USD · pbTrend ▲ 57 · 1h
23:28 KSA · AFTER   · signal     · MSTRB-USD · pbTrend ▲ 57 · 1h
23:28 KSA · AFTER   · signal     · GNRC · sqzExp ▲ 100 · 1d · جلسة ممتدة
23:30 KSA · AFTER   · scanner    · بدء المسح · 1153 رمزاً · الجلسة AFTER
23:30 KSA · AFTER   · signal     · UNP · brk ▼ 69 · 15m · جلسة ممتدة
23:30 KSA · AFTER   · signal     · UNI-USD · orb ▲ 82 · 15m
23:30 KSA · AFTER   · signal     · TRUMP-USD · brk ▲ 100 · 15m
23:30 KSA · AFTER   · signal     · LEN · meanRev ▲ 100 · 1d · جلسة ممتدة
23:30 KSA · AFTER   · signal     · LEN · sqzExp ▼ 100 · 1d · جلسة ممتدة
23:33 KSA · AFTER   · scanner    · بدء المسح · 1153 رمزاً · الجلسة AFTER
23:33 KSA · AFTER   · signal     · MU · vwapRec ▼ 62 · 15m · جلسة ممتدة
23:33 KSA · AFTER   · signal     · BAC · volSpike ▲ 72 · 15m · جلسة ممتدة
23:33 KSA · AFTER   · signal     · UNH · vwapRec ▼ 60 · 15m · جلسة ممتدة
23:33 KSA · AFTER   · signal     · HD · vwapRec ▼ 65 · 15m · جلسة ممتدة
23:33 KSA · AFTER   · signal     · GS · vwapRec ▼ 59 · 15m · جلسة ممتدة
23:33 KSA · AFTER   · signal     · RTX · vwapRec ▼ 73 · 15m · جلسة ممتدة
23:33 KSA · AFTER   · signal     · C · vwapRec ▼ 60 · 15m · جلسة ممتدة
23:33 KSA · AFTER   · signal     · UBER · volSpike ▲ 67 · 15m · جلسة ممتدة
23:33 KSA · AFTER   · signal     · HOOD · vwapRec ▼ 68 · 15m · جلسة ممتدة
23:33 KSA · AFTER   · signal     · VRT · vwapRec ▼ 70 · 15m · جلسة ممتدة
23:33 KSA · AFTER   · signal     · BSX · vwapRec ▼ 70 · 15m · جلسة ممتدة
23:33 KSA · AFTER   · signal     · VST · vwapRec ▼ 70 · 15m · جلسة ممتدة
23:33 KSA · AFTER   · signal     · COIN · vwapRec ▼ 74 · 15m · جلسة ممتدة
23:33 KSA · AFTER   · signal     · RDDT · vwapRec ▼ 65 · 15m · جلسة ممتدة
23:33 KSA · AFTER   · signal     · DOT-USD · sqzExp ▲ 55 · 1h
23:33 KSA · AFTER   · signal     · UNI-USD · brk ▼ 59 · 15m
23:33 KSA · AFTER   · signal     · UNI-USD · sqzExp ▼ 68 · 1h
23:33 KSA · AFTER   · signal     · SUI-USD · sqzExp ▼ 88 · 1h
23:33 KSA · AFTER   · signal     · U-USD · orb ▼ 65 · 15m
23:33 KSA · AFTER   · signal     · TAO-USD · orb ▼ 75 · 15m
23:33 KSA · AFTER   · signal     · TAO-USD · brk ▼ 66 · 15m
23:33 KSA · AFTER   · signal     · THE-USD · brk ▼ 68 · 15m
23:33 KSA · AFTER   · signal     · TRUMP-USD · sqzExp ▼ 65 · 1h
23:33 KSA · AFTER   · signal     · EUR-USD · sqzExp ▼ 75 · 1h
23:33 KSA · AFTER   · signal     · BANK-USD · brk ▼ 73 · 15m
23:33 KSA · AFTER   · signal     · TON-USD · brk ▼ 61 · 15m
23:33 KSA · AFTER   · signal     · SENT-USD · orb ▼ 55 · 15m
23:33 KSA · AFTER   · signal     · PENGU-USD · brk ▼ 61 · 15m
23:33 KSA · AFTER   · signal     · WLFI-USD · orb ▼ 60 · 15m
23:33 KSA · AFTER   · signal     · WLFI-USD · sqzExp ▼ 90 · 1h
23:33 KSA · AFTER   · signal     · ASTER-USD · sqzExp ▼ 95 · 1h
23:34 KSA · AFTER   · scanner    · بدء المسح · 1153 رمزاً · الجلسة AFTER
23:34 KSA · AFTER   · signal     · JPM · pbTrend ▲ 57 · 1h · جلسة ممتدة
23:34 KSA · AFTER   · signal     · CAT · vwapRec ▼ 57 · 15m · جلسة ممتدة
23:34 KSA · AFTER   · signal     · ABT · vwapRec ▼ 57 · 15m · جلسة ممتدة
23:34 KSA · AFTER   · signal     · COP · vwapRec ▲ 57 · 15m · جلسة ممتدة
23:34 KSA · AFTER   · signal     · FTNT · orb ▲ 86 · 15m · جلسة ممتدة
23:34 KSA · AFTER   · signal     · ADP · orb ▼ 100 · 15m · جلسة ممتدة
23:34 KSA · AFTER   · signal     · ADP · brk ▼ 63 · 15m · جلسة ممتدة
23:34 KSA · AFTER   · signal     · HPQ · vwapRec ▼ 57 · 15m · جلسة ممتدة
23:34 KSA · AFTER   · signal     · ON · vwapRec ▲ 57 · 15m · جلسة ممتدة
23:34 KSA · AFTER   · signal     · ICP-USD · brk ▲ 69 · 15m
23:34 KSA · AFTER   · signal     · UNI-USD · orb ▲ 83 · 15m
23:34 KSA · AFTER   · signal     · SUI-USD · orb ▲ 75 · 15m
23:34 KSA · AFTER   · signal     · TRUMP-USD · orb ▲ 90 · 15m
23:34 KSA · AFTER   · signal     · TRUMP-USD · brk ▲ 68 · 15m
23:34 KSA · AFTER   · signal     · BANK-USD · vwapRec ▲ 85 · 15m
23:34 KSA · AFTER   · signal     · PENGU-USD · orb ▲ 90 · 15m
23:34 KSA · AFTER   · signal     · WLFI-USD · vwapRec ▲ 55 · 15m
23:34 KSA · AFTER   · signal     · ASTER-USD · orb ▲ 63 · 15m
23:34 KSA · AFTER   · signal     · APT-USD · vwapRec ▲ 60 · 15m
23:37 KSA · AFTER   · scanner    · بدء المسح · 1153 رمزاً · الجلسة AFTER
23:37 KSA · AFTER   · signal     · AMAT · orb ▲ 64 · 15m · جلسة ممتدة
23:37 KSA · AFTER   · signal     · DDOG · brk ▼ 100 · 15m · جلسة ممتدة
23:40 KSA · AFTER   · scanner    · بدء المسح · 1153 رمزاً · الجلسة AFTER
23:40 KSA · AFTER   · signal     · LRCX · orb ▼ 64 · 15m · جلسة ممتدة
23:40 KSA · AFTER   · signal     · GNRC · meanRev ▼ 100 · 1d · جلسة ممتدة
23:43 KSA · AFTER   · scanner    · بدء المسح · 1153 رمزاً · الجلسة AFTER
23:43 KSA · AFTER   · signal     · UNI-USD · brk ▼ 59 · 15m
23:43 KSA · AFTER   · signal     · UNI-USD · sqzExp ▼ 68 · 1h
23:43 KSA · AFTER   · signal     · SUI-USD · sqzExp ▼ 88 · 1h
23:43 KSA · AFTER   · signal     · U-USD · orb ▼ 65 · 15m
23:43 KSA · AFTER   · signal     · TAO-USD · orb ▼ 75 · 15m
23:43 KSA · AFTER   · signal     · TAO-USD · brk ▼ 66 · 15m
23:43 KSA · AFTER   · signal     · THE-USD · brk ▼ 68 · 15m
23:43 KSA · AFTER   · signal     · TRUMP-USD · sqzExp ▼ 65 · 1h
23:43 KSA · AFTER   · signal     · EUR-USD · sqzExp ▼ 75 · 1h
23:43 KSA · AFTER   · signal     · BANK-USD · brk ▼ 73 · 15m
23:43 KSA · AFTER   · signal     · TON-USD · brk ▼ 61 · 15m
23:43 KSA · AFTER   · signal     · SENT-USD · orb ▼ 55 · 15m
23:43 KSA · AFTER   · signal     · PENGU-USD · brk ▼ 61 · 15m
23:43 KSA · AFTER   · signal     · WLFI-USD · orb ▼ 60 · 15m
23:43 KSA · AFTER   · signal     · WLFI-USD · sqzExp ▼ 90 · 1h
23:43 KSA · AFTER   · signal     · ASTER-USD · sqzExp ▼ 95 · 1h
23:44 KSA · AFTER   · scanner    · بدء المسح · 1153 رمزاً · الجلسة AFTER
23:44 KSA · AFTER   · signal     · DELL · vwapRec ▲ 57 · 15m · جلسة ممتدة
23:44 KSA · AFTER   · signal     · UNH · orb ▼ 82 · 15m · جلسة ممتدة
23:44 KSA · AFTER   · signal     · DIS · orb ▲ 100 · 15m · جلسة ممتدة
23:44 KSA · AFTER   · signal     · GILD · brk ▼ 100 · 15m · جلسة ممتدة
23:44 KSA · AFTER   · signal     · ADP · brk ▼ 81 · 15m · جلسة ممتدة
23:44 KSA · AFTER   · signal     · DDOG · orb ▼ 100 · 15m · جلسة ممتدة
23:44 KSA · AFTER   · signal     · DDOG · brk ▼ 100 · 15m · جلسة ممتدة
23:44 KSA · AFTER   · signal     · DVN · orb ▲ 82 · 15m · جلسة ممتدة
23:44 KSA · AFTER   · signal     · KMB · orb ▲ 100 · 15m · جلسة ممتدة
23:44 KSA · AFTER   · signal     · ON · orb ▲ 100 · 15m · جلسة ممتدة
23:44 KSA · AFTER   · signal     · UNI-USD · orb ▲ 73 · 15m
23:44 KSA · AFTER   · signal     · SUI-USD · orb ▲ 75 · 15m
23:44 KSA · AFTER   · signal     · 牛来-USD · meanRev ▲ 100 · 15m
23:44 KSA · AFTER   · signal     · 牛来-USD · sqzExp ▼ 100 · 1h
23:44 KSA · AFTER   · signal     · TRUMP-USD · orb ▲ 90 · 15m
23:44 KSA · AFTER   · signal     · TRUMP-USD · vwapRec ▲ 60 · 15m
23:44 KSA · AFTER   · signal     · BANK-USD · vwapRec ▲ 85 · 15m
23:44 KSA · AFTER   · signal     · PENGU-USD · orb ▲ 80 · 15m
23:44 KSA · AFTER   · signal     · PENGU-USD · vwapRec ▲ 63 · 15m
23:44 KSA · AFTER   · signal     · ASTER-USD · orb ▲ 70 · 15m
23:44 KSA · AFTER   · signal     · APT-USD · vwapRec ▲ 60 · 15m
23:45 KSA · AFTER   · signal     · GNRC · brk ▲ 100 · 1d · جلسة ممتدة
23:46 KSA · AFTER   · scanner    · بدء المسح · 1153 رمزاً · الجلسة AFTER
23:46 KSA · AFTER   · signal     · PENGU-USD · pbTrend ▼ 100 · 1h
23:48 KSA · AFTER   · scanner    · بدء المسح · 1153 رمزاً · الجلسة AFTER
23:48 KSA · AFTER   · signal     · SYK · orb ▲ 57 · 15m · جلسة ممتدة
23:48 KSA · AFTER   · signal     · SYK · pbTrend ▼ 57 · 1h · جلسة ممتدة
23:48 KSA · AFTER   · signal     · BSX · orb ▲ 64 · 15m · جلسة ممتدة
23:48 KSA · AFTER   · signal     · NEAR-USD · brk ▲ 69 · 15m
23:48 KSA · AFTER   · signal     · NEAR-USD · sqzExp ▲ 100 · 1h
23:48 KSA · AFTER   · signal     · UNI-USD · brk ▲ 69 · 15m
23:48 KSA · AFTER   · signal     · TRUMP-USD · brk ▲ 100 · 15m
23:48 KSA · AFTER   · signal     · BANK-USD · orb ▼ 64 · 15m
23:50 KSA · AFTER   · scanner    · بدء المسح · 1153 رمزاً · الجلسة AFTER
23:50 KSA · AFTER   · signal     · WLFI-USD · vwapRec ▲ 100 · 15m
23:50 KSA · AFTER   · signal     · QNTB-USD · meanRev ▼ 100 · 1d
23:52 KSA · AFTER   · scanner    · بدء المسح · 1153 رمزاً · الجلسة AFTER
23:52 KSA · AFTER   · signal     · UNH · volSpike ▼ 83 · 15m · جلسة ممتدة
23:52 KSA · AFTER   · signal     · MS · vwapRec ▼ 60 · 15m · جلسة ممتدة
23:52 KSA · AFTER   · signal     · NEE · vwapRec ▼ 70 · 15m · جلسة ممتدة
23:52 KSA · AFTER   · signal     · PFE · vwapRec ▼ 57 · 15m · جلسة ممتدة
23:52 KSA · AFTER   · signal     · NEM · vwapRec ▲ 80 · 15m · جلسة ممتدة
23:52 KSA · AFTER   · signal     · SYK · volSpike ▼ 78 · 15m · جلسة ممتدة
23:52 KSA · AFTER   · signal     · CMI · volSpike ▲ 89 · 15m · جلسة ممتدة
23:52 KSA · AFTER   · signal     · UNI-USD · sqzExp ▼ 68 · 1h
23:52 KSA · AFTER   · signal     · SUI-USD · sqzExp ▼ 88 · 1h
23:52 KSA · AFTER   · signal     · TAO-USD · orb ▼ 68 · 15m
23:52 KSA · AFTER   · signal     · TAO-USD · brk ▼ 55 · 15m
23:52 KSA · AFTER   · signal     · THE-USD · brk ▼ 61 · 15m
23:52 KSA · AFTER   · signal     · TRUMP-USD · sqzExp ▼ 65 · 1h
23:52 KSA · AFTER   · signal     · EUR-USD · sqzExp ▼ 75 · 1h
23:52 KSA · AFTER   · signal     · TON-USD · brk ▼ 61 · 15m
23:52 KSA · AFTER   · signal     · SENT-USD · orb ▼ 55 · 15m
23:52 KSA · AFTER   · signal     · WLFI-USD · orb ▼ 68 · 15m
23:52 KSA · AFTER   · signal     · WLFI-USD · sqzExp ▼ 90 · 1h
23:52 KSA · AFTER   · signal     · ASTER-USD · sqzExp ▼ 95 · 1h
23:54 KSA · AFTER   · scanner    · بدء المسح · 1153 رمزاً · الجلسة AFTER
23:54 KSA · AFTER   · signal     · LLY · vwapRec ▼ 57 · 15m · جلسة ممتدة
23:54 KSA · AFTER   · signal     · ORCL · orb ▲ 82 · 15m · جلسة ممتدة
23:54 KSA · AFTER   · signal     · TMUS · orb ▲ 82 · 15m · جلسة ممتدة
23:54 KSA · AFTER   · signal     · GILD · orb ▼ 100 · 15m · جلسة ممتدة
23:54 KSA · AFTER   · signal     · GILD · brk ▼ 63 · 15m · جلسة ممتدة
23:54 KSA · AFTER   · signal     · DHR · orb ▲ 100 · 15m · جلسة ممتدة
23:54 KSA · AFTER   · signal     · SYK · orb ▲ 73 · 15m · جلسة ممتدة
23:54 KSA · AFTER   · signal     · ADP · brk ▼ 81 · 15m · جلسة ممتدة
23:54 KSA · AFTER   · signal     · MCHP · orb ▲ 100 · 15m · جلسة ممتدة
23:54 KSA · AFTER   · signal     · UNI-USD · orb ▲ 83 · 15m
23:54 KSA · AFTER   · signal     · SUI-USD · orb ▲ 68 · 15m
23:54 KSA · AFTER   · signal     · TRUMP-USD · orb ▲ 90 · 15m
23:54 KSA · AFTER   · signal     · TRUMP-USD · brk ▲ 75 · 15m
23:54 KSA · AFTER   · signal     · PENGU-USD · orb ▲ 75 · 15m
23:54 KSA · AFTER   · signal     · PENGU-USD · pbTrend ▼ 79 · 1h
23:54 KSA · AFTER   · signal     · WLFI-USD · vwapRec ▲ 70 · 15m
23:54 KSA · AFTER   · signal     · ASTER-USD · orb ▲ 70 · 15m
23:56 KSA · AFTER   · scanner    · بدء المسح · 1153 رمزاً · الجلسة AFTER
23:56 KSA · AFTER   · signal     · AMGN · orb ▼ 100 · 15m · جلسة ممتدة
23:56 KSA · AFTER   · signal     · FTNT · vwapRec ▼ 57 · 15m · جلسة ممتدة
23:56 KSA · AFTER   · signal     · HONA · orb ▲ 86 · 15m · جلسة ممتدة
23:56 KSA · AFTER   · signal     · HONA · brk ▲ 100 · 15m · جلسة ممتدة
23:56 KSA · AFTER   · signal     · UNI-USD · brk ▲ 69 · 15m
23:58 KSA · AFTER   · scanner    · بدء المسح · 1153 رمزاً · الجلسة AFTER
23:58 KSA · AFTER   · signal     · HON · orb ▲ 73 · 15m · جلسة ممتدة
23:58 KSA · AFTER   · signal     · HON · brk ▲ 63 · 15m · جلسة ممتدة
23:58 KSA · AFTER   · signal     · HON · sqzExp ▲ 100 · 1h · جلسة ممتدة
23:58 KSA · AFTER   · signal     · U-USD · orb ▲ 100 · 15m
