00:00 KSA · AFTER   · scanner    · بدء المسح · 50 رمزاً · الجلسة AFTER
00:00 KSA · AFTER   · scanner    · ساعة التأكيد مثبَّتة على شمعة 19:45Z (من cbar)
00:02 KSA · AFTER   · scanner    · بدء المسح · 50 رمزاً · الجلسة AFTER
00:02 KSA · AFTER   · scanner    · ساعة التأكيد مثبَّتة على شمعة 19:45Z (من cbar)
00:03 KSA · AFTER   · scanner    · بدء المسح · 50 رمزاً · الجلسة AFTER
00:03 KSA · AFTER   · scanner    · ساعة التأكيد مثبَّتة على شمعة 19:45Z (من cbar)
00:04 KSA · AFTER   · scanner    · بدء المسح · 50 رمزاً · الجلسة AFTER
00:04 KSA · AFTER   · scanner    · ساعة التأكيد مثبَّتة على شمعة 19:45Z (من cbar)
00:06 KSA · AFTER   · scanner    · بدء المسح · 50 رمزاً · الجلسة AFTER
00:06 KSA · AFTER   · scanner    · ساعة التأكيد مثبَّتة على شمعة 19:45Z (من cbar)
00:08 KSA · AFTER   · scanner    · بدء المسح · 50 رمزاً · الجلسة AFTER
00:08 KSA · AFTER   · scanner    · ساعة التأكيد مثبَّتة على شمعة 19:45Z (من cbar)
00:10 KSA · AFTER   · scanner    · بدء المسح · 50 رمزاً · الجلسة AFTER
00:10 KSA · AFTER   · scanner    · ساعة التأكيد مثبَّتة على شمعة 19:45Z (من cbar)
00:12 KSA · AFTER   · scanner    · بدء المسح · 50 رمزاً · الجلسة AFTER
00:12 KSA · AFTER   · scanner    · ساعة التأكيد مثبَّتة على شمعة 19:45Z (من cbar)
00:14 KSA · AFTER   · scanner    · بدء المسح · 50 رمزاً · الجلسة AFTER
00:14 KSA · AFTER   · scanner    · ساعة التأكيد مثبَّتة على شمعة 19:45Z (من cbar)
00:16 KSA · AFTER   · scanner    · بدء المسح · 50 رمزاً · الجلسة AFTER
00:16 KSA · AFTER   · scanner    · ساعة التأكيد مثبَّتة على شمعة 19:45Z (من cbar)
00:18 KSA · AFTER   · scanner    · بدء المسح · 50 رمزاً · الجلسة AFTER
00:18 KSA · AFTER   · scanner    · ساعة التأكيد مثبَّتة على شمعة 19:45Z (من cbar)
00:18 KSA · AFTER   · scanner    · بدء المسح · 50 رمزاً · الجلسة AFTER
00:18 KSA · AFTER   · scanner    · ساعة التأكيد مثبَّتة على شمعة 19:45Z (من cbar)
00:20 KSA · AFTER   · scanner    · بدء المسح · 50 رمزاً · الجلسة AFTER
00:20 KSA · AFTER   · scanner    · ساعة التأكيد مثبَّتة على شمعة 19:45Z (من cbar)
00:21 KSA · AFTER   · scanner    · بدء المسح · 50 رمزاً · الجلسة AFTER
00:21 KSA · AFTER   · scanner    · ساعة التأكيد مثبَّتة على شمعة 19:45Z (من cbar)
00:22 KSA · AFTER   · scanner    · بدء المسح · 50 رمزاً · الجلسة AFTER
00:22 KSA · AFTER   · scanner    · ساعة التأكيد مثبَّتة على شمعة 19:45Z (من cbar)
00:24 KSA · AFTER   · scanner    · بدء المسح · 50 رمزاً · الجلسة AFTER
00:24 KSA · AFTER   · scanner    · ساعة التأكيد مثبَّتة على شمعة 19:45Z (من cbar)
00:26 KSA · AFTER   · scanner    · بدء المسح · 50 رمزاً · الجلسة AFTER
00:26 KSA · AFTER   · scanner    · ساعة التأكيد مثبَّتة على شمعة 19:45Z (من cbar)
00:28 KSA · AFTER   · scanner    · بدء المسح · 50 رمزاً · الجلسة AFTER
00:28 KSA · AFTER   · scanner    · ساعة التأكيد مثبَّتة على شمعة 19:45Z (من cbar)
00:30 KSA · AFTER   · scanner    · بدء المسح · 50 رمزاً · الجلسة AFTER
00:30 KSA · AFTER   · scanner    · ساعة التأكيد مثبَّتة على شمعة 19:45Z (من cbar)
00:32 KSA · AFTER   · scanner    · بدء المسح · 50 رمزاً · الجلسة AFTER
00:32 KSA · AFTER   · scanner    · ساعة التأكيد مثبَّتة على شمعة 19:45Z (من cbar)
00:33 KSA · AFTER   · scanner    · بدء المسح · 50 رمزاً · الجلسة AFTER
00:33 KSA · AFTER   · scanner    · ساعة التأكيد مثبَّتة على شمعة 19:45Z (من cbar)
00:34 KSA · AFTER   · scanner    · بدء المسح · 50 رمزاً · الجلسة AFTER
00:34 KSA · AFTER   · scanner    · ساعة التأكيد مثبَّتة على شمعة 19:45Z (من cbar)
00:36 KSA · AFTER   · scanner    · بدء المسح · 50 رمزاً · الجلسة AFTER
00:36 KSA · AFTER   · scanner    · ساعة التأكيد مثبَّتة على شمعة 19:45Z (من cbar)
00:38 KSA · AFTER   · scanner    · بدء المسح · 50 رمزاً · الجلسة AFTER
00:38 KSA · AFTER   · scanner    · ساعة التأكيد مثبَّتة على شمعة 19:45Z (من cbar)
00:40 KSA · AFTER   · scanner    · بدء المسح · 50 رمزاً · الجلسة AFTER
00:40 KSA · AFTER   · scanner    · ساعة التأكيد مثبَّتة على شمعة 19:45Z (من cbar)
00:42 KSA · AFTER   · scanner    · بدء المسح · 50 رمزاً · الجلسة AFTER
00:42 KSA · AFTER   · scanner    · ساعة التأكيد مثبَّتة على شمعة 19:45Z (من cbar)
00:44 KSA · AFTER   · scanner    · بدء المسح · 50 رمزاً · الجلسة AFTER
00:44 KSA · AFTER   · scanner    · ساعة التأكيد مثبَّتة على شمعة 19:45Z (من cbar)
00:46 KSA · AFTER   · scanner    · بدء المسح · 50 رمزاً · الجلسة AFTER
00:46 KSA · AFTER   · scanner    · ساعة التأكيد مثبَّتة على شمعة 19:45Z (من cbar)
00:48 KSA · AFTER   · scanner    · بدء المسح · 50 رمزاً · الجلسة AFTER
00:48 KSA · AFTER   · scanner    · ساعة التأكيد مثبَّتة على شمعة 19:45Z (من cbar)
00:48 KSA · AFTER   · scanner    · بدء المسح · 50 رمزاً · الجلسة AFTER
00:48 KSA · AFTER   · scanner    · ساعة التأكيد مثبَّتة على شمعة 19:45Z (من cbar)
00:50 KSA · AFTER   · scanner    · بدء المسح · 50 رمزاً · الجلسة AFTER
00:50 KSA · AFTER   · scanner    · ساعة التأكيد مثبَّتة على شمعة 19:45Z (من cbar)
00:51 KSA · AFTER   · scanner    · بدء المسح · 50 رمزاً · الجلسة AFTER
00:51 KSA · AFTER   · scanner    · ساعة التأكيد مثبَّتة على شمعة 19:45Z (من cbar)
00:52 KSA · AFTER   · scanner    · بدء المسح · 50 رمزاً · الجلسة AFTER
00:52 KSA · AFTER   · scanner    · ساعة التأكيد مثبَّتة على شمعة 19:45Z (من cbar)
00:54 KSA · AFTER   · scanner    · بدء المسح · 50 رمزاً · الجلسة AFTER
00:54 KSA · AFTER   · scanner    · ساعة التأكيد مثبَّتة على شمعة 19:45Z (من cbar)
00:56 KSA · AFTER   · scanner    · بدء المسح · 50 رمزاً · الجلسة AFTER
00:56 KSA · AFTER   · scanner    · ساعة التأكيد مثبَّتة على شمعة 19:45Z (من cbar)
00:58 KSA · AFTER   · scanner    · بدء المسح · 50 رمزاً · الجلسة AFTER
00:58 KSA · AFTER   · scanner    · ساعة التأكيد مثبَّتة على شمعة 19:45Z (من cbar)
01:00 KSA · AFTER   · scanner    · بدء المسح · 50 رمزاً · الجلسة AFTER
01:00 KSA · AFTER   · scanner    · ساعة التأكيد مثبَّتة على شمعة 19:45Z (من cbar)
01:02 KSA · AFTER   · scanner    · بدء المسح · 50 رمزاً · الجلسة AFTER
01:02 KSA · AFTER   · scanner    · ساعة التأكيد مثبَّتة على شمعة 19:45Z (من cbar)
01:03 KSA · AFTER   · scanner    · بدء المسح · 50 رمزاً · الجلسة AFTER
01:03 KSA · AFTER   · scanner    · ساعة التأكيد مثبَّتة على شمعة 19:45Z (من cbar)
01:04 KSA · AFTER   · scanner    · بدء المسح · 50 رمزاً · الجلسة AFTER
01:04 KSA · AFTER   · scanner    · ساعة التأكيد مثبَّتة على شمعة 19:45Z (من cbar)
01:06 KSA · AFTER   · scanner    · بدء المسح · 50 رمزاً · الجلسة AFTER
01:06 KSA · AFTER   · scanner    · ساعة التأكيد مثبَّتة على شمعة 19:45Z (من cbar)
01:08 KSA · AFTER   · scanner    · بدء المسح · 50 رمزاً · الجلسة AFTER
01:08 KSA · AFTER   · scanner    · ساعة التأكيد مثبَّتة على شمعة 19:45Z (من cbar)
01:10 KSA · AFTER   · scanner    · بدء المسح · 50 رمزاً · الجلسة AFTER
01:10 KSA · AFTER   · scanner    · ساعة التأكيد مثبَّتة على شمعة 19:45Z (من cbar)
01:12 KSA · AFTER   · scanner    · بدء المسح · 50 رمزاً · الجلسة AFTER
01:12 KSA · AFTER   · scanner    · ساعة التأكيد مثبَّتة على شمعة 19:45Z (من cbar)
01:14 KSA · AFTER   · scanner    · بدء المسح · 50 رمزاً · الجلسة AFTER
01:14 KSA · AFTER   · scanner    · ساعة التأكيد مثبَّتة على شمعة 19:45Z (من cbar)
01:16 KSA · AFTER   · scanner    · بدء المسح · 50 رمزاً · الجلسة AFTER
01:16 KSA · AFTER   · scanner    · ساعة التأكيد مثبَّتة على شمعة 19:45Z (من cbar)
01:18 KSA · AFTER   · scanner    · بدء المسح · 50 رمزاً · الجلسة AFTER
01:18 KSA · AFTER   · scanner    · ساعة التأكيد مثبَّتة على شمعة 19:45Z (من cbar)
01:18 KSA · AFTER   · scanner    · بدء المسح · 50 رمزاً · الجلسة AFTER
01:18 KSA · AFTER   · scanner    · ساعة التأكيد مثبَّتة على شمعة 19:45Z (من cbar)
01:20 KSA · AFTER   · scanner    · بدء المسح · 50 رمزاً · الجلسة AFTER
01:20 KSA · AFTER   · scanner    · ساعة التأكيد مثبَّتة على شمعة 19:45Z (من cbar)
01:21 KSA · AFTER   · scanner    · بدء المسح · 50 رمزاً · الجلسة AFTER
01:21 KSA · AFTER   · scanner    · ساعة التأكيد مثبَّتة على شمعة 19:45Z (من cbar)
01:22 KSA · AFTER   · scanner    · بدء المسح · 50 رمزاً · الجلسة AFTER
01:22 KSA · AFTER   · scanner    · ساعة التأكيد مثبَّتة على شمعة 19:45Z (من cbar)
01:24 KSA · AFTER   · scanner    · بدء المسح · 50 رمزاً · الجلسة AFTER
01:24 KSA · AFTER   · scanner    · ساعة التأكيد مثبَّتة على شمعة 19:45Z (من cbar)
01:26 KSA · AFTER   · scanner    · بدء المسح · 50 رمزاً · الجلسة AFTER
01:26 KSA · AFTER   · scanner    · ساعة التأكيد مثبَّتة على شمعة 19:45Z (من cbar)
01:28 KSA · AFTER   · scanner    · بدء المسح · 50 رمزاً · الجلسة AFTER
01:28 KSA · AFTER   · scanner    · ساعة التأكيد مثبَّتة على شمعة 19:45Z (من cbar)
01:30 KSA · AFTER   · scanner    · بدء المسح · 50 رمزاً · الجلسة AFTER
01:30 KSA · AFTER   · scanner    · ساعة التأكيد مثبَّتة على شمعة 19:45Z (من cbar)
01:32 KSA · AFTER   · scanner    · بدء المسح · 50 رمزاً · الجلسة AFTER
01:32 KSA · AFTER   · scanner    · ساعة التأكيد مثبَّتة على شمعة 19:45Z (من cbar)
01:33 KSA · AFTER   · scanner    · بدء المسح · 50 رمزاً · الجلسة AFTER
01:33 KSA · AFTER   · scanner    · ساعة التأكيد مثبَّتة على شمعة 19:45Z (من cbar)
01:34 KSA · AFTER   · scanner    · بدء المسح · 50 رمزاً · الجلسة AFTER
01:34 KSA · AFTER   · scanner    · ساعة التأكيد مثبَّتة على شمعة 19:45Z (من cbar)
01:36 KSA · AFTER   · scanner    · بدء المسح · 50 رمزاً · الجلسة AFTER
01:36 KSA · AFTER   · scanner    · ساعة التأكيد مثبَّتة على شمعة 19:45Z (من cbar)
01:38 KSA · AFTER   · scanner    · بدء المسح · 50 رمزاً · الجلسة AFTER
01:38 KSA · AFTER   · scanner    · ساعة التأكيد مثبَّتة على شمعة 19:45Z (من cbar)
01:40 KSA · AFTER   · scanner    · بدء المسح · 50 رمزاً · الجلسة AFTER
01:40 KSA · AFTER   · scanner    · ساعة التأكيد مثبَّتة على شمعة 19:45Z (من cbar)
01:42 KSA · AFTER   · scanner    · بدء المسح · 50 رمزاً · الجلسة AFTER
01:42 KSA · AFTER   · scanner    · ساعة التأكيد مثبَّتة على شمعة 19:45Z (من cbar)
01:44 KSA · AFTER   · scanner    · بدء المسح · 50 رمزاً · الجلسة AFTER
01:44 KSA · AFTER   · scanner    · ساعة التأكيد مثبَّتة على شمعة 19:45Z (من cbar)
01:46 KSA · AFTER   · scanner    · بدء المسح · 50 رمزاً · الجلسة AFTER
01:46 KSA · AFTER   · scanner    · ساعة التأكيد مثبَّتة على شمعة 19:45Z (من cbar)
01:48 KSA · AFTER   · scanner    · بدء المسح · 50 رمزاً · الجلسة AFTER
01:48 KSA · AFTER   · scanner    · ساعة التأكيد مثبَّتة على شمعة 19:45Z (من cbar)
01:48 KSA · AFTER   · scanner    · بدء المسح · 50 رمزاً · الجلسة AFTER
01:48 KSA · AFTER   · scanner    · ساعة التأكيد مثبَّتة على شمعة 19:45Z (من cbar)
01:50 KSA · AFTER   · scanner    · بدء المسح · 50 رمزاً · الجلسة AFTER
01:50 KSA · AFTER   · scanner    · ساعة التأكيد مثبَّتة على شمعة 19:45Z (من cbar)
01:51 KSA · AFTER   · scanner    · بدء المسح · 50 رمزاً · الجلسة AFTER
01:51 KSA · AFTER   · scanner    · ساعة التأكيد مثبَّتة على شمعة 19:45Z (من cbar)
01:52 KSA · AFTER   · scanner    · بدء المسح · 50 رمزاً · الجلسة AFTER
01:52 KSA · AFTER   · scanner    · ساعة التأكيد مثبَّتة على شمعة 19:45Z (من cbar)
01:54 KSA · AFTER   · scanner    · بدء المسح · 50 رمزاً · الجلسة AFTER
01:54 KSA · AFTER   · scanner    · ساعة التأكيد مثبَّتة على شمعة 19:45Z (من cbar)
01:56 KSA · AFTER   · scanner    · بدء المسح · 50 رمزاً · الجلسة AFTER
01:56 KSA · AFTER   · scanner    · ساعة التأكيد مثبَّتة على شمعة 19:45Z (من cbar)
01:58 KSA · AFTER   · scanner    · بدء المسح · 50 رمزاً · الجلسة AFTER
01:58 KSA · AFTER   · scanner    · ساعة التأكيد مثبَّتة على شمعة 19:45Z (من cbar)
02:00 KSA · AFTER   · scanner    · بدء المسح · 50 رمزاً · الجلسة AFTER
02:00 KSA · AFTER   · scanner    · ساعة التأكيد مثبَّتة على شمعة 19:45Z (من cbar)
02:02 KSA · AFTER   · scanner    · بدء المسح · 50 رمزاً · الجلسة AFTER
02:02 KSA · AFTER   · scanner    · ساعة التأكيد مثبَّتة على شمعة 19:45Z (من cbar)
02:03 KSA · AFTER   · scanner    · بدء المسح · 50 رمزاً · الجلسة AFTER
02:03 KSA · AFTER   · scanner    · ساعة التأكيد مثبَّتة على شمعة 19:45Z (من cbar)
02:04 KSA · AFTER   · scanner    · بدء المسح · 50 رمزاً · الجلسة AFTER
02:04 KSA · AFTER   · scanner    · ساعة التأكيد مثبَّتة على شمعة 19:45Z (من cbar)
02:06 KSA · AFTER   · scanner    · بدء المسح · 50 رمزاً · الجلسة AFTER
02:06 KSA · AFTER   · scanner    · ساعة التأكيد مثبَّتة على شمعة 19:45Z (من cbar)
02:08 KSA · AFTER   · scanner    · بدء المسح · 50 رمزاً · الجلسة AFTER
02:08 KSA · AFTER   · scanner    · ساعة التأكيد مثبَّتة على شمعة 19:45Z (من cbar)
02:10 KSA · AFTER   · scanner    · بدء المسح · 50 رمزاً · الجلسة AFTER
02:10 KSA · AFTER   · scanner    · ساعة التأكيد مثبَّتة على شمعة 19:45Z (من cbar)
02:12 KSA · AFTER   · scanner    · بدء المسح · 50 رمزاً · الجلسة AFTER
02:12 KSA · AFTER   · scanner    · ساعة التأكيد مثبَّتة على شمعة 19:45Z (من cbar)
02:14 KSA · AFTER   · scanner    · بدء المسح · 50 رمزاً · الجلسة AFTER
02:14 KSA · AFTER   · scanner    · ساعة التأكيد مثبَّتة على شمعة 19:45Z (من cbar)
02:16 KSA · AFTER   · scanner    · بدء المسح · 50 رمزاً · الجلسة AFTER
02:16 KSA · AFTER   · scanner    · ساعة التأكيد مثبَّتة على شمعة 19:45Z (من cbar)
02:18 KSA · AFTER   · scanner    · بدء المسح · 50 رمزاً · الجلسة AFTER
02:18 KSA · AFTER   · scanner    · ساعة التأكيد مثبَّتة على شمعة 19:45Z (من cbar)
02:18 KSA · AFTER   · scanner    · بدء المسح · 50 رمزاً · الجلسة AFTER
02:18 KSA · AFTER   · scanner    · ساعة التأكيد مثبَّتة على شمعة 19:45Z (من cbar)
02:20 KSA · AFTER   · scanner    · بدء المسح · 50 رمزاً · الجلسة AFTER
02:20 KSA · AFTER   · scanner    · ساعة التأكيد مثبَّتة على شمعة 19:45Z (من cbar)
02:21 KSA · AFTER   · scanner    · بدء المسح · 50 رمزاً · الجلسة AFTER
02:21 KSA · AFTER   · scanner    · ساعة التأكيد مثبَّتة على شمعة 19:45Z (من cbar)
02:22 KSA · AFTER   · scanner    · بدء المسح · 50 رمزاً · الجلسة AFTER
02:22 KSA · AFTER   · scanner    · ساعة التأكيد مثبَّتة على شمعة 19:45Z (من cbar)
02:24 KSA · AFTER   · scanner    · بدء المسح · 50 رمزاً · الجلسة AFTER
02:24 KSA · AFTER   · scanner    · ساعة التأكيد مثبَّتة على شمعة 19:45Z (من cbar)
02:26 KSA · AFTER   · scanner    · بدء المسح · 50 رمزاً · الجلسة AFTER
02:26 KSA · AFTER   · scanner    · ساعة التأكيد مثبَّتة على شمعة 19:45Z (من cbar)
02:28 KSA · AFTER   · scanner    · بدء المسح · 50 رمزاً · الجلسة AFTER
02:28 KSA · AFTER   · scanner    · ساعة التأكيد مثبَّتة على شمعة 19:45Z (من cbar)
02:30 KSA · AFTER   · scanner    · بدء المسح · 50 رمزاً · الجلسة AFTER
02:30 KSA · AFTER   · scanner    · ساعة التأكيد مثبَّتة على شمعة 19:45Z (من cbar)
02:32 KSA · AFTER   · scanner    · بدء المسح · 50 رمزاً · الجلسة AFTER
02:32 KSA · AFTER   · scanner    · ساعة التأكيد مثبَّتة على شمعة 19:45Z (من cbar)
02:33 KSA · AFTER   · scanner    · بدء المسح · 50 رمزاً · الجلسة AFTER
02:33 KSA · AFTER   · scanner    · ساعة التأكيد مثبَّتة على شمعة 19:45Z (من cbar)
02:34 KSA · AFTER   · scanner    · بدء المسح · 50 رمزاً · الجلسة AFTER
02:34 KSA · AFTER   · scanner    · ساعة التأكيد مثبَّتة على شمعة 19:45Z (من cbar)
02:36 KSA · AFTER   · scanner    · بدء المسح · 50 رمزاً · الجلسة AFTER
02:36 KSA · AFTER   · scanner    · ساعة التأكيد مثبَّتة على شمعة 19:45Z (من cbar)
02:38 KSA · AFTER   · scanner    · بدء المسح · 50 رمزاً · الجلسة AFTER
02:38 KSA · AFTER   · scanner    · ساعة التأكيد مثبَّتة على شمعة 19:45Z (من cbar)
02:40 KSA · AFTER   · scanner    · بدء المسح · 50 رمزاً · الجلسة AFTER
02:40 KSA · AFTER   · scanner    · ساعة التأكيد مثبَّتة على شمعة 19:45Z (من cbar)
02:42 KSA · AFTER   · scanner    · بدء المسح · 50 رمزاً · الجلسة AFTER
02:42 KSA · AFTER   · scanner    · ساعة التأكيد مثبَّتة على شمعة 19:45Z (من cbar)
02:44 KSA · AFTER   · scanner    · بدء المسح · 50 رمزاً · الجلسة AFTER
02:44 KSA · AFTER   · scanner    · ساعة التأكيد مثبَّتة على شمعة 19:45Z (من cbar)
02:46 KSA · AFTER   · scanner    · بدء المسح · 50 رمزاً · الجلسة AFTER
02:46 KSA · AFTER   · scanner    · ساعة التأكيد مثبَّتة على شمعة 19:45Z (من cbar)
02:48 KSA · AFTER   · scanner    · بدء المسح · 50 رمزاً · الجلسة AFTER
02:48 KSA · AFTER   · scanner    · ساعة التأكيد مثبَّتة على شمعة 19:45Z (من cbar)
02:48 KSA · AFTER   · scanner    · بدء المسح · 50 رمزاً · الجلسة AFTER
02:48 KSA · AFTER   · scanner    · ساعة التأكيد مثبَّتة على شمعة 19:45Z (من cbar)
02:50 KSA · AFTER   · scanner    · بدء المسح · 50 رمزاً · الجلسة AFTER
02:50 KSA · AFTER   · scanner    · ساعة التأكيد مثبَّتة على شمعة 19:45Z (من cbar)
02:51 KSA · AFTER   · scanner    · بدء المسح · 50 رمزاً · الجلسة AFTER
02:51 KSA · AFTER   · scanner    · ساعة التأكيد مثبَّتة على شمعة 19:45Z (من cbar)
02:52 KSA · AFTER   · scanner    · بدء المسح · 50 رمزاً · الجلسة AFTER
02:52 KSA · AFTER   · scanner    · ساعة التأكيد مثبَّتة على شمعة 19:45Z (من cbar)
02:54 KSA · AFTER   · scanner    · بدء المسح · 50 رمزاً · الجلسة AFTER
02:54 KSA · AFTER   · scanner    · ساعة التأكيد مثبَّتة على شمعة 19:45Z (من cbar)
02:56 KSA · AFTER   · scanner    · بدء المسح · 50 رمزاً · الجلسة AFTER
02:56 KSA · AFTER   · scanner    · ساعة التأكيد مثبَّتة على شمعة 19:45Z (من cbar)
02:58 KSA · AFTER   · scanner    · بدء المسح · 50 رمزاً · الجلسة AFTER
02:58 KSA · AFTER   · scanner    · ساعة التأكيد مثبَّتة على شمعة 19:45Z (من cbar)
03:00 KSA · CLOSED  · scanner    · بدء المسح · 50 رمزاً · الجلسة CLOSED
03:00 KSA · CLOSED  · scanner    · ساعة التأكيد مثبَّتة على شمعة 19:45Z (من cbar)
03:02 KSA · CLOSED  · scanner    · بدء المسح · 50 رمزاً · الجلسة CLOSED
03:02 KSA · CLOSED  · scanner    · ساعة التأكيد مثبَّتة على شمعة 19:45Z (من cbar)
03:03 KSA · CLOSED  · scanner    · بدء المسح · 50 رمزاً · الجلسة CLOSED
03:03 KSA · CLOSED  · scanner    · ساعة التأكيد مثبَّتة على شمعة 19:45Z (من cbar)
03:04 KSA · CLOSED  · scanner    · بدء المسح · 50 رمزاً · الجلسة CLOSED
03:04 KSA · CLOSED  · scanner    · ساعة التأكيد مثبَّتة على شمعة 19:45Z (من cbar)
03:06 KSA · CLOSED  · scanner    · بدء المسح · 50 رمزاً · الجلسة CLOSED
03:06 KSA · CLOSED  · scanner    · ساعة التأكيد مثبَّتة على شمعة 19:45Z (من cbar)
03:08 KSA · CLOSED  · scanner    · بدء المسح · 50 رمزاً · الجلسة CLOSED
03:08 KSA · CLOSED  · scanner    · ساعة التأكيد مثبَّتة على شمعة 19:45Z (من cbar)
03:10 KSA · CLOSED  · scanner    · بدء المسح · 50 رمزاً · الجلسة CLOSED
03:10 KSA · CLOSED  · scanner    · ساعة التأكيد مثبَّتة على شمعة 19:45Z (من cbar)
03:12 KSA · CLOSED  · scanner    · بدء المسح · 50 رمزاً · الجلسة CLOSED
03:12 KSA · CLOSED  · scanner    · ساعة التأكيد مثبَّتة على شمعة 19:45Z (من cbar)
03:14 KSA · CLOSED  · scanner    · بدء المسح · 50 رمزاً · الجلسة CLOSED
03:14 KSA · CLOSED  · scanner    · ساعة التأكيد مثبَّتة على شمعة 19:45Z (من cbar)
03:16 KSA · CLOSED  · scanner    · بدء المسح · 50 رمزاً · الجلسة CLOSED
03:16 KSA · CLOSED  · scanner    · ساعة التأكيد مثبَّتة على شمعة 19:45Z (من cbar)
03:18 KSA · CLOSED  · scanner    · بدء المسح · 50 رمزاً · الجلسة CLOSED
03:18 KSA · CLOSED  · scanner    · ساعة التأكيد مثبَّتة على شمعة 19:45Z (من cbar)
03:18 KSA · CLOSED  · scanner    · بدء المسح · 50 رمزاً · الجلسة CLOSED
03:18 KSA · CLOSED  · scanner    · ساعة التأكيد مثبَّتة على شمعة 19:45Z (من cbar)
03:20 KSA · CLOSED  · scanner    · بدء المسح · 50 رمزاً · الجلسة CLOSED
03:20 KSA · CLOSED  · scanner    · ساعة التأكيد مثبَّتة على شمعة 19:45Z (من cbar)
03:21 KSA · CLOSED  · scanner    · بدء المسح · 50 رمزاً · الجلسة CLOSED
03:21 KSA · CLOSED  · scanner    · ساعة التأكيد مثبَّتة على شمعة 19:45Z (من cbar)
03:22 KSA · CLOSED  · scanner    · بدء المسح · 50 رمزاً · الجلسة CLOSED
03:22 KSA · CLOSED  · scanner    · ساعة التأكيد مثبَّتة على شمعة 19:45Z (من cbar)
03:24 KSA · CLOSED  · scanner    · بدء المسح · 50 رمزاً · الجلسة CLOSED
03:24 KSA · CLOSED  · scanner    · ساعة التأكيد مثبَّتة على شمعة 19:45Z (من cbar)
03:26 KSA · CLOSED  · scanner    · بدء المسح · 50 رمزاً · الجلسة CLOSED
03:26 KSA · CLOSED  · scanner    · ساعة التأكيد مثبَّتة على شمعة 19:45Z (من cbar)
03:28 KSA · CLOSED  · scanner    · بدء المسح · 50 رمزاً · الجلسة CLOSED
03:28 KSA · CLOSED  · scanner    · ساعة التأكيد مثبَّتة على شمعة 19:45Z (من cbar)
03:30 KSA · CLOSED  · scanner    · بدء المسح · 50 رمزاً · الجلسة CLOSED
03:30 KSA · CLOSED  · scanner    · ساعة التأكيد مثبَّتة على شمعة 19:45Z (من cbar)
03:32 KSA · CLOSED  · scanner    · بدء المسح · 50 رمزاً · الجلسة CLOSED
03:32 KSA · CLOSED  · scanner    · ساعة التأكيد مثبَّتة على شمعة 19:45Z (من cbar)
03:33 KSA · CLOSED  · scanner    · بدء المسح · 50 رمزاً · الجلسة CLOSED
03:33 KSA · CLOSED  · scanner    · ساعة التأكيد مثبَّتة على شمعة 19:45Z (من cbar)
03:34 KSA · CLOSED  · scanner    · بدء المسح · 50 رمزاً · الجلسة CLOSED
03:34 KSA · CLOSED  · scanner    · ساعة التأكيد مثبَّتة على شمعة 19:45Z (من cbar)
03:36 KSA · CLOSED  · scanner    · بدء المسح · 50 رمزاً · الجلسة CLOSED
03:36 KSA · CLOSED  · scanner    · ساعة التأكيد مثبَّتة على شمعة 19:45Z (من cbar)
03:38 KSA · CLOSED  · scanner    · بدء المسح · 50 رمزاً · الجلسة CLOSED
03:38 KSA · CLOSED  · scanner    · ساعة التأكيد مثبَّتة على شمعة 19:45Z (من cbar)
03:40 KSA · CLOSED  · scanner    · بدء المسح · 50 رمزاً · الجلسة CLOSED
03:40 KSA · CLOSED  · scanner    · ساعة التأكيد مثبَّتة على شمعة 19:45Z (من cbar)
03:42 KSA · CLOSED  · scanner    · بدء المسح · 50 رمزاً · الجلسة CLOSED
03:42 KSA · CLOSED  · scanner    · ساعة التأكيد مثبَّتة على شمعة 19:45Z (من cbar)
03:44 KSA · CLOSED  · scanner    · بدء المسح · 50 رمزاً · الجلسة CLOSED
03:44 KSA · CLOSED  · scanner    · ساعة التأكيد مثبَّتة على شمعة 19:45Z (من cbar)
03:46 KSA · CLOSED  · scanner    · بدء المسح · 50 رمزاً · الجلسة CLOSED
03:46 KSA · CLOSED  · scanner    · ساعة التأكيد مثبَّتة على شمعة 19:45Z (من cbar)
03:48 KSA · CLOSED  · scanner    · بدء المسح · 50 رمزاً · الجلسة CLOSED
03:48 KSA · CLOSED  · scanner    · ساعة التأكيد مثبَّتة على شمعة 19:45Z (من cbar)
03:48 KSA · CLOSED  · scanner    · بدء المسح · 50 رمزاً · الجلسة CLOSED
03:48 KSA · CLOSED  · scanner    · ساعة التأكيد مثبَّتة على شمعة 19:45Z (من cbar)
03:50 KSA · CLOSED  · scanner    · بدء المسح · 50 رمزاً · الجلسة CLOSED
03:50 KSA · CLOSED  · scanner    · ساعة التأكيد مثبَّتة على شمعة 19:45Z (من cbar)
03:51 KSA · CLOSED  · scanner    · بدء المسح · 50 رمزاً · الجلسة CLOSED
03:51 KSA · CLOSED  · scanner    · ساعة التأكيد مثبَّتة على شمعة 19:45Z (من cbar)
03:52 KSA · CLOSED  · scanner    · بدء المسح · 50 رمزاً · الجلسة CLOSED
03:52 KSA · CLOSED  · scanner    · ساعة التأكيد مثبَّتة على شمعة 19:45Z (من cbar)
03:54 KSA · CLOSED  · scanner    · بدء المسح · 50 رمزاً · الجلسة CLOSED
03:54 KSA · CLOSED  · scanner    · ساعة التأكيد مثبَّتة على شمعة 19:45Z (من cbar)
03:56 KSA · CLOSED  · scanner    · بدء المسح · 50 رمزاً · الجلسة CLOSED
03:56 KSA · CLOSED  · scanner    · ساعة التأكيد مثبَّتة على شمعة 19:45Z (من cbar)
03:58 KSA · CLOSED  · scanner    · بدء المسح · 50 رمزاً · الجلسة CLOSED
03:58 KSA · CLOSED  · scanner    · ساعة التأكيد مثبَّتة على شمعة 19:45Z (من cbar)
04:00 KSA · CLOSED  · scanner    · بدء المسح · 50 رمزاً · الجلسة CLOSED
04:00 KSA · CLOSED  · scanner    · ساعة التأكيد مثبَّتة على شمعة 19:45Z (من cbar)
04:02 KSA · CLOSED  · scanner    · بدء المسح · 50 رمزاً · الجلسة CLOSED
04:02 KSA · CLOSED  · scanner    · ساعة التأكيد مثبَّتة على شمعة 19:45Z (من cbar)
04:03 KSA · CLOSED  · scanner    · بدء المسح · 50 رمزاً · الجلسة CLOSED
04:03 KSA · CLOSED  · scanner    · ساعة التأكيد مثبَّتة على شمعة 19:45Z (من cbar)
04:04 KSA · CLOSED  · scanner    · بدء المسح · 50 رمزاً · الجلسة CLOSED
04:04 KSA · CLOSED  · scanner    · ساعة التأكيد مثبَّتة على شمعة 19:45Z (من cbar)
04:06 KSA · CLOSED  · scanner    · بدء المسح · 50 رمزاً · الجلسة CLOSED
04:06 KSA · CLOSED  · scanner    · ساعة التأكيد مثبَّتة على شمعة 19:45Z (من cbar)
04:08 KSA · CLOSED  · scanner    · بدء المسح · 50 رمزاً · الجلسة CLOSED
04:08 KSA · CLOSED  · scanner    · ساعة التأكيد مثبَّتة على شمعة 19:45Z (من cbar)
04:10 KSA · CLOSED  · scanner    · بدء المسح · 50 رمزاً · الجلسة CLOSED
04:10 KSA · CLOSED  · scanner    · ساعة التأكيد مثبَّتة على شمعة 19:45Z (من cbar)
04:12 KSA · CLOSED  · scanner    · بدء المسح · 50 رمزاً · الجلسة CLOSED
04:12 KSA · CLOSED  · scanner    · ساعة التأكيد مثبَّتة على شمعة 19:45Z (من cbar)
04:14 KSA · CLOSED  · scanner    · بدء المسح · 50 رمزاً · الجلسة CLOSED
04:14 KSA · CLOSED  · scanner    · ساعة التأكيد مثبَّتة على شمعة 19:45Z (من cbar)
04:16 KSA · CLOSED  · scanner    · بدء المسح · 50 رمزاً · الجلسة CLOSED
04:16 KSA · CLOSED  · scanner    · ساعة التأكيد مثبَّتة على شمعة 19:45Z (من cbar)
04:18 KSA · CLOSED  · scanner    · بدء المسح · 50 رمزاً · الجلسة CLOSED
04:18 KSA · CLOSED  · scanner    · ساعة التأكيد مثبَّتة على شمعة 19:45Z (من cbar)
04:18 KSA · CLOSED  · scanner    · بدء المسح · 50 رمزاً · الجلسة CLOSED
04:18 KSA · CLOSED  · scanner    · ساعة التأكيد مثبَّتة على شمعة 19:45Z (من cbar)
04:20 KSA · CLOSED  · scanner    · بدء المسح · 50 رمزاً · الجلسة CLOSED
04:20 KSA · CLOSED  · scanner    · ساعة التأكيد مثبَّتة على شمعة 19:45Z (من cbar)
04:21 KSA · CLOSED  · scanner    · بدء المسح · 50 رمزاً · الجلسة CLOSED
04:21 KSA · CLOSED  · scanner    · ساعة التأكيد مثبَّتة على شمعة 19:45Z (من cbar)
04:22 KSA · CLOSED  · scanner    · بدء المسح · 50 رمزاً · الجلسة CLOSED
04:22 KSA · CLOSED  · scanner    · ساعة التأكيد مثبَّتة على شمعة 19:45Z (من cbar)
04:24 KSA · CLOSED  · scanner    · بدء المسح · 50 رمزاً · الجلسة CLOSED
04:24 KSA · CLOSED  · scanner    · ساعة التأكيد مثبَّتة على شمعة 19:45Z (من cbar)
04:26 KSA · CLOSED  · scanner    · بدء المسح · 50 رمزاً · الجلسة CLOSED
04:26 KSA · CLOSED  · scanner    · ساعة التأكيد مثبَّتة على شمعة 19:45Z (من cbar)
04:28 KSA · CLOSED  · scanner    · بدء المسح · 50 رمزاً · الجلسة CLOSED
04:28 KSA · CLOSED  · scanner    · ساعة التأكيد مثبَّتة على شمعة 19:45Z (من cbar)
04:30 KSA · CLOSED  · scanner    · بدء المسح · 50 رمزاً · الجلسة CLOSED
04:30 KSA · CLOSED  · scanner    · ساعة التأكيد مثبَّتة على شمعة 19:45Z (من cbar)
04:32 KSA · CLOSED  · scanner    · بدء المسح · 50 رمزاً · الجلسة CLOSED
04:32 KSA · CLOSED  · scanner    · ساعة التأكيد مثبَّتة على شمعة 19:45Z (من cbar)
04:33 KSA · CLOSED  · scanner    · بدء المسح · 50 رمزاً · الجلسة CLOSED
04:33 KSA · CLOSED  · scanner    · ساعة التأكيد مثبَّتة على شمعة 19:45Z (من cbar)
04:34 KSA · CLOSED  · scanner    · بدء المسح · 50 رمزاً · الجلسة CLOSED
04:34 KSA · CLOSED  · scanner    · ساعة التأكيد مثبَّتة على شمعة 19:45Z (من cbar)
04:36 KSA · CLOSED  · scanner    · بدء المسح · 50 رمزاً · الجلسة CLOSED
04:36 KSA · CLOSED  · scanner    · ساعة التأكيد مثبَّتة على شمعة 19:45Z (من cbar)
04:38 KSA · CLOSED  · scanner    · بدء المسح · 50 رمزاً · الجلسة CLOSED
04:38 KSA · CLOSED  · scanner    · ساعة التأكيد مثبَّتة على شمعة 19:45Z (من cbar)
04:40 KSA · CLOSED  · scanner    · بدء المسح · 50 رمزاً · الجلسة CLOSED
04:40 KSA · CLOSED  · scanner    · ساعة التأكيد مثبَّتة على شمعة 19:45Z (من cbar)
04:42 KSA · CLOSED  · scanner    · بدء المسح · 50 رمزاً · الجلسة CLOSED
04:42 KSA · CLOSED  · scanner    · ساعة التأكيد مثبَّتة على شمعة 19:45Z (من cbar)
04:44 KSA · CLOSED  · scanner    · بدء المسح · 50 رمزاً · الجلسة CLOSED
04:44 KSA · CLOSED  · scanner    · ساعة التأكيد مثبَّتة على شمعة 19:45Z (من cbar)
04:46 KSA · CLOSED  · scanner    · بدء المسح · 50 رمزاً · الجلسة CLOSED
04:46 KSA · CLOSED  · scanner    · ساعة التأكيد مثبَّتة على شمعة 19:45Z (من cbar)
04:48 KSA · CLOSED  · scanner    · بدء المسح · 50 رمزاً · الجلسة CLOSED
04:48 KSA · CLOSED  · scanner    · ساعة التأكيد مثبَّتة على شمعة 19:45Z (من cbar)
04:48 KSA · CLOSED  · scanner    · بدء المسح · 50 رمزاً · الجلسة CLOSED
04:48 KSA · CLOSED  · scanner    · ساعة التأكيد مثبَّتة على شمعة 19:45Z (من cbar)
04:50 KSA · CLOSED  · scanner    · بدء المسح · 50 رمزاً · الجلسة CLOSED
04:50 KSA · CLOSED  · scanner    · ساعة التأكيد مثبَّتة على شمعة 19:45Z (من cbar)
04:51 KSA · CLOSED  · scanner    · بدء المسح · 50 رمزاً · الجلسة CLOSED
04:51 KSA · CLOSED  · scanner    · ساعة التأكيد مثبَّتة على شمعة 19:45Z (من cbar)
04:52 KSA · CLOSED  · scanner    · بدء المسح · 50 رمزاً · الجلسة CLOSED
04:52 KSA · CLOSED  · scanner    · ساعة التأكيد مثبَّتة على شمعة 19:45Z (من cbar)
04:54 KSA · CLOSED  · scanner    · بدء المسح · 50 رمزاً · الجلسة CLOSED
04:54 KSA · CLOSED  · scanner    · ساعة التأكيد مثبَّتة على شمعة 19:45Z (من cbar)
04:56 KSA · CLOSED  · scanner    · بدء المسح · 50 رمزاً · الجلسة CLOSED
04:56 KSA · CLOSED  · scanner    · ساعة التأكيد مثبَّتة على شمعة 19:45Z (من cbar)
04:58 KSA · CLOSED  · scanner    · بدء المسح · 50 رمزاً · الجلسة CLOSED
04:58 KSA · CLOSED  · scanner    · ساعة التأكيد مثبَّتة على شمعة 19:45Z (من cbar)
05:00 KSA · CLOSED  · scanner    · بدء المسح · 50 رمزاً · الجلسة CLOSED
05:00 KSA · CLOSED  · scanner    · ساعة التأكيد مثبَّتة على شمعة 19:45Z (من cbar)
05:02 KSA · CLOSED  · scanner    · بدء المسح · 50 رمزاً · الجلسة CLOSED
05:02 KSA · CLOSED  · scanner    · ساعة التأكيد مثبَّتة على شمعة 19:45Z (من cbar)
05:03 KSA · CLOSED  · scanner    · بدء المسح · 50 رمزاً · الجلسة CLOSED
05:03 KSA · CLOSED  · scanner    · ساعة التأكيد مثبَّتة على شمعة 19:45Z (من cbar)
05:04 KSA · CLOSED  · scanner    · بدء المسح · 50 رمزاً · الجلسة CLOSED
05:04 KSA · CLOSED  · scanner    · ساعة التأكيد مثبَّتة على شمعة 19:45Z (من cbar)
05:06 KSA · CLOSED  · scanner    · بدء المسح · 50 رمزاً · الجلسة CLOSED
05:06 KSA · CLOSED  · scanner    · ساعة التأكيد مثبَّتة على شمعة 19:45Z (من cbar)
05:08 KSA · CLOSED  · scanner    · بدء المسح · 50 رمزاً · الجلسة CLOSED
05:08 KSA · CLOSED  · scanner    · ساعة التأكيد مثبَّتة على شمعة 19:45Z (من cbar)
05:10 KSA · CLOSED  · scanner    · بدء المسح · 50 رمزاً · الجلسة CLOSED
05:10 KSA · CLOSED  · scanner    · ساعة التأكيد مثبَّتة على شمعة 19:45Z (من cbar)
05:12 KSA · CLOSED  · scanner    · بدء المسح · 50 رمزاً · الجلسة CLOSED
05:12 KSA · CLOSED  · scanner    · ساعة التأكيد مثبَّتة على شمعة 19:45Z (من cbar)
05:14 KSA · CLOSED  · scanner    · بدء المسح · 50 رمزاً · الجلسة CLOSED
05:14 KSA · CLOSED  · scanner    · ساعة التأكيد مثبَّتة على شمعة 19:45Z (من cbar)
05:16 KSA · CLOSED  · scanner    · بدء المسح · 50 رمزاً · الجلسة CLOSED
05:16 KSA · CLOSED  · scanner    · ساعة التأكيد مثبَّتة على شمعة 19:45Z (من cbar)
05:18 KSA · CLOSED  · scanner    · بدء المسح · 50 رمزاً · الجلسة CLOSED
05:18 KSA · CLOSED  · scanner    · ساعة التأكيد مثبَّتة على شمعة 19:45Z (من cbar)
05:18 KSA · CLOSED  · scanner    · بدء المسح · 50 رمزاً · الجلسة CLOSED
05:18 KSA · CLOSED  · scanner    · ساعة التأكيد مثبَّتة على شمعة 19:45Z (من cbar)
05:20 KSA · CLOSED  · scanner    · بدء المسح · 50 رمزاً · الجلسة CLOSED
05:20 KSA · CLOSED  · scanner    · ساعة التأكيد مثبَّتة على شمعة 19:45Z (من cbar)
05:21 KSA · CLOSED  · scanner    · بدء المسح · 50 رمزاً · الجلسة CLOSED
05:21 KSA · CLOSED  · scanner    · ساعة التأكيد مثبَّتة على شمعة 19:45Z (من cbar)
05:22 KSA · CLOSED  · scanner    · بدء المسح · 50 رمزاً · الجلسة CLOSED
05:22 KSA · CLOSED  · scanner    · ساعة التأكيد مثبَّتة على شمعة 19:45Z (من cbar)
05:24 KSA · CLOSED  · scanner    · بدء المسح · 50 رمزاً · الجلسة CLOSED
05:24 KSA · CLOSED  · scanner    · ساعة التأكيد مثبَّتة على شمعة 19:45Z (من cbar)
05:26 KSA · CLOSED  · scanner    · بدء المسح · 50 رمزاً · الجلسة CLOSED
05:26 KSA · CLOSED  · scanner    · ساعة التأكيد مثبَّتة على شمعة 19:45Z (من cbar)
05:28 KSA · CLOSED  · scanner    · بدء المسح · 50 رمزاً · الجلسة CLOSED
05:28 KSA · CLOSED  · scanner    · ساعة التأكيد مثبَّتة على شمعة 19:45Z (من cbar)
05:30 KSA · CLOSED  · scanner    · بدء المسح · 50 رمزاً · الجلسة CLOSED
05:30 KSA · CLOSED  · scanner    · ساعة التأكيد مثبَّتة على شمعة 19:45Z (من cbar)
05:32 KSA · CLOSED  · scanner    · بدء المسح · 50 رمزاً · الجلسة CLOSED
05:32 KSA · CLOSED  · scanner    · ساعة التأكيد مثبَّتة على شمعة 19:45Z (من cbar)
05:33 KSA · CLOSED  · scanner    · بدء المسح · 50 رمزاً · الجلسة CLOSED
05:33 KSA · CLOSED  · scanner    · ساعة التأكيد مثبَّتة على شمعة 19:45Z (من cbar)
05:34 KSA · CLOSED  · scanner    · بدء المسح · 50 رمزاً · الجلسة CLOSED
05:34 KSA · CLOSED  · scanner    · ساعة التأكيد مثبَّتة على شمعة 19:45Z (من cbar)
05:36 KSA · CLOSED  · scanner    · بدء المسح · 50 رمزاً · الجلسة CLOSED
05:36 KSA · CLOSED  · scanner    · ساعة التأكيد مثبَّتة على شمعة 19:45Z (من cbar)
05:38 KSA · CLOSED  · scanner    · بدء المسح · 50 رمزاً · الجلسة CLOSED
05:38 KSA · CLOSED  · scanner    · ساعة التأكيد مثبَّتة على شمعة 19:45Z (من cbar)
05:40 KSA · CLOSED  · scanner    · بدء المسح · 50 رمزاً · الجلسة CLOSED
05:40 KSA · CLOSED  · scanner    · ساعة التأكيد مثبَّتة على شمعة 19:45Z (من cbar)
05:42 KSA · CLOSED  · scanner    · بدء المسح · 50 رمزاً · الجلسة CLOSED
05:42 KSA · CLOSED  · scanner    · ساعة التأكيد مثبَّتة على شمعة 19:45Z (من cbar)
05:44 KSA · CLOSED  · scanner    · بدء المسح · 50 رمزاً · الجلسة CLOSED
05:44 KSA · CLOSED  · scanner    · ساعة التأكيد مثبَّتة على شمعة 19:45Z (من cbar)
05:46 KSA · CLOSED  · scanner    · بدء المسح · 50 رمزاً · الجلسة CLOSED
05:46 KSA · CLOSED  · scanner    · ساعة التأكيد مثبَّتة على شمعة 19:45Z (من cbar)
05:48 KSA · CLOSED  · scanner    · بدء المسح · 50 رمزاً · الجلسة CLOSED
05:48 KSA · CLOSED  · scanner    · ساعة التأكيد مثبَّتة على شمعة 19:45Z (من cbar)
05:48 KSA · CLOSED  · scanner    · بدء المسح · 50 رمزاً · الجلسة CLOSED
05:48 KSA · CLOSED  · scanner    · ساعة التأكيد مثبَّتة على شمعة 19:45Z (من cbar)
05:50 KSA · CLOSED  · scanner    · بدء المسح · 50 رمزاً · الجلسة CLOSED
05:50 KSA · CLOSED  · scanner    · ساعة التأكيد مثبَّتة على شمعة 19:45Z (من cbar)
05:50 KSA · CLOSED  · scanner    · بدء المسح · 50 رمزاً · الجلسة CLOSED
05:50 KSA · CLOSED  · scanner    · ساعة التأكيد مثبَّتة على شمعة 19:45Z (من cbar)
05:52 KSA · CLOSED  · scanner    · بدء المسح · 50 رمزاً · الجلسة CLOSED
05:52 KSA · CLOSED  · scanner    · ساعة التأكيد مثبَّتة على شمعة 19:45Z (من cbar)
05:54 KSA · CLOSED  · scanner    · بدء المسح · 50 رمزاً · الجلسة CLOSED
05:54 KSA · CLOSED  · scanner    · ساعة التأكيد مثبَّتة على شمعة 19:45Z (من cbar)
05:56 KSA · CLOSED  · scanner    · بدء المسح · 50 رمزاً · الجلسة CLOSED
05:56 KSA · CLOSED  · scanner    · ساعة التأكيد مثبَّتة على شمعة 19:45Z (من cbar)
05:58 KSA · CLOSED  · scanner    · بدء المسح · 50 رمزاً · الجلسة CLOSED
05:58 KSA · CLOSED  · scanner    · ساعة التأكيد مثبَّتة على شمعة 19:45Z (من cbar)
06:00 KSA · CLOSED  · scanner    · بدء المسح · 50 رمزاً · الجلسة CLOSED
06:00 KSA · CLOSED  · scanner    · ساعة التأكيد مثبَّتة على شمعة 19:45Z (من cbar)
06:02 KSA · CLOSED  · scanner    · بدء المسح · 50 رمزاً · الجلسة CLOSED
06:02 KSA · CLOSED  · scanner    · ساعة التأكيد مثبَّتة على شمعة 19:45Z (من cbar)
06:03 KSA · CLOSED  · scanner    · بدء المسح · 50 رمزاً · الجلسة CLOSED
06:03 KSA · CLOSED  · scanner    · ساعة التأكيد مثبَّتة على شمعة 19:45Z (من cbar)
06:04 KSA · CLOSED  · scanner    · بدء المسح · 50 رمزاً · الجلسة CLOSED
06:04 KSA · CLOSED  · scanner    · ساعة التأكيد مثبَّتة على شمعة 19:45Z (من cbar)
06:06 KSA · CLOSED  · scanner    · بدء المسح · 50 رمزاً · الجلسة CLOSED
06:06 KSA · CLOSED  · scanner    · ساعة التأكيد مثبَّتة على شمعة 19:45Z (من cbar)
06:08 KSA · CLOSED  · scanner    · بدء المسح · 50 رمزاً · الجلسة CLOSED
06:08 KSA · CLOSED  · scanner    · ساعة التأكيد مثبَّتة على شمعة 19:45Z (من cbar)
06:10 KSA · CLOSED  · scanner    · بدء المسح · 50 رمزاً · الجلسة CLOSED
06:10 KSA · CLOSED  · scanner    · ساعة التأكيد مثبَّتة على شمعة 19:45Z (من cbar)
06:12 KSA · CLOSED  · scanner    · بدء المسح · 50 رمزاً · الجلسة CLOSED
06:12 KSA · CLOSED  · scanner    · ساعة التأكيد مثبَّتة على شمعة 19:45Z (من cbar)
06:14 KSA · CLOSED  · scanner    · بدء المسح · 50 رمزاً · الجلسة CLOSED
06:14 KSA · CLOSED  · scanner    · ساعة التأكيد مثبَّتة على شمعة 19:45Z (من cbar)
06:16 KSA · CLOSED  · scanner    · بدء المسح · 50 رمزاً · الجلسة CLOSED
06:16 KSA · CLOSED  · scanner    · ساعة التأكيد مثبَّتة على شمعة 19:45Z (من cbar)
06:18 KSA · CLOSED  · scanner    · بدء المسح · 50 رمزاً · الجلسة CLOSED
06:18 KSA · CLOSED  · scanner    · ساعة التأكيد مثبَّتة على شمعة 19:45Z (من cbar)
06:18 KSA · CLOSED  · scanner    · بدء المسح · 50 رمزاً · الجلسة CLOSED
06:18 KSA · CLOSED  · scanner    · ساعة التأكيد مثبَّتة على شمعة 19:45Z (من cbar)
06:20 KSA · CLOSED  · scanner    · بدء المسح · 50 رمزاً · الجلسة CLOSED
06:20 KSA · CLOSED  · scanner    · ساعة التأكيد مثبَّتة على شمعة 19:45Z (من cbar)
06:20 KSA · CLOSED  · scanner    · بدء المسح · 50 رمزاً · الجلسة CLOSED
06:20 KSA · CLOSED  · scanner    · ساعة التأكيد مثبَّتة على شمعة 19:45Z (من cbar)
06:22 KSA · CLOSED  · scanner    · بدء المسح · 50 رمزاً · الجلسة CLOSED
06:22 KSA · CLOSED  · scanner    · ساعة التأكيد مثبَّتة على شمعة 19:45Z (من cbar)
06:24 KSA · CLOSED  · scanner    · بدء المسح · 50 رمزاً · الجلسة CLOSED
06:24 KSA · CLOSED  · scanner    · ساعة التأكيد مثبَّتة على شمعة 19:45Z (من cbar)
06:26 KSA · CLOSED  · scanner    · بدء المسح · 50 رمزاً · الجلسة CLOSED
06:26 KSA · CLOSED  · scanner    · ساعة التأكيد مثبَّتة على شمعة 19:45Z (من cbar)
06:28 KSA · CLOSED  · scanner    · بدء المسح · 50 رمزاً · الجلسة CLOSED
06:28 KSA · CLOSED  · scanner    · ساعة التأكيد مثبَّتة على شمعة 19:45Z (من cbar)
06:30 KSA · CLOSED  · scanner    · بدء المسح · 50 رمزاً · الجلسة CLOSED
06:30 KSA · CLOSED  · scanner    · ساعة التأكيد مثبَّتة على شمعة 19:45Z (من cbar)
06:32 KSA · CLOSED  · scanner    · بدء المسح · 50 رمزاً · الجلسة CLOSED
06:32 KSA · CLOSED  · scanner    · ساعة التأكيد مثبَّتة على شمعة 19:45Z (من cbar)
06:33 KSA · CLOSED  · scanner    · بدء المسح · 50 رمزاً · الجلسة CLOSED
06:33 KSA · CLOSED  · scanner    · ساعة التأكيد مثبَّتة على شمعة 19:45Z (من cbar)
06:34 KSA · CLOSED  · scanner    · بدء المسح · 50 رمزاً · الجلسة CLOSED
06:34 KSA · CLOSED  · scanner    · ساعة التأكيد مثبَّتة على شمعة 19:45Z (من cbar)
06:36 KSA · CLOSED  · scanner    · بدء المسح · 50 رمزاً · الجلسة CLOSED
06:36 KSA · CLOSED  · scanner    · ساعة التأكيد مثبَّتة على شمعة 19:45Z (من cbar)
06:38 KSA · CLOSED  · scanner    · بدء المسح · 50 رمزاً · الجلسة CLOSED
06:38 KSA · CLOSED  · scanner    · ساعة التأكيد مثبَّتة على شمعة 19:45Z (من cbar)
06:40 KSA · CLOSED  · scanner    · بدء المسح · 50 رمزاً · الجلسة CLOSED
06:40 KSA · CLOSED  · scanner    · ساعة التأكيد مثبَّتة على شمعة 19:45Z (من cbar)
06:42 KSA · CLOSED  · scanner    · بدء المسح · 50 رمزاً · الجلسة CLOSED
06:42 KSA · CLOSED  · scanner    · ساعة التأكيد مثبَّتة على شمعة 19:45Z (من cbar)
06:44 KSA · CLOSED  · scanner    · بدء المسح · 50 رمزاً · الجلسة CLOSED
06:44 KSA · CLOSED  · scanner    · ساعة التأكيد مثبَّتة على شمعة 19:45Z (من cbar)
06:46 KSA · CLOSED  · scanner    · بدء المسح · 50 رمزاً · الجلسة CLOSED
06:46 KSA · CLOSED  · scanner    · ساعة التأكيد مثبَّتة على شمعة 19:45Z (من cbar)
06:48 KSA · CLOSED  · scanner    · بدء المسح · 50 رمزاً · الجلسة CLOSED
06:48 KSA · CLOSED  · scanner    · ساعة التأكيد مثبَّتة على شمعة 19:45Z (من cbar)
06:48 KSA · CLOSED  · scanner    · بدء المسح · 50 رمزاً · الجلسة CLOSED
06:48 KSA · CLOSED  · scanner    · ساعة التأكيد مثبَّتة على شمعة 19:45Z (من cbar)
06:50 KSA · CLOSED  · scanner    · بدء المسح · 50 رمزاً · الجلسة CLOSED
06:50 KSA · CLOSED  · scanner    · ساعة التأكيد مثبَّتة على شمعة 19:45Z (من cbar)
06:51 KSA · CLOSED  · scanner    · بدء المسح · 50 رمزاً · الجلسة CLOSED
06:51 KSA · CLOSED  · scanner    · ساعة التأكيد مثبَّتة على شمعة 19:45Z (من cbar)
06:52 KSA · CLOSED  · scanner    · بدء المسح · 50 رمزاً · الجلسة CLOSED
06:52 KSA · CLOSED  · scanner    · ساعة التأكيد مثبَّتة على شمعة 19:45Z (من cbar)
06:54 KSA · CLOSED  · scanner    · بدء المسح · 50 رمزاً · الجلسة CLOSED
06:54 KSA · CLOSED  · scanner    · ساعة التأكيد مثبَّتة على شمعة 19:45Z (من cbar)
06:56 KSA · CLOSED  · scanner    · بدء المسح · 50 رمزاً · الجلسة CLOSED
06:56 KSA · CLOSED  · scanner    · ساعة التأكيد مثبَّتة على شمعة 19:45Z (من cbar)
06:58 KSA · CLOSED  · scanner    · بدء المسح · 50 رمزاً · الجلسة CLOSED
06:58 KSA · CLOSED  · scanner    · ساعة التأكيد مثبَّتة على شمعة 19:45Z (من cbar)
07:00 KSA · CLOSED  · scanner    · بدء المسح · 50 رمزاً · الجلسة CLOSED
07:00 KSA · CLOSED  · scanner    · ساعة التأكيد مثبَّتة على شمعة 19:45Z (من cbar)
07:02 KSA · CLOSED  · scanner    · بدء المسح · 50 رمزاً · الجلسة CLOSED
07:02 KSA · CLOSED  · scanner    · ساعة التأكيد مثبَّتة على شمعة 19:45Z (من cbar)
07:03 KSA · CLOSED  · scanner    · بدء المسح · 50 رمزاً · الجلسة CLOSED
07:03 KSA · CLOSED  · scanner    · ساعة التأكيد مثبَّتة على شمعة 19:45Z (من cbar)
07:04 KSA · CLOSED  · scanner    · بدء المسح · 50 رمزاً · الجلسة CLOSED
07:04 KSA · CLOSED  · scanner    · ساعة التأكيد مثبَّتة على شمعة 19:45Z (من cbar)
07:06 KSA · CLOSED  · scanner    · بدء المسح · 50 رمزاً · الجلسة CLOSED
07:06 KSA · CLOSED  · scanner    · ساعة التأكيد مثبَّتة على شمعة 19:45Z (من cbar)
07:08 KSA · CLOSED  · scanner    · بدء المسح · 50 رمزاً · الجلسة CLOSED
07:08 KSA · CLOSED  · scanner    · ساعة التأكيد مثبَّتة على شمعة 19:45Z (من cbar)
07:10 KSA · CLOSED  · scanner    · بدء المسح · 50 رمزاً · الجلسة CLOSED
07:10 KSA · CLOSED  · scanner    · ساعة التأكيد مثبَّتة على شمعة 19:45Z (من cbar)
07:12 KSA · CLOSED  · scanner    · بدء المسح · 50 رمزاً · الجلسة CLOSED
07:12 KSA · CLOSED  · scanner    · ساعة التأكيد مثبَّتة على شمعة 19:45Z (من cbar)
07:14 KSA · CLOSED  · scanner    · بدء المسح · 50 رمزاً · الجلسة CLOSED
07:14 KSA · CLOSED  · scanner    · ساعة التأكيد مثبَّتة على شمعة 19:45Z (من cbar)
07:16 KSA · CLOSED  · scanner    · بدء المسح · 50 رمزاً · الجلسة CLOSED
07:16 KSA · CLOSED  · scanner    · ساعة التأكيد مثبَّتة على شمعة 19:45Z (من cbar)
07:18 KSA · CLOSED  · scanner    · بدء المسح · 50 رمزاً · الجلسة CLOSED
07:18 KSA · CLOSED  · scanner    · ساعة التأكيد مثبَّتة على شمعة 19:45Z (من cbar)
07:18 KSA · CLOSED  · scanner    · بدء المسح · 50 رمزاً · الجلسة CLOSED
07:18 KSA · CLOSED  · scanner    · ساعة التأكيد مثبَّتة على شمعة 19:45Z (من cbar)
07:20 KSA · CLOSED  · scanner    · بدء المسح · 50 رمزاً · الجلسة CLOSED
07:20 KSA · CLOSED  · scanner    · ساعة التأكيد مثبَّتة على شمعة 19:45Z (من cbar)
07:21 KSA · CLOSED  · scanner    · بدء المسح · 50 رمزاً · الجلسة CLOSED
07:21 KSA · CLOSED  · scanner    · ساعة التأكيد مثبَّتة على شمعة 19:45Z (من cbar)
07:22 KSA · CLOSED  · scanner    · بدء المسح · 50 رمزاً · الجلسة CLOSED
07:22 KSA · CLOSED  · scanner    · ساعة التأكيد مثبَّتة على شمعة 19:45Z (من cbar)
07:24 KSA · CLOSED  · scanner    · بدء المسح · 50 رمزاً · الجلسة CLOSED
07:24 KSA · CLOSED  · scanner    · ساعة التأكيد مثبَّتة على شمعة 19:45Z (من cbar)
07:26 KSA · CLOSED  · scanner    · بدء المسح · 50 رمزاً · الجلسة CLOSED
07:26 KSA · CLOSED  · scanner    · ساعة التأكيد مثبَّتة على شمعة 19:45Z (من cbar)
07:28 KSA · CLOSED  · scanner    · بدء المسح · 50 رمزاً · الجلسة CLOSED
07:28 KSA · CLOSED  · scanner    · ساعة التأكيد مثبَّتة على شمعة 19:45Z (من cbar)
07:30 KSA · CLOSED  · scanner    · بدء المسح · 50 رمزاً · الجلسة CLOSED
07:30 KSA · CLOSED  · scanner    · ساعة التأكيد مثبَّتة على شمعة 19:45Z (من cbar)
07:32 KSA · CLOSED  · scanner    · بدء المسح · 50 رمزاً · الجلسة CLOSED
07:32 KSA · CLOSED  · scanner    · ساعة التأكيد مثبَّتة على شمعة 19:45Z (من cbar)
07:33 KSA · CLOSED  · scanner    · بدء المسح · 50 رمزاً · الجلسة CLOSED
07:33 KSA · CLOSED  · scanner    · ساعة التأكيد مثبَّتة على شمعة 19:45Z (من cbar)
07:34 KSA · CLOSED  · scanner    · بدء المسح · 50 رمزاً · الجلسة CLOSED
07:34 KSA · CLOSED  · scanner    · ساعة التأكيد مثبَّتة على شمعة 19:45Z (من cbar)
07:36 KSA · CLOSED  · scanner    · بدء المسح · 50 رمزاً · الجلسة CLOSED
07:36 KSA · CLOSED  · scanner    · ساعة التأكيد مثبَّتة على شمعة 19:45Z (من cbar)
07:38 KSA · CLOSED  · scanner    · بدء المسح · 50 رمزاً · الجلسة CLOSED
07:38 KSA · CLOSED  · scanner    · ساعة التأكيد مثبَّتة على شمعة 19:45Z (من cbar)
07:40 KSA · CLOSED  · scanner    · بدء المسح · 50 رمزاً · الجلسة CLOSED
07:40 KSA · CLOSED  · scanner    · ساعة التأكيد مثبَّتة على شمعة 19:45Z (من cbar)
07:42 KSA · CLOSED  · scanner    · بدء المسح · 50 رمزاً · الجلسة CLOSED
07:42 KSA · CLOSED  · scanner    · ساعة التأكيد مثبَّتة على شمعة 19:45Z (من cbar)
07:44 KSA · CLOSED  · scanner    · بدء المسح · 50 رمزاً · الجلسة CLOSED
07:44 KSA · CLOSED  · scanner    · ساعة التأكيد مثبَّتة على شمعة 19:45Z (من cbar)
07:46 KSA · CLOSED  · scanner    · بدء المسح · 50 رمزاً · الجلسة CLOSED
07:46 KSA · CLOSED  · scanner    · ساعة التأكيد مثبَّتة على شمعة 19:45Z (من cbar)
07:48 KSA · CLOSED  · scanner    · بدء المسح · 50 رمزاً · الجلسة CLOSED
07:48 KSA · CLOSED  · scanner    · ساعة التأكيد مثبَّتة على شمعة 19:45Z (من cbar)
07:48 KSA · CLOSED  · scanner    · بدء المسح · 50 رمزاً · الجلسة CLOSED
07:48 KSA · CLOSED  · scanner    · ساعة التأكيد مثبَّتة على شمعة 19:45Z (من cbar)
07:50 KSA · CLOSED  · scanner    · بدء المسح · 50 رمزاً · الجلسة CLOSED
07:50 KSA · CLOSED  · scanner    · ساعة التأكيد مثبَّتة على شمعة 19:45Z (من cbar)
07:51 KSA · CLOSED  · scanner    · بدء المسح · 50 رمزاً · الجلسة CLOSED
07:51 KSA · CLOSED  · scanner    · ساعة التأكيد مثبَّتة على شمعة 19:45Z (من cbar)
07:52 KSA · CLOSED  · scanner    · بدء المسح · 50 رمزاً · الجلسة CLOSED
07:52 KSA · CLOSED  · scanner    · ساعة التأكيد مثبَّتة على شمعة 19:45Z (من cbar)
07:54 KSA · CLOSED  · scanner    · بدء المسح · 50 رمزاً · الجلسة CLOSED
07:54 KSA · CLOSED  · scanner    · ساعة التأكيد مثبَّتة على شمعة 19:45Z (من cbar)
07:56 KSA · CLOSED  · scanner    · بدء المسح · 50 رمزاً · الجلسة CLOSED
07:56 KSA · CLOSED  · scanner    · ساعة التأكيد مثبَّتة على شمعة 19:45Z (من cbar)
07:58 KSA · CLOSED  · scanner    · بدء المسح · 50 رمزاً · الجلسة CLOSED
07:58 KSA · CLOSED  · scanner    · ساعة التأكيد مثبَّتة على شمعة 19:45Z (من cbar)
08:00 KSA · CLOSED  · scanner    · بدء المسح · 50 رمزاً · الجلسة CLOSED
08:00 KSA · CLOSED  · scanner    · ساعة التأكيد مثبَّتة على شمعة 19:45Z (من cbar)
08:02 KSA · CLOSED  · scanner    · بدء المسح · 50 رمزاً · الجلسة CLOSED
08:02 KSA · CLOSED  · scanner    · ساعة التأكيد مثبَّتة على شمعة 19:45Z (من cbar)
08:03 KSA · CLOSED  · scanner    · بدء المسح · 50 رمزاً · الجلسة CLOSED
08:03 KSA · CLOSED  · scanner    · ساعة التأكيد مثبَّتة على شمعة 19:45Z (من cbar)
08:04 KSA · CLOSED  · scanner    · بدء المسح · 50 رمزاً · الجلسة CLOSED
08:04 KSA · CLOSED  · scanner    · ساعة التأكيد مثبَّتة على شمعة 19:45Z (من cbar)
08:06 KSA · CLOSED  · scanner    · بدء المسح · 50 رمزاً · الجلسة CLOSED
08:06 KSA · CLOSED  · scanner    · ساعة التأكيد مثبَّتة على شمعة 19:45Z (من cbar)
08:08 KSA · CLOSED  · scanner    · بدء المسح · 50 رمزاً · الجلسة CLOSED
08:08 KSA · CLOSED  · scanner    · ساعة التأكيد مثبَّتة على شمعة 19:45Z (من cbar)
08:10 KSA · CLOSED  · scanner    · بدء المسح · 50 رمزاً · الجلسة CLOSED
08:10 KSA · CLOSED  · scanner    · ساعة التأكيد مثبَّتة على شمعة 19:45Z (من cbar)
08:12 KSA · CLOSED  · scanner    · بدء المسح · 50 رمزاً · الجلسة CLOSED
08:12 KSA · CLOSED  · scanner    · ساعة التأكيد مثبَّتة على شمعة 19:45Z (من cbar)
08:14 KSA · CLOSED  · scanner    · بدء المسح · 50 رمزاً · الجلسة CLOSED
08:14 KSA · CLOSED  · scanner    · ساعة التأكيد مثبَّتة على شمعة 19:45Z (من cbar)
08:16 KSA · CLOSED  · scanner    · بدء المسح · 50 رمزاً · الجلسة CLOSED
08:16 KSA · CLOSED  · scanner    · ساعة التأكيد مثبَّتة على شمعة 19:45Z (من cbar)
08:18 KSA · CLOSED  · scanner    · بدء المسح · 50 رمزاً · الجلسة CLOSED
08:18 KSA · CLOSED  · scanner    · ساعة التأكيد مثبَّتة على شمعة 19:45Z (من cbar)
08:18 KSA · CLOSED  · scanner    · بدء المسح · 50 رمزاً · الجلسة CLOSED
08:18 KSA · CLOSED  · scanner    · ساعة التأكيد مثبَّتة على شمعة 19:45Z (من cbar)
08:20 KSA · CLOSED  · scanner    · بدء المسح · 50 رمزاً · الجلسة CLOSED
08:20 KSA · CLOSED  · scanner    · ساعة التأكيد مثبَّتة على شمعة 19:45Z (من cbar)
08:21 KSA · CLOSED  · scanner    · بدء المسح · 50 رمزاً · الجلسة CLOSED
08:21 KSA · CLOSED  · scanner    · ساعة التأكيد مثبَّتة على شمعة 19:45Z (من cbar)
08:22 KSA · CLOSED  · scanner    · بدء المسح · 50 رمزاً · الجلسة CLOSED
08:22 KSA · CLOSED  · scanner    · ساعة التأكيد مثبَّتة على شمعة 19:45Z (من cbar)
08:24 KSA · CLOSED  · scanner    · بدء المسح · 50 رمزاً · الجلسة CLOSED
08:24 KSA · CLOSED  · scanner    · ساعة التأكيد مثبَّتة على شمعة 19:45Z (من cbar)
08:26 KSA · CLOSED  · scanner    · بدء المسح · 50 رمزاً · الجلسة CLOSED
08:26 KSA · CLOSED  · scanner    · ساعة التأكيد مثبَّتة على شمعة 19:45Z (من cbar)
08:28 KSA · CLOSED  · scanner    · بدء المسح · 50 رمزاً · الجلسة CLOSED
08:28 KSA · CLOSED  · scanner    · ساعة التأكيد مثبَّتة على شمعة 19:45Z (من cbar)
08:30 KSA · CLOSED  · scanner    · بدء المسح · 50 رمزاً · الجلسة CLOSED
08:30 KSA · CLOSED  · scanner    · ساعة التأكيد مثبَّتة على شمعة 19:45Z (من cbar)
08:32 KSA · CLOSED  · scanner    · بدء المسح · 50 رمزاً · الجلسة CLOSED
08:32 KSA · CLOSED  · scanner    · ساعة التأكيد مثبَّتة على شمعة 19:45Z (من cbar)
08:33 KSA · CLOSED  · scanner    · بدء المسح · 50 رمزاً · الجلسة CLOSED
08:33 KSA · CLOSED  · scanner    · ساعة التأكيد مثبَّتة على شمعة 19:45Z (من cbar)
08:34 KSA · CLOSED  · scanner    · بدء المسح · 50 رمزاً · الجلسة CLOSED
08:34 KSA · CLOSED  · scanner    · ساعة التأكيد مثبَّتة على شمعة 19:45Z (من cbar)
08:36 KSA · CLOSED  · scanner    · بدء المسح · 50 رمزاً · الجلسة CLOSED
08:36 KSA · CLOSED  · scanner    · ساعة التأكيد مثبَّتة على شمعة 19:45Z (من cbar)
08:38 KSA · CLOSED  · scanner    · بدء المسح · 50 رمزاً · الجلسة CLOSED
08:38 KSA · CLOSED  · scanner    · ساعة التأكيد مثبَّتة على شمعة 19:45Z (من cbar)
08:40 KSA · CLOSED  · scanner    · بدء المسح · 50 رمزاً · الجلسة CLOSED
08:40 KSA · CLOSED  · scanner    · ساعة التأكيد مثبَّتة على شمعة 19:45Z (من cbar)
08:42 KSA · CLOSED  · scanner    · بدء المسح · 50 رمزاً · الجلسة CLOSED
08:42 KSA · CLOSED  · scanner    · ساعة التأكيد مثبَّتة على شمعة 19:45Z (من cbar)
08:44 KSA · CLOSED  · scanner    · بدء المسح · 50 رمزاً · الجلسة CLOSED
08:44 KSA · CLOSED  · scanner    · ساعة التأكيد مثبَّتة على شمعة 19:45Z (من cbar)
08:46 KSA · CLOSED  · scanner    · بدء المسح · 50 رمزاً · الجلسة CLOSED
08:46 KSA · CLOSED  · scanner    · ساعة التأكيد مثبَّتة على شمعة 19:45Z (من cbar)
08:48 KSA · CLOSED  · scanner    · بدء المسح · 50 رمزاً · الجلسة CLOSED
08:48 KSA · CLOSED  · scanner    · ساعة التأكيد مثبَّتة على شمعة 19:45Z (من cbar)
08:48 KSA · CLOSED  · scanner    · بدء المسح · 50 رمزاً · الجلسة CLOSED
08:48 KSA · CLOSED  · scanner    · ساعة التأكيد مثبَّتة على شمعة 19:45Z (من cbar)
08:50 KSA · CLOSED  · scanner    · بدء المسح · 50 رمزاً · الجلسة CLOSED
08:50 KSA · CLOSED  · scanner    · ساعة التأكيد مثبَّتة على شمعة 19:45Z (من cbar)
08:51 KSA · CLOSED  · scanner    · بدء المسح · 50 رمزاً · الجلسة CLOSED
08:51 KSA · CLOSED  · scanner    · ساعة التأكيد مثبَّتة على شمعة 19:45Z (من cbar)
08:52 KSA · CLOSED  · scanner    · بدء المسح · 50 رمزاً · الجلسة CLOSED
08:52 KSA · CLOSED  · scanner    · ساعة التأكيد مثبَّتة على شمعة 19:45Z (من cbar)
08:54 KSA · CLOSED  · scanner    · بدء المسح · 50 رمزاً · الجلسة CLOSED
08:54 KSA · CLOSED  · scanner    · ساعة التأكيد مثبَّتة على شمعة 19:45Z (من cbar)
08:56 KSA · CLOSED  · scanner    · بدء المسح · 50 رمزاً · الجلسة CLOSED
08:56 KSA · CLOSED  · scanner    · ساعة التأكيد مثبَّتة على شمعة 19:45Z (من cbar)
08:58 KSA · CLOSED  · scanner    · بدء المسح · 50 رمزاً · الجلسة CLOSED
08:58 KSA · CLOSED  · scanner    · ساعة التأكيد مثبَّتة على شمعة 19:45Z (من cbar)
09:00 KSA · CLOSED  · scanner    · بدء المسح · 50 رمزاً · الجلسة CLOSED
09:00 KSA · CLOSED  · scanner    · ساعة التأكيد مثبَّتة على شمعة 19:45Z (من cbar)
09:02 KSA · CLOSED  · scanner    · بدء المسح · 50 رمزاً · الجلسة CLOSED
09:02 KSA · CLOSED  · scanner    · ساعة التأكيد مثبَّتة على شمعة 19:45Z (من cbar)
09:03 KSA · CLOSED  · scanner    · بدء المسح · 50 رمزاً · الجلسة CLOSED
09:03 KSA · CLOSED  · scanner    · ساعة التأكيد مثبَّتة على شمعة 19:45Z (من cbar)
09:04 KSA · CLOSED  · scanner    · بدء المسح · 50 رمزاً · الجلسة CLOSED
09:04 KSA · CLOSED  · scanner    · ساعة التأكيد مثبَّتة على شمعة 19:45Z (من cbar)
09:06 KSA · CLOSED  · scanner    · بدء المسح · 50 رمزاً · الجلسة CLOSED
09:06 KSA · CLOSED  · scanner    · ساعة التأكيد مثبَّتة على شمعة 19:45Z (من cbar)
09:08 KSA · CLOSED  · scanner    · بدء المسح · 50 رمزاً · الجلسة CLOSED
09:08 KSA · CLOSED  · scanner    · ساعة التأكيد مثبَّتة على شمعة 19:45Z (من cbar)
09:10 KSA · CLOSED  · scanner    · بدء المسح · 50 رمزاً · الجلسة CLOSED
09:10 KSA · CLOSED  · scanner    · ساعة التأكيد مثبَّتة على شمعة 19:45Z (من cbar)
09:12 KSA · CLOSED  · scanner    · بدء المسح · 50 رمزاً · الجلسة CLOSED
09:12 KSA · CLOSED  · scanner    · ساعة التأكيد مثبَّتة على شمعة 19:45Z (من cbar)
09:14 KSA · CLOSED  · scanner    · بدء المسح · 50 رمزاً · الجلسة CLOSED
09:14 KSA · CLOSED  · scanner    · ساعة التأكيد مثبَّتة على شمعة 19:45Z (من cbar)
09:16 KSA · CLOSED  · scanner    · بدء المسح · 50 رمزاً · الجلسة CLOSED
09:16 KSA · CLOSED  · scanner    · ساعة التأكيد مثبَّتة على شمعة 19:45Z (من cbar)
09:18 KSA · CLOSED  · scanner    · بدء المسح · 50 رمزاً · الجلسة CLOSED
09:18 KSA · CLOSED  · scanner    · ساعة التأكيد مثبَّتة على شمعة 19:45Z (من cbar)
09:18 KSA · CLOSED  · scanner    · بدء المسح · 50 رمزاً · الجلسة CLOSED
09:18 KSA · CLOSED  · scanner    · ساعة التأكيد مثبَّتة على شمعة 19:45Z (من cbar)
09:20 KSA · CLOSED  · scanner    · بدء المسح · 50 رمزاً · الجلسة CLOSED
09:20 KSA · CLOSED  · scanner    · ساعة التأكيد مثبَّتة على شمعة 19:45Z (من cbar)
09:21 KSA · CLOSED  · scanner    · بدء المسح · 50 رمزاً · الجلسة CLOSED
09:21 KSA · CLOSED  · scanner    · ساعة التأكيد مثبَّتة على شمعة 19:45Z (من cbar)
09:22 KSA · CLOSED  · scanner    · بدء المسح · 50 رمزاً · الجلسة CLOSED
09:22 KSA · CLOSED  · scanner    · ساعة التأكيد مثبَّتة على شمعة 19:45Z (من cbar)
09:24 KSA · CLOSED  · scanner    · بدء المسح · 50 رمزاً · الجلسة CLOSED
09:24 KSA · CLOSED  · scanner    · ساعة التأكيد مثبَّتة على شمعة 19:45Z (من cbar)
09:26 KSA · CLOSED  · scanner    · بدء المسح · 50 رمزاً · الجلسة CLOSED
09:26 KSA · CLOSED  · scanner    · ساعة التأكيد مثبَّتة على شمعة 19:45Z (من cbar)
09:32 KSA · CLOSED  · scanner    · بدء المسح · 50 رمزاً · الجلسة CLOSED
09:32 KSA · CLOSED  · scanner    · ساعة التأكيد مثبَّتة على شمعة 19:45Z (من cbar)
09:33 KSA · CLOSED  · scanner    · بدء المسح · 50 رمزاً · الجلسة CLOSED
09:33 KSA · CLOSED  · scanner    · ساعة التأكيد مثبَّتة على شمعة 19:45Z (من cbar)
09:34 KSA · CLOSED  · scanner    · بدء المسح · 50 رمزاً · الجلسة CLOSED
09:34 KSA · CLOSED  · scanner    · ساعة التأكيد مثبَّتة على شمعة 19:45Z (من cbar)
09:36 KSA · CLOSED  · scanner    · بدء المسح · 50 رمزاً · الجلسة CLOSED
09:36 KSA · CLOSED  · scanner    · ساعة التأكيد مثبَّتة على شمعة 19:45Z (من cbar)
09:38 KSA · CLOSED  · scanner    · بدء المسح · 50 رمزاً · الجلسة CLOSED
09:38 KSA · CLOSED  · scanner    · ساعة التأكيد مثبَّتة على شمعة 19:45Z (من cbar)
09:40 KSA · CLOSED  · scanner    · بدء المسح · 50 رمزاً · الجلسة CLOSED
09:40 KSA · CLOSED  · scanner    · ساعة التأكيد مثبَّتة على شمعة 19:45Z (من cbar)
09:42 KSA · CLOSED  · scanner    · بدء المسح · 50 رمزاً · الجلسة CLOSED
09:42 KSA · CLOSED  · scanner    · ساعة التأكيد مثبَّتة على شمعة 19:45Z (من cbar)
09:44 KSA · CLOSED  · scanner    · بدء المسح · 50 رمزاً · الجلسة CLOSED
09:44 KSA · CLOSED  · scanner    · ساعة التأكيد مثبَّتة على شمعة 19:45Z (من cbar)
09:46 KSA · CLOSED  · scanner    · بدء المسح · 50 رمزاً · الجلسة CLOSED
09:46 KSA · CLOSED  · scanner    · ساعة التأكيد مثبَّتة على شمعة 19:45Z (من cbar)
09:48 KSA · CLOSED  · scanner    · بدء المسح · 50 رمزاً · الجلسة CLOSED
09:48 KSA · CLOSED  · scanner    · ساعة التأكيد مثبَّتة على شمعة 19:45Z (من cbar)
09:48 KSA · CLOSED  · scanner    · بدء المسح · 50 رمزاً · الجلسة CLOSED
09:48 KSA · CLOSED  · scanner    · ساعة التأكيد مثبَّتة على شمعة 19:45Z (من cbar)
09:50 KSA · CLOSED  · scanner    · بدء المسح · 50 رمزاً · الجلسة CLOSED
09:50 KSA · CLOSED  · scanner    · ساعة التأكيد مثبَّتة على شمعة 19:45Z (من cbar)
09:50 KSA · CLOSED  · scanner    · بدء المسح · 50 رمزاً · الجلسة CLOSED
09:50 KSA · CLOSED  · scanner    · ساعة التأكيد مثبَّتة على شمعة 19:45Z (من cbar)
09:52 KSA · CLOSED  · scanner    · بدء المسح · 50 رمزاً · الجلسة CLOSED
09:52 KSA · CLOSED  · scanner    · ساعة التأكيد مثبَّتة على شمعة 19:45Z (من cbar)
09:54 KSA · CLOSED  · scanner    · بدء المسح · 50 رمزاً · الجلسة CLOSED
09:54 KSA · CLOSED  · scanner    · ساعة التأكيد مثبَّتة على شمعة 19:45Z (من cbar)
09:56 KSA · CLOSED  · scanner    · بدء المسح · 50 رمزاً · الجلسة CLOSED
09:56 KSA · CLOSED  · scanner    · ساعة التأكيد مثبَّتة على شمعة 19:45Z (من cbar)
09:58 KSA · CLOSED  · scanner    · بدء المسح · 50 رمزاً · الجلسة CLOSED
09:58 KSA · CLOSED  · scanner    · ساعة التأكيد مثبَّتة على شمعة 19:45Z (من cbar)
10:00 KSA · CLOSED  · scanner    · بدء المسح · 50 رمزاً · الجلسة CLOSED
10:00 KSA · CLOSED  · scanner    · ساعة التأكيد مثبَّتة على شمعة 19:45Z (من cbar)
10:02 KSA · CLOSED  · scanner    · بدء المسح · 50 رمزاً · الجلسة CLOSED
10:02 KSA · CLOSED  · scanner    · ساعة التأكيد مثبَّتة على شمعة 19:45Z (من cbar)
10:03 KSA · CLOSED  · scanner    · بدء المسح · 50 رمزاً · الجلسة CLOSED
10:03 KSA · CLOSED  · scanner    · ساعة التأكيد مثبَّتة على شمعة 19:45Z (من cbar)
10:04 KSA · CLOSED  · scanner    · بدء المسح · 50 رمزاً · الجلسة CLOSED
10:04 KSA · CLOSED  · scanner    · ساعة التأكيد مثبَّتة على شمعة 19:45Z (من cbar)
10:06 KSA · CLOSED  · scanner    · بدء المسح · 50 رمزاً · الجلسة CLOSED
10:06 KSA · CLOSED  · scanner    · ساعة التأكيد مثبَّتة على شمعة 19:45Z (من cbar)
10:08 KSA · CLOSED  · scanner    · بدء المسح · 50 رمزاً · الجلسة CLOSED
10:08 KSA · CLOSED  · scanner    · ساعة التأكيد مثبَّتة على شمعة 19:45Z (من cbar)
10:10 KSA · CLOSED  · scanner    · بدء المسح · 50 رمزاً · الجلسة CLOSED
10:10 KSA · CLOSED  · scanner    · ساعة التأكيد مثبَّتة على شمعة 19:45Z (من cbar)
10:12 KSA · CLOSED  · scanner    · بدء المسح · 50 رمزاً · الجلسة CLOSED
10:12 KSA · CLOSED  · scanner    · ساعة التأكيد مثبَّتة على شمعة 19:45Z (من cbar)
10:14 KSA · CLOSED  · scanner    · بدء المسح · 50 رمزاً · الجلسة CLOSED
10:14 KSA · CLOSED  · scanner    · ساعة التأكيد مثبَّتة على شمعة 19:45Z (من cbar)
10:16 KSA · CLOSED  · scanner    · بدء المسح · 50 رمزاً · الجلسة CLOSED
10:16 KSA · CLOSED  · scanner    · ساعة التأكيد مثبَّتة على شمعة 19:45Z (من cbar)
10:18 KSA · CLOSED  · scanner    · بدء المسح · 50 رمزاً · الجلسة CLOSED
10:18 KSA · CLOSED  · scanner    · ساعة التأكيد مثبَّتة على شمعة 19:45Z (من cbar)
10:18 KSA · CLOSED  · scanner    · بدء المسح · 50 رمزاً · الجلسة CLOSED
10:18 KSA · CLOSED  · scanner    · ساعة التأكيد مثبَّتة على شمعة 19:45Z (من cbar)
10:20 KSA · CLOSED  · scanner    · بدء المسح · 50 رمزاً · الجلسة CLOSED
10:20 KSA · CLOSED  · scanner    · ساعة التأكيد مثبَّتة على شمعة 19:45Z (من cbar)
10:20 KSA · CLOSED  · scanner    · بدء المسح · 50 رمزاً · الجلسة CLOSED
10:20 KSA · CLOSED  · scanner    · ساعة التأكيد مثبَّتة على شمعة 19:45Z (من cbar)
10:22 KSA · CLOSED  · scanner    · بدء المسح · 50 رمزاً · الجلسة CLOSED
10:22 KSA · CLOSED  · scanner    · ساعة التأكيد مثبَّتة على شمعة 19:45Z (من cbar)
10:24 KSA · CLOSED  · scanner    · بدء المسح · 50 رمزاً · الجلسة CLOSED
10:24 KSA · CLOSED  · scanner    · ساعة التأكيد مثبَّتة على شمعة 19:45Z (من cbar)
10:26 KSA · CLOSED  · scanner    · بدء المسح · 50 رمزاً · الجلسة CLOSED
10:26 KSA · CLOSED  · scanner    · ساعة التأكيد مثبَّتة على شمعة 19:45Z (من cbar)
10:28 KSA · CLOSED  · scanner    · بدء المسح · 50 رمزاً · الجلسة CLOSED
10:28 KSA · CLOSED  · scanner    · ساعة التأكيد مثبَّتة على شمعة 19:45Z (من cbar)
10:30 KSA · CLOSED  · scanner    · بدء المسح · 50 رمزاً · الجلسة CLOSED
10:30 KSA · CLOSED  · scanner    · ساعة التأكيد مثبَّتة على شمعة 19:45Z (من cbar)
10:32 KSA · CLOSED  · scanner    · بدء المسح · 50 رمزاً · الجلسة CLOSED
10:32 KSA · CLOSED  · scanner    · ساعة التأكيد مثبَّتة على شمعة 19:45Z (من cbar)
10:33 KSA · CLOSED  · scanner    · بدء المسح · 50 رمزاً · الجلسة CLOSED
10:33 KSA · CLOSED  · scanner    · ساعة التأكيد مثبَّتة على شمعة 19:45Z (من cbar)
10:34 KSA · CLOSED  · scanner    · بدء المسح · 50 رمزاً · الجلسة CLOSED
10:34 KSA · CLOSED  · scanner    · ساعة التأكيد مثبَّتة على شمعة 19:45Z (من cbar)
10:36 KSA · CLOSED  · scanner    · بدء المسح · 50 رمزاً · الجلسة CLOSED
10:36 KSA · CLOSED  · scanner    · ساعة التأكيد مثبَّتة على شمعة 19:45Z (من cbar)
10:38 KSA · CLOSED  · scanner    · بدء المسح · 50 رمزاً · الجلسة CLOSED
10:38 KSA · CLOSED  · scanner    · ساعة التأكيد مثبَّتة على شمعة 19:45Z (من cbar)
10:40 KSA · CLOSED  · scanner    · بدء المسح · 50 رمزاً · الجلسة CLOSED
10:40 KSA · CLOSED  · scanner    · ساعة التأكيد مثبَّتة على شمعة 19:45Z (من cbar)
10:42 KSA · CLOSED  · scanner    · بدء المسح · 50 رمزاً · الجلسة CLOSED
10:42 KSA · CLOSED  · scanner    · ساعة التأكيد مثبَّتة على شمعة 19:45Z (من cbar)
10:44 KSA · CLOSED  · scanner    · بدء المسح · 50 رمزاً · الجلسة CLOSED
10:44 KSA · CLOSED  · scanner    · ساعة التأكيد مثبَّتة على شمعة 19:45Z (من cbar)
10:46 KSA · CLOSED  · scanner    · بدء المسح · 50 رمزاً · الجلسة CLOSED
10:46 KSA · CLOSED  · scanner    · ساعة التأكيد مثبَّتة على شمعة 19:45Z (من cbar)
10:48 KSA · CLOSED  · scanner    · بدء المسح · 50 رمزاً · الجلسة CLOSED
10:48 KSA · CLOSED  · scanner    · ساعة التأكيد مثبَّتة على شمعة 19:45Z (من cbar)
10:48 KSA · CLOSED  · scanner    · بدء المسح · 50 رمزاً · الجلسة CLOSED
10:48 KSA · CLOSED  · scanner    · ساعة التأكيد مثبَّتة على شمعة 19:45Z (من cbar)
10:50 KSA · CLOSED  · scanner    · بدء المسح · 50 رمزاً · الجلسة CLOSED
10:50 KSA · CLOSED  · scanner    · ساعة التأكيد مثبَّتة على شمعة 19:45Z (من cbar)
10:51 KSA · CLOSED  · scanner    · بدء المسح · 50 رمزاً · الجلسة CLOSED
10:51 KSA · CLOSED  · scanner    · ساعة التأكيد مثبَّتة على شمعة 19:45Z (من cbar)
10:52 KSA · CLOSED  · scanner    · بدء المسح · 50 رمزاً · الجلسة CLOSED
10:52 KSA · CLOSED  · scanner    · ساعة التأكيد مثبَّتة على شمعة 19:45Z (من cbar)
10:54 KSA · CLOSED  · scanner    · بدء المسح · 50 رمزاً · الجلسة CLOSED
10:54 KSA · CLOSED  · scanner    · ساعة التأكيد مثبَّتة على شمعة 19:45Z (من cbar)
10:56 KSA · CLOSED  · scanner    · بدء المسح · 50 رمزاً · الجلسة CLOSED
10:56 KSA · CLOSED  · scanner    · ساعة التأكيد مثبَّتة على شمعة 19:45Z (من cbar)
10:58 KSA · CLOSED  · scanner    · بدء المسح · 50 رمزاً · الجلسة CLOSED
10:58 KSA · CLOSED  · scanner    · ساعة التأكيد مثبَّتة على شمعة 19:45Z (من cbar)
11:00 KSA · CLOSED  · scanner    · بدء المسح · 50 رمزاً · الجلسة CLOSED
11:00 KSA · CLOSED  · scanner    · ساعة التأكيد مثبَّتة على شمعة 19:45Z (من cbar)
11:02 KSA · CLOSED  · scanner    · بدء المسح · 50 رمزاً · الجلسة CLOSED
11:02 KSA · CLOSED  · scanner    · ساعة التأكيد مثبَّتة على شمعة 19:45Z (من cbar)
11:03 KSA · CLOSED  · scanner    · بدء المسح · 50 رمزاً · الجلسة CLOSED
11:03 KSA · CLOSED  · scanner    · ساعة التأكيد مثبَّتة على شمعة 19:45Z (من cbar)
11:04 KSA · CLOSED  · scanner    · بدء المسح · 50 رمزاً · الجلسة CLOSED
11:04 KSA · CLOSED  · scanner    · ساعة التأكيد مثبَّتة على شمعة 19:45Z (من cbar)
11:06 KSA · CLOSED  · scanner    · بدء المسح · 50 رمزاً · الجلسة CLOSED
11:06 KSA · CLOSED  · scanner    · ساعة التأكيد مثبَّتة على شمعة 19:45Z (من cbar)
11:08 KSA · CLOSED  · scanner    · بدء المسح · 50 رمزاً · الجلسة CLOSED
11:08 KSA · CLOSED  · scanner    · ساعة التأكيد مثبَّتة على شمعة 19:45Z (من cbar)
11:10 KSA · CLOSED  · scanner    · بدء المسح · 50 رمزاً · الجلسة CLOSED
11:10 KSA · CLOSED  · scanner    · ساعة التأكيد مثبَّتة على شمعة 19:45Z (من cbar)
11:12 KSA · CLOSED  · scanner    · بدء المسح · 50 رمزاً · الجلسة CLOSED
11:12 KSA · CLOSED  · scanner    · ساعة التأكيد مثبَّتة على شمعة 19:45Z (من cbar)
11:14 KSA · CLOSED  · scanner    · بدء المسح · 50 رمزاً · الجلسة CLOSED
11:14 KSA · CLOSED  · scanner    · ساعة التأكيد مثبَّتة على شمعة 19:45Z (من cbar)
11:16 KSA · CLOSED  · scanner    · بدء المسح · 50 رمزاً · الجلسة CLOSED
11:16 KSA · CLOSED  · scanner    · ساعة التأكيد مثبَّتة على شمعة 19:45Z (من cbar)
11:18 KSA · CLOSED  · scanner    · بدء المسح · 50 رمزاً · الجلسة CLOSED
11:18 KSA · CLOSED  · scanner    · ساعة التأكيد مثبَّتة على شمعة 19:45Z (من cbar)
11:18 KSA · CLOSED  · scanner    · بدء المسح · 50 رمزاً · الجلسة CLOSED
11:18 KSA · CLOSED  · scanner    · ساعة التأكيد مثبَّتة على شمعة 19:45Z (من cbar)
11:20 KSA · CLOSED  · scanner    · بدء المسح · 50 رمزاً · الجلسة CLOSED
11:20 KSA · CLOSED  · scanner    · ساعة التأكيد مثبَّتة على شمعة 19:45Z (من cbar)
11:21 KSA · CLOSED  · scanner    · بدء المسح · 50 رمزاً · الجلسة CLOSED
11:21 KSA · CLOSED  · scanner    · ساعة التأكيد مثبَّتة على شمعة 19:45Z (من cbar)
11:22 KSA · CLOSED  · scanner    · بدء المسح · 50 رمزاً · الجلسة CLOSED
11:22 KSA · CLOSED  · scanner    · ساعة التأكيد مثبَّتة على شمعة 19:45Z (من cbar)
11:24 KSA · CLOSED  · scanner    · بدء المسح · 50 رمزاً · الجلسة CLOSED
11:24 KSA · CLOSED  · scanner    · ساعة التأكيد مثبَّتة على شمعة 19:45Z (من cbar)
11:26 KSA · CLOSED  · scanner    · بدء المسح · 50 رمزاً · الجلسة CLOSED
11:26 KSA · CLOSED  · scanner    · ساعة التأكيد مثبَّتة على شمعة 19:45Z (من cbar)
11:28 KSA · CLOSED  · scanner    · بدء المسح · 50 رمزاً · الجلسة CLOSED
11:28 KSA · CLOSED  · scanner    · ساعة التأكيد مثبَّتة على شمعة 19:45Z (من cbar)
11:30 KSA · CLOSED  · scanner    · بدء المسح · 50 رمزاً · الجلسة CLOSED
11:30 KSA · CLOSED  · scanner    · ساعة التأكيد مثبَّتة على شمعة 19:45Z (من cbar)
11:32 KSA · CLOSED  · scanner    · بدء المسح · 50 رمزاً · الجلسة CLOSED
11:32 KSA · CLOSED  · scanner    · ساعة التأكيد مثبَّتة على شمعة 19:45Z (من cbar)
11:33 KSA · CLOSED  · scanner    · بدء المسح · 50 رمزاً · الجلسة CLOSED
11:33 KSA · CLOSED  · scanner    · ساعة التأكيد مثبَّتة على شمعة 19:45Z (من cbar)
11:34 KSA · CLOSED  · scanner    · بدء المسح · 50 رمزاً · الجلسة CLOSED
11:34 KSA · CLOSED  · scanner    · ساعة التأكيد مثبَّتة على شمعة 19:45Z (من cbar)
11:36 KSA · CLOSED  · scanner    · بدء المسح · 50 رمزاً · الجلسة CLOSED
11:36 KSA · CLOSED  · scanner    · ساعة التأكيد مثبَّتة على شمعة 19:45Z (من cbar)
11:38 KSA · CLOSED  · scanner    · بدء المسح · 50 رمزاً · الجلسة CLOSED
11:38 KSA · CLOSED  · scanner    · ساعة التأكيد مثبَّتة على شمعة 19:45Z (من cbar)
11:40 KSA · CLOSED  · scanner    · بدء المسح · 50 رمزاً · الجلسة CLOSED
11:40 KSA · CLOSED  · scanner    · ساعة التأكيد مثبَّتة على شمعة 19:45Z (من cbar)
11:42 KSA · CLOSED  · scanner    · بدء المسح · 50 رمزاً · الجلسة CLOSED
11:42 KSA · CLOSED  · scanner    · ساعة التأكيد مثبَّتة على شمعة 19:45Z (من cbar)
11:44 KSA · CLOSED  · scanner    · بدء المسح · 50 رمزاً · الجلسة CLOSED
11:44 KSA · CLOSED  · scanner    · ساعة التأكيد مثبَّتة على شمعة 19:45Z (من cbar)
11:46 KSA · CLOSED  · scanner    · بدء المسح · 50 رمزاً · الجلسة CLOSED
11:46 KSA · CLOSED  · scanner    · ساعة التأكيد مثبَّتة على شمعة 19:45Z (من cbar)
11:48 KSA · CLOSED  · scanner    · بدء المسح · 50 رمزاً · الجلسة CLOSED
11:48 KSA · CLOSED  · scanner    · ساعة التأكيد مثبَّتة على شمعة 19:45Z (من cbar)
11:48 KSA · CLOSED  · scanner    · بدء المسح · 50 رمزاً · الجلسة CLOSED
11:48 KSA · CLOSED  · scanner    · ساعة التأكيد مثبَّتة على شمعة 19:45Z (من cbar)
11:50 KSA · CLOSED  · scanner    · بدء المسح · 50 رمزاً · الجلسة CLOSED
11:50 KSA · CLOSED  · scanner    · ساعة التأكيد مثبَّتة على شمعة 19:45Z (من cbar)
11:51 KSA · CLOSED  · scanner    · بدء المسح · 50 رمزاً · الجلسة CLOSED
11:51 KSA · CLOSED  · scanner    · ساعة التأكيد مثبَّتة على شمعة 19:45Z (من cbar)
11:52 KSA · CLOSED  · scanner    · بدء المسح · 50 رمزاً · الجلسة CLOSED
11:52 KSA · CLOSED  · scanner    · ساعة التأكيد مثبَّتة على شمعة 19:45Z (من cbar)
11:54 KSA · CLOSED  · scanner    · بدء المسح · 50 رمزاً · الجلسة CLOSED
11:54 KSA · CLOSED  · scanner    · ساعة التأكيد مثبَّتة على شمعة 19:45Z (من cbar)
11:56 KSA · CLOSED  · scanner    · بدء المسح · 50 رمزاً · الجلسة CLOSED
11:56 KSA · CLOSED  · scanner    · ساعة التأكيد مثبَّتة على شمعة 19:45Z (من cbar)
11:58 KSA · CLOSED  · scanner    · بدء المسح · 50 رمزاً · الجلسة CLOSED
11:58 KSA · CLOSED  · scanner    · ساعة التأكيد مثبَّتة على شمعة 19:45Z (من cbar)
12:00 KSA · CLOSED  · scanner    · بدء المسح · 50 رمزاً · الجلسة CLOSED
12:00 KSA · CLOSED  · scanner    · ساعة التأكيد مثبَّتة على شمعة 19:45Z (من cbar)
12:02 KSA · CLOSED  · scanner    · بدء المسح · 50 رمزاً · الجلسة CLOSED
12:02 KSA · CLOSED  · scanner    · ساعة التأكيد مثبَّتة على شمعة 19:45Z (من cbar)
12:03 KSA · CLOSED  · scanner    · بدء المسح · 50 رمزاً · الجلسة CLOSED
12:03 KSA · CLOSED  · scanner    · ساعة التأكيد مثبَّتة على شمعة 19:45Z (من cbar)
12:04 KSA · CLOSED  · scanner    · بدء المسح · 50 رمزاً · الجلسة CLOSED
12:04 KSA · CLOSED  · scanner    · ساعة التأكيد مثبَّتة على شمعة 19:45Z (من cbar)
12:06 KSA · CLOSED  · scanner    · بدء المسح · 50 رمزاً · الجلسة CLOSED
12:06 KSA · CLOSED  · scanner    · ساعة التأكيد مثبَّتة على شمعة 19:45Z (من cbar)
12:08 KSA · CLOSED  · scanner    · بدء المسح · 50 رمزاً · الجلسة CLOSED
12:08 KSA · CLOSED  · scanner    · ساعة التأكيد مثبَّتة على شمعة 19:45Z (من cbar)
12:10 KSA · CLOSED  · scanner    · بدء المسح · 50 رمزاً · الجلسة CLOSED
12:10 KSA · CLOSED  · scanner    · ساعة التأكيد مثبَّتة على شمعة 19:45Z (من cbar)
12:12 KSA · CLOSED  · scanner    · بدء المسح · 50 رمزاً · الجلسة CLOSED
12:12 KSA · CLOSED  · scanner    · ساعة التأكيد مثبَّتة على شمعة 19:45Z (من cbar)
12:14 KSA · CLOSED  · scanner    · بدء المسح · 50 رمزاً · الجلسة CLOSED
12:14 KSA · CLOSED  · scanner    · ساعة التأكيد مثبَّتة على شمعة 19:45Z (من cbar)
12:16 KSA · CLOSED  · scanner    · بدء المسح · 50 رمزاً · الجلسة CLOSED
12:16 KSA · CLOSED  · scanner    · ساعة التأكيد مثبَّتة على شمعة 19:45Z (من cbar)
12:18 KSA · CLOSED  · scanner    · بدء المسح · 50 رمزاً · الجلسة CLOSED
12:18 KSA · CLOSED  · scanner    · ساعة التأكيد مثبَّتة على شمعة 19:45Z (من cbar)
12:18 KSA · CLOSED  · scanner    · بدء المسح · 50 رمزاً · الجلسة CLOSED
12:18 KSA · CLOSED  · scanner    · ساعة التأكيد مثبَّتة على شمعة 19:45Z (من cbar)
12:20 KSA · CLOSED  · scanner    · بدء المسح · 50 رمزاً · الجلسة CLOSED
12:20 KSA · CLOSED  · scanner    · ساعة التأكيد مثبَّتة على شمعة 19:45Z (من cbar)
12:21 KSA · CLOSED  · scanner    · بدء المسح · 50 رمزاً · الجلسة CLOSED
12:21 KSA · CLOSED  · scanner    · ساعة التأكيد مثبَّتة على شمعة 19:45Z (من cbar)
12:22 KSA · CLOSED  · scanner    · بدء المسح · 50 رمزاً · الجلسة CLOSED
12:22 KSA · CLOSED  · scanner    · ساعة التأكيد مثبَّتة على شمعة 19:45Z (من cbar)
12:24 KSA · CLOSED  · scanner    · بدء المسح · 50 رمزاً · الجلسة CLOSED
12:24 KSA · CLOSED  · scanner    · ساعة التأكيد مثبَّتة على شمعة 19:45Z (من cbar)
12:26 KSA · CLOSED  · scanner    · بدء المسح · 50 رمزاً · الجلسة CLOSED
12:26 KSA · CLOSED  · scanner    · ساعة التأكيد مثبَّتة على شمعة 19:45Z (من cbar)
12:28 KSA · CLOSED  · scanner    · بدء المسح · 50 رمزاً · الجلسة CLOSED
12:28 KSA · CLOSED  · scanner    · ساعة التأكيد مثبَّتة على شمعة 19:45Z (من cbar)
12:30 KSA · CLOSED  · scanner    · بدء المسح · 50 رمزاً · الجلسة CLOSED
12:30 KSA · CLOSED  · scanner    · ساعة التأكيد مثبَّتة على شمعة 19:45Z (من cbar)
12:32 KSA · CLOSED  · scanner    · بدء المسح · 50 رمزاً · الجلسة CLOSED
12:32 KSA · CLOSED  · scanner    · ساعة التأكيد مثبَّتة على شمعة 19:45Z (من cbar)
12:33 KSA · CLOSED  · scanner    · بدء المسح · 50 رمزاً · الجلسة CLOSED
12:33 KSA · CLOSED  · scanner    · ساعة التأكيد مثبَّتة على شمعة 19:45Z (من cbar)
12:34 KSA · CLOSED  · scanner    · بدء المسح · 50 رمزاً · الجلسة CLOSED
12:34 KSA · CLOSED  · scanner    · ساعة التأكيد مثبَّتة على شمعة 19:45Z (من cbar)
12:36 KSA · CLOSED  · scanner    · بدء المسح · 50 رمزاً · الجلسة CLOSED
12:36 KSA · CLOSED  · scanner    · ساعة التأكيد مثبَّتة على شمعة 19:45Z (من cbar)
12:38 KSA · CLOSED  · scanner    · بدء المسح · 50 رمزاً · الجلسة CLOSED
12:38 KSA · CLOSED  · scanner    · ساعة التأكيد مثبَّتة على شمعة 19:45Z (من cbar)
12:40 KSA · CLOSED  · scanner    · بدء المسح · 50 رمزاً · الجلسة CLOSED
12:40 KSA · CLOSED  · scanner    · ساعة التأكيد مثبَّتة على شمعة 19:45Z (من cbar)
12:42 KSA · CLOSED  · scanner    · بدء المسح · 50 رمزاً · الجلسة CLOSED
12:42 KSA · CLOSED  · scanner    · ساعة التأكيد مثبَّتة على شمعة 19:45Z (من cbar)
12:44 KSA · CLOSED  · scanner    · بدء المسح · 50 رمزاً · الجلسة CLOSED
12:44 KSA · CLOSED  · scanner    · ساعة التأكيد مثبَّتة على شمعة 19:45Z (من cbar)
12:46 KSA · CLOSED  · scanner    · بدء المسح · 50 رمزاً · الجلسة CLOSED
12:46 KSA · CLOSED  · scanner    · ساعة التأكيد مثبَّتة على شمعة 19:45Z (من cbar)
12:48 KSA · CLOSED  · scanner    · بدء المسح · 50 رمزاً · الجلسة CLOSED
12:48 KSA · CLOSED  · scanner    · ساعة التأكيد مثبَّتة على شمعة 19:45Z (من cbar)
12:48 KSA · CLOSED  · scanner    · بدء المسح · 50 رمزاً · الجلسة CLOSED
12:48 KSA · CLOSED  · scanner    · ساعة التأكيد مثبَّتة على شمعة 19:45Z (من cbar)
12:50 KSA · CLOSED  · scanner    · بدء المسح · 50 رمزاً · الجلسة CLOSED
12:50 KSA · CLOSED  · scanner    · ساعة التأكيد مثبَّتة على شمعة 19:45Z (من cbar)
12:51 KSA · CLOSED  · scanner    · بدء المسح · 50 رمزاً · الجلسة CLOSED
12:51 KSA · CLOSED  · scanner    · ساعة التأكيد مثبَّتة على شمعة 19:45Z (من cbar)
12:52 KSA · CLOSED  · scanner    · بدء المسح · 50 رمزاً · الجلسة CLOSED
12:52 KSA · CLOSED  · scanner    · ساعة التأكيد مثبَّتة على شمعة 19:45Z (من cbar)
12:54 KSA · CLOSED  · scanner    · بدء المسح · 50 رمزاً · الجلسة CLOSED
12:54 KSA · CLOSED  · scanner    · ساعة التأكيد مثبَّتة على شمعة 19:45Z (من cbar)
12:56 KSA · CLOSED  · scanner    · بدء المسح · 50 رمزاً · الجلسة CLOSED
12:56 KSA · CLOSED  · scanner    · ساعة التأكيد مثبَّتة على شمعة 19:45Z (من cbar)
12:58 KSA · CLOSED  · scanner    · بدء المسح · 50 رمزاً · الجلسة CLOSED
12:58 KSA · CLOSED  · scanner    · ساعة التأكيد مثبَّتة على شمعة 19:45Z (من cbar)
13:00 KSA · CLOSED  · scanner    · بدء المسح · 50 رمزاً · الجلسة CLOSED
13:00 KSA · CLOSED  · scanner    · ساعة التأكيد مثبَّتة على شمعة 19:45Z (من cbar)
13:02 KSA · CLOSED  · scanner    · بدء المسح · 50 رمزاً · الجلسة CLOSED
13:02 KSA · CLOSED  · scanner    · ساعة التأكيد مثبَّتة على شمعة 19:45Z (من cbar)
13:03 KSA · CLOSED  · scanner    · بدء المسح · 50 رمزاً · الجلسة CLOSED
13:03 KSA · CLOSED  · scanner    · ساعة التأكيد مثبَّتة على شمعة 19:45Z (من cbar)
13:04 KSA · CLOSED  · scanner    · بدء المسح · 50 رمزاً · الجلسة CLOSED
13:04 KSA · CLOSED  · scanner    · ساعة التأكيد مثبَّتة على شمعة 19:45Z (من cbar)
13:06 KSA · CLOSED  · scanner    · بدء المسح · 50 رمزاً · الجلسة CLOSED
13:06 KSA · CLOSED  · scanner    · ساعة التأكيد مثبَّتة على شمعة 19:45Z (من cbar)
13:08 KSA · CLOSED  · scanner    · بدء المسح · 50 رمزاً · الجلسة CLOSED
13:08 KSA · CLOSED  · scanner    · ساعة التأكيد مثبَّتة على شمعة 19:45Z (من cbar)
13:10 KSA · CLOSED  · scanner    · بدء المسح · 50 رمزاً · الجلسة CLOSED
13:10 KSA · CLOSED  · scanner    · ساعة التأكيد مثبَّتة على شمعة 19:45Z (من cbar)
13:12 KSA · CLOSED  · scanner    · بدء المسح · 50 رمزاً · الجلسة CLOSED
13:12 KSA · CLOSED  · scanner    · ساعة التأكيد مثبَّتة على شمعة 19:45Z (من cbar)
13:14 KSA · CLOSED  · scanner    · بدء المسح · 50 رمزاً · الجلسة CLOSED
13:14 KSA · CLOSED  · scanner    · ساعة التأكيد مثبَّتة على شمعة 19:45Z (من cbar)
13:16 KSA · CLOSED  · scanner    · بدء المسح · 50 رمزاً · الجلسة CLOSED
13:16 KSA · CLOSED  · scanner    · ساعة التأكيد مثبَّتة على شمعة 19:45Z (من cbar)
13:18 KSA · CLOSED  · scanner    · بدء المسح · 50 رمزاً · الجلسة CLOSED
13:18 KSA · CLOSED  · scanner    · ساعة التأكيد مثبَّتة على شمعة 19:45Z (من cbar)
13:18 KSA · CLOSED  · scanner    · بدء المسح · 50 رمزاً · الجلسة CLOSED
13:18 KSA · CLOSED  · scanner    · ساعة التأكيد مثبَّتة على شمعة 19:45Z (من cbar)
13:20 KSA · CLOSED  · scanner    · بدء المسح · 50 رمزاً · الجلسة CLOSED
13:20 KSA · CLOSED  · scanner    · ساعة التأكيد مثبَّتة على شمعة 19:45Z (من cbar)
13:21 KSA · CLOSED  · scanner    · بدء المسح · 50 رمزاً · الجلسة CLOSED
13:21 KSA · CLOSED  · scanner    · ساعة التأكيد مثبَّتة على شمعة 19:45Z (من cbar)
13:22 KSA · CLOSED  · scanner    · بدء المسح · 50 رمزاً · الجلسة CLOSED
13:22 KSA · CLOSED  · scanner    · ساعة التأكيد مثبَّتة على شمعة 19:45Z (من cbar)
13:24 KSA · CLOSED  · scanner    · بدء المسح · 50 رمزاً · الجلسة CLOSED
13:24 KSA · CLOSED  · scanner    · ساعة التأكيد مثبَّتة على شمعة 19:45Z (من cbar)
13:26 KSA · CLOSED  · scanner    · بدء المسح · 50 رمزاً · الجلسة CLOSED
13:26 KSA · CLOSED  · scanner    · ساعة التأكيد مثبَّتة على شمعة 19:45Z (من cbar)
13:28 KSA · CLOSED  · scanner    · بدء المسح · 50 رمزاً · الجلسة CLOSED
13:28 KSA · CLOSED  · scanner    · ساعة التأكيد مثبَّتة على شمعة 19:45Z (من cbar)
13:30 KSA · CLOSED  · scanner    · بدء المسح · 50 رمزاً · الجلسة CLOSED
13:30 KSA · CLOSED  · scanner    · ساعة التأكيد مثبَّتة على شمعة 19:45Z (من cbar)
13:32 KSA · CLOSED  · scanner    · بدء المسح · 50 رمزاً · الجلسة CLOSED
13:32 KSA · CLOSED  · scanner    · ساعة التأكيد مثبَّتة على شمعة 19:45Z (من cbar)
13:33 KSA · CLOSED  · scanner    · بدء المسح · 50 رمزاً · الجلسة CLOSED
13:33 KSA · CLOSED  · scanner    · ساعة التأكيد مثبَّتة على شمعة 19:45Z (من cbar)
13:34 KSA · CLOSED  · scanner    · بدء المسح · 50 رمزاً · الجلسة CLOSED
13:34 KSA · CLOSED  · scanner    · ساعة التأكيد مثبَّتة على شمعة 19:45Z (من cbar)
13:36 KSA · CLOSED  · scanner    · بدء المسح · 50 رمزاً · الجلسة CLOSED
13:36 KSA · CLOSED  · scanner    · ساعة التأكيد مثبَّتة على شمعة 19:45Z (من cbar)
13:38 KSA · CLOSED  · scanner    · بدء المسح · 50 رمزاً · الجلسة CLOSED
13:38 KSA · CLOSED  · scanner    · ساعة التأكيد مثبَّتة على شمعة 19:45Z (من cbar)
13:40 KSA · CLOSED  · scanner    · بدء المسح · 50 رمزاً · الجلسة CLOSED
13:40 KSA · CLOSED  · scanner    · ساعة التأكيد مثبَّتة على شمعة 19:45Z (من cbar)
13:42 KSA · CLOSED  · scanner    · بدء المسح · 50 رمزاً · الجلسة CLOSED
13:42 KSA · CLOSED  · scanner    · ساعة التأكيد مثبَّتة على شمعة 19:45Z (من cbar)
13:44 KSA · CLOSED  · scanner    · بدء المسح · 50 رمزاً · الجلسة CLOSED
13:44 KSA · CLOSED  · scanner    · ساعة التأكيد مثبَّتة على شمعة 19:45Z (من cbar)
13:46 KSA · CLOSED  · scanner    · بدء المسح · 50 رمزاً · الجلسة CLOSED
13:46 KSA · CLOSED  · scanner    · ساعة التأكيد مثبَّتة على شمعة 19:45Z (من cbar)
13:48 KSA · CLOSED  · scanner    · بدء المسح · 50 رمزاً · الجلسة CLOSED
13:48 KSA · CLOSED  · scanner    · ساعة التأكيد مثبَّتة على شمعة 19:45Z (من cbar)
13:48 KSA · CLOSED  · scanner    · بدء المسح · 50 رمزاً · الجلسة CLOSED
13:48 KSA · CLOSED  · scanner    · ساعة التأكيد مثبَّتة على شمعة 19:45Z (من cbar)
13:50 KSA · CLOSED  · scanner    · بدء المسح · 50 رمزاً · الجلسة CLOSED
13:50 KSA · CLOSED  · scanner    · ساعة التأكيد مثبَّتة على شمعة 19:45Z (من cbar)
13:51 KSA · CLOSED  · scanner    · بدء المسح · 50 رمزاً · الجلسة CLOSED
13:51 KSA · CLOSED  · scanner    · ساعة التأكيد مثبَّتة على شمعة 19:45Z (من cbar)
13:52 KSA · CLOSED  · scanner    · بدء المسح · 50 رمزاً · الجلسة CLOSED
13:52 KSA · CLOSED  · scanner    · ساعة التأكيد مثبَّتة على شمعة 19:45Z (من cbar)
13:54 KSA · CLOSED  · scanner    · بدء المسح · 50 رمزاً · الجلسة CLOSED
13:54 KSA · CLOSED  · scanner    · ساعة التأكيد مثبَّتة على شمعة 19:45Z (من cbar)
13:56 KSA · CLOSED  · scanner    · بدء المسح · 50 رمزاً · الجلسة CLOSED
13:56 KSA · CLOSED  · scanner    · ساعة التأكيد مثبَّتة على شمعة 19:45Z (من cbar)
13:58 KSA · CLOSED  · scanner    · بدء المسح · 50 رمزاً · الجلسة CLOSED
13:58 KSA · CLOSED  · scanner    · ساعة التأكيد مثبَّتة على شمعة 19:45Z (من cbar)
14:00 KSA · CLOSED  · scanner    · بدء المسح · 50 رمزاً · الجلسة CLOSED
14:00 KSA · CLOSED  · scanner    · ساعة التأكيد مثبَّتة على شمعة 19:45Z (من cbar)
14:02 KSA · CLOSED  · scanner    · بدء المسح · 50 رمزاً · الجلسة CLOSED
14:02 KSA · CLOSED  · scanner    · ساعة التأكيد مثبَّتة على شمعة 19:45Z (من cbar)
14:03 KSA · CLOSED  · scanner    · بدء المسح · 50 رمزاً · الجلسة CLOSED
14:03 KSA · CLOSED  · scanner    · ساعة التأكيد مثبَّتة على شمعة 19:45Z (من cbar)
14:04 KSA · CLOSED  · scanner    · بدء المسح · 50 رمزاً · الجلسة CLOSED
14:04 KSA · CLOSED  · scanner    · ساعة التأكيد مثبَّتة على شمعة 19:45Z (من cbar)
14:06 KSA · CLOSED  · scanner    · بدء المسح · 50 رمزاً · الجلسة CLOSED
14:06 KSA · CLOSED  · scanner    · ساعة التأكيد مثبَّتة على شمعة 19:45Z (من cbar)
14:08 KSA · CLOSED  · scanner    · بدء المسح · 50 رمزاً · الجلسة CLOSED
14:08 KSA · CLOSED  · scanner    · ساعة التأكيد مثبَّتة على شمعة 19:45Z (من cbar)
14:10 KSA · CLOSED  · scanner    · بدء المسح · 50 رمزاً · الجلسة CLOSED
14:10 KSA · CLOSED  · scanner    · ساعة التأكيد مثبَّتة على شمعة 19:45Z (من cbar)
14:12 KSA · CLOSED  · scanner    · بدء المسح · 50 رمزاً · الجلسة CLOSED
14:12 KSA · CLOSED  · scanner    · ساعة التأكيد مثبَّتة على شمعة 19:45Z (من cbar)
14:14 KSA · CLOSED  · scanner    · بدء المسح · 50 رمزاً · الجلسة CLOSED
14:14 KSA · CLOSED  · scanner    · ساعة التأكيد مثبَّتة على شمعة 19:45Z (من cbar)
14:16 KSA · CLOSED  · scanner    · بدء المسح · 50 رمزاً · الجلسة CLOSED
14:16 KSA · CLOSED  · scanner    · ساعة التأكيد مثبَّتة على شمعة 19:45Z (من cbar)
14:18 KSA · CLOSED  · scanner    · بدء المسح · 50 رمزاً · الجلسة CLOSED
14:18 KSA · CLOSED  · scanner    · ساعة التأكيد مثبَّتة على شمعة 19:45Z (من cbar)
14:18 KSA · CLOSED  · scanner    · بدء المسح · 50 رمزاً · الجلسة CLOSED
14:18 KSA · CLOSED  · scanner    · ساعة التأكيد مثبَّتة على شمعة 19:45Z (من cbar)
14:20 KSA · CLOSED  · scanner    · بدء المسح · 50 رمزاً · الجلسة CLOSED
14:20 KSA · CLOSED  · scanner    · ساعة التأكيد مثبَّتة على شمعة 19:45Z (من cbar)
14:20 KSA · CLOSED  · scanner    · بدء المسح · 50 رمزاً · الجلسة CLOSED
14:20 KSA · CLOSED  · scanner    · ساعة التأكيد مثبَّتة على شمعة 19:45Z (من cbar)
14:22 KSA · CLOSED  · scanner    · بدء المسح · 50 رمزاً · الجلسة CLOSED
14:22 KSA · CLOSED  · scanner    · ساعة التأكيد مثبَّتة على شمعة 19:45Z (من cbar)
14:24 KSA · CLOSED  · scanner    · بدء المسح · 50 رمزاً · الجلسة CLOSED
14:24 KSA · CLOSED  · scanner    · ساعة التأكيد مثبَّتة على شمعة 19:45Z (من cbar)
14:26 KSA · CLOSED  · scanner    · بدء المسح · 50 رمزاً · الجلسة CLOSED
14:26 KSA · CLOSED  · scanner    · ساعة التأكيد مثبَّتة على شمعة 19:45Z (من cbar)
14:28 KSA · CLOSED  · scanner    · بدء المسح · 50 رمزاً · الجلسة CLOSED
14:28 KSA · CLOSED  · scanner    · ساعة التأكيد مثبَّتة على شمعة 19:45Z (من cbar)
14:30 KSA · CLOSED  · scanner    · بدء المسح · 50 رمزاً · الجلسة CLOSED
14:30 KSA · CLOSED  · scanner    · ساعة التأكيد مثبَّتة على شمعة 19:45Z (من cbar)
14:32 KSA · CLOSED  · scanner    · بدء المسح · 50 رمزاً · الجلسة CLOSED
14:32 KSA · CLOSED  · scanner    · ساعة التأكيد مثبَّتة على شمعة 19:45Z (من cbar)
14:33 KSA · CLOSED  · scanner    · بدء المسح · 50 رمزاً · الجلسة CLOSED
14:33 KSA · CLOSED  · scanner    · ساعة التأكيد مثبَّتة على شمعة 19:45Z (من cbar)
14:34 KSA · CLOSED  · scanner    · بدء المسح · 50 رمزاً · الجلسة CLOSED
14:34 KSA · CLOSED  · scanner    · ساعة التأكيد مثبَّتة على شمعة 19:45Z (من cbar)
14:36 KSA · CLOSED  · scanner    · بدء المسح · 50 رمزاً · الجلسة CLOSED
14:36 KSA · CLOSED  · scanner    · ساعة التأكيد مثبَّتة على شمعة 19:45Z (من cbar)
14:38 KSA · CLOSED  · scanner    · بدء المسح · 50 رمزاً · الجلسة CLOSED
14:38 KSA · CLOSED  · scanner    · ساعة التأكيد مثبَّتة على شمعة 19:45Z (من cbar)
14:40 KSA · CLOSED  · scanner    · بدء المسح · 50 رمزاً · الجلسة CLOSED
14:40 KSA · CLOSED  · scanner    · ساعة التأكيد مثبَّتة على شمعة 19:45Z (من cbar)
14:42 KSA · CLOSED  · scanner    · بدء المسح · 50 رمزاً · الجلسة CLOSED
14:42 KSA · CLOSED  · scanner    · ساعة التأكيد مثبَّتة على شمعة 19:45Z (من cbar)
14:44 KSA · CLOSED  · scanner    · بدء المسح · 50 رمزاً · الجلسة CLOSED
14:44 KSA · CLOSED  · scanner    · ساعة التأكيد مثبَّتة على شمعة 19:45Z (من cbar)
14:46 KSA · CLOSED  · scanner    · بدء المسح · 50 رمزاً · الجلسة CLOSED
14:46 KSA · CLOSED  · scanner    · ساعة التأكيد مثبَّتة على شمعة 19:45Z (من cbar)
14:48 KSA · CLOSED  · scanner    · بدء المسح · 50 رمزاً · الجلسة CLOSED
14:48 KSA · CLOSED  · scanner    · ساعة التأكيد مثبَّتة على شمعة 19:45Z (من cbar)
14:48 KSA · CLOSED  · scanner    · بدء المسح · 50 رمزاً · الجلسة CLOSED
14:48 KSA · CLOSED  · scanner    · ساعة التأكيد مثبَّتة على شمعة 19:45Z (من cbar)
14:50 KSA · CLOSED  · scanner    · بدء المسح · 50 رمزاً · الجلسة CLOSED
14:50 KSA · CLOSED  · scanner    · ساعة التأكيد مثبَّتة على شمعة 19:45Z (من cbar)
14:50 KSA · CLOSED  · scanner    · بدء المسح · 50 رمزاً · الجلسة CLOSED
14:50 KSA · CLOSED  · scanner    · ساعة التأكيد مثبَّتة على شمعة 19:45Z (من cbar)
14:52 KSA · CLOSED  · scanner    · بدء المسح · 50 رمزاً · الجلسة CLOSED
14:52 KSA · CLOSED  · scanner    · ساعة التأكيد مثبَّتة على شمعة 19:45Z (من cbar)
14:54 KSA · CLOSED  · scanner    · بدء المسح · 50 رمزاً · الجلسة CLOSED
14:54 KSA · CLOSED  · scanner    · ساعة التأكيد مثبَّتة على شمعة 19:45Z (من cbar)
14:56 KSA · CLOSED  · scanner    · بدء المسح · 50 رمزاً · الجلسة CLOSED
14:56 KSA · CLOSED  · scanner    · ساعة التأكيد مثبَّتة على شمعة 19:45Z (من cbar)
14:58 KSA · CLOSED  · scanner    · بدء المسح · 50 رمزاً · الجلسة CLOSED
14:58 KSA · CLOSED  · scanner    · ساعة التأكيد مثبَّتة على شمعة 19:45Z (من cbar)
15:00 KSA · CLOSED  · scanner    · بدء المسح · 50 رمزاً · الجلسة CLOSED
15:00 KSA · CLOSED  · scanner    · ساعة التأكيد مثبَّتة على شمعة 19:45Z (من cbar)
15:02 KSA · CLOSED  · scanner    · بدء المسح · 50 رمزاً · الجلسة CLOSED
15:02 KSA · CLOSED  · scanner    · ساعة التأكيد مثبَّتة على شمعة 19:45Z (من cbar)
15:03 KSA · CLOSED  · scanner    · بدء المسح · 50 رمزاً · الجلسة CLOSED
15:03 KSA · CLOSED  · scanner    · ساعة التأكيد مثبَّتة على شمعة 19:45Z (من cbar)
15:04 KSA · CLOSED  · scanner    · بدء المسح · 50 رمزاً · الجلسة CLOSED
15:04 KSA · CLOSED  · scanner    · ساعة التأكيد مثبَّتة على شمعة 19:45Z (من cbar)
15:06 KSA · CLOSED  · scanner    · بدء المسح · 50 رمزاً · الجلسة CLOSED
15:06 KSA · CLOSED  · scanner    · ساعة التأكيد مثبَّتة على شمعة 19:45Z (من cbar)
15:08 KSA · CLOSED  · scanner    · بدء المسح · 50 رمزاً · الجلسة CLOSED
15:08 KSA · CLOSED  · scanner    · ساعة التأكيد مثبَّتة على شمعة 19:45Z (من cbar)
15:10 KSA · CLOSED  · scanner    · بدء المسح · 50 رمزاً · الجلسة CLOSED
15:10 KSA · CLOSED  · scanner    · ساعة التأكيد مثبَّتة على شمعة 19:45Z (من cbar)
15:12 KSA · CLOSED  · scanner    · بدء المسح · 50 رمزاً · الجلسة CLOSED
15:12 KSA · CLOSED  · scanner    · ساعة التأكيد مثبَّتة على شمعة 19:45Z (من cbar)
15:14 KSA · CLOSED  · scanner    · بدء المسح · 50 رمزاً · الجلسة CLOSED
15:14 KSA · CLOSED  · scanner    · ساعة التأكيد مثبَّتة على شمعة 19:45Z (من cbar)
15:16 KSA · CLOSED  · scanner    · بدء المسح · 50 رمزاً · الجلسة CLOSED
15:16 KSA · CLOSED  · scanner    · ساعة التأكيد مثبَّتة على شمعة 19:45Z (من cbar)
15:18 KSA · CLOSED  · scanner    · بدء المسح · 50 رمزاً · الجلسة CLOSED
15:18 KSA · CLOSED  · scanner    · ساعة التأكيد مثبَّتة على شمعة 19:45Z (من cbar)
15:18 KSA · CLOSED  · scanner    · بدء المسح · 50 رمزاً · الجلسة CLOSED
15:18 KSA · CLOSED  · scanner    · ساعة التأكيد مثبَّتة على شمعة 19:45Z (من cbar)
15:20 KSA · CLOSED  · scanner    · بدء المسح · 50 رمزاً · الجلسة CLOSED
15:20 KSA · CLOSED  · scanner    · ساعة التأكيد مثبَّتة على شمعة 19:45Z (من cbar)
15:21 KSA · CLOSED  · scanner    · بدء المسح · 50 رمزاً · الجلسة CLOSED
15:21 KSA · CLOSED  · scanner    · ساعة التأكيد مثبَّتة على شمعة 19:45Z (من cbar)
15:22 KSA · CLOSED  · scanner    · بدء المسح · 50 رمزاً · الجلسة CLOSED
15:22 KSA · CLOSED  · scanner    · ساعة التأكيد مثبَّتة على شمعة 19:45Z (من cbar)
15:24 KSA · CLOSED  · scanner    · بدء المسح · 50 رمزاً · الجلسة CLOSED
15:24 KSA · CLOSED  · scanner    · ساعة التأكيد مثبَّتة على شمعة 19:45Z (من cbar)
15:26 KSA · CLOSED  · scanner    · بدء المسح · 50 رمزاً · الجلسة CLOSED
15:26 KSA · CLOSED  · scanner    · ساعة التأكيد مثبَّتة على شمعة 19:45Z (من cbar)
15:28 KSA · CLOSED  · scanner    · بدء المسح · 50 رمزاً · الجلسة CLOSED
15:28 KSA · CLOSED  · scanner    · ساعة التأكيد مثبَّتة على شمعة 19:45Z (من cbar)
15:30 KSA · CLOSED  · scanner    · بدء المسح · 50 رمزاً · الجلسة CLOSED
15:30 KSA · CLOSED  · scanner    · ساعة التأكيد مثبَّتة على شمعة 19:45Z (من cbar)
15:32 KSA · CLOSED  · scanner    · بدء المسح · 50 رمزاً · الجلسة CLOSED
15:32 KSA · CLOSED  · scanner    · ساعة التأكيد مثبَّتة على شمعة 19:45Z (من cbar)
15:33 KSA · CLOSED  · scanner    · بدء المسح · 50 رمزاً · الجلسة CLOSED
15:33 KSA · CLOSED  · scanner    · ساعة التأكيد مثبَّتة على شمعة 19:45Z (من cbar)
15:34 KSA · CLOSED  · scanner    · بدء المسح · 50 رمزاً · الجلسة CLOSED
15:34 KSA · CLOSED  · scanner    · ساعة التأكيد مثبَّتة على شمعة 19:45Z (من cbar)
15:37 KSA · CLOSED  · scanner    · بدء المسح · 50 رمزاً · الجلسة CLOSED
15:37 KSA · CLOSED  · scanner    · ساعة التأكيد مثبَّتة على شمعة 19:45Z (من cbar)
15:38 KSA · CLOSED  · scanner    · بدء المسح · 50 رمزاً · الجلسة CLOSED
15:38 KSA · CLOSED  · scanner    · ساعة التأكيد مثبَّتة على شمعة 19:45Z (من cbar)
15:40 KSA · CLOSED  · scanner    · بدء المسح · 50 رمزاً · الجلسة CLOSED
15:40 KSA · CLOSED  · scanner    · ساعة التأكيد مثبَّتة على شمعة 19:45Z (من cbar)
15:42 KSA · CLOSED  · scanner    · بدء المسح · 50 رمزاً · الجلسة CLOSED
15:42 KSA · CLOSED  · scanner    · ساعة التأكيد مثبَّتة على شمعة 19:45Z (من cbar)
15:44 KSA · CLOSED  · scanner    · بدء المسح · 50 رمزاً · الجلسة CLOSED
15:44 KSA · CLOSED  · scanner    · ساعة التأكيد مثبَّتة على شمعة 19:45Z (من cbar)
15:46 KSA · CLOSED  · scanner    · بدء المسح · 50 رمزاً · الجلسة CLOSED
15:46 KSA · CLOSED  · scanner    · ساعة التأكيد مثبَّتة على شمعة 19:45Z (من cbar)
15:48 KSA · CLOSED  · scanner    · بدء المسح · 50 رمزاً · الجلسة CLOSED
15:48 KSA · CLOSED  · scanner    · ساعة التأكيد مثبَّتة على شمعة 19:45Z (من cbar)
15:49 KSA · CLOSED  · scanner    · بدء المسح · 50 رمزاً · الجلسة CLOSED
15:49 KSA · CLOSED  · scanner    · ساعة التأكيد مثبَّتة على شمعة 19:45Z (من cbar)
15:50 KSA · CLOSED  · scanner    · بدء المسح · 50 رمزاً · الجلسة CLOSED
15:50 KSA · CLOSED  · scanner    · ساعة التأكيد مثبَّتة على شمعة 19:45Z (من cbar)
15:51 KSA · CLOSED  · scanner    · بدء المسح · 50 رمزاً · الجلسة CLOSED
15:51 KSA · CLOSED  · scanner    · ساعة التأكيد مثبَّتة على شمعة 19:45Z (من cbar)
15:52 KSA · CLOSED  · scanner    · بدء المسح · 50 رمزاً · الجلسة CLOSED
15:52 KSA · CLOSED  · scanner    · ساعة التأكيد مثبَّتة على شمعة 19:45Z (من cbar)
15:54 KSA · CLOSED  · scanner    · بدء المسح · 50 رمزاً · الجلسة CLOSED
15:54 KSA · CLOSED  · scanner    · ساعة التأكيد مثبَّتة على شمعة 19:45Z (من cbar)
15:56 KSA · CLOSED  · scanner    · بدء المسح · 50 رمزاً · الجلسة CLOSED
15:56 KSA · CLOSED  · scanner    · ساعة التأكيد مثبَّتة على شمعة 19:45Z (من cbar)
15:58 KSA · CLOSED  · scanner    · بدء المسح · 50 رمزاً · الجلسة CLOSED
15:58 KSA · CLOSED  · scanner    · ساعة التأكيد مثبَّتة على شمعة 19:45Z (من cbar)
16:00 KSA · CLOSED  · scanner    · بدء المسح · 50 رمزاً · الجلسة CLOSED
16:00 KSA · CLOSED  · scanner    · ساعة التأكيد مثبَّتة على شمعة 19:45Z (من cbar)
16:02 KSA · CLOSED  · scanner    · بدء المسح · 50 رمزاً · الجلسة CLOSED
16:02 KSA · CLOSED  · scanner    · ساعة التأكيد مثبَّتة على شمعة 19:45Z (من cbar)
16:03 KSA · CLOSED  · scanner    · بدء المسح · 50 رمزاً · الجلسة CLOSED
16:03 KSA · CLOSED  · scanner    · ساعة التأكيد مثبَّتة على شمعة 19:45Z (من cbar)
16:04 KSA · CLOSED  · scanner    · بدء المسح · 50 رمزاً · الجلسة CLOSED
16:04 KSA · CLOSED  · scanner    · ساعة التأكيد مثبَّتة على شمعة 19:45Z (من cbar)
16:07 KSA · CLOSED  · scanner    · بدء المسح · 50 رمزاً · الجلسة CLOSED
16:07 KSA · CLOSED  · scanner    · ساعة التأكيد مثبَّتة على شمعة 19:45Z (من cbar)
16:08 KSA · CLOSED  · scanner    · بدء المسح · 50 رمزاً · الجلسة CLOSED
16:08 KSA · CLOSED  · scanner    · ساعة التأكيد مثبَّتة على شمعة 19:45Z (من cbar)
16:10 KSA · CLOSED  · scanner    · بدء المسح · 50 رمزاً · الجلسة CLOSED
16:10 KSA · CLOSED  · scanner    · ساعة التأكيد مثبَّتة على شمعة 19:45Z (من cbar)
16:12 KSA · CLOSED  · scanner    · بدء المسح · 50 رمزاً · الجلسة CLOSED
16:12 KSA · CLOSED  · scanner    · ساعة التأكيد مثبَّتة على شمعة 19:45Z (من cbar)
16:14 KSA · CLOSED  · scanner    · بدء المسح · 50 رمزاً · الجلسة CLOSED
16:14 KSA · CLOSED  · scanner    · ساعة التأكيد مثبَّتة على شمعة 19:45Z (من cbar)
16:16 KSA · CLOSED  · scanner    · بدء المسح · 50 رمزاً · الجلسة CLOSED
16:16 KSA · CLOSED  · scanner    · ساعة التأكيد مثبَّتة على شمعة 19:45Z (من cbar)
16:18 KSA · CLOSED  · scanner    · بدء المسح · 50 رمزاً · الجلسة CLOSED
16:18 KSA · CLOSED  · scanner    · ساعة التأكيد مثبَّتة على شمعة 19:45Z (من cbar)
16:18 KSA · CLOSED  · scanner    · بدء المسح · 50 رمزاً · الجلسة CLOSED
16:18 KSA · CLOSED  · scanner    · ساعة التأكيد مثبَّتة على شمعة 19:45Z (من cbar)
16:20 KSA · CLOSED  · scanner    · بدء المسح · 50 رمزاً · الجلسة CLOSED
16:20 KSA · CLOSED  · scanner    · ساعة التأكيد مثبَّتة على شمعة 19:45Z (من cbar)
16:21 KSA · CLOSED  · scanner    · بدء المسح · 50 رمزاً · الجلسة CLOSED
16:21 KSA · CLOSED  · scanner    · ساعة التأكيد مثبَّتة على شمعة 19:45Z (من cbar)
16:22 KSA · CLOSED  · scanner    · بدء المسح · 50 رمزاً · الجلسة CLOSED
16:22 KSA · CLOSED  · scanner    · ساعة التأكيد مثبَّتة على شمعة 19:45Z (من cbar)
16:24 KSA · CLOSED  · scanner    · بدء المسح · 50 رمزاً · الجلسة CLOSED
16:24 KSA · CLOSED  · scanner    · ساعة التأكيد مثبَّتة على شمعة 19:45Z (من cbar)
16:26 KSA · CLOSED  · scanner    · بدء المسح · 50 رمزاً · الجلسة CLOSED
16:26 KSA · CLOSED  · scanner    · ساعة التأكيد مثبَّتة على شمعة 19:45Z (من cbar)
16:28 KSA · CLOSED  · scanner    · بدء المسح · 50 رمزاً · الجلسة CLOSED
16:28 KSA · CLOSED  · scanner    · ساعة التأكيد مثبَّتة على شمعة 19:45Z (من cbar)
16:30 KSA · CLOSED  · scanner    · بدء المسح · 50 رمزاً · الجلسة CLOSED
16:30 KSA · CLOSED  · scanner    · ساعة التأكيد مثبَّتة على شمعة 19:45Z (من cbar)
16:32 KSA · CLOSED  · scanner    · بدء المسح · 50 رمزاً · الجلسة CLOSED
16:32 KSA · CLOSED  · scanner    · ساعة التأكيد مثبَّتة على شمعة 19:45Z (من cbar)
16:33 KSA · CLOSED  · scanner    · بدء المسح · 50 رمزاً · الجلسة CLOSED
16:33 KSA · CLOSED  · scanner    · ساعة التأكيد مثبَّتة على شمعة 19:45Z (من cbar)
16:34 KSA · CLOSED  · scanner    · بدء المسح · 50 رمزاً · الجلسة CLOSED
16:34 KSA · CLOSED  · scanner    · ساعة التأكيد مثبَّتة على شمعة 19:45Z (من cbar)
16:37 KSA · CLOSED  · scanner    · بدء المسح · 50 رمزاً · الجلسة CLOSED
16:37 KSA · CLOSED  · scanner    · ساعة التأكيد مثبَّتة على شمعة 19:45Z (من cbar)
16:38 KSA · CLOSED  · scanner    · بدء المسح · 50 رمزاً · الجلسة CLOSED
16:38 KSA · CLOSED  · scanner    · ساعة التأكيد مثبَّتة على شمعة 19:45Z (من cbar)
16:40 KSA · CLOSED  · scanner    · بدء المسح · 50 رمزاً · الجلسة CLOSED
16:40 KSA · CLOSED  · scanner    · ساعة التأكيد مثبَّتة على شمعة 19:45Z (من cbar)
16:42 KSA · CLOSED  · scanner    · بدء المسح · 50 رمزاً · الجلسة CLOSED
16:42 KSA · CLOSED  · scanner    · ساعة التأكيد مثبَّتة على شمعة 19:45Z (من cbar)
16:44 KSA · CLOSED  · scanner    · بدء المسح · 50 رمزاً · الجلسة CLOSED
16:44 KSA · CLOSED  · scanner    · ساعة التأكيد مثبَّتة على شمعة 19:45Z (من cbar)
16:46 KSA · CLOSED  · scanner    · بدء المسح · 50 رمزاً · الجلسة CLOSED
16:46 KSA · CLOSED  · scanner    · ساعة التأكيد مثبَّتة على شمعة 19:45Z (من cbar)
16:49 KSA · CLOSED  · scanner    · بدء المسح · 50 رمزاً · الجلسة CLOSED
16:49 KSA · CLOSED  · scanner    · ساعة التأكيد مثبَّتة على شمعة 19:45Z (من cbar)
16:49 KSA · CLOSED  · scanner    · بدء المسح · 50 رمزاً · الجلسة CLOSED
16:49 KSA · CLOSED  · scanner    · ساعة التأكيد مثبَّتة على شمعة 19:45Z (من cbar)
16:50 KSA · CLOSED  · scanner    · بدء المسح · 50 رمزاً · الجلسة CLOSED
16:50 KSA · CLOSED  · scanner    · ساعة التأكيد مثبَّتة على شمعة 19:45Z (من cbar)
16:51 KSA · CLOSED  · scanner    · بدء المسح · 50 رمزاً · الجلسة CLOSED
16:51 KSA · CLOSED  · scanner    · ساعة التأكيد مثبَّتة على شمعة 19:45Z (من cbar)
16:52 KSA · CLOSED  · scanner    · بدء المسح · 50 رمزاً · الجلسة CLOSED
16:52 KSA · CLOSED  · scanner    · ساعة التأكيد مثبَّتة على شمعة 19:45Z (من cbar)
16:54 KSA · CLOSED  · scanner    · بدء المسح · 50 رمزاً · الجلسة CLOSED
16:54 KSA · CLOSED  · scanner    · ساعة التأكيد مثبَّتة على شمعة 19:45Z (من cbar)
16:56 KSA · CLOSED  · scanner    · بدء المسح · 50 رمزاً · الجلسة CLOSED
16:56 KSA · CLOSED  · scanner    · ساعة التأكيد مثبَّتة على شمعة 19:45Z (من cbar)
16:58 KSA · CLOSED  · scanner    · بدء المسح · 50 رمزاً · الجلسة CLOSED
16:58 KSA · CLOSED  · scanner    · ساعة التأكيد مثبَّتة على شمعة 19:45Z (من cbar)
17:00 KSA · CLOSED  · scanner    · بدء المسح · 50 رمزاً · الجلسة CLOSED
17:00 KSA · CLOSED  · scanner    · ساعة التأكيد مثبَّتة على شمعة 19:45Z (من cbar)
17:02 KSA · CLOSED  · scanner    · بدء المسح · 50 رمزاً · الجلسة CLOSED
17:02 KSA · CLOSED  · scanner    · ساعة التأكيد مثبَّتة على شمعة 19:45Z (من cbar)
17:03 KSA · CLOSED  · scanner    · بدء المسح · 50 رمزاً · الجلسة CLOSED
17:03 KSA · CLOSED  · scanner    · ساعة التأكيد مثبَّتة على شمعة 19:45Z (من cbar)
17:04 KSA · CLOSED  · scanner    · بدء المسح · 50 رمزاً · الجلسة CLOSED
17:04 KSA · CLOSED  · scanner    · ساعة التأكيد مثبَّتة على شمعة 19:45Z (من cbar)
17:07 KSA · CLOSED  · scanner    · بدء المسح · 50 رمزاً · الجلسة CLOSED
17:07 KSA · CLOSED  · scanner    · ساعة التأكيد مثبَّتة على شمعة 19:45Z (من cbar)
17:08 KSA · CLOSED  · scanner    · بدء المسح · 50 رمزاً · الجلسة CLOSED
17:08 KSA · CLOSED  · scanner    · ساعة التأكيد مثبَّتة على شمعة 19:45Z (من cbar)
17:10 KSA · CLOSED  · scanner    · بدء المسح · 50 رمزاً · الجلسة CLOSED
17:10 KSA · CLOSED  · scanner    · ساعة التأكيد مثبَّتة على شمعة 19:45Z (من cbar)
17:12 KSA · CLOSED  · scanner    · بدء المسح · 50 رمزاً · الجلسة CLOSED
17:12 KSA · CLOSED  · scanner    · ساعة التأكيد مثبَّتة على شمعة 19:45Z (من cbar)
17:14 KSA · CLOSED  · scanner    · بدء المسح · 50 رمزاً · الجلسة CLOSED
17:14 KSA · CLOSED  · scanner    · ساعة التأكيد مثبَّتة على شمعة 19:45Z (من cbar)
17:16 KSA · CLOSED  · scanner    · بدء المسح · 50 رمزاً · الجلسة CLOSED
17:16 KSA · CLOSED  · scanner    · ساعة التأكيد مثبَّتة على شمعة 19:45Z (من cbar)
17:18 KSA · CLOSED  · scanner    · بدء المسح · 50 رمزاً · الجلسة CLOSED
17:18 KSA · CLOSED  · scanner    · ساعة التأكيد مثبَّتة على شمعة 19:45Z (من cbar)
17:18 KSA · CLOSED  · scanner    · بدء المسح · 50 رمزاً · الجلسة CLOSED
17:18 KSA · CLOSED  · scanner    · ساعة التأكيد مثبَّتة على شمعة 19:45Z (من cbar)
17:20 KSA · CLOSED  · scanner    · بدء المسح · 50 رمزاً · الجلسة CLOSED
17:20 KSA · CLOSED  · scanner    · ساعة التأكيد مثبَّتة على شمعة 19:45Z (من cbar)
17:20 KSA · CLOSED  · scanner    · بدء المسح · 50 رمزاً · الجلسة CLOSED
17:20 KSA · CLOSED  · scanner    · ساعة التأكيد مثبَّتة على شمعة 19:45Z (من cbar)
17:22 KSA · CLOSED  · scanner    · بدء المسح · 50 رمزاً · الجلسة CLOSED
17:22 KSA · CLOSED  · scanner    · ساعة التأكيد مثبَّتة على شمعة 19:45Z (من cbar)
17:24 KSA · CLOSED  · scanner    · بدء المسح · 50 رمزاً · الجلسة CLOSED
17:24 KSA · CLOSED  · scanner    · ساعة التأكيد مثبَّتة على شمعة 19:45Z (من cbar)
17:26 KSA · CLOSED  · scanner    · بدء المسح · 50 رمزاً · الجلسة CLOSED
17:26 KSA · CLOSED  · scanner    · ساعة التأكيد مثبَّتة على شمعة 19:45Z (من cbar)
17:28 KSA · CLOSED  · scanner    · بدء المسح · 50 رمزاً · الجلسة CLOSED
17:28 KSA · CLOSED  · scanner    · ساعة التأكيد مثبَّتة على شمعة 19:45Z (من cbar)
17:30 KSA · CLOSED  · scanner    · بدء المسح · 50 رمزاً · الجلسة CLOSED
17:30 KSA · CLOSED  · scanner    · ساعة التأكيد مثبَّتة على شمعة 19:45Z (من cbar)
17:32 KSA · CLOSED  · scanner    · بدء المسح · 50 رمزاً · الجلسة CLOSED
17:32 KSA · CLOSED  · scanner    · ساعة التأكيد مثبَّتة على شمعة 19:45Z (من cbar)
17:33 KSA · CLOSED  · scanner    · بدء المسح · 50 رمزاً · الجلسة CLOSED
17:33 KSA · CLOSED  · scanner    · ساعة التأكيد مثبَّتة على شمعة 19:45Z (من cbar)
17:34 KSA · CLOSED  · scanner    · بدء المسح · 50 رمزاً · الجلسة CLOSED
17:34 KSA · CLOSED  · scanner    · ساعة التأكيد مثبَّتة على شمعة 19:45Z (من cbar)
17:36 KSA · CLOSED  · scanner    · بدء المسح · 50 رمزاً · الجلسة CLOSED
17:36 KSA · CLOSED  · scanner    · ساعة التأكيد مثبَّتة على شمعة 19:45Z (من cbar)
17:38 KSA · CLOSED  · scanner    · بدء المسح · 50 رمزاً · الجلسة CLOSED
17:38 KSA · CLOSED  · scanner    · ساعة التأكيد مثبَّتة على شمعة 19:45Z (من cbar)
17:40 KSA · CLOSED  · scanner    · بدء المسح · 50 رمزاً · الجلسة CLOSED
17:40 KSA · CLOSED  · scanner    · ساعة التأكيد مثبَّتة على شمعة 19:45Z (من cbar)
17:42 KSA · CLOSED  · scanner    · بدء المسح · 50 رمزاً · الجلسة CLOSED
17:42 KSA · CLOSED  · scanner    · ساعة التأكيد مثبَّتة على شمعة 19:45Z (من cbar)
17:44 KSA · CLOSED  · scanner    · بدء المسح · 50 رمزاً · الجلسة CLOSED
17:44 KSA · CLOSED  · scanner    · ساعة التأكيد مثبَّتة على شمعة 19:45Z (من cbar)
17:46 KSA · CLOSED  · scanner    · بدء المسح · 50 رمزاً · الجلسة CLOSED
17:46 KSA · CLOSED  · scanner    · ساعة التأكيد مثبَّتة على شمعة 19:45Z (من cbar)
17:48 KSA · CLOSED  · scanner    · بدء المسح · 50 رمزاً · الجلسة CLOSED
17:48 KSA · CLOSED  · scanner    · ساعة التأكيد مثبَّتة على شمعة 19:45Z (من cbar)
17:48 KSA · CLOSED  · scanner    · بدء المسح · 50 رمزاً · الجلسة CLOSED
17:48 KSA · CLOSED  · scanner    · ساعة التأكيد مثبَّتة على شمعة 19:45Z (من cbar)
17:50 KSA · CLOSED  · scanner    · بدء المسح · 50 رمزاً · الجلسة CLOSED
17:50 KSA · CLOSED  · scanner    · ساعة التأكيد مثبَّتة على شمعة 19:45Z (من cbar)
17:50 KSA · CLOSED  · scanner    · بدء المسح · 50 رمزاً · الجلسة CLOSED
17:50 KSA · CLOSED  · scanner    · ساعة التأكيد مثبَّتة على شمعة 19:45Z (من cbar)
17:52 KSA · CLOSED  · scanner    · بدء المسح · 50 رمزاً · الجلسة CLOSED
17:52 KSA · CLOSED  · scanner    · ساعة التأكيد مثبَّتة على شمعة 19:45Z (من cbar)
17:54 KSA · CLOSED  · scanner    · بدء المسح · 50 رمزاً · الجلسة CLOSED
17:54 KSA · CLOSED  · scanner    · ساعة التأكيد مثبَّتة على شمعة 19:45Z (من cbar)
17:56 KSA · CLOSED  · scanner    · بدء المسح · 50 رمزاً · الجلسة CLOSED
17:56 KSA · CLOSED  · scanner    · ساعة التأكيد مثبَّتة على شمعة 19:45Z (من cbar)
17:58 KSA · CLOSED  · scanner    · بدء المسح · 50 رمزاً · الجلسة CLOSED
17:58 KSA · CLOSED  · scanner    · ساعة التأكيد مثبَّتة على شمعة 19:45Z (من cbar)
18:00 KSA · CLOSED  · scanner    · بدء المسح · 50 رمزاً · الجلسة CLOSED
18:00 KSA · CLOSED  · scanner    · ساعة التأكيد مثبَّتة على شمعة 19:45Z (من cbar)
18:02 KSA · CLOSED  · scanner    · بدء المسح · 50 رمزاً · الجلسة CLOSED
18:02 KSA · CLOSED  · scanner    · ساعة التأكيد مثبَّتة على شمعة 19:45Z (من cbar)
18:03 KSA · CLOSED  · scanner    · بدء المسح · 50 رمزاً · الجلسة CLOSED
18:03 KSA · CLOSED  · scanner    · ساعة التأكيد مثبَّتة على شمعة 19:45Z (من cbar)
18:04 KSA · CLOSED  · scanner    · بدء المسح · 50 رمزاً · الجلسة CLOSED
18:04 KSA · CLOSED  · scanner    · ساعة التأكيد مثبَّتة على شمعة 19:45Z (من cbar)
18:06 KSA · CLOSED  · scanner    · بدء المسح · 50 رمزاً · الجلسة CLOSED
18:06 KSA · CLOSED  · scanner    · ساعة التأكيد مثبَّتة على شمعة 19:45Z (من cbar)
18:08 KSA · CLOSED  · scanner    · بدء المسح · 50 رمزاً · الجلسة CLOSED
18:08 KSA · CLOSED  · scanner    · ساعة التأكيد مثبَّتة على شمعة 19:45Z (من cbar)
18:10 KSA · CLOSED  · scanner    · بدء المسح · 50 رمزاً · الجلسة CLOSED
18:10 KSA · CLOSED  · scanner    · ساعة التأكيد مثبَّتة على شمعة 19:45Z (من cbar)
18:12 KSA · CLOSED  · scanner    · بدء المسح · 50 رمزاً · الجلسة CLOSED
18:12 KSA · CLOSED  · scanner    · ساعة التأكيد مثبَّتة على شمعة 19:45Z (من cbar)
18:14 KSA · CLOSED  · scanner    · بدء المسح · 50 رمزاً · الجلسة CLOSED
18:14 KSA · CLOSED  · scanner    · ساعة التأكيد مثبَّتة على شمعة 19:45Z (من cbar)
18:16 KSA · CLOSED  · scanner    · بدء المسح · 50 رمزاً · الجلسة CLOSED
18:16 KSA · CLOSED  · scanner    · ساعة التأكيد مثبَّتة على شمعة 19:45Z (من cbar)
18:18 KSA · CLOSED  · scanner    · بدء المسح · 50 رمزاً · الجلسة CLOSED
18:18 KSA · CLOSED  · scanner    · ساعة التأكيد مثبَّتة على شمعة 19:45Z (من cbar)
18:18 KSA · CLOSED  · scanner    · بدء المسح · 50 رمزاً · الجلسة CLOSED
18:18 KSA · CLOSED  · scanner    · ساعة التأكيد مثبَّتة على شمعة 19:45Z (من cbar)
18:20 KSA · CLOSED  · scanner    · بدء المسح · 50 رمزاً · الجلسة CLOSED
18:20 KSA · CLOSED  · scanner    · ساعة التأكيد مثبَّتة على شمعة 19:45Z (من cbar)
18:20 KSA · CLOSED  · scanner    · بدء المسح · 50 رمزاً · الجلسة CLOSED
18:20 KSA · CLOSED  · scanner    · ساعة التأكيد مثبَّتة على شمعة 19:45Z (من cbar)
18:22 KSA · CLOSED  · scanner    · بدء المسح · 50 رمزاً · الجلسة CLOSED
18:22 KSA · CLOSED  · scanner    · ساعة التأكيد مثبَّتة على شمعة 19:45Z (من cbar)
18:24 KSA · CLOSED  · scanner    · بدء المسح · 50 رمزاً · الجلسة CLOSED
18:24 KSA · CLOSED  · scanner    · ساعة التأكيد مثبَّتة على شمعة 19:45Z (من cbar)
18:26 KSA · CLOSED  · scanner    · بدء المسح · 50 رمزاً · الجلسة CLOSED
18:26 KSA · CLOSED  · scanner    · ساعة التأكيد مثبَّتة على شمعة 19:45Z (من cbar)
18:28 KSA · CLOSED  · scanner    · بدء المسح · 50 رمزاً · الجلسة CLOSED
18:28 KSA · CLOSED  · scanner    · ساعة التأكيد مثبَّتة على شمعة 19:45Z (من cbar)
18:30 KSA · CLOSED  · scanner    · بدء المسح · 50 رمزاً · الجلسة CLOSED
18:30 KSA · CLOSED  · scanner    · ساعة التأكيد مثبَّتة على شمعة 19:45Z (من cbar)
18:32 KSA · CLOSED  · scanner    · بدء المسح · 50 رمزاً · الجلسة CLOSED
18:32 KSA · CLOSED  · scanner    · ساعة التأكيد مثبَّتة على شمعة 19:45Z (من cbar)
18:33 KSA · CLOSED  · scanner    · بدء المسح · 50 رمزاً · الجلسة CLOSED
18:33 KSA · CLOSED  · scanner    · ساعة التأكيد مثبَّتة على شمعة 19:45Z (من cbar)
18:34 KSA · CLOSED  · scanner    · بدء المسح · 50 رمزاً · الجلسة CLOSED
18:34 KSA · CLOSED  · scanner    · ساعة التأكيد مثبَّتة على شمعة 19:45Z (من cbar)
18:36 KSA · CLOSED  · scanner    · بدء المسح · 50 رمزاً · الجلسة CLOSED
18:36 KSA · CLOSED  · scanner    · ساعة التأكيد مثبَّتة على شمعة 19:45Z (من cbar)
18:38 KSA · CLOSED  · scanner    · بدء المسح · 50 رمزاً · الجلسة CLOSED
18:38 KSA · CLOSED  · scanner    · ساعة التأكيد مثبَّتة على شمعة 19:45Z (من cbar)
18:40 KSA · CLOSED  · scanner    · بدء المسح · 50 رمزاً · الجلسة CLOSED
18:40 KSA · CLOSED  · scanner    · ساعة التأكيد مثبَّتة على شمعة 19:45Z (من cbar)
18:42 KSA · CLOSED  · scanner    · بدء المسح · 50 رمزاً · الجلسة CLOSED
18:42 KSA · CLOSED  · scanner    · ساعة التأكيد مثبَّتة على شمعة 19:45Z (من cbar)
18:44 KSA · CLOSED  · scanner    · بدء المسح · 50 رمزاً · الجلسة CLOSED
18:44 KSA · CLOSED  · scanner    · ساعة التأكيد مثبَّتة على شمعة 19:45Z (من cbar)
18:46 KSA · CLOSED  · scanner    · بدء المسح · 50 رمزاً · الجلسة CLOSED
18:46 KSA · CLOSED  · scanner    · ساعة التأكيد مثبَّتة على شمعة 19:45Z (من cbar)
18:48 KSA · CLOSED  · scanner    · بدء المسح · 50 رمزاً · الجلسة CLOSED
18:48 KSA · CLOSED  · scanner    · ساعة التأكيد مثبَّتة على شمعة 19:45Z (من cbar)
18:48 KSA · CLOSED  · scanner    · بدء المسح · 50 رمزاً · الجلسة CLOSED
18:48 KSA · CLOSED  · scanner    · ساعة التأكيد مثبَّتة على شمعة 19:45Z (من cbar)
18:50 KSA · CLOSED  · scanner    · بدء المسح · 50 رمزاً · الجلسة CLOSED
18:50 KSA · CLOSED  · scanner    · ساعة التأكيد مثبَّتة على شمعة 19:45Z (من cbar)
18:50 KSA · CLOSED  · scanner    · بدء المسح · 50 رمزاً · الجلسة CLOSED
18:50 KSA · CLOSED  · scanner    · ساعة التأكيد مثبَّتة على شمعة 19:45Z (من cbar)
18:52 KSA · CLOSED  · scanner    · بدء المسح · 50 رمزاً · الجلسة CLOSED
18:52 KSA · CLOSED  · scanner    · ساعة التأكيد مثبَّتة على شمعة 19:45Z (من cbar)
18:54 KSA · CLOSED  · scanner    · بدء المسح · 50 رمزاً · الجلسة CLOSED
18:54 KSA · CLOSED  · scanner    · ساعة التأكيد مثبَّتة على شمعة 19:45Z (من cbar)
18:56 KSA · CLOSED  · scanner    · بدء المسح · 50 رمزاً · الجلسة CLOSED
18:56 KSA · CLOSED  · scanner    · ساعة التأكيد مثبَّتة على شمعة 19:45Z (من cbar)
18:58 KSA · CLOSED  · scanner    · بدء المسح · 50 رمزاً · الجلسة CLOSED
18:58 KSA · CLOSED  · scanner    · ساعة التأكيد مثبَّتة على شمعة 19:45Z (من cbar)
19:00 KSA · CLOSED  · scanner    · بدء المسح · 50 رمزاً · الجلسة CLOSED
19:00 KSA · CLOSED  · scanner    · ساعة التأكيد مثبَّتة على شمعة 19:45Z (من cbar)
19:02 KSA · CLOSED  · scanner    · بدء المسح · 50 رمزاً · الجلسة CLOSED
19:02 KSA · CLOSED  · scanner    · ساعة التأكيد مثبَّتة على شمعة 19:45Z (من cbar)
19:03 KSA · CLOSED  · scanner    · بدء المسح · 50 رمزاً · الجلسة CLOSED
19:03 KSA · CLOSED  · scanner    · ساعة التأكيد مثبَّتة على شمعة 19:45Z (من cbar)
19:04 KSA · CLOSED  · scanner    · بدء المسح · 50 رمزاً · الجلسة CLOSED
19:04 KSA · CLOSED  · scanner    · ساعة التأكيد مثبَّتة على شمعة 19:45Z (من cbar)
19:06 KSA · CLOSED  · scanner    · بدء المسح · 50 رمزاً · الجلسة CLOSED
19:06 KSA · CLOSED  · scanner    · ساعة التأكيد مثبَّتة على شمعة 19:45Z (من cbar)
19:08 KSA · CLOSED  · scanner    · بدء المسح · 50 رمزاً · الجلسة CLOSED
19:08 KSA · CLOSED  · scanner    · ساعة التأكيد مثبَّتة على شمعة 19:45Z (من cbar)
19:10 KSA · CLOSED  · scanner    · بدء المسح · 50 رمزاً · الجلسة CLOSED
19:10 KSA · CLOSED  · scanner    · ساعة التأكيد مثبَّتة على شمعة 19:45Z (من cbar)
19:12 KSA · CLOSED  · scanner    · بدء المسح · 50 رمزاً · الجلسة CLOSED
19:12 KSA · CLOSED  · scanner    · ساعة التأكيد مثبَّتة على شمعة 19:45Z (من cbar)
19:14 KSA · CLOSED  · scanner    · بدء المسح · 50 رمزاً · الجلسة CLOSED
19:14 KSA · CLOSED  · scanner    · ساعة التأكيد مثبَّتة على شمعة 19:45Z (من cbar)
19:16 KSA · CLOSED  · scanner    · بدء المسح · 50 رمزاً · الجلسة CLOSED
19:16 KSA · CLOSED  · scanner    · ساعة التأكيد مثبَّتة على شمعة 19:45Z (من cbar)
19:18 KSA · CLOSED  · scanner    · بدء المسح · 50 رمزاً · الجلسة CLOSED
19:18 KSA · CLOSED  · scanner    · ساعة التأكيد مثبَّتة على شمعة 19:45Z (من cbar)
19:18 KSA · CLOSED  · scanner    · بدء المسح · 50 رمزاً · الجلسة CLOSED
19:18 KSA · CLOSED  · scanner    · ساعة التأكيد مثبَّتة على شمعة 19:45Z (من cbar)
19:20 KSA · CLOSED  · scanner    · بدء المسح · 50 رمزاً · الجلسة CLOSED
19:20 KSA · CLOSED  · scanner    · ساعة التأكيد مثبَّتة على شمعة 19:45Z (من cbar)
19:20 KSA · CLOSED  · scanner    · بدء المسح · 50 رمزاً · الجلسة CLOSED
19:20 KSA · CLOSED  · scanner    · ساعة التأكيد مثبَّتة على شمعة 19:45Z (من cbar)
19:22 KSA · CLOSED  · scanner    · بدء المسح · 50 رمزاً · الجلسة CLOSED
19:22 KSA · CLOSED  · scanner    · ساعة التأكيد مثبَّتة على شمعة 19:45Z (من cbar)
19:24 KSA · CLOSED  · scanner    · بدء المسح · 50 رمزاً · الجلسة CLOSED
19:24 KSA · CLOSED  · scanner    · ساعة التأكيد مثبَّتة على شمعة 19:45Z (من cbar)
19:26 KSA · CLOSED  · scanner    · بدء المسح · 50 رمزاً · الجلسة CLOSED
19:26 KSA · CLOSED  · scanner    · ساعة التأكيد مثبَّتة على شمعة 19:45Z (من cbar)
19:28 KSA · CLOSED  · scanner    · بدء المسح · 50 رمزاً · الجلسة CLOSED
19:28 KSA · CLOSED  · scanner    · ساعة التأكيد مثبَّتة على شمعة 19:45Z (من cbar)
19:30 KSA · CLOSED  · scanner    · بدء المسح · 50 رمزاً · الجلسة CLOSED
19:30 KSA · CLOSED  · scanner    · ساعة التأكيد مثبَّتة على شمعة 19:45Z (من cbar)
19:32 KSA · CLOSED  · scanner    · بدء المسح · 50 رمزاً · الجلسة CLOSED
19:32 KSA · CLOSED  · scanner    · ساعة التأكيد مثبَّتة على شمعة 19:45Z (من cbar)
19:33 KSA · CLOSED  · scanner    · بدء المسح · 50 رمزاً · الجلسة CLOSED
19:33 KSA · CLOSED  · scanner    · ساعة التأكيد مثبَّتة على شمعة 19:45Z (من cbar)
19:34 KSA · CLOSED  · scanner    · بدء المسح · 50 رمزاً · الجلسة CLOSED
19:34 KSA · CLOSED  · scanner    · ساعة التأكيد مثبَّتة على شمعة 19:45Z (من cbar)
19:36 KSA · CLOSED  · scanner    · بدء المسح · 50 رمزاً · الجلسة CLOSED
19:36 KSA · CLOSED  · scanner    · ساعة التأكيد مثبَّتة على شمعة 19:45Z (من cbar)
19:38 KSA · CLOSED  · scanner    · بدء المسح · 50 رمزاً · الجلسة CLOSED
19:38 KSA · CLOSED  · scanner    · ساعة التأكيد مثبَّتة على شمعة 19:45Z (من cbar)
19:40 KSA · CLOSED  · scanner    · بدء المسح · 50 رمزاً · الجلسة CLOSED
19:40 KSA · CLOSED  · scanner    · ساعة التأكيد مثبَّتة على شمعة 19:45Z (من cbar)
19:42 KSA · CLOSED  · scanner    · بدء المسح · 50 رمزاً · الجلسة CLOSED
19:42 KSA · CLOSED  · scanner    · ساعة التأكيد مثبَّتة على شمعة 19:45Z (من cbar)
19:44 KSA · CLOSED  · scanner    · بدء المسح · 50 رمزاً · الجلسة CLOSED
19:44 KSA · CLOSED  · scanner    · ساعة التأكيد مثبَّتة على شمعة 19:45Z (من cbar)
19:46 KSA · CLOSED  · scanner    · بدء المسح · 50 رمزاً · الجلسة CLOSED
19:46 KSA · CLOSED  · scanner    · ساعة التأكيد مثبَّتة على شمعة 19:45Z (من cbar)
19:48 KSA · CLOSED  · scanner    · بدء المسح · 50 رمزاً · الجلسة CLOSED
19:48 KSA · CLOSED  · scanner    · ساعة التأكيد مثبَّتة على شمعة 19:45Z (من cbar)
19:48 KSA · CLOSED  · scanner    · بدء المسح · 50 رمزاً · الجلسة CLOSED
19:48 KSA · CLOSED  · scanner    · ساعة التأكيد مثبَّتة على شمعة 19:45Z (من cbar)
19:50 KSA · CLOSED  · scanner    · بدء المسح · 50 رمزاً · الجلسة CLOSED
19:50 KSA · CLOSED  · scanner    · ساعة التأكيد مثبَّتة على شمعة 19:45Z (من cbar)
19:50 KSA · CLOSED  · scanner    · بدء المسح · 50 رمزاً · الجلسة CLOSED
19:50 KSA · CLOSED  · scanner    · ساعة التأكيد مثبَّتة على شمعة 19:45Z (من cbar)
19:52 KSA · CLOSED  · scanner    · بدء المسح · 50 رمزاً · الجلسة CLOSED
19:52 KSA · CLOSED  · scanner    · ساعة التأكيد مثبَّتة على شمعة 19:45Z (من cbar)
19:54 KSA · CLOSED  · scanner    · بدء المسح · 50 رمزاً · الجلسة CLOSED
19:54 KSA · CLOSED  · scanner    · ساعة التأكيد مثبَّتة على شمعة 19:45Z (من cbar)
19:56 KSA · CLOSED  · scanner    · بدء المسح · 50 رمزاً · الجلسة CLOSED
19:56 KSA · CLOSED  · scanner    · ساعة التأكيد مثبَّتة على شمعة 19:45Z (من cbar)
19:58 KSA · CLOSED  · scanner    · بدء المسح · 50 رمزاً · الجلسة CLOSED
19:58 KSA · CLOSED  · scanner    · ساعة التأكيد مثبَّتة على شمعة 19:45Z (من cbar)
20:00 KSA · CLOSED  · scanner    · بدء المسح · 50 رمزاً · الجلسة CLOSED
20:00 KSA · CLOSED  · scanner    · ساعة التأكيد مثبَّتة على شمعة 19:45Z (من cbar)
20:02 KSA · CLOSED  · scanner    · بدء المسح · 50 رمزاً · الجلسة CLOSED
20:02 KSA · CLOSED  · scanner    · ساعة التأكيد مثبَّتة على شمعة 19:45Z (من cbar)
20:03 KSA · CLOSED  · scanner    · بدء المسح · 50 رمزاً · الجلسة CLOSED
20:03 KSA · CLOSED  · scanner    · ساعة التأكيد مثبَّتة على شمعة 19:45Z (من cbar)
20:04 KSA · CLOSED  · scanner    · بدء المسح · 50 رمزاً · الجلسة CLOSED
20:04 KSA · CLOSED  · scanner    · ساعة التأكيد مثبَّتة على شمعة 19:45Z (من cbar)
20:07 KSA · CLOSED  · scanner    · بدء المسح · 50 رمزاً · الجلسة CLOSED
20:07 KSA · CLOSED  · scanner    · ساعة التأكيد مثبَّتة على شمعة 19:45Z (من cbar)
20:08 KSA · CLOSED  · scanner    · بدء المسح · 50 رمزاً · الجلسة CLOSED
20:08 KSA · CLOSED  · scanner    · ساعة التأكيد مثبَّتة على شمعة 19:45Z (من cbar)
20:10 KSA · CLOSED  · scanner    · بدء المسح · 50 رمزاً · الجلسة CLOSED
20:10 KSA · CLOSED  · scanner    · ساعة التأكيد مثبَّتة على شمعة 19:45Z (من cbar)
20:12 KSA · CLOSED  · scanner    · بدء المسح · 50 رمزاً · الجلسة CLOSED
20:12 KSA · CLOSED  · scanner    · ساعة التأكيد مثبَّتة على شمعة 19:45Z (من cbar)
20:14 KSA · CLOSED  · scanner    · بدء المسح · 50 رمزاً · الجلسة CLOSED
20:14 KSA · CLOSED  · scanner    · ساعة التأكيد مثبَّتة على شمعة 19:45Z (من cbar)
20:16 KSA · CLOSED  · scanner    · بدء المسح · 50 رمزاً · الجلسة CLOSED
20:16 KSA · CLOSED  · scanner    · ساعة التأكيد مثبَّتة على شمعة 19:45Z (من cbar)
20:18 KSA · CLOSED  · scanner    · بدء المسح · 50 رمزاً · الجلسة CLOSED
20:18 KSA · CLOSED  · scanner    · ساعة التأكيد مثبَّتة على شمعة 19:45Z (من cbar)
20:18 KSA · CLOSED  · scanner    · بدء المسح · 50 رمزاً · الجلسة CLOSED
20:18 KSA · CLOSED  · scanner    · ساعة التأكيد مثبَّتة على شمعة 19:45Z (من cbar)
20:20 KSA · CLOSED  · scanner    · بدء المسح · 50 رمزاً · الجلسة CLOSED
20:20 KSA · CLOSED  · scanner    · ساعة التأكيد مثبَّتة على شمعة 19:45Z (من cbar)
20:21 KSA · CLOSED  · scanner    · بدء المسح · 50 رمزاً · الجلسة CLOSED
20:21 KSA · CLOSED  · scanner    · ساعة التأكيد مثبَّتة على شمعة 19:45Z (من cbar)
20:22 KSA · CLOSED  · scanner    · بدء المسح · 50 رمزاً · الجلسة CLOSED
20:22 KSA · CLOSED  · scanner    · ساعة التأكيد مثبَّتة على شمعة 19:45Z (من cbar)
20:24 KSA · CLOSED  · scanner    · بدء المسح · 50 رمزاً · الجلسة CLOSED
20:24 KSA · CLOSED  · scanner    · ساعة التأكيد مثبَّتة على شمعة 19:45Z (من cbar)
20:26 KSA · CLOSED  · scanner    · بدء المسح · 50 رمزاً · الجلسة CLOSED
20:26 KSA · CLOSED  · scanner    · ساعة التأكيد مثبَّتة على شمعة 19:45Z (من cbar)
20:28 KSA · CLOSED  · scanner    · بدء المسح · 50 رمزاً · الجلسة CLOSED
20:28 KSA · CLOSED  · scanner    · ساعة التأكيد مثبَّتة على شمعة 19:45Z (من cbar)
20:30 KSA · CLOSED  · scanner    · بدء المسح · 50 رمزاً · الجلسة CLOSED
20:30 KSA · CLOSED  · scanner    · ساعة التأكيد مثبَّتة على شمعة 19:45Z (من cbar)
20:32 KSA · CLOSED  · scanner    · بدء المسح · 50 رمزاً · الجلسة CLOSED
20:32 KSA · CLOSED  · scanner    · ساعة التأكيد مثبَّتة على شمعة 19:45Z (من cbar)
20:33 KSA · CLOSED  · scanner    · بدء المسح · 50 رمزاً · الجلسة CLOSED
20:33 KSA · CLOSED  · scanner    · ساعة التأكيد مثبَّتة على شمعة 19:45Z (من cbar)
20:34 KSA · CLOSED  · scanner    · بدء المسح · 50 رمزاً · الجلسة CLOSED
20:34 KSA · CLOSED  · scanner    · ساعة التأكيد مثبَّتة على شمعة 19:45Z (من cbar)
20:37 KSA · CLOSED  · scanner    · بدء المسح · 50 رمزاً · الجلسة CLOSED
20:37 KSA · CLOSED  · scanner    · ساعة التأكيد مثبَّتة على شمعة 19:45Z (من cbar)
20:38 KSA · CLOSED  · scanner    · بدء المسح · 50 رمزاً · الجلسة CLOSED
20:38 KSA · CLOSED  · scanner    · ساعة التأكيد مثبَّتة على شمعة 19:45Z (من cbar)
20:40 KSA · CLOSED  · scanner    · بدء المسح · 50 رمزاً · الجلسة CLOSED
20:40 KSA · CLOSED  · scanner    · ساعة التأكيد مثبَّتة على شمعة 19:45Z (من cbar)
20:42 KSA · CLOSED  · scanner    · بدء المسح · 50 رمزاً · الجلسة CLOSED
20:42 KSA · CLOSED  · scanner    · ساعة التأكيد مثبَّتة على شمعة 19:45Z (من cbar)
20:44 KSA · CLOSED  · scanner    · بدء المسح · 50 رمزاً · الجلسة CLOSED
20:44 KSA · CLOSED  · scanner    · ساعة التأكيد مثبَّتة على شمعة 19:45Z (من cbar)
20:46 KSA · CLOSED  · scanner    · بدء المسح · 50 رمزاً · الجلسة CLOSED
20:46 KSA · CLOSED  · scanner    · ساعة التأكيد مثبَّتة على شمعة 19:45Z (من cbar)
20:48 KSA · CLOSED  · scanner    · بدء المسح · 50 رمزاً · الجلسة CLOSED
20:48 KSA · CLOSED  · scanner    · ساعة التأكيد مثبَّتة على شمعة 19:45Z (من cbar)
20:49 KSA · CLOSED  · scanner    · بدء المسح · 50 رمزاً · الجلسة CLOSED
20:49 KSA · CLOSED  · scanner    · ساعة التأكيد مثبَّتة على شمعة 19:45Z (من cbar)
20:50 KSA · CLOSED  · scanner    · بدء المسح · 50 رمزاً · الجلسة CLOSED
20:50 KSA · CLOSED  · scanner    · ساعة التأكيد مثبَّتة على شمعة 19:45Z (من cbar)
20:51 KSA · CLOSED  · scanner    · بدء المسح · 50 رمزاً · الجلسة CLOSED
20:51 KSA · CLOSED  · scanner    · ساعة التأكيد مثبَّتة على شمعة 19:45Z (من cbar)
20:52 KSA · CLOSED  · scanner    · بدء المسح · 50 رمزاً · الجلسة CLOSED
20:52 KSA · CLOSED  · scanner    · ساعة التأكيد مثبَّتة على شمعة 19:45Z (من cbar)
20:54 KSA · CLOSED  · scanner    · بدء المسح · 50 رمزاً · الجلسة CLOSED
20:54 KSA · CLOSED  · scanner    · ساعة التأكيد مثبَّتة على شمعة 19:45Z (من cbar)
20:56 KSA · CLOSED  · scanner    · بدء المسح · 50 رمزاً · الجلسة CLOSED
20:56 KSA · CLOSED  · scanner    · ساعة التأكيد مثبَّتة على شمعة 19:45Z (من cbar)
20:58 KSA · CLOSED  · scanner    · بدء المسح · 50 رمزاً · الجلسة CLOSED
20:58 KSA · CLOSED  · scanner    · ساعة التأكيد مثبَّتة على شمعة 19:45Z (من cbar)
21:00 KSA · CLOSED  · scanner    · بدء المسح · 50 رمزاً · الجلسة CLOSED
21:00 KSA · CLOSED  · scanner    · ساعة التأكيد مثبَّتة على شمعة 19:45Z (من cbar)
21:02 KSA · CLOSED  · scanner    · بدء المسح · 50 رمزاً · الجلسة CLOSED
21:02 KSA · CLOSED  · scanner    · ساعة التأكيد مثبَّتة على شمعة 19:45Z (من cbar)
21:03 KSA · CLOSED  · scanner    · بدء المسح · 50 رمزاً · الجلسة CLOSED
21:03 KSA · CLOSED  · scanner    · ساعة التأكيد مثبَّتة على شمعة 19:45Z (من cbar)
21:04 KSA · CLOSED  · scanner    · بدء المسح · 50 رمزاً · الجلسة CLOSED
21:04 KSA · CLOSED  · scanner    · ساعة التأكيد مثبَّتة على شمعة 19:45Z (من cbar)
21:07 KSA · CLOSED  · scanner    · بدء المسح · 50 رمزاً · الجلسة CLOSED
21:07 KSA · CLOSED  · scanner    · ساعة التأكيد مثبَّتة على شمعة 19:45Z (من cbar)
21:08 KSA · CLOSED  · scanner    · بدء المسح · 50 رمزاً · الجلسة CLOSED
21:08 KSA · CLOSED  · scanner    · ساعة التأكيد مثبَّتة على شمعة 19:45Z (من cbar)
21:10 KSA · CLOSED  · scanner    · بدء المسح · 50 رمزاً · الجلسة CLOSED
21:10 KSA · CLOSED  · scanner    · ساعة التأكيد مثبَّتة على شمعة 19:45Z (من cbar)
21:12 KSA · CLOSED  · scanner    · بدء المسح · 50 رمزاً · الجلسة CLOSED
21:12 KSA · CLOSED  · scanner    · ساعة التأكيد مثبَّتة على شمعة 19:45Z (من cbar)
21:14 KSA · CLOSED  · scanner    · بدء المسح · 50 رمزاً · الجلسة CLOSED
21:14 KSA · CLOSED  · scanner    · ساعة التأكيد مثبَّتة على شمعة 19:45Z (من cbar)
21:16 KSA · CLOSED  · scanner    · بدء المسح · 50 رمزاً · الجلسة CLOSED
21:16 KSA · CLOSED  · scanner    · ساعة التأكيد مثبَّتة على شمعة 19:45Z (من cbar)
21:18 KSA · CLOSED  · scanner    · بدء المسح · 50 رمزاً · الجلسة CLOSED
21:18 KSA · CLOSED  · scanner    · ساعة التأكيد مثبَّتة على شمعة 19:45Z (من cbar)
21:19 KSA · CLOSED  · scanner    · بدء المسح · 50 رمزاً · الجلسة CLOSED
21:19 KSA · CLOSED  · scanner    · ساعة التأكيد مثبَّتة على شمعة 19:45Z (من cbar)
21:21 KSA · CLOSED  · scanner    · بدء المسح · 50 رمزاً · الجلسة CLOSED
21:21 KSA · CLOSED  · scanner    · ساعة التأكيد مثبَّتة على شمعة 19:45Z (من cbar)
21:21 KSA · CLOSED  · scanner    · بدء المسح · 50 رمزاً · الجلسة CLOSED
21:21 KSA · CLOSED  · scanner    · ساعة التأكيد مثبَّتة على شمعة 19:45Z (من cbar)
21:22 KSA · CLOSED  · scanner    · بدء المسح · 50 رمزاً · الجلسة CLOSED
21:22 KSA · CLOSED  · scanner    · ساعة التأكيد مثبَّتة على شمعة 19:45Z (من cbar)
21:24 KSA · CLOSED  · scanner    · بدء المسح · 50 رمزاً · الجلسة CLOSED
21:24 KSA · CLOSED  · scanner    · ساعة التأكيد مثبَّتة على شمعة 19:45Z (من cbar)
21:26 KSA · CLOSED  · scanner    · بدء المسح · 50 رمزاً · الجلسة CLOSED
21:26 KSA · CLOSED  · scanner    · ساعة التأكيد مثبَّتة على شمعة 19:45Z (من cbar)
21:28 KSA · CLOSED  · scanner    · بدء المسح · 50 رمزاً · الجلسة CLOSED
21:28 KSA · CLOSED  · scanner    · ساعة التأكيد مثبَّتة على شمعة 19:45Z (من cbar)
21:30 KSA · CLOSED  · scanner    · بدء المسح · 50 رمزاً · الجلسة CLOSED
21:30 KSA · CLOSED  · scanner    · ساعة التأكيد مثبَّتة على شمعة 19:45Z (من cbar)
21:32 KSA · CLOSED  · scanner    · بدء المسح · 50 رمزاً · الجلسة CLOSED
21:32 KSA · CLOSED  · scanner    · ساعة التأكيد مثبَّتة على شمعة 19:45Z (من cbar)
21:33 KSA · CLOSED  · scanner    · بدء المسح · 50 رمزاً · الجلسة CLOSED
21:33 KSA · CLOSED  · scanner    · ساعة التأكيد مثبَّتة على شمعة 19:45Z (من cbar)
21:34 KSA · CLOSED  · scanner    · بدء المسح · 50 رمزاً · الجلسة CLOSED
21:34 KSA · CLOSED  · scanner    · ساعة التأكيد مثبَّتة على شمعة 19:45Z (من cbar)
21:36 KSA · CLOSED  · scanner    · بدء المسح · 50 رمزاً · الجلسة CLOSED
21:36 KSA · CLOSED  · scanner    · ساعة التأكيد مثبَّتة على شمعة 19:45Z (من cbar)
21:38 KSA · CLOSED  · scanner    · بدء المسح · 50 رمزاً · الجلسة CLOSED
21:38 KSA · CLOSED  · scanner    · ساعة التأكيد مثبَّتة على شمعة 19:45Z (من cbar)
21:40 KSA · CLOSED  · scanner    · بدء المسح · 50 رمزاً · الجلسة CLOSED
21:40 KSA · CLOSED  · scanner    · ساعة التأكيد مثبَّتة على شمعة 19:45Z (من cbar)
21:42 KSA · CLOSED  · scanner    · بدء المسح · 50 رمزاً · الجلسة CLOSED
21:42 KSA · CLOSED  · scanner    · ساعة التأكيد مثبَّتة على شمعة 19:45Z (من cbar)
21:44 KSA · CLOSED  · scanner    · بدء المسح · 50 رمزاً · الجلسة CLOSED
21:44 KSA · CLOSED  · scanner    · ساعة التأكيد مثبَّتة على شمعة 19:45Z (من cbar)
21:46 KSA · CLOSED  · scanner    · بدء المسح · 50 رمزاً · الجلسة CLOSED
21:46 KSA · CLOSED  · scanner    · ساعة التأكيد مثبَّتة على شمعة 19:45Z (من cbar)
21:48 KSA · CLOSED  · scanner    · بدء المسح · 50 رمزاً · الجلسة CLOSED
21:48 KSA · CLOSED  · scanner    · ساعة التأكيد مثبَّتة على شمعة 19:45Z (من cbar)
21:48 KSA · CLOSED  · scanner    · بدء المسح · 50 رمزاً · الجلسة CLOSED
21:48 KSA · CLOSED  · scanner    · ساعة التأكيد مثبَّتة على شمعة 19:45Z (من cbar)
21:50 KSA · CLOSED  · scanner    · بدء المسح · 50 رمزاً · الجلسة CLOSED
21:50 KSA · CLOSED  · scanner    · ساعة التأكيد مثبَّتة على شمعة 19:45Z (من cbar)
21:50 KSA · CLOSED  · scanner    · بدء المسح · 50 رمزاً · الجلسة CLOSED
21:50 KSA · CLOSED  · scanner    · ساعة التأكيد مثبَّتة على شمعة 19:45Z (من cbar)
21:52 KSA · CLOSED  · scanner    · بدء المسح · 50 رمزاً · الجلسة CLOSED
21:52 KSA · CLOSED  · scanner    · ساعة التأكيد مثبَّتة على شمعة 19:45Z (من cbar)
21:54 KSA · CLOSED  · scanner    · بدء المسح · 50 رمزاً · الجلسة CLOSED
21:54 KSA · CLOSED  · scanner    · ساعة التأكيد مثبَّتة على شمعة 19:45Z (من cbar)
21:56 KSA · CLOSED  · scanner    · بدء المسح · 50 رمزاً · الجلسة CLOSED
21:56 KSA · CLOSED  · scanner    · ساعة التأكيد مثبَّتة على شمعة 19:45Z (من cbar)
21:58 KSA · CLOSED  · scanner    · بدء المسح · 50 رمزاً · الجلسة CLOSED
21:58 KSA · CLOSED  · scanner    · ساعة التأكيد مثبَّتة على شمعة 19:45Z (من cbar)
22:00 KSA · CLOSED  · scanner    · بدء المسح · 50 رمزاً · الجلسة CLOSED
22:00 KSA · CLOSED  · scanner    · ساعة التأكيد مثبَّتة على شمعة 19:45Z (من cbar)
22:02 KSA · CLOSED  · scanner    · بدء المسح · 50 رمزاً · الجلسة CLOSED
22:02 KSA · CLOSED  · scanner    · ساعة التأكيد مثبَّتة على شمعة 19:45Z (من cbar)
22:03 KSA · CLOSED  · scanner    · بدء المسح · 50 رمزاً · الجلسة CLOSED
22:03 KSA · CLOSED  · scanner    · ساعة التأكيد مثبَّتة على شمعة 19:45Z (من cbar)
22:04 KSA · CLOSED  · scanner    · بدء المسح · 50 رمزاً · الجلسة CLOSED
22:04 KSA · CLOSED  · scanner    · ساعة التأكيد مثبَّتة على شمعة 19:45Z (من cbar)
22:06 KSA · CLOSED  · scanner    · بدء المسح · 50 رمزاً · الجلسة CLOSED
22:06 KSA · CLOSED  · scanner    · ساعة التأكيد مثبَّتة على شمعة 19:45Z (من cbar)
22:08 KSA · CLOSED  · scanner    · بدء المسح · 50 رمزاً · الجلسة CLOSED
22:08 KSA · CLOSED  · scanner    · ساعة التأكيد مثبَّتة على شمعة 19:45Z (من cbar)
22:10 KSA · CLOSED  · scanner    · بدء المسح · 50 رمزاً · الجلسة CLOSED
22:10 KSA · CLOSED  · scanner    · ساعة التأكيد مثبَّتة على شمعة 19:45Z (من cbar)
22:12 KSA · CLOSED  · scanner    · بدء المسح · 50 رمزاً · الجلسة CLOSED
22:12 KSA · CLOSED  · scanner    · ساعة التأكيد مثبَّتة على شمعة 19:45Z (من cbar)
22:14 KSA · CLOSED  · scanner    · بدء المسح · 50 رمزاً · الجلسة CLOSED
22:14 KSA · CLOSED  · scanner    · ساعة التأكيد مثبَّتة على شمعة 19:45Z (من cbar)
22:16 KSA · CLOSED  · scanner    · بدء المسح · 50 رمزاً · الجلسة CLOSED
22:16 KSA · CLOSED  · scanner    · ساعة التأكيد مثبَّتة على شمعة 19:45Z (من cbar)
22:18 KSA · CLOSED  · scanner    · بدء المسح · 50 رمزاً · الجلسة CLOSED
22:18 KSA · CLOSED  · scanner    · ساعة التأكيد مثبَّتة على شمعة 19:45Z (من cbar)
22:18 KSA · CLOSED  · scanner    · بدء المسح · 50 رمزاً · الجلسة CLOSED
22:18 KSA · CLOSED  · scanner    · ساعة التأكيد مثبَّتة على شمعة 19:45Z (من cbar)
22:20 KSA · CLOSED  · scanner    · بدء المسح · 50 رمزاً · الجلسة CLOSED
22:20 KSA · CLOSED  · scanner    · ساعة التأكيد مثبَّتة على شمعة 19:45Z (من cbar)
22:20 KSA · CLOSED  · scanner    · بدء المسح · 50 رمزاً · الجلسة CLOSED
22:20 KSA · CLOSED  · scanner    · ساعة التأكيد مثبَّتة على شمعة 19:45Z (من cbar)
22:22 KSA · CLOSED  · scanner    · بدء المسح · 50 رمزاً · الجلسة CLOSED
22:22 KSA · CLOSED  · scanner    · ساعة التأكيد مثبَّتة على شمعة 19:45Z (من cbar)
22:24 KSA · CLOSED  · scanner    · بدء المسح · 50 رمزاً · الجلسة CLOSED
22:24 KSA · CLOSED  · scanner    · ساعة التأكيد مثبَّتة على شمعة 19:45Z (من cbar)
22:26 KSA · CLOSED  · scanner    · بدء المسح · 50 رمزاً · الجلسة CLOSED
22:26 KSA · CLOSED  · scanner    · ساعة التأكيد مثبَّتة على شمعة 19:45Z (من cbar)
22:28 KSA · CLOSED  · scanner    · بدء المسح · 50 رمزاً · الجلسة CLOSED
22:28 KSA · CLOSED  · scanner    · ساعة التأكيد مثبَّتة على شمعة 19:45Z (من cbar)
22:30 KSA · CLOSED  · scanner    · بدء المسح · 50 رمزاً · الجلسة CLOSED
22:30 KSA · CLOSED  · scanner    · ساعة التأكيد مثبَّتة على شمعة 19:45Z (من cbar)
22:32 KSA · CLOSED  · scanner    · بدء المسح · 50 رمزاً · الجلسة CLOSED
22:32 KSA · CLOSED  · scanner    · ساعة التأكيد مثبَّتة على شمعة 19:45Z (من cbar)
22:33 KSA · CLOSED  · scanner    · بدء المسح · 50 رمزاً · الجلسة CLOSED
22:33 KSA · CLOSED  · scanner    · ساعة التأكيد مثبَّتة على شمعة 19:45Z (من cbar)
22:34 KSA · CLOSED  · scanner    · بدء المسح · 50 رمزاً · الجلسة CLOSED
22:34 KSA · CLOSED  · scanner    · ساعة التأكيد مثبَّتة على شمعة 19:45Z (من cbar)
22:36 KSA · CLOSED  · scanner    · بدء المسح · 50 رمزاً · الجلسة CLOSED
22:36 KSA · CLOSED  · scanner    · ساعة التأكيد مثبَّتة على شمعة 19:45Z (من cbar)
22:38 KSA · CLOSED  · scanner    · بدء المسح · 50 رمزاً · الجلسة CLOSED
22:38 KSA · CLOSED  · scanner    · ساعة التأكيد مثبَّتة على شمعة 19:45Z (من cbar)
22:40 KSA · CLOSED  · scanner    · بدء المسح · 50 رمزاً · الجلسة CLOSED
22:40 KSA · CLOSED  · scanner    · ساعة التأكيد مثبَّتة على شمعة 19:45Z (من cbar)
22:42 KSA · CLOSED  · scanner    · بدء المسح · 50 رمزاً · الجلسة CLOSED
22:42 KSA · CLOSED  · scanner    · ساعة التأكيد مثبَّتة على شمعة 19:45Z (من cbar)
22:44 KSA · CLOSED  · scanner    · بدء المسح · 50 رمزاً · الجلسة CLOSED
22:44 KSA · CLOSED  · scanner    · ساعة التأكيد مثبَّتة على شمعة 19:45Z (من cbar)
22:46 KSA · CLOSED  · scanner    · بدء المسح · 50 رمزاً · الجلسة CLOSED
22:46 KSA · CLOSED  · scanner    · ساعة التأكيد مثبَّتة على شمعة 19:45Z (من cbar)
22:48 KSA · CLOSED  · scanner    · بدء المسح · 50 رمزاً · الجلسة CLOSED
22:48 KSA · CLOSED  · scanner    · ساعة التأكيد مثبَّتة على شمعة 19:45Z (من cbar)
22:49 KSA · CLOSED  · scanner    · بدء المسح · 50 رمزاً · الجلسة CLOSED
22:49 KSA · CLOSED  · scanner    · ساعة التأكيد مثبَّتة على شمعة 19:45Z (من cbar)
22:50 KSA · CLOSED  · scanner    · بدء المسح · 50 رمزاً · الجلسة CLOSED
22:50 KSA · CLOSED  · scanner    · ساعة التأكيد مثبَّتة على شمعة 19:45Z (من cbar)
22:51 KSA · CLOSED  · scanner    · بدء المسح · 50 رمزاً · الجلسة CLOSED
22:51 KSA · CLOSED  · scanner    · ساعة التأكيد مثبَّتة على شمعة 19:45Z (من cbar)
22:52 KSA · CLOSED  · scanner    · بدء المسح · 50 رمزاً · الجلسة CLOSED
22:52 KSA · CLOSED  · scanner    · ساعة التأكيد مثبَّتة على شمعة 19:45Z (من cbar)
22:54 KSA · CLOSED  · scanner    · بدء المسح · 50 رمزاً · الجلسة CLOSED
22:54 KSA · CLOSED  · scanner    · ساعة التأكيد مثبَّتة على شمعة 19:45Z (من cbar)
22:56 KSA · CLOSED  · scanner    · بدء المسح · 50 رمزاً · الجلسة CLOSED
22:56 KSA · CLOSED  · scanner    · ساعة التأكيد مثبَّتة على شمعة 19:45Z (من cbar)
22:58 KSA · CLOSED  · scanner    · بدء المسح · 50 رمزاً · الجلسة CLOSED
22:58 KSA · CLOSED  · scanner    · ساعة التأكيد مثبَّتة على شمعة 19:45Z (من cbar)
23:00 KSA · CLOSED  · scanner    · بدء المسح · 50 رمزاً · الجلسة CLOSED
23:00 KSA · CLOSED  · scanner    · ساعة التأكيد مثبَّتة على شمعة 19:45Z (من cbar)
23:02 KSA · CLOSED  · scanner    · بدء المسح · 50 رمزاً · الجلسة CLOSED
23:02 KSA · CLOSED  · scanner    · ساعة التأكيد مثبَّتة على شمعة 19:45Z (من cbar)
23:03 KSA · CLOSED  · scanner    · بدء المسح · 50 رمزاً · الجلسة CLOSED
23:03 KSA · CLOSED  · scanner    · ساعة التأكيد مثبَّتة على شمعة 19:45Z (من cbar)
23:04 KSA · CLOSED  · scanner    · بدء المسح · 50 رمزاً · الجلسة CLOSED
23:04 KSA · CLOSED  · scanner    · ساعة التأكيد مثبَّتة على شمعة 19:45Z (من cbar)
23:06 KSA · CLOSED  · scanner    · بدء المسح · 50 رمزاً · الجلسة CLOSED
23:06 KSA · CLOSED  · scanner    · ساعة التأكيد مثبَّتة على شمعة 19:45Z (من cbar)
23:08 KSA · CLOSED  · scanner    · بدء المسح · 50 رمزاً · الجلسة CLOSED
23:08 KSA · CLOSED  · scanner    · ساعة التأكيد مثبَّتة على شمعة 19:45Z (من cbar)
23:10 KSA · CLOSED  · scanner    · بدء المسح · 50 رمزاً · الجلسة CLOSED
23:10 KSA · CLOSED  · scanner    · ساعة التأكيد مثبَّتة على شمعة 19:45Z (من cbar)
23:12 KSA · CLOSED  · scanner    · بدء المسح · 50 رمزاً · الجلسة CLOSED
23:12 KSA · CLOSED  · scanner    · ساعة التأكيد مثبَّتة على شمعة 19:45Z (من cbar)
23:14 KSA · CLOSED  · scanner    · بدء المسح · 50 رمزاً · الجلسة CLOSED
23:14 KSA · CLOSED  · scanner    · ساعة التأكيد مثبَّتة على شمعة 19:45Z (من cbar)
23:16 KSA · CLOSED  · scanner    · بدء المسح · 50 رمزاً · الجلسة CLOSED
23:16 KSA · CLOSED  · scanner    · ساعة التأكيد مثبَّتة على شمعة 19:45Z (من cbar)
23:18 KSA · CLOSED  · scanner    · بدء المسح · 50 رمزاً · الجلسة CLOSED
23:18 KSA · CLOSED  · scanner    · ساعة التأكيد مثبَّتة على شمعة 19:45Z (من cbar)
23:18 KSA · CLOSED  · scanner    · بدء المسح · 50 رمزاً · الجلسة CLOSED
23:18 KSA · CLOSED  · scanner    · ساعة التأكيد مثبَّتة على شمعة 19:45Z (من cbar)
23:20 KSA · CLOSED  · scanner    · بدء المسح · 50 رمزاً · الجلسة CLOSED
23:20 KSA · CLOSED  · scanner    · ساعة التأكيد مثبَّتة على شمعة 19:45Z (من cbar)
23:20 KSA · CLOSED  · scanner    · بدء المسح · 50 رمزاً · الجلسة CLOSED
23:20 KSA · CLOSED  · scanner    · ساعة التأكيد مثبَّتة على شمعة 19:45Z (من cbar)
23:22 KSA · CLOSED  · scanner    · بدء المسح · 50 رمزاً · الجلسة CLOSED
23:22 KSA · CLOSED  · scanner    · ساعة التأكيد مثبَّتة على شمعة 19:45Z (من cbar)
23:24 KSA · CLOSED  · scanner    · بدء المسح · 50 رمزاً · الجلسة CLOSED
23:24 KSA · CLOSED  · scanner    · ساعة التأكيد مثبَّتة على شمعة 19:45Z (من cbar)
23:26 KSA · CLOSED  · scanner    · بدء المسح · 50 رمزاً · الجلسة CLOSED
23:26 KSA · CLOSED  · scanner    · ساعة التأكيد مثبَّتة على شمعة 19:45Z (من cbar)
23:28 KSA · CLOSED  · scanner    · بدء المسح · 50 رمزاً · الجلسة CLOSED
23:28 KSA · CLOSED  · scanner    · ساعة التأكيد مثبَّتة على شمعة 19:45Z (من cbar)
23:30 KSA · CLOSED  · scanner    · بدء المسح · 50 رمزاً · الجلسة CLOSED
23:30 KSA · CLOSED  · scanner    · ساعة التأكيد مثبَّتة على شمعة 19:45Z (من cbar)
23:32 KSA · CLOSED  · scanner    · بدء المسح · 50 رمزاً · الجلسة CLOSED
23:32 KSA · CLOSED  · scanner    · ساعة التأكيد مثبَّتة على شمعة 19:45Z (من cbar)
23:33 KSA · CLOSED  · scanner    · بدء المسح · 50 رمزاً · الجلسة CLOSED
23:33 KSA · CLOSED  · scanner    · ساعة التأكيد مثبَّتة على شمعة 19:45Z (من cbar)
23:34 KSA · CLOSED  · scanner    · بدء المسح · 50 رمزاً · الجلسة CLOSED
23:34 KSA · CLOSED  · scanner    · ساعة التأكيد مثبَّتة على شمعة 19:45Z (من cbar)
23:36 KSA · CLOSED  · scanner    · بدء المسح · 50 رمزاً · الجلسة CLOSED
23:36 KSA · CLOSED  · scanner    · ساعة التأكيد مثبَّتة على شمعة 19:45Z (من cbar)
23:38 KSA · CLOSED  · scanner    · بدء المسح · 50 رمزاً · الجلسة CLOSED
23:38 KSA · CLOSED  · scanner    · ساعة التأكيد مثبَّتة على شمعة 19:45Z (من cbar)
23:40 KSA · CLOSED  · scanner    · بدء المسح · 50 رمزاً · الجلسة CLOSED
23:40 KSA · CLOSED  · scanner    · ساعة التأكيد مثبَّتة على شمعة 19:45Z (من cbar)
23:42 KSA · CLOSED  · scanner    · بدء المسح · 50 رمزاً · الجلسة CLOSED
23:42 KSA · CLOSED  · scanner    · ساعة التأكيد مثبَّتة على شمعة 19:45Z (من cbar)
23:44 KSA · CLOSED  · scanner    · بدء المسح · 50 رمزاً · الجلسة CLOSED
23:44 KSA · CLOSED  · scanner    · ساعة التأكيد مثبَّتة على شمعة 19:45Z (من cbar)
23:46 KSA · CLOSED  · scanner    · بدء المسح · 50 رمزاً · الجلسة CLOSED
23:46 KSA · CLOSED  · scanner    · ساعة التأكيد مثبَّتة على شمعة 19:45Z (من cbar)
23:48 KSA · CLOSED  · scanner    · بدء المسح · 50 رمزاً · الجلسة CLOSED
23:48 KSA · CLOSED  · scanner    · ساعة التأكيد مثبَّتة على شمعة 19:45Z (من cbar)
23:48 KSA · CLOSED  · scanner    · بدء المسح · 50 رمزاً · الجلسة CLOSED
23:48 KSA · CLOSED  · scanner    · ساعة التأكيد مثبَّتة على شمعة 19:45Z (من cbar)
23:50 KSA · CLOSED  · scanner    · بدء المسح · 50 رمزاً · الجلسة CLOSED
23:50 KSA · CLOSED  · scanner    · ساعة التأكيد مثبَّتة على شمعة 19:45Z (من cbar)
23:50 KSA · CLOSED  · scanner    · بدء المسح · 50 رمزاً · الجلسة CLOSED
23:50 KSA · CLOSED  · scanner    · ساعة التأكيد مثبَّتة على شمعة 19:45Z (من cbar)
23:52 KSA · CLOSED  · scanner    · بدء المسح · 50 رمزاً · الجلسة CLOSED
23:52 KSA · CLOSED  · scanner    · ساعة التأكيد مثبَّتة على شمعة 19:45Z (من cbar)
23:54 KSA · CLOSED  · scanner    · بدء المسح · 50 رمزاً · الجلسة CLOSED
23:54 KSA · CLOSED  · scanner    · ساعة التأكيد مثبَّتة على شمعة 19:45Z (من cbar)
23:56 KSA · CLOSED  · scanner    · بدء المسح · 50 رمزاً · الجلسة CLOSED
23:56 KSA · CLOSED  · scanner    · ساعة التأكيد مثبَّتة على شمعة 19:45Z (من cbar)
23:58 KSA · CLOSED  · scanner    · بدء المسح · 50 رمزاً · الجلسة CLOSED
23:58 KSA · CLOSED  · scanner    · ساعة التأكيد مثبَّتة على شمعة 19:45Z (من cbar)
