15:58 KSA · PRE     · scanner    · بدء المسح · 1153 رمزاً · الجلسة PRE
16:04 KSA · PRE     · scanner    · بدء المسح · 1153 رمزاً · الجلسة PRE
16:04 KSA · PRE     · signal     · GOOG · orb ▲ 68 · 5m · جلسة ممتدة
16:04 KSA · PRE     · signal     · MSFT · orb ▲ 60 · 5m · جلسة ممتدة
16:04 KSA · PRE     · signal     · NFLX · orb ▲ 63 · 5m · جلسة ممتدة
16:04 KSA · PRE     · signal     · CRWD · orb ▲ 60 · 5m · جلسة ممتدة
16:04 KSA · PRE     · signal     · TXN · vwapRec ▼ 60 · 5m · جلسة ممتدة
16:04 KSA · PRE     · signal     · IBM · orb ▲ 68 · 5m · جلسة ممتدة
16:04 KSA · PRE     · signal     · CRM · orb ▲ 80 · 5m · جلسة ممتدة
16:04 KSA · PRE     · signal     · GILD · orb ▲ 65 · 5m · جلسة ممتدة
16:04 KSA · PRE     · signal     · GILD · volSpike ▲ 89 · 15m · جلسة ممتدة
16:04 KSA · PRE     · signal     · UNP · vwapRec ▼ 71 · 5m · جلسة ممتدة
16:04 KSA · PRE     · signal     · NOW · orb ▲ 75 · 5m · جلسة ممتدة
16:04 KSA · PRE     · signal     · ISRG · orb ▲ 75 · 5m · جلسة ممتدة
16:04 KSA · PRE     · signal     · ISRG · vwapRec ▲ 55 · 5m · جلسة ممتدة
16:04 KSA · PRE     · signal     · ISRG · brk ▲ 92 · 15m · جلسة ممتدة
16:04 KSA · PRE     · signal     · VRTX · orb ▲ 63 · 5m · جلسة ممتدة
16:04 KSA · PRE     · signal     · NEM · volSpike ▲ 72 · 15m · جلسة ممتدة
16:04 KSA · PRE     · signal     · FTNT · orb ▲ 73 · 5m · جلسة ممتدة
16:04 KSA · PRE     · signal     · APP · orb ▲ 68 · 5m · جلسة ممتدة
16:04 KSA · PRE     · signal     · VLO · vwapRec ▼ 57 · 5m · جلسة ممتدة
16:04 KSA · PRE     · signal     · ADP · vwapRec ▲ 65 · 5m · جلسة ممتدة
16:04 KSA · PRE     · signal     · ADP · brk ▲ 64 · 15m · جلسة ممتدة
16:04 KSA · PRE     · signal     · ADBE · orb ▲ 65 · 5m · جلسة ممتدة
16:04 KSA · PRE     · signal     · ADBE · brk ▲ 78 · 15m · جلسة ممتدة
16:04 KSA · PRE     · signal     · HOOD · orb ▲ 60 · 5m · جلسة ممتدة
16:04 KSA · PRE     · signal     · INTU · orb ▲ 75 · 5m · جلسة ممتدة
16:04 KSA · PRE     · signal     · COHR · brk ▼ 86 · 15m · جلسة ممتدة
16:04 KSA · PRE     · signal     · TER · brk ▼ 94 · 15m · جلسة ممتدة
16:04 KSA · PRE     · signal     · COIN · orb ▲ 57 · 5m · جلسة ممتدة
16:04 KSA · PRE     · signal     · VST · brk ▼ 84 · 15m · جلسة ممتدة
16:04 KSA · PRE     · signal     · VST · volSpike ▼ 100 · 15m · جلسة ممتدة
16:04 KSA · PRE     · signal     · LHX · vwapRec ▼ 85 · 5m · جلسة ممتدة
16:04 KSA · PRE     · signal     · CIEN · brk ▼ 100 · 15m · جلسة ممتدة
16:04 KSA · PRE     · signal     · ON · vwapRec ▼ 75 · 5m · جلسة ممتدة
16:04 KSA · PRE     · signal     · BCH-USD · orb ▲ 80 · 5m
16:04 KSA · PRE     · signal     · PENDLE-USD · volSpike ▲ 89 · 15m
16:04 KSA · PRE     · signal     · LSK-USD · orb ▼ 55 · 5m
16:04 KSA · PRE     · signal     · LSK-USD · brk ▼ 57 · 15m
16:04 KSA · PRE     · signal     · MARSCOIN-USD · volSpike ▲ 81 · 15m
16:04 KSA · PRE     · signal     · UNI-USD · orb ▼ 57 · 5m
16:04 KSA · PRE     · signal     · UNI-USD · brk ▼ 66 · 15m
16:04 KSA · PRE     · signal     · SUI-USD · sqzExp ▼ 68 · 1h
16:04 KSA · PRE     · signal     · U-USD · brk ▼ 59 · 15m
16:04 KSA · PRE     · signal     · 牛来-USD · volSpike ▲ 93 · 15m
16:04 KSA · PRE     · signal     · PEPE-USD · orb ▲ 57 · 5m
16:04 KSA · PRE     · signal     · TAO-USD · brk ▼ 61 · 15m
16:04 KSA · PRE     · signal     · TAO-USD · sqzExp ▼ 68 · 1h
16:04 KSA · PRE     · signal     · THE-USD · orb ▼ 85 · 5m
16:04 KSA · PRE     · signal     · THE-USD · brk ▼ 64 · 15m
16:04 KSA · PRE     · signal     · TRUMP-USD · brk ▼ 80 · 15m
16:04 KSA · PRE     · signal     · EUR-USD · orb ▼ 78 · 5m
16:04 KSA · PRE     · signal     · EUR-USD · brk ▼ 80 · 15m
16:04 KSA · PRE     · signal     · ARB-USD · orb ▼ 65 · 5m
16:04 KSA · PRE     · signal     · HOLO-USD · brk ▼ 77 · 15m
16:04 KSA · PRE     · signal     · HOLO-USD · sqzExp ▼ 68 · 1h
16:04 KSA · PRE     · signal     · HOLO-USD · tfAlign ▼ 85 · 1d
16:04 KSA · PRE     · signal     · BANK-USD · brk ▼ 59 · 15m
16:04 KSA · PRE     · signal     · TON-USD · brk ▼ 61 · 15m
16:04 KSA · PRE     · signal     · PENGU-USD · brk ▼ 61 · 15m
16:04 KSA · PRE     · signal     · PENGU-USD · sqzExp ▼ 75 · 1h
16:04 KSA · PRE     · signal     · ASTER-USD · sqzExp ▼ 95 · 1h
16:04 KSA · PRE     · signal     · APT-USD · sqzExp ▼ 95 · 1h
16:04 KSA · PRE     · signal     · APT-USD · volSpike ▼ 67 · 15m
16:05 KSA · PRE     · scanner    · بدء المسح · 1153 رمزاً · الجلسة PRE
16:05 KSA · PRE     · signal     · NVDA · orb ▲ 100 · 5m · جلسة ممتدة
16:05 KSA · PRE     · signal     · AAPL · brk ▼ 100 · 15m · جلسة ممتدة
16:05 KSA · PRE     · signal     · MU · brk ▲ 100 · 15m · جلسة ممتدة
16:05 KSA · PRE     · signal     · LLY · orb ▲ 73 · 5m · جلسة ممتدة
16:05 KSA · PRE     · signal     · LLY · brk ▲ 100 · 15m · جلسة ممتدة
16:05 KSA · PRE     · signal     · LLY · sqzExp ▲ 100 · 1h · جلسة ممتدة
16:05 KSA · PRE     · signal     · AMD · brk ▲ 100 · 15m · جلسة ممتدة
16:05 KSA · PRE     · signal     · MA · vwapRec ▼ 95 · 5m · جلسة ممتدة
16:05 KSA · PRE     · signal     · COST · orb ▼ 65 · 5m · جلسة ممتدة
16:05 KSA · PRE     · signal     · KO · brk ▼ 100 · 15m · جلسة ممتدة
16:05 KSA · PRE     · signal     · LRCX · orb ▲ 73 · 5m · جلسة ممتدة
16:05 KSA · PRE     · signal     · GE · brk ▲ 100 · 15m · جلسة ممتدة
16:05 KSA · PRE     · signal     · WFC · vwapRec ▲ 57 · 5m · جلسة ممتدة
16:05 KSA · PRE     · signal     · IBM · vwapRec ▼ 80 · 5m · جلسة ممتدة
16:05 KSA · PRE     · signal     · GEV · orb ▲ 73 · 5m · جلسة ممتدة
16:05 KSA · PRE     · signal     · SNDK · orb ▲ 82 · 5m · جلسة ممتدة
16:05 KSA · PRE     · signal     · KLAC · orb ▲ 73 · 5m · جلسة ممتدة
16:05 KSA · PRE     · signal     · LIN · brk ▲ 100 · 15m · جلسة ممتدة
16:05 KSA · PRE     · signal     · MRVL · orb ▲ 86 · 5m · جلسة ممتدة
16:05 KSA · PRE     · signal     · GILD · vwapRec ▼ 85 · 5m · جلسة ممتدة
16:05 KSA · PRE     · signal     · GILD · brk ▼ 100 · 15m · جلسة ممتدة
16:05 KSA · PRE     · signal     · UNP · brk ▲ 63 · 15m · جلسة ممتدة
16:05 KSA · PRE     · signal     · WDC · orb ▲ 100 · 5m · جلسة ممتدة
16:05 KSA · PRE     · signal     · SPGI · vwapRec ▼ 75 · 5m · جلسة ممتدة
16:05 KSA · PRE     · signal     · ACN · orb ▼ 75 · 5m · جلسة ممتدة
16:05 KSA · PRE     · signal     · ACN · vwapRec ▼ 80 · 5m · جلسة ممتدة
16:05 KSA · PRE     · signal     · LOW · brk ▼ 69 · 15m · جلسة ممتدة
16:05 KSA · PRE     · signal     · SYK · vwapRec ▲ 85 · 5m · جلسة ممتدة
16:05 KSA · PRE     · signal     · HOOD · brk ▼ 100 · 15m · جلسة ممتدة
16:05 KSA · PRE     · signal     · BNB-USD · orb ▲ 100 · 5m
16:05 KSA · PRE     · signal     · DDOG · orb ▼ 65 · 5m · جلسة ممتدة
16:05 KSA · PRE     · signal     · FIX · vwapRec ▲ 80 · 5m · جلسة ممتدة
16:05 KSA · PRE     · signal     · COHR · orb ▲ 100 · 5m · جلسة ممتدة
16:05 KSA · PRE     · signal     · TER · orb ▲ 73 · 5m · جلسة ممتدة
16:05 KSA · PRE     · signal     · CIEN · vwapRec ▲ 68 · 5m · جلسة ممتدة
16:05 KSA · PRE     · signal     · RDDT · orb ▼ 78 · 5m · جلسة ممتدة
16:05 KSA · PRE     · signal     · ON · orb ▲ 100 · 5m · جلسة ممتدة
16:05 KSA · PRE     · signal     · LINK-USD · vwapRec ▲ 100 · 5m
16:05 KSA · PRE     · signal     · LINK-USD · brk ▲ 69 · 15m
16:05 KSA · PRE     · signal     · ADA-USD · brk ▲ 100 · 15m
16:05 KSA · PRE     · signal     · XAUT-USD · orb ▲ 100 · 5m
16:05 KSA · PRE     · signal     · PAXG-USD · orb ▲ 100 · 5m
16:05 KSA · PRE     · signal     · U-USD · orb ▲ 80 · 5m
16:05 KSA · PRE     · signal     · TRUMP-USD · meanRev ▼ 55 · 15m
16:05 KSA · PRE     · signal     · ARB-USD · brk ▲ 66 · 15m
16:05 KSA · PRE     · signal     · BANK-USD · vwapRec ▲ 78 · 5m
16:05 KSA · PRE     · signal     · PENGU-USD · vwapRec ▲ 90 · 5m
16:05 KSA · PRE     · signal     · WLFI-USD · vwapRec ▲ 75 · 5m
16:06 KSA · PRE     · scanner    · بدء المسح · 1153 رمزاً · الجلسة PRE
16:06 KSA · PRE     · signal     · APP · vwapRec ▲ 100 · 5m · جلسة ممتدة
16:06 KSA · PRE     · signal     · XLM-USD · brk ▲ 100 · 15m
16:06 KSA · PRE     · signal     · SUI-USD · meanRev ▼ 100 · 15m
16:08 KSA · PRE     · scanner    · بدء المسح · 1153 رمزاً · الجلسة PRE
16:08 KSA · PRE     · signal     · PG · brk ▼ 100 · 15m · جلسة ممتدة
16:08 KSA · PRE     · signal     · GEV · brk ▲ 69 · 15m · جلسة ممتدة
16:08 KSA · PRE     · signal     · SCHW · brk ▲ 69 · 15m · جلسة ممتدة
16:08 KSA · PRE     · signal     · SCHW · meanRev ▼ 100 · 15m · جلسة ممتدة
16:08 KSA · PRE     · signal     · KMB · brk ▼ 100 · 15m · جلسة ممتدة
16:10 KSA · PRE     · scanner    · بدء المسح · 1153 رمزاً · الجلسة PRE
16:10 KSA · PRE     · signal     · HPE · vwapRec ▼ 71 · 5m · جلسة ممتدة
16:10 KSA · PRE     · signal     · U-USD · vwapRec ▲ 57 · 5m
16:10 KSA · PRE     · signal     · EUR-USD · brk ▲ 69 · 15m
16:13 KSA · PRE     · scanner    · بدء المسح · 1153 رمزاً · الجلسة PRE
16:13 KSA · PRE     · signal     · GOOG · orb ▲ 75 · 5m · جلسة ممتدة
16:13 KSA · PRE     · signal     · MSFT · orb ▲ 75 · 5m · جلسة ممتدة
16:13 KSA · PRE     · signal     · TSLA · vwapRec ▲ 73 · 5m · جلسة ممتدة
16:13 KSA · PRE     · signal     · KO · orb ▲ 85 · 5m · جلسة ممتدة
16:13 KSA · PRE     · signal     · LRCX · brk ▼ 89 · 15m · جلسة ممتدة
16:13 KSA · PRE     · signal     · DELL · vwapRec ▼ 68 · 5m · جلسة ممتدة
16:13 KSA · PRE     · signal     · NFLX · orb ▲ 70 · 5m · جلسة ممتدة
16:13 KSA · PRE     · signal     · CRWD · orb ▲ 68 · 5m · جلسة ممتدة
16:13 KSA · PRE     · signal     · TXN · vwapRec ▼ 60 · 5m · جلسة ممتدة
16:13 KSA · PRE     · signal     · IBM · orb ▲ 68 · 5m · جلسة ممتدة
16:13 KSA · PRE     · signal     · CRM · orb ▲ 68 · 5m · جلسة ممتدة
16:13 KSA · PRE     · signal     · GILD · orb ▲ 80 · 5m · جلسة ممتدة
16:13 KSA · PRE     · signal     · UNP · vwapRec ▼ 71 · 5m · جلسة ممتدة
16:13 KSA · PRE     · signal     · NOW · orb ▲ 75 · 5m · جلسة ممتدة
16:13 KSA · PRE     · signal     · ISRG · orb ▲ 75 · 5m · جلسة ممتدة
16:13 KSA · PRE     · signal     · ISRG · vwapRec ▲ 55 · 5m · جلسة ممتدة
16:13 KSA · PRE     · signal     · ISRG · brk ▲ 92 · 15m · جلسة ممتدة
16:13 KSA · PRE     · signal     · FTNT · orb ▲ 88 · 5m · جلسة ممتدة
16:13 KSA · PRE     · signal     · APP · orb ▲ 75 · 5m · جلسة ممتدة
16:13 KSA · PRE     · signal     · ADP · brk ▲ 64 · 15m · جلسة ممتدة
16:13 KSA · PRE     · signal     · ADBE · orb ▲ 57 · 5m · جلسة ممتدة
16:13 KSA · PRE     · signal     · ADBE · brk ▲ 78 · 15m · جلسة ممتدة
16:13 KSA · PRE     · signal     · HOOD · orb ▲ 75 · 5m · جلسة ممتدة
16:13 KSA · PRE     · signal     · INTU · orb ▲ 60 · 5m · جلسة ممتدة
16:13 KSA · PRE     · signal     · COHR · brk ▼ 86 · 15m · جلسة ممتدة
16:13 KSA · PRE     · signal     · TER · brk ▼ 94 · 15m · جلسة ممتدة
16:13 KSA · PRE     · signal     · COIN · orb ▲ 65 · 5m · جلسة ممتدة
16:13 KSA · PRE     · signal     · VST · brk ▼ 81 · 15m · جلسة ممتدة
16:13 KSA · PRE     · signal     · LHX · vwapRec ▼ 85 · 5m · جلسة ممتدة
16:13 KSA · PRE     · signal     · CIEN · brk ▼ 100 · 15m · جلسة ممتدة
16:13 KSA · PRE     · signal     · KMB · vwapRec ▲ 75 · 5m · جلسة ممتدة
16:13 KSA · PRE     · signal     · ON · vwapRec ▼ 75 · 5m · جلسة ممتدة
16:13 KSA · PRE     · signal     · LSK-USD · orb ▼ 55 · 5m
16:13 KSA · PRE     · signal     · LSK-USD · brk ▼ 57 · 15m
16:13 KSA · PRE     · signal     · QQQB-USD · orb ▼ 70 · 5m
16:13 KSA · PRE     · signal     · UNI-USD · brk ▼ 66 · 15m
16:13 KSA · PRE     · signal     · SUI-USD · sqzExp ▼ 68 · 1h
16:13 KSA · PRE     · signal     · U-USD · brk ▼ 59 · 15m
16:13 KSA · PRE     · signal     · TAO-USD · brk ▼ 61 · 15m
16:13 KSA · PRE     · signal     · TAO-USD · sqzExp ▼ 68 · 1h
16:13 KSA · PRE     · signal     · THE-USD · orb ▼ 85 · 5m
16:13 KSA · PRE     · signal     · THE-USD · brk ▼ 64 · 15m
16:13 KSA · PRE     · signal     · TRUMP-USD · brk ▼ 80 · 15m
16:13 KSA · PRE     · signal     · EUR-USD · orb ▼ 70 · 5m
16:13 KSA · PRE     · signal     · ARB-USD · orb ▼ 65 · 5m
16:13 KSA · PRE     · signal     · HOLO-USD · brk ▼ 77 · 15m
16:13 KSA · PRE     · signal     · HOLO-USD · sqzExp ▼ 68 · 1h
16:13 KSA · PRE     · signal     · BANK-USD · brk ▼ 59 · 15m
16:13 KSA · PRE     · signal     · TON-USD · brk ▼ 61 · 15m
16:13 KSA · PRE     · signal     · PENGU-USD · brk ▼ 61 · 15m
16:13 KSA · PRE     · signal     · PENGU-USD · sqzExp ▼ 75 · 1h
16:13 KSA · PRE     · signal     · ASTER-USD · sqzExp ▼ 95 · 1h
16:13 KSA · PRE     · signal     · APT-USD · sqzExp ▼ 95 · 1h
16:14 KSA · PRE     · scanner    · بدء المسح · 1153 رمزاً · الجلسة PRE
16:14 KSA · PRE     · signal     · NVDA · orb ▲ 100 · 5m · جلسة ممتدة
16:14 KSA · PRE     · signal     · AAPL · brk ▼ 100 · 15m · جلسة ممتدة
16:14 KSA · PRE     · signal     · MU · brk ▲ 100 · 15m · جلسة ممتدة
16:14 KSA · PRE     · signal     · LLY · orb ▲ 73 · 5m · جلسة ممتدة
16:14 KSA · PRE     · signal     · LLY · brk ▲ 100 · 15m · جلسة ممتدة
16:14 KSA · PRE     · signal     · AMD · brk ▲ 69 · 15m · جلسة ممتدة
16:14 KSA · PRE     · signal     · MA · vwapRec ▼ 95 · 5m · جلسة ممتدة
16:14 KSA · PRE     · signal     · COST · orb ▼ 65 · 5m · جلسة ممتدة
16:14 KSA · PRE     · signal     · KO · brk ▼ 100 · 15m · جلسة ممتدة
16:14 KSA · PRE     · signal     · LRCX · orb ▲ 73 · 5m · جلسة ممتدة
16:14 KSA · PRE     · signal     · PG · brk ▼ 100 · 15m · جلسة ممتدة
16:14 KSA · PRE     · signal     · IBM · vwapRec ▼ 80 · 5m · جلسة ممتدة
16:14 KSA · PRE     · signal     · GEV · orb ▲ 73 · 5m · جلسة ممتدة
16:14 KSA · PRE     · signal     · KLAC · orb ▲ 86 · 5m · جلسة ممتدة
16:14 KSA · PRE     · signal     · MRVL · orb ▲ 86 · 5m · جلسة ممتدة
16:14 KSA · PRE     · signal     · SCHW · brk ▲ 69 · 15m · جلسة ممتدة
16:14 KSA · PRE     · signal     · GILD · vwapRec ▼ 100 · 5m · جلسة ممتدة
16:14 KSA · PRE     · signal     · GILD · brk ▼ 100 · 15m · جلسة ممتدة
16:14 KSA · PRE     · signal     · UNP · brk ▲ 63 · 15m · جلسة ممتدة
16:14 KSA · PRE     · signal     · WDC · orb ▲ 100 · 5m · جلسة ممتدة
16:14 KSA · PRE     · signal     · SPGI · vwapRec ▼ 75 · 5m · جلسة ممتدة
16:14 KSA · PRE     · signal     · ACN · orb ▼ 60 · 5m · جلسة ممتدة
16:14 KSA · PRE     · signal     · ACN · vwapRec ▼ 65 · 5m · جلسة ممتدة
16:14 KSA · PRE     · signal     · LOW · brk ▼ 69 · 15m · جلسة ممتدة
16:14 KSA · PRE     · signal     · SYK · vwapRec ▲ 85 · 5m · جلسة ممتدة
16:14 KSA · PRE     · signal     · HOOD · brk ▼ 100 · 15m · جلسة ممتدة
16:14 KSA · PRE     · signal     · DDOG · orb ▼ 65 · 5m · جلسة ممتدة
16:14 KSA · PRE     · signal     · LITE · orb ▲ 82 · 5m · جلسة ممتدة
16:14 KSA · PRE     · signal     · NSC · brk ▲ 63 · 15m · جلسة ممتدة
16:14 KSA · PRE     · signal     · FIX · vwapRec ▲ 65 · 5m · جلسة ممتدة
16:14 KSA · PRE     · signal     · COHR · orb ▲ 100 · 5m · جلسة ممتدة
16:14 KSA · PRE     · signal     · TER · orb ▲ 73 · 5m · جلسة ممتدة
16:14 KSA · PRE     · signal     · TER · vwapRec ▲ 55 · 5m · جلسة ممتدة
16:14 KSA · PRE     · signal     · RDDT · orb ▼ 78 · 5m · جلسة ممتدة
16:14 KSA · PRE     · signal     · ON · orb ▲ 100 · 5m · جلسة ممتدة
16:14 KSA · PRE     · signal     · LTC-USD · pbTrend ▲ 57 · 1h
16:14 KSA · PRE     · signal     · U-USD · orb ▲ 65 · 5m
16:14 KSA · PRE     · signal     · EUR-USD · brk ▲ 82 · 15m
16:14 KSA · PRE     · signal     · ARB-USD · brk ▲ 70 · 15m
16:14 KSA · PRE     · signal     · WLFI-USD · vwapRec ▲ 78 · 5m
16:14 KSA · PRE     · signal     · VRSN · brk ▲ 100 · 1d · جلسة ممتدة
16:14 KSA · PRE     · signal     · VRSN · meanRev ▼ 100 · 1d · جلسة ممتدة
16:16 KSA · PRE     · scanner    · بدء المسح · 1153 رمزاً · الجلسة PRE
16:16 KSA · PRE     · signal     · AVAX-USD · meanRev ▼ 100 · 15m
16:16 KSA · PRE     · signal     · TRUMP-USD · brk ▲ 69 · 15m
16:16 KSA · PRE     · signal     · BANK-USD · vwapRec ▼ 71 · 5m
16:18 KSA · PRE     · scanner    · بدء المسح · 1153 رمزاً · الجلسة PRE
16:18 KSA · PRE     · signal     · KO · orb ▼ 100 · 5m · جلسة ممتدة
16:18 KSA · PRE     · signal     · PANW · vwapRec ▲ 100 · 5m · جلسة ممتدة
16:18 KSA · PRE     · signal     · IBM · orb ▼ 82 · 5m · جلسة ممتدة
16:18 KSA · PRE     · signal     · TMO · meanRev ▼ 100 · 15m · جلسة ممتدة
16:18 KSA · PRE     · signal     · QCOM · vwapRec ▼ 100 · 5m · جلسة ممتدة
16:18 KSA · PRE     · signal     · GILD · orb ▲ 100 · 5m · جلسة ممتدة
16:18 KSA · PRE     · signal     · ADBE · vwapRec ▲ 100 · 5m · جلسة ممتدة
16:18 KSA · PRE     · signal     · OP-USD · brk ▲ 69 · 15m
16:18 KSA · PRE     · signal     · U-USD · vwapRec ▲ 57 · 5m
16:20 KSA · PRE     · scanner    · بدء المسح · 1153 رمزاً · الجلسة PRE
16:20 KSA · PRE     · signal     · INTC · vwapRec ▼ 100 · 5m · جلسة ممتدة
16:20 KSA · PRE     · signal     · CRWD · vwapRec ▲ 100 · 5m · جلسة ممتدة
16:20 KSA · PRE     · signal     · SNDK · vwapRec ▼ 100 · 5m · جلسة ممتدة
16:20 KSA · PRE     · signal     · VRTX · vwapRec ▲ 79 · 5m · جلسة ممتدة
16:20 KSA · PRE     · signal     · APP · orb ▲ 86 · 5m · جلسة ممتدة
16:20 KSA · PRE     · signal     · RDDT · brk ▼ 100 · 15m · جلسة ممتدة
16:20 KSA · PRE     · signal     · EUR-USD · orb ▼ 64 · 5m
16:24 KSA · PRE     · scanner    · بدء المسح · 1153 رمزاً · الجلسة PRE
16:24 KSA · PRE     · signal     · GOOG · orb ▲ 60 · 5m · جلسة ممتدة
16:24 KSA · PRE     · signal     · MSFT · orb ▲ 60 · 5m · جلسة ممتدة
16:24 KSA · PRE     · signal     · AMZN · orb ▲ 65 · 5m · جلسة ممتدة
16:24 KSA · PRE     · signal     · LRCX · brk ▼ 89 · 15m · جلسة ممتدة
16:24 KSA · PRE     · signal     · NFLX · orb ▲ 70 · 5m · جلسة ممتدة
16:24 KSA · PRE     · signal     · CRWD · orb ▲ 65 · 5m · جلسة ممتدة
16:24 KSA · PRE     · signal     · CRM · orb ▲ 83 · 5m · جلسة ممتدة
16:24 KSA · PRE     · signal     · VZ · volSpike ▲ 61 · 15m · جلسة ممتدة
16:24 KSA · PRE     · signal     · UNP · vwapRec ▼ 71 · 5m · جلسة ممتدة
16:24 KSA · PRE     · signal     · UBER · volSpike ▲ 78 · 15m · جلسة ممتدة
16:24 KSA · PRE     · signal     · NOW · orb ▲ 75 · 5m · جلسة ممتدة
16:24 KSA · PRE     · signal     · ISRG · orb ▲ 60 · 5m · جلسة ممتدة
16:24 KSA · PRE     · signal     · ISRG · brk ▲ 92 · 15m · جلسة ممتدة
16:24 KSA · PRE     · signal     · FTNT · orb ▲ 88 · 5m · جلسة ممتدة
16:24 KSA · PRE     · signal     · ADBE · orb ▲ 65 · 5m · جلسة ممتدة
16:24 KSA · PRE     · signal     · ADBE · brk ▲ 78 · 15m · جلسة ممتدة
16:24 KSA · PRE     · signal     · HOOD · orb ▲ 68 · 5m · جلسة ممتدة
16:24 KSA · PRE     · signal     · INTU · orb ▲ 60 · 5m · جلسة ممتدة
16:24 KSA · PRE     · signal     · XRP-USD · volSpike ▼ 78 · 15m
16:24 KSA · PRE     · signal     · DVN · orb ▲ 65 · 5m · جلسة ممتدة
16:24 KSA · PRE     · signal     · DVN · vwapRec ▲ 63 · 5m · جلسة ممتدة
16:24 KSA · PRE     · signal     · TER · brk ▼ 94 · 15m · جلسة ممتدة
16:24 KSA · PRE     · signal     · VST · brk ▼ 81 · 15m · جلسة ممتدة
16:24 KSA · PRE     · signal     · LHX · vwapRec ▼ 85 · 5m · جلسة ممتدة
16:24 KSA · PRE     · signal     · ON · vwapRec ▼ 65 · 5m · جلسة ممتدة
16:24 KSA · PRE     · signal     · XLM-USD · volSpike ▼ 67 · 15m
16:24 KSA · PRE     · signal     · LTC-USD · volSpike ▲ 72 · 15m
16:24 KSA · PRE     · signal     · HBAR-USD · momo ▲ 75 · 1h
16:24 KSA · PRE     · signal     · ICP-USD · pbTrend ▲ 57 · 1h
16:24 KSA · PRE     · signal     · LSK-USD · orb ▼ 57 · 5m
16:24 KSA · PRE     · signal     · LSK-USD · brk ▼ 57 · 15m
16:24 KSA · PRE     · signal     · T-USD · brk ▼ 82 · 15m
16:24 KSA · PRE     · signal     · SNDKB-USD · vwapRec ▲ 65 · 5m
16:24 KSA · PRE     · signal     · SNXXB-USD · orb ▲ 65 · 5m
16:24 KSA · PRE     · signal     · UNI-USD · brk ▼ 55 · 15m
16:24 KSA · PRE     · signal     · SUI-USD · sqzExp ▼ 68 · 1h
16:24 KSA · PRE     · signal     · U-USD · brk ▼ 59 · 15m
16:24 KSA · PRE     · signal     · PEPE-USD · volSpike ▲ 67 · 15m
16:24 KSA · PRE     · signal     · TAO-USD · brk ▼ 64 · 15m
16:24 KSA · PRE     · signal     · TAO-USD · sqzExp ▼ 60 · 1h
16:24 KSA · PRE     · signal     · THE-USD · orb ▼ 70 · 5m
16:24 KSA · PRE     · signal     · THE-USD · brk ▼ 68 · 15m
16:24 KSA · PRE     · signal     · TRUMP-USD · sqzExp ▼ 57 · 1h
16:24 KSA · PRE     · signal     · EUR-USD · brk ▼ 55 · 15m
16:24 KSA · PRE     · signal     · ARB-USD · orb ▼ 65 · 5m
16:24 KSA · PRE     · signal     · HOLO-USD · brk ▼ 80 · 15m
16:24 KSA · PRE     · signal     · HOLO-USD · sqzExp ▼ 70 · 1h
16:24 KSA · PRE     · signal     · BANK-USD · brk ▼ 61 · 15m
16:24 KSA · PRE     · signal     · TON-USD · brk ▼ 61 · 15m
16:24 KSA · PRE     · signal     · SENT-USD · brk ▼ 55 · 15m
16:24 KSA · PRE     · signal     · PENGU-USD · brk ▼ 55 · 15m
16:24 KSA · PRE     · signal     · PENGU-USD · sqzExp ▼ 65 · 1h
16:24 KSA · PRE     · signal     · ASTER-USD · pbTrend ▲ 55 · 1h
16:24 KSA · PRE     · signal     · ASTER-USD · sqzExp ▼ 68 · 1h
16:24 KSA · PRE     · signal     · APT-USD · sqzExp ▼ 100 · 1h
16:25 KSA · PRE     · scanner    · بدء المسح · 1153 رمزاً · الجلسة PRE
16:25 KSA · PRE     · signal     · NVDA · orb ▲ 100 · 5m · جلسة ممتدة
16:25 KSA · PRE     · signal     · AAPL · brk ▼ 100 · 15m · جلسة ممتدة
16:25 KSA · PRE     · signal     · MU · brk ▲ 69 · 15m · جلسة ممتدة
16:25 KSA · PRE     · signal     · LLY · orb ▲ 73 · 5m · جلسة ممتدة
16:25 KSA · PRE     · signal     · LLY · brk ▲ 100 · 15m · جلسة ممتدة
16:25 KSA · PRE     · signal     · LLY · sqzExp ▲ 100 · 1h · جلسة ممتدة
16:25 KSA · PRE     · signal     · MA · vwapRec ▼ 95 · 5m · جلسة ممتدة
16:25 KSA · PRE     · signal     · KO · orb ▼ 90 · 5m · جلسة ممتدة
16:25 KSA · PRE     · signal     · KO · brk ▼ 100 · 15m · جلسة ممتدة
16:25 KSA · PRE     · signal     · LRCX · orb ▲ 73 · 5m · جلسة ممتدة
16:25 KSA · PRE     · signal     · NFLX · meanRev ▲ 67 · 15m · جلسة ممتدة
16:25 KSA · PRE     · signal     · GEV · orb ▲ 73 · 5m · جلسة ممتدة
16:25 KSA · PRE     · signal     · AMGN · brk ▲ 69 · 15m · جلسة ممتدة
16:25 KSA · PRE     · signal     · MRVL · orb ▲ 100 · 5m · جلسة ممتدة
16:25 KSA · PRE     · signal     · SCHW · brk ▲ 69 · 15m · جلسة ممتدة
16:25 KSA · PRE     · signal     · GILD · brk ▼ 100 · 15m · جلسة ممتدة
16:25 KSA · PRE     · signal     · UNP · brk ▲ 63 · 15m · جلسة ممتدة
16:25 KSA · PRE     · signal     · NOW · meanRev ▲ 100 · 15m · جلسة ممتدة
16:25 KSA · PRE     · signal     · SPGI · vwapRec ▼ 75 · 5m · جلسة ممتدة
16:25 KSA · PRE     · signal     · ACN · orb ▼ 60 · 5m · جلسة ممتدة
16:25 KSA · PRE     · signal     · ACN · vwapRec ▼ 65 · 5m · جلسة ممتدة
16:25 KSA · PRE     · signal     · LOW · pbTrend ▼ 79 · 1h · جلسة ممتدة
16:25 KSA · PRE     · signal     · HOOD · brk ▼ 81 · 15m · جلسة ممتدة
16:25 KSA · PRE     · signal     · XRP-USD · orb ▲ 100 · 5m
16:25 KSA · PRE     · signal     · DDOG · orb ▼ 65 · 5m · جلسة ممتدة
16:25 KSA · PRE     · signal     · NSC · vwapRec ▲ 82 · 5m · جلسة ممتدة
16:25 KSA · PRE     · signal     · NSC · brk ▲ 63 · 15m · جلسة ممتدة
16:25 KSA · PRE     · signal     · FIX · vwapRec ▲ 73 · 5m · جلسة ممتدة
16:25 KSA · PRE     · signal     · COIN · brk ▼ 69 · 15m · جلسة ممتدة
16:25 KSA · PRE     · signal     · RDDT · orb ▼ 61 · 5m · جلسة ممتدة
16:25 KSA · PRE     · signal     · RDDT · brk ▼ 69 · 15m · جلسة ممتدة
16:25 KSA · PRE     · signal     · ON · orb ▲ 86 · 5m · جلسة ممتدة
16:25 KSA · PRE     · signal     · MARSCOIN-USD · brk ▲ 69 · 15m
16:25 KSA · PRE     · signal     · THE-USD · vwapRec ▲ 85 · 5m
16:25 KSA · PRE     · signal     · TRUMP-USD · brk ▲ 86 · 15m
16:25 KSA · PRE     · signal     · ARB-USD · brk ▲ 64 · 15m
16:25 KSA · PRE     · signal     · CTK-USD · brk ▲ 100 · 1d
16:26 KSA · PRE     · scanner    · بدء المسح · 1153 رمزاً · الجلسة PRE
16:26 KSA · PRE     · signal     · NVDA · brk ▲ 69 · 15m · جلسة ممتدة
16:26 KSA · PRE     · signal     · COST · orb ▲ 65 · 5m · جلسة ممتدة
16:26 KSA · PRE     · signal     · KLAC · orb ▲ 100 · 5m · جلسة ممتدة
16:26 KSA · PRE     · signal     · DVN · meanRev ▲ 100 · 15m · جلسة ممتدة
16:26 KSA · PRE     · signal     · NXPC-USD · meanRev ▼ 100 · 1d
16:28 KSA · PRE     · scanner    · بدء المسح · 1153 رمزاً · الجلسة PRE
16:28 KSA · PRE     · signal     · AMZN · meanRev ▲ 100 · 15m · جلسة ممتدة
16:28 KSA · PRE     · signal     · AMD · brk ▲ 100 · 15m · جلسة ممتدة
16:28 KSA · PRE     · signal     · CVX · vwapRec ▲ 73 · 5m · جلسة ممتدة
16:28 KSA · PRE     · signal     · AMAT · vwapRec ▼ 100 · 5m · جلسة ممتدة
16:28 KSA · PRE     · signal     · GS · vwapRec ▼ 100 · 5m · جلسة ممتدة
16:28 KSA · PRE     · signal     · LIN · orb ▼ 57 · 5m · جلسة ممتدة
16:28 KSA · PRE     · signal     · LIN · vwapRec ▼ 60 · 5m · جلسة ممتدة
16:28 KSA · PRE     · signal     · STX · orb ▼ 73 · 5m · جلسة ممتدة
16:28 KSA · PRE     · signal     · STX · meanRev ▲ 100 · 15m · جلسة ممتدة
16:28 KSA · PRE     · signal     · UNP · pbTrend ▲ 57 · 1h · جلسة ممتدة
16:28 KSA · PRE     · signal     · BKNG · orb ▼ 73 · 5m · جلسة ممتدة
16:28 KSA · PRE     · signal     · BKNG · brk ▼ 81 · 15m · جلسة ممتدة
16:28 KSA · PRE     · signal     · VRTX · brk ▼ 100 · 15m · جلسة ممتدة
16:28 KSA · PRE     · signal     · INTU · orb ▲ 75 · 5m · جلسة ممتدة
16:28 KSA · PRE     · signal     · NKE · brk ▼ 100 · 15m · جلسة ممتدة
16:28 KSA · PRE     · signal     · COHR · orb ▲ 64 · 5m · جلسة ممتدة
16:28 KSA · PRE     · signal     · COIN · vwapRec ▼ 100 · 5m · جلسة ممتدة
16:28 KSA · PRE     · signal     · ON · pbTrend ▼ 57 · 1h · جلسة ممتدة
16:28 KSA · PRE     · signal     · SPCXB-USD · vwapRec ▼ 100 · 5m
16:28 KSA · PRE     · signal     · U-USD · orb ▲ 100 · 5m
16:28 KSA · PRE     · signal     · U-USD · vwapRec ▲ 57 · 5m
16:28 KSA · PRE     · signal     · CHRW · meanRev ▼ 100 · 1d · جلسة ممتدة
16:31 KSA · REGULAR · scanner    · بدء المسح · 1153 رمزاً · الجلسة REGULAR
16:31 KSA · REGULAR · signal     · WMT · brk ▼ 69 · 15m
16:31 KSA · REGULAR · signal     · ABBV · brk ▼ 100 · 15m
16:31 KSA · REGULAR · signal     · MRK · brk ▼ 81 · 15m
16:31 KSA · REGULAR · signal     · UNH · meanRev ▲ 100 · 15m
16:31 KSA · REGULAR · signal     · LRCX · brk ▼ 100 · 15m
16:31 KSA · REGULAR · signal     · PG · brk ▼ 81 · 15m
16:31 KSA · REGULAR · signal     · NFLX · brk ▼ 100 · 15m
16:31 KSA · REGULAR · signal     · HD · brk ▼ 100 · 15m
16:31 KSA · REGULAR · signal     · PM · brk ▼ 100 · 15m
16:31 KSA · REGULAR · signal     · ANET · brk ▲ 100 · 15m
16:31 KSA · REGULAR · signal     · ANET · meanRev ▼ 100 · 15m
16:31 KSA · REGULAR · signal     · AMGN · pbTrend ▲ 57 · 1h
16:31 KSA · REGULAR · signal     · QCOM · brk ▲ 81 · 15m
16:31 KSA · REGULAR · signal     · MCD · brk ▼ 100 · 15m
16:31 KSA · REGULAR · signal     · MCD · meanRev ▲ 67 · 15m
16:31 KSA · REGULAR · signal     · ABT · brk ▼ 81 · 15m
16:31 KSA · REGULAR · signal     · ABT · meanRev ▲ 67 · 15m
16:31 KSA · REGULAR · signal     · WDC · meanRev ▲ 100 · 15m
16:31 KSA · REGULAR · signal     · MPC · meanRev ▼ 100 · 15m
16:31 KSA · REGULAR · signal     · LOW · brk ▼ 100 · 15m
16:31 KSA · REGULAR · signal     · SYK · brk ▼ 81 · 15m
16:31 KSA · REGULAR · signal     · SYK · meanRev ▲ 100 · 15m
16:31 KSA · REGULAR · signal     · PSX · meanRev ▼ 100 · 15m
16:31 KSA · REGULAR · signal     · HWM · brk ▲ 100 · 15m
16:31 KSA · REGULAR · signal     · NKE · volSpike ▼ 67 · 15m
16:31 KSA · REGULAR · signal     · HPQ · pbTrend ▲ 100 · 1h
16:31 KSA · REGULAR · signal     · NEAR-USD · pbTrend ▲ 57 · 1h
16:31 KSA · REGULAR · signal     · SPCXB-USD · brk ▼ 81 · 15m
16:31 KSA · REGULAR · signal     · BNY · brk ▼ 69 · 1d
16:31 KSA · REGULAR · signal     · D · brk ▼ 69 · 1d
16:31 KSA · REGULAR · signal     · O · sqzExp ▼ 100 · 1d
16:31 KSA · REGULAR · signal     · VTR · meanRev ▲ 100 · 1d
16:31 KSA · REGULAR · signal     · EXC · meanRev ▲ 100 · 1d
16:31 KSA · REGULAR · signal     · NTRS · brk ▼ 69 · 1d
16:31 KSA · REGULAR · signal     · PPL · brk ▼ 69 · 1d
16:31 KSA · REGULAR · signal     · PPL · meanRev ▲ 100 · 1d
16:31 KSA · REGULAR · signal     · IP · brk ▼ 69 · 1d
16:31 KSA · REGULAR · signal     · UDR · brk ▼ 69 · 1d
16:31 KSA · REGULAR · signal     · QCOMB-USD · meanRev ▼ 100 · 1d
16:31 KSA · REGULAR · signal     · WDCB-USD · meanRev ▲ 100 · 1d
16:35 KSA · REGULAR · scanner    · بدء المسح · 1153 رمزاً · الجلسة REGULAR
16:35 KSA · REGULAR · signal     · NVDA · volSpike ▼ 72 · 15m
16:35 KSA · REGULAR · signal     · GOOGL · volSpike ▲ 78 · 15m
16:35 KSA · REGULAR · signal     · GOOG · volSpike ▲ 78 · 15m
16:35 KSA · REGULAR · signal     · TSLA · brk ▼ 84 · 15m
16:35 KSA · REGULAR · signal     · TSLA · sqzExp ▼ 88 · 1h
16:35 KSA · REGULAR · signal     · MU · volSpike ▼ 56 · 15m
16:35 KSA · REGULAR · signal     · LLY · volSpike ▼ 61 · 15m
16:35 KSA · REGULAR · signal     · AMD · volSpike ▼ 67 · 15m
16:35 KSA · REGULAR · signal     · V · volSpike ▲ 78 · 15m
16:35 KSA · REGULAR · signal     · XOM · tfAlign ▲ 80 · 1d
16:35 KSA · REGULAR · signal     · INTC · brk ▲ 80 · 15m
16:35 KSA · REGULAR · signal     · INTC · volSpike ▼ 56 · 15m
16:35 KSA · REGULAR · signal     · CSCO · volSpike ▼ 67 · 15m
16:35 KSA · REGULAR · signal     · ORCL · volSpike ▲ 89 · 15m
16:35 KSA · REGULAR · signal     · COST · brk ▼ 86 · 15m
16:35 KSA · REGULAR · signal     · KO · volSpike ▲ 67 · 15m
16:35 KSA · REGULAR · signal     · MRK · volSpike ▲ 72 · 15m
16:35 KSA · REGULAR · signal     · LRCX · volSpike ▼ 72 · 15m
16:35 KSA · REGULAR · signal     · UNH · brk ▼ 93 · 15m
16:35 KSA · REGULAR · signal     · AMAT · volSpike ▼ 56 · 15m
16:35 KSA · REGULAR · signal     · PG · volSpike ▲ 67 · 15m
16:35 KSA · REGULAR · signal     · WFC · brk ▲ 93 · 15m
16:35 KSA · REGULAR · signal     · TXN · brk ▲ 68 · 15m
16:35 KSA · REGULAR · signal     · TXN · meanRev ▼ 55 · 15m
16:35 KSA · REGULAR · signal     · ANET · volSpike ▼ 67 · 15m
16:35 KSA · REGULAR · signal     · TMO · sqzExp ▲ 85 · 1h
16:35 KSA · REGULAR · signal     · LIN · volSpike ▲ 67 · 15m
16:35 KSA · REGULAR · signal     · MRVL · brk ▲ 73 · 15m
16:35 KSA · REGULAR · signal     · MRVL · volSpike ▼ 67 · 15m
16:35 KSA · REGULAR · signal     · QCOM · volSpike ▼ 67 · 15m
16:35 KSA · REGULAR · signal     · DIS · brk ▼ 86 · 15m
16:35 KSA · REGULAR · signal     · STX · volSpike ▼ 78 · 15m
16:35 KSA · REGULAR · signal     · GILD · brk ▼ 80 · 15m
16:35 KSA · REGULAR · signal     · PFE · volSpike ▲ 61 · 15m
16:35 KSA · REGULAR · signal     · ETN · volSpike ▼ 67 · 15m
16:35 KSA · REGULAR · signal     · TJX · meanRev ▼ 57 · 15m
16:35 KSA · REGULAR · signal     · ISRG · volSpike ▼ 89 · 15m
16:35 KSA · REGULAR · signal     · NEM · brk ▲ 86 · 15m
16:35 KSA · REGULAR · signal     · BKNG · tfAlign ▼ 90 · 1d
16:35 KSA · REGULAR · signal     · LMT · volSpike ▼ 78 · 15m
16:35 KSA · REGULAR · signal     · SPGI · brk ▼ 80 · 15m
16:35 KSA · REGULAR · signal     · MPC · tfAlign ▲ 93 · 1d
16:35 KSA · REGULAR · signal     · LOW · tfAlign ▼ 80 · 1d
16:35 KSA · REGULAR · signal     · ADP · volSpike ▼ 78 · 15m
16:35 KSA · REGULAR · signal     · ADBE · volSpike ▲ 56 · 15m
16:35 KSA · REGULAR · signal     · CEG · volSpike ▼ 67 · 15m
16:35 KSA · REGULAR · signal     · HWM · volSpike ▼ 78 · 15m
16:35 KSA · REGULAR · signal     · CMCSA · volSpike ▲ 56 · 15m
16:35 KSA · REGULAR · signal     · CDNS · sqzExp ▼ 100 · 1h
16:35 KSA · REGULAR · signal     · NSC · volSpike ▼ 72 · 15m
16:35 KSA · REGULAR · signal     · BSX · volSpike ▲ 67 · 15m
16:35 KSA · REGULAR · signal     · HON · volSpike ▲ 78 · 15m
16:35 KSA · REGULAR · signal     · NKE · tfAlign ▼ 93 · 1d
16:35 KSA · REGULAR · signal     · COHR · volSpike ▼ 56 · 15m
16:35 KSA · REGULAR · signal     · TER · volSpike ▼ 56 · 15m
16:35 KSA · REGULAR · signal     · HPQ · momo ▼ 64 · 1h
16:35 KSA · REGULAR · signal     · ON · rsiDiv ▲ 69 · 1d
16:35 KSA · REGULAR · signal     · ON · volSpike ▼ 67 · 15m
16:35 KSA · REGULAR · signal     · BCH-USD · volSpike ▲ 67 · 15m
16:35 KSA · REGULAR · signal     · AVAX-USD · orb ▼ 65 · 5m
16:35 KSA · REGULAR · signal     · AAVE-USD · orb ▼ 65 · 5m
16:35 KSA · REGULAR · signal     · LSK-USD · brk ▼ 64 · 15m
16:35 KSA · REGULAR · signal     · SPCXB-USD · orb ▲ 80 · 5m
16:35 KSA · REGULAR · signal     · SOXLB-USD · volSpike ▲ 56 · 15m
16:35 KSA · REGULAR · signal     · SNXXB-USD · volSpike ▲ 78 · 15m
16:35 KSA · REGULAR · signal     · UNI-USD · brk ▼ 55 · 15m
16:35 KSA · REGULAR · signal     · SUI-USD · sqzExp ▼ 68 · 1h
16:35 KSA · REGULAR · signal     · SUI-USD · tfAlign ▼ 60 · 1d
16:35 KSA · REGULAR · signal     · PEPE-USD · orb ▲ 55 · 5m
16:35 KSA · REGULAR · signal     · TAO-USD · brk ▼ 55 · 15m
16:35 KSA · REGULAR · signal     · TAO-USD · sqzExp ▼ 60 · 1h
16:35 KSA · REGULAR · signal     · THE-USD · orb ▼ 85 · 5m
16:35 KSA · REGULAR · signal     · THE-USD · brk ▼ 55 · 15m
16:35 KSA · REGULAR · signal     · TRUMP-USD · sqzExp ▼ 57 · 1h
16:35 KSA · REGULAR · signal     · EUR-USD · brk ▼ 86 · 15m
16:35 KSA · REGULAR · signal     · EUR-USD · volSpike ▼ 78 · 15m
16:35 KSA · REGULAR · signal     · EUR-USD · tfAlign ▼ 78 · 1d
16:35 KSA · REGULAR · signal     · ARB-USD · orb ▼ 57 · 5m
16:35 KSA · REGULAR · signal     · HOLO-USD · brk ▼ 61 · 15m
16:35 KSA · REGULAR · signal     · HOLO-USD · sqzExp ▼ 70 · 1h
16:35 KSA · REGULAR · signal     · BANK-USD · brk ▼ 55 · 15m
16:35 KSA · REGULAR · signal     · TON-USD · brk ▼ 61 · 15m
16:35 KSA · REGULAR · signal     · SENT-USD · brk ▼ 59 · 15m
16:35 KSA · REGULAR · signal     · PENGU-USD · sqzExp ▼ 65 · 1h
16:35 KSA · REGULAR · signal     · PENGU-USD · tfAlign ▼ 85 · 1d
16:35 KSA · REGULAR · signal     · ASTER-USD · pbTrend ▲ 55 · 1h
16:35 KSA · REGULAR · signal     · ASTER-USD · sqzExp ▼ 68 · 1h
16:35 KSA · REGULAR · signal     · APT-USD · sqzExp ▼ 100 · 1h
16:38 KSA · REGULAR · scanner    · بدء المسح · 1153 رمزاً · الجلسة REGULAR
16:38 KSA · REGULAR · signal     · MSFT · vwapRec ▲ 60 · 5m
16:38 KSA · REGULAR · signal     · BTC-USD · brk ▼ 64 · 15m
16:38 KSA · REGULAR · signal     · TSLA · vwapRec ▲ 57 · 5m
16:38 KSA · REGULAR · signal     · BRK-B · vwapRec ▲ 60 · 5m
16:38 KSA · REGULAR · signal     · MU · vwapRec ▼ 75 · 5m
16:38 KSA · REGULAR · signal     · JPM · vwapRec ▼ 57 · 5m
16:38 KSA · REGULAR · signal     · MA · vwapRec ▲ 73 · 5m
16:38 KSA · REGULAR · signal     · PLTR · vwapRec ▲ 65 · 5m
16:38 KSA · REGULAR · signal     · DELL · brk ▲ 73 · 15m
16:38 KSA · REGULAR · signal     · DELL · meanRev ▼ 63 · 15m
16:38 KSA · REGULAR · signal     · GE · vwapRec ▼ 63 · 5m
16:38 KSA · REGULAR · signal     · WFC · sqzExp ▲ 65 · 1h
16:38 KSA · REGULAR · signal     · TXN · vwapRec ▼ 60 · 5m
16:38 KSA · REGULAR · signal     · IBM · vwapRec ▲ 55 · 5m
16:38 KSA · REGULAR · signal     · LIN · brk ▼ 86 · 15m
16:38 KSA · REGULAR · signal     · MRVL · vwapRec ▼ 83 · 5m
16:38 KSA · REGULAR · signal     · QCOM · vwapRec ▲ 60 · 5m
16:38 KSA · REGULAR · signal     · TMUS · brk ▼ 73 · 15m
16:38 KSA · REGULAR · signal     · SCHW · vwapRec ▼ 60 · 5m
16:38 KSA · REGULAR · signal     · PEP · vwapRec ▼ 60 · 5m
16:38 KSA · REGULAR · signal     · STX · brk ▼ 100 · 15m
16:38 KSA · REGULAR · signal     · NEE · brk ▼ 89 · 15m
16:38 KSA · REGULAR · signal     · NEE · sqzExp ▼ 75 · 1h
16:38 KSA · REGULAR · signal     · UNP · vwapRec ▼ 55 · 5m
16:38 KSA · REGULAR · signal     · DHR · brk ▲ 86 · 15m
16:38 KSA · REGULAR · signal     · DHR · meanRev ▼ 75 · 15m
16:38 KSA · REGULAR · signal     · TJX · brk ▼ 82 · 15m
16:38 KSA · REGULAR · signal     · CB · vwapRec ▲ 63 · 5m
16:38 KSA · REGULAR · signal     · VRTX · vwapRec ▲ 65 · 5m
16:38 KSA · REGULAR · signal     · NEM · vwapRec ▼ 65 · 5m
16:38 KSA · REGULAR · signal     · GLW · vwapRec ▼ 60 · 5m
16:38 KSA · REGULAR · signal     · ADP · vwapRec ▲ 70 · 5m
16:38 KSA · REGULAR · signal     · KKR · brk ▲ 82 · 15m
16:38 KSA · REGULAR · signal     · XRP-USD · vwapRec ▲ 100 · 5m
16:38 KSA · REGULAR · signal     · MDLZ · vwapRec ▲ 63 · 5m
16:38 KSA · REGULAR · signal     · SHW · brk ▼ 82 · 15m
16:38 KSA · REGULAR · signal     · HPE · brk ▲ 68 · 15m
16:38 KSA · REGULAR · signal     · SNPS · vwapRec ▼ 57 · 5m
16:38 KSA · REGULAR · signal     · AON · vwapRec ▼ 63 · 5m
16:38 KSA · REGULAR · signal     · BSX · vwapRec ▲ 60 · 5m
16:38 KSA · REGULAR · signal     · HON · vwapRec ▼ 60 · 5m
16:38 KSA · REGULAR · signal     · MRNA · meanRev ▲ 65 · 15m
16:38 KSA · REGULAR · signal     · NKE · vwapRec ▼ 68 · 5m
16:38 KSA · REGULAR · signal     · COHR · vwapRec ▼ 65 · 5m
16:38 KSA · REGULAR · signal     · VST · vwapRec ▼ 78 · 5m
16:38 KSA · REGULAR · signal     · CIEN · vwapRec ▼ 68 · 5m
16:38 KSA · REGULAR · signal     · KMB · vwapRec ▼ 75 · 5m
16:38 KSA · REGULAR · signal     · HPQ · vwapRec ▲ 75 · 5m
16:38 KSA · REGULAR · signal     · AVAX-USD · vwapRec ▲ 75 · 5m
16:38 KSA · REGULAR · signal     · AAVE-USD · vwapRec ▼ 68 · 5m
16:38 KSA · REGULAR · signal     · ENA-USD · vwapRec ▼ 80 · 5m
16:38 KSA · REGULAR · signal     · RAY-USD · brk ▼ 59 · 15m
16:38 KSA · REGULAR · signal     · SPCXB-USD · brk ▼ 89 · 15m
16:38 KSA · REGULAR · signal     · APT-USD · tfAlign ▼ 75 · 1d
16:40 KSA · REGULAR · scanner    · بدء المسح · 1153 رمزاً · الجلسة REGULAR
16:40 KSA · REGULAR · signal     · NVDA · vwapRec ▼ 57 · 5m
16:40 KSA · REGULAR · signal     · META · brk ▲ 100 · 15m
16:40 KSA · REGULAR · signal     · META · meanRev ▼ 100 · 15m
16:40 KSA · REGULAR · signal     · META · sqzExp ▲ 100 · 1h
16:40 KSA · REGULAR · signal     · BTC-USD · sqzExp ▼ 100 · 1h
16:40 KSA · REGULAR · signal     · XOM · meanRev ▼ 100 · 15m
16:40 KSA · REGULAR · signal     · BAC · vwapRec ▼ 57 · 5m
16:40 KSA · REGULAR · signal     · LRCX · sqzExp ▼ 100 · 1h
16:40 KSA · REGULAR · signal     · AMAT · brk ▼ 69 · 15m
16:40 KSA · REGULAR · signal     · MS · brk ▼ 100 · 15m
16:40 KSA · REGULAR · signal     · MS · meanRev ▲ 100 · 15m
16:40 KSA · REGULAR · signal     · MS · sqzExp ▼ 100 · 1h
16:40 KSA · REGULAR · signal     · GS · brk ▼ 100 · 15m
16:40 KSA · REGULAR · signal     · GS · meanRev ▲ 100 · 15m
16:40 KSA · REGULAR · signal     · GS · sqzExp ▼ 100 · 1h
16:40 KSA · REGULAR · signal     · APH · meanRev ▲ 100 · 15m
16:40 KSA · REGULAR · signal     · APH · sqzExp ▼ 100 · 1h
16:40 KSA · REGULAR · signal     · ABT · vwapRec ▼ 57 · 5m
16:40 KSA · REGULAR · signal     · WDC · brk ▼ 100 · 15m
16:40 KSA · REGULAR · signal     · UBER · vwapRec ▲ 57 · 5m
16:40 KSA · REGULAR · signal     · VRTX · brk ▼ 100 · 15m
16:40 KSA · REGULAR · signal     · PGR · vwapRec ▲ 57 · 5m
16:40 KSA · REGULAR · signal     · HOOD · vwapRec ▼ 57 · 5m
16:40 KSA · REGULAR · signal     · KKR · vwapRec ▼ 57 · 5m
16:40 KSA · REGULAR · signal     · CEG · brk ▼ 100 · 15m
16:40 KSA · REGULAR · signal     · CEG · meanRev ▲ 100 · 15m
16:40 KSA · REGULAR · signal     · ON · brk ▼ 69 · 15m
16:40 KSA · REGULAR · signal     · SMCI · vwapRec ▲ 57 · 5m
16:40 KSA · REGULAR · signal     · BCH-USD · vwapRec ▼ 75 · 5m
16:40 KSA · REGULAR · signal     · CAKE-USD · pbTrend ▲ 57 · 1h
16:40 KSA · REGULAR · signal     · ETHFI-USD · meanRev ▲ 100 · 15m
16:40 KSA · REGULAR · signal     · INJ-USD · brk ▼ 100 · 15m
16:40 KSA · REGULAR · signal     · INJ-USD · meanRev ▲ 100 · 15m
16:40 KSA · REGULAR · signal     · INJ-USD · sqzExp ▼ 100 · 1h
16:40 KSA · REGULAR · signal     · WELL · meanRev ▲ 100 · 1d
16:40 KSA · REGULAR · signal     · PLD · meanRev ▲ 100 · 1d
16:40 KSA · REGULAR · signal     · EQIX · sqzExp ▼ 100 · 1d
16:40 KSA · REGULAR · signal     · SPG · brk ▼ 69 · 1d
16:40 KSA · REGULAR · signal     · CL · brk ▼ 69 · 1d
16:40 KSA · REGULAR · signal     · OXY · brk ▲ 100 · 1d
16:40 KSA · REGULAR · signal     · OXY · meanRev ▼ 100 · 1d
16:40 KSA · REGULAR · signal     · GWW · brk ▼ 69 · 1d
16:40 KSA · REGULAR · signal     · GWW · meanRev ▲ 100 · 1d
16:40 KSA · REGULAR · signal     · CAH · sqzExp ▼ 100 · 1d
16:40 KSA · REGULAR · signal     · STT · meanRev ▲ 100 · 1d
16:40 KSA · REGULAR · signal     · WEC · brk ▼ 69 · 1d
16:40 KSA · REGULAR · signal     · IRM · brk ▼ 69 · 1d
16:40 KSA · REGULAR · signal     · KHC · brk ▼ 69 · 1d
16:40 KSA · REGULAR · signal     · FE · meanRev ▲ 100 · 1d
16:40 KSA · REGULAR · signal     · CNP · brk ▼ 69 · 1d
16:40 KSA · REGULAR · signal     · CNP · meanRev ▲ 100 · 1d
16:40 KSA · REGULAR · signal     · WST · meanRev ▼ 100 · 1d
16:40 KSA · REGULAR · signal     · WST · sqzExp ▲ 100 · 1d
16:40 KSA · REGULAR · signal     · DLTR · brk ▼ 69 · 1d
16:40 KSA · REGULAR · signal     · DLTR · meanRev ▲ 100 · 1d
16:40 KSA · REGULAR · signal     · STE · brk ▼ 100 · 1d
16:40 KSA · REGULAR · signal     · STE · meanRev ▲ 100 · 1d
16:40 KSA · REGULAR · signal     · TSCO · brk ▼ 69 · 1d
16:40 KSA · REGULAR · signal     · TSCO · meanRev ▲ 100 · 1d
16:40 KSA · REGULAR · signal     · APA · brk ▲ 69 · 1d
16:40 KSA · REGULAR · signal     · APA · meanRev ▼ 100 · 1d
16:40 KSA · REGULAR · signal     · KIM · sqzExp ▼ 100 · 1d
16:40 KSA · REGULAR · signal     · DOC · brk ▼ 69 · 1d
16:40 KSA · REGULAR · signal     · MAS · brk ▼ 69 · 1d
16:40 KSA · REGULAR · signal     · GNRC · brk ▼ 69 · 1d
16:40 KSA · REGULAR · signal     · VIRTUAL-USD · brk ▼ 69 · 1d
16:40 KSA · REGULAR · signal     · CVX-USD · meanRev ▲ 100 · 1d
16:40 KSA · REGULAR · signal     · ALABB-USD · brk ▼ 69 · 1d
16:40 KSA · REGULAR · signal     · MORPHO-USD · meanRev ▲ 100 · 1d
16:40 KSA · REGULAR · signal     · METAB-USD · brk ▲ 69 · 1d
16:40 KSA · REGULAR · signal     · METAB-USD · sqzExp ▲ 100 · 1d
16:40 KSA · REGULAR · signal     · KAT-USD · brk ▼ 69 · 1d
16:40 KSA · REGULAR · signal     · CYBER-USD · meanRev ▲ 100 · 1d
16:45 KSA · REGULAR · scanner    · بدء المسح · 1153 رمزاً · الجلسة REGULAR
16:45 KSA · REGULAR · signal     · META · vwapRec ▲ 60 · 5m
16:45 KSA · REGULAR · signal     · NFLX · vwapRec ▼ 57 · 5m
16:45 KSA · REGULAR · signal     · PM · vwapRec ▲ 100 · 5m
16:45 KSA · REGULAR · signal     · RTX · vwapRec ▼ 80 · 5m
16:45 KSA · REGULAR · signal     · AMGN · brk ▼ 82 · 15m
16:45 KSA · REGULAR · signal     · DE · brk ▲ 89 · 15m
16:45 KSA · REGULAR · signal     · BLK · vwapRec ▼ 80 · 5m
16:45 KSA · REGULAR · signal     · APP · vwapRec ▲ 95 · 5m
16:45 KSA · REGULAR · signal     · KKR · meanRev ▼ 80 · 15m
16:45 KSA · REGULAR · signal     · HWM · vwapRec ▼ 68 · 5m
16:45 KSA · REGULAR · signal     · DDOG · vwapRec ▲ 60 · 5m
16:45 KSA · REGULAR · signal     · SHW · vwapRec ▲ 68 · 5m
16:45 KSA · REGULAR · signal     · NSC · vwapRec ▼ 73 · 5m
16:45 KSA · REGULAR · signal     · KVUE · vwapRec ▼ 68 · 5m
16:45 KSA · REGULAR · signal     · ON · vwapRec ▼ 75 · 5m
16:45 KSA · REGULAR · signal     · ZEC-USD · volSpike ▲ 100 · 15m
16:45 KSA · REGULAR · signal     · AVAX-USD · volSpike ▼ 78 · 15m
16:45 KSA · REGULAR · signal     · LSK-USD · brk ▼ 64 · 15m
16:45 KSA · REGULAR · signal     · MSTRB-USD · volSpike ▼ 100 · 15m
16:45 KSA · REGULAR · signal     · CVC-USD · sqzExp ▼ 55 · 1h
16:45 KSA · REGULAR · signal     · SNXXB-USD · volSpike ▼ 100 · 15m
16:45 KSA · REGULAR · signal     · UNI-USD · orb ▼ 65 · 5m
16:45 KSA · REGULAR · signal     · UNI-USD · brk ▼ 66 · 15m
16:45 KSA · REGULAR · signal     · SUI-USD · sqzExp ▼ 68 · 1h
16:45 KSA · REGULAR · signal     · U-USD · orb ▼ 65 · 5m
16:45 KSA · REGULAR · signal     · U-USD · brk ▼ 73 · 15m
16:45 KSA · REGULAR · signal     · PEPE-USD · orb ▲ 70 · 5m
16:45 KSA · REGULAR · signal     · TAO-USD · brk ▼ 80 · 15m
16:45 KSA · REGULAR · signal     · TAO-USD · sqzExp ▼ 60 · 1h
16:45 KSA · REGULAR · signal     · THE-USD · orb ▼ 85 · 5m
16:45 KSA · REGULAR · signal     · THE-USD · brk ▼ 73 · 15m
16:45 KSA · REGULAR · signal     · TRUMP-USD · brk ▼ 80 · 15m
16:45 KSA · REGULAR · signal     · TRUMP-USD · sqzExp ▼ 57 · 1h
16:45 KSA · REGULAR · signal     · EUR-USD · brk ▼ 73 · 15m
16:45 KSA · REGULAR · signal     · ARB-USD · orb ▼ 65 · 5m
16:45 KSA · REGULAR · signal     · ARB-USD · brk ▼ 68 · 15m
16:45 KSA · REGULAR · signal     · HOLO-USD · brk ▼ 73 · 15m
16:45 KSA · REGULAR · signal     · HOLO-USD · sqzExp ▼ 70 · 1h
16:45 KSA · REGULAR · signal     · BANK-USD · brk ▼ 64 · 15m
16:45 KSA · REGULAR · signal     · TON-USD · brk ▼ 61 · 15m
16:45 KSA · REGULAR · signal     · SENT-USD · brk ▼ 59 · 15m
16:45 KSA · REGULAR · signal     · PENGU-USD · brk ▼ 70 · 15m
16:45 KSA · REGULAR · signal     · PENGU-USD · sqzExp ▼ 65 · 1h
16:45 KSA · REGULAR · signal     · WLFI-USD · brk ▼ 55 · 15m
16:45 KSA · REGULAR · signal     · ASTER-USD · sqzExp ▼ 68 · 1h
16:45 KSA · REGULAR · signal     · APT-USD · sqzExp ▼ 100 · 1h
16:47 KSA · REGULAR · scanner    · بدء المسح · 1153 رمزاً · الجلسة REGULAR
16:47 KSA · REGULAR · signal     · AMD · vwapRec ▲ 57 · 5m
16:47 KSA · REGULAR · signal     · INTC · vwapRec ▲ 57 · 5m
16:47 KSA · REGULAR · signal     · ORCL · brk ▼ 100 · 15m
16:47 KSA · REGULAR · signal     · GEV · vwapRec ▲ 71 · 5m
16:47 KSA · REGULAR · signal     · KLAC · brk ▼ 100 · 15m
16:47 KSA · REGULAR · signal     · KLAC · meanRev ▲ 100 · 15m
16:47 KSA · REGULAR · signal     · AXP · vwapRec ▼ 68 · 5m
16:47 KSA · REGULAR · signal     · T · brk ▲ 69 · 15m
16:47 KSA · REGULAR · signal     · BLK · brk ▼ 100 · 15m
16:47 KSA · REGULAR · signal     · BLK · meanRev ▲ 100 · 15m
16:47 KSA · REGULAR · signal     · DHR · vwapRec ▼ 63 · 5m
16:47 KSA · REGULAR · signal     · ISRG · brk ▼ 100 · 15m
16:47 KSA · REGULAR · signal     · LMT · vwapRec ▼ 79 · 5m
16:47 KSA · REGULAR · signal     · MDLZ · brk ▼ 100 · 15m
16:47 KSA · REGULAR · signal     · HPE · vwapRec ▼ 79 · 5m
16:47 KSA · REGULAR · signal     · LITE · meanRev ▼ 100 · 15m
16:47 KSA · REGULAR · signal     · MPWR · orb ▲ 100 · 5m
16:47 KSA · REGULAR · signal     · HONA · vwapRec ▼ 70 · 5m
16:47 KSA · REGULAR · signal     · GRAM-USD · meanRev ▲ 100 · 15m
16:47 KSA · REGULAR · signal     · PAXG-USD · orb ▲ 85 · 5m
16:47 KSA · REGULAR · signal     · MUB-USD · orb ▲ 82 · 5m
16:47 KSA · REGULAR · signal     · TDG · meanRev ▲ 100 · 1d
16:47 KSA · REGULAR · signal     · IDXX · meanRev ▲ 100 · 1d
16:47 KSA · REGULAR · signal     · STRAX-USD · meanRev ▼ 100 · 1d
16:48 KSA · REGULAR · scanner    · بدء المسح · 1153 رمزاً · الجلسة REGULAR
16:48 KSA · REGULAR · signal     · PG · vwapRec ▲ 57 · 5m
16:48 KSA · REGULAR · signal     · WFC · vwapRec ▲ 57 · 5m
16:48 KSA · REGULAR · signal     · SPGI · meanRev ▲ 100 · 15m
16:48 KSA · REGULAR · signal     · MDT · meanRev ▲ 100 · 15m
16:48 KSA · REGULAR · signal     · FIX · vwapRec ▼ 100 · 5m
16:48 KSA · REGULAR · signal     · CI · brk ▲ 69 · 1d
16:48 KSA · REGULAR · signal     · RVTY · brk ▲ 69 · 1d
16:48 KSA · REGULAR · signal     · UDR · meanRev ▲ 100 · 1d
16:50 KSA · REGULAR · scanner    · بدء المسح · 1153 رمزاً · الجلسة REGULAR
16:50 KSA · REGULAR · signal     · GE · brk ▼ 100 · 15m
16:50 KSA · REGULAR · signal     · RTX · brk ▼ 69 · 15m
16:50 KSA · REGULAR · signal     · UNP · meanRev ▲ 100 · 15m
16:50 KSA · REGULAR · signal     · FCX · vwapRec ▼ 79 · 5m
16:50 KSA · REGULAR · signal     · CDNS · vwapRec ▲ 65 · 5m
16:50 KSA · REGULAR · signal     · ADSK · orb ▲ 82 · 5m
16:50 KSA · REGULAR · signal     · LHX · meanRev ▼ 100 · 15m
16:50 KSA · REGULAR · signal     · PEPE-USD · orb ▼ 100 · 5m
16:50 KSA · REGULAR · signal     · PEPE-USD · vwapRec ▼ 100 · 5m
16:50 KSA · REGULAR · signal     · BANK-USD · vwapRec ▲ 93 · 5m
16:50 KSA · REGULAR · signal     · ASTER-USD · pbTrend ▲ 57 · 1h
16:50 KSA · REGULAR · signal     · REGN · meanRev ▲ 100 · 1d
16:50 KSA · REGULAR · signal     · HII · brk ▼ 69 · 1d
16:50 KSA · REGULAR · signal     · MGM · meanRev ▲ 100 · 1d
16:50 KSA · REGULAR · signal     · NCLH · brk ▼ 69 · 1d
16:53 KSA · REGULAR · scanner    · بدء المسح · 1153 رمزاً · الجلسة REGULAR
16:53 KSA · REGULAR · signal     · AMZN · volSpike ▲ 83 · 15m
16:53 KSA · REGULAR · signal     · META · volSpike ▲ 100 · 15m
16:53 KSA · REGULAR · signal     · BRK-B · rsiDiv ▼ 78 · 15m
16:53 KSA · REGULAR · signal     · ORCL · volSpike ▼ 89 · 15m
16:53 KSA · REGULAR · signal     · COST · orb ▼ 80 · 5m
16:53 KSA · REGULAR · signal     · COST · rsiDiv ▼ 67 · 15m
16:53 KSA · REGULAR · signal     · COST · volSpike ▼ 89 · 15m
16:53 KSA · REGULAR · signal     · NFLX · volSpike ▼ 83 · 15m
16:53 KSA · REGULAR · signal     · GE · orb ▼ 75 · 5m
16:53 KSA · REGULAR · signal     · PM · volSpike ▼ 67 · 15m
16:53 KSA · REGULAR · signal     · GS · volSpike ▼ 83 · 15m
16:53 KSA · REGULAR · signal     · RTX · orb ▼ 75 · 5m
16:53 KSA · REGULAR · signal     · RTX · sqzExp ▼ 85 · 1h
16:53 KSA · REGULAR · signal     · CRWD · volSpike ▲ 83 · 15m
16:53 KSA · REGULAR · signal     · GEV · volSpike ▼ 67 · 15m
16:53 KSA · REGULAR · signal     · TMO · volSpike ▲ 83 · 15m
16:53 KSA · REGULAR · signal     · SNDK · volSpike ▼ 89 · 15m
16:53 KSA · REGULAR · signal     · KLAC · orb ▼ 65 · 5m
16:53 KSA · REGULAR · signal     · KLAC · volSpike ▼ 78 · 15m
16:53 KSA · REGULAR · signal     · AMGN · orb ▼ 55 · 5m
16:53 KSA · REGULAR · signal     · AMGN · volSpike ▼ 72 · 15m
16:53 KSA · REGULAR · signal     · TMUS · orb ▲ 68 · 5m
16:53 KSA · REGULAR · signal     · SCHW · volSpike ▼ 67 · 15m
16:53 KSA · REGULAR · signal     · DIS · orb ▼ 65 · 5m
16:53 KSA · REGULAR · signal     · MCD · volSpike ▼ 83 · 15m
16:53 KSA · REGULAR · signal     · GILD · volSpike ▼ 83 · 15m
16:53 KSA · REGULAR · signal     · BLK · orb ▼ 85 · 5m
16:53 KSA · REGULAR · signal     · BLK · volSpike ▼ 89 · 15m
16:53 KSA · REGULAR · signal     · NEE · volSpike ▼ 89 · 15m
16:53 KSA · REGULAR · signal     · UNP · orb ▼ 75 · 5m
16:53 KSA · REGULAR · signal     · UNP · volSpike ▼ 83 · 15m
16:53 KSA · REGULAR · signal     · BA · orb ▼ 85 · 5m
16:53 KSA · REGULAR · signal     · PFE · volSpike ▼ 89 · 15m
16:53 KSA · REGULAR · signal     · WDC · brk ▼ 89 · 15m
16:53 KSA · REGULAR · signal     · ISRG · orb ▼ 75 · 5m
16:53 KSA · REGULAR · signal     · VRTX · orb ▼ 70 · 5m
16:53 KSA · REGULAR · signal     · GLW · rsiDiv ▲ 56 · 15m
16:53 KSA · REGULAR · signal     · MDT · orb ▼ 65 · 5m
16:53 KSA · REGULAR · signal     · ACN · volSpike ▲ 89 · 15m
16:53 KSA · REGULAR · signal     · APP · volSpike ▲ 72 · 15m
16:53 KSA · REGULAR · signal     · VRT · vwapRec ▼ 60 · 5m
16:53 KSA · REGULAR · signal     · HWM · orb ▼ 73 · 5m
16:53 KSA · REGULAR · signal     · HWM · brk ▼ 100 · 15m
16:53 KSA · REGULAR · signal     · NSC · orb ▼ 80 · 5m
16:53 KSA · REGULAR · signal     · MRNA · volSpike ▼ 78 · 15m
16:53 KSA · REGULAR · signal     · COIN · volSpike ▼ 100 · 15m
16:53 KSA · REGULAR · signal     · LHX · vwapRec ▼ 78 · 5m
16:53 KSA · REGULAR · signal     · CIEN · volSpike ▼ 89 · 15m
16:53 KSA · REGULAR · signal     · HPQ · tfAlign ▲ 93 · 1d
16:53 KSA · REGULAR · signal     · BCH-USD · orb ▼ 90 · 5m
16:53 KSA · REGULAR · signal     · GRAM-USD · vwapRec ▼ 65 · 5m
16:53 KSA · REGULAR · signal     · LSK-USD · orb ▼ 65 · 5m
16:53 KSA · REGULAR · signal     · LSK-USD · brk ▼ 64 · 15m
16:53 KSA · REGULAR · signal     · UNI-USD · orb ▼ 60 · 5m
16:53 KSA · REGULAR · signal     · UNI-USD · brk ▼ 66 · 15m
16:53 KSA · REGULAR · signal     · SUI-USD · sqzExp ▼ 68 · 1h
16:53 KSA · REGULAR · signal     · U-USD · orb ▼ 65 · 5m
16:53 KSA · REGULAR · signal     · U-USD · brk ▼ 73 · 15m
16:53 KSA · REGULAR · signal     · PEPE-USD · brk ▲ 64 · 15m
16:53 KSA · REGULAR · signal     · TAO-USD · brk ▼ 80 · 15m
16:53 KSA · REGULAR · signal     · TAO-USD · sqzExp ▼ 60 · 1h
16:53 KSA · REGULAR · signal     · THE-USD · orb ▼ 78 · 5m
16:53 KSA · REGULAR · signal     · THE-USD · brk ▼ 73 · 15m
16:53 KSA · REGULAR · signal     · TRUMP-USD · brk ▼ 80 · 15m
16:53 KSA · REGULAR · signal     · TRUMP-USD · sqzExp ▼ 57 · 1h
16:53 KSA · REGULAR · signal     · EUR-USD · brk ▼ 73 · 15m
16:53 KSA · REGULAR · signal     · ARB-USD · brk ▼ 68 · 15m
16:53 KSA · REGULAR · signal     · HOLO-USD · brk ▼ 73 · 15m
16:53 KSA · REGULAR · signal     · HOLO-USD · sqzExp ▼ 70 · 1h
16:53 KSA · REGULAR · signal     · HOLO-USD · tfAlign ▼ 85 · 1d
16:53 KSA · REGULAR · signal     · BANK-USD · brk ▼ 64 · 15m
16:53 KSA · REGULAR · signal     · TON-USD · brk ▼ 61 · 15m
16:53 KSA · REGULAR · signal     · SENT-USD · brk ▼ 59 · 15m
16:53 KSA · REGULAR · signal     · PENGU-USD · brk ▼ 70 · 15m
16:53 KSA · REGULAR · signal     · PENGU-USD · sqzExp ▼ 65 · 1h
16:53 KSA · REGULAR · signal     · WLFI-USD · brk ▼ 55 · 15m
16:53 KSA · REGULAR · signal     · ASTER-USD · sqzExp ▼ 68 · 1h
16:53 KSA · REGULAR · signal     · APT-USD · sqzExp ▼ 100 · 1h
16:54 KSA · REGULAR · scanner    · بدء المسح · 1153 رمزاً · الجلسة REGULAR
16:54 KSA · REGULAR · signal     · BRK-B · orb ▲ 82 · 5m
16:54 KSA · REGULAR · signal     · INTC · meanRev ▼ 100 · 15m
16:54 KSA · REGULAR · signal     · CVX · orb ▲ 82 · 5m
16:54 KSA · REGULAR · signal     · ORCL · orb ▼ 82 · 5m
16:54 KSA · REGULAR · signal     · TMO · vwapRec ▲ 100 · 5m
16:54 KSA · REGULAR · signal     · SCHW · brk ▲ 100 · 15m
16:54 KSA · REGULAR · signal     · WDC · vwapRec ▼ 100 · 5m
16:54 KSA · REGULAR · signal     · WDC · meanRev ▲ 100 · 15m
16:54 KSA · REGULAR · signal     · HPQ · orb ▲ 86 · 5m
16:54 KSA · REGULAR · signal     · SNXXB-USD · orb ▼ 82 · 5m
16:54 KSA · REGULAR · signal     · CBOE · meanRev ▲ 100 · 1d
16:54 KSA · REGULAR · signal     · AI-USD · meanRev ▲ 100 · 1d
16:56 KSA · REGULAR · scanner    · بدء المسح · 1153 رمزاً · الجلسة REGULAR
16:56 KSA · REGULAR · signal     · GEV · brk ▲ 69 · 15m
16:56 KSA · REGULAR · signal     · QCOM · orb ▲ 100 · 5m
16:56 KSA · REGULAR · signal     · BX · vwapRec ▲ 78 · 5m
16:56 KSA · REGULAR · signal     · TJX · orb ▼ 100 · 5m
16:56 KSA · REGULAR · signal     · BKNG · meanRev ▲ 100 · 15m
16:56 KSA · REGULAR · signal     · NKE · orb ▼ 64 · 5m
16:56 KSA · REGULAR · signal     · SNDKB-USD · orb ▼ 82 · 5m
16:56 KSA · REGULAR · signal     · SOXLB-USD · brk ▲ 69 · 15m
16:56 KSA · REGULAR · signal     · PEPE-USD · vwapRec ▲ 100 · 5m
16:56 KSA · REGULAR · signal     · BANK-USD · vwapRec ▲ 100 · 5m
16:56 KSA · REGULAR · signal     · WLFI-USD · vwapRec ▼ 100 · 5m
16:56 KSA · REGULAR · signal     · CLX · brk ▼ 69 · 1d
16:56 KSA · REGULAR · signal     · QCOMB-USD · brk ▲ 69 · 1d
16:58 KSA · REGULAR · scanner    · بدء المسح · 1153 رمزاً · الجلسة REGULAR
16:58 KSA · REGULAR · signal     · AVGO · meanRev ▲ 100 · 15m
16:58 KSA · REGULAR · signal     · WMT · brk ▼ 69 · 15m
16:58 KSA · REGULAR · signal     · MA · orb ▼ 82 · 5m
16:58 KSA · REGULAR · signal     · LRCX · orb ▼ 82 · 5m
16:58 KSA · REGULAR · signal     · GILD · vwapRec ▲ 100 · 5m
16:58 KSA · REGULAR · signal     · SPGI · pbTrend ▲ 57 · 1h
16:58 KSA · REGULAR · signal     · AXON · meanRev ▲ 100 · 1d
16:58 KSA · REGULAR · signal     · RVTY · meanRev ▼ 100 · 1d
17:00 KSA · REGULAR · scanner    · بدء المسح · 1153 رمزاً · الجلسة REGULAR
17:00 KSA · REGULAR · signal     · ABBV · meanRev ▲ 100 · 15m
17:00 KSA · REGULAR · signal     · CAT · vwapRec ▼ 79 · 5m
17:00 KSA · REGULAR · signal     · C · meanRev ▼ 100 · 15m
17:00 KSA · REGULAR · signal     · NEE · vwapRec ▲ 100 · 5m
17:00 KSA · REGULAR · signal     · BNB-USD · orb ▲ 90 · 5m
17:00 KSA · REGULAR · signal     · XRP-USD · vwapRec ▲ 100 · 5m
17:00 KSA · REGULAR · signal     · AVAX-USD · vwapRec ▲ 100 · 5m
17:00 KSA · REGULAR · signal     · FET-USD · meanRev ▼ 100 · 15m
17:00 KSA · REGULAR · signal     · MUB-USD · brk ▲ 69 · 15m
17:00 KSA · REGULAR · signal     · U-USD · orb ▲ 100 · 5m
17:00 KSA · REGULAR · signal     · U-USD · vwapRec ▲ 57 · 5m
17:00 KSA · REGULAR · signal     · PENGU-USD · vwapRec ▲ 100 · 5m
17:00 KSA · REGULAR · signal     · FRT · sqzExp ▼ 100 · 1d
17:00 KSA · REGULAR · signal     · METAB-USD · meanRev ▼ 100 · 1d
17:03 KSA · REGULAR · scanner    · بدء المسح · 1153 رمزاً · الجلسة REGULAR
17:03 KSA · REGULAR · signal     · AMZN · orb ▼ 88 · 5m
17:03 KSA · REGULAR · signal     · UNH · orb ▼ 70 · 5m
17:03 KSA · REGULAR · signal     · ETH-USD · meanRev ▲ 80 · 15m
17:03 KSA · REGULAR · signal     · MCD · vwapRec ▼ 57 · 5m
17:03 KSA · REGULAR · signal     · ADI · brk ▲ 64 · 15m
17:03 KSA · REGULAR · signal     · BA · vwapRec ▼ 78 · 5m
17:03 KSA · REGULAR · signal     · DHR · volSpike ▲ 83 · 15m
17:03 KSA · REGULAR · signal     · VRTX · rsiDiv ▼ 58 · 15m
17:03 KSA · REGULAR · signal     · MDT · vwapRec ▲ 85 · 5m
17:03 KSA · REGULAR · signal     · ACN · vwapRec ▲ 57 · 5m
17:03 KSA · REGULAR · signal     · LOW · vwapRec ▼ 73 · 5m
17:03 KSA · REGULAR · signal     · HWM · meanRev ▲ 63 · 15m
17:03 KSA · REGULAR · signal     · NSC · vwapRec ▼ 68 · 5m
17:03 KSA · REGULAR · signal     · VST · rsiDiv ▲ 86 · 15m
17:03 KSA · REGULAR · signal     · BCH-USD · volSpike ▲ 89 · 15m
17:03 KSA · REGULAR · signal     · LSK-USD · orb ▼ 57 · 5m
17:03 KSA · REGULAR · signal     · LSK-USD · brk ▼ 57 · 15m
17:03 KSA · REGULAR · signal     · SPCXB-USD · volSpike ▲ 72 · 15m
17:03 KSA · REGULAR · signal     · UNI-USD · brk ▼ 73 · 15m
17:03 KSA · REGULAR · signal     · SUI-USD · sqzExp ▼ 68 · 1h
17:03 KSA · REGULAR · signal     · U-USD · brk ▼ 64 · 15m
17:03 KSA · REGULAR · signal     · 牛来-USD · volSpike ▲ 86 · 15m
17:03 KSA · REGULAR · signal     · PEPE-USD · orb ▲ 63 · 5m
17:03 KSA · REGULAR · signal     · PEPE-USD · brk ▲ 70 · 15m
17:03 KSA · REGULAR · signal     · TAO-USD · brk ▼ 55 · 15m
17:03 KSA · REGULAR · signal     · TAO-USD · sqzExp ▼ 60 · 1h
17:03 KSA · REGULAR · signal     · THE-USD · orb ▼ 70 · 5m
17:03 KSA · REGULAR · signal     · THE-USD · brk ▼ 61 · 15m
17:03 KSA · REGULAR · signal     · TRUMP-USD · brk ▼ 64 · 15m
17:03 KSA · REGULAR · signal     · TRUMP-USD · sqzExp ▼ 57 · 1h
17:03 KSA · REGULAR · signal     · EUR-USD · orb ▼ 85 · 5m
17:03 KSA · REGULAR · signal     · EUR-USD · brk ▼ 73 · 15m
17:03 KSA · REGULAR · signal     · ARB-USD · brk ▼ 61 · 15m
17:03 KSA · REGULAR · signal     · HOLO-USD · brk ▼ 80 · 15m
17:03 KSA · REGULAR · signal     · HOLO-USD · sqzExp ▼ 70 · 1h
17:03 KSA · REGULAR · signal     · BANK-USD · brk ▼ 55 · 15m
17:03 KSA · REGULAR · signal     · TON-USD · brk ▼ 61 · 15m
17:03 KSA · REGULAR · signal     · PENGU-USD · sqzExp ▼ 65 · 1h
17:03 KSA · REGULAR · signal     · ASTER-USD · pbTrend ▲ 55 · 1h
17:03 KSA · REGULAR · signal     · ASTER-USD · sqzExp ▼ 68 · 1h
17:03 KSA · REGULAR · signal     · ASTER-USD · volSpike ▲ 61 · 15m
17:03 KSA · REGULAR · signal     · APT-USD · sqzExp ▼ 100 · 1h
17:05 KSA · REGULAR · scanner    · بدء المسح · 1153 رمزاً · الجلسة REGULAR
17:05 KSA · REGULAR · signal     · AMZN · brk ▼ 100 · 15m
17:05 KSA · REGULAR · signal     · META · orb ▲ 100 · 5m
17:05 KSA · REGULAR · signal     · XOM · orb ▲ 82 · 5m
17:05 KSA · REGULAR · signal     · NFLX · orb ▼ 100 · 5m
17:05 KSA · REGULAR · signal     · UBER · meanRev ▲ 100 · 15m
17:05 KSA · REGULAR · signal     · LMT · orb ▼ 100 · 5m
17:05 KSA · REGULAR · signal     · MPC · vwapRec ▼ 70 · 5m
17:05 KSA · REGULAR · signal     · HOOD · meanRev ▲ 100 · 15m
17:05 KSA · REGULAR · signal     · MRNA · vwapRec ▲ 79 · 5m
17:05 KSA · REGULAR · signal     · HONA · orb ▼ 100 · 5m
17:05 KSA · REGULAR · signal     · COIN · orb ▼ 82 · 5m
17:05 KSA · REGULAR · signal     · KMB · orb ▼ 64 · 5m
17:05 KSA · REGULAR · signal     · DASH-USD · sqzExp ▼ 100 · 1h
17:05 KSA · REGULAR · signal     · MARSCOIN-USD · orb ▲ 100 · 5m
17:05 KSA · REGULAR · signal     · CRCLB-USD · brk ▼ 100 · 15m
17:05 KSA · REGULAR · signal     · U-USD · orb ▲ 80 · 5m
17:05 KSA · REGULAR · signal     · ROP · sqzExp ▼ 100 · 1d
17:05 KSA · REGULAR · signal     · DECK · meanRev ▲ 100 · 1d
17:05 KSA · REGULAR · signal     · DPZ · brk ▼ 69 · 1d
17:09 KSA · REGULAR · scanner    · بدء المسح · 1153 رمزاً · الجلسة REGULAR
17:09 KSA · REGULAR · signal     · TSLA · meanRev ▲ 100 · 15m
17:09 KSA · REGULAR · signal     · GEV · orb ▲ 100 · 5m
17:09 KSA · REGULAR · signal     · GEV · brk ▲ 69 · 15m
17:09 KSA · REGULAR · signal     · ADI · meanRev ▼ 100 · 15m
17:09 KSA · REGULAR · signal     · DHR · orb ▲ 82 · 5m
17:09 KSA · REGULAR · signal     · KKR · orb ▼ 64 · 5m
17:09 KSA · REGULAR · signal     · KKR · pbTrend ▲ 57 · 1h
17:09 KSA · REGULAR · signal     · PWR · vwapRec ▲ 100 · 5m
17:09 KSA · REGULAR · signal     · LITE · vwapRec ▼ 100 · 5m
17:09 KSA · REGULAR · signal     · TER · vwapRec ▲ 100 · 5m
17:09 KSA · REGULAR · signal     · VST · meanRev ▼ 100 · 15m
17:09 KSA · REGULAR · signal     · RDDT · meanRev ▲ 100 · 15m
17:09 KSA · REGULAR · signal     · BCH-USD · orb ▲ 82 · 5m
17:09 KSA · REGULAR · signal     · XAUT-USD · brk ▲ 100 · 15m
17:09 KSA · REGULAR · signal     · PAXG-USD · brk ▲ 100 · 15m
17:09 KSA · REGULAR · signal     · SNDKB-USD · vwapRec ▲ 93 · 5m
17:09 KSA · REGULAR · signal     · SNXXB-USD · vwapRec ▲ 100 · 5m
17:09 KSA · REGULAR · signal     · SENT-USD · brk ▲ 100 · 15m
17:10 KSA · REGULAR · scanner    · بدء المسح · 1153 رمزاً · الجلسة REGULAR
17:10 KSA · REGULAR · signal     · AVGO · brk ▼ 69 · 15m
17:10 KSA · REGULAR · signal     · AMD · meanRev ▼ 100 · 15m
17:10 KSA · REGULAR · signal     · HD · orb ▼ 100 · 5m
17:10 KSA · REGULAR · signal     · CRWD · meanRev ▲ 100 · 15m
17:10 KSA · REGULAR · signal     · STX · vwapRec ▲ 100 · 5m
17:10 KSA · REGULAR · signal     · LOW · meanRev ▲ 100 · 15m
17:10 KSA · REGULAR · signal     · SHW · meanRev ▲ 100 · 15m
17:10 KSA · REGULAR · signal     · DVN · orb ▲ 82 · 5m
17:10 KSA · REGULAR · signal     · BANK-USD · vwapRec ▲ 100 · 5m
17:14 KSA · REGULAR · scanner    · بدء المسح · 1153 رمزاً · الجلسة REGULAR
17:14 KSA · REGULAR · signal     · GOOGL · orb ▼ 55 · 5m
17:14 KSA · REGULAR · signal     · GOOG · orb ▼ 55 · 5m
17:14 KSA · REGULAR · signal     · JNJ · meanRev ▲ 75 · 15m
17:14 KSA · REGULAR · signal     · RTX · tfAlign ▼ 70 · 1d
17:14 KSA · REGULAR · signal     · TMO · meanRev ▼ 60 · 15m
17:14 KSA · REGULAR · signal     · VZ · vwapRec ▲ 75 · 5m
17:14 KSA · REGULAR · signal     · LHX · tfAlign ▼ 83 · 1d
17:14 KSA · REGULAR · signal     · TRX-USD · orb ▼ 70 · 5m
17:14 KSA · REGULAR · signal     · RDDT · vwapRec ▼ 59 · 5m
17:14 KSA · REGULAR · signal     · ENA-USD · brk ▲ 66 · 15m
17:14 KSA · REGULAR · signal     · LSK-USD · orb ▼ 65 · 5m
17:14 KSA · REGULAR · signal     · LSK-USD · brk ▼ 57 · 15m
17:14 KSA · REGULAR · signal     · SPCXB-USD · vwapRec ▼ 80 · 5m
17:14 KSA · REGULAR · signal     · QQQB-USD · vwapRec ▲ 75 · 5m
17:14 KSA · REGULAR · signal     · SUI-USD · sqzExp ▼ 68 · 1h
17:14 KSA · REGULAR · signal     · U-USD · brk ▼ 64 · 15m
17:14 KSA · REGULAR · signal     · PEPE-USD · orb ▲ 55 · 5m
17:14 KSA · REGULAR · signal     · PEPE-USD · brk ▲ 70 · 15m
17:14 KSA · REGULAR · signal     · TAO-USD · brk ▼ 55 · 15m
17:14 KSA · REGULAR · signal     · TAO-USD · sqzExp ▼ 60 · 1h
17:14 KSA · REGULAR · signal     · THE-USD · orb ▼ 85 · 5m
17:14 KSA · REGULAR · signal     · THE-USD · brk ▼ 61 · 15m
17:14 KSA · REGULAR · signal     · TRUMP-USD · brk ▼ 64 · 15m
17:14 KSA · REGULAR · signal     · TRUMP-USD · sqzExp ▼ 57 · 1h
17:14 KSA · REGULAR · signal     · EUR-USD · orb ▼ 85 · 5m
17:14 KSA · REGULAR · signal     · EUR-USD · brk ▼ 73 · 15m
17:14 KSA · REGULAR · signal     · ARB-USD · brk ▼ 61 · 15m
17:14 KSA · REGULAR · signal     · HOLO-USD · brk ▼ 80 · 15m
17:14 KSA · REGULAR · signal     · HOLO-USD · sqzExp ▼ 70 · 1h
17:14 KSA · REGULAR · signal     · BANK-USD · brk ▼ 55 · 15m
17:14 KSA · REGULAR · signal     · TON-USD · brk ▼ 61 · 15m
17:14 KSA · REGULAR · signal     · PENGU-USD · vwapRec ▼ 65 · 5m
17:14 KSA · REGULAR · signal     · PENGU-USD · sqzExp ▼ 65 · 1h
17:14 KSA · REGULAR · signal     · ASTER-USD · pbTrend ▲ 55 · 1h
17:14 KSA · REGULAR · signal     · ASTER-USD · sqzExp ▼ 68 · 1h
17:14 KSA · REGULAR · signal     · APT-USD · brk ▼ 68 · 15m
17:14 KSA · REGULAR · signal     · APT-USD · sqzExp ▼ 100 · 1h
17:14 KSA · REGULAR · signal     · APT-USD · tfAlign ▼ 73 · 1d
17:15 KSA · REGULAR · scanner    · بدء المسح · 1153 رمزاً · الجلسة REGULAR
17:15 KSA · REGULAR · signal     · LLY · orb ▼ 82 · 5m
17:15 KSA · REGULAR · signal     · DELL · vwapRec ▼ 100 · 5m
17:15 KSA · REGULAR · signal     · T · orb ▲ 64 · 5m
17:15 KSA · REGULAR · signal     · STX · meanRev ▲ 100 · 15m
17:15 KSA · REGULAR · signal     · BKNG · orb ▼ 100 · 5m
17:15 KSA · REGULAR · signal     · BKNG · brk ▼ 100 · 15m
17:15 KSA · REGULAR · signal     · LMT · brk ▼ 100 · 15m
17:15 KSA · REGULAR · signal     · BSX · orb ▼ 100 · 5m
17:15 KSA · REGULAR · signal     · BSX · brk ▼ 100 · 15m
17:15 KSA · REGULAR · signal     · HON · orb ▼ 82 · 5m
17:15 KSA · REGULAR · signal     · HONA · brk ▼ 69 · 15m
17:15 KSA · REGULAR · signal     · SMCI · orb ▼ 82 · 5m
17:15 KSA · REGULAR · signal     · RAY-USD · meanRev ▲ 100 · 15m
17:15 KSA · REGULAR · signal     · SPCXB-USD · meanRev ▲ 100 · 15m
17:15 KSA · REGULAR · signal     · BANK-USD · vwapRec ▲ 78 · 5m
17:15 KSA · REGULAR · signal     · NRG · brk ▼ 69 · 1d
17:15 KSA · REGULAR · signal     · DPZ · meanRev ▲ 100 · 1d
17:15 KSA · REGULAR · signal     · AMATB-USD · brk ▼ 69 · 1d
17:16 KSA · REGULAR · scanner    · بدء المسح · 1153 رمزاً · الجلسة REGULAR
17:16 KSA · REGULAR · signal     · MSFT · orb ▼ 82 · 5m
17:16 KSA · REGULAR · signal     · JNJ · vwapRec ▲ 100 · 5m
17:16 KSA · REGULAR · signal     · INTU · orb ▼ 100 · 5m
17:18 KSA · REGULAR · scanner    · بدء المسح · 1153 رمزاً · الجلسة REGULAR
17:18 KSA · REGULAR · signal     · GOOG · meanRev ▲ 100 · 15m
17:18 KSA · REGULAR · signal     · AMAT · orb ▼ 82 · 5m
17:18 KSA · REGULAR · signal     · CRWD · orb ▲ 64 · 5m
17:18 KSA · REGULAR · signal     · PFE · vwapRec ▲ 100 · 5m
17:18 KSA · REGULAR · signal     · INTU · brk ▼ 69 · 15m
17:18 KSA · REGULAR · signal     · NEAR-USD · meanRev ▲ 100 · 15m
17:18 KSA · REGULAR · signal     · U-USD · orb ▲ 100 · 5m
17:18 KSA · REGULAR · signal     · U-USD · vwapRec ▲ 57 · 5m
17:20 KSA · REGULAR · scanner    · بدء المسح · 1153 رمزاً · الجلسة REGULAR
17:20 KSA · REGULAR · signal     · GOOGL · meanRev ▲ 100 · 15m
17:20 KSA · REGULAR · signal     · XOM · brk ▲ 69 · 15m
17:20 KSA · REGULAR · signal     · VZ · meanRev ▼ 100 · 15m
17:20 KSA · REGULAR · signal     · PSX · meanRev ▼ 100 · 15m
17:20 KSA · REGULAR · signal     · LITE · orb ▲ 82 · 5m
17:24 KSA · REGULAR · scanner    · بدء المسح · 1153 رمزاً · الجلسة REGULAR
17:24 KSA · REGULAR · signal     · NVDA · pbTrend ▲ 60 · 1h
17:24 KSA · REGULAR · signal     · GOOGL · pbTrend ▼ 55 · 1h
17:24 KSA · REGULAR · signal     · GOOG · pbTrend ▼ 60 · 1h
17:24 KSA · REGULAR · signal     · AMZN · volSpike ▼ 78 · 15m
17:24 KSA · REGULAR · signal     · LLY · rsiDiv ▼ 78 · 15m
17:24 KSA · REGULAR · signal     · WMT · orb ▲ 70 · 5m
17:24 KSA · REGULAR · signal     · AMD · tfAlign ▲ 88 · 1d
17:24 KSA · REGULAR · signal     · XOM · momo ▲ 83 · 1h
17:24 KSA · REGULAR · signal     · JNJ · momo ▼ 78 · 1h
17:24 KSA · REGULAR · signal     · MA · pbTrend ▲ 67 · 1h
17:24 KSA · REGULAR · signal     · CVX · tfAlign ▲ 100 · 1d
17:24 KSA · REGULAR · signal     · BAC · vwapRec ▲ 65 · 5m
17:24 KSA · REGULAR · signal     · ORCL · vwapRec ▲ 60 · 5m
17:24 KSA · REGULAR · signal     · COST · tfAlign ▼ 83 · 1d
17:24 KSA · REGULAR · signal     · DELL · tfAlign ▲ 90 · 1d
17:24 KSA · REGULAR · signal     · GE · momo ▼ 81 · 1h
17:24 KSA · REGULAR · signal     · MS · momo ▼ 81 · 1h
17:24 KSA · REGULAR · signal     · HD · tfAlign ▼ 95 · 1d
17:24 KSA · REGULAR · signal     · GS · momo ▼ 81 · 1h
17:24 KSA · REGULAR · signal     · WFC · momo ▲ 83 · 1h
17:24 KSA · REGULAR · signal     · WFC · tfAlign ▲ 90 · 1d
17:24 KSA · REGULAR · signal     · RTX · momo ▼ 92 · 1h
17:24 KSA · REGULAR · signal     · ANET · tfAlign ▲ 83 · 1d
17:24 KSA · REGULAR · signal     · AXP · tfAlign ▼ 68 · 1d
17:24 KSA · REGULAR · signal     · CRM · rsiDiv ▼ 78 · 15m
17:24 KSA · REGULAR · signal     · QCOM · momo ▲ 83 · 1h
17:24 KSA · REGULAR · signal     · PEP · momo ▼ 72 · 1h
17:24 KSA · REGULAR · signal     · DE · momo ▲ 72 · 1h
17:24 KSA · REGULAR · signal     · DIS · pbTrend ▲ 81 · 1h
17:24 KSA · REGULAR · signal     · STX · momo ▼ 72 · 1h
17:24 KSA · REGULAR · signal     · UNP · rsiDiv ▼ 61 · 15m
17:24 KSA · REGULAR · signal     · COP · momo ▲ 72 · 1h
17:24 KSA · REGULAR · signal     · COP · tfAlign ▲ 100 · 1d
17:24 KSA · REGULAR · signal     · UBER · tfAlign ▼ 80 · 1d
17:24 KSA · REGULAR · signal     · NEM · rsiDiv ▼ 72 · 15m
17:24 KSA · REGULAR · signal     · SPGI · tfAlign ▼ 80 · 1d
17:24 KSA · REGULAR · signal     · MPC · momo ▲ 72 · 1h
17:24 KSA · REGULAR · signal     · VLO · tfAlign ▲ 100 · 1d
17:24 KSA · REGULAR · signal     · PSX · momo ▲ 78 · 1h
17:24 KSA · REGULAR · signal     · PSX · tfAlign ▲ 100 · 1d
17:24 KSA · REGULAR · signal     · HOOD · momo ▼ 75 · 1h
17:24 KSA · REGULAR · signal     · KKR · tfAlign ▼ 85 · 1d
17:24 KSA · REGULAR · signal     · INTU · pbTrend ▼ 81 · 1h
17:24 KSA · REGULAR · signal     · CMCSA · vwapRec ▲ 60 · 5m
17:24 KSA · REGULAR · signal     · CMCSA · momo ▼ 78 · 1h
17:24 KSA · REGULAR · signal     · MDLZ · vwapRec ▲ 70 · 5m
17:24 KSA · REGULAR · signal     · MDLZ · momo ▼ 69 · 1h
17:24 KSA · REGULAR · signal     · SHW · tfAlign ▼ 88 · 1d
17:24 KSA · REGULAR · signal     · NSC · rsiDiv ▼ 61 · 15m
17:24 KSA · REGULAR · signal     · SNPS · momo ▼ 89 · 1h
17:24 KSA · REGULAR · signal     · BSX · tfAlign ▼ 95 · 1d
17:24 KSA · REGULAR · signal     · MRNA · rsiDiv ▼ 81 · 15m
17:24 KSA · REGULAR · signal     · DVN · momo ▲ 83 · 1h
17:24 KSA · REGULAR · signal     · DVN · tfAlign ▲ 95 · 1d
17:24 KSA · REGULAR · signal     · NKE · momo ▼ 83 · 1h
17:24 KSA · REGULAR · signal     · CIEN · brk ▲ 86 · 15m
17:24 KSA · REGULAR · signal     · CIEN · volSpike ▲ 78 · 15m
17:24 KSA · REGULAR · signal     · ON · rsiDiv ▼ 58 · 15m
17:24 KSA · REGULAR · signal     · SWKS · volSpike ▲ 83 · 15m
17:24 KSA · REGULAR · signal     · SWKS · tfAlign ▲ 100 · 1d
17:24 KSA · REGULAR · signal     · BCH-USD · vwapRec ▲ 60 · 5m
17:24 KSA · REGULAR · signal     · AVAX-USD · momo ▼ 58 · 1h
17:24 KSA · REGULAR · signal     · XAUT-USD · volSpike ▼ 89 · 15m
17:24 KSA · REGULAR · signal     · AAVE-USD · volSpike ▼ 78 · 15m
17:24 KSA · REGULAR · signal     · PENDLE-USD · momo ▼ 78 · 1h
17:24 KSA · REGULAR · signal     · RAY-USD · momo ▼ 56 · 1h
17:24 KSA · REGULAR · signal     · LSK-USD · orb ▼ 65 · 5m
17:24 KSA · REGULAR · signal     · SPCXB-USD · momo ▼ 92 · 1h
17:24 KSA · REGULAR · signal     · MSTRB-USD · momo ▼ 100 · 1h
17:24 KSA · REGULAR · signal     · UNI-USD · sqzExp ▼ 55 · 1h
17:24 KSA · REGULAR · signal     · UNI-USD · rsiDiv ▼ 72 · 1h
17:24 KSA · REGULAR · signal     · UNI-USD · volSpike ▼ 61 · 15m
17:24 KSA · REGULAR · signal     · SUI-USD · sqzExp ▼ 65 · 1h
17:24 KSA · REGULAR · signal     · U-USD · brk ▼ 64 · 15m
17:24 KSA · REGULAR · signal     · TAO-USD · brk ▼ 77 · 15m
17:24 KSA · REGULAR · signal     · TAO-USD · sqzExp ▼ 68 · 1h
17:24 KSA · REGULAR · signal     · TAO-USD · tfAlign ▼ 75 · 1d
17:24 KSA · REGULAR · signal     · THE-USD · orb ▼ 70 · 5m
17:24 KSA · REGULAR · signal     · THE-USD · brk ▼ 55 · 15m
17:24 KSA · REGULAR · signal     · THE-USD · tfAlign ▼ 73 · 1d
17:24 KSA · REGULAR · signal     · TRUMP-USD · brk ▼ 77 · 15m
17:24 KSA · REGULAR · signal     · TRUMP-USD · sqzExp ▼ 55 · 1h
17:24 KSA · REGULAR · signal     · TRUMP-USD · tfAlign ▼ 75 · 1d
17:24 KSA · REGULAR · signal     · EUR-USD · orb ▼ 80 · 5m
17:24 KSA · REGULAR · signal     · EUR-USD · brk ▼ 73 · 15m
17:24 KSA · REGULAR · signal     · ARB-USD · brk ▼ 75 · 15m
17:24 KSA · REGULAR · signal     · HOLO-USD · brk ▼ 80 · 15m
17:24 KSA · REGULAR · signal     · HOLO-USD · sqzExp ▼ 78 · 1h
17:24 KSA · REGULAR · signal     · BANK-USD · brk ▼ 55 · 15m
17:24 KSA · REGULAR · signal     · TON-USD · brk ▼ 61 · 15m
17:24 KSA · REGULAR · signal     · SENT-USD · brk ▼ 66 · 15m
17:24 KSA · REGULAR · signal     · PENGU-USD · brk ▼ 77 · 15m
17:24 KSA · REGULAR · signal     · PENGU-USD · sqzExp ▼ 73 · 1h
17:24 KSA · REGULAR · signal     · PENGU-USD · momo ▼ 61 · 1h
17:24 KSA · REGULAR · signal     · WLFI-USD · momo ▼ 58 · 1h
17:24 KSA · REGULAR · signal     · ASTER-USD · sqzExp ▼ 78 · 1h
17:24 KSA · REGULAR · signal     · APT-USD · brk ▼ 82 · 15m
17:24 KSA · REGULAR · signal     · APT-USD · sqzExp ▼ 100 · 1h
17:25 KSA · REGULAR · scanner    · بدء المسح · 1153 رمزاً · الجلسة REGULAR
17:25 KSA · REGULAR · signal     · AAPL · meanRev ▲ 100 · 15m
17:25 KSA · REGULAR · signal     · KO · pbTrend ▲ 57 · 1h
17:25 KSA · REGULAR · signal     · CAT · orb ▼ 100 · 5m
17:25 KSA · REGULAR · signal     · CAT · brk ▼ 100 · 15m
17:25 KSA · REGULAR · signal     · MRVL · vwapRec ▼ 79 · 5m
17:25 KSA · REGULAR · signal     · TMUS · vwapRec ▼ 100 · 5m
17:25 KSA · REGULAR · signal     · GILD · pbTrend ▲ 57 · 1h
17:25 KSA · REGULAR · signal     · ISRG · meanRev ▲ 100 · 15m
17:25 KSA · REGULAR · signal     · ADBE · orb ▼ 100 · 5m
17:25 KSA · REGULAR · signal     · ADBE · brk ▼ 69 · 15m
17:25 KSA · REGULAR · signal     · NKE · meanRev ▲ 100 · 15m
17:25 KSA · REGULAR · signal     · KVUE · orb ▼ 100 · 5m
17:25 KSA · REGULAR · signal     · KVUE · meanRev ▲ 100 · 15m
17:25 KSA · REGULAR · signal     · KMB · meanRev ▲ 100 · 15m
17:25 KSA · REGULAR · signal     · NEAR-USD · brk ▼ 100 · 15m
17:25 KSA · REGULAR · signal     · PEPE-USD · orb ▼ 65 · 5m
17:25 KSA · REGULAR · signal     · PEPE-USD · vwapRec ▼ 60 · 5m
17:25 KSA · REGULAR · signal     · BANK-USD · vwapRec ▲ 85 · 5m
17:25 KSA · REGULAR · signal     · DUK · brk ▼ 69 · 1d
17:28 KSA · REGULAR · scanner    · بدء المسح · 1153 رمزاً · الجلسة REGULAR
17:28 KSA · REGULAR · signal     · V · orb ▼ 82 · 5m
17:28 KSA · REGULAR · signal     · ABBV · orb ▲ 82 · 5m
17:28 KSA · REGULAR · signal     · CSCO · vwapRec ▼ 100 · 5m
17:28 KSA · REGULAR · signal     · PH · orb ▼ 82 · 5m
17:28 KSA · REGULAR · signal     · APP · pbTrend ▼ 57 · 1h
17:28 KSA · REGULAR · signal     · RAY-USD · sqzExp ▼ 100 · 1h
17:28 KSA · REGULAR · signal     · U-USD · orb ▲ 100 · 5m
17:28 KSA · REGULAR · signal     · U-USD · vwapRec ▲ 57 · 5m
17:28 KSA · REGULAR · signal     · IVZ · brk ▼ 69 · 1d
17:30 KSA · REGULAR · scanner    · بدء المسح · 1153 رمزاً · الجلسة REGULAR
17:30 KSA · REGULAR · signal     · COST · meanRev ▲ 100 · 15m
17:30 KSA · REGULAR · signal     · NEM · brk ▼ 69 · 15m
17:30 KSA · REGULAR · signal     · HONA · orb ▼ 100 · 5m
17:30 KSA · REGULAR · signal     · COIN · meanRev ▲ 100 · 15m
17:30 KSA · REGULAR · signal     · IOTA-USD · meanRev ▲ 100 · 15m
17:30 KSA · REGULAR · signal     · MUB-USD · meanRev ▼ 100 · 15m
17:30 KSA · REGULAR · signal     · WLFI-USD · brk ▼ 100 · 15m
17:30 KSA · REGULAR · signal     · WLFI-USD · meanRev ▲ 100 · 15m
17:33 KSA · REGULAR · scanner    · بدء المسح · 1153 رمزاً · الجلسة REGULAR
17:33 KSA · REGULAR · signal     · AAPL · pbTrend ▲ 79 · 1h
17:33 KSA · REGULAR · signal     · AMGN · vwapRec ▼ 65 · 5m
17:33 KSA · REGULAR · signal     · COP · vwapRec ▲ 70 · 5m
17:33 KSA · REGULAR · signal     · TJX · vwapRec ▼ 78 · 5m
17:33 KSA · REGULAR · signal     · PGR · rsiDiv ▼ 61 · 15m
17:33 KSA · REGULAR · signal     · VLO · vwapRec ▲ 78 · 5m
17:33 KSA · REGULAR · signal     · AON · rsiDiv ▲ 69 · 15m
17:33 KSA · REGULAR · signal     · HON · tfAlign ▼ 90 · 1d
17:33 KSA · REGULAR · signal     · LINK-USD · brk ▼ 84 · 15m
17:33 KSA · REGULAR · signal     · NEAR-USD · volSpike ▼ 78 · 15m
17:33 KSA · REGULAR · signal     · RAY-USD · volSpike ▼ 72 · 15m
17:33 KSA · REGULAR · signal     · LSK-USD · orb ▼ 73 · 5m
17:33 KSA · REGULAR · signal     · LSK-USD · brk ▼ 68 · 15m
17:33 KSA · REGULAR · signal     · SUI-USD · sqzExp ▼ 65 · 1h
17:33 KSA · REGULAR · signal     · U-USD · brk ▼ 55 · 15m
17:33 KSA · REGULAR · signal     · PEPE-USD · volSpike ▼ 67 · 15m
17:33 KSA · REGULAR · signal     · TAO-USD · brk ▼ 77 · 15m
17:33 KSA · REGULAR · signal     · TAO-USD · sqzExp ▼ 68 · 1h
17:33 KSA · REGULAR · signal     · THE-USD · orb ▼ 70 · 5m
17:33 KSA · REGULAR · signal     · THE-USD · brk ▼ 61 · 15m
17:33 KSA · REGULAR · signal     · TRUMP-USD · brk ▼ 77 · 15m
17:33 KSA · REGULAR · signal     · TRUMP-USD · sqzExp ▼ 55 · 1h
17:33 KSA · REGULAR · signal     · EUR-USD · orb ▼ 80 · 5m
17:33 KSA · REGULAR · signal     · EUR-USD · brk ▼ 73 · 15m
17:33 KSA · REGULAR · signal     · ARB-USD · brk ▼ 59 · 15m
17:33 KSA · REGULAR · signal     · HOLO-USD · brk ▼ 73 · 15m
17:33 KSA · REGULAR · signal     · HOLO-USD · sqzExp ▼ 78 · 1h
17:33 KSA · REGULAR · signal     · BANK-USD · brk ▼ 61 · 15m
17:33 KSA · REGULAR · signal     · TON-USD · brk ▼ 61 · 15m
17:33 KSA · REGULAR · signal     · SENT-USD · brk ▼ 55 · 15m
17:33 KSA · REGULAR · signal     · PENGU-USD · brk ▼ 68 · 15m
17:33 KSA · REGULAR · signal     · PENGU-USD · sqzExp ▼ 73 · 1h
17:33 KSA · REGULAR · signal     · ASTER-USD · sqzExp ▼ 78 · 1h
17:33 KSA · REGULAR · signal     · APT-USD · brk ▼ 66 · 15m
17:33 KSA · REGULAR · signal     · APT-USD · sqzExp ▼ 100 · 1h
17:35 KSA · REGULAR · scanner    · بدء المسح · 1153 رمزاً · الجلسة REGULAR
17:35 KSA · REGULAR · signal     · GS · meanRev ▲ 100 · 15m
17:35 KSA · REGULAR · signal     · WFC · orb ▼ 82 · 5m
17:35 KSA · REGULAR · signal     · AXP · orb ▼ 100 · 5m
17:35 KSA · REGULAR · signal     · AXP · brk ▼ 100 · 15m
17:35 KSA · REGULAR · signal     · DHR · vwapRec ▼ 100 · 5m
17:35 KSA · REGULAR · signal     · VRTX · vwapRec ▼ 100 · 5m
17:35 KSA · REGULAR · signal     · SPGI · orb ▼ 64 · 5m
17:35 KSA · REGULAR · signal     · HBAR-USD · vwapRec ▼ 100 · 5m
17:35 KSA · REGULAR · signal     · AAVE-USD · brk ▼ 69 · 15m
17:35 KSA · REGULAR · signal     · PEPE-USD · orb ▼ 73 · 5m
17:35 KSA · REGULAR · signal     · AMZNB-USD · meanRev ▲ 100 · 1d
17:38 KSA · REGULAR · scanner    · بدء المسح · 1153 رمزاً · الجلسة REGULAR
17:38 KSA · REGULAR · signal     · JPM · brk ▼ 69 · 15m
17:38 KSA · REGULAR · signal     · XOM · vwapRec ▼ 100 · 5m
17:38 KSA · REGULAR · signal     · AMAT · meanRev ▲ 100 · 15m
17:38 KSA · REGULAR · signal     · ETH-USD · sqzExp ▼ 100 · 1h
17:38 KSA · REGULAR · signal     · CEG · orb ▼ 82 · 5m
17:38 KSA · REGULAR · signal     · TER · orb ▼ 100 · 5m
17:38 KSA · REGULAR · signal     · MCHP · meanRev ▲ 100 · 15m
17:38 KSA · REGULAR · signal     · AVAX-USD · brk ▼ 69 · 15m
17:38 KSA · REGULAR · signal     · XAUT-USD · orb ▼ 100 · 5m
17:38 KSA · REGULAR · signal     · ONDO-USD · sqzExp ▼ 100 · 1h
17:38 KSA · REGULAR · signal     · ENA-USD · vwapRec ▼ 100 · 5m
17:38 KSA · REGULAR · signal     · IOTA-USD · sqzExp ▼ 100 · 1h
17:38 KSA · REGULAR · signal     · CRCLB-USD · meanRev ▲ 100 · 15m
17:38 KSA · REGULAR · signal     · SNXXB-USD · orb ▼ 82 · 5m
17:38 KSA · REGULAR · signal     · U-USD · orb ▲ 100 · 5m
17:38 KSA · REGULAR · signal     · U-USD · vwapRec ▲ 57 · 5m
17:38 KSA · REGULAR · signal     · TRUMP-USD · brk ▼ 69 · 15m
17:38 KSA · REGULAR · signal     · EUR-USD · orb ▼ 64 · 5m
17:38 KSA · REGULAR · signal     · PENGU-USD · brk ▼ 69 · 15m
17:38 KSA · REGULAR · signal     · PENGU-USD · meanRev ▲ 100 · 15m
17:38 KSA · REGULAR · signal     · VMC · brk ▼ 69 · 1d
17:38 KSA · REGULAR · signal     · INCY · meanRev ▲ 100 · 1d
17:40 KSA · REGULAR · scanner    · بدء المسح · 1153 رمزاً · الجلسة REGULAR
17:40 KSA · REGULAR · signal     · APH · orb ▼ 82 · 5m
17:40 KSA · REGULAR · signal     · BX · orb ▼ 100 · 5m
17:40 KSA · REGULAR · signal     · PH · meanRev ▲ 100 · 15m
17:40 KSA · REGULAR · signal     · FCX · orb ▼ 82 · 5m
17:40 KSA · REGULAR · signal     · TER · brk ▼ 69 · 15m
17:40 KSA · REGULAR · signal     · ON · vwapRec ▼ 100 · 5m
17:40 KSA · REGULAR · signal     · ADA-USD · brk ▼ 100 · 15m
17:40 KSA · REGULAR · signal     · ADA-USD · sqzExp ▼ 100 · 1h
17:40 KSA · REGULAR · signal     · PENDLE-USD · sqzExp ▼ 100 · 1h
17:40 KSA · REGULAR · signal     · SUI-USD · sqzExp ▼ 100 · 1h
17:40 KSA · REGULAR · signal     · TAO-USD · meanRev ▲ 100 · 15m
17:40 KSA · REGULAR · signal     · THE-USD · orb ▼ 100 · 5m
17:40 KSA · REGULAR · signal     · THE-USD · brk ▼ 69 · 15m
17:40 KSA · REGULAR · signal     · THE-USD · meanRev ▲ 100 · 15m
17:40 KSA · REGULAR · signal     · TRUMP-USD · sqzExp ▼ 100 · 1h
17:40 KSA · REGULAR · signal     · PENGU-USD · sqzExp ▼ 100 · 1h
17:40 KSA · REGULAR · signal     · WLFI-USD · meanRev ▲ 100 · 15m
17:40 KSA · REGULAR · signal     · COF · meanRev ▲ 100 · 1d
17:40 KSA · REGULAR · signal     · WBTC-USD · meanRev ▲ 100 · 1d
17:40 KSA · REGULAR · signal     · YB-USD · meanRev ▲ 100 · 1d
17:40 KSA · REGULAR · signal     · GNS-USD · meanRev ▲ 100 · 1d
17:40 KSA · REGULAR · signal     · JUV-USD · meanRev ▲ 100 · 1d
17:40 KSA · REGULAR · signal     · STG-USD · meanRev ▲ 100 · 1d
17:44 KSA · REGULAR · scanner    · بدء المسح · 1153 رمزاً · الجلسة REGULAR
17:44 KSA · REGULAR · signal     · AVGO · sqzExp ▼ 90 · 1h
17:44 KSA · REGULAR · signal     · XRP-USD · brk ▼ 55 · 15m
17:44 KSA · REGULAR · signal     · SNPS · meanRev ▲ 60 · 15m
17:44 KSA · REGULAR · signal     · TER · sqzExp ▼ 68 · 1h
17:44 KSA · REGULAR · signal     · LSK-USD · orb ▼ 80 · 5m
17:44 KSA · REGULAR · signal     · MUB-USD · vwapRec ▲ 75 · 5m
17:44 KSA · REGULAR · signal     · SOXLB-USD · vwapRec ▲ 60 · 5m
17:44 KSA · REGULAR · signal     · U-USD · brk ▼ 55 · 15m
17:44 KSA · REGULAR · signal     · TAO-USD · brk ▼ 77 · 15m
17:44 KSA · REGULAR · signal     · TAO-USD · sqzExp ▼ 68 · 1h
17:44 KSA · REGULAR · signal     · EUR-USD · brk ▼ 73 · 15m
17:44 KSA · REGULAR · signal     · ARB-USD · orb ▼ 57 · 5m
17:44 KSA · REGULAR · signal     · ARB-USD · brk ▼ 59 · 15m
17:44 KSA · REGULAR · signal     · HOLO-USD · brk ▼ 73 · 15m
17:44 KSA · REGULAR · signal     · HOLO-USD · sqzExp ▼ 78 · 1h
17:44 KSA · REGULAR · signal     · BANK-USD · brk ▼ 61 · 15m
17:44 KSA · REGULAR · signal     · TON-USD · brk ▼ 61 · 15m
17:44 KSA · REGULAR · signal     · SENT-USD · brk ▼ 55 · 15m
17:44 KSA · REGULAR · signal     · APT-USD · brk ▼ 66 · 15m
17:44 KSA · REGULAR · signal     · APT-USD · sqzExp ▼ 100 · 1h
17:45 KSA · REGULAR · scanner    · بدء المسح · 1153 رمزاً · الجلسة REGULAR
17:45 KSA · REGULAR · signal     · PM · orb ▲ 82 · 5m
17:45 KSA · REGULAR · signal     · UBER · orb ▼ 100 · 5m
17:45 KSA · REGULAR · signal     · UBER · brk ▼ 69 · 15m
17:45 KSA · REGULAR · signal     · DHR · meanRev ▼ 100 · 15m
17:45 KSA · REGULAR · signal     · CB · orb ▲ 82 · 5m
17:45 KSA · REGULAR · signal     · PGR · orb ▲ 100 · 5m
17:45 KSA · REGULAR · signal     · SYK · vwapRec ▲ 100 · 5m
17:45 KSA · REGULAR · signal     · GRAM-USD · brk ▼ 100 · 15m
17:45 KSA · REGULAR · signal     · SPCXB-USD · meanRev ▲ 100 · 15m
17:45 KSA · REGULAR · signal     · SNDKB-USD · orb ▼ 100 · 5m
17:45 KSA · REGULAR · signal     · MTL-USD · sqzExp ▼ 100 · 1h
17:45 KSA · REGULAR · signal     · U-USD · orb ▲ 80 · 5m
17:45 KSA · REGULAR · signal     · PEPE-USD · orb ▼ 73 · 5m
17:45 KSA · REGULAR · signal     · PEPE-USD · brk ▼ 64 · 15m
17:45 KSA · REGULAR · signal     · FRAX-USD · meanRev ▲ 100 · 1d
17:45 KSA · REGULAR · signal     · YFI-USD · brk ▼ 69 · 1d
17:45 KSA · REGULAR · signal     · YFI-USD · meanRev ▲ 100 · 1d
17:45 KSA · REGULAR · signal     · CETUS-USD · meanRev ▲ 100 · 1d
17:45 KSA · REGULAR · signal     · ALPINE-USD · meanRev ▲ 100 · 1d
17:48 KSA · REGULAR · scanner    · بدء المسح · 1153 رمزاً · الجلسة REGULAR
17:48 KSA · REGULAR · signal     · VZ · brk ▲ 69 · 15m
17:48 KSA · REGULAR · signal     · BKNG · meanRev ▲ 100 · 15m
17:48 KSA · REGULAR · signal     · ACN · vwapRec ▲ 100 · 5m
17:48 KSA · REGULAR · signal     · DDOG · vwapRec ▲ 60 · 5m
17:48 KSA · REGULAR · signal     · MDLZ · orb ▲ 100 · 5m
17:48 KSA · REGULAR · signal     · CMI · orb ▼ 82 · 5m
17:48 KSA · REGULAR · signal     · XLM-USD · brk ▼ 100 · 15m
17:48 KSA · REGULAR · signal     · NEAR-USD · meanRev ▲ 100 · 15m
17:48 KSA · REGULAR · signal     · REZ-USD · meanRev ▲ 100 · 15m
17:48 KSA · REGULAR · signal     · THE-USD · meanRev ▲ 100 · 15m
17:48 KSA · REGULAR · signal     · WLFI-USD · brk ▼ 100 · 15m
17:48 KSA · REGULAR · signal     · WLFI-USD · meanRev ▲ 100 · 15m
17:48 KSA · REGULAR · signal     · ASTER-USD · sqzExp ▼ 100 · 1h
17:48 KSA · REGULAR · signal     · VMC · meanRev ▲ 100 · 1d
17:48 KSA · REGULAR · signal     · TURBO-USD · brk ▼ 69 · 1d
17:48 KSA · REGULAR · signal     · RESOLV-USD · meanRev ▲ 100 · 1d
17:48 KSA · REGULAR · signal     · JUV-USD · brk ▼ 69 · 1d
17:50 KSA · REGULAR · scanner    · بدء المسح · 1153 رمزاً · الجلسة REGULAR
17:50 KSA · REGULAR · signal     · BRK-B · orb ▲ 82 · 5m
17:50 KSA · REGULAR · signal     · DHR · orb ▲ 82 · 5m
17:50 KSA · REGULAR · signal     · XPL-USD · brk ▼ 69 · 15m
17:50 KSA · REGULAR · signal     · U-USD · vwapRec ▲ 57 · 5m
17:50 KSA · REGULAR · signal     · TAO-USD · brk ▼ 69 · 15m
17:50 KSA · REGULAR · signal     · ARB-USD · vwapRec ▼ 100 · 5m
17:50 KSA · REGULAR · signal     · BANK-USD · meanRev ▲ 100 · 15m
17:50 KSA · REGULAR · signal     · DIA-USD · meanRev ▲ 100 · 1d
17:50 KSA · REGULAR · signal     · OGN-USD · meanRev ▲ 100 · 1d
17:50 KSA · REGULAR · signal     · XAI-USD · meanRev ▲ 100 · 1d
17:53 KSA · REGULAR · scanner    · بدء المسح · 1153 رمزاً · الجلسة REGULAR
17:53 KSA · REGULAR · signal     · MA · vwapRec ▲ 57 · 5m
17:53 KSA · REGULAR · signal     · PG · brk ▲ 68 · 15m
17:53 KSA · REGULAR · signal     · PM · volSpike ▲ 89 · 15m
17:53 KSA · REGULAR · signal     · PFE · volSpike ▲ 61 · 15m
17:53 KSA · REGULAR · signal     · NOW · orb ▲ 60 · 5m
17:53 KSA · REGULAR · signal     · XRP-USD · volSpike ▼ 72 · 15m
17:53 KSA · REGULAR · signal     · SOL-USD · volSpike ▼ 78 · 15m
17:53 KSA · REGULAR · signal     · LINK-USD · volSpike ▼ 78 · 15m
17:53 KSA · REGULAR · signal     · ADA-USD · volSpike ▼ 94 · 15m
17:53 KSA · REGULAR · signal     · ONDO-USD · volSpike ▼ 83 · 15m
17:53 KSA · REGULAR · signal     · INJ-USD · volSpike ▼ 67 · 15m
17:53 KSA · REGULAR · signal     · PENDLE-USD · volSpike ▼ 72 · 15m
17:53 KSA · REGULAR · signal     · OP-USD · brk ▼ 95 · 15m
17:53 KSA · REGULAR · signal     · IOTA-USD · volSpike ▼ 94 · 15m
17:53 KSA · REGULAR · signal     · LSK-USD · orb ▼ 80 · 5m
17:53 KSA · REGULAR · signal     · HEMI-USD · vwapRec ▲ 68 · 5m
17:53 KSA · REGULAR · signal     · UNI-USD · volSpike ▼ 61 · 15m
17:53 KSA · REGULAR · signal     · TAO-USD · sqzExp ▼ 68 · 1h
17:53 KSA · REGULAR · signal     · TRUMP-USD · volSpike ▼ 89 · 15m
17:53 KSA · REGULAR · signal     · EUR-USD · brk ▼ 73 · 15m
17:53 KSA · REGULAR · signal     · ARB-USD · orb ▼ 65 · 5m
17:53 KSA · REGULAR · signal     · ARB-USD · brk ▼ 68 · 15m
17:53 KSA · REGULAR · signal     · HOLO-USD · brk ▼ 80 · 15m
17:53 KSA · REGULAR · signal     · HOLO-USD · sqzExp ▼ 78 · 1h
17:53 KSA · REGULAR · signal     · BANK-USD · brk ▼ 77 · 15m
17:53 KSA · REGULAR · signal     · BANK-USD · volSpike ▼ 78 · 15m
17:53 KSA · REGULAR · signal     · TON-USD · brk ▼ 61 · 15m
17:53 KSA · REGULAR · signal     · SENT-USD · brk ▼ 73 · 15m
17:53 KSA · REGULAR · signal     · PENGU-USD · volSpike ▼ 72 · 15m
17:53 KSA · REGULAR · signal     · APT-USD · brk ▼ 75 · 15m
17:53 KSA · REGULAR · signal     · APT-USD · sqzExp ▼ 100 · 1h
17:55 KSA · REGULAR · scanner    · بدء المسح · 1153 رمزاً · الجلسة REGULAR
17:55 KSA · REGULAR · signal     · SNDK · orb ▼ 100 · 5m
17:55 KSA · REGULAR · signal     · PWR · orb ▼ 82 · 5m
17:55 KSA · REGULAR · signal     · PWR · brk ▼ 69 · 15m
17:55 KSA · REGULAR · signal     · FIX · orb ▼ 100 · 5m
17:55 KSA · REGULAR · signal     · HONA · brk ▼ 100 · 15m
17:55 KSA · REGULAR · signal     · SNDKB-USD · brk ▼ 100 · 15m
17:55 KSA · REGULAR · signal     · SNXXB-USD · brk ▼ 100 · 15m
17:55 KSA · REGULAR · signal     · U-USD · orb ▲ 80 · 5m
17:55 KSA · REGULAR · signal     · PEPE-USD · orb ▼ 65 · 5m
17:55 KSA · REGULAR · signal     · PEPE-USD · brk ▼ 64 · 15m
17:55 KSA · REGULAR · signal     · PEPE-USD · pbTrend ▲ 57 · 1h
17:55 KSA · REGULAR · signal     · PEPE-USD · meanRev ▲ 57 · 15m
17:55 KSA · REGULAR · signal     · WST · brk ▲ 69 · 1d
17:55 KSA · REGULAR · signal     · ASR-USD · meanRev ▲ 100 · 1d
17:55 KSA · REGULAR · signal     · USARB-USD · brk ▼ 69 · 1d
17:55 KSA · REGULAR · signal     · COOKIE-USD · meanRev ▲ 100 · 1d
17:56 KSA · REGULAR · scanner    · بدء المسح · 1153 رمزاً · الجلسة REGULAR
17:56 KSA · REGULAR · signal     · GEV · orb ▼ 82 · 5m
17:56 KSA · REGULAR · signal     · SNDK · meanRev ▲ 100 · 15m
17:56 KSA · REGULAR · signal     · DIS · vwapRec ▼ 100 · 5m
17:56 KSA · REGULAR · signal     · APP · orb ▼ 82 · 5m
17:56 KSA · REGULAR · signal     · APP · brk ▼ 69 · 15m
17:56 KSA · REGULAR · signal     · XRP-USD · meanRev ▲ 100 · 15m
17:56 KSA · REGULAR · signal     · MPWR · orb ▼ 82 · 5m
17:56 KSA · REGULAR · signal     · ENA-USD · brk ▼ 69 · 15m
17:56 KSA · REGULAR · signal     · WLD-USD · meanRev ▲ 100 · 15m
17:56 KSA · REGULAR · signal     · CAKE-USD · brk ▼ 100 · 15m
17:56 KSA · REGULAR · signal     · PUMP-USD · meanRev ▲ 100 · 15m
17:56 KSA · REGULAR · signal     · BANK-USD · brk ▼ 100 · 15m
17:56 KSA · REGULAR · signal     · BANK-USD · meanRev ▲ 100 · 15m
17:56 KSA · REGULAR · signal     · NEIRO-USD · meanRev ▲ 100 · 1d
17:58 KSA · REGULAR · scanner    · بدء المسح · 1153 رمزاً · الجلسة REGULAR
18:00 KSA · REGULAR · scanner    · بدء المسح · 1153 رمزاً · الجلسة REGULAR
18:00 KSA · REGULAR · signal     · CMI · brk ▼ 100 · 15m
18:03 KSA · REGULAR · scanner    · بدء المسح · 1153 رمزاً · الجلسة REGULAR
18:03 KSA · REGULAR · signal     · ZEC-USD · meanRev ▲ 80 · 15m
18:03 KSA · REGULAR · signal     · ZEC-USD · volSpike ▲ 89 · 15m
18:03 KSA · REGULAR · signal     · LINK-USD · volSpike ▲ 94 · 15m
18:03 KSA · REGULAR · signal     · ENA-USD · volSpike ▲ 94 · 15m
18:03 KSA · REGULAR · signal     · CAKE-USD · meanRev ▲ 73 · 15m
18:03 KSA · REGULAR · signal     · ETHFI-USD · meanRev ▲ 80 · 15m
18:03 KSA · REGULAR · signal     · XPL-USD · meanRev ▲ 55 · 15m
18:03 KSA · REGULAR · signal     · LSK-USD · orb ▼ 80 · 5m
18:03 KSA · REGULAR · signal     · UNI-USD · volSpike ▲ 56 · 15m
18:03 KSA · REGULAR · signal     · U-USD · orb ▼ 65 · 5m
18:03 KSA · REGULAR · signal     · U-USD · brk ▼ 73 · 15m
18:03 KSA · REGULAR · signal     · 牛来-USD · vwapRec ▼ 72 · 5m
18:03 KSA · REGULAR · signal     · TAO-USD · sqzExp ▼ 68 · 1h
18:03 KSA · REGULAR · signal     · TRUMP-USD · volSpike ▲ 56 · 15m
18:03 KSA · REGULAR · signal     · EUR-USD · brk ▼ 80 · 15m
18:03 KSA · REGULAR · signal     · PUMP-USD · volSpike ▲ 94 · 15m
18:03 KSA · REGULAR · signal     · ARB-USD · brk ▼ 61 · 15m
18:03 KSA · REGULAR · signal     · TON-USD · brk ▼ 61 · 15m
18:03 KSA · REGULAR · signal     · SENT-USD · brk ▼ 59 · 15m
18:03 KSA · REGULAR · signal     · PENGU-USD · volSpike ▲ 56 · 15m
18:03 KSA · REGULAR · signal     · WLFI-USD · brk ▼ 55 · 15m
18:03 KSA · REGULAR · signal     · ASTER-USD · volSpike ▲ 61 · 15m
18:03 KSA · REGULAR · signal     · APT-USD · brk ▼ 68 · 15m
18:03 KSA · REGULAR · signal     · APT-USD · sqzExp ▼ 100 · 1h
18:05 KSA · REGULAR · scanner    · بدء المسح · 1153 رمزاً · الجلسة REGULAR
18:05 KSA · REGULAR · signal     · JPM · meanRev ▲ 100 · 15m
18:05 KSA · REGULAR · signal     · NOW · brk ▲ 69 · 15m
18:05 KSA · REGULAR · signal     · VLO · vwapRec ▲ 100 · 5m
18:05 KSA · REGULAR · signal     · ADBE · vwapRec ▲ 100 · 5m
18:05 KSA · REGULAR · signal     · MCHP · brk ▼ 69 · 15m
18:05 KSA · REGULAR · signal     · PEPE-USD · orb ▼ 73 · 5m
18:06 KSA · REGULAR · scanner    · بدء المسح · 1153 رمزاً · الجلسة REGULAR
18:06 KSA · REGULAR · signal     · NVDA · orb ▼ 82 · 5m
18:06 KSA · REGULAR · signal     · META · vwapRec ▲ 100 · 5m
18:06 KSA · REGULAR · signal     · AMGN · orb ▼ 82 · 5m
18:06 KSA · REGULAR · signal     · ADP · orb ▲ 82 · 5m
18:06 KSA · REGULAR · signal     · IR · meanRev ▲ 100 · 1d
18:10 KSA · REGULAR · scanner    · بدء المسح · 1153 رمزاً · الجلسة REGULAR
18:10 KSA · REGULAR · signal     · MSFT · vwapRec ▲ 100 · 5m
18:10 KSA · REGULAR · signal     · TSLA · vwapRec ▲ 100 · 5m
18:10 KSA · REGULAR · signal     · LTC-USD · brk ▼ 69 · 15m
18:10 KSA · REGULAR · signal     · U-USD · vwapRec ▼ 57 · 5m
18:10 KSA · REGULAR · signal     · SJM · sqzExp ▼ 100 · 1d
18:14 KSA · REGULAR · scanner    · بدء المسح · 1153 رمزاً · الجلسة REGULAR
18:14 KSA · REGULAR · signal     · AMAT · sqzExp ▼ 68 · 1h
18:14 KSA · REGULAR · signal     · ETH-USD · meanRev ▲ 75 · 15m
18:14 KSA · REGULAR · signal     · ISRG · vwapRec ▲ 60 · 5m
18:14 KSA · REGULAR · signal     · ISRG · pbTrend ▼ 74 · 1h
18:14 KSA · REGULAR · signal     · UNI-USD · brk ▼ 73 · 15m
18:14 KSA · REGULAR · signal     · U-USD · brk ▼ 73 · 15m
18:14 KSA · REGULAR · signal     · PEPE-USD · brk ▲ 57 · 15m
18:14 KSA · REGULAR · signal     · TAO-USD · brk ▼ 73 · 15m
18:14 KSA · REGULAR · signal     · TAO-USD · sqzExp ▼ 68 · 1h
18:14 KSA · REGULAR · signal     · THE-USD · brk ▼ 61 · 15m
18:14 KSA · REGULAR · signal     · EUR-USD · brk ▼ 80 · 15m
18:14 KSA · REGULAR · signal     · ARB-USD · orb ▼ 57 · 5m
18:14 KSA · REGULAR · signal     · ARB-USD · brk ▼ 61 · 15m
18:14 KSA · REGULAR · signal     · HOLO-USD · brk ▼ 80 · 15m
18:14 KSA · REGULAR · signal     · BANK-USD · brk ▼ 70 · 15m
18:14 KSA · REGULAR · signal     · TON-USD · brk ▼ 61 · 15m
18:14 KSA · REGULAR · signal     · SENT-USD · brk ▼ 59 · 15m
18:14 KSA · REGULAR · signal     · WLFI-USD · brk ▼ 55 · 15m
18:14 KSA · REGULAR · signal     · ASTER-USD · sqzExp ▼ 78 · 1h
18:14 KSA · REGULAR · signal     · APT-USD · brk ▼ 68 · 15m
18:14 KSA · REGULAR · signal     · APT-USD · sqzExp ▼ 100 · 1h
18:15 KSA · REGULAR · scanner    · بدء المسح · 1153 رمزاً · الجلسة REGULAR
18:15 KSA · REGULAR · signal     · TMO · orb ▲ 100 · 5m
18:15 KSA · REGULAR · signal     · ETN · brk ▼ 69 · 15m
18:15 KSA · REGULAR · signal     · DHR · orb ▲ 100 · 5m
18:15 KSA · REGULAR · signal     · BKNG · sqzExp ▼ 100 · 1h
18:15 KSA · REGULAR · signal     · ACN · orb ▲ 100 · 5m
18:15 KSA · REGULAR · signal     · FCX · meanRev ▲ 100 · 15m
18:15 KSA · REGULAR · signal     · RAY-USD · meanRev ▲ 100 · 15m
18:15 KSA · REGULAR · signal     · U-USD · orb ▲ 65 · 5m
18:15 KSA · REGULAR · signal     · PEPE-USD · orb ▼ 57 · 5m
18:15 KSA · REGULAR · signal     · RONIN-USD · brk ▼ 69 · 1d
18:15 KSA · REGULAR · signal     · RONIN-USD · meanRev ▲ 100 · 1d
18:18 KSA · REGULAR · scanner    · بدء المسح · 1153 رمزاً · الجلسة REGULAR
18:18 KSA · REGULAR · signal     · COP · orb ▲ 82 · 5m
18:18 KSA · REGULAR · signal     · AON · vwapRec ▼ 100 · 5m
18:18 KSA · REGULAR · signal     · BANK-USD · brk ▼ 100 · 15m
18:18 KSA · REGULAR · signal     · BANK-USD · meanRev ▲ 100 · 15m
18:20 KSA · REGULAR · scanner    · بدء المسح · 1153 رمزاً · الجلسة REGULAR
18:20 KSA · REGULAR · signal     · COP · meanRev ▼ 100 · 15m
18:20 KSA · REGULAR · signal     · APP · vwapRec ▲ 100 · 5m
18:20 KSA · REGULAR · signal     · LII · meanRev ▲ 100 · 1d
18:24 KSA · REGULAR · scanner    · بدء المسح · 1153 رمزاً · الجلسة REGULAR
18:24 KSA · REGULAR · signal     · CVX · brk ▲ 70 · 15m
18:24 KSA · REGULAR · signal     · CVX · momo ▲ 83 · 1h
18:24 KSA · REGULAR · signal     · KO · momo ▼ 58 · 1h
18:24 KSA · REGULAR · signal     · MRK · momo ▼ 75 · 1h
18:24 KSA · REGULAR · signal     · UNH · momo ▼ 67 · 1h
18:24 KSA · REGULAR · signal     · NFLX · momo ▼ 75 · 1h
18:24 KSA · REGULAR · signal     · HD · momo ▼ 83 · 1h
18:24 KSA · REGULAR · signal     · AXP · momo ▼ 83 · 1h
18:24 KSA · REGULAR · signal     · TMUS · momo ▼ 56 · 1h
18:24 KSA · REGULAR · signal     · LOW · momo ▼ 78 · 1h
18:24 KSA · REGULAR · signal     · XRP-USD · momo ▼ 78 · 1h
18:24 KSA · REGULAR · signal     · COIN · momo ▼ 75 · 1h
18:24 KSA · REGULAR · signal     · LHX · momo ▲ 64 · 1h
18:24 KSA · REGULAR · signal     · KMB · momo ▼ 83 · 1h
18:24 KSA · REGULAR · signal     · XLM-USD · momo ▼ 56 · 1h
18:24 KSA · REGULAR · signal     · HBAR-USD · momo ▼ 56 · 1h
18:24 KSA · REGULAR · signal     · PAXG-USD · orb ▼ 85 · 5m
18:24 KSA · REGULAR · signal     · DASH-USD · volSpike ▲ 78 · 15m
18:24 KSA · REGULAR · signal     · FET-USD · tfAlign ▼ 83 · 1d
18:24 KSA · REGULAR · signal     · XPL-USD · momo ▼ 86 · 1h
18:24 KSA · REGULAR · signal     · IOTA-USD · momo ▼ 100 · 1h
18:24 KSA · REGULAR · signal     · LSK-USD · orb ▼ 73 · 5m
18:24 KSA · REGULAR · signal     · LSK-USD · brk ▼ 82 · 15m
18:24 KSA · REGULAR · signal     · SNDKB-USD · sqzExp ▼ 68 · 1h
18:24 KSA · REGULAR · signal     · SNDKB-USD · momo ▼ 92 · 1h
18:24 KSA · REGULAR · signal     · SNXXB-USD · sqzExp ▼ 78 · 1h
18:24 KSA · REGULAR · signal     · SNXXB-USD · momo ▼ 92 · 1h
18:24 KSA · REGULAR · signal     · UNI-USD · brk ▼ 73 · 15m
18:24 KSA · REGULAR · signal     · PEPE-USD · brk ▲ 55 · 15m
18:24 KSA · REGULAR · signal     · TAO-USD · brk ▼ 73 · 15m
18:24 KSA · REGULAR · signal     · TAO-USD · sqzExp ▼ 75 · 1h
18:24 KSA · REGULAR · signal     · THE-USD · orb ▼ 85 · 5m
18:24 KSA · REGULAR · signal     · THE-USD · brk ▼ 55 · 15m
18:24 KSA · REGULAR · signal     · EUR-USD · brk ▼ 77 · 15m
18:24 KSA · REGULAR · signal     · EUR-USD · tfAlign ▼ 73 · 1d
18:24 KSA · REGULAR · signal     · ARB-USD · orb ▼ 57 · 5m
18:24 KSA · REGULAR · signal     · HOLO-USD · brk ▼ 73 · 15m
18:24 KSA · REGULAR · signal     · HOLO-USD · sqzExp ▼ 88 · 1h
18:24 KSA · REGULAR · signal     · BANK-USD · momo ▼ 61 · 1h
18:24 KSA · REGULAR · signal     · TON-USD · brk ▼ 61 · 15m
18:24 KSA · REGULAR · signal     · SENT-USD · brk ▼ 61 · 15m
18:24 KSA · REGULAR · signal     · WLFI-USD · brk ▼ 61 · 15m
18:24 KSA · REGULAR · signal     · ASTER-USD · sqzExp ▼ 60 · 1h
18:24 KSA · REGULAR · signal     · APT-USD · brk ▼ 55 · 15m
18:24 KSA · REGULAR · signal     · APT-USD · sqzExp ▼ 100 · 1h
18:25 KSA · REGULAR · scanner    · بدء المسح · 1153 رمزاً · الجلسة REGULAR
18:25 KSA · REGULAR · signal     · HOOD · orb ▲ 100 · 5m
18:25 KSA · REGULAR · signal     · XLM-USD · orb ▲ 100 · 5m
18:25 KSA · REGULAR · signal     · XLM-USD · vwapRec ▲ 100 · 5m
18:25 KSA · REGULAR · signal     · WLD-USD · vwapRec ▲ 100 · 5m
18:25 KSA · REGULAR · signal     · MARSCOIN-USD · orb ▲ 100 · 5m
18:25 KSA · REGULAR · signal     · U-USD · orb ▲ 65 · 5m
18:25 KSA · REGULAR · signal     · PEPE-USD · orb ▼ 65 · 5m
18:28 KSA · REGULAR · scanner    · بدء المسح · 1153 رمزاً · الجلسة REGULAR
18:28 KSA · REGULAR · signal     · ABBV · brk ▲ 69 · 15m
18:28 KSA · REGULAR · signal     · GILD · orb ▲ 100 · 5m
18:28 KSA · REGULAR · signal     · XRP-USD · pbTrend ▲ 79 · 1h
18:28 KSA · REGULAR · signal     · ZEC-USD · pbTrend ▲ 57 · 1h
18:28 KSA · REGULAR · signal     · DOT-USD · pbTrend ▲ 57 · 1h
18:28 KSA · REGULAR · signal     · ENA-USD · orb ▲ 100 · 5m
18:28 KSA · REGULAR · signal     · ENA-USD · brk ▲ 69 · 15m
18:28 KSA · REGULAR · signal     · OP-USD · brk ▲ 69 · 15m
18:28 KSA · REGULAR · signal     · OP-USD · meanRev ▼ 100 · 15m
18:30 KSA · REGULAR · scanner    · بدء المسح · 1153 رمزاً · الجلسة REGULAR
18:30 KSA · REGULAR · signal     · KO · orb ▲ 64 · 5m
18:30 KSA · REGULAR · signal     · NEE · vwapRec ▲ 100 · 5m
18:30 KSA · REGULAR · signal     · AVAX-USD · pbTrend ▲ 57 · 1h
18:30 KSA · REGULAR · signal     · ARB-USD · brk ▲ 100 · 15m
18:30 KSA · REGULAR · signal     · CMS · meanRev ▲ 100 · 1d
18:33 KSA · REGULAR · scanner    · بدء المسح · 1153 رمزاً · الجلسة REGULAR
18:33 KSA · REGULAR · signal     · GOOGL · brk ▼ 57 · 15m
18:33 KSA · REGULAR · signal     · GOOG · brk ▼ 57 · 15m
18:33 KSA · REGULAR · signal     · NOW · sqzExp ▲ 90 · 1h
18:33 KSA · REGULAR · signal     · LSK-USD · orb ▼ 73 · 5m
18:33 KSA · REGULAR · signal     · UNI-USD · brk ▼ 73 · 15m
18:33 KSA · REGULAR · signal     · UNI-USD · sqzExp ▼ 65 · 1h
18:33 KSA · REGULAR · signal     · SUI-USD · sqzExp ▼ 65 · 1h
18:33 KSA · REGULAR · signal     · PEPE-USD · brk ▲ 55 · 15m
18:33 KSA · REGULAR · signal     · TAO-USD · brk ▼ 64 · 15m
18:33 KSA · REGULAR · signal     · TAO-USD · sqzExp ▼ 75 · 1h
18:33 KSA · REGULAR · signal     · THE-USD · orb ▼ 85 · 5m
18:33 KSA · REGULAR · signal     · THE-USD · brk ▼ 64 · 15m
18:33 KSA · REGULAR · signal     · TRUMP-USD · brk ▼ 73 · 15m
18:33 KSA · REGULAR · signal     · EUR-USD · brk ▼ 73 · 15m
18:33 KSA · REGULAR · signal     · ARB-USD · orb ▼ 65 · 5m
18:33 KSA · REGULAR · signal     · ARB-USD · momo ▲ 67 · 1h
18:33 KSA · REGULAR · signal     · HOLO-USD · brk ▼ 73 · 15m
18:33 KSA · REGULAR · signal     · HOLO-USD · sqzExp ▼ 88 · 1h
18:33 KSA · REGULAR · signal     · TON-USD · brk ▼ 61 · 15m
18:33 KSA · REGULAR · signal     · WLFI-USD · brk ▼ 61 · 15m
18:33 KSA · REGULAR · signal     · ASTER-USD · sqzExp ▼ 60 · 1h
18:33 KSA · REGULAR · signal     · APT-USD · brk ▼ 55 · 15m
18:33 KSA · REGULAR · signal     · APT-USD · sqzExp ▼ 100 · 1h
18:34 KSA · REGULAR · scanner    · بدء المسح · 1153 رمزاً · الجلسة REGULAR
18:34 KSA · REGULAR · signal     · PFE · pbTrend ▲ 57 · 1h
18:34 KSA · REGULAR · signal     · PGR · brk ▲ 100 · 15m
18:34 KSA · REGULAR · signal     · U-USD · orb ▲ 65 · 5m
18:34 KSA · REGULAR · signal     · PEPE-USD · orb ▼ 80 · 5m
18:34 KSA · REGULAR · signal     · EOG · meanRev ▼ 100 · 1d
18:34 KSA · REGULAR · signal     · ROL · meanRev ▲ 100 · 1d
18:37 KSA · REGULAR · scanner    · بدء المسح · 1153 رمزاً · الجلسة REGULAR
18:37 KSA · REGULAR · signal     · LSK-USD · brk ▲ 100 · 15m
18:37 KSA · REGULAR · signal     · MUB-USD · orb ▼ 82 · 5m
18:37 KSA · REGULAR · signal     · ARB-USD · brk ▲ 69 · 15m
18:37 KSA · REGULAR · signal     · CASY · meanRev ▲ 100 · 1d
18:37 KSA · REGULAR · signal     · GPC · meanRev ▲ 100 · 1d
18:40 KSA · REGULAR · scanner    · بدء المسح · 1153 رمزاً · الجلسة REGULAR
18:40 KSA · REGULAR · signal     · CB · brk ▲ 69 · 15m
18:40 KSA · REGULAR · signal     · MDT · orb ▲ 100 · 5m
18:40 KSA · REGULAR · signal     · ACN · brk ▲ 69 · 15m
18:40 KSA · REGULAR · signal     · MPC · orb ▲ 64 · 5m
18:40 KSA · REGULAR · signal     · PSX · orb ▲ 64 · 5m
18:43 KSA · REGULAR · scanner    · بدء المسح · 1153 رمزاً · الجلسة REGULAR
18:43 KSA · REGULAR · signal     · ISRG · orb ▲ 65 · 5m
18:43 KSA · REGULAR · signal     · BNB-USD · orb ▼ 65 · 5m
18:43 KSA · REGULAR · signal     · CMCSA · vwapRec ▲ 60 · 5m
18:43 KSA · REGULAR · signal     · UNI-USD · brk ▼ 73 · 15m
18:43 KSA · REGULAR · signal     · UNI-USD · sqzExp ▼ 65 · 1h
18:43 KSA · REGULAR · signal     · SUI-USD · sqzExp ▼ 65 · 1h
18:43 KSA · REGULAR · signal     · PEPE-USD · brk ▲ 55 · 15m
18:43 KSA · REGULAR · signal     · TAO-USD · brk ▼ 64 · 15m
18:43 KSA · REGULAR · signal     · TAO-USD · sqzExp ▼ 75 · 1h
18:43 KSA · REGULAR · signal     · THE-USD · orb ▼ 70 · 5m
18:43 KSA · REGULAR · signal     · THE-USD · brk ▼ 64 · 15m
18:43 KSA · REGULAR · signal     · TRUMP-USD · brk ▼ 73 · 15m
18:43 KSA · REGULAR · signal     · EUR-USD · brk ▼ 73 · 15m
18:43 KSA · REGULAR · signal     · EUR-USD · tfAlign ▼ 78 · 1d
18:43 KSA · REGULAR · signal     · ARB-USD · orb ▼ 65 · 5m
18:43 KSA · REGULAR · signal     · HOLO-USD · brk ▼ 73 · 15m
18:43 KSA · REGULAR · signal     · HOLO-USD · sqzExp ▼ 88 · 1h
18:43 KSA · REGULAR · signal     · BANK-USD · brk ▼ 64 · 15m
18:43 KSA · REGULAR · signal     · TON-USD · brk ▼ 61 · 15m
18:43 KSA · REGULAR · signal     · PENGU-USD · brk ▼ 68 · 15m
18:43 KSA · REGULAR · signal     · PENGU-USD · tfAlign ▼ 80 · 1d
18:43 KSA · REGULAR · signal     · WLFI-USD · brk ▼ 61 · 15m
18:43 KSA · REGULAR · signal     · ASTER-USD · sqzExp ▼ 60 · 1h
18:43 KSA · REGULAR · signal     · APT-USD · brk ▼ 55 · 15m
18:43 KSA · REGULAR · signal     · APT-USD · sqzExp ▼ 100 · 1h
18:43 KSA · REGULAR · signal     · APT-USD · tfAlign ▼ 70 · 1d
18:44 KSA · REGULAR · scanner    · بدء المسح · 1153 رمزاً · الجلسة REGULAR
18:44 KSA · REGULAR · signal     · CRWD · brk ▲ 100 · 15m
18:44 KSA · REGULAR · signal     · IBM · orb ▲ 64 · 5m
18:44 KSA · REGULAR · signal     · BX · vwapRec ▲ 100 · 5m
18:44 KSA · REGULAR · signal     · ACN · sqzExp ▲ 100 · 1h
18:44 KSA · REGULAR · signal     · MPC · brk ▲ 69 · 15m
18:44 KSA · REGULAR · signal     · ADP · brk ▲ 100 · 15m
18:44 KSA · REGULAR · signal     · ADP · sqzExp ▲ 100 · 1h
18:44 KSA · REGULAR · signal     · PSX · brk ▲ 69 · 15m
18:44 KSA · REGULAR · signal     · HPE · vwapRec ▼ 100 · 5m
18:44 KSA · REGULAR · signal     · HON · orb ▲ 82 · 5m
18:44 KSA · REGULAR · signal     · HBAR-USD · orb ▲ 82 · 5m
18:44 KSA · REGULAR · signal     · LSK-USD · orb ▲ 73 · 5m
18:44 KSA · REGULAR · signal     · U-USD · orb ▲ 65 · 5m
18:44 KSA · REGULAR · signal     · PEPE-USD · orb ▼ 57 · 5m
18:44 KSA · REGULAR · signal     · EUR-USD · vwapRec ▲ 78 · 5m
18:44 KSA · REGULAR · signal     · ARB-USD · brk ▲ 75 · 15m
18:44 KSA · REGULAR · signal     · DGX · meanRev ▼ 100 · 1d
18:44 KSA · REGULAR · signal     · LNT · meanRev ▲ 100 · 1d
18:46 KSA · REGULAR · scanner    · بدء المسح · 1153 رمزاً · الجلسة REGULAR
18:48 KSA · REGULAR · scanner    · بدء المسح · 1153 رمزاً · الجلسة REGULAR
18:48 KSA · REGULAR · signal     · AVGO · meanRev ▲ 100 · 15m
18:48 KSA · REGULAR · signal     · CRM · orb ▲ 82 · 5m
18:48 KSA · REGULAR · signal     · FTNT · orb ▲ 64 · 5m
18:48 KSA · REGULAR · signal     · U-USD · vwapRec ▲ 57 · 5m
18:50 KSA · REGULAR · scanner    · بدء المسح · 1153 رمزاً · الجلسة REGULAR
18:50 KSA · REGULAR · signal     · BAC · orb ▼ 100 · 5m
18:50 KSA · REGULAR · signal     · CRM · brk ▲ 69 · 15m
18:50 KSA · REGULAR · signal     · TMUS · orb ▼ 100 · 5m
18:50 KSA · REGULAR · signal     · TMUS · brk ▼ 100 · 15m
18:50 KSA · REGULAR · signal     · PENDLE-USD · pbTrend ▲ 100 · 1h
18:54 KSA · REGULAR · scanner    · بدء المسح · 1153 رمزاً · الجلسة REGULAR
18:54 KSA · REGULAR · signal     · SCHW · tfAlign ▲ 68 · 1d
18:54 KSA · REGULAR · signal     · BLK · rsiDiv ▲ 78 · 15m
18:54 KSA · REGULAR · signal     · DHR · tfAlign ▲ 57 · 1d
18:54 KSA · REGULAR · signal     · ADSK · brk ▲ 64 · 15m
18:54 KSA · REGULAR · signal     · CAKE-USD · rsiDiv ▲ 61 · 15m
18:54 KSA · REGULAR · signal     · UNI-USD · brk ▼ 61 · 15m
18:54 KSA · REGULAR · signal     · UNI-USD · sqzExp ▼ 65 · 1h
18:54 KSA · REGULAR · signal     · SUI-USD · sqzExp ▼ 65 · 1h
18:54 KSA · REGULAR · signal     · TAO-USD · brk ▼ 61 · 15m
18:54 KSA · REGULAR · signal     · TAO-USD · sqzExp ▼ 75 · 1h
18:54 KSA · REGULAR · signal     · THE-USD · orb ▼ 85 · 5m
18:54 KSA · REGULAR · signal     · THE-USD · brk ▼ 64 · 15m
18:54 KSA · REGULAR · signal     · TRUMP-USD · brk ▼ 68 · 15m
18:54 KSA · REGULAR · signal     · EUR-USD · brk ▼ 86 · 15m
18:54 KSA · REGULAR · signal     · ARB-USD · orb ▼ 65 · 5m
18:54 KSA · REGULAR · signal     · HOLO-USD · brk ▼ 70 · 15m
18:54 KSA · REGULAR · signal     · HOLO-USD · sqzExp ▼ 88 · 1h
18:54 KSA · REGULAR · signal     · BANK-USD · brk ▼ 59 · 15m
18:54 KSA · REGULAR · signal     · TON-USD · brk ▼ 61 · 15m
18:54 KSA · REGULAR · signal     · PENGU-USD · brk ▼ 73 · 15m
18:54 KSA · REGULAR · signal     · ASTER-USD · sqzExp ▼ 60 · 1h
18:54 KSA · REGULAR · signal     · APT-USD · brk ▼ 77 · 15m
18:54 KSA · REGULAR · signal     · APT-USD · sqzExp ▼ 100 · 1h
18:55 KSA · REGULAR · scanner    · بدء المسح · 1153 رمزاً · الجلسة REGULAR
18:55 KSA · REGULAR · signal     · BAC · brk ▼ 69 · 15m
18:55 KSA · REGULAR · signal     · COP · brk ▲ 69 · 15m
18:55 KSA · REGULAR · signal     · HOOD · pbTrend ▲ 57 · 1h
18:55 KSA · REGULAR · signal     · ENA-USD · orb ▼ 82 · 5m
18:55 KSA · REGULAR · signal     · EUR-USD · vwapRec ▲ 70 · 5m
18:55 KSA · REGULAR · signal     · ARB-USD · brk ▲ 75 · 15m
18:55 KSA · REGULAR · signal     · DUK · meanRev ▲ 100 · 1d
18:56 KSA · REGULAR · scanner    · بدء المسح · 1153 رمزاً · الجلسة REGULAR
18:56 KSA · REGULAR · signal     · FTNT · brk ▲ 69 · 15m
18:56 KSA · REGULAR · signal     · MDT · brk ▲ 69 · 15m
18:56 KSA · REGULAR · signal     · INTU · vwapRec ▲ 71 · 5m
18:56 KSA · REGULAR · signal     · DDOG · orb ▲ 82 · 5m
18:56 KSA · REGULAR · signal     · U-USD · orb ▲ 100 · 5m
18:58 KSA · REGULAR · scanner    · بدء المسح · 1153 رمزاً · الجلسة REGULAR
18:58 KSA · REGULAR · signal     · MCO · brk ▼ 69 · 1d
19:00 KSA · REGULAR · scanner    · بدء المسح · 1153 رمزاً · الجلسة REGULAR
19:00 KSA · REGULAR · signal     · WMT · pbTrend ▼ 57 · 1h
19:00 KSA · REGULAR · signal     · HON · brk ▲ 100 · 15m
19:00 KSA · REGULAR · signal     · MPWR · orb ▼ 82 · 5m
19:00 KSA · REGULAR · signal     · Q · brk ▼ 69 · 1d
19:00 KSA · REGULAR · signal     · NRG · meanRev ▲ 100 · 1d
19:04 KSA · REGULAR · scanner    · بدء المسح · 1153 رمزاً · الجلسة REGULAR
19:04 KSA · REGULAR · signal     · MCD · tfAlign ▼ 100 · 1d
19:04 KSA · REGULAR · signal     · ETN · rsiDiv ▲ 67 · 15m
19:04 KSA · REGULAR · signal     · SPCXB-USD · volSpike ▼ 72 · 15m
19:04 KSA · REGULAR · signal     · UNI-USD · brk ▼ 77 · 15m
19:04 KSA · REGULAR · signal     · UNI-USD · sqzExp ▼ 65 · 1h
19:04 KSA · REGULAR · signal     · SUI-USD · sqzExp ▼ 65 · 1h
19:04 KSA · REGULAR · signal     · TAO-USD · brk ▼ 61 · 15m
19:04 KSA · REGULAR · signal     · TAO-USD · sqzExp ▼ 75 · 1h
19:04 KSA · REGULAR · signal     · TAO-USD · tfAlign ▼ 63 · 1d
19:04 KSA · REGULAR · signal     · THE-USD · orb ▼ 70 · 5m
19:04 KSA · REGULAR · signal     · THE-USD · brk ▼ 70 · 15m
19:04 KSA · REGULAR · signal     · TRUMP-USD · brk ▼ 73 · 15m
19:04 KSA · REGULAR · signal     · EUR-USD · brk ▼ 55 · 15m
19:04 KSA · REGULAR · signal     · ARB-USD · orb ▼ 65 · 5m
19:04 KSA · REGULAR · signal     · HOLO-USD · brk ▼ 70 · 15m
19:04 KSA · REGULAR · signal     · HOLO-USD · sqzExp ▼ 88 · 1h
19:04 KSA · REGULAR · signal     · BANK-USD · brk ▼ 70 · 15m
19:04 KSA · REGULAR · signal     · TON-USD · brk ▼ 61 · 15m
19:04 KSA · REGULAR · signal     · SENT-USD · brk ▼ 61 · 15m
19:04 KSA · REGULAR · signal     · PENGU-USD · brk ▼ 66 · 15m
19:04 KSA · REGULAR · signal     · WLFI-USD · brk ▼ 59 · 15m
19:04 KSA · REGULAR · signal     · ASTER-USD · sqzExp ▼ 60 · 1h
19:04 KSA · REGULAR · signal     · APT-USD · brk ▼ 55 · 15m
19:04 KSA · REGULAR · signal     · APT-USD · sqzExp ▼ 100 · 1h
19:04 KSA · REGULAR · signal     · BNY · sqzExp ▼ 88 · 1d
19:04 KSA · REGULAR · signal     · ACGL · volSpike ▲ 56 · 1d
19:07 KSA · REGULAR · scanner    · بدء المسح · 1153 رمزاً · الجلسة REGULAR
19:07 KSA · REGULAR · signal     · MCD · orb ▼ 86 · 5m
19:07 KSA · REGULAR · signal     · LOW · orb ▼ 82 · 5m
19:07 KSA · REGULAR · signal     · PEPE-USD · orb ▼ 57 · 5m
19:07 KSA · REGULAR · signal     · EUR-USD · vwapRec ▲ 70 · 5m
19:07 KSA · REGULAR · signal     · ARB-USD · brk ▲ 75 · 15m
19:07 KSA · REGULAR · signal     · FANG · meanRev ▼ 100 · 1d
19:07 KSA · REGULAR · signal     · SRE · meanRev ▲ 100 · 1d
19:09 KSA · REGULAR · scanner    · بدء المسح · 1153 رمزاً · الجلسة REGULAR
19:09 KSA · REGULAR · signal     · COIN · pbTrend ▲ 57 · 1h
19:09 KSA · REGULAR · signal     · SOXLB-USD · brk ▼ 100 · 15m
19:09 KSA · REGULAR · signal     · WY · meanRev ▲ 100 · 1d
19:09 KSA · REGULAR · signal     · AMZNB-USD · brk ▼ 69 · 1d
19:10 KSA · REGULAR · scanner    · بدء المسح · 1153 رمزاً · الجلسة REGULAR
19:10 KSA · REGULAR · signal     · SNDK · brk ▼ 69 · 15m
19:10 KSA · REGULAR · signal     · WDC · orb ▼ 82 · 5m
19:10 KSA · REGULAR · signal     · ICP-USD · meanRev ▲ 100 · 15m
19:10 KSA · REGULAR · signal     · ASTER-USD · pbTrend ▲ 57 · 1h
19:10 KSA · REGULAR · signal     · CARR · brk ▼ 69 · 1d
19:10 KSA · REGULAR · signal     · CARR · meanRev ▲ 100 · 1d
19:10 KSA · REGULAR · signal     · KORUB-USD · meanRev ▲ 100 · 1d
19:13 KSA · REGULAR · scanner    · بدء المسح · 1153 رمزاً · الجلسة REGULAR
19:13 KSA · REGULAR · signal     · GE · sqzExp ▼ 90 · 1h
19:13 KSA · REGULAR · signal     · CRWD · sqzExp ▲ 78 · 1h
19:13 KSA · REGULAR · signal     · AXP · sqzExp ▼ 60 · 1h
19:13 KSA · REGULAR · signal     · LOW · sqzExp ▼ 63 · 1h
19:13 KSA · REGULAR · signal     · NKE · sqzExp ▼ 65 · 1h
19:13 KSA · REGULAR · signal     · ENA-USD · vwapRec ▲ 65 · 5m
19:13 KSA · REGULAR · signal     · LSK-USD · orb ▼ 73 · 5m
19:13 KSA · REGULAR · signal     · MARSCOIN-USD · vwapRec ▲ 83 · 5m
19:13 KSA · REGULAR · signal     · UNI-USD · brk ▼ 77 · 15m
19:13 KSA · REGULAR · signal     · UNI-USD · sqzExp ▼ 65 · 1h
19:13 KSA · REGULAR · signal     · SUI-USD · sqzExp ▼ 65 · 1h
19:13 KSA · REGULAR · signal     · TAO-USD · brk ▼ 61 · 15m
19:13 KSA · REGULAR · signal     · TAO-USD · sqzExp ▼ 75 · 1h
19:13 KSA · REGULAR · signal     · THE-USD · orb ▼ 70 · 5m
19:13 KSA · REGULAR · signal     · THE-USD · brk ▼ 70 · 15m
19:13 KSA · REGULAR · signal     · THE-USD · tfAlign ▼ 75 · 1d
19:13 KSA · REGULAR · signal     · TRUMP-USD · brk ▼ 73 · 15m
19:13 KSA · REGULAR · signal     · TRUMP-USD · tfAlign ▼ 75 · 1d
19:13 KSA · REGULAR · signal     · EUR-USD · brk ▼ 55 · 15m
19:13 KSA · REGULAR · signal     · ARB-USD · orb ▼ 65 · 5m
19:13 KSA · REGULAR · signal     · HOLO-USD · brk ▼ 70 · 15m
19:13 KSA · REGULAR · signal     · HOLO-USD · sqzExp ▼ 88 · 1h
19:13 KSA · REGULAR · signal     · BANK-USD · brk ▼ 70 · 15m
19:13 KSA · REGULAR · signal     · TON-USD · brk ▼ 61 · 15m
19:13 KSA · REGULAR · signal     · SENT-USD · brk ▼ 61 · 15m
19:13 KSA · REGULAR · signal     · PENGU-USD · brk ▼ 66 · 15m
19:13 KSA · REGULAR · signal     · WLFI-USD · brk ▼ 59 · 15m
19:13 KSA · REGULAR · signal     · ASTER-USD · sqzExp ▼ 60 · 1h
19:13 KSA · REGULAR · signal     · APT-USD · brk ▼ 55 · 15m
19:13 KSA · REGULAR · signal     · APT-USD · sqzExp ▼ 100 · 1h
19:14 KSA · REGULAR · scanner    · بدء المسح · 1153 رمزاً · الجلسة REGULAR
19:14 KSA · REGULAR · signal     · MCD · meanRev ▲ 100 · 15m
19:14 KSA · REGULAR · signal     · BA · meanRev ▼ 100 · 15m
19:14 KSA · REGULAR · signal     · SPCXB-USD · sqzExp ▼ 100 · 1h
19:14 KSA · REGULAR · signal     · U-USD · orb ▲ 65 · 5m
19:14 KSA · REGULAR · signal     · EUR-USD · vwapRec ▲ 70 · 5m
19:14 KSA · REGULAR · signal     · ARB-USD · brk ▲ 64 · 15m
19:15 KSA · REGULAR · signal     · PSG-USD · meanRev ▲ 100 · 1d
19:16 KSA · REGULAR · scanner    · بدء المسح · 1153 رمزاً · الجلسة REGULAR
19:18 KSA · REGULAR · scanner    · بدء المسح · 1153 رمزاً · الجلسة REGULAR
19:18 KSA · REGULAR · signal     · BKNG · vwapRec ▲ 100 · 5m
19:18 KSA · REGULAR · signal     · ED · brk ▼ 69 · 1d
19:18 KSA · REGULAR · signal     · WEC · meanRev ▲ 100 · 1d
19:20 KSA · REGULAR · scanner    · بدء المسح · 1153 رمزاً · الجلسة REGULAR
19:25 KSA · REGULAR · scanner    · بدء المسح · 1153 رمزاً · الجلسة REGULAR
19:25 KSA · REGULAR · signal     · BTC-USD · pbTrend ▲ 71 · 1h
19:25 KSA · REGULAR · signal     · TSLA · rsiDiv ▲ 94 · 1h
19:25 KSA · REGULAR · signal     · COST · momo ▼ 83 · 1h
19:25 KSA · REGULAR · signal     · ETH-USD · pbTrend ▲ 57 · 1h
19:25 KSA · REGULAR · signal     · ANET · momo ▲ 69 · 1h
19:25 KSA · REGULAR · signal     · TMO · rsiDiv ▼ 83 · 15m
19:25 KSA · REGULAR · signal     · LIN · rsiDiv ▲ 94 · 1h
19:25 KSA · REGULAR · signal     · MCD · momo ▼ 83 · 1h
19:25 KSA · REGULAR · signal     · ABT · pbTrend ▲ 64 · 1h
19:25 KSA · REGULAR · signal     · BA · momo ▲ 56 · 1h
19:25 KSA · REGULAR · signal     · PFE · momo ▼ 75 · 1h
19:25 KSA · REGULAR · signal     · TJX · momo ▼ 83 · 1h
19:25 KSA · REGULAR · signal     · LOW · volSpike ▼ 78 · 15m
19:25 KSA · REGULAR · signal     · HPQ · momo ▼ 56 · 1h
19:25 KSA · REGULAR · signal     · SWKS · momo ▲ 83 · 1h
19:25 KSA · REGULAR · signal     · BCH-USD · vwapRec ▼ 85 · 5m
19:25 KSA · REGULAR · signal     · LSK-USD · orb ▼ 73 · 5m
19:25 KSA · REGULAR · signal     · MUB-USD · momo ▼ 75 · 1h
19:25 KSA · REGULAR · signal     · UNI-USD · brk ▼ 61 · 15m
19:25 KSA · REGULAR · signal     · UNI-USD · sqzExp ▼ 65 · 1h
19:25 KSA · REGULAR · signal     · TAO-USD · brk ▼ 68 · 15m
19:25 KSA · REGULAR · signal     · TAO-USD · sqzExp ▼ 68 · 1h
19:25 KSA · REGULAR · signal     · THE-USD · orb ▼ 78 · 5m
19:25 KSA · REGULAR · signal     · THE-USD · brk ▼ 68 · 15m
19:25 KSA · REGULAR · signal     · TRUMP-USD · brk ▼ 77 · 15m
19:25 KSA · REGULAR · signal     · EUR-USD · brk ▼ 55 · 15m
19:25 KSA · REGULAR · signal     · ARB-USD · sqzExp ▼ 65 · 1h
19:25 KSA · REGULAR · signal     · ARB-USD · tfAlign ▲ 100 · 1d
19:25 KSA · REGULAR · signal     · HOLO-USD · brk ▼ 68 · 15m
19:25 KSA · REGULAR · signal     · HOLO-USD · sqzExp ▼ 88 · 1h
19:25 KSA · REGULAR · signal     · HOLO-USD · momo ▼ 81 · 1h
19:25 KSA · REGULAR · signal     · BANK-USD · brk ▼ 77 · 15m
19:25 KSA · REGULAR · signal     · TON-USD · brk ▼ 61 · 15m
19:25 KSA · REGULAR · signal     · SENT-USD · brk ▼ 68 · 15m
19:25 KSA · REGULAR · signal     · PENGU-USD · brk ▼ 73 · 15m
19:25 KSA · REGULAR · signal     · WLFI-USD · brk ▼ 61 · 15m
19:25 KSA · REGULAR · signal     · ASTER-USD · sqzExp ▼ 60 · 1h
19:25 KSA · REGULAR · signal     · APT-USD · brk ▼ 68 · 15m
19:25 KSA · REGULAR · signal     · APT-USD · sqzExp ▼ 90 · 1h
19:25 KSA · REGULAR · signal     · ED · sqzExp ▼ 69 · 1d
19:25 KSA · REGULAR · signal     · CCI · sqzExp ▼ 88 · 1d
19:25 KSA · REGULAR · signal     · CBOE · sqzExp ▼ 56 · 1d
19:25 KSA · REGULAR · signal     · DECK · sqzExp ▼ 72 · 1d
19:26 KSA · REGULAR · scanner    · بدء المسح · 1153 رمزاً · الجلسة REGULAR
19:26 KSA · REGULAR · signal     · BSX · vwapRec ▲ 100 · 5m
19:26 KSA · REGULAR · signal     · PAXG-USD · orb ▲ 100 · 5m
19:26 KSA · REGULAR · signal     · U-USD · orb ▲ 65 · 5m
19:26 KSA · REGULAR · signal     · PEPE-USD · orb ▼ 65 · 5m
19:26 KSA · REGULAR · signal     · ARB-USD · brk ▲ 86 · 15m
19:28 KSA · REGULAR · scanner    · بدء المسح · 1153 رمزاً · الجلسة REGULAR
19:28 KSA · REGULAR · signal     · BA · orb ▲ 64 · 5m
19:28 KSA · REGULAR · signal     · LMT · orb ▲ 100 · 5m
19:28 KSA · REGULAR · signal     · LMT · brk ▲ 69 · 15m
19:28 KSA · REGULAR · signal     · ADBE · orb ▲ 82 · 5m
19:30 KSA · REGULAR · scanner    · بدء المسح · 1153 رمزاً · الجلسة REGULAR
19:30 KSA · REGULAR · signal     · DIS · vwapRec ▼ 100 · 5m
19:30 KSA · REGULAR · signal     · UBER · vwapRec ▲ 100 · 5m
19:30 KSA · REGULAR · signal     · LHX · orb ▲ 82 · 5m
19:33 KSA · REGULAR · scanner    · بدء المسح · 1153 رمزاً · الجلسة REGULAR
19:33 KSA · REGULAR · signal     · FIL-USD · rsiDiv ▲ 56 · 15m
19:33 KSA · REGULAR · signal     · LSK-USD · orb ▼ 65 · 5m
19:33 KSA · REGULAR · signal     · UNI-USD · brk ▼ 55 · 15m
19:33 KSA · REGULAR · signal     · UNI-USD · sqzExp ▼ 65 · 1h
19:33 KSA · REGULAR · signal     · TAO-USD · brk ▼ 64 · 15m
19:33 KSA · REGULAR · signal     · TAO-USD · sqzExp ▼ 68 · 1h
19:33 KSA · REGULAR · signal     · THE-USD · orb ▼ 70 · 5m
19:33 KSA · REGULAR · signal     · THE-USD · brk ▼ 55 · 15m
19:33 KSA · REGULAR · signal     · TRUMP-USD · brk ▼ 55 · 15m
19:33 KSA · REGULAR · signal     · EUR-USD · brk ▼ 61 · 15m
19:33 KSA · REGULAR · signal     · ARB-USD · orb ▼ 60 · 5m
19:33 KSA · REGULAR · signal     · ARB-USD · sqzExp ▼ 65 · 1h
19:33 KSA · REGULAR · signal     · HOLO-USD · brk ▼ 61 · 15m
19:33 KSA · REGULAR · signal     · HOLO-USD · sqzExp ▼ 88 · 1h
19:33 KSA · REGULAR · signal     · TON-USD · brk ▼ 61 · 15m
19:33 KSA · REGULAR · signal     · SENT-USD · brk ▼ 59 · 15m
19:33 KSA · REGULAR · signal     · ASTER-USD · sqzExp ▼ 60 · 1h
19:33 KSA · REGULAR · signal     · APT-USD · brk ▼ 55 · 15m
19:33 KSA · REGULAR · signal     · APT-USD · sqzExp ▼ 90 · 1h
19:35 KSA · REGULAR · scanner    · بدء المسح · 1153 رمزاً · الجلسة REGULAR
19:35 KSA · REGULAR · signal     · PLTR · brk ▲ 69 · 15m
19:35 KSA · REGULAR · signal     · PANW · brk ▲ 69 · 15m
19:35 KSA · REGULAR · signal     · PEP · vwapRec ▼ 100 · 5m
19:35 KSA · REGULAR · signal     · VLO · orb ▲ 100 · 5m
19:35 KSA · REGULAR · signal     · VLO · brk ▲ 69 · 15m
19:35 KSA · REGULAR · signal     · XLM-USD · orb ▼ 100 · 5m
19:35 KSA · REGULAR · signal     · U-USD · orb ▲ 80 · 5m
19:35 KSA · REGULAR · signal     · PEPE-USD · orb ▼ 57 · 5m
19:35 KSA · REGULAR · signal     · THE-USD · vwapRec ▲ 85 · 5m
19:35 KSA · REGULAR · signal     · ARB-USD · brk ▲ 73 · 15m
19:35 KSA · REGULAR · signal     · BANK-USD · vwapRec ▲ 100 · 5m
19:38 KSA · REGULAR · scanner    · بدء المسح · 1153 رمزاً · الجلسة REGULAR
19:38 KSA · REGULAR · signal     · HON · vwapRec ▼ 60 · 5m
19:38 KSA · REGULAR · signal     · ROL · brk ▼ 69 · 1d
19:40 KSA · REGULAR · scanner    · بدء المسح · 1153 رمزاً · الجلسة REGULAR
19:40 KSA · REGULAR · signal     · NXPI · orb ▼ 82 · 5m
19:40 KSA · REGULAR · signal     · MAA · meanRev ▲ 100 · 1d
19:43 KSA · REGULAR · scanner    · بدء المسح · 1153 رمزاً · الجلسة REGULAR
19:43 KSA · REGULAR · signal     · GEV · vwapRec ▼ 76 · 5m
19:43 KSA · REGULAR · signal     · LSK-USD · orb ▼ 65 · 5m
19:43 KSA · REGULAR · signal     · UNI-USD · brk ▼ 55 · 15m
19:43 KSA · REGULAR · signal     · UNI-USD · sqzExp ▼ 65 · 1h
19:43 KSA · REGULAR · signal     · TAO-USD · brk ▼ 64 · 15m
19:43 KSA · REGULAR · signal     · TAO-USD · sqzExp ▼ 68 · 1h
19:43 KSA · REGULAR · signal     · THE-USD · orb ▼ 85 · 5m
19:43 KSA · REGULAR · signal     · THE-USD · brk ▼ 55 · 15m
19:43 KSA · REGULAR · signal     · TRUMP-USD · brk ▼ 55 · 15m
19:43 KSA · REGULAR · signal     · EUR-USD · brk ▼ 61 · 15m
19:43 KSA · REGULAR · signal     · EUR-USD · tfAlign ▼ 75 · 1d
19:43 KSA · REGULAR · signal     · ARB-USD · sqzExp ▼ 65 · 1h
19:43 KSA · REGULAR · signal     · HOLO-USD · brk ▼ 61 · 15m
19:43 KSA · REGULAR · signal     · HOLO-USD · sqzExp ▼ 88 · 1h
19:43 KSA · REGULAR · signal     · TON-USD · brk ▼ 61 · 15m
19:43 KSA · REGULAR · signal     · SENT-USD · brk ▼ 59 · 15m
19:43 KSA · REGULAR · signal     · ASTER-USD · sqzExp ▼ 60 · 1h
19:43 KSA · REGULAR · signal     · APT-USD · brk ▼ 55 · 15m
19:43 KSA · REGULAR · signal     · APT-USD · sqzExp ▼ 90 · 1h
19:44 KSA · REGULAR · scanner    · بدء المسح · 1153 رمزاً · الجلسة REGULAR
19:44 KSA · REGULAR · signal     · DIS · orb ▼ 100 · 5m
19:44 KSA · REGULAR · signal     · U-USD · orb ▲ 65 · 5m
19:44 KSA · REGULAR · signal     · PEPE-USD · orb ▼ 57 · 5m
19:44 KSA · REGULAR · signal     · THE-USD · vwapRec ▲ 65 · 5m
19:44 KSA · REGULAR · signal     · THE-USD · meanRev ▼ 55 · 15m
19:44 KSA · REGULAR · signal     · ARB-USD · brk ▲ 73 · 15m
19:44 KSA · REGULAR · signal     · BANK-USD · vwapRec ▲ 85 · 5m
19:44 KSA · REGULAR · signal     · DGB-USD · brk ▼ 69 · 1d
19:44 KSA · REGULAR · signal     · PSG-USD · brk ▼ 69 · 1d
19:46 KSA · REGULAR · scanner    · بدء المسح · 1153 رمزاً · الجلسة REGULAR
19:46 KSA · REGULAR · signal     · SWKS · brk ▲ 100 · 15m
19:46 KSA · REGULAR · signal     · ALGN · brk ▼ 69 · 1d
19:46 KSA · REGULAR · signal     · ALGN · meanRev ▲ 100 · 1d
19:49 KSA · REGULAR · scanner    · بدء المسح · 1153 رمزاً · الجلسة REGULAR
19:49 KSA · REGULAR · signal     · VST · orb ▼ 82 · 5m
19:49 KSA · REGULAR · signal     · INJ-USD · brk ▼ 100 · 15m
19:49 KSA · REGULAR · signal     · INJ-USD · meanRev ▲ 100 · 15m
19:49 KSA · REGULAR · signal     · INJ-USD · sqzExp ▼ 100 · 1h
19:49 KSA · REGULAR · signal     · U-USD · vwapRec ▲ 57 · 5m
19:50 KSA · REGULAR · scanner    · بدء المسح · 1153 رمزاً · الجلسة REGULAR
19:50 KSA · REGULAR · signal     · IBM · brk ▲ 69 · 15m
19:53 KSA · REGULAR · scanner    · بدء المسح · 1153 رمزاً · الجلسة REGULAR
19:53 KSA · REGULAR · signal     · RTX · volSpike ▼ 72 · 15m
19:53 KSA · REGULAR · signal     · CEG · rsiDiv ▲ 56 · 15m
19:53 KSA · REGULAR · signal     · CMI · volSpike ▲ 78 · 15m
19:53 KSA · REGULAR · signal     · OP-USD · rsiDiv ▲ 92 · 15m
19:53 KSA · REGULAR · signal     · UNI-USD · brk ▼ 55 · 15m
19:53 KSA · REGULAR · signal     · UNI-USD · sqzExp ▼ 65 · 1h
19:53 KSA · REGULAR · signal     · TAO-USD · brk ▼ 68 · 15m
19:53 KSA · REGULAR · signal     · TAO-USD · sqzExp ▼ 68 · 1h
19:53 KSA · REGULAR · signal     · THE-USD · orb ▼ 85 · 5m
19:53 KSA · REGULAR · signal     · THE-USD · brk ▼ 73 · 15m
19:53 KSA · REGULAR · signal     · THE-USD · volSpike ▲ 67 · 15m
19:53 KSA · REGULAR · signal     · TRUMP-USD · brk ▼ 68 · 15m
19:53 KSA · REGULAR · signal     · EUR-USD · brk ▼ 61 · 15m
19:53 KSA · REGULAR · signal     · ARB-USD · sqzExp ▼ 65 · 1h
19:53 KSA · REGULAR · signal     · HOLO-USD · brk ▼ 86 · 15m
19:53 KSA · REGULAR · signal     · HOLO-USD · sqzExp ▼ 88 · 1h
19:53 KSA · REGULAR · signal     · HOLO-USD · volSpike ▼ 67 · 15m
19:53 KSA · REGULAR · signal     · TON-USD · brk ▼ 61 · 15m
19:53 KSA · REGULAR · signal     · ASTER-USD · sqzExp ▼ 60 · 1h
19:53 KSA · REGULAR · signal     · APT-USD · brk ▼ 61 · 15m
19:53 KSA · REGULAR · signal     · APT-USD · sqzExp ▼ 90 · 1h
19:55 KSA · REGULAR · scanner    · بدء المسح · 1153 رمزاً · الجلسة REGULAR
19:55 KSA · REGULAR · signal     · HD · vwapRec ▲ 100 · 5m
19:55 KSA · REGULAR · signal     · BA · brk ▲ 100 · 15m
19:55 KSA · REGULAR · signal     · LHX · meanRev ▼ 100 · 15m
19:55 KSA · REGULAR · signal     · LHX · sqzExp ▲ 100 · 1h
19:55 KSA · REGULAR · signal     · LSK-USD · orb ▲ 73 · 5m
19:55 KSA · REGULAR · signal     · PEPE-USD · orb ▼ 65 · 5m
19:55 KSA · REGULAR · signal     · THE-USD · vwapRec ▲ 57 · 5m
19:55 KSA · REGULAR · signal     · BANK-USD · vwapRec ▲ 85 · 5m
19:56 KSA · REGULAR · scanner    · بدء المسح · 1153 رمزاً · الجلسة REGULAR
19:58 KSA · REGULAR · scanner    · بدء المسح · 1153 رمزاً · الجلسة REGULAR
19:58 KSA · REGULAR · signal     · ADI · brk ▼ 69 · 15m
19:58 KSA · REGULAR · signal     · SMCI · sqzExp ▼ 100 · 1h
19:58 KSA · REGULAR · signal     · U-USD · orb ▲ 100 · 5m
19:58 KSA · REGULAR · signal     · U-USD · vwapRec ▲ 57 · 5m
20:00 KSA · REGULAR · scanner    · بدء المسح · 1153 رمزاً · الجلسة REGULAR
20:00 KSA · REGULAR · signal     · RAY-USD · meanRev ▲ 100 · 15m
20:03 KSA · REGULAR · scanner    · بدء المسح · 1153 رمزاً · الجلسة REGULAR
20:03 KSA · REGULAR · signal     · HD · rsiDiv ▲ 72 · 15m
20:03 KSA · REGULAR · signal     · TMUS · volSpike ▼ 100 · 15m
20:03 KSA · REGULAR · signal     · PH · vwapRec ▼ 100 · 5m
20:03 KSA · REGULAR · signal     · LOW · rsiDiv ▲ 78 · 15m
20:03 KSA · REGULAR · signal     · SPCXB-USD · rsiDiv ▲ 89 · 15m
20:03 KSA · REGULAR · signal     · UNI-USD · brk ▼ 68 · 15m
20:03 KSA · REGULAR · signal     · UNI-USD · sqzExp ▼ 65 · 1h
20:03 KSA · REGULAR · signal     · SUI-USD · tfAlign ▼ 80 · 1d
20:03 KSA · REGULAR · signal     · U-USD · brk ▼ 55 · 15m
20:03 KSA · REGULAR · signal     · TAO-USD · brk ▼ 68 · 15m
20:03 KSA · REGULAR · signal     · TAO-USD · sqzExp ▼ 68 · 1h
20:03 KSA · REGULAR · signal     · THE-USD · orb ▼ 85 · 5m
20:03 KSA · REGULAR · signal     · THE-USD · brk ▼ 73 · 15m
20:03 KSA · REGULAR · signal     · TRUMP-USD · brk ▼ 64 · 15m
20:03 KSA · REGULAR · signal     · TRUMP-USD · tfAlign ▼ 68 · 1d
20:03 KSA · REGULAR · signal     · EUR-USD · brk ▼ 61 · 15m
20:03 KSA · REGULAR · signal     · ARB-USD · orb ▼ 60 · 5m
20:03 KSA · REGULAR · signal     · ARB-USD · brk ▼ 73 · 15m
20:03 KSA · REGULAR · signal     · ARB-USD · sqzExp ▼ 65 · 1h
20:03 KSA · REGULAR · signal     · ARB-USD · rsiDiv ▼ 78 · 15m
20:03 KSA · REGULAR · signal     · HOLO-USD · brk ▼ 86 · 15m
20:03 KSA · REGULAR · signal     · HOLO-USD · sqzExp ▼ 88 · 1h
20:03 KSA · REGULAR · signal     · BANK-USD · brk ▼ 68 · 15m
20:03 KSA · REGULAR · signal     · BANK-USD · tfAlign ▼ 70 · 1d
20:03 KSA · REGULAR · signal     · TON-USD · brk ▼ 61 · 15m
20:03 KSA · REGULAR · signal     · PENGU-USD · brk ▼ 64 · 15m
20:03 KSA · REGULAR · signal     · PENGU-USD · tfAlign ▼ 85 · 1d
20:03 KSA · REGULAR · signal     · ASTER-USD · sqzExp ▼ 60 · 1h
20:03 KSA · REGULAR · signal     · APT-USD · brk ▼ 77 · 15m
20:03 KSA · REGULAR · signal     · APT-USD · sqzExp ▼ 90 · 1h
20:05 KSA · REGULAR · scanner    · بدء المسح · 1153 رمزاً · الجلسة REGULAR
20:05 KSA · REGULAR · signal     · NEM · orb ▼ 100 · 5m
20:05 KSA · REGULAR · signal     · U-USD · orb ▲ 73 · 5m
20:05 KSA · REGULAR · signal     · PEPE-USD · orb ▼ 57 · 5m
20:05 KSA · REGULAR · signal     · BANK-USD · vwapRec ▲ 100 · 5m
20:08 KSA · REGULAR · scanner    · بدء المسح · 1153 رمزاً · الجلسة REGULAR
20:08 KSA · REGULAR · signal     · BAC · vwapRec ▲ 100 · 5m
20:08 KSA · REGULAR · signal     · SNPS · sqzExp ▼ 100 · 1h
20:08 KSA · REGULAR · signal     · COIN · orb ▼ 100 · 5m
20:08 KSA · REGULAR · signal     · CRCLB-USD · brk ▼ 69 · 15m
20:08 KSA · REGULAR · signal     · MSTRB-USD · pbTrend ▲ 57 · 1h
20:08 KSA · REGULAR · signal     · HOLO-USD · brk ▼ 100 · 15m
20:08 KSA · REGULAR · signal     · HOLO-USD · sqzExp ▼ 100 · 1h
20:10 KSA · REGULAR · scanner    · بدء المسح · 1153 رمزاً · الجلسة REGULAR
20:10 KSA · REGULAR · signal     · HOOD · vwapRec ▼ 100 · 5m
20:10 KSA · REGULAR · signal     · THE-USD · vwapRec ▼ 100 · 5m
20:10 KSA · REGULAR · signal     · ASTER-USD · pbTrend ▲ 57 · 1h
20:13 KSA · REGULAR · scanner    · بدء المسح · 1153 رمزاً · الجلسة REGULAR
20:13 KSA · REGULAR · signal     · LSK-USD · brk ▼ 68 · 15m
20:13 KSA · REGULAR · signal     · UNI-USD · brk ▼ 68 · 15m
20:13 KSA · REGULAR · signal     · UNI-USD · sqzExp ▼ 65 · 1h
20:13 KSA · REGULAR · signal     · U-USD · brk ▼ 55 · 15m
20:13 KSA · REGULAR · signal     · TAO-USD · brk ▼ 68 · 15m
20:13 KSA · REGULAR · signal     · TAO-USD · sqzExp ▼ 68 · 1h
20:13 KSA · REGULAR · signal     · THE-USD · orb ▼ 85 · 5m
20:13 KSA · REGULAR · signal     · THE-USD · brk ▼ 73 · 15m
20:13 KSA · REGULAR · signal     · TRUMP-USD · brk ▼ 64 · 15m
20:13 KSA · REGULAR · signal     · EUR-USD · brk ▼ 61 · 15m
20:13 KSA · REGULAR · signal     · EUR-USD · tfAlign ▼ 75 · 1d
20:13 KSA · REGULAR · signal     · ARB-USD · brk ▼ 73 · 15m
20:13 KSA · REGULAR · signal     · ARB-USD · sqzExp ▼ 65 · 1h
20:13 KSA · REGULAR · signal     · BANK-USD · brk ▼ 68 · 15m
20:13 KSA · REGULAR · signal     · TON-USD · brk ▼ 61 · 15m
20:13 KSA · REGULAR · signal     · PENGU-USD · brk ▼ 64 · 15m
20:13 KSA · REGULAR · signal     · ASTER-USD · sqzExp ▼ 60 · 1h
20:13 KSA · REGULAR · signal     · APT-USD · brk ▼ 77 · 15m
20:13 KSA · REGULAR · signal     · APT-USD · sqzExp ▼ 90 · 1h
20:15 KSA · REGULAR · scanner    · بدء المسح · 1153 رمزاً · الجلسة REGULAR
20:15 KSA · REGULAR · signal     · ON · orb ▲ 64 · 5m
20:15 KSA · REGULAR · signal     · U-USD · orb ▲ 80 · 5m
20:15 KSA · REGULAR · signal     · PEPE-USD · orb ▼ 73 · 5m
20:16 KSA · REGULAR · scanner    · بدء المسح · 1153 رمزاً · الجلسة REGULAR
20:16 KSA · REGULAR · signal     · CSCO · brk ▼ 69 · 15m
20:18 KSA · REGULAR · scanner    · بدء المسح · 1153 رمزاً · الجلسة REGULAR
20:18 KSA · REGULAR · signal     · PLTR · meanRev ▼ 100 · 15m
20:18 KSA · REGULAR · signal     · LOW · orb ▼ 82 · 5m
20:18 KSA · REGULAR · signal     · U-USD · vwapRec ▲ 57 · 5m
20:18 KSA · REGULAR · signal     · MMT-USD · meanRev ▲ 100 · 1d
20:20 KSA · REGULAR · scanner    · بدء المسح · 1153 رمزاً · الجلسة REGULAR
20:20 KSA · REGULAR · signal     · THE-USD · orb ▲ 64 · 5m
20:20 KSA · REGULAR · signal     · MMT-USD · brk ▼ 100 · 1d
20:24 KSA · REGULAR · scanner    · بدء المسح · 1153 رمزاً · الجلسة REGULAR
20:24 KSA · REGULAR · signal     · PLTR · momo ▲ 100 · 1h
20:24 KSA · REGULAR · signal     · BKNG · volSpike ▼ 89 · 15m
20:24 KSA · REGULAR · signal     · PH · volSpike ▼ 89 · 15m
20:24 KSA · REGULAR · signal     · VLO · momo ▲ 78 · 1h
20:24 KSA · REGULAR · signal     · NKE · rsiDiv ▲ 83 · 15m
20:24 KSA · REGULAR · signal     · KMB · rsiDiv ▲ 78 · 1h
20:24 KSA · REGULAR · signal     · TRX-USD · sqzExp ▼ 55 · 1h
20:24 KSA · REGULAR · signal     · BCH-USD · rsiDiv ▼ 58 · 1h
20:24 KSA · REGULAR · signal     · ENA-USD · momo ▲ 64 · 1h
20:24 KSA · REGULAR · signal     · ICP-USD · tfAlign ▼ 70 · 1d
20:24 KSA · REGULAR · signal     · LSK-USD · orb ▼ 73 · 5m
20:24 KSA · REGULAR · signal     · LSK-USD · brk ▼ 59 · 15m
20:24 KSA · REGULAR · signal     · UNI-USD · brk ▼ 55 · 15m
20:24 KSA · REGULAR · signal     · TAO-USD · brk ▼ 61 · 15m
20:24 KSA · REGULAR · signal     · TAO-USD · sqzExp ▼ 68 · 1h
20:24 KSA · REGULAR · signal     · TAO-USD · tfAlign ▼ 75 · 1d
20:24 KSA · REGULAR · signal     · THE-USD · brk ▼ 86 · 15m
20:24 KSA · REGULAR · signal     · THE-USD · sqzExp ▼ 90 · 1h
20:24 KSA · REGULAR · signal     · THE-USD · volSpike ▼ 100 · 15m
20:24 KSA · REGULAR · signal     · TRUMP-USD · brk ▼ 68 · 15m
20:24 KSA · REGULAR · signal     · EUR-USD · brk ▼ 61 · 15m
20:24 KSA · REGULAR · signal     · ARB-USD · sqzExp ▼ 65 · 1h
20:24 KSA · REGULAR · signal     · TON-USD · brk ▼ 61 · 15m
20:24 KSA · REGULAR · signal     · SENT-USD · brk ▼ 55 · 15m
20:24 KSA · REGULAR · signal     · PENGU-USD · brk ▼ 57 · 15m
20:24 KSA · REGULAR · signal     · WLFI-USD · momo ▼ 58 · 1h
20:24 KSA · REGULAR · signal     · APT-USD · brk ▼ 68 · 15m
20:24 KSA · REGULAR · signal     · APT-USD · sqzExp ▼ 75 · 1h
20:25 KSA · REGULAR · scanner    · بدء المسح · 1153 رمزاً · الجلسة REGULAR
20:25 KSA · REGULAR · signal     · QCOM · orb ▲ 100 · 5m
20:25 KSA · REGULAR · signal     · PEPE-USD · orb ▼ 57 · 5m
20:25 KSA · REGULAR · signal     · G-USD · meanRev ▼ 100 · 1d
20:26 KSA · REGULAR · scanner    · بدء المسح · 1153 رمزاً · الجلسة REGULAR
20:26 KSA · REGULAR · signal     · THE-USD · orb ▲ 64 · 5m
20:28 KSA · REGULAR · scanner    · بدء المسح · 1153 رمزاً · الجلسة REGULAR
20:28 KSA · REGULAR · signal     · ADSK · vwapRec ▼ 100 · 5m
20:28 KSA · REGULAR · signal     · U-USD · orb ▲ 100 · 5m
20:28 KSA · REGULAR · signal     · U-USD · vwapRec ▲ 57 · 5m
20:28 KSA · REGULAR · signal     · EUR-USD · brk ▼ 69 · 15m
20:30 KSA · REGULAR · scanner    · بدء المسح · 1153 رمزاً · الجلسة REGULAR
20:30 KSA · REGULAR · signal     · ADI · orb ▼ 100 · 5m
20:34 KSA · REGULAR · scanner    · بدء المسح · 1153 رمزاً · الجلسة REGULAR
20:34 KSA · REGULAR · signal     · BX · brk ▼ 70 · 15m
20:34 KSA · REGULAR · signal     · FTNT · volSpike ▼ 89 · 15m
20:34 KSA · REGULAR · signal     · LSK-USD · orb ▼ 65 · 5m
20:34 KSA · REGULAR · signal     · LSK-USD · brk ▼ 59 · 15m
20:34 KSA · REGULAR · signal     · UNI-USD · brk ▼ 55 · 15m
20:34 KSA · REGULAR · signal     · TAO-USD · brk ▼ 55 · 15m
20:34 KSA · REGULAR · signal     · TAO-USD · sqzExp ▼ 68 · 1h
20:34 KSA · REGULAR · signal     · THE-USD · brk ▼ 73 · 15m
20:34 KSA · REGULAR · signal     · THE-USD · sqzExp ▼ 90 · 1h
20:34 KSA · REGULAR · signal     · TRUMP-USD · brk ▼ 55 · 15m
20:34 KSA · REGULAR · signal     · ARB-USD · brk ▼ 55 · 15m
20:34 KSA · REGULAR · signal     · ARB-USD · sqzExp ▼ 65 · 1h
20:34 KSA · REGULAR · signal     · TON-USD · brk ▼ 61 · 15m
20:34 KSA · REGULAR · signal     · PENGU-USD · vwapRec ▼ 57 · 5m
20:34 KSA · REGULAR · signal     · WLFI-USD · brk ▼ 61 · 15m
20:34 KSA · REGULAR · signal     · APT-USD · brk ▼ 55 · 15m
20:34 KSA · REGULAR · signal     · APT-USD · sqzExp ▼ 75 · 1h
20:35 KSA · REGULAR · scanner    · بدء المسح · 1153 رمزاً · الجلسة REGULAR
20:35 KSA · REGULAR · signal     · APP · orb ▲ 82 · 5m
20:35 KSA · REGULAR · signal     · CDNS · orb ▼ 82 · 5m
20:35 KSA · REGULAR · signal     · ZEC-USD · vwapRec ▲ 71 · 5m
20:35 KSA · REGULAR · signal     · BCH-USD · pbTrend ▼ 79 · 1h
20:35 KSA · REGULAR · signal     · ENA-USD · orb ▲ 86 · 5m
20:35 KSA · REGULAR · signal     · ENA-USD · brk ▲ 100 · 15m
20:35 KSA · REGULAR · signal     · WLD-USD · vwapRec ▲ 100 · 5m
20:35 KSA · REGULAR · signal     · MARSCOIN-USD · orb ▼ 64 · 5m
20:35 KSA · REGULAR · signal     · U-USD · orb ▲ 65 · 5m
20:35 KSA · REGULAR · signal     · THE-USD · orb ▲ 93 · 5m
20:35 KSA · REGULAR · signal     · THE-USD · vwapRec ▲ 60 · 5m
20:35 KSA · REGULAR · signal     · EUR-USD · vwapRec ▲ 78 · 5m
20:35 KSA · REGULAR · signal     · BANK-USD · vwapRec ▲ 85 · 5m
20:35 KSA · REGULAR · signal     · SYY · meanRev ▲ 100 · 1d
20:35 KSA · REGULAR · signal     · LVS · meanRev ▲ 100 · 1d
20:38 KSA · REGULAR · scanner    · بدء المسح · 1153 رمزاً · الجلسة REGULAR
20:38 KSA · REGULAR · signal     · NEAR-USD · brk ▲ 69 · 15m
20:38 KSA · REGULAR · signal     · PEPE-USD · orb ▼ 64 · 5m
20:38 KSA · REGULAR · signal     · WLFI-USD · vwapRec ▲ 100 · 5m
20:40 KSA · REGULAR · scanner    · بدء المسح · 1153 رمزاً · الجلسة REGULAR
20:40 KSA · REGULAR · signal     · GEV · orb ▼ 64 · 5m
20:40 KSA · REGULAR · signal     · UNI-USD · orb ▼ 100 · 5m
20:40 KSA · REGULAR · signal     · TRUMP-USD · brk ▲ 100 · 15m
20:43 KSA · REGULAR · scanner    · بدء المسح · 1153 رمزاً · الجلسة REGULAR
20:43 KSA · REGULAR · signal     · LINK-USD · pbTrend ▲ 71 · 1h
20:43 KSA · REGULAR · signal     · LSK-USD · orb ▼ 65 · 5m
20:43 KSA · REGULAR · signal     · LSK-USD · brk ▼ 59 · 15m
20:43 KSA · REGULAR · signal     · UNI-USD · brk ▼ 55 · 15m
20:43 KSA · REGULAR · signal     · UNI-USD · pbTrend ▲ 67 · 1h
20:43 KSA · REGULAR · signal     · 牛来-USD · vwapRec ▲ 83 · 5m
20:43 KSA · REGULAR · signal     · TAO-USD · brk ▼ 55 · 15m
20:43 KSA · REGULAR · signal     · TAO-USD · sqzExp ▼ 68 · 1h
20:43 KSA · REGULAR · signal     · THE-USD · brk ▼ 73 · 15m
20:43 KSA · REGULAR · signal     · THE-USD · sqzExp ▼ 90 · 1h
20:43 KSA · REGULAR · signal     · TRUMP-USD · orb ▼ 85 · 5m
20:43 KSA · REGULAR · signal     · EUR-USD · brk ▼ 68 · 15m
20:43 KSA · REGULAR · signal     · ARB-USD · brk ▼ 55 · 15m
20:43 KSA · REGULAR · signal     · ARB-USD · sqzExp ▼ 65 · 1h
20:43 KSA · REGULAR · signal     · HOLO-USD · brk ▼ 73 · 15m
20:43 KSA · REGULAR · signal     · TON-USD · brk ▼ 61 · 15m
20:43 KSA · REGULAR · signal     · PENGU-USD · vwapRec ▼ 65 · 5m
20:43 KSA · REGULAR · signal     · WLFI-USD · brk ▼ 61 · 15m
20:43 KSA · REGULAR · signal     · WLFI-USD · momo ▼ 58 · 1h
20:43 KSA · REGULAR · signal     · APT-USD · brk ▼ 55 · 15m
20:43 KSA · REGULAR · signal     · APT-USD · sqzExp ▼ 75 · 1h
20:45 KSA · REGULAR · scanner    · بدء المسح · 1153 رمزاً · الجلسة REGULAR
20:45 KSA · REGULAR · signal     · BTC-USD · vwapRec ▼ 65 · 5m
20:45 KSA · REGULAR · signal     · MDLZ · orb ▲ 82 · 5m
20:45 KSA · REGULAR · signal     · U-USD · orb ▲ 73 · 5m
20:45 KSA · REGULAR · signal     · PEPE-USD · orb ▼ 60 · 5m
20:45 KSA · REGULAR · signal     · THE-USD · orb ▲ 78 · 5m
20:45 KSA · REGULAR · signal     · BANK-USD · vwapRec ▲ 90 · 5m
20:46 KSA · REGULAR · scanner    · بدء المسح · 1153 رمزاً · الجلسة REGULAR
20:46 KSA · REGULAR · signal     · ON · brk ▲ 100 · 15m
20:46 KSA · REGULAR · signal     · AVAX-USD · vwapRec ▲ 100 · 5m
20:46 KSA · REGULAR · signal     · HEMI-USD · brk ▼ 100 · 15m
20:48 KSA · REGULAR · scanner    · بدء المسح · 1153 رمزاً · الجلسة REGULAR
20:48 KSA · REGULAR · signal     · XRP-USD · vwapRec ▲ 100 · 5m
20:48 KSA · REGULAR · signal     · EUR-USD · vwapRec ▼ 100 · 5m
20:48 KSA · REGULAR · signal     · EUR-USD · brk ▼ 69 · 15m
20:50 KSA · REGULAR · scanner    · بدء المسح · 1153 رمزاً · الجلسة REGULAR
20:50 KSA · REGULAR · signal     · TSLA · meanRev ▲ 100 · 15m
20:50 KSA · REGULAR · signal     · INTU · orb ▲ 82 · 5m
20:53 KSA · REGULAR · scanner    · بدء المسح · 1153 رمزاً · الجلسة REGULAR
20:53 KSA · REGULAR · signal     · PSX · sqzExp ▲ 70 · 1h
20:53 KSA · REGULAR · signal     · INTU · volSpike ▲ 89 · 15m
20:53 KSA · REGULAR · signal     · VST · volSpike ▲ 67 · 15m
20:53 KSA · REGULAR · signal     · ETHFI-USD · volSpike ▼ 67 · 15m
20:53 KSA · REGULAR · signal     · INJ-USD · rsiDiv ▲ 56 · 15m
20:53 KSA · REGULAR · signal     · LSK-USD · orb ▼ 57 · 5m
20:53 KSA · REGULAR · signal     · UNI-USD · brk ▼ 70 · 15m
20:53 KSA · REGULAR · signal     · UNI-USD · pbTrend ▲ 67 · 1h
20:53 KSA · REGULAR · signal     · SUI-USD · volSpike ▼ 67 · 15m
20:53 KSA · REGULAR · signal     · PEPE-USD · brk ▲ 57 · 15m
20:53 KSA · REGULAR · signal     · TAO-USD · brk ▼ 70 · 15m
20:53 KSA · REGULAR · signal     · TAO-USD · sqzExp ▼ 68 · 1h
20:53 KSA · REGULAR · signal     · THE-USD · brk ▼ 73 · 15m
20:53 KSA · REGULAR · signal     · THE-USD · sqzExp ▼ 90 · 1h
20:53 KSA · REGULAR · signal     · TRUMP-USD · brk ▼ 80 · 15m
20:53 KSA · REGULAR · signal     · ARB-USD · sqzExp ▼ 65 · 1h
20:53 KSA · REGULAR · signal     · HOLO-USD · brk ▼ 70 · 15m
20:53 KSA · REGULAR · signal     · HOLO-USD · sqzExp ▼ 88 · 1h
20:53 KSA · REGULAR · signal     · BANK-USD · brk ▼ 64 · 15m
20:53 KSA · REGULAR · signal     · BANK-USD · tfAlign ▼ 68 · 1d
20:53 KSA · REGULAR · signal     · TON-USD · brk ▼ 61 · 15m
20:53 KSA · REGULAR · signal     · PENGU-USD · vwapRec ▼ 65 · 5m
20:53 KSA · REGULAR · signal     · PENGU-USD · brk ▼ 82 · 15m
20:53 KSA · REGULAR · signal     · PENGU-USD · volSpike ▼ 78 · 15m
20:53 KSA · REGULAR · signal     · WLFI-USD · brk ▼ 68 · 15m
20:53 KSA · REGULAR · signal     · APT-USD · brk ▼ 70 · 15m
20:53 KSA · REGULAR · signal     · APT-USD · sqzExp ▼ 75 · 1h
20:54 KSA · REGULAR · scanner    · بدء المسح · 1153 رمزاً · الجلسة REGULAR
20:54 KSA · REGULAR · signal     · MSFT · orb ▼ 82 · 5m
20:54 KSA · REGULAR · signal     · BA · vwapRec ▼ 100 · 5m
20:54 KSA · REGULAR · signal     · U-USD · orb ▲ 73 · 5m
20:54 KSA · REGULAR · signal     · THE-USD · orb ▲ 85 · 5m
20:54 KSA · REGULAR · signal     · BANK-USD · vwapRec ▲ 100 · 5m
20:56 KSA · REGULAR · scanner    · بدء المسح · 1153 رمزاً · الجلسة REGULAR
20:56 KSA · REGULAR · signal     · XLM-USD · vwapRec ▼ 100 · 5m
20:56 KSA · REGULAR · signal     · HEMI-USD · orb ▼ 82 · 5m
20:58 KSA · REGULAR · scanner    · بدء المسح · 1153 رمزاً · الجلسة REGULAR
20:58 KSA · REGULAR · signal     · DASH-USD · pbTrend ▲ 57 · 1h
20:58 KSA · REGULAR · signal     · YUM · brk ▼ 69 · 1d
21:00 KSA · REGULAR · scanner    · بدء المسح · 1153 رمزاً · الجلسة REGULAR
21:00 KSA · REGULAR · signal     · SOL-USD · pbTrend ▲ 57 · 1h
21:00 KSA · REGULAR · signal     · PEPE-USD · orb ▼ 100 · 5m
21:00 KSA · REGULAR · signal     · PEPE-USD · vwapRec ▼ 60 · 5m
21:04 KSA · REGULAR · scanner    · بدء المسح · 1153 رمزاً · الجلسة REGULAR
21:04 KSA · REGULAR · signal     · MSFT · pbTrend ▲ 69 · 1h
21:04 KSA · REGULAR · signal     · GE · rsiDiv ▲ 72 · 15m
21:04 KSA · REGULAR · signal     · LSK-USD · orb ▼ 65 · 5m
21:04 KSA · REGULAR · signal     · HEMI-USD · volSpike ▼ 89 · 15m
21:04 KSA · REGULAR · signal     · UNI-USD · brk ▼ 68 · 15m
21:04 KSA · REGULAR · signal     · UNI-USD · pbTrend ▲ 67 · 1h
21:04 KSA · REGULAR · signal     · U-USD · brk ▼ 55 · 15m
21:04 KSA · REGULAR · signal     · TAO-USD · brk ▼ 68 · 15m
21:04 KSA · REGULAR · signal     · TAO-USD · sqzExp ▼ 68 · 1h
21:04 KSA · REGULAR · signal     · TAO-USD · tfAlign ▼ 68 · 1d
21:04 KSA · REGULAR · signal     · THE-USD · brk ▼ 61 · 15m
21:04 KSA · REGULAR · signal     · THE-USD · sqzExp ▼ 90 · 1h
21:04 KSA · REGULAR · signal     · TRUMP-USD · brk ▼ 68 · 15m
21:04 KSA · REGULAR · signal     · ARB-USD · brk ▼ 55 · 15m
21:04 KSA · REGULAR · signal     · ARB-USD · sqzExp ▼ 65 · 1h
21:04 KSA · REGULAR · signal     · HOLO-USD · brk ▼ 55 · 15m
21:04 KSA · REGULAR · signal     · HOLO-USD · sqzExp ▼ 88 · 1h
21:04 KSA · REGULAR · signal     · BANK-USD · brk ▼ 59 · 15m
21:04 KSA · REGULAR · signal     · TON-USD · brk ▼ 61 · 15m
21:04 KSA · REGULAR · signal     · SENT-USD · brk ▼ 59 · 15m
21:04 KSA · REGULAR · signal     · PENGU-USD · brk ▼ 64 · 15m
21:04 KSA · REGULAR · signal     · APT-USD · brk ▼ 68 · 15m
21:04 KSA · REGULAR · signal     · APT-USD · sqzExp ▼ 75 · 1h
21:04 KSA · REGULAR · signal     · APT-USD · tfAlign ▼ 75 · 1d
21:08 KSA · REGULAR · scanner    · بدء المسح · 1153 رمزاً · الجلسة REGULAR
21:08 KSA · REGULAR · signal     · NOW · vwapRec ▼ 100 · 5m
21:08 KSA · REGULAR · signal     · FIL-USD · brk ▼ 100 · 15m
21:08 KSA · REGULAR · signal     · U-USD · orb ▲ 80 · 5m
21:08 KSA · REGULAR · signal     · PEPE-USD · orb ▼ 73 · 5m
21:08 KSA · REGULAR · signal     · PEPE-USD · vwapRec ▼ 100 · 5m
21:08 KSA · REGULAR · signal     · THE-USD · orb ▲ 65 · 5m
21:10 KSA · REGULAR · scanner    · بدء المسح · 1153 رمزاً · الجلسة REGULAR
21:13 KSA · REGULAR · scanner    · بدء المسح · 1153 رمزاً · الجلسة REGULAR
21:13 KSA · REGULAR · signal     · KLAC · vwapRec ▲ 60 · 5m
21:13 KSA · REGULAR · signal     · SCHW · vwapRec ▲ 85 · 5m
21:13 KSA · REGULAR · signal     · DIS · momo ▼ 56 · 1h
21:13 KSA · REGULAR · signal     · ETN · vwapRec ▼ 75 · 5m
21:13 KSA · REGULAR · signal     · ZEC-USD · vwapRec ▼ 83 · 5m
21:13 KSA · REGULAR · signal     · LSK-USD · orb ▼ 80 · 5m
21:13 KSA · REGULAR · signal     · UNI-USD · brk ▼ 68 · 15m
21:13 KSA · REGULAR · signal     · UNI-USD · pbTrend ▲ 67 · 1h
21:13 KSA · REGULAR · signal     · U-USD · brk ▼ 55 · 15m
21:13 KSA · REGULAR · signal     · TAO-USD · brk ▼ 68 · 15m
21:13 KSA · REGULAR · signal     · TAO-USD · sqzExp ▼ 68 · 1h
21:13 KSA · REGULAR · signal     · THE-USD · brk ▼ 61 · 15m
21:13 KSA · REGULAR · signal     · THE-USD · sqzExp ▼ 90 · 1h
21:13 KSA · REGULAR · signal     · TRUMP-USD · brk ▼ 68 · 15m
21:13 KSA · REGULAR · signal     · ARB-USD · brk ▼ 55 · 15m
21:13 KSA · REGULAR · signal     · ARB-USD · sqzExp ▼ 65 · 1h
21:13 KSA · REGULAR · signal     · HOLO-USD · brk ▼ 55 · 15m
21:13 KSA · REGULAR · signal     · HOLO-USD · sqzExp ▼ 88 · 1h
21:13 KSA · REGULAR · signal     · BANK-USD · brk ▼ 59 · 15m
21:13 KSA · REGULAR · signal     · TON-USD · brk ▼ 61 · 15m
21:13 KSA · REGULAR · signal     · SENT-USD · brk ▼ 59 · 15m
21:13 KSA · REGULAR · signal     · PENGU-USD · vwapRec ▼ 65 · 5m
21:13 KSA · REGULAR · signal     · PENGU-USD · brk ▼ 64 · 15m
21:13 KSA · REGULAR · signal     · WLFI-USD · momo ▼ 58 · 1h
21:13 KSA · REGULAR · signal     · APT-USD · brk ▼ 68 · 15m
21:13 KSA · REGULAR · signal     · APT-USD · sqzExp ▼ 75 · 1h
21:13 KSA · REGULAR · signal     · F · rsiDiv ▲ 72 · 1d
21:13 KSA · REGULAR · signal     · FFIV · sqzExp ▲ 69 · 1d
21:15 KSA · REGULAR · scanner    · بدء المسح · 1153 رمزاً · الجلسة REGULAR
21:15 KSA · REGULAR · signal     · META · vwapRec ▲ 100 · 5m
21:15 KSA · REGULAR · signal     · COST · vwapRec ▲ 71 · 5m
21:15 KSA · REGULAR · signal     · PM · orb ▲ 64 · 5m
21:15 KSA · REGULAR · signal     · DDOG · orb ▲ 82 · 5m
21:15 KSA · REGULAR · signal     · XLM-USD · orb ▼ 64 · 5m
21:15 KSA · REGULAR · signal     · PAXG-USD · brk ▲ 100 · 15m
21:15 KSA · REGULAR · signal     · U-USD · orb ▲ 73 · 5m
21:15 KSA · REGULAR · signal     · PEPE-USD · orb ▼ 60 · 5m
21:15 KSA · REGULAR · signal     · THE-USD · orb ▲ 65 · 5m
21:16 KSA · REGULAR · scanner    · بدء المسح · 1153 رمزاً · الجلسة REGULAR
21:16 KSA · REGULAR · signal     · XAUT-USD · brk ▲ 69 · 15m
21:16 KSA · REGULAR · signal     · PEPE-USD · vwapRec ▼ 60 · 5m
21:16 KSA · REGULAR · signal     · PENGU-USD · vwapRec ▼ 100 · 5m
21:18 KSA · REGULAR · scanner    · بدء المسح · 1153 رمزاً · الجلسة REGULAR
21:18 KSA · REGULAR · signal     · FIL-USD · meanRev ▲ 100 · 15m
21:18 KSA · REGULAR · signal     · UNI-USD · pbTrend ▲ 57 · 1h
21:18 KSA · REGULAR · signal     · U-USD · vwapRec ▲ 57 · 5m
21:18 KSA · REGULAR · signal     · THE-USD · vwapRec ▼ 100 · 5m
21:18 KSA · REGULAR · signal     · SENT-USD · brk ▼ 100 · 15m
21:20 KSA · REGULAR · scanner    · بدء المسح · 1153 رمزاً · الجلسة REGULAR
21:20 KSA · REGULAR · signal     · CRCLB-USD · brk ▼ 69 · 15m
21:24 KSA · REGULAR · scanner    · بدء المسح · 1153 رمزاً · الجلسة REGULAR
21:24 KSA · REGULAR · signal     · BAC · pbTrend ▲ 69 · 1h
21:24 KSA · REGULAR · signal     · APH · pbTrend ▲ 67 · 1h
21:24 KSA · REGULAR · signal     · UNP · momo ▲ 58 · 1h
21:24 KSA · REGULAR · signal     · BX · vwapRec ▼ 85 · 5m
21:24 KSA · REGULAR · signal     · LMT · momo ▲ 78 · 1h
21:24 KSA · REGULAR · signal     · AON · tfAlign ▼ 90 · 1d
21:24 KSA · REGULAR · signal     · LTC-USD · pbTrend ▲ 55 · 1h
21:24 KSA · REGULAR · signal     · AAVE-USD · pbTrend ▲ 76 · 1h
21:24 KSA · REGULAR · signal     · ETHFI-USD · pbTrend ▲ 57 · 1h
21:24 KSA · REGULAR · signal     · OP-USD · momo ▼ 64 · 1h
21:24 KSA · REGULAR · signal     · LSK-USD · orb ▼ 65 · 5m
21:24 KSA · REGULAR · signal     · LSK-USD · brk ▼ 61 · 15m
21:24 KSA · REGULAR · signal     · HEMI-USD · momo ▼ 83 · 1h
21:24 KSA · REGULAR · signal     · UNI-USD · brk ▼ 57 · 15m
21:24 KSA · REGULAR · signal     · UNI-USD · sqzExp ▼ 57 · 1h
21:24 KSA · REGULAR · signal     · SUI-USD · tfAlign ▼ 75 · 1d
21:24 KSA · REGULAR · signal     · U-USD · brk ▼ 73 · 15m
21:24 KSA · REGULAR · signal     · TAO-USD · brk ▼ 55 · 15m
21:24 KSA · REGULAR · signal     · TAO-USD · sqzExp ▼ 68 · 1h
21:24 KSA · REGULAR · signal     · THE-USD · brk ▼ 68 · 15m
21:24 KSA · REGULAR · signal     · THE-USD · sqzExp ▼ 90 · 1h
21:24 KSA · REGULAR · signal     · TRUMP-USD · brk ▼ 68 · 15m
21:24 KSA · REGULAR · signal     · TRUMP-USD · tfAlign ▼ 75 · 1d
21:24 KSA · REGULAR · signal     · EUR-USD · brk ▼ 55 · 15m
21:24 KSA · REGULAR · signal     · ARB-USD · orb ▼ 65 · 5m
21:24 KSA · REGULAR · signal     · ARB-USD · brk ▼ 70 · 15m
21:24 KSA · REGULAR · signal     · ARB-USD · sqzExp ▼ 65 · 1h
21:24 KSA · REGULAR · signal     · HOLO-USD · brk ▼ 55 · 15m
21:24 KSA · REGULAR · signal     · HOLO-USD · sqzExp ▼ 88 · 1h
21:24 KSA · REGULAR · signal     · HOLO-USD · tfAlign ▼ 83 · 1d
21:24 KSA · REGULAR · signal     · BANK-USD · brk ▼ 59 · 15m
21:24 KSA · REGULAR · signal     · TON-USD · brk ▼ 61 · 15m
21:24 KSA · REGULAR · signal     · PENGU-USD · brk ▼ 73 · 15m
21:24 KSA · REGULAR · signal     · PENGU-USD · tfAlign ▼ 85 · 1d
21:24 KSA · REGULAR · signal     · APT-USD · brk ▼ 55 · 15m
21:25 KSA · REGULAR · scanner    · بدء المسح · 1153 رمزاً · الجلسة REGULAR
21:25 KSA · REGULAR · signal     · DIS · meanRev ▲ 100 · 15m
21:25 KSA · REGULAR · signal     · BSX · orb ▼ 64 · 5m
21:25 KSA · REGULAR · signal     · ENA-USD · orb ▼ 64 · 5m
21:25 KSA · REGULAR · signal     · PEPE-USD · orb ▼ 73 · 5m
21:25 KSA · REGULAR · signal     · EUR-USD · vwapRec ▲ 85 · 5m
21:26 KSA · REGULAR · scanner    · بدء المسح · 1153 رمزاً · الجلسة REGULAR
21:26 KSA · REGULAR · signal     · VRTX · vwapRec ▼ 100 · 5m
21:26 KSA · REGULAR · signal     · BANK-USD · meanRev ▲ 100 · 15m
21:28 KSA · REGULAR · scanner    · بدء المسح · 1153 رمزاً · الجلسة REGULAR
21:28 KSA · REGULAR · signal     · KO · orb ▲ 82 · 5m
21:28 KSA · REGULAR · signal     · LIN · vwapRec ▼ 100 · 5m
21:28 KSA · REGULAR · signal     · T · meanRev ▼ 100 · 15m
21:28 KSA · REGULAR · signal     · ARB-USD · vwapRec ▼ 100 · 5m
21:30 KSA · REGULAR · scanner    · بدء المسح · 1153 رمزاً · الجلسة REGULAR
21:30 KSA · REGULAR · signal     · U-USD · orb ▲ 100 · 5m
21:30 KSA · REGULAR · signal     · U-USD · vwapRec ▲ 57 · 5m
21:30 KSA · REGULAR · signal     · THE-USD · orb ▲ 64 · 5m
21:34 KSA · REGULAR · scanner    · بدء المسح · 1153 رمزاً · الجلسة REGULAR
21:34 KSA · REGULAR · signal     · CVX · rsiDiv ▼ 83 · 15m
21:34 KSA · REGULAR · signal     · TJX · sqzExp ▼ 75 · 1h
21:34 KSA · REGULAR · signal     · HON · orb ▼ 90 · 5m
21:34 KSA · REGULAR · signal     · LSK-USD · orb ▼ 57 · 5m
21:34 KSA · REGULAR · signal     · LSK-USD · brk ▼ 59 · 15m
21:34 KSA · REGULAR · signal     · MSTRB-USD · momo ▼ 75 · 1h
21:34 KSA · REGULAR · signal     · UNI-USD · pbTrend ▲ 57 · 1h
21:34 KSA · REGULAR · signal     · UNI-USD · sqzExp ▼ 57 · 1h
21:34 KSA · REGULAR · signal     · PEPE-USD · brk ▲ 57 · 15m
21:34 KSA · REGULAR · signal     · TAO-USD · brk ▼ 80 · 15m
21:34 KSA · REGULAR · signal     · TAO-USD · sqzExp ▼ 68 · 1h
21:34 KSA · REGULAR · signal     · THE-USD · brk ▼ 73 · 15m
21:34 KSA · REGULAR · signal     · THE-USD · sqzExp ▼ 90 · 1h
21:34 KSA · REGULAR · signal     · TRUMP-USD · brk ▼ 80 · 15m
21:34 KSA · REGULAR · signal     · EUR-USD · brk ▼ 73 · 15m
21:34 KSA · REGULAR · signal     · ARB-USD · orb ▼ 65 · 5m
21:34 KSA · REGULAR · signal     · ARB-USD · brk ▼ 73 · 15m
21:34 KSA · REGULAR · signal     · ARB-USD · sqzExp ▼ 65 · 1h
21:34 KSA · REGULAR · signal     · HOLO-USD · brk ▼ 61 · 15m
21:34 KSA · REGULAR · signal     · HOLO-USD · sqzExp ▼ 88 · 1h
21:34 KSA · REGULAR · signal     · BANK-USD · brk ▼ 64 · 15m
21:34 KSA · REGULAR · signal     · TON-USD · brk ▼ 61 · 15m
21:34 KSA · REGULAR · signal     · PENGU-USD · brk ▼ 75 · 15m
21:34 KSA · REGULAR · signal     · WLFI-USD · brk ▼ 59 · 15m
21:34 KSA · REGULAR · signal     · APT-USD · brk ▼ 80 · 15m
21:38 KSA · REGULAR · scanner    · بدء المسح · 1153 رمزاً · الجلسة REGULAR
21:38 KSA · REGULAR · signal     · INTC · brk ▼ 69 · 15m
21:38 KSA · REGULAR · signal     · TXN · brk ▼ 69 · 15m
21:38 KSA · REGULAR · signal     · PGR · orb ▲ 100 · 5m
21:38 KSA · REGULAR · signal     · BNB-USD · orb ▼ 90 · 5m
21:38 KSA · REGULAR · signal     · XRP-USD · brk ▼ 100 · 15m
21:38 KSA · REGULAR · signal     · LITE · orb ▼ 100 · 5m
21:38 KSA · REGULAR · signal     · COIN · sqzExp ▼ 100 · 1h
21:38 KSA · REGULAR · signal     · XLM-USD · brk ▼ 100 · 15m
21:38 KSA · REGULAR · signal     · XLM-USD · sqzExp ▼ 100 · 1h
21:38 KSA · REGULAR · signal     · BCH-USD · vwapRec ▼ 100 · 5m
21:38 KSA · REGULAR · signal     · IOTA-USD · brk ▼ 100 · 15m
21:38 KSA · REGULAR · signal     · IOTA-USD · meanRev ▲ 100 · 15m
21:38 KSA · REGULAR · signal     · CRCLB-USD · sqzExp ▼ 100 · 1h
21:38 KSA · REGULAR · signal     · U-USD · orb ▲ 80 · 5m
21:38 KSA · REGULAR · signal     · PEPE-USD · orb ▼ 73 · 5m
21:38 KSA · REGULAR · signal     · EUR-USD · vwapRec ▲ 85 · 5m
21:38 KSA · REGULAR · signal     · APO · brk ▼ 69 · 1d
21:38 KSA · REGULAR · signal     · RENDER-USD · brk ▼ 69 · 1d
21:38 KSA · REGULAR · signal     · SEI-USD · brk ▼ 69 · 1d
21:38 KSA · REGULAR · signal     · LUNC-USD · brk ▼ 69 · 1d
21:38 KSA · REGULAR · signal     · JASMY-USD · sqzExp ▼ 100 · 1d
21:38 KSA · REGULAR · signal     · SAND-USD · brk ▼ 69 · 1d
21:38 KSA · REGULAR · signal     · SAND-USD · meanRev ▲ 100 · 1d
21:38 KSA · REGULAR · signal     · ALLO-USD · meanRev ▲ 100 · 1d
21:38 KSA · REGULAR · signal     · JOE-USD · meanRev ▲ 100 · 1d
21:38 KSA · REGULAR · signal     · RESOLV-USD · brk ▼ 69 · 1d
21:38 KSA · REGULAR · signal     · HOME-USD · brk ▼ 69 · 1d
21:38 KSA · REGULAR · signal     · MAGIC-USD · meanRev ▲ 100 · 1d
21:40 KSA · REGULAR · scanner    · بدء المسح · 1153 رمزاً · الجلسة REGULAR
21:40 KSA · REGULAR · signal     · AMGN · vwapRec ▼ 100 · 5m
21:40 KSA · REGULAR · signal     · HON · brk ▲ 69 · 15m
21:40 KSA · REGULAR · signal     · DOGE-USD · meanRev ▲ 100 · 15m
21:40 KSA · REGULAR · signal     · ADA-USD · meanRev ▲ 100 · 15m
21:40 KSA · REGULAR · signal     · HBAR-USD · brk ▼ 100 · 15m
21:40 KSA · REGULAR · signal     · ONDO-USD · meanRev ▲ 100 · 15m
21:40 KSA · REGULAR · signal     · CAKE-USD · brk ▼ 100 · 15m
21:40 KSA · REGULAR · signal     · APT-USD · brk ▼ 100 · 15m
21:40 KSA · REGULAR · signal     · CETUS-USD · brk ▼ 69 · 1d
21:40 KSA · REGULAR · signal     · SANTOS-USD · meanRev ▲ 100 · 1d
21:43 KSA · REGULAR · scanner    · بدء المسح · 1153 رمزاً · الجلسة REGULAR
21:43 KSA · REGULAR · signal     · HOOD · orb ▼ 65 · 5m
21:43 KSA · REGULAR · signal     · AVAX-USD · vwapRec ▼ 60 · 5m
21:43 KSA · REGULAR · signal     · ETHFI-USD · brk ▼ 66 · 15m
21:43 KSA · REGULAR · signal     · LSK-USD · orb ▼ 57 · 5m
21:43 KSA · REGULAR · signal     · LSK-USD · brk ▼ 59 · 15m
21:43 KSA · REGULAR · signal     · UNI-USD · sqzExp ▼ 57 · 1h
21:43 KSA · REGULAR · signal     · PEPE-USD · brk ▲ 57 · 15m
21:43 KSA · REGULAR · signal     · TAO-USD · brk ▼ 80 · 15m
21:43 KSA · REGULAR · signal     · TAO-USD · sqzExp ▼ 68 · 1h
21:43 KSA · REGULAR · signal     · THE-USD · orb ▼ 78 · 5m
21:43 KSA · REGULAR · signal     · THE-USD · brk ▼ 73 · 15m
21:43 KSA · REGULAR · signal     · THE-USD · sqzExp ▼ 90 · 1h
21:43 KSA · REGULAR · signal     · TRUMP-USD · brk ▼ 80 · 15m
21:43 KSA · REGULAR · signal     · EUR-USD · brk ▼ 73 · 15m
21:43 KSA · REGULAR · signal     · ARB-USD · orb ▼ 65 · 5m
21:43 KSA · REGULAR · signal     · ARB-USD · brk ▼ 73 · 15m
21:43 KSA · REGULAR · signal     · ARB-USD · sqzExp ▼ 65 · 1h
21:43 KSA · REGULAR · signal     · HOLO-USD · brk ▼ 61 · 15m
21:43 KSA · REGULAR · signal     · HOLO-USD · sqzExp ▼ 88 · 1h
21:43 KSA · REGULAR · signal     · TON-USD · brk ▼ 61 · 15m
21:43 KSA · REGULAR · signal     · PENGU-USD · brk ▼ 75 · 15m
21:43 KSA · REGULAR · signal     · MINA-USD · volSpike ▼ 78 · 1d
21:43 KSA · REGULAR · signal     · API3-USD · volSpike ▼ 100 · 1d
21:43 KSA · REGULAR · signal     · QKC-USD · volSpike ▼ 94 · 1d
21:43 KSA · REGULAR · signal     · LA-USD · brk ▼ 68 · 1d
21:43 KSA · REGULAR · signal     · ALT-USD · brk ▼ 79 · 1d
21:43 KSA · REGULAR · signal     · ALT-USD · volSpike ▼ 78 · 1d
21:43 KSA · REGULAR · signal     · POL-USD · brk ▼ 55 · 1d
21:43 KSA · REGULAR · signal     · ZRO-USD · brk ▼ 63 · 1d
21:43 KSA · REGULAR · signal     · SAGA-USD · volSpike ▲ 61 · 1d
21:43 KSA · REGULAR · signal     · MORPHO-USD · brk ▼ 55 · 1d
21:43 KSA · REGULAR · signal     · MORPHO-USD · sqzExp ▼ 59 · 1d
21:43 KSA · REGULAR · signal     · AERO-USD · brk ▼ 66 · 1d
21:43 KSA · REGULAR · signal     · CHIP-USD · brk ▼ 55 · 1d
21:43 KSA · REGULAR · signal     · METAB-USD · volSpike ▲ 61 · 1d
21:43 KSA · REGULAR · signal     · SOPH-USD · brk ▼ 84 · 1d
21:43 KSA · REGULAR · signal     · SOPH-USD · sqzExp ▼ 84 · 1d
21:43 KSA · REGULAR · signal     · BABY-USD · brk ▼ 74 · 1d
21:43 KSA · REGULAR · signal     · BABY-USD · volSpike ▼ 89 · 1d
21:43 KSA · REGULAR · signal     · STX-USD · brk ▼ 74 · 1d
21:43 KSA · REGULAR · signal     · HFT-USD · brk ▼ 84 · 1d
21:43 KSA · REGULAR · signal     · HFT-USD · sqzExp ▼ 69 · 1d
21:43 KSA · REGULAR · signal     · MET-USD · brk ▲ 76 · 1d
21:43 KSA · REGULAR · signal     · BB-USD · brk ▲ 58 · 1d
21:43 KSA · REGULAR · signal     · BB-USD · sqzExp ▲ 66 · 1d
21:43 KSA · REGULAR · signal     · MEGA-USD · brk ▲ 68 · 1d
21:43 KSA · REGULAR · signal     · MEGA-USD · sqzExp ▲ 88 · 1d
21:45 KSA · REGULAR · scanner    · بدء المسح · 1153 رمزاً · الجلسة REGULAR
21:45 KSA · REGULAR · signal     · HOOD · brk ▼ 100 · 15m
21:45 KSA · REGULAR · signal     · HOOD · sqzExp ▼ 100 · 1h
21:45 KSA · REGULAR · signal     · SOL-USD · brk ▼ 69 · 15m
21:45 KSA · REGULAR · signal     · LINK-USD · brk ▼ 100 · 15m
21:45 KSA · REGULAR · signal     · ADA-USD · brk ▼ 100 · 15m
21:45 KSA · REGULAR · signal     · BCH-USD · meanRev ▲ 100 · 15m
21:45 KSA · REGULAR · signal     · LTC-USD · brk ▼ 100 · 15m
21:45 KSA · REGULAR · signal     · DASH-USD · meanRev ▲ 100 · 15m
21:45 KSA · REGULAR · signal     · OP-USD · brk ▼ 69 · 15m
21:45 KSA · REGULAR · signal     · IOTA-USD · brk ▼ 100 · 15m
21:45 KSA · REGULAR · signal     · U-USD · orb ▲ 80 · 5m
21:45 KSA · REGULAR · signal     · PEPE-USD · orb ▼ 65 · 5m
21:45 KSA · REGULAR · signal     · PFG · meanRev ▼ 100 · 1d
21:45 KSA · REGULAR · signal     · GNO-USD · brk ▼ 69 · 1d
21:45 KSA · REGULAR · signal     · GNO-USD · meanRev ▲ 100 · 1d
21:45 KSA · REGULAR · signal     · LUNC-USD · meanRev ▲ 100 · 1d
21:45 KSA · REGULAR · signal     · PLUME-USD · meanRev ▲ 100 · 1d
21:45 KSA · REGULAR · signal     · PNUT-USD · brk ▼ 69 · 1d
21:45 KSA · REGULAR · signal     · ALLO-USD · brk ▼ 69 · 1d
21:45 KSA · REGULAR · signal     · BNT-USD · brk ▼ 69 · 1d
21:45 KSA · REGULAR · signal     · WOO-USD · meanRev ▲ 100 · 1d
21:45 KSA · REGULAR · signal     · LQTY-USD · meanRev ▲ 100 · 1d
21:45 KSA · REGULAR · signal     · AIXBT-USD · brk ▼ 69 · 1d
21:45 KSA · REGULAR · signal     · AUDIO-USD · meanRev ▲ 100 · 1d
21:45 KSA · REGULAR · signal     · RAD-USD · meanRev ▲ 100 · 1d
21:45 KSA · REGULAR · signal     · OGN-USD · brk ▼ 69 · 1d
21:45 KSA · REGULAR · signal     · LAZIO-USD · meanRev ▲ 100 · 1d
21:45 KSA · REGULAR · signal     · NFP-USD · brk ▼ 100 · 1d
21:45 KSA · REGULAR · signal     · SAGA-USD · brk ▲ 84 · 1d
21:45 KSA · REGULAR · signal     · SAGA-USD · sqzExp ▲ 88 · 1d
21:45 KSA · REGULAR · signal     · METAB-USD · brk ▲ 71 · 1d
21:45 KSA · REGULAR · signal     · RARE-USD · meanRev ▲ 100 · 1d
21:45 KSA · REGULAR · signal     · HOT-USD · meanRev ▲ 100 · 1d
21:46 KSA · REGULAR · scanner    · بدء المسح · 1153 رمزاً · الجلسة REGULAR
21:46 KSA · REGULAR · signal     · BTC-USD · brk ▼ 100 · 15m
21:46 KSA · REGULAR · signal     · INTU · orb ▼ 100 · 5m
21:46 KSA · REGULAR · signal     · HONA · orb ▼ 64 · 5m
21:46 KSA · REGULAR · signal     · AVAX-USD · brk ▼ 100 · 15m
21:46 KSA · REGULAR · signal     · NEAR-USD · brk ▼ 100 · 15m
21:46 KSA · REGULAR · signal     · ENA-USD · brk ▼ 100 · 15m
21:46 KSA · REGULAR · signal     · ICP-USD · meanRev ▲ 100 · 15m
21:46 KSA · REGULAR · signal     · MARSCOIN-USD · brk ▼ 100 · 15m
21:46 KSA · REGULAR · signal     · PEPE-USD · brk ▼ 100 · 15m
21:46 KSA · REGULAR · signal     · THE-USD · orb ▼ 100 · 5m
21:46 KSA · REGULAR · signal     · PENGU-USD · brk ▼ 100 · 15m
21:46 KSA · REGULAR · signal     · RENDER-USD · meanRev ▲ 100 · 1d
21:46 KSA · REGULAR · signal     · DYDX-USD · meanRev ▲ 100 · 1d
21:46 KSA · REGULAR · signal     · SNX-USD · brk ▼ 69 · 1d
21:46 KSA · REGULAR · signal     · KAITO-USD · meanRev ▲ 100 · 1d
21:46 KSA · REGULAR · signal     · NMR-USD · meanRev ▲ 100 · 1d
21:46 KSA · REGULAR · signal     · TURBO-USD · meanRev ▲ 100 · 1d
21:46 KSA · REGULAR · signal     · XVS-USD · brk ▼ 69 · 1d
21:46 KSA · REGULAR · signal     · XVS-USD · meanRev ▲ 100 · 1d
21:46 KSA · REGULAR · signal     · PNUT-USD · meanRev ▲ 100 · 1d
21:46 KSA · REGULAR · signal     · RVN-USD · meanRev ▲ 100 · 1d
21:46 KSA · REGULAR · signal     · BNT-USD · meanRev ▲ 100 · 1d
21:46 KSA · REGULAR · signal     · OSMO-USD · brk ▼ 69 · 1d
21:46 KSA · REGULAR · signal     · FOGO-USD · brk ▼ 69 · 1d
21:46 KSA · REGULAR · signal     · SKL-USD · brk ▼ 69 · 1d
21:46 KSA · REGULAR · signal     · SKL-USD · meanRev ▲ 100 · 1d
21:46 KSA · REGULAR · signal     · CGPT-USD · brk ▼ 69 · 1d
21:46 KSA · REGULAR · signal     · LUMIA-USD · meanRev ▲ 100 · 1d
21:46 KSA · REGULAR · signal     · GUN-USD · meanRev ▲ 100 · 1d
21:46 KSA · REGULAR · signal     · ASR-USD · brk ▼ 69 · 1d
21:46 KSA · REGULAR · signal     · NEIRO-USD · brk ▼ 69 · 1d
21:46 KSA · REGULAR · signal     · ACM-USD · meanRev ▲ 100 · 1d
21:46 KSA · REGULAR · signal     · CYBER-USD · brk ▼ 100 · 1d
21:46 KSA · REGULAR · signal     · MAGIC-USD · brk ▼ 69 · 1d
21:46 KSA · REGULAR · signal     · GTC-USD · meanRev ▲ 100 · 1d
21:49 KSA · REGULAR · scanner    · بدء المسح · 1153 رمزاً · الجلسة REGULAR
21:49 KSA · REGULAR · signal     · ORCL · orb ▼ 82 · 5m
21:49 KSA · REGULAR · signal     · BX · brk ▼ 69 · 15m
21:49 KSA · REGULAR · signal     · BX · meanRev ▲ 100 · 15m
21:49 KSA · REGULAR · signal     · KKR · brk ▼ 100 · 15m
21:49 KSA · REGULAR · signal     · LITE · brk ▼ 69 · 15m
21:49 KSA · REGULAR · signal     · AON · orb ▼ 82 · 5m
21:49 KSA · REGULAR · signal     · AON · meanRev ▲ 100 · 15m
21:49 KSA · REGULAR · signal     · ZEC-USD · brk ▼ 69 · 15m
21:49 KSA · REGULAR · signal     · BCH-USD · brk ▼ 100 · 15m
21:49 KSA · REGULAR · signal     · XPL-USD · brk ▼ 100 · 15m
21:49 KSA · REGULAR · signal     · U-USD · vwapRec ▲ 57 · 5m
21:49 KSA · REGULAR · signal     · THE-USD · brk ▼ 100 · 15m
21:49 KSA · REGULAR · signal     · THE-USD · meanRev ▲ 100 · 15m
21:49 KSA · REGULAR · signal     · THE-USD · sqzExp ▼ 100 · 1h
21:49 KSA · REGULAR · signal     · CBOE · brk ▼ 69 · 1d
21:49 KSA · REGULAR · signal     · WBETH-USD · meanRev ▲ 100 · 1d
21:49 KSA · REGULAR · signal     · WBTC-USD · brk ▼ 69 · 1d
21:49 KSA · REGULAR · signal     · BNSOL-USD · meanRev ▲ 100 · 1d
21:49 KSA · REGULAR · signal     · KAIA-USD · meanRev ▲ 100 · 1d
21:49 KSA · REGULAR · signal     · SNX-USD · meanRev ▲ 100 · 1d
21:49 KSA · REGULAR · signal     · UMA-USD · meanRev ▲ 100 · 1d
21:49 KSA · REGULAR · signal     · ARKM-USD · meanRev ▲ 100 · 1d
21:49 KSA · REGULAR · signal     · PARTI-USD · meanRev ▲ 100 · 1d
21:49 KSA · REGULAR · signal     · MAV-USD · meanRev ▲ 100 · 1d
21:49 KSA · REGULAR · signal     · DOLO-USD · meanRev ▲ 100 · 1d
21:49 KSA · REGULAR · signal     · PORTO-USD · brk ▼ 69 · 1d
21:49 KSA · REGULAR · signal     · PORTO-USD · meanRev ▲ 100 · 1d
21:49 KSA · REGULAR · signal     · LAZIO-USD · brk ▼ 69 · 1d
21:49 KSA · REGULAR · signal     · STO-USD · meanRev ▲ 100 · 1d
21:49 KSA · REGULAR · signal     · MORPHO-USD · meanRev ▲ 100 · 1d
21:49 KSA · REGULAR · signal     · IO-USD · brk ▼ 69 · 1d
21:49 KSA · REGULAR · signal     · ZBT-USD · meanRev ▲ 100 · 1d
21:49 KSA · REGULAR · signal     · PIXEL-USD · meanRev ▲ 100 · 1d
21:49 KSA · REGULAR · signal     · C-USD · meanRev ▲ 100 · 1d
21:49 KSA · REGULAR · signal     · COOKIE-USD · brk ▼ 69 · 1d
21:50 KSA · REGULAR · scanner    · بدء المسح · 1153 رمزاً · الجلسة REGULAR
21:50 KSA · REGULAR · signal     · JNJ · orb ▲ 82 · 5m
21:50 KSA · REGULAR · signal     · HON · vwapRec ▲ 100 · 5m
21:50 KSA · REGULAR · signal     · VST · orb ▼ 82 · 5m
21:50 KSA · REGULAR · signal     · SWKS · vwapRec ▼ 100 · 5m
21:50 KSA · REGULAR · signal     · SHELL-USD · meanRev ▲ 100 · 1d
21:53 KSA · REGULAR · scanner    · بدء المسح · 1153 رمزاً · الجلسة REGULAR
21:53 KSA · REGULAR · signal     · WFC · tfAlign ▲ 80 · 1d
21:53 KSA · REGULAR · signal     · QCOM · rsiDiv ▼ 72 · 15m
21:53 KSA · REGULAR · signal     · XRP-USD · volSpike ▼ 83 · 15m
21:53 KSA · REGULAR · signal     · AON · brk ▼ 66 · 15m
21:53 KSA · REGULAR · signal     · SOL-USD · volSpike ▼ 89 · 15m
21:53 KSA · REGULAR · signal     · COIN · volSpike ▼ 94 · 15m
21:53 KSA · REGULAR · signal     · ZEC-USD · volSpike ▼ 78 · 15m
21:53 KSA · REGULAR · signal     · DOGE-USD · vwapRec ▼ 65 · 5m
21:53 KSA · REGULAR · signal     · LINK-USD · vwapRec ▼ 60 · 5m
21:53 KSA · REGULAR · signal     · LINK-USD · volSpike ▼ 89 · 15m
21:53 KSA · REGULAR · signal     · ADA-USD · volSpike ▼ 94 · 15m
21:53 KSA · REGULAR · signal     · XLM-USD · volSpike ▼ 83 · 15m
21:53 KSA · REGULAR · signal     · BCH-USD · volSpike ▼ 100 · 15m
21:53 KSA · REGULAR · signal     · LTC-USD · volSpike ▼ 89 · 15m
21:53 KSA · REGULAR · signal     · HBAR-USD · volSpike ▼ 94 · 15m
21:53 KSA · REGULAR · signal     · AVAX-USD · volSpike ▼ 100 · 15m
21:53 KSA · REGULAR · signal     · NEAR-USD · volSpike ▼ 89 · 15m
21:53 KSA · REGULAR · signal     · ONDO-USD · volSpike ▼ 89 · 15m
21:53 KSA · REGULAR · signal     · ENA-USD · volSpike ▼ 83 · 15m
21:53 KSA · REGULAR · signal     · ICP-USD · volSpike ▼ 89 · 15m
21:53 KSA · REGULAR · signal     · WLD-USD · vwapRec ▼ 65 · 5m
21:53 KSA · REGULAR · signal     · CAKE-USD · volSpike ▼ 83 · 15m
21:53 KSA · REGULAR · signal     · DASH-USD · vwapRec ▼ 55 · 5m
21:53 KSA · REGULAR · signal     · PENDLE-USD · volSpike ▼ 78 · 15m
21:53 KSA · REGULAR · signal     · LSK-USD · orb ▼ 65 · 5m
21:53 KSA · REGULAR · signal     · VTHO-USD · vwapRec ▲ 100 · 5m
21:53 KSA · REGULAR · signal     · MSTRB-USD · volSpike ▼ 94 · 15m
21:53 KSA · REGULAR · signal     · UNI-USD · brk ▼ 82 · 15m
21:53 KSA · REGULAR · signal     · UNI-USD · sqzExp ▼ 57 · 1h
21:53 KSA · REGULAR · signal     · UNI-USD · volSpike ▼ 67 · 15m
21:53 KSA · REGULAR · signal     · SUI-USD · volSpike ▼ 89 · 15m
21:53 KSA · REGULAR · signal     · U-USD · brk ▼ 66 · 15m
21:53 KSA · REGULAR · signal     · PEPE-USD · volSpike ▼ 67 · 15m
21:53 KSA · REGULAR · signal     · TAO-USD · volSpike ▼ 78 · 15m
21:53 KSA · REGULAR · signal     · EUR-USD · brk ▼ 73 · 15m
21:53 KSA · REGULAR · signal     · ARB-USD · orb ▼ 65 · 5m
21:53 KSA · REGULAR · signal     · ARB-USD · brk ▼ 73 · 15m
21:53 KSA · REGULAR · signal     · ARB-USD · sqzExp ▼ 65 · 1h
21:53 KSA · REGULAR · signal     · BANK-USD · vwapRec ▼ 65 · 5m
21:53 KSA · REGULAR · signal     · BANK-USD · volSpike ▼ 89 · 15m
21:53 KSA · REGULAR · signal     · TON-USD · brk ▼ 61 · 15m
21:53 KSA · REGULAR · signal     · SENT-USD · volSpike ▼ 78 · 15m
21:53 KSA · REGULAR · signal     · PENGU-USD · volSpike ▼ 83 · 15m
21:53 KSA · REGULAR · signal     · ASTER-USD · volSpike ▼ 83 · 15m
21:53 KSA · REGULAR · signal     · APT-USD · volSpike ▼ 83 · 15m
21:53 KSA · REGULAR · signal     · WIF-USD · brk ▼ 79 · 1d
21:53 KSA · REGULAR · signal     · ANKR-USD · volSpike ▲ 56 · 1d
21:53 KSA · REGULAR · signal     · IOTX-USD · brk ▲ 84 · 1d
21:53 KSA · REGULAR · signal     · IOTX-USD · volSpike ▼ 78 · 1d
21:53 KSA · REGULAR · signal     · GAL-USD · sqzExp ▼ 75 · 1d
21:53 KSA · REGULAR · signal     · TQQQB-USD · volSpike ▲ 56 · 1d
21:53 KSA · REGULAR · signal     · SYN-USD · brk ▼ 66 · 1d
21:53 KSA · REGULAR · signal     · SYN-USD · sqzExp ▼ 88 · 1d
21:53 KSA · REGULAR · signal     · FORM-USD · brk ▼ 63 · 1d
21:53 KSA · REGULAR · signal     · GIGGLE-USD · sqzExp ▼ 81 · 1d
21:53 KSA · REGULAR · signal     · STRAX-USD · volSpike ▲ 61 · 1d
21:53 KSA · REGULAR · signal     · ACE-USD · brk ▼ 55 · 1d
21:53 KSA · REGULAR · signal     · POLY-USD · brk ▼ 66 · 1d
21:53 KSA · REGULAR · signal     · VANA-USD · brk ▲ 68 · 1d
21:53 KSA · REGULAR · signal     · VANA-USD · volSpike ▼ 56 · 1d
21:53 KSA · REGULAR · signal     · SKY-USD · brk ▼ 66 · 1d
21:53 KSA · REGULAR · signal     · SKY-USD · sqzExp ▼ 91 · 1d
21:53 KSA · REGULAR · signal     · OMNI-USD · brk ▼ 76 · 1d
21:53 KSA · REGULAR · signal     · PORTAL-USD · brk ▼ 63 · 1d
21:55 KSA · REGULAR · scanner    · بدء المسح · 1153 رمزاً · الجلسة REGULAR
21:55 KSA · REGULAR · signal     · LRCX · vwapRec ▲ 100 · 5m
21:55 KSA · REGULAR · signal     · CDNS · vwapRec ▲ 100 · 5m
21:55 KSA · REGULAR · signal     · HON · orb ▲ 82 · 5m
21:55 KSA · REGULAR · signal     · MRNA · pbTrend ▲ 57 · 1h
21:55 KSA · REGULAR · signal     · 牛来-USD · vwapRec ▲ 83 · 5m
21:55 KSA · REGULAR · signal     · PEPE-USD · orb ▼ 68 · 5m
21:55 KSA · REGULAR · signal     · PEPE-USD · pbTrend ▲ 57 · 1h
21:56 KSA · REGULAR · scanner    · بدء المسح · 1153 رمزاً · الجلسة REGULAR
21:56 KSA · REGULAR · signal     · AMZN · meanRev ▲ 100 · 15m
21:56 KSA · REGULAR · signal     · LLY · brk ▼ 69 · 15m
21:56 KSA · REGULAR · signal     · MS · meanRev ▼ 100 · 15m
21:56 KSA · REGULAR · signal     · PUMP-USD · vwapRec ▲ 100 · 5m
21:58 KSA · REGULAR · scanner    · بدء المسح · 1153 رمزاً · الجلسة REGULAR
21:58 KSA · REGULAR · signal     · ZEC-USD · vwapRec ▲ 100 · 5m
21:58 KSA · REGULAR · signal     · XLM-USD · meanRev ▲ 100 · 15m
21:58 KSA · REGULAR · signal     · IOTA-USD · meanRev ▲ 100 · 15m
22:00 KSA · REGULAR · scanner    · بدء المسح · 1153 رمزاً · الجلسة REGULAR
22:00 KSA · REGULAR · signal     · JPM · brk ▲ 100 · 15m
22:00 KSA · REGULAR · signal     · JNJ · pbTrend ▲ 57 · 1h
22:00 KSA · REGULAR · signal     · BNB-USD · vwapRec ▼ 100 · 5m
22:00 KSA · REGULAR · signal     · BNB-USD · pbTrend ▲ 57 · 1h
22:00 KSA · REGULAR · signal     · ENA-USD · vwapRec ▼ 100 · 5m
22:00 KSA · REGULAR · signal     · FIL-USD · meanRev ▲ 100 · 15m
22:00 KSA · REGULAR · signal     · MARSCOIN-USD · vwapRec ▼ 100 · 5m
22:00 KSA · REGULAR · signal     · BANK-USD · brk ▼ 100 · 15m
22:04 KSA · REGULAR · scanner    · بدء المسح · 1153 رمزاً · الجلسة REGULAR
22:04 KSA · REGULAR · signal     · JPM · volSpike ▲ 94 · 15m
22:04 KSA · REGULAR · signal     · C · tfAlign ▲ 70 · 1d
22:04 KSA · REGULAR · signal     · FTNT · rsiDiv ▼ 61 · 15m
22:04 KSA · REGULAR · signal     · SOL-USD · volSpike ▲ 94 · 15m
22:04 KSA · REGULAR · signal     · LHX · vwapRec ▲ 68 · 5m
22:04 KSA · REGULAR · signal     · COIN · volSpike ▲ 89 · 15m
22:04 KSA · REGULAR · signal     · MCHP · vwapRec ▲ 60 · 5m
22:04 KSA · REGULAR · signal     · ZEC-USD · volSpike ▲ 100 · 15m
22:04 KSA · REGULAR · signal     · LINK-USD · volSpike ▲ 94 · 15m
22:04 KSA · REGULAR · signal     · ADA-USD · volSpike ▲ 89 · 15m
22:04 KSA · REGULAR · signal     · XLM-USD · volSpike ▲ 100 · 15m
22:04 KSA · REGULAR · signal     · BCH-USD · volSpike ▲ 89 · 15m
22:04 KSA · REGULAR · signal     · LTC-USD · volSpike ▲ 78 · 15m
22:04 KSA · REGULAR · signal     · HBAR-USD · volSpike ▲ 89 · 15m
22:04 KSA · REGULAR · signal     · AVAX-USD · volSpike ▲ 89 · 15m
22:04 KSA · REGULAR · signal     · NEAR-USD · volSpike ▲ 100 · 15m
22:04 KSA · REGULAR · signal     · ONDO-USD · volSpike ▲ 94 · 15m
22:04 KSA · REGULAR · signal     · ENA-USD · volSpike ▲ 94 · 15m
22:04 KSA · REGULAR · signal     · ICP-USD · volSpike ▲ 89 · 15m
22:04 KSA · REGULAR · signal     · CAKE-USD · volSpike ▲ 100 · 15m
22:04 KSA · REGULAR · signal     · DASH-USD · volSpike ▲ 100 · 15m
22:04 KSA · REGULAR · signal     · PENDLE-USD · volSpike ▲ 100 · 15m
22:04 KSA · REGULAR · signal     · IOTA-USD · volSpike ▲ 89 · 15m
22:04 KSA · REGULAR · signal     · LSK-USD · orb ▼ 57 · 5m
22:04 KSA · REGULAR · signal     · MARSCOIN-USD · volSpike ▲ 88 · 15m
22:04 KSA · REGULAR · signal     · MSTRB-USD · volSpike ▲ 89 · 15m
22:04 KSA · REGULAR · signal     · CVC-USD · volSpike ▲ 89 · 15m
22:04 KSA · REGULAR · signal     · SOXLB-USD · rsiDiv ▲ 67 · 1d
22:04 KSA · REGULAR · signal     · UNI-USD · brk ▼ 68 · 15m
22:04 KSA · REGULAR · signal     · UNI-USD · sqzExp ▼ 57 · 1h
22:04 KSA · REGULAR · signal     · SUI-USD · volSpike ▲ 61 · 15m
22:04 KSA · REGULAR · signal     · U-USD · orb ▼ 65 · 5m
22:04 KSA · REGULAR · signal     · U-USD · brk ▼ 66 · 15m
22:04 KSA · REGULAR · signal     · PEPE-USD · brk ▲ 64 · 15m
22:04 KSA · REGULAR · signal     · PEPE-USD · volSpike ▲ 89 · 15m
22:04 KSA · REGULAR · signal     · TAO-USD · brk ▼ 73 · 15m
22:04 KSA · REGULAR · signal     · TAO-USD · sqzExp ▼ 68 · 1h
22:04 KSA · REGULAR · signal     · TAO-USD · volSpike ▲ 56 · 15m
22:04 KSA · REGULAR · signal     · THE-USD · brk ▼ 73 · 15m
22:04 KSA · REGULAR · signal     · EUR-USD · brk ▼ 80 · 15m
22:04 KSA · REGULAR · signal     · PUMP-USD · volSpike ▲ 94 · 15m
22:04 KSA · REGULAR · signal     · ARB-USD · orb ▼ 65 · 5m
22:04 KSA · REGULAR · signal     · ARB-USD · brk ▼ 66 · 15m
22:04 KSA · REGULAR · signal     · ARB-USD · sqzExp ▼ 65 · 1h
22:04 KSA · REGULAR · signal     · HOLO-USD · brk ▼ 64 · 15m
22:04 KSA · REGULAR · signal     · HOLO-USD · sqzExp ▼ 88 · 1h
22:04 KSA · REGULAR · signal     · BANK-USD · volSpike ▲ 56 · 15m
22:04 KSA · REGULAR · signal     · TON-USD · brk ▼ 61 · 15m
22:04 KSA · REGULAR · signal     · SENT-USD · volSpike ▲ 72 · 15m
22:04 KSA · REGULAR · signal     · PENGU-USD · volSpike ▲ 56 · 15m
22:04 KSA · REGULAR · signal     · WLFI-USD · brk ▼ 55 · 15m
22:04 KSA · REGULAR · signal     · WLFI-USD · volSpike ▲ 56 · 15m
22:04 KSA · REGULAR · signal     · ASTER-USD · volSpike ▲ 72 · 15m
22:04 KSA · REGULAR · signal     · APT-USD · volSpike ▲ 56 · 15m
22:04 KSA · REGULAR · signal     · BETH-USD · sqzExp ▲ 63 · 1d
22:04 KSA · REGULAR · signal     · ZIL-USD · volSpike ▼ 89 · 1d
22:04 KSA · REGULAR · signal     · RVN-USD · volSpike ▼ 72 · 1d
22:04 KSA · REGULAR · signal     · BTG-USD · brk ▼ 84 · 1d
22:04 KSA · REGULAR · signal     · BTG-USD · sqzExp ▼ 100 · 1d
22:04 KSA · REGULAR · signal     · DNT-USD · brk ▼ 84 · 1d
22:04 KSA · REGULAR · signal     · DNT-USD · sqzExp ▼ 100 · 1d
22:04 KSA · REGULAR · signal     · BLZ-USD · brk ▼ 79 · 1d
22:04 KSA · REGULAR · signal     · BLZ-USD · meanRev ▲ 60 · 1d
22:04 KSA · REGULAR · signal     · BLZ-USD · sqzExp ▼ 69 · 1d
22:04 KSA · REGULAR · signal     · BEAM-USD · sqzExp ▼ 69 · 1d
22:04 KSA · REGULAR · signal     · YFII-USD · brk ▼ 74 · 1d
22:04 KSA · REGULAR · signal     · YFII-USD · sqzExp ▼ 100 · 1d
22:04 KSA · REGULAR · signal     · ONG-USD · brk ▼ 55 · 1d
22:04 KSA · REGULAR · signal     · PLA-USD · brk ▼ 66 · 1d
22:04 KSA · REGULAR · signal     · BAKE-USD · brk ▼ 100 · 1d
22:04 KSA · REGULAR · signal     · BAKE-USD · sqzExp ▼ 69 · 1d
22:04 KSA · REGULAR · signal     · BOND-USD · brk ▼ 68 · 1d
22:04 KSA · REGULAR · signal     · DOGS-USD · brk ▼ 63 · 1d
22:04 KSA · REGULAR · signal     · WAL-USD · brk ▼ 68 · 1d
22:04 KSA · REGULAR · signal     · HYPER-USD · brk ▼ 68 · 1d
22:04 KSA · REGULAR · signal     · EOS-USD · brk ▼ 55 · 1d
22:04 KSA · REGULAR · signal     · TST-USD · brk ▼ 55 · 1d
22:04 KSA · REGULAR · signal     · LOKA-USD · brk ▼ 55 · 1d
22:04 KSA · REGULAR · signal     · HIFI-USD · brk ▼ 100 · 1d
22:04 KSA · REGULAR · signal     · HIFI-USD · sqzExp ▼ 69 · 1d
22:04 KSA · REGULAR · signal     · KLAY-USD · brk ▼ 67 · 1d
22:04 KSA · REGULAR · signal     · KLAY-USD · sqzExp ▼ 92 · 1d
22:04 KSA · REGULAR · signal     · TREE-USD · brk ▼ 74 · 1d
22:04 KSA · REGULAR · signal     · LIT-USD · brk ▼ 74 · 1d
22:04 KSA · REGULAR · signal     · LIT-USD · sqzExp ▼ 69 · 1d
22:04 KSA · REGULAR · signal     · APE-USD · sqzExp ▼ 84 · 1d
22:04 KSA · REGULAR · signal     · CYBER-USD · volSpike ▼ 78 · 1d
22:04 KSA · REGULAR · signal     · BNX-USD · sqzExp ▲ 69 · 1d
22:04 KSA · REGULAR · signal     · MFT-USD · brk ▼ 58 · 1d
22:04 KSA · REGULAR · signal     · ESP-USD · brk ▼ 55 · 1d
22:04 KSA · REGULAR · signal     · DAR-USD · brk ▼ 76 · 1d
22:04 KSA · REGULAR · signal     · DAR-USD · sqzExp ▼ 56 · 1d
22:04 KSA · REGULAR · signal     · ZK-USD · brk ▲ 55 · 1d
22:08 KSA · REGULAR · scanner    · بدء المسح · 1153 رمزاً · الجلسة REGULAR
22:08 KSA · REGULAR · signal     · VRTX · orb ▼ 82 · 5m
22:08 KSA · REGULAR · signal     · COIN · meanRev ▲ 100 · 15m
22:08 KSA · REGULAR · signal     · ICP-USD · brk ▼ 69 · 15m
22:08 KSA · REGULAR · signal     · ICP-USD · sqzExp ▼ 100 · 1h
22:08 KSA · REGULAR · signal     · PEPE-USD · orb ▼ 68 · 5m
22:08 KSA · REGULAR · signal     · ARB-USD · vwapRec ▲ 68 · 5m
22:08 KSA · REGULAR · signal     · PYR-USD · brk ▼ 100 · 1d
22:10 KSA · REGULAR · scanner    · بدء المسح · 1153 رمزاً · الجلسة REGULAR
22:10 KSA · REGULAR · signal     · MSFT · meanRev ▲ 100 · 15m
22:10 KSA · REGULAR · signal     · MS · meanRev ▼ 100 · 15m
22:10 KSA · REGULAR · signal     · UBER · orb ▼ 64 · 5m
22:10 KSA · REGULAR · signal     · ZEC-USD · meanRev ▼ 100 · 15m
22:10 KSA · REGULAR · signal     · WLFI-USD · vwapRec ▲ 100 · 5m
22:13 KSA · REGULAR · scanner    · بدء المسح · 1153 رمزاً · الجلسة REGULAR
22:13 KSA · REGULAR · signal     · LLY · pbTrend ▲ 64 · 1h
22:13 KSA · REGULAR · signal     · DOT-USD · meanRev ▲ 73 · 15m
22:13 KSA · REGULAR · signal     · UNI-USD · brk ▼ 68 · 15m
22:13 KSA · REGULAR · signal     · UNI-USD · sqzExp ▼ 57 · 1h
22:13 KSA · REGULAR · signal     · U-USD · orb ▼ 57 · 5m
22:13 KSA · REGULAR · signal     · U-USD · brk ▼ 66 · 15m
22:13 KSA · REGULAR · signal     · PEPE-USD · brk ▲ 64 · 15m
22:13 KSA · REGULAR · signal     · TAO-USD · brk ▼ 73 · 15m
22:13 KSA · REGULAR · signal     · TAO-USD · sqzExp ▼ 68 · 1h
22:13 KSA · REGULAR · signal     · THE-USD · orb ▼ 73 · 5m
22:13 KSA · REGULAR · signal     · THE-USD · brk ▼ 73 · 15m
22:13 KSA · REGULAR · signal     · THE-USD · sqzExp ▼ 90 · 1h
22:13 KSA · REGULAR · signal     · TRUMP-USD · brk ▼ 73 · 15m
22:13 KSA · REGULAR · signal     · TRUMP-USD · meanRev ▲ 57 · 15m
22:13 KSA · REGULAR · signal     · EUR-USD · brk ▼ 80 · 15m
22:13 KSA · REGULAR · signal     · ARB-USD · brk ▼ 66 · 15m
22:13 KSA · REGULAR · signal     · ARB-USD · sqzExp ▼ 65 · 1h
22:13 KSA · REGULAR · signal     · HOLO-USD · brk ▼ 64 · 15m
22:13 KSA · REGULAR · signal     · HOLO-USD · sqzExp ▼ 88 · 1h
22:13 KSA · REGULAR · signal     · TON-USD · brk ▼ 61 · 15m
22:13 KSA · REGULAR · signal     · SENT-USD · brk ▼ 55 · 15m
22:13 KSA · REGULAR · signal     · PENGU-USD · brk ▼ 68 · 15m
22:13 KSA · REGULAR · signal     · WLFI-USD · brk ▼ 55 · 15m
22:13 KSA · REGULAR · signal     · NEXO-USD · brk ▼ 76 · 1d
22:13 KSA · REGULAR · signal     · KAIA-USD · brk ▼ 82 · 1d
22:13 KSA · REGULAR · signal     · ELF-USD · sqzExp ▼ 84 · 1d
22:13 KSA · REGULAR · signal     · GTO-USD · brk ▲ 58 · 1d
22:13 KSA · REGULAR · signal     · AGLD-USD · volSpike ▼ 89 · 1d
22:13 KSA · REGULAR · signal     · OMG-USD · brk ▼ 61 · 1d
22:13 KSA · REGULAR · signal     · OMG-USD · sqzExp ▼ 59 · 1d
22:13 KSA · REGULAR · signal     · ANT-USD · brk ▼ 68 · 1d
22:13 KSA · REGULAR · signal     · ANT-USD · sqzExp ▼ 72 · 1d
22:13 KSA · REGULAR · signal     · LUNA-USD · brk ▲ 58 · 1d
22:13 KSA · REGULAR · signal     · PDA-USD · brk ▼ 84 · 1d
22:13 KSA · REGULAR · signal     · FRONT-USD · brk ▼ 66 · 1d
22:13 KSA · REGULAR · signal     · FRONT-USD · sqzExp ▼ 63 · 1d
22:13 KSA · REGULAR · signal     · BTCST-USD · brk ▼ 58 · 1d
22:13 KSA · REGULAR · signal     · VGX-USD · brk ▼ 79 · 1d
22:13 KSA · REGULAR · signal     · VGX-USD · meanRev ▲ 60 · 1d
22:13 KSA · REGULAR · signal     · VGX-USD · sqzExp ▼ 69 · 1d
22:13 KSA · REGULAR · signal     · NBS-USD · brk ▼ 74 · 1d
22:13 KSA · REGULAR · signal     · NBS-USD · sqzExp ▼ 69 · 1d
22:13 KSA · REGULAR · signal     · NOM-USD · brk ▼ 63 · 1d
22:13 KSA · REGULAR · signal     · NEBL-USD · brk ▼ 87 · 1d
22:13 KSA · REGULAR · signal     · NEBL-USD · meanRev ▲ 63 · 1d
22:13 KSA · REGULAR · signal     · NEBL-USD · sqzExp ▼ 84 · 1d
22:13 KSA · REGULAR · signal     · SCR-USD · brk ▼ 55 · 1d
22:13 KSA · REGULAR · signal     · SCR-USD · sqzExp ▼ 81 · 1d
22:13 KSA · REGULAR · signal     · ERN-USD · brk ▼ 100 · 1d
22:13 KSA · REGULAR · signal     · ERN-USD · sqzExp ▼ 88 · 1d
22:13 KSA · REGULAR · signal     · MC-USD · brk ▼ 74 · 1d
22:13 KSA · REGULAR · signal     · S-USD · brk ▼ 55 · 1d
22:13 KSA · REGULAR · signal     · SPK-USD · brk ▼ 63 · 1d
22:13 KSA · REGULAR · signal     · MIRA-USD · brk ▼ 55 · 1d
22:13 KSA · REGULAR · signal     · HEI-USD · brk ▼ 55 · 1d
22:13 KSA · REGULAR · signal     · HEI-USD · sqzExp ▼ 81 · 1d
22:13 KSA · REGULAR · signal     · OM-USD · brk ▼ 63 · 1d
22:13 KSA · REGULAR · signal     · BEB-USD · brk ▼ 76 · 1d
22:13 KSA · REGULAR · signal     · BEB-USD · sqzExp ▼ 72 · 1d
22:13 KSA · REGULAR · signal     · MIR-USD · brk ▼ 100 · 1d
22:13 KSA · REGULAR · signal     · MIR-USD · sqzExp ▼ 100 · 1d
22:13 KSA · REGULAR · signal     · TCT-USD · brk ▼ 74 · 1d
22:13 KSA · REGULAR · signal     · TCT-USD · sqzExp ▼ 100 · 1d
22:15 KSA · REGULAR · scanner    · بدء المسح · 1153 رمزاً · الجلسة REGULAR
22:15 KSA · REGULAR · signal     · MSFT · brk ▼ 69 · 15m
22:15 KSA · REGULAR · signal     · META · meanRev ▼ 100 · 15m
22:15 KSA · REGULAR · signal     · ABBV · vwapRec ▼ 100 · 5m
22:15 KSA · REGULAR · signal     · FIX · brk ▼ 100 · 15m
22:15 KSA · REGULAR · signal     · ONDO-USD · meanRev ▲ 100 · 15m
22:15 KSA · REGULAR · signal     · PENDLE-USD · pbTrend ▲ 79 · 1h
22:15 KSA · REGULAR · signal     · PEPE-USD · orb ▼ 68 · 5m
22:16 KSA · REGULAR · scanner    · بدء المسح · 1153 رمزاً · الجلسة REGULAR
22:18 KSA · REGULAR · scanner    · بدء المسح · 1153 رمزاً · الجلسة REGULAR
22:18 KSA · REGULAR · signal     · RTX · vwapRec ▼ 100 · 5m
22:18 KSA · REGULAR · signal     · TER · vwapRec ▲ 100 · 5m
22:20 KSA · REGULAR · scanner    · بدء المسح · 1153 رمزاً · الجلسة REGULAR
22:24 KSA · REGULAR · scanner    · بدء المسح · 1153 رمزاً · الجلسة REGULAR
22:24 KSA · REGULAR · signal     · LLY · momo ▼ 67 · 1h
22:24 KSA · REGULAR · signal     · JPM · momo ▲ 56 · 1h
22:24 KSA · REGULAR · signal     · MS · pbTrend ▲ 64 · 1h
22:24 KSA · REGULAR · signal     · WFC · momo ▲ 69 · 1h
22:24 KSA · REGULAR · signal     · C · momo ▲ 56 · 1h
22:24 KSA · REGULAR · signal     · STX · vwapRec ▼ 75 · 5m
22:24 KSA · REGULAR · signal     · BA · orb ▼ 65 · 5m
22:24 KSA · REGULAR · signal     · BA · tfAlign ▼ 90 · 1d
22:24 KSA · REGULAR · signal     · XRP-USD · volSpike ▼ 83 · 15m
22:24 KSA · REGULAR · signal     · HON · pbTrend ▼ 74 · 1h
22:24 KSA · REGULAR · signal     · HON · momo ▲ 64 · 1h
22:24 KSA · REGULAR · signal     · ON · volSpike ▼ 94 · 15m
22:24 KSA · REGULAR · signal     · DOGE-USD · tfAlign ▼ 90 · 1d
22:24 KSA · REGULAR · signal     · BCH-USD · momo ▼ 86 · 1h
22:24 KSA · REGULAR · signal     · AAVE-USD · momo ▼ 69 · 1h
22:24 KSA · REGULAR · signal     · ENA-USD · momo ▼ 56 · 1h
22:24 KSA · REGULAR · signal     · ICP-USD · momo ▼ 81 · 1h
22:24 KSA · REGULAR · signal     · WLD-USD · momo ▼ 83 · 1h
22:24 KSA · REGULAR · signal     · DASH-USD · momo ▼ 75 · 1h
22:24 KSA · REGULAR · signal     · RAY-USD · pbTrend ▲ 57 · 1h
22:24 KSA · REGULAR · signal     · IOTA-USD · momo ▼ 100 · 1h
22:24 KSA · REGULAR · signal     · CRCLB-USD · pbTrend ▲ 60 · 1h
22:24 KSA · REGULAR · signal     · MSTRB-USD · vwapRec ▼ 100 · 5m
22:24 KSA · REGULAR · signal     · SNDKB-USD · rsiDiv ▲ 83 · 15m
22:24 KSA · REGULAR · signal     · SNXXB-USD · rsiDiv ▲ 83 · 15m
22:24 KSA · REGULAR · signal     · UNI-USD · brk ▼ 68 · 15m
22:24 KSA · REGULAR · signal     · UNI-USD · sqzExp ▼ 65 · 1h
22:24 KSA · REGULAR · signal     · SUI-USD · momo ▼ 81 · 1h
22:24 KSA · REGULAR · signal     · U-USD · orb ▼ 57 · 5m
22:24 KSA · REGULAR · signal     · U-USD · brk ▼ 66 · 15m
22:24 KSA · REGULAR · signal     · PEPE-USD · brk ▲ 55 · 15m
22:24 KSA · REGULAR · signal     · PEPE-USD · volSpike ▼ 67 · 15m
22:24 KSA · REGULAR · signal     · TAO-USD · brk ▼ 86 · 15m
22:24 KSA · REGULAR · signal     · TAO-USD · sqzExp ▼ 65 · 1h
22:24 KSA · REGULAR · signal     · TAO-USD · volSpike ▼ 78 · 15m
22:24 KSA · REGULAR · signal     · TAO-USD · momo ▼ 72 · 1h
22:24 KSA · REGULAR · signal     · THE-USD · orb ▼ 70 · 5m
22:24 KSA · REGULAR · signal     · THE-USD · brk ▼ 55 · 15m
22:24 KSA · REGULAR · signal     · THE-USD · sqzExp ▼ 90 · 1h
22:24 KSA · REGULAR · signal     · TRUMP-USD · brk ▼ 86 · 15m
22:24 KSA · REGULAR · signal     · TRUMP-USD · sqzExp ▼ 65 · 1h
22:24 KSA · REGULAR · signal     · TRUMP-USD · momo ▼ 81 · 1h
22:24 KSA · REGULAR · signal     · EUR-USD · brk ▼ 86 · 15m
22:24 KSA · REGULAR · signal     · EUR-USD · volSpike ▼ 78 · 15m
22:24 KSA · REGULAR · signal     · ARB-USD · sqzExp ▼ 65 · 1h
22:24 KSA · REGULAR · signal     · HOLO-USD · brk ▼ 68 · 15m
22:24 KSA · REGULAR · signal     · HOLO-USD · sqzExp ▼ 88 · 1h
22:24 KSA · REGULAR · signal     · HOLO-USD · momo ▼ 81 · 1h
22:24 KSA · REGULAR · signal     · BANK-USD · brk ▼ 66 · 15m
22:24 KSA · REGULAR · signal     · TON-USD · brk ▼ 61 · 15m
22:24 KSA · REGULAR · signal     · PENGU-USD · brk ▼ 86 · 15m
22:24 KSA · REGULAR · signal     · PENGU-USD · sqzExp ▼ 55 · 1h
22:24 KSA · REGULAR · signal     · PENGU-USD · momo ▼ 81 · 1h
22:24 KSA · REGULAR · signal     · WLFI-USD · brk ▼ 68 · 15m
22:24 KSA · REGULAR · signal     · WLFI-USD · volSpike ▼ 78 · 15m
22:24 KSA · REGULAR · signal     · ASTER-USD · momo ▼ 64 · 1h
22:24 KSA · REGULAR · signal     · APT-USD · sqzExp ▼ 78 · 1h
22:24 KSA · REGULAR · signal     · APT-USD · momo ▼ 81 · 1h
22:24 KSA · REGULAR · signal     · 1MBABYDOGE-USD · meanRev ▼ 57 · 1d
22:24 KSA · REGULAR · signal     · FXS-USD · brk ▲ 68 · 1d
22:24 KSA · REGULAR · signal     · FXS-USD · sqzExp ▲ 94 · 1d
22:24 KSA · REGULAR · signal     · WAVES-USD · brk ▼ 61 · 1d
22:24 KSA · REGULAR · signal     · WAVES-USD · sqzExp ▼ 59 · 1d
22:24 KSA · REGULAR · signal     · BNT-USD · volSpike ▼ 100 · 1d
22:24 KSA · REGULAR · signal     · TORN-USD · sqzExp ▲ 88 · 1d
22:24 KSA · REGULAR · signal     · FIRO-USD · sqzExp ▲ 56 · 1d
22:24 KSA · REGULAR · signal     · REP-USD · brk ▼ 68 · 1d
22:24 KSA · REGULAR · signal     · REP-USD · sqzExp ▼ 69 · 1d
22:24 KSA · REGULAR · signal     · REN-USD · brk ▼ 63 · 1d
22:24 KSA · REGULAR · signal     · SRM-USD · brk ▼ 74 · 1d
22:24 KSA · REGULAR · signal     · MITH-USD · sqzExp ▼ 69 · 1d
22:24 KSA · REGULAR · signal     · SUPER-USD · brk ▼ 55 · 1d
22:24 KSA · REGULAR · signal     · STO-USD · sqzExp ▼ 91 · 1d
22:24 KSA · REGULAR · signal     · ORN-USD · brk ▼ 63 · 1d
22:24 KSA · REGULAR · signal     · ORN-USD · sqzExp ▼ 63 · 1d
22:24 KSA · REGULAR · signal     · AUD-USD · brk ▼ 63 · 1d
22:24 KSA · REGULAR · signal     · GMT-USD · brk ▲ 58 · 1d
22:24 KSA · REGULAR · signal     · COW-USD · brk ▼ 63 · 1d
22:24 KSA · REGULAR · signal     · MKR-USD · brk ▼ 61 · 1d
22:24 KSA · REGULAR · signal     · MKR-USD · meanRev ▲ 70 · 1d
22:24 KSA · REGULAR · signal     · OPEN-USD · brk ▼ 55 · 1d
22:24 KSA · REGULAR · signal     · ZKC-USD · brk ▼ 55 · 1d
22:25 KSA · REGULAR · scanner    · بدء المسح · 1153 رمزاً · الجلسة REGULAR
22:25 KSA · REGULAR · signal     · JPM · orb ▲ 100 · 5m
22:25 KSA · REGULAR · signal     · AMGN · orb ▼ 100 · 5m
22:25 KSA · REGULAR · signal     · BNB-USD · orb ▲ 82 · 5m
22:25 KSA · REGULAR · signal     · ON · vwapRec ▼ 100 · 5m
22:25 KSA · REGULAR · signal     · PEPE-USD · orb ▼ 60 · 5m
22:25 KSA · REGULAR · signal     · WLFI-USD · vwapRec ▲ 78 · 5m
22:25 KSA · REGULAR · signal     · FFIV · brk ▲ 69 · 1d
22:25 KSA · REGULAR · signal     · WTC-USD · brk ▼ 100 · 1d
22:25 KSA · REGULAR · signal     · WTC-USD · sqzExp ▼ 100 · 1d
22:25 KSA · REGULAR · signal     · MBOX-USD · brk ▼ 100 · 1d
22:28 KSA · REGULAR · scanner    · بدء المسح · 1153 رمزاً · الجلسة REGULAR
22:28 KSA · REGULAR · signal     · DE · meanRev ▲ 100 · 15m
22:28 KSA · REGULAR · signal     · UNP · vwapRec ▼ 100 · 5m
22:28 KSA · REGULAR · signal     · MSTRB-USD · pbTrend ▲ 57 · 1h
22:28 KSA · REGULAR · signal     · U-USD · orb ▲ 100 · 5m
22:28 KSA · REGULAR · signal     · U-USD · vwapRec ▲ 57 · 5m
22:28 KSA · REGULAR · signal     · EUR-USD · vwapRec ▼ 100 · 5m
22:30 KSA · REGULAR · scanner    · بدء المسح · 1153 رمزاً · الجلسة REGULAR
22:30 KSA · REGULAR · signal     · ORCL · brk ▼ 69 · 15m
22:30 KSA · REGULAR · signal     · BANK-USD · meanRev ▲ 100 · 15m
22:30 KSA · REGULAR · signal     · BNY · meanRev ▲ 100 · 1d
22:30 KSA · REGULAR · signal     · ONT-USD · meanRev ▲ 100 · 1d
22:34 KSA · REGULAR · scanner    · بدء المسح · 1153 رمزاً · الجلسة REGULAR
22:34 KSA · REGULAR · signal     · ORCL · volSpike ▼ 83 · 15m
22:34 KSA · REGULAR · signal     · ETH-USD · rsiDiv ▲ 78 · 15m
22:34 KSA · REGULAR · signal     · HON · brk ▲ 93 · 15m
22:34 KSA · REGULAR · signal     · HON · volSpike ▲ 72 · 15m
22:34 KSA · REGULAR · signal     · DOGE-USD · rsiDiv ▲ 89 · 15m
22:34 KSA · REGULAR · signal     · AVAX-USD · rsiDiv ▲ 78 · 15m
22:34 KSA · REGULAR · signal     · AAVE-USD · rsiDiv ▲ 56 · 15m
22:34 KSA · REGULAR · signal     · ONDO-USD · rsiDiv ▲ 78 · 15m
22:34 KSA · REGULAR · signal     · WLD-USD · rsiDiv ▲ 78 · 15m
22:34 KSA · REGULAR · signal     · DASH-USD · rsiDiv ▲ 61 · 15m
22:34 KSA · REGULAR · signal     · ETHFI-USD · rsiDiv ▲ 78 · 15m
22:34 KSA · REGULAR · signal     · FET-USD · rsiDiv ▲ 72 · 15m
22:34 KSA · REGULAR · signal     · XPL-USD · rsiDiv ▲ 72 · 15m
22:34 KSA · REGULAR · signal     · LSK-USD · orb ▼ 57 · 5m
22:34 KSA · REGULAR · signal     · MARSCOIN-USD · rsiDiv ▲ 68 · 15m
22:34 KSA · REGULAR · signal     · VTHO-USD · rsiDiv ▲ 58 · 15m
22:34 KSA · REGULAR · signal     · UNI-USD · brk ▼ 61 · 15m
22:34 KSA · REGULAR · signal     · UNI-USD · sqzExp ▼ 65 · 1h
22:34 KSA · REGULAR · signal     · SUI-USD · rsiDiv ▲ 78 · 15m
22:34 KSA · REGULAR · signal     · U-USD · brk ▼ 57 · 15m
22:34 KSA · REGULAR · signal     · TAO-USD · brk ▼ 86 · 15m
22:34 KSA · REGULAR · signal     · TAO-USD · sqzExp ▼ 65 · 1h
22:34 KSA · REGULAR · signal     · THE-USD · orb ▼ 70 · 5m
22:34 KSA · REGULAR · signal     · THE-USD · brk ▼ 68 · 15m
22:34 KSA · REGULAR · signal     · THE-USD · sqzExp ▼ 90 · 1h
22:34 KSA · REGULAR · signal     · TRUMP-USD · brk ▼ 86 · 15m
22:34 KSA · REGULAR · signal     · TRUMP-USD · sqzExp ▼ 65 · 1h
22:34 KSA · REGULAR · signal     · EUR-USD · brk ▼ 64 · 15m
22:34 KSA · REGULAR · signal     · PUMP-USD · rsiDiv ▲ 78 · 15m
22:34 KSA · REGULAR · signal     · ARB-USD · sqzExp ▼ 65 · 1h
22:34 KSA · REGULAR · signal     · HOLO-USD · brk ▼ 68 · 15m
22:34 KSA · REGULAR · signal     · HOLO-USD · sqzExp ▼ 88 · 1h
22:34 KSA · REGULAR · signal     · HOLO-USD · rsiDiv ▲ 78 · 15m
22:34 KSA · REGULAR · signal     · BANK-USD · brk ▼ 75 · 15m
22:34 KSA · REGULAR · signal     · TON-USD · brk ▼ 61 · 15m
22:34 KSA · REGULAR · signal     · PENGU-USD · brk ▼ 77 · 15m
22:34 KSA · REGULAR · signal     · PENGU-USD · sqzExp ▼ 55 · 1h
22:34 KSA · REGULAR · signal     · PENGU-USD · rsiDiv ▲ 73 · 15m
22:34 KSA · REGULAR · signal     · WLFI-USD · brk ▼ 68 · 15m
22:34 KSA · REGULAR · signal     · WLFI-USD · rsiDiv ▲ 77 · 15m
22:34 KSA · REGULAR · signal     · APT-USD · sqzExp ▼ 78 · 1h
22:34 KSA · REGULAR · signal     · SNT-USD · brk ▼ 100 · 1d
22:34 KSA · REGULAR · signal     · SNT-USD · sqzExp ▼ 69 · 1d
22:34 KSA · REGULAR · signal     · RAD-USD · brk ▼ 76 · 1d
22:34 KSA · REGULAR · signal     · UTK-USD · brk ▲ 89 · 1d
22:34 KSA · REGULAR · signal     · EPIC-USD · meanRev ▲ 55 · 1d
22:34 KSA · REGULAR · signal     · EPIC-USD · sqzExp ▼ 69 · 1d
22:34 KSA · REGULAR · signal     · ONE-USD · sqzExp ▼ 81 · 1d
22:34 KSA · REGULAR · signal     · CLV-USD · meanRev ▲ 65 · 1d
22:34 KSA · REGULAR · signal     · WDCB-USD · sqzExp ▼ 66 · 1d
22:34 KSA · REGULAR · signal     · NOKB-USD · volSpike ▼ 89 · 1d
22:34 KSA · REGULAR · signal     · KP3R-USD · meanRev ▲ 65 · 1d
22:34 KSA · REGULAR · signal     · KP3R-USD · sqzExp ▼ 59 · 1d
22:34 KSA · REGULAR · signal     · UNFI-USD · brk ▼ 71 · 1d
22:34 KSA · REGULAR · signal     · IRIS-USD · sqzExp ▼ 59 · 1d
22:34 KSA · REGULAR · signal     · COMBO-USD · sqzExp ▼ 69 · 1d
22:34 KSA · REGULAR · signal     · EDEN-USD · brk ▼ 63 · 1d
22:34 KSA · REGULAR · signal     · COMP-USD · brk ▼ 55 · 1d
22:34 KSA · REGULAR · signal     · G-USD · brk ▼ 68 · 1d
22:34 KSA · REGULAR · signal     · G-USD · sqzExp ▼ 88 · 1d
22:34 KSA · REGULAR · signal     · NIL-USD · brk ▼ 55 · 1d
22:34 KSA · REGULAR · signal     · SXP-USD · sqzExp ▼ 69 · 1d
22:34 KSA · REGULAR · signal     · AMB-USD · brk ▲ 84 · 1d
22:34 KSA · REGULAR · signal     · AMB-USD · sqzExp ▲ 56 · 1d
22:34 KSA · REGULAR · signal     · HOME-USD · sqzExp ▲ 56 · 1d
22:34 KSA · REGULAR · signal     · D-USD · brk ▼ 92 · 1d
22:34 KSA · REGULAR · signal     · D-USD · sqzExp ▼ 69 · 1d
22:34 KSA · REGULAR · signal     · ANIME-USD · brk ▼ 63 · 1d
22:34 KSA · REGULAR · signal     · ANIME-USD · sqzExp ▼ 66 · 1d
22:35 KSA · REGULAR · scanner    · بدء المسح · 1153 رمزاً · الجلسة REGULAR
22:35 KSA · REGULAR · signal     · CDNS · orb ▼ 100 · 5m
22:35 KSA · REGULAR · signal     · PEPE-USD · orb ▼ 57 · 5m
22:35 KSA · REGULAR · signal     · PIVX-USD · brk ▼ 100 · 1d
22:39 KSA · REGULAR · scanner    · بدء المسح · 1153 رمزاً · الجلسة REGULAR
22:39 KSA · REGULAR · signal     · JNJ · orb ▲ 100 · 5m
22:39 KSA · REGULAR · signal     · U-USD · vwapRec ▼ 57 · 5m
22:39 KSA · REGULAR · signal     · FRAX-USD · brk ▼ 69 · 1d
22:39 KSA · REGULAR · signal     · AAOIB-USD · brk ▼ 69 · 1d
22:39 KSA · REGULAR · signal     · G-USD · meanRev ▼ 100 · 1d
22:40 KSA · REGULAR · scanner    · بدء المسح · 1153 رمزاً · الجلسة REGULAR
22:40 KSA · REGULAR · signal     · TSLA · orb ▼ 64 · 5m
22:40 KSA · REGULAR · signal     · TSLA · meanRev ▲ 100 · 15m
22:40 KSA · REGULAR · signal     · CRM · orb ▼ 100 · 5m
22:40 KSA · REGULAR · signal     · CRM · brk ▼ 69 · 15m
22:40 KSA · REGULAR · signal     · THE-USD · orb ▲ 64 · 5m
22:43 KSA · REGULAR · scanner    · بدء المسح · 1153 رمزاً · الجلسة REGULAR
22:43 KSA · REGULAR · signal     · WMT · orb ▼ 65 · 5m
22:43 KSA · REGULAR · signal     · QQQB-USD · brk ▼ 59 · 15m
22:43 KSA · REGULAR · signal     · UNI-USD · brk ▼ 61 · 15m
22:43 KSA · REGULAR · signal     · UNI-USD · sqzExp ▼ 65 · 1h
22:43 KSA · REGULAR · signal     · U-USD · brk ▼ 57 · 15m
22:43 KSA · REGULAR · signal     · TAO-USD · brk ▼ 86 · 15m
22:43 KSA · REGULAR · signal     · TAO-USD · sqzExp ▼ 65 · 1h
22:43 KSA · REGULAR · signal     · THE-USD · brk ▼ 68 · 15m
22:43 KSA · REGULAR · signal     · THE-USD · sqzExp ▼ 90 · 1h
22:43 KSA · REGULAR · signal     · TRUMP-USD · brk ▼ 86 · 15m
22:43 KSA · REGULAR · signal     · TRUMP-USD · sqzExp ▼ 65 · 1h
22:43 KSA · REGULAR · signal     · EUR-USD · brk ▼ 64 · 15m
22:43 KSA · REGULAR · signal     · EUR-USD · tfAlign ▼ 83 · 1d
22:43 KSA · REGULAR · signal     · ARB-USD · sqzExp ▼ 65 · 1h
22:43 KSA · REGULAR · signal     · HOLO-USD · brk ▼ 68 · 15m
22:43 KSA · REGULAR · signal     · HOLO-USD · sqzExp ▼ 88 · 1h
22:43 KSA · REGULAR · signal     · BANK-USD · brk ▼ 75 · 15m
22:43 KSA · REGULAR · signal     · TON-USD · brk ▼ 61 · 15m
22:43 KSA · REGULAR · signal     · PENGU-USD · brk ▼ 77 · 15m
22:43 KSA · REGULAR · signal     · PENGU-USD · sqzExp ▼ 55 · 1h
22:43 KSA · REGULAR · signal     · WLFI-USD · brk ▼ 68 · 15m
22:43 KSA · REGULAR · signal     · APT-USD · sqzExp ▼ 78 · 1h
22:43 KSA · REGULAR · signal     · ARPA-USD · rsiDiv ▼ 58 · 1d
22:43 KSA · REGULAR · signal     · INIT-USD · rsiDiv ▼ 72 · 1d
22:43 KSA · REGULAR · signal     · XAI-USD · sqzExp ▲ 78 · 1d
22:43 KSA · REGULAR · signal     · POLS-USD · brk ▼ 63 · 1d
22:43 KSA · REGULAR · signal     · XEM-USD · sqzExp ▼ 69 · 1d
22:43 KSA · REGULAR · signal     · BTS-USD · brk ▼ 92 · 1d
22:43 KSA · REGULAR · signal     · BTS-USD · sqzExp ▼ 69 · 1d
22:43 KSA · REGULAR · signal     · FLM-USD · brk ▼ 79 · 1d
22:43 KSA · REGULAR · signal     · ID-USD · brk ▼ 55 · 1d
22:43 KSA · REGULAR · signal     · CREAM-USD · brk ▼ 100 · 1d
22:43 KSA · REGULAR · signal     · CREAM-USD · sqzExp ▼ 69 · 1d
22:43 KSA · REGULAR · signal     · STMX-USD · brk ▼ 84 · 1d
22:43 KSA · REGULAR · signal     · CTXC-USD · brk ▼ 79 · 1d
22:43 KSA · REGULAR · signal     · CTXC-USD · sqzExp ▼ 84 · 1d
22:43 KSA · REGULAR · signal     · PNT-USD · sqzExp ▼ 69 · 1d
22:43 KSA · REGULAR · signal     · SLF-USD · brk ▼ 100 · 1d
22:43 KSA · REGULAR · signal     · SLF-USD · sqzExp ▼ 69 · 1d
22:43 KSA · REGULAR · signal     · A-USD · brk ▼ 63 · 1d
22:43 KSA · REGULAR · signal     · MOVE-USD · brk ▲ 63 · 1d
22:43 KSA · REGULAR · signal     · MDX-USD · brk ▼ 74 · 1d
22:43 KSA · REGULAR · signal     · MDX-USD · meanRev ▲ 55 · 1d
22:43 KSA · REGULAR · signal     · BANANA-USD · brk ▲ 68 · 1d
22:43 KSA · REGULAR · signal     · MMT-USD · sqzExp ▲ 63 · 1d
22:43 KSA · REGULAR · signal     · ZBT-USD · brk ▼ 55 · 1d
22:45 KSA · REGULAR · scanner    · بدء المسح · 1153 رمزاً · الجلسة REGULAR
22:45 KSA · REGULAR · signal     · WMT · brk ▼ 100 · 15m
22:45 KSA · REGULAR · signal     · XRP-USD · meanRev ▲ 100 · 15m
22:45 KSA · REGULAR · signal     · CRCLB-USD · meanRev ▲ 100 · 15m
22:45 KSA · REGULAR · signal     · ICX-USD · brk ▼ 100 · 1d
22:45 KSA · REGULAR · signal     · DENT-USD · brk ▼ 100 · 1d
22:45 KSA · REGULAR · signal     · BETA-USD · brk ▼ 69 · 1d
22:45 KSA · REGULAR · signal     · TRU-USD · brk ▼ 100 · 1d
22:45 KSA · REGULAR · signal     · MMT-USD · brk ▼ 66 · 1d
22:45 KSA · REGULAR · signal     · MMT-USD · meanRev ▲ 70 · 1d
22:46 KSA · REGULAR · scanner    · بدء المسح · 1153 رمزاً · الجلسة REGULAR
22:46 KSA · REGULAR · signal     · LOW · orb ▼ 82 · 5m
22:46 KSA · REGULAR · signal     · ADBE · meanRev ▲ 100 · 15m
22:46 KSA · REGULAR · signal     · WLFI-USD · vwapRec ▲ 100 · 5m
22:48 KSA · REGULAR · scanner    · بدء المسح · 1153 رمزاً · الجلسة REGULAR
22:48 KSA · REGULAR · signal     · INTU · meanRev ▲ 100 · 15m
22:50 KSA · REGULAR · scanner    · بدء المسح · 1153 رمزاً · الجلسة REGULAR
22:50 KSA · REGULAR · signal     · GOOGL · vwapRec ▲ 100 · 5m
22:50 KSA · REGULAR · signal     · GOOG · vwapRec ▲ 100 · 5m
22:50 KSA · REGULAR · signal     · BRK-B · orb ▲ 82 · 5m
22:50 KSA · REGULAR · signal     · SCHW · meanRev ▲ 100 · 15m
22:53 KSA · REGULAR · scanner    · بدء المسح · 1153 رمزاً · الجلسة REGULAR
22:53 KSA · REGULAR · signal     · TMUS · meanRev ▲ 57 · 15m
22:53 KSA · REGULAR · signal     · TJX · volSpike ▼ 89 · 15m
22:53 KSA · REGULAR · signal     · CB · brk ▲ 68 · 15m
22:53 KSA · REGULAR · signal     · CB · meanRev ▼ 63 · 15m
22:53 KSA · REGULAR · signal     · NSC · volSpike ▲ 72 · 15m
22:53 KSA · REGULAR · signal     · KMB · brk ▲ 68 · 15m
22:53 KSA · REGULAR · signal     · UNI-USD · brk ▼ 68 · 15m
22:53 KSA · REGULAR · signal     · UNI-USD · sqzExp ▼ 65 · 1h
22:53 KSA · REGULAR · signal     · 牛来-USD · brk ▲ 66 · 15m
22:53 KSA · REGULAR · signal     · TAO-USD · brk ▼ 77 · 15m
22:53 KSA · REGULAR · signal     · TAO-USD · sqzExp ▼ 65 · 1h
22:53 KSA · REGULAR · signal     · THE-USD · orb ▼ 85 · 5m
22:53 KSA · REGULAR · signal     · THE-USD · brk ▼ 55 · 15m
22:53 KSA · REGULAR · signal     · THE-USD · sqzExp ▼ 90 · 1h
22:53 KSA · REGULAR · signal     · TRUMP-USD · brk ▼ 70 · 15m
22:53 KSA · REGULAR · signal     · TRUMP-USD · sqzExp ▼ 65 · 1h
22:53 KSA · REGULAR · signal     · EUR-USD · brk ▼ 73 · 15m
22:53 KSA · REGULAR · signal     · ARB-USD · brk ▼ 55 · 15m
22:53 KSA · REGULAR · signal     · ARB-USD · sqzExp ▼ 65 · 1h
22:53 KSA · REGULAR · signal     · HOLO-USD · brk ▼ 68 · 15m
22:53 KSA · REGULAR · signal     · HOLO-USD · sqzExp ▼ 88 · 1h
22:53 KSA · REGULAR · signal     · BANK-USD · brk ▼ 75 · 15m
22:53 KSA · REGULAR · signal     · TON-USD · brk ▼ 61 · 15m
22:53 KSA · REGULAR · signal     · PENGU-USD · brk ▼ 77 · 15m
22:53 KSA · REGULAR · signal     · PENGU-USD · sqzExp ▼ 55 · 1h
22:53 KSA · REGULAR · signal     · APT-USD · sqzExp ▼ 78 · 1h
22:53 KSA · REGULAR · signal     · FTT-USD · sqzExp ▼ 88 · 1d
22:53 KSA · REGULAR · signal     · LRC-USD · sqzExp ▼ 63 · 1d
22:53 KSA · REGULAR · signal     · BAL-USD · brk ▼ 84 · 1d
22:53 KSA · REGULAR · signal     · BAL-USD · sqzExp ▼ 69 · 1d
22:53 KSA · REGULAR · signal     · BADGER-USD · brk ▼ 66 · 1d
22:53 KSA · REGULAR · signal     · BADGER-USD · sqzExp ▼ 59 · 1d
22:53 KSA · REGULAR · signal     · FIS-USD · brk ▼ 61 · 1d
22:53 KSA · REGULAR · signal     · QI-USD · brk ▼ 74 · 1d
22:53 KSA · REGULAR · signal     · EDU-USD · brk ▼ 63 · 1d
22:53 KSA · REGULAR · signal     · CTK-USD · brk ▼ 68 · 1d
22:53 KSA · REGULAR · signal     · CTK-USD · sqzExp ▼ 100 · 1d
22:53 KSA · REGULAR · signal     · BIFI-USD · sqzExp ▼ 69 · 1d
22:53 KSA · REGULAR · signal     · PIXEL-USD · brk ▼ 63 · 1d
22:53 KSA · REGULAR · signal     · AT-USD · brk ▼ 63 · 1d
22:53 KSA · REGULAR · signal     · MAGIC-USD · sqzExp ▲ 69 · 1d
22:53 KSA · REGULAR · signal     · AXL-USD · brk ▼ 55 · 1d
22:53 KSA · REGULAR · signal     · VIDT-USD · brk ▲ 84 · 1d
22:53 KSA · REGULAR · signal     · VIDT-USD · sqzExp ▲ 56 · 1d
22:55 KSA · REGULAR · scanner    · بدء المسح · 1153 رمزاً · الجلسة REGULAR
22:55 KSA · REGULAR · signal     · SPGI · orb ▼ 100 · 5m
22:55 KSA · REGULAR · signal     · U-USD · orb ▲ 60 · 5m
22:55 KSA · REGULAR · signal     · PEPE-USD · orb ▼ 57 · 5m
22:56 KSA · REGULAR · scanner    · بدء المسح · 1153 رمزاً · الجلسة REGULAR
22:56 KSA · REGULAR · signal     · AAPL · orb ▲ 82 · 5m
22:56 KSA · REGULAR · signal     · RTX · vwapRec ▼ 73 · 5m
22:56 KSA · REGULAR · signal     · PEP · vwapRec ▼ 100 · 5m
22:56 KSA · REGULAR · signal     · UNP · orb ▼ 100 · 5m
22:56 KSA · REGULAR · signal     · NEM · brk ▲ 69 · 15m
22:56 KSA · REGULAR · signal     · ADBE · orb ▼ 82 · 5m
22:56 KSA · REGULAR · signal     · ADBE · pbTrend ▲ 57 · 1h
22:56 KSA · REGULAR · signal     · NSC · vwapRec ▼ 71 · 5m
22:56 KSA · REGULAR · signal     · HONA · brk ▼ 100 · 15m
22:56 KSA · REGULAR · signal     · SMCI · meanRev ▲ 100 · 15m
22:56 KSA · REGULAR · signal     · WRB · meanRev ▼ 100 · 1d
22:56 KSA · REGULAR · signal     · FIS · meanRev ▲ 100 · 1d
22:58 KSA · REGULAR · scanner    · بدء المسح · 1153 رمزاً · الجلسة REGULAR
22:58 KSA · REGULAR · signal     · CVX · sqzExp ▲ 100 · 1h
22:58 KSA · REGULAR · signal     · NEM · orb ▲ 64 · 5m
22:58 KSA · REGULAR · signal     · MRNA · vwapRec ▲ 100 · 5m
22:58 KSA · REGULAR · signal     · THE-USD · orb ▲ 64 · 5m
22:58 KSA · REGULAR · signal     · WLFI-USD · vwapRec ▲ 70 · 5m
23:00 KSA · AFTER   · scanner    · بدء المسح · 1153 رمزاً · الجلسة AFTER
23:00 KSA · AFTER   · signal     · TMO · meanRev ▼ 100 · 15m · جلسة ممتدة
23:00 KSA · AFTER   · signal     · NEM · meanRev ▼ 100 · 15m · جلسة ممتدة
23:00 KSA · AFTER   · signal     · MCHP · meanRev ▼ 100 · 15m · جلسة ممتدة
23:04 KSA · AFTER   · scanner    · بدء المسح · 1153 رمزاً · الجلسة AFTER
23:04 KSA · AFTER   · signal     · AVGO · volSpike ▼ 100 · 15m · جلسة ممتدة
23:04 KSA · AFTER   · signal     · PLTR · volSpike ▼ 78 · 15m · جلسة ممتدة
23:04 KSA · AFTER   · signal     · UNH · volSpike ▼ 89 · 15m · جلسة ممتدة
23:04 KSA · AFTER   · signal     · PANW · volSpike ▲ 67 · 15m · جلسة ممتدة
23:04 KSA · AFTER   · signal     · PEP · volSpike ▼ 94 · 15m · جلسة ممتدة
23:04 KSA · AFTER   · signal     · WDC · volSpike ▲ 89 · 15m · جلسة ممتدة
23:04 KSA · AFTER   · signal     · ISRG · volSpike ▲ 89 · 15m · جلسة ممتدة
23:04 KSA · AFTER   · signal     · FTNT · volSpike ▲ 67 · 15m · جلسة ممتدة
23:04 KSA · AFTER   · signal     · APP · volSpike ▼ 72 · 15m · جلسة ممتدة
23:04 KSA · AFTER   · signal     · ADBE · volSpike ▼ 100 · 15m · جلسة ممتدة
23:04 KSA · AFTER   · signal     · INTU · volSpike ▼ 100 · 15m · جلسة ممتدة
23:04 KSA · AFTER   · signal     · HONA · volSpike ▼ 89 · 15m · جلسة ممتدة
23:04 KSA · AFTER   · signal     · ADSK · volSpike ▼ 100 · 15m · جلسة ممتدة
23:04 KSA · AFTER   · signal     · ONDO-USD · tfAlign ▼ 88 · 1d
23:04 KSA · AFTER   · signal     · LSK-USD · meanRev ▲ 65 · 15m
23:04 KSA · AFTER   · signal     · UNI-USD · brk ▼ 55 · 15m
23:04 KSA · AFTER   · signal     · UNI-USD · sqzExp ▼ 65 · 1h
23:04 KSA · AFTER   · signal     · PEPE-USD · brk ▲ 59 · 15m
23:04 KSA · AFTER   · signal     · TAO-USD · brk ▼ 55 · 15m
23:04 KSA · AFTER   · signal     · TAO-USD · sqzExp ▼ 65 · 1h
23:04 KSA · AFTER   · signal     · THE-USD · brk ▼ 55 · 15m
23:04 KSA · AFTER   · signal     · THE-USD · sqzExp ▼ 90 · 1h
23:04 KSA · AFTER   · signal     · TRUMP-USD · brk ▼ 55 · 15m
23:04 KSA · AFTER   · signal     · TRUMP-USD · sqzExp ▼ 65 · 1h
23:04 KSA · AFTER   · signal     · EUR-USD · brk ▼ 55 · 15m
23:04 KSA · AFTER   · signal     · PUMP-USD · vwapRec ▼ 80 · 5m
23:04 KSA · AFTER   · signal     · ARB-USD · sqzExp ▼ 65 · 1h
23:04 KSA · AFTER   · signal     · HOLO-USD · brk ▼ 55 · 15m
23:04 KSA · AFTER   · signal     · HOLO-USD · sqzExp ▼ 88 · 1h
23:04 KSA · AFTER   · signal     · BANK-USD · brk ▼ 57 · 15m
23:04 KSA · AFTER   · signal     · TON-USD · brk ▼ 61 · 15m
23:04 KSA · AFTER   · signal     · PENGU-USD · brk ▼ 55 · 15m
23:04 KSA · AFTER   · signal     · PENGU-USD · sqzExp ▼ 55 · 1h
23:04 KSA · AFTER   · signal     · APT-USD · sqzExp ▼ 78 · 1h
23:04 KSA · AFTER   · signal     · ASMLB-USD · volSpike ▼ 78 · 1d
23:04 KSA · AFTER   · signal     · NULS-USD · meanRev ▲ 60 · 1d
23:04 KSA · AFTER   · signal     · NULS-USD · sqzExp ▼ 69 · 1d
23:04 KSA · AFTER   · signal     · LAYER-USD · brk ▼ 55 · 1d
23:04 KSA · AFTER   · signal     · LINA-USD · brk ▲ 68 · 1d
23:04 KSA · AFTER   · signal     · LINA-USD · sqzExp ▲ 56 · 1d
23:04 KSA · AFTER   · signal     · CHESS-USD · brk ▲ 76 · 1d
23:04 KSA · AFTER   · signal     · CHESS-USD · meanRev ▼ 57 · 1d
23:04 KSA · AFTER   · signal     · CHESS-USD · sqzExp ▲ 56 · 1d
23:04 KSA · AFTER   · signal     · CITY-USD · brk ▼ 63 · 1d
23:04 KSA · AFTER   · signal     · CITY-USD · sqzExp ▼ 81 · 1d
23:04 KSA · AFTER   · signal     · C-USD · brk ▼ 55 · 1d
23:04 KSA · AFTER   · signal     · ACT-USD · brk ▼ 55 · 1d
23:04 KSA · AFTER   · signal     · ACT-USD · sqzExp ▼ 81 · 1d
23:04 KSA · AFTER   · signal     · GMX-USD · brk ▼ 63 · 1d
23:04 KSA · AFTER   · signal     · ZKP-USD · brk ▼ 55 · 1d
23:04 KSA · AFTER   · signal     · STG-USD · brk ▼ 63 · 1d
23:04 KSA · AFTER   · signal     · STG-USD · sqzExp ▼ 81 · 1d
23:04 KSA · AFTER   · signal     · ACX-USD · brk ▼ 58 · 1d
23:04 KSA · AFTER   · signal     · SHELL-USD · brk ▼ 63 · 1d
23:04 KSA · AFTER   · signal     · SHELL-USD · sqzExp ▼ 81 · 1d
23:08 KSA · AFTER   · scanner    · بدء المسح · 1153 رمزاً · الجلسة AFTER
23:08 KSA · AFTER   · signal     · BNB-USD · orb ▼ 100 · 5m
23:10 KSA · AFTER   · scanner    · بدء المسح · 1153 رمزاً · الجلسة AFTER
23:10 KSA · AFTER   · signal     · COST · meanRev ▲ 100 · 15m · جلسة ممتدة
23:10 KSA · AFTER   · signal     · MS · brk ▲ 69 · 15m · جلسة ممتدة
23:10 KSA · AFTER   · signal     · ADP · brk ▲ 63 · 15m · جلسة ممتدة
23:10 KSA · AFTER   · signal     · BANK-USD · meanRev ▲ 100 · 15m
23:10 KSA · AFTER   · signal     · ASTR-USD · meanRev ▼ 100 · 1d
23:13 KSA · AFTER   · scanner    · بدء المسح · 1153 رمزاً · الجلسة AFTER
23:13 KSA · AFTER   · signal     · V · volSpike ▼ 78 · 15m · جلسة ممتدة
23:13 KSA · AFTER   · signal     · ABBV · volSpike ▼ 56 · 15m · جلسة ممتدة
23:13 KSA · AFTER   · signal     · CAT · volSpike ▲ 100 · 15m · جلسة ممتدة
23:13 KSA · AFTER   · signal     · WFC · volSpike ▼ 67 · 15m · جلسة ممتدة
23:13 KSA · AFTER   · signal     · C · volSpike ▼ 78 · 15m · جلسة ممتدة
23:13 KSA · AFTER   · signal     · BA · volSpike ▲ 89 · 15m · جلسة ممتدة
23:13 KSA · AFTER   · signal     · BX · volSpike ▼ 56 · 15m · جلسة ممتدة
23:13 KSA · AFTER   · signal     · ADP · volSpike ▼ 78 · 15m · جلسة ممتدة
23:13 KSA · AFTER   · signal     · LOW · volSpike ▼ 89 · 15m · جلسة ممتدة
23:13 KSA · AFTER   · signal     · FCX · volSpike ▲ 94 · 15m · جلسة ممتدة
23:13 KSA · AFTER   · signal     · CMCSA · sqzExp ▼ 75 · 1h · جلسة ممتدة
23:13 KSA · AFTER   · signal     · DVN · volSpike ▼ 67 · 15m · جلسة ممتدة
23:13 KSA · AFTER   · signal     · HPQ · volSpike ▼ 67 · 15m · جلسة ممتدة
23:13 KSA · AFTER   · signal     · SMCI · brk ▼ 100 · 15m · جلسة ممتدة
23:13 KSA · AFTER   · signal     · LSK-USD · meanRev ▲ 65 · 15m
23:13 KSA · AFTER   · signal     · UNI-USD · brk ▼ 55 · 15m
23:13 KSA · AFTER   · signal     · UNI-USD · sqzExp ▼ 65 · 1h
23:13 KSA · AFTER   · signal     · PEPE-USD · brk ▲ 59 · 15m
23:13 KSA · AFTER   · signal     · TAO-USD · brk ▼ 55 · 15m
23:13 KSA · AFTER   · signal     · TAO-USD · sqzExp ▼ 65 · 1h
23:13 KSA · AFTER   · signal     · THE-USD · orb ▼ 85 · 5m
23:13 KSA · AFTER   · signal     · THE-USD · brk ▼ 55 · 15m
23:13 KSA · AFTER   · signal     · THE-USD · sqzExp ▼ 90 · 1h
23:13 KSA · AFTER   · signal     · TRUMP-USD · brk ▼ 55 · 15m
23:13 KSA · AFTER   · signal     · TRUMP-USD · sqzExp ▼ 65 · 1h
23:13 KSA · AFTER   · signal     · EUR-USD · brk ▼ 55 · 15m
23:13 KSA · AFTER   · signal     · EUR-USD · tfAlign ▼ 83 · 1d
23:13 KSA · AFTER   · signal     · ARB-USD · sqzExp ▼ 65 · 1h
23:13 KSA · AFTER   · signal     · HOLO-USD · brk ▼ 55 · 15m
23:13 KSA · AFTER   · signal     · HOLO-USD · sqzExp ▼ 88 · 1h
23:13 KSA · AFTER   · signal     · BANK-USD · brk ▼ 57 · 15m
23:13 KSA · AFTER   · signal     · TON-USD · brk ▼ 61 · 15m
23:13 KSA · AFTER   · signal     · PENGU-USD · brk ▼ 55 · 15m
23:13 KSA · AFTER   · signal     · PENGU-USD · sqzExp ▼ 55 · 1h
23:13 KSA · AFTER   · signal     · APT-USD · sqzExp ▼ 78 · 1h
23:13 KSA · AFTER   · signal     · FRAX-USD · sqzExp ▲ 63 · 1d
23:13 KSA · AFTER   · signal     · DGB-USD · sqzExp ▼ 66 · 1d
23:13 KSA · AFTER   · signal     · ASR-USD · sqzExp ▼ 75 · 1d
23:13 KSA · AFTER   · signal     · QUICK-USD · brk ▲ 68 · 1d
23:13 KSA · AFTER   · signal     · QUICK-USD · volSpike ▼ 56 · 1d
23:13 KSA · AFTER   · signal     · AERGO-USD · brk ▼ 71 · 1d
23:13 KSA · AFTER   · signal     · PERP-USD · brk ▼ 79 · 1d
23:13 KSA · AFTER   · signal     · PERP-USD · sqzExp ▼ 69 · 1d
23:13 KSA · AFTER   · signal     · AST-USD · brk ▼ 95 · 1d
23:13 KSA · AFTER   · signal     · AST-USD · sqzExp ▼ 69 · 1d
23:13 KSA · AFTER   · signal     · GSB-USD · sqzExp ▼ 69 · 1d
23:13 KSA · AFTER   · signal     · COOKIE-USD · sqzExp ▼ 81 · 1d
23:13 KSA · AFTER   · signal     · BARD-USD · brk ▼ 55 · 1d
23:13 KSA · AFTER   · signal     · REI-USD · brk ▲ 58 · 1d
23:13 KSA · AFTER   · signal     · REI-USD · sqzExp ▲ 56 · 1d
23:15 KSA · AFTER   · scanner    · بدء المسح · 1153 رمزاً · الجلسة AFTER
23:15 KSA · AFTER   · signal     · FCX · brk ▲ 69 · 15m · جلسة ممتدة
23:15 KSA · AFTER   · signal     · IOTA-USD · meanRev ▲ 100 · 15m
23:15 KSA · AFTER   · signal     · U-USD · orb ▲ 65 · 5m
23:15 KSA · AFTER   · signal     · PEPE-USD · pbTrend ▲ 57 · 1h
23:15 KSA · AFTER   · signal     · DF-USD · brk ▼ 100 · 1d
23:16 KSA · AFTER   · scanner    · بدء المسح · 1153 رمزاً · الجلسة AFTER
23:16 KSA · AFTER   · signal     · AI-USD · meanRev ▲ 100 · 1d
23:18 KSA · AFTER   · scanner    · بدء المسح · 1153 رمزاً · الجلسة AFTER
23:18 KSA · AFTER   · signal     · V · brk ▲ 100 · 15m · جلسة ممتدة
23:18 KSA · AFTER   · signal     · UNH · meanRev ▲ 100 · 15m · جلسة ممتدة
23:18 KSA · AFTER   · signal     · ISRG · pbTrend ▼ 57 · 1h · جلسة ممتدة
23:18 KSA · AFTER   · signal     · IOTA-USD · brk ▼ 69 · 15m
23:18 KSA · AFTER   · signal     · OTIS · meanRev ▲ 100 · 1d · جلسة ممتدة
23:20 KSA · AFTER   · scanner    · بدء المسح · 1153 رمزاً · الجلسة AFTER
23:20 KSA · AFTER   · signal     · LSK-USD · orb ▲ 64 · 5m
23:20 KSA · AFTER   · signal     · U-USD · vwapRec ▲ 57 · 5m
23:24 KSA · AFTER   · scanner    · بدء المسح · 1153 رمزاً · الجلسة AFTER
23:24 KSA · AFTER   · signal     · MSFT · vwapRec ▼ 60 · 5m · جلسة ممتدة
23:24 KSA · AFTER   · signal     · BRK-B · brk ▲ 86 · 15m · جلسة ممتدة
23:24 KSA · AFTER   · signal     · BRK-B · momo ▲ 83 · 1h · جلسة ممتدة
23:24 KSA · AFTER   · signal     · LLY · vwapRec ▼ 88 · 5m · جلسة ممتدة
23:24 KSA · AFTER   · signal     · JPM · vwapRec ▼ 73 · 5m · جلسة ممتدة
23:24 KSA · AFTER   · signal     · MA · momo ▲ 61 · 1h · جلسة ممتدة
23:24 KSA · AFTER   · signal     · COST · vwapRec ▼ 65 · 5m · جلسة ممتدة
23:24 KSA · AFTER   · signal     · UNH · vwapRec ▼ 60 · 5m · جلسة ممتدة
23:24 KSA · AFTER   · signal     · MS · volSpike ▼ 72 · 15m · جلسة ممتدة
23:24 KSA · AFTER   · signal     · WFC · vwapRec ▲ 70 · 5m · جلسة ممتدة
23:24 KSA · AFTER   · signal     · IBM · volSpike ▼ 72 · 15m · جلسة ممتدة
23:24 KSA · AFTER   · signal     · SNDK · pbTrend ▲ 74 · 1h · جلسة ممتدة
23:24 KSA · AFTER   · signal     · AXP · volSpike ▼ 89 · 15m · جلسة ممتدة
23:24 KSA · AFTER   · signal     · TMUS · tfAlign ▼ 90 · 1d · جلسة ممتدة
23:24 KSA · AFTER   · signal     · DE · volSpike ▲ 72 · 15m · جلسة ممتدة
23:24 KSA · AFTER   · signal     · UBER · vwapRec ▼ 75 · 5m · جلسة ممتدة
23:24 KSA · AFTER   · signal     · NEM · vwapRec ▼ 60 · 5m · جلسة ممتدة
23:24 KSA · AFTER   · signal     · NEM · volSpike ▲ 94 · 15m · جلسة ممتدة
23:24 KSA · AFTER   · signal     · LMT · volSpike ▲ 67 · 15m · جلسة ممتدة
23:24 KSA · AFTER   · signal     · MDT · volSpike ▼ 78 · 15m · جلسة ممتدة
23:24 KSA · AFTER   · signal     · ADBE · vwapRec ▼ 60 · 5m · جلسة ممتدة
23:24 KSA · AFTER   · signal     · ADBE · momo ▼ 75 · 1h · جلسة ممتدة
23:24 KSA · AFTER   · signal     · INTU · tfAlign ▼ 80 · 1d · جلسة ممتدة
23:24 KSA · AFTER   · signal     · CMCSA · vwapRec ▼ 60 · 5m · جلسة ممتدة
23:24 KSA · AFTER   · signal     · XRP-USD · tfAlign ▼ 85 · 1d
23:24 KSA · AFTER   · signal     · AON · momo ▼ 78 · 1h · جلسة ممتدة
23:24 KSA · AFTER   · signal     · DVN · vwapRec ▼ 60 · 5m · جلسة ممتدة
23:24 KSA · AFTER   · signal     · CIEN · vwapRec ▼ 85 · 5m · جلسة ممتدة
23:24 KSA · AFTER   · signal     · LHX · volSpike ▲ 67 · 15m · جلسة ممتدة
23:24 KSA · AFTER   · signal     · RDDT · volSpike ▼ 83 · 15m · جلسة ممتدة
23:24 KSA · AFTER   · signal     · SMCI · vwapRec ▼ 60 · 5m · جلسة ممتدة
23:24 KSA · AFTER   · signal     · SWKS · vwapRec ▲ 70 · 5m · جلسة ممتدة
23:24 KSA · AFTER   · signal     · XLM-USD · volSpike ▼ 72 · 15m
23:24 KSA · AFTER   · signal     · XLM-USD · tfAlign ▼ 68 · 1d
23:24 KSA · AFTER   · signal     · IOTA-USD · tfAlign ▼ 93 · 1d
23:24 KSA · AFTER   · signal     · LSK-USD · meanRev ▲ 57 · 15m
23:24 KSA · AFTER   · signal     · CRCLB-USD · tfAlign ▼ 93 · 1d
23:24 KSA · AFTER   · signal     · T-USD · volSpike ▼ 89 · 15m
23:24 KSA · AFTER   · signal     · UNI-USD · sqzExp ▼ 57 · 1h
23:24 KSA · AFTER   · signal     · UNI-USD · rsiDiv ▲ 67 · 15m
23:24 KSA · AFTER   · signal     · SUI-USD · sqzExp ▼ 55 · 1h
23:24 KSA · AFTER   · signal     · U-USD · brk ▼ 55 · 15m
23:24 KSA · AFTER   · signal     · PEPE-USD · orb ▲ 57 · 5m
23:24 KSA · AFTER   · signal     · TAO-USD · brk ▼ 57 · 15m
23:24 KSA · AFTER   · signal     · TAO-USD · sqzExp ▼ 65 · 1h
23:24 KSA · AFTER   · signal     · THE-USD · orb ▼ 85 · 5m
23:24 KSA · AFTER   · signal     · THE-USD · brk ▼ 55 · 15m
23:24 KSA · AFTER   · signal     · THE-USD · sqzExp ▼ 75 · 1h
23:24 KSA · AFTER   · signal     · THE-USD · tfAlign ▼ 73 · 1d
23:24 KSA · AFTER   · signal     · TRUMP-USD · brk ▼ 68 · 15m
23:24 KSA · AFTER   · signal     · TRUMP-USD · sqzExp ▼ 75 · 1h
23:24 KSA · AFTER   · signal     · EUR-USD · brk ▼ 70 · 15m
23:24 KSA · AFTER   · signal     · ARB-USD · brk ▼ 61 · 15m
23:24 KSA · AFTER   · signal     · ARB-USD · sqzExp ▼ 65 · 1h
23:24 KSA · AFTER   · signal     · HOLO-USD · brk ▼ 55 · 15m
23:24 KSA · AFTER   · signal     · HOLO-USD · sqzExp ▼ 73 · 1h
23:24 KSA · AFTER   · signal     · BANK-USD · brk ▼ 57 · 15m
23:24 KSA · AFTER   · signal     · BANK-USD · momo ▼ 67 · 1h
23:24 KSA · AFTER   · signal     · TON-USD · brk ▼ 61 · 15m
23:24 KSA · AFTER   · signal     · SENT-USD · brk ▼ 57 · 15m
23:24 KSA · AFTER   · signal     · PENGU-USD · brk ▼ 61 · 15m
23:24 KSA · AFTER   · signal     · PENGU-USD · sqzExp ▼ 65 · 1h
23:24 KSA · AFTER   · signal     · APT-USD · sqzExp ▼ 88 · 1h
23:24 KSA · AFTER   · signal     · KR · sqzExp ▲ 81 · 1d · جلسة ممتدة
23:24 KSA · AFTER   · signal     · MLM · rsiDiv ▲ 83 · 1d · جلسة ممتدة
23:24 KSA · AFTER   · signal     · KHC · volSpike ▲ 83 · 1d · جلسة ممتدة
23:24 KSA · AFTER   · signal     · IVZ · sqzExp ▼ 78 · 1d · جلسة ممتدة
23:25 KSA · AFTER   · scanner    · بدء المسح · 1153 رمزاً · الجلسة AFTER
23:25 KSA · AFTER   · signal     · PG · meanRev ▲ 100 · 15m · جلسة ممتدة
23:25 KSA · AFTER   · signal     · FCX · brk ▲ 69 · 15m · جلسة ممتدة
23:25 KSA · AFTER   · signal     · MPWR · vwapRec ▲ 79 · 5m · جلسة ممتدة
23:25 KSA · AFTER   · signal     · U-USD · orb ▲ 65 · 5m
23:25 KSA · AFTER   · signal     · TSCO · sqzExp ▼ 100 · 1d · جلسة ممتدة
23:28 KSA · AFTER   · scanner    · بدء المسح · 1153 رمزاً · الجلسة AFTER
23:28 KSA · AFTER   · signal     · INTC · vwapRec ▼ 57 · 5m · جلسة ممتدة
23:28 KSA · AFTER   · signal     · ORCL · vwapRec ▲ 79 · 5m · جلسة ممتدة
23:28 KSA · AFTER   · signal     · ZEC-USD · pbTrend ▲ 57 · 1h
23:28 KSA · AFTER   · signal     · BONK-USD · brk ▼ 69 · 1d
23:30 KSA · AFTER   · scanner    · بدء المسح · 1153 رمزاً · الجلسة AFTER
23:30 KSA · AFTER   · signal     · MRK · pbTrend ▲ 57 · 1h · جلسة ممتدة
23:30 KSA · AFTER   · signal     · DOGE-USD · meanRev ▲ 100 · 15m
23:30 KSA · AFTER   · signal     · ENA-USD · meanRev ▲ 100 · 15m
23:30 KSA · AFTER   · signal     · TAO-USD · meanRev ▲ 100 · 15m
23:30 KSA · AFTER   · signal     · EUR-USD · vwapRec ▼ 100 · 5m
23:30 KSA · AFTER   · signal     · BANK-USD · meanRev ▲ 100 · 15m
23:33 KSA · AFTER   · scanner    · بدء المسح · 1153 رمزاً · الجلسة AFTER
23:33 KSA · AFTER   · signal     · AMZN · vwapRec ▲ 57 · 5m · جلسة ممتدة
23:33 KSA · AFTER   · signal     · XOM · vwapRec ▲ 78 · 5m · جلسة ممتدة
23:33 KSA · AFTER   · signal     · HD · vwapRec ▲ 68 · 5m · جلسة ممتدة
23:33 KSA · AFTER   · signal     · NEE · vwapRec ▲ 60 · 5m · جلسة ممتدة
23:33 KSA · AFTER   · signal     · HONA · brk ▼ 89 · 15m · جلسة ممتدة
23:33 KSA · AFTER   · signal     · LINK-USD · volSpike ▼ 83 · 15m
23:33 KSA · AFTER   · signal     · QQQB-USD · rsiDiv ▲ 67 · 15m
23:33 KSA · AFTER   · signal     · UNI-USD · brk ▼ 73 · 15m
23:33 KSA · AFTER   · signal     · UNI-USD · sqzExp ▼ 57 · 1h
23:33 KSA · AFTER   · signal     · SUI-USD · sqzExp ▼ 55 · 1h
23:33 KSA · AFTER   · signal     · U-USD · brk ▼ 59 · 15m
23:33 KSA · AFTER   · signal     · TAO-USD · brk ▼ 73 · 15m
23:33 KSA · AFTER   · signal     · TAO-USD · sqzExp ▼ 65 · 1h
23:33 KSA · AFTER   · signal     · THE-USD · orb ▼ 70 · 5m
23:33 KSA · AFTER   · signal     · THE-USD · brk ▼ 61 · 15m
23:33 KSA · AFTER   · signal     · THE-USD · sqzExp ▼ 75 · 1h
23:33 KSA · AFTER   · signal     · TRUMP-USD · brk ▼ 86 · 15m
23:33 KSA · AFTER   · signal     · TRUMP-USD · sqzExp ▼ 75 · 1h
23:33 KSA · AFTER   · signal     · EUR-USD · brk ▼ 73 · 15m
23:33 KSA · AFTER   · signal     · ARB-USD · brk ▼ 61 · 15m
23:33 KSA · AFTER   · signal     · ARB-USD · sqzExp ▼ 65 · 1h
23:33 KSA · AFTER   · signal     · HOLO-USD · brk ▼ 68 · 15m
23:33 KSA · AFTER   · signal     · HOLO-USD · sqzExp ▼ 73 · 1h
23:33 KSA · AFTER   · signal     · BANK-USD · brk ▼ 64 · 15m
23:33 KSA · AFTER   · signal     · TON-USD · brk ▼ 61 · 15m
23:33 KSA · AFTER   · signal     · SENT-USD · brk ▼ 57 · 15m
23:33 KSA · AFTER   · signal     · PENGU-USD · brk ▼ 86 · 15m
23:33 KSA · AFTER   · signal     · PENGU-USD · sqzExp ▼ 65 · 1h
23:33 KSA · AFTER   · signal     · APT-USD · sqzExp ▼ 88 · 1h
23:33 KSA · AFTER   · signal     · REGN · brk ▼ 61 · 1d · جلسة ممتدة
23:33 KSA · AFTER   · signal     · REGN · sqzExp ▼ 56 · 1d · جلسة ممتدة
23:33 KSA · AFTER   · signal     · PYPL · rsiDiv ▲ 83 · 1d · جلسة ممتدة
23:33 KSA · AFTER   · signal     · RJF · sqzExp ▼ 63 · 1d · جلسة ممتدة
23:34 KSA · AFTER   · signal     · REG · sqzExp ▼ 78 · 1d · جلسة ممتدة
23:35 KSA · AFTER   · scanner    · بدء المسح · 1153 رمزاً · الجلسة AFTER
23:35 KSA · AFTER   · signal     · INTC · orb ▼ 64 · 5m · جلسة ممتدة
23:35 KSA · AFTER   · signal     · FTNT · vwapRec ▲ 57 · 5m · جلسة ممتدة
23:35 KSA · AFTER   · signal     · GLW · orb ▲ 100 · 5m · جلسة ممتدة
23:35 KSA · AFTER   · signal     · HOOD · orb ▼ 100 · 5m · جلسة ممتدة
23:35 KSA · AFTER   · signal     · U-USD · orb ▲ 80 · 5m
23:39 KSA · AFTER   · scanner    · بدء المسح · 1153 رمزاً · الجلسة AFTER
23:39 KSA · AFTER   · signal     · V · orb ▼ 100 · 5m · جلسة ممتدة
23:39 KSA · AFTER   · signal     · XOM · meanRev ▲ 100 · 15m · جلسة ممتدة
23:39 KSA · AFTER   · signal     · HONA · brk ▼ 100 · 15m · جلسة ممتدة
23:39 KSA · AFTER   · signal     · THE-USD · orb ▲ 64 · 5m
23:40 KSA · AFTER   · scanner    · بدء المسح · 1153 رمزاً · الجلسة AFTER
23:40 KSA · AFTER   · signal     · ADBE · vwapRec ▼ 57 · 5m · جلسة ممتدة
23:40 KSA · AFTER   · signal     · THE-USD · vwapRec ▼ 100 · 5m
23:44 KSA · AFTER   · scanner    · بدء المسح · 1153 رمزاً · الجلسة AFTER
23:44 KSA · AFTER   · signal     · XOM · vwapRec ▲ 78 · 5m · جلسة ممتدة
23:44 KSA · AFTER   · signal     · UNI-USD · brk ▼ 73 · 15m
23:44 KSA · AFTER   · signal     · UNI-USD · sqzExp ▼ 57 · 1h
23:44 KSA · AFTER   · signal     · SUI-USD · sqzExp ▼ 55 · 1h
23:44 KSA · AFTER   · signal     · U-USD · brk ▼ 59 · 15m
23:44 KSA · AFTER   · signal     · TAO-USD · brk ▼ 73 · 15m
23:44 KSA · AFTER   · signal     · TAO-USD · sqzExp ▼ 65 · 1h
23:44 KSA · AFTER   · signal     · THE-USD · brk ▼ 61 · 15m
23:44 KSA · AFTER   · signal     · THE-USD · sqzExp ▼ 75 · 1h
23:44 KSA · AFTER   · signal     · TRUMP-USD · brk ▼ 86 · 15m
23:44 KSA · AFTER   · signal     · TRUMP-USD · sqzExp ▼ 75 · 1h
23:44 KSA · AFTER   · signal     · EUR-USD · brk ▼ 73 · 15m
23:44 KSA · AFTER   · signal     · ARB-USD · brk ▼ 61 · 15m
23:44 KSA · AFTER   · signal     · ARB-USD · sqzExp ▼ 65 · 1h
23:44 KSA · AFTER   · signal     · HOLO-USD · brk ▼ 68 · 15m
23:44 KSA · AFTER   · signal     · HOLO-USD · sqzExp ▼ 73 · 1h
23:44 KSA · AFTER   · signal     · BANK-USD · brk ▼ 64 · 15m
23:44 KSA · AFTER   · signal     · TON-USD · brk ▼ 61 · 15m
23:44 KSA · AFTER   · signal     · SENT-USD · brk ▼ 57 · 15m
23:44 KSA · AFTER   · signal     · PENGU-USD · brk ▼ 86 · 15m
23:44 KSA · AFTER   · signal     · PENGU-USD · sqzExp ▼ 65 · 1h
23:44 KSA · AFTER   · signal     · WLFI-USD · rsiDiv ▲ 73 · 15m
23:44 KSA · AFTER   · signal     · APT-USD · sqzExp ▼ 88 · 1h
23:44 KSA · AFTER   · signal     · TXT · rsiDiv ▲ 78 · 1d · جلسة ممتدة
23:46 KSA · AFTER   · scanner    · بدء المسح · 1153 رمزاً · الجلسة AFTER
23:46 KSA · AFTER   · signal     · MA · orb ▼ 82 · 5m · جلسة ممتدة
23:46 KSA · AFTER   · signal     · PG · orb ▼ 86 · 5m · جلسة ممتدة
23:46 KSA · AFTER   · signal     · LIN · brk ▲ 81 · 15m · جلسة ممتدة
23:46 KSA · AFTER   · signal     · LIN · pbTrend ▼ 100 · 1h · جلسة ممتدة
23:46 KSA · AFTER   · signal     · VRTX · brk ▲ 63 · 15m · جلسة ممتدة
23:46 KSA · AFTER   · signal     · VRT · orb ▲ 82 · 5m · جلسة ممتدة
23:46 KSA · AFTER   · signal     · CDNS · orb ▲ 100 · 5m · جلسة ممتدة
23:46 KSA · AFTER   · signal     · XAUT-USD · orb ▲ 64 · 5m
23:46 KSA · AFTER   · signal     · U-USD · orb ▲ 73 · 5m
23:48 KSA · AFTER   · scanner    · بدء المسح · 1153 رمزاً · الجلسة AFTER
23:48 KSA · AFTER   · signal     · LITE · orb ▼ 82 · 5m · جلسة ممتدة
23:48 KSA · AFTER   · signal     · WLFI-USD · vwapRec ▲ 100 · 5m
23:50 KSA · AFTER   · scanner    · بدء المسح · 1153 رمزاً · الجلسة AFTER
23:50 KSA · AFTER   · signal     · THE-USD · orb ▲ 100 · 5m
23:50 KSA · AFTER   · signal     · CASY · brk ▼ 69 · 1d · جلسة ممتدة
23:53 KSA · AFTER   · scanner    · بدء المسح · 1153 رمزاً · الجلسة AFTER
23:53 KSA · AFTER   · signal     · SCHW · volSpike ▼ 94 · 15m · جلسة ممتدة
23:53 KSA · AFTER   · signal     · LMT · pbTrend ▼ 81 · 1h · جلسة ممتدة
23:53 KSA · AFTER   · signal     · LMT · volSpike ▲ 67 · 15m · جلسة ممتدة
23:53 KSA · AFTER   · signal     · FCX · volSpike ▲ 94 · 15m · جلسة ممتدة
23:53 KSA · AFTER   · signal     · UNI-USD · brk ▼ 64 · 15m
23:53 KSA · AFTER   · signal     · UNI-USD · sqzExp ▼ 57 · 1h
23:53 KSA · AFTER   · signal     · SUI-USD · sqzExp ▼ 55 · 1h
23:53 KSA · AFTER   · signal     · U-USD · brk ▼ 55 · 15m
23:53 KSA · AFTER   · signal     · PEPE-USD · brk ▲ 59 · 15m
23:53 KSA · AFTER   · signal     · TAO-USD · brk ▼ 68 · 15m
23:53 KSA · AFTER   · signal     · TAO-USD · sqzExp ▼ 65 · 1h
23:53 KSA · AFTER   · signal     · THE-USD · brk ▼ 55 · 15m
23:53 KSA · AFTER   · signal     · THE-USD · sqzExp ▼ 75 · 1h
23:53 KSA · AFTER   · signal     · TRUMP-USD · brk ▼ 64 · 15m
23:53 KSA · AFTER   · signal     · TRUMP-USD · sqzExp ▼ 75 · 1h
23:53 KSA · AFTER   · signal     · EUR-USD · brk ▼ 73 · 15m
23:53 KSA · AFTER   · signal     · ARB-USD · brk ▼ 55 · 15m
23:53 KSA · AFTER   · signal     · ARB-USD · sqzExp ▼ 65 · 1h
23:53 KSA · AFTER   · signal     · HOLO-USD · brk ▼ 61 · 15m
23:53 KSA · AFTER   · signal     · HOLO-USD · sqzExp ▼ 73 · 1h
23:53 KSA · AFTER   · signal     · BANK-USD · brk ▼ 57 · 15m
23:53 KSA · AFTER   · signal     · TON-USD · brk ▼ 61 · 15m
23:53 KSA · AFTER   · signal     · SENT-USD · brk ▼ 57 · 15m
23:53 KSA · AFTER   · signal     · PENGU-USD · brk ▼ 73 · 15m
23:53 KSA · AFTER   · signal     · PENGU-USD · sqzExp ▼ 65 · 1h
23:53 KSA · AFTER   · signal     · APT-USD · sqzExp ▼ 88 · 1h
23:54 KSA · AFTER   · scanner    · بدء المسح · 1153 رمزاً · الجلسة AFTER
23:54 KSA · AFTER   · signal     · TXN · orb ▲ 64 · 5m · جلسة ممتدة
23:54 KSA · AFTER   · signal     · LIN · orb ▲ 86 · 5m · جلسة ممتدة
23:54 KSA · AFTER   · signal     · LIN · brk ▲ 69 · 15m · جلسة ممتدة
23:54 KSA · AFTER   · signal     · SNPS · orb ▲ 82 · 5m · جلسة ممتدة
23:54 KSA · AFTER   · signal     · U-USD · orb ▲ 65 · 5m
23:54 KSA · AFTER   · signal     · THE-USD · orb ▲ 85 · 5m
23:54 KSA · AFTER   · signal     · THE-USD · vwapRec ▲ 100 · 5m
23:56 KSA · AFTER   · scanner    · بدء المسح · 1153 رمزاً · الجلسة AFTER
23:56 KSA · AFTER   · signal     · MS · orb ▲ 100 · 5m · جلسة ممتدة
23:56 KSA · AFTER   · signal     · C · orb ▲ 100 · 5m · جلسة ممتدة
23:56 KSA · AFTER   · signal     · DDOG · orb ▲ 100 · 5m · جلسة ممتدة
23:56 KSA · AFTER   · signal     · WLFI-USD · vwapRec ▲ 85 · 5m
23:59 KSA · AFTER   · scanner    · بدء المسح · 1153 رمزاً · الجلسة AFTER
