00:00 KSA · AFTER   · scanner    · بدء المسح · 1153 رمزاً · الجلسة AFTER
00:00 KSA · AFTER   · signal     · T · vwapRec ▲ 57 · 15m · جلسة ممتدة
00:00 KSA · AFTER   · signal     · DDOG · vwapRec ▲ 65 · 15m · جلسة ممتدة
00:00 KSA · AFTER   · signal     · DPZ · meanRev ▲ 100 · 1d · جلسة ممتدة
00:02 KSA · AFTER   · scanner    · بدء المسح · 1153 رمزاً · الجلسة AFTER
00:02 KSA · AFTER   · signal     · ETN · vwapRec ▼ 68 · 15m · جلسة ممتدة
00:02 KSA · AFTER   · signal     · CAKE-USD · tfAlign ▲ 89 · 1d
00:02 KSA · AFTER   · signal     · UNI-USD · sqzExp ▼ 68 · 1h
00:02 KSA · AFTER   · signal     · SUI-USD · sqzExp ▼ 88 · 1h
00:02 KSA · AFTER   · signal     · TAO-USD · orb ▼ 75 · 15m
00:02 KSA · AFTER   · signal     · TAO-USD · brk ▼ 57 · 15m
00:02 KSA · AFTER   · signal     · THE-USD · brk ▼ 55 · 15m
00:02 KSA · AFTER   · signal     · TRUMP-USD · sqzExp ▼ 65 · 1h
00:02 KSA · AFTER   · signal     · EUR-USD · sqzExp ▼ 75 · 1h
00:02 KSA · AFTER   · signal     · TON-USD · brk ▼ 61 · 15m
00:02 KSA · AFTER   · signal     · SENT-USD · orb ▼ 55 · 15m
00:02 KSA · AFTER   · signal     · PENGU-USD · brk ▼ 68 · 15m
00:02 KSA · AFTER   · signal     · WLFI-USD · orb ▼ 60 · 15m
00:02 KSA · AFTER   · signal     · WLFI-USD · sqzExp ▼ 90 · 1h
00:02 KSA · AFTER   · signal     · ASTER-USD · sqzExp ▼ 95 · 1h
00:02 KSA · AFTER   · signal     · APT-USD · orb ▼ 60 · 15m
00:04 KSA · AFTER   · scanner    · بدء المسح · 1153 رمزاً · الجلسة AFTER
00:04 KSA · AFTER   · signal     · JPM · orb ▼ 64 · 15m · جلسة ممتدة
00:04 KSA · AFTER   · signal     · JNJ · orb ▼ 100 · 15m · جلسة ممتدة
00:04 KSA · AFTER   · signal     · ANET · orb ▼ 82 · 15m · جلسة ممتدة
00:04 KSA · AFTER   · signal     · ETN · orb ▲ 100 · 15m · جلسة ممتدة
00:04 KSA · AFTER   · signal     · VRTX · orb ▲ 100 · 15m · جلسة ممتدة
00:04 KSA · AFTER   · signal     · ADP · brk ▼ 81 · 15m · جلسة ممتدة
00:04 KSA · AFTER   · signal     · HON · orb ▲ 73 · 15m · جلسة ممتدة
00:04 KSA · AFTER   · signal     · HON · brk ▲ 63 · 15m · جلسة ممتدة
00:04 KSA · AFTER   · signal     · HON · sqzExp ▲ 100 · 1h · جلسة ممتدة
00:04 KSA · AFTER   · signal     · LTC-USD · orb ▲ 82 · 15m
00:04 KSA · AFTER   · signal     · UNI-USD · orb ▲ 83 · 15m
00:04 KSA · AFTER   · signal     · SUI-USD · orb ▲ 75 · 15m
00:04 KSA · AFTER   · signal     · TRUMP-USD · orb ▲ 90 · 15m
00:04 KSA · AFTER   · signal     · TRUMP-USD · brk ▲ 86 · 15m
00:04 KSA · AFTER   · signal     · PENGU-USD · orb ▲ 90 · 15m
00:04 KSA · AFTER   · signal     · PENGU-USD · pbTrend ▼ 79 · 1h
00:04 KSA · AFTER   · signal     · WLFI-USD · vwapRec ▲ 55 · 15m
00:04 KSA · AFTER   · signal     · ASTER-USD · orb ▲ 68 · 15m
00:04 KSA · AFTER   · signal     · ROST · brk ▼ 69 · 1d · جلسة ممتدة
00:04 KSA · AFTER   · signal     · MORPHO-USD · brk ▼ 69 · 1d
00:07 KSA · AFTER   · scanner    · بدء المسح · 1153 رمزاً · الجلسة AFTER
00:07 KSA · AFTER   · signal     · HON · vwapRec ▼ 57 · 15m · جلسة ممتدة
00:08 KSA · AFTER   · scanner    · بدء المسح · 1153 رمزاً · الجلسة AFTER
00:08 KSA · AFTER   · signal     · MSFT · sqzExp ▼ 100 · 1h · جلسة ممتدة
00:08 KSA · AFTER   · signal     · TMUS · brk ▼ 100 · 15m · جلسة ممتدة
00:08 KSA · AFTER   · signal     · TMUS · meanRev ▲ 100 · 15m · جلسة ممتدة
00:08 KSA · AFTER   · signal     · WLFI-USD · orb ▲ 82 · 15m
00:10 KSA · AFTER   · scanner    · بدء المسح · 1153 رمزاً · الجلسة AFTER
00:13 KSA · AFTER   · scanner    · بدء المسح · 1153 رمزاً · الجلسة AFTER
00:13 KSA · AFTER   · signal     · ETN · vwapRec ▼ 68 · 15m · جلسة ممتدة
00:13 KSA · AFTER   · signal     · UNI-USD · sqzExp ▼ 68 · 1h
00:13 KSA · AFTER   · signal     · SUI-USD · sqzExp ▼ 88 · 1h
00:13 KSA · AFTER   · signal     · TAO-USD · orb ▼ 75 · 15m
00:13 KSA · AFTER   · signal     · TAO-USD · brk ▼ 57 · 15m
00:13 KSA · AFTER   · signal     · THE-USD · brk ▼ 55 · 15m
00:13 KSA · AFTER   · signal     · TRUMP-USD · sqzExp ▼ 65 · 1h
00:13 KSA · AFTER   · signal     · EUR-USD · sqzExp ▼ 75 · 1h
00:13 KSA · AFTER   · signal     · TON-USD · brk ▼ 61 · 15m
00:13 KSA · AFTER   · signal     · SENT-USD · orb ▼ 55 · 15m
00:13 KSA · AFTER   · signal     · PENGU-USD · brk ▼ 68 · 15m
00:13 KSA · AFTER   · signal     · WLFI-USD · sqzExp ▼ 90 · 1h
00:13 KSA · AFTER   · signal     · ASTER-USD · sqzExp ▼ 95 · 1h
00:14 KSA · AFTER   · scanner    · بدء المسح · 1153 رمزاً · الجلسة AFTER
00:14 KSA · AFTER   · signal     · SPGI · vwapRec ▲ 57 · 15m · جلسة ممتدة
00:14 KSA · AFTER   · signal     · ADP · brk ▼ 81 · 15m · جلسة ممتدة
00:14 KSA · AFTER   · signal     · HONA · orb ▲ 82 · 15m · جلسة ممتدة
00:14 KSA · AFTER   · signal     · UNI-USD · orb ▲ 83 · 15m
00:14 KSA · AFTER   · signal     · SUI-USD · orb ▲ 83 · 15m
00:14 KSA · AFTER   · signal     · TRUMP-USD · orb ▲ 90 · 15m
00:14 KSA · AFTER   · signal     · PENGU-USD · orb ▲ 90 · 15m
00:14 KSA · AFTER   · signal     · WLFI-USD · vwapRec ▲ 55 · 15m
00:14 KSA · AFTER   · signal     · ASTER-USD · orb ▲ 68 · 15m
00:14 KSA · AFTER   · signal     · KMI · brk ▼ 63 · 1d · جلسة ممتدة
00:16 KSA · AFTER   · scanner    · بدء المسح · 1153 رمزاً · الجلسة AFTER
00:16 KSA · AFTER   · signal     · GOOG · vwapRec ▲ 79 · 15m · جلسة ممتدة
00:16 KSA · AFTER   · signal     · CAKE-USD · sqzExp ▲ 100 · 1h
00:18 KSA · AFTER   · scanner    · بدء المسح · 1153 رمزاً · الجلسة AFTER
00:18 KSA · AFTER   · signal     · WLFI-USD · orb ▲ 82 · 15m
00:20 KSA · AFTER   · scanner    · بدء المسح · 1153 رمزاً · الجلسة AFTER
00:20 KSA · AFTER   · signal     · LLY · orb ▼ 64 · 15m · جلسة ممتدة
00:20 KSA · AFTER   · signal     · MA · pbTrend ▲ 57 · 1h · جلسة ممتدة
00:20 KSA · AFTER   · signal     · DELL · orb ▲ 82 · 15m · جلسة ممتدة
00:23 KSA · AFTER   · scanner    · بدء المسح · 1153 رمزاً · الجلسة AFTER
00:23 KSA · AFTER   · signal     · JNJ · volSpike ▼ 78 · 15m · جلسة ممتدة
00:23 KSA · AFTER   · signal     · AMGN · volSpike ▼ 61 · 15m · جلسة ممتدة
00:23 KSA · AFTER   · signal     · NSC · volSpike ▲ 61 · 15m · جلسة ممتدة
00:23 KSA · AFTER   · signal     · DASH-USD · rsiDiv ▼ 78 · 1h
00:23 KSA · AFTER   · signal     · T-USD · vwapRec ▼ 75 · 15m
00:23 KSA · AFTER   · signal     · UNI-USD · brk ▼ 57 · 15m
00:23 KSA · AFTER   · signal     · UNI-USD · sqzExp ▼ 85 · 1h
00:23 KSA · AFTER   · signal     · SUI-USD · sqzExp ▼ 88 · 1h
00:23 KSA · AFTER   · signal     · U-USD · orb ▼ 65 · 15m
00:23 KSA · AFTER   · signal     · U-USD · brk ▼ 57 · 15m
00:23 KSA · AFTER   · signal     · TAO-USD · orb ▼ 75 · 15m
00:23 KSA · AFTER   · signal     · TAO-USD · brk ▼ 70 · 15m
00:23 KSA · AFTER   · signal     · TAO-USD · sqzExp ▼ 90 · 1h
00:23 KSA · AFTER   · signal     · THE-USD · brk ▼ 68 · 15m
00:23 KSA · AFTER   · signal     · TRUMP-USD · brk ▼ 61 · 15m
00:23 KSA · AFTER   · signal     · TRUMP-USD · sqzExp ▼ 65 · 1h
00:23 KSA · AFTER   · signal     · EUR-USD · sqzExp ▼ 60 · 1h
00:23 KSA · AFTER   · signal     · ARB-USD · orb ▼ 57 · 15m
00:23 KSA · AFTER   · signal     · BANK-USD · vwapRec ▼ 57 · 15m
00:23 KSA · AFTER   · signal     · BANK-USD · brk ▼ 75 · 15m
00:23 KSA · AFTER   · signal     · TON-USD · brk ▼ 61 · 15m
00:23 KSA · AFTER   · signal     · SENT-USD · orb ▼ 55 · 15m
00:23 KSA · AFTER   · signal     · PENGU-USD · brk ▼ 57 · 15m
00:23 KSA · AFTER   · signal     · PENGU-USD · sqzExp ▼ 90 · 1h
00:23 KSA · AFTER   · signal     · WLFI-USD · sqzExp ▼ 100 · 1h
00:23 KSA · AFTER   · signal     · ASTER-USD · sqzExp ▼ 88 · 1h
00:25 KSA · AFTER   · scanner    · بدء المسح · 1153 رمزاً · الجلسة AFTER
00:25 KSA · AFTER   · signal     · TXN · orb ▼ 82 · 15m · جلسة ممتدة
00:25 KSA · AFTER   · signal     · FTNT · brk ▼ 100 · 15m · جلسة ممتدة
00:25 KSA · AFTER   · signal     · T-USD · brk ▲ 100 · 15m
00:25 KSA · AFTER   · signal     · UNI-USD · orb ▲ 60 · 15m
00:25 KSA · AFTER   · signal     · SUI-USD · orb ▲ 68 · 15m
00:25 KSA · AFTER   · signal     · TRUMP-USD · orb ▲ 75 · 15m
00:25 KSA · AFTER   · signal     · PENGU-USD · orb ▲ 75 · 15m
00:25 KSA · AFTER   · signal     · WLFI-USD · vwapRec ▲ 55 · 15m
00:25 KSA · AFTER   · signal     · ASTER-USD · orb ▲ 68 · 15m
00:26 KSA · AFTER   · scanner    · بدء المسح · 1153 رمزاً · الجلسة AFTER
00:26 KSA · AFTER   · signal     · MCHP · orb ▲ 86 · 15m · جلسة ممتدة
00:28 KSA · AFTER   · scanner    · بدء المسح · 1153 رمزاً · الجلسة AFTER
00:28 KSA · AFTER   · signal     · ARB-USD · brk ▲ 69 · 15m
00:28 KSA · AFTER   · signal     · BANK-USD · vwapRec ▼ 100 · 15m
00:28 KSA · AFTER   · signal     · WLFI-USD · orb ▲ 82 · 15m
00:30 KSA · AFTER   · scanner    · بدء المسح · 1153 رمزاً · الجلسة AFTER
00:30 KSA · AFTER   · signal     · FTNT · orb ▲ 100 · 15m · جلسة ممتدة
00:30 KSA · AFTER   · signal     · ADP · brk ▼ 81 · 15m · جلسة ممتدة
00:32 KSA · AFTER   · scanner    · بدء المسح · 1153 رمزاً · الجلسة AFTER
00:32 KSA · AFTER   · signal     · GILD · volSpike ▼ 56 · 15m · جلسة ممتدة
00:32 KSA · AFTER   · signal     · CDNS · vwapRec ▼ 60 · 15m · جلسة ممتدة
00:32 KSA · AFTER   · signal     · NEAR-USD · rsiDiv ▼ 67 · 15m
00:32 KSA · AFTER   · signal     · UNI-USD · sqzExp ▼ 85 · 1h
00:32 KSA · AFTER   · signal     · SUI-USD · sqzExp ▼ 88 · 1h
00:32 KSA · AFTER   · signal     · TAO-USD · orb ▼ 60 · 15m
00:32 KSA · AFTER   · signal     · TAO-USD · brk ▼ 55 · 15m
00:32 KSA · AFTER   · signal     · TAO-USD · sqzExp ▼ 90 · 1h
00:32 KSA · AFTER   · signal     · THE-USD · brk ▼ 68 · 15m
00:32 KSA · AFTER   · signal     · TRUMP-USD · brk ▼ 61 · 15m
00:32 KSA · AFTER   · signal     · TRUMP-USD · sqzExp ▼ 65 · 1h
00:32 KSA · AFTER   · signal     · EUR-USD · sqzExp ▼ 60 · 1h
00:32 KSA · AFTER   · signal     · ARB-USD · orb ▼ 57 · 15m
00:32 KSA · AFTER   · signal     · BANK-USD · brk ▼ 64 · 15m
00:32 KSA · AFTER   · signal     · TON-USD · brk ▼ 61 · 15m
00:32 KSA · AFTER   · signal     · SENT-USD · orb ▼ 55 · 15m
00:32 KSA · AFTER   · signal     · PENGU-USD · sqzExp ▼ 90 · 1h
00:32 KSA · AFTER   · signal     · WLFI-USD · sqzExp ▼ 100 · 1h
00:32 KSA · AFTER   · signal     · ASTER-USD · sqzExp ▼ 88 · 1h
00:34 KSA · AFTER   · scanner    · بدء المسح · 1153 رمزاً · الجلسة AFTER
00:34 KSA · AFTER   · signal     · PLTR · vwapRec ▼ 79 · 15m · جلسة ممتدة
00:34 KSA · AFTER   · signal     · ADP · brk ▼ 81 · 15m · جلسة ممتدة
00:34 KSA · AFTER   · signal     · NXPI · vwapRec ▼ 57 · 15m · جلسة ممتدة
00:34 KSA · AFTER   · signal     · UNI-USD · orb ▲ 60 · 15m
00:34 KSA · AFTER   · signal     · SUI-USD · orb ▲ 60 · 15m
00:34 KSA · AFTER   · signal     · TRUMP-USD · orb ▲ 75 · 15m
00:34 KSA · AFTER   · signal     · PENGU-USD · orb ▲ 75 · 15m
00:34 KSA · AFTER   · signal     · WLFI-USD · orb ▲ 65 · 15m
00:34 KSA · AFTER   · signal     · ASTER-USD · orb ▲ 68 · 15m
00:37 KSA · AFTER   · scanner    · بدء المسح · 1153 رمزاً · الجلسة AFTER
00:37 KSA · AFTER   · signal     · MU · orb ▲ 82 · 15m · جلسة ممتدة
00:37 KSA · AFTER   · signal     · AMAT · orb ▲ 82 · 15m · جلسة ممتدة
00:37 KSA · AFTER   · signal     · LIN · vwapRec ▲ 57 · 15m · جلسة ممتدة
00:37 KSA · AFTER   · signal     · G-USD · meanRev ▼ 100 · 1d
00:38 KSA · AFTER   · scanner    · بدء المسح · 1153 رمزاً · الجلسة AFTER
00:38 KSA · AFTER   · signal     · MARSCOIN-USD · brk ▼ 69 · 15m
00:38 KSA · AFTER   · signal     · CYBER-USD · meanRev ▲ 100 · 1d
00:40 KSA · AFTER   · scanner    · بدء المسح · 1153 رمزاً · الجلسة AFTER
00:40 KSA · AFTER   · signal     · NVDA · orb ▲ 64 · 15m · جلسة ممتدة
00:40 KSA · AFTER   · signal     · BA · vwapRec ▲ 79 · 15m · جلسة ممتدة
00:43 KSA · AFTER   · scanner    · بدء المسح · 1153 رمزاً · الجلسة AFTER
00:43 KSA · AFTER   · signal     · VRT · vwapRec ▼ 65 · 15m · جلسة ممتدة
00:43 KSA · AFTER   · signal     · MARSCOIN-USD · momo ▼ 93 · 1h
00:43 KSA · AFTER   · signal     · UNI-USD · sqzExp ▼ 85 · 1h
00:43 KSA · AFTER   · signal     · SUI-USD · sqzExp ▼ 88 · 1h
00:43 KSA · AFTER   · signal     · TAO-USD · orb ▼ 60 · 15m
00:43 KSA · AFTER   · signal     · TAO-USD · brk ▼ 55 · 15m
00:43 KSA · AFTER   · signal     · TAO-USD · sqzExp ▼ 90 · 1h
00:43 KSA · AFTER   · signal     · THE-USD · brk ▼ 68 · 15m
00:43 KSA · AFTER   · signal     · TRUMP-USD · brk ▼ 61 · 15m
00:43 KSA · AFTER   · signal     · TRUMP-USD · sqzExp ▼ 65 · 1h
00:43 KSA · AFTER   · signal     · EUR-USD · sqzExp ▼ 60 · 1h
00:43 KSA · AFTER   · signal     · ARB-USD · orb ▼ 57 · 15m
00:43 KSA · AFTER   · signal     · BANK-USD · brk ▼ 64 · 15m
00:43 KSA · AFTER   · signal     · TON-USD · brk ▼ 61 · 15m
00:43 KSA · AFTER   · signal     · SENT-USD · orb ▼ 55 · 15m
00:43 KSA · AFTER   · signal     · PENGU-USD · sqzExp ▼ 90 · 1h
00:43 KSA · AFTER   · signal     · WLFI-USD · sqzExp ▼ 100 · 1h
00:43 KSA · AFTER   · signal     · ASTER-USD · sqzExp ▼ 88 · 1h
00:44 KSA · AFTER   · scanner    · بدء المسح · 1153 رمزاً · الجلسة AFTER
00:44 KSA · AFTER   · signal     · MSFT · orb ▲ 82 · 15m · جلسة ممتدة
00:44 KSA · AFTER   · signal     · INTC · orb ▲ 100 · 15m · جلسة ممتدة
00:44 KSA · AFTER   · signal     · ADP · brk ▼ 81 · 15m · جلسة ممتدة
00:44 KSA · AFTER   · signal     · CEG · orb ▲ 100 · 15m · جلسة ممتدة
00:44 KSA · AFTER   · signal     · HONA · orb ▲ 64 · 15m · جلسة ممتدة
00:44 KSA · AFTER   · signal     · SUI-USD · orb ▲ 68 · 15m
00:44 KSA · AFTER   · signal     · TRUMP-USD · orb ▲ 55 · 15m
00:44 KSA · AFTER   · signal     · BANK-USD · vwapRec ▲ 78 · 15m
00:44 KSA · AFTER   · signal     · PENGU-USD · orb ▲ 65 · 15m
00:44 KSA · AFTER   · signal     · WLFI-USD · vwapRec ▲ 55 · 15m
00:44 KSA · AFTER   · signal     · ASTER-USD · orb ▲ 68 · 15m
00:44 KSA · AFTER   · signal     · CVS · brk ▼ 69 · 1d · جلسة ممتدة
00:46 KSA · AFTER   · scanner    · بدء المسح · 1153 رمزاً · الجلسة AFTER
00:46 KSA · AFTER   · signal     · GOOG · orb ▲ 82 · 15m · جلسة ممتدة
00:46 KSA · AFTER   · signal     · CAKE-USD · brk ▲ 100 · 15m
00:48 KSA · AFTER   · scanner    · بدء المسح · 1153 رمزاً · الجلسة AFTER
00:48 KSA · AFTER   · signal     · MCHP · orb ▲ 64 · 15m · جلسة ممتدة
00:48 KSA · AFTER   · signal     · UNI-USD · orb ▲ 82 · 15m
00:50 KSA · AFTER   · scanner    · بدء المسح · 1153 رمزاً · الجلسة AFTER
00:50 KSA · AFTER   · signal     · FTNT · vwapRec ▲ 57 · 15m · جلسة ممتدة
00:52 KSA · AFTER   · scanner    · بدء المسح · 1153 رمزاً · الجلسة AFTER
00:52 KSA · AFTER   · signal     · ORCL · vwapRec ▼ 74 · 15m · جلسة ممتدة
00:52 KSA · AFTER   · signal     · VRT · vwapRec ▼ 70 · 15m · جلسة ممتدة
00:52 KSA · AFTER   · signal     · UNI-USD · brk ▼ 57 · 15m
00:52 KSA · AFTER   · signal     · UNI-USD · sqzExp ▼ 85 · 1h
00:52 KSA · AFTER   · signal     · SUI-USD · sqzExp ▼ 88 · 1h
00:52 KSA · AFTER   · signal     · TAO-USD · orb ▼ 60 · 15m
00:52 KSA · AFTER   · signal     · TAO-USD · brk ▼ 61 · 15m
00:52 KSA · AFTER   · signal     · TAO-USD · sqzExp ▼ 90 · 1h
00:52 KSA · AFTER   · signal     · THE-USD · brk ▼ 55 · 15m
00:52 KSA · AFTER   · signal     · TRUMP-USD · brk ▼ 61 · 15m
00:52 KSA · AFTER   · signal     · TRUMP-USD · sqzExp ▼ 65 · 1h
00:52 KSA · AFTER   · signal     · EUR-USD · sqzExp ▼ 60 · 1h
00:52 KSA · AFTER   · signal     · ARB-USD · orb ▼ 57 · 15m
00:52 KSA · AFTER   · signal     · ARB-USD · brk ▼ 55 · 15m
00:52 KSA · AFTER   · signal     · BANK-USD · brk ▼ 64 · 15m
00:52 KSA · AFTER   · signal     · TON-USD · brk ▼ 61 · 15m
00:52 KSA · AFTER   · signal     · SENT-USD · orb ▼ 55 · 15m
00:52 KSA · AFTER   · signal     · PENGU-USD · brk ▼ 57 · 15m
00:52 KSA · AFTER   · signal     · PENGU-USD · sqzExp ▼ 90 · 1h
00:52 KSA · AFTER   · signal     · WLFI-USD · orb ▼ 60 · 15m
00:52 KSA · AFTER   · signal     · WLFI-USD · sqzExp ▼ 100 · 1h
00:52 KSA · AFTER   · signal     · ASTER-USD · sqzExp ▼ 88 · 1h
00:54 KSA · AFTER   · scanner    · بدء المسح · 1153 رمزاً · الجلسة AFTER
00:54 KSA · AFTER   · signal     · AVGO · orb ▲ 100 · 15m · جلسة ممتدة
00:54 KSA · AFTER   · signal     · LRCX · orb ▲ 82 · 15m · جلسة ممتدة
00:54 KSA · AFTER   · signal     · ADP · brk ▼ 81 · 15m · جلسة ممتدة
00:54 KSA · AFTER   · signal     · KKR · vwapRec ▲ 57 · 15m · جلسة ممتدة
00:54 KSA · AFTER   · signal     · XRP-USD · orb ▲ 82 · 15m
00:54 KSA · AFTER   · signal     · MDLZ · orb ▼ 100 · 15m · جلسة ممتدة
00:54 KSA · AFTER   · signal     · NXPI · vwapRec ▲ 57 · 15m · جلسة ممتدة
00:54 KSA · AFTER   · signal     · PENDLE-USD · orb ▲ 64 · 15m
00:54 KSA · AFTER   · signal     · UNI-USD · orb ▲ 70 · 15m
00:54 KSA · AFTER   · signal     · SUI-USD · orb ▲ 83 · 15m
00:54 KSA · AFTER   · signal     · TRUMP-USD · orb ▲ 75 · 15m
00:54 KSA · AFTER   · signal     · BANK-USD · vwapRec ▲ 85 · 15m
00:54 KSA · AFTER   · signal     · PENGU-USD · orb ▲ 75 · 15m
00:54 KSA · AFTER   · signal     · ASTER-USD · orb ▲ 75 · 15m
00:56 KSA · AFTER   · scanner    · بدء المسح · 1153 رمزاً · الجلسة AFTER
00:56 KSA · AFTER   · signal     · CEG · meanRev ▼ 100 · 15m · جلسة ممتدة
00:58 KSA · AFTER   · scanner    · بدء المسح · 1153 رمزاً · الجلسة AFTER
00:58 KSA · AFTER   · signal     · FCX · vwapRec ▼ 57 · 15m · جلسة ممتدة
00:58 KSA · AFTER   · signal     · FCX · pbTrend ▲ 57 · 1h · جلسة ممتدة
00:58 KSA · AFTER   · signal     · WLFI-USD · orb ▲ 100 · 15m
01:00 KSA · AFTER   · scanner    · بدء المسح · 1153 رمزاً · الجلسة AFTER
01:00 KSA · AFTER   · signal     · ADP · orb ▼ 100 · 15m · جلسة ممتدة
01:00 KSA · AFTER   · signal     · DDOG · orb ▼ 100 · 15m · جلسة ممتدة
01:00 KSA · AFTER   · signal     · DDOG · brk ▼ 100 · 15m · جلسة ممتدة
01:00 KSA · AFTER   · signal     · U-USD · orb ▼ 100 · 15m
01:00 KSA · AFTER   · signal     · U-USD · vwapRec ▼ 100 · 15m
01:00 KSA · AFTER   · signal     · U-USD · brk ▼ 100 · 15m
01:00 KSA · AFTER   · signal     · THE-USD · brk ▲ 69 · 15m
01:00 KSA · AFTER   · signal     · TDG · meanRev ▲ 100 · 1d · جلسة ممتدة
01:02 KSA · AFTER   · scanner    · بدء المسح · 1153 رمزاً · الجلسة AFTER
01:02 KSA · AFTER   · signal     · VRT · vwapRec ▼ 55 · 15m · جلسة ممتدة
01:02 KSA · AFTER   · signal     · XRP-USD · vwapRec ▲ 60 · 15m
01:02 KSA · AFTER   · signal     · NXPI · volSpike ▼ 67 · 15m · جلسة ممتدة
01:02 KSA · AFTER   · signal     · ADA-USD · vwapRec ▲ 68 · 15m
01:02 KSA · AFTER   · signal     · UNI-USD · sqzExp ▼ 85 · 1h
01:02 KSA · AFTER   · signal     · SUI-USD · sqzExp ▼ 88 · 1h
01:02 KSA · AFTER   · signal     · TAO-USD · orb ▼ 60 · 15m
01:02 KSA · AFTER   · signal     · TAO-USD · sqzExp ▼ 90 · 1h
01:02 KSA · AFTER   · signal     · TRUMP-USD · sqzExp ▼ 65 · 1h
01:02 KSA · AFTER   · signal     · EUR-USD · sqzExp ▼ 60 · 1h
01:02 KSA · AFTER   · signal     · BANK-USD · orb ▼ 78 · 15m
01:02 KSA · AFTER   · signal     · BANK-USD · brk ▼ 59 · 15m
01:02 KSA · AFTER   · signal     · TON-USD · brk ▼ 61 · 15m
01:02 KSA · AFTER   · signal     · SENT-USD · orb ▼ 55 · 15m
01:02 KSA · AFTER   · signal     · PENGU-USD · sqzExp ▼ 90 · 1h
01:02 KSA · AFTER   · signal     · WLFI-USD · sqzExp ▼ 100 · 1h
01:02 KSA · AFTER   · signal     · ASTER-USD · sqzExp ▼ 88 · 1h
01:04 KSA · AFTER   · scanner    · بدء المسح · 1153 رمزاً · الجلسة AFTER
01:04 KSA · AFTER   · signal     · BTC-USD · vwapRec ▼ 100 · 15m
01:04 KSA · AFTER   · signal     · LIN · meanRev ▲ 100 · 15m · جلسة ممتدة
01:04 KSA · AFTER   · signal     · ADP · orb ▼ 100 · 15m · جلسة ممتدة
01:04 KSA · AFTER   · signal     · ADP · brk ▼ 63 · 15m · جلسة ممتدة
01:04 KSA · AFTER   · signal     · MRNA · orb ▲ 64 · 15m · جلسة ممتدة
01:04 KSA · AFTER   · signal     · SWKS · brk ▼ 69 · 15m · جلسة ممتدة
01:04 KSA · AFTER   · signal     · LSK-USD · brk ▼ 100 · 15m
01:04 KSA · AFTER   · signal     · SUI-USD · orb ▲ 68 · 15m
01:04 KSA · AFTER   · signal     · TRUMP-USD · orb ▲ 55 · 15m
01:04 KSA · AFTER   · signal     · BANK-USD · vwapRec ▲ 78 · 15m
01:04 KSA · AFTER   · signal     · WLFI-USD · orb ▲ 65 · 15m
01:04 KSA · AFTER   · signal     · ASTER-USD · orb ▲ 68 · 15m
01:07 KSA · AFTER   · scanner    · بدء المسح · 1153 رمزاً · الجلسة AFTER
01:07 KSA · AFTER   · signal     · XRP-USD · pbTrend ▲ 57 · 1h
01:07 KSA · AFTER   · signal     · LSK-USD · vwapRec ▼ 100 · 15m
01:07 KSA · AFTER   · signal     · 牛来-USD · brk ▼ 100 · 15m
01:10 KSA · AFTER   · scanner    · بدء المسح · 1153 رمزاً · الجلسة AFTER
01:10 KSA · AFTER   · signal     · AMGN · orb ▼ 100 · 15m · جلسة ممتدة
01:13 KSA · AFTER   · scanner    · بدء المسح · 1153 رمزاً · الجلسة AFTER
01:13 KSA · AFTER   · signal     · BX · vwapRec ▼ 55 · 15m · جلسة ممتدة
01:13 KSA · AFTER   · signal     · VRT · vwapRec ▼ 65 · 15m · جلسة ممتدة
01:13 KSA · AFTER   · signal     · UNI-USD · orb ▼ 55 · 15m
01:13 KSA · AFTER   · signal     · UNI-USD · sqzExp ▼ 85 · 1h
01:13 KSA · AFTER   · signal     · SUI-USD · sqzExp ▼ 88 · 1h
01:13 KSA · AFTER   · signal     · TAO-USD · orb ▼ 60 · 15m
01:13 KSA · AFTER   · signal     · TAO-USD · sqzExp ▼ 90 · 1h
01:13 KSA · AFTER   · signal     · THE-USD · brk ▼ 55 · 15m
01:13 KSA · AFTER   · signal     · TRUMP-USD · sqzExp ▼ 65 · 1h
01:13 KSA · AFTER   · signal     · EUR-USD · sqzExp ▼ 60 · 1h
01:13 KSA · AFTER   · signal     · BANK-USD · brk ▼ 59 · 15m
01:13 KSA · AFTER   · signal     · TON-USD · brk ▼ 61 · 15m
01:13 KSA · AFTER   · signal     · SENT-USD · orb ▼ 55 · 15m
01:13 KSA · AFTER   · signal     · PENGU-USD · orb ▼ 60 · 15m
01:13 KSA · AFTER   · signal     · PENGU-USD · sqzExp ▼ 90 · 1h
01:13 KSA · AFTER   · signal     · WLFI-USD · sqzExp ▼ 100 · 1h
01:13 KSA · AFTER   · signal     · ASTER-USD · sqzExp ▼ 88 · 1h
01:14 KSA · AFTER   · scanner    · بدء المسح · 1153 رمزاً · الجلسة AFTER
01:14 KSA · AFTER   · signal     · ABBV · orb ▼ 86 · 15m · جلسة ممتدة
01:14 KSA · AFTER   · signal     · STX · orb ▼ 64 · 15m · جلسة ممتدة
01:14 KSA · AFTER   · signal     · UNP · brk ▼ 69 · 15m · جلسة ممتدة
01:14 KSA · AFTER   · signal     · ADP · orb ▼ 100 · 15m · جلسة ممتدة
01:14 KSA · AFTER   · signal     · ADP · brk ▼ 63 · 15m · جلسة ممتدة
01:14 KSA · AFTER   · signal     · MARSCOIN-USD · orb ▲ 64 · 15m
01:14 KSA · AFTER   · signal     · SUI-USD · orb ▲ 68 · 15m
01:14 KSA · AFTER   · signal     · TRUMP-USD · orb ▲ 75 · 15m
01:14 KSA · AFTER   · signal     · BANK-USD · vwapRec ▲ 85 · 15m
01:14 KSA · AFTER   · signal     · WLFI-USD · orb ▲ 75 · 15m
01:14 KSA · AFTER   · signal     · ASTER-USD · orb ▲ 68 · 15m
01:14 KSA · AFTER   · signal     · FDXF · brk ▼ 69 · 1d · جلسة ممتدة
01:16 KSA · AFTER   · scanner    · بدء المسح · 1153 رمزاً · الجلسة AFTER
01:16 KSA · AFTER   · signal     · BTC-USD · orb ▲ 82 · 15m
01:16 KSA · AFTER   · signal     · MA · vwapRec ▼ 65 · 15m · جلسة ممتدة
01:16 KSA · AFTER   · signal     · CB · orb ▼ 73 · 15m · جلسة ممتدة
01:16 KSA · AFTER   · signal     · PWR · vwapRec ▲ 57 · 15m · جلسة ممتدة
01:16 KSA · AFTER   · signal     · SHW · orb ▼ 100 · 15m · جلسة ممتدة
01:16 KSA · AFTER   · signal     · HPE · orb ▲ 82 · 15m · جلسة ممتدة
01:18 KSA · AFTER   · scanner    · بدء المسح · 1153 رمزاً · الجلسة AFTER
01:18 KSA · AFTER   · signal     · ACN · orb ▼ 71 · 15m · جلسة ممتدة
01:18 KSA · AFTER   · signal     · SYK · orb ▲ 73 · 15m · جلسة ممتدة
01:18 KSA · AFTER   · signal     · U-USD · pbTrend ▲ 79 · 1h
01:20 KSA · AFTER   · scanner    · بدء المسح · 1153 رمزاً · الجلسة AFTER
01:20 KSA · AFTER   · signal     · MS · brk ▼ 69 · 15m · جلسة ممتدة
01:20 KSA · AFTER   · signal     · HONA · orb ▲ 86 · 15m · جلسة ممتدة
01:20 KSA · AFTER   · signal     · HONA · brk ▲ 100 · 15m · جلسة ممتدة
01:23 KSA · AFTER   · scanner    · بدء المسح · 1153 رمزاً · الجلسة AFTER
01:23 KSA · AFTER   · signal     · VRT · vwapRec ▼ 65 · 15m · جلسة ممتدة
01:23 KSA · AFTER   · signal     · CAKE-USD · rsiDiv ▼ 72 · 15m
01:23 KSA · AFTER   · signal     · LSK-USD · momo ▼ 69 · 1h
01:23 KSA · AFTER   · signal     · UNI-USD · orb ▼ 63 · 15m
01:23 KSA · AFTER   · signal     · UNI-USD · sqzExp ▼ 70 · 1h
01:23 KSA · AFTER   · signal     · SUI-USD · sqzExp ▼ 80 · 1h
01:23 KSA · AFTER   · signal     · U-USD · tfAlign ▲ 74 · 1d
01:23 KSA · AFTER   · signal     · PEPE-USD · brk ▲ 55 · 15m
01:23 KSA · AFTER   · signal     · TAO-USD · orb ▼ 60 · 15m
01:23 KSA · AFTER   · signal     · TAO-USD · sqzExp ▼ 83 · 1h
01:23 KSA · AFTER   · signal     · THE-USD · brk ▼ 61 · 15m
01:23 KSA · AFTER   · signal     · TRUMP-USD · brk ▼ 55 · 15m
01:23 KSA · AFTER   · signal     · TRUMP-USD · sqzExp ▼ 57 · 1h
01:23 KSA · AFTER   · signal     · EUR-USD · sqzExp ▼ 68 · 1h
01:23 KSA · AFTER   · signal     · HOLO-USD · tfAlign ▼ 79 · 1d
01:23 KSA · AFTER   · signal     · TON-USD · brk ▼ 61 · 15m
01:23 KSA · AFTER   · signal     · SENT-USD · orb ▼ 63 · 15m
01:23 KSA · AFTER   · signal     · PENGU-USD · orb ▼ 60 · 15m
01:23 KSA · AFTER   · signal     · PENGU-USD · sqzExp ▼ 75 · 1h
01:23 KSA · AFTER   · signal     · WLFI-USD · sqzExp ▼ 85 · 1h
01:23 KSA · AFTER   · signal     · ASTER-USD · sqzExp ▼ 88 · 1h
01:24 KSA · AFTER   · scanner    · بدء المسح · 1153 رمزاً · الجلسة AFTER
01:24 KSA · AFTER   · signal     · TSLA · orb ▲ 64 · 15m · جلسة ممتدة
01:24 KSA · AFTER   · signal     · ABBV · orb ▼ 100 · 15m · جلسة ممتدة
01:24 KSA · AFTER   · signal     · PG · orb ▼ 100 · 15m · جلسة ممتدة
01:24 KSA · AFTER   · signal     · GILD · brk ▼ 81 · 15m · جلسة ممتدة
01:24 KSA · AFTER   · signal     · ISRG · vwapRec ▲ 57 · 15m · جلسة ممتدة
01:24 KSA · AFTER   · signal     · SYK · orb ▲ 73 · 15m · جلسة ممتدة
01:24 KSA · AFTER   · signal     · ADP · orb ▼ 100 · 15m · جلسة ممتدة
01:24 KSA · AFTER   · signal     · ADP · brk ▼ 63 · 15m · جلسة ممتدة
01:24 KSA · AFTER   · signal     · DDOG · orb ▼ 100 · 15m · جلسة ممتدة
01:24 KSA · AFTER   · signal     · DDOG · brk ▼ 100 · 15m · جلسة ممتدة
01:24 KSA · AFTER   · signal     · NSC · meanRev ▲ 100 · 15m · جلسة ممتدة
01:24 KSA · AFTER   · signal     · NSC · sqzExp ▼ 100 · 1h · جلسة ممتدة
01:24 KSA · AFTER   · signal     · HONA · orb ▲ 86 · 15m · جلسة ممتدة
01:24 KSA · AFTER   · signal     · HONA · brk ▲ 100 · 15m · جلسة ممتدة
01:24 KSA · AFTER   · signal     · HPQ · vwapRec ▲ 57 · 15m · جلسة ممتدة
01:24 KSA · AFTER   · signal     · SUI-USD · orb ▲ 75 · 15m
01:24 KSA · AFTER   · signal     · PEPE-USD · orb ▼ 57 · 15m
01:24 KSA · AFTER   · signal     · BANK-USD · vwapRec ▲ 70 · 15m
01:24 KSA · AFTER   · signal     · WLFI-USD · orb ▲ 65 · 15m
01:24 KSA · AFTER   · signal     · ASTER-USD · orb ▲ 68 · 15m
01:26 KSA · AFTER   · scanner    · بدء المسح · 1153 رمزاً · الجلسة AFTER
01:26 KSA · AFTER   · signal     · DVN · vwapRec ▼ 57 · 15m · جلسة ممتدة
01:26 KSA · AFTER   · signal     · PENGU-USD · orb ▲ 64 · 15m
01:28 KSA · AFTER   · scanner    · بدء المسح · 1153 رمزاً · الجلسة AFTER
01:28 KSA · AFTER   · signal     · JNJ · orb ▼ 100 · 15m · جلسة ممتدة
01:28 KSA · AFTER   · signal     · ANET · vwapRec ▲ 57 · 15m · جلسة ممتدة
01:28 KSA · AFTER   · signal     · U-USD · pbTrend ▲ 79 · 1h
01:30 KSA · AFTER   · scanner    · بدء المسح · 1153 رمزاً · الجلسة AFTER
01:30 KSA · AFTER   · signal     · V · orb ▲ 82 · 15m · جلسة ممتدة
01:30 KSA · AFTER   · signal     · PANW · orb ▲ 82 · 15m · جلسة ممتدة
01:32 KSA · AFTER   · scanner    · بدء المسح · 1153 رمزاً · الجلسة AFTER
01:32 KSA · AFTER   · signal     · ORCL · vwapRec ▼ 74 · 15m · جلسة ممتدة
01:32 KSA · AFTER   · signal     · VRTX · vwapRec ▲ 59 · 15m · جلسة ممتدة
01:32 KSA · AFTER   · signal     · FCX · volSpike ▲ 94 · 15m · جلسة ممتدة
01:32 KSA · AFTER   · signal     · VRT · vwapRec ▼ 65 · 15m · جلسة ممتدة
01:32 KSA · AFTER   · signal     · IOTA-USD · orb ▼ 55 · 15m
01:32 KSA · AFTER   · signal     · UNI-USD · orb ▼ 55 · 15m
01:32 KSA · AFTER   · signal     · UNI-USD · brk ▼ 57 · 15m
01:32 KSA · AFTER   · signal     · UNI-USD · sqzExp ▼ 70 · 1h
01:32 KSA · AFTER   · signal     · SUI-USD · sqzExp ▼ 80 · 1h
01:32 KSA · AFTER   · signal     · TAO-USD · orb ▼ 60 · 15m
01:32 KSA · AFTER   · signal     · TAO-USD · brk ▼ 55 · 15m
01:32 KSA · AFTER   · signal     · TAO-USD · sqzExp ▼ 83 · 1h
01:32 KSA · AFTER   · signal     · THE-USD · brk ▼ 55 · 15m
01:32 KSA · AFTER   · signal     · TRUMP-USD · orb ▼ 60 · 15m
01:32 KSA · AFTER   · signal     · TRUMP-USD · brk ▼ 61 · 15m
01:32 KSA · AFTER   · signal     · TRUMP-USD · sqzExp ▼ 57 · 1h
01:32 KSA · AFTER   · signal     · EUR-USD · sqzExp ▼ 68 · 1h
01:32 KSA · AFTER   · signal     · TON-USD · brk ▼ 61 · 15m
01:32 KSA · AFTER   · signal     · SENT-USD · orb ▼ 63 · 15m
01:32 KSA · AFTER   · signal     · SENT-USD · brk ▼ 55 · 15m
01:32 KSA · AFTER   · signal     · PENGU-USD · brk ▼ 57 · 15m
01:32 KSA · AFTER   · signal     · PENGU-USD · sqzExp ▼ 75 · 1h
01:32 KSA · AFTER   · signal     · WLFI-USD · brk ▼ 55 · 15m
01:32 KSA · AFTER   · signal     · WLFI-USD · sqzExp ▼ 85 · 1h
01:32 KSA · AFTER   · signal     · ASTER-USD · sqzExp ▼ 88 · 1h
01:34 KSA · AFTER   · scanner    · بدء المسح · 1153 رمزاً · الجلسة AFTER
01:34 KSA · AFTER   · signal     · ABBV · orb ▼ 100 · 15m · جلسة ممتدة
01:34 KSA · AFTER   · signal     · DIS · orb ▲ 100 · 15m · جلسة ممتدة
01:34 KSA · AFTER   · signal     · GILD · brk ▼ 81 · 15m · جلسة ممتدة
01:34 KSA · AFTER   · signal     · BLK · vwapRec ▲ 57 · 15m · جلسة ممتدة
01:34 KSA · AFTER   · signal     · ADP · brk ▼ 81 · 15m · جلسة ممتدة
01:34 KSA · AFTER   · signal     · DDOG · orb ▼ 100 · 15m · جلسة ممتدة
01:34 KSA · AFTER   · signal     · DDOG · brk ▼ 100 · 15m · جلسة ممتدة
01:34 KSA · AFTER   · signal     · HONA · orb ▲ 86 · 15m · جلسة ممتدة
01:34 KSA · AFTER   · signal     · HONA · brk ▲ 100 · 15m · جلسة ممتدة
01:34 KSA · AFTER   · signal     · SUI-USD · orb ▲ 68 · 15m
01:34 KSA · AFTER   · signal     · BANK-USD · vwapRec ▲ 70 · 15m
01:34 KSA · AFTER   · signal     · ASTER-USD · orb ▲ 68 · 15m
01:34 KSA · AFTER   · signal     · BF-B · sqzExp ▼ 100 · 1d · جلسة ممتدة
01:37 KSA · AFTER   · scanner    · بدء المسح · 1153 رمزاً · الجلسة AFTER
01:37 KSA · AFTER   · signal     · GOOGL · vwapRec ▲ 79 · 15m · جلسة ممتدة
01:37 KSA · AFTER   · signal     · GILD · vwapRec ▲ 57 · 15m · جلسة ممتدة
01:37 KSA · AFTER   · signal     · FTNT · brk ▼ 100 · 15m · جلسة ممتدة
01:37 KSA · AFTER   · signal     · SYK · orb ▲ 82 · 15m · جلسة ممتدة
01:38 KSA · AFTER   · scanner    · بدء المسح · 1153 رمزاً · الجلسة AFTER
01:38 KSA · AFTER   · signal     · TAO-USD · orb ▲ 82 · 15m
01:38 KSA · AFTER   · signal     · WLFI-USD · orb ▲ 82 · 15m
01:40 KSA · AFTER   · scanner    · بدء المسح · 1153 رمزاً · الجلسة AFTER
01:40 KSA · AFTER   · signal     · MA · orb ▲ 73 · 15m · جلسة ممتدة
01:40 KSA · AFTER   · signal     · SMCI · vwapRec ▲ 57 · 15m · جلسة ممتدة
01:40 KSA · AFTER   · signal     · QQQB-USD · vwapRec ▲ 100 · 15m
01:40 KSA · AFTER   · signal     · TRUMP-USD · orb ▲ 64 · 15m
01:40 KSA · AFTER   · signal     · PENGU-USD · orb ▲ 82 · 15m
01:42 KSA · AFTER   · scanner    · بدء المسح · 1153 رمزاً · الجلسة AFTER
01:42 KSA · AFTER   · signal     · VRT · vwapRec ▼ 65 · 15m · جلسة ممتدة
01:42 KSA · AFTER   · signal     · LSK-USD · meanRev ▲ 68 · 15m
01:42 KSA · AFTER   · signal     · UNI-USD · orb ▼ 55 · 15m
01:42 KSA · AFTER   · signal     · UNI-USD · brk ▼ 57 · 15m
01:42 KSA · AFTER   · signal     · UNI-USD · sqzExp ▼ 70 · 1h
01:42 KSA · AFTER   · signal     · SUI-USD · sqzExp ▼ 80 · 1h
01:42 KSA · AFTER   · signal     · TAO-USD · brk ▼ 55 · 15m
01:42 KSA · AFTER   · signal     · TAO-USD · sqzExp ▼ 83 · 1h
01:42 KSA · AFTER   · signal     · THE-USD · brk ▼ 55 · 15m
01:42 KSA · AFTER   · signal     · TRUMP-USD · brk ▼ 61 · 15m
01:42 KSA · AFTER   · signal     · TRUMP-USD · sqzExp ▼ 57 · 1h
01:42 KSA · AFTER   · signal     · EUR-USD · sqzExp ▼ 68 · 1h
01:42 KSA · AFTER   · signal     · TON-USD · brk ▼ 61 · 15m
01:42 KSA · AFTER   · signal     · SENT-USD · orb ▼ 63 · 15m
01:42 KSA · AFTER   · signal     · SENT-USD · brk ▼ 55 · 15m
01:42 KSA · AFTER   · signal     · PENGU-USD · brk ▼ 57 · 15m
01:42 KSA · AFTER   · signal     · PENGU-USD · sqzExp ▼ 75 · 1h
01:42 KSA · AFTER   · signal     · WLFI-USD · brk ▼ 55 · 15m
01:42 KSA · AFTER   · signal     · WLFI-USD · sqzExp ▼ 85 · 1h
01:42 KSA · AFTER   · signal     · ASTER-USD · sqzExp ▼ 88 · 1h
01:44 KSA · AFTER   · scanner    · بدء المسح · 1153 رمزاً · الجلسة AFTER
01:44 KSA · AFTER   · signal     · GOOGL · vwapRec ▲ 79 · 15m · جلسة ممتدة
01:44 KSA · AFTER   · signal     · GOOG · pbTrend ▼ 57 · 1h · جلسة ممتدة
01:44 KSA · AFTER   · signal     · AMD · orb ▲ 86 · 15m · جلسة ممتدة
01:44 KSA · AFTER   · signal     · MA · orb ▲ 86 · 15m · جلسة ممتدة
01:44 KSA · AFTER   · signal     · ABBV · orb ▼ 86 · 15m · جلسة ممتدة
01:44 KSA · AFTER   · signal     · GILD · brk ▼ 100 · 15m · جلسة ممتدة
01:44 KSA · AFTER   · signal     · CB · orb ▲ 100 · 15m · جلسة ممتدة
01:44 KSA · AFTER   · signal     · VRTX · brk ▼ 69 · 15m · جلسة ممتدة
01:44 KSA · AFTER   · signal     · FTNT · orb ▼ 100 · 15m · جلسة ممتدة
01:44 KSA · AFTER   · signal     · FTNT · brk ▼ 100 · 15m · جلسة ممتدة
01:44 KSA · AFTER   · signal     · ADP · orb ▼ 82 · 15m · جلسة ممتدة
01:44 KSA · AFTER   · signal     · ADP · brk ▼ 63 · 15m · جلسة ممتدة
01:44 KSA · AFTER   · signal     · PWR · orb ▲ 100 · 15m · جلسة ممتدة
01:44 KSA · AFTER   · signal     · LITE · meanRev ▼ 100 · 15m · جلسة ممتدة
01:44 KSA · AFTER   · signal     · MPWR · orb ▲ 100 · 15m · جلسة ممتدة
01:44 KSA · AFTER   · signal     · HONA · orb ▲ 86 · 15m · جلسة ممتدة
01:44 KSA · AFTER   · signal     · HONA · brk ▲ 100 · 15m · جلسة ممتدة
01:44 KSA · AFTER   · signal     · ADSK · orb ▲ 100 · 15m · جلسة ممتدة
01:44 KSA · AFTER   · signal     · SUI-USD · orb ▲ 68 · 15m
01:44 KSA · AFTER   · signal     · TAO-USD · orb ▲ 75 · 15m
01:44 KSA · AFTER   · signal     · TRUMP-USD · orb ▲ 65 · 15m
01:44 KSA · AFTER   · signal     · BANK-USD · vwapRec ▲ 70 · 15m
01:44 KSA · AFTER   · signal     · PENGU-USD · orb ▲ 75 · 15m
01:44 KSA · AFTER   · signal     · WLFI-USD · orb ▲ 65 · 15m
01:44 KSA · AFTER   · signal     · ASTER-USD · orb ▲ 60 · 15m
01:44 KSA · AFTER   · signal     · EMR · meanRev ▲ 100 · 1d · جلسة ممتدة
01:46 KSA · AFTER   · scanner    · بدء المسح · 1153 رمزاً · الجلسة AFTER
01:46 KSA · AFTER   · signal     · U-USD · pbTrend ▲ 79 · 1h
01:48 KSA · AFTER   · scanner    · بدء المسح · 1153 رمزاً · الجلسة AFTER
01:48 KSA · AFTER   · signal     · TMO · meanRev ▲ 100 · 15m · جلسة ممتدة
01:50 KSA · AFTER   · scanner    · بدء المسح · 1153 رمزاً · الجلسة AFTER
01:50 KSA · AFTER   · signal     · LHX · meanRev ▼ 100 · 15m · جلسة ممتدة
01:53 KSA · AFTER   · scanner    · بدء المسح · 1153 رمزاً · الجلسة AFTER
01:53 KSA · AFTER   · signal     · MSFT · vwapRec ▼ 59 · 15m · جلسة ممتدة
01:53 KSA · AFTER   · signal     · ORCL · vwapRec ▼ 74 · 15m · جلسة ممتدة
01:53 KSA · AFTER   · signal     · LRCX · vwapRec ▼ 68 · 15m · جلسة ممتدة
01:53 KSA · AFTER   · signal     · SYK · volSpike ▼ 78 · 15m · جلسة ممتدة
01:53 KSA · AFTER   · signal     · VRT · vwapRec ▼ 70 · 15m · جلسة ممتدة
01:53 KSA · AFTER   · signal     · CAKE-USD · volSpike ▲ 89 · 15m
01:53 KSA · AFTER   · signal     · UNI-USD · orb ▼ 55 · 15m
01:53 KSA · AFTER   · signal     · UNI-USD · sqzExp ▼ 70 · 1h
01:53 KSA · AFTER   · signal     · SUI-USD · sqzExp ▼ 80 · 1h
01:53 KSA · AFTER   · signal     · TAO-USD · sqzExp ▼ 83 · 1h
01:53 KSA · AFTER   · signal     · THE-USD · brk ▼ 80 · 15m
01:53 KSA · AFTER   · signal     · TRUMP-USD · sqzExp ▼ 57 · 1h
01:53 KSA · AFTER   · signal     · EUR-USD · sqzExp ▼ 68 · 1h
01:53 KSA · AFTER   · signal     · TON-USD · brk ▼ 61 · 15m
01:53 KSA · AFTER   · signal     · SENT-USD · orb ▼ 55 · 15m
01:53 KSA · AFTER   · signal     · PENGU-USD · sqzExp ▼ 75 · 1h
01:53 KSA · AFTER   · signal     · WLFI-USD · sqzExp ▼ 85 · 1h
01:53 KSA · AFTER   · signal     · ASTER-USD · sqzExp ▼ 88 · 1h
01:54 KSA · AFTER   · scanner    · بدء المسح · 1153 رمزاً · الجلسة AFTER
01:54 KSA · AFTER   · signal     · GOOGL · vwapRec ▲ 88 · 15m · جلسة ممتدة
01:54 KSA · AFTER   · signal     · AMD · orb ▲ 86 · 15m · جلسة ممتدة
01:54 KSA · AFTER   · signal     · ABBV · orb ▼ 86 · 15m · جلسة ممتدة
01:54 KSA · AFTER   · signal     · TXN · orb ▲ 100 · 15m · جلسة ممتدة
01:54 KSA · AFTER   · signal     · SNDK · orb ▲ 100 · 15m · جلسة ممتدة
01:54 KSA · AFTER   · signal     · GILD · brk ▼ 100 · 15m · جلسة ممتدة
01:54 KSA · AFTER   · signal     · STX · orb ▲ 100 · 15m · جلسة ممتدة
01:54 KSA · AFTER   · signal     · WDC · orb ▲ 100 · 15m · جلسة ممتدة
01:54 KSA · AFTER   · signal     · CB · orb ▼ 82 · 15m · جلسة ممتدة
01:54 KSA · AFTER   · signal     · VRTX · brk ▼ 69 · 15m · جلسة ممتدة
01:54 KSA · AFTER   · signal     · FTNT · orb ▲ 82 · 15m · جلسة ممتدة
01:54 KSA · AFTER   · signal     · FTNT · vwapRec ▲ 57 · 15m · جلسة ممتدة
01:54 KSA · AFTER   · signal     · SYK · vwapRec ▲ 57 · 15m · جلسة ممتدة
01:54 KSA · AFTER   · signal     · ADP · orb ▼ 82 · 15m · جلسة ممتدة
01:54 KSA · AFTER   · signal     · ADP · brk ▼ 63 · 15m · جلسة ممتدة
01:54 KSA · AFTER   · signal     · HONA · orb ▲ 86 · 15m · جلسة ممتدة
01:54 KSA · AFTER   · signal     · HONA · brk ▲ 100 · 15m · جلسة ممتدة
01:54 KSA · AFTER   · signal     · SUI-USD · orb ▲ 68 · 15m
01:54 KSA · AFTER   · signal     · PENGU-USD · orb ▲ 65 · 15m
01:54 KSA · AFTER   · signal     · WLFI-USD · orb ▲ 65 · 15m
01:54 KSA · AFTER   · signal     · ASTER-USD · orb ▲ 60 · 15m
01:56 KSA · AFTER   · scanner    · بدء المسح · 1153 رمزاً · الجلسة AFTER
01:56 KSA · AFTER   · signal     · ANET · orb ▲ 100 · 15m · جلسة ممتدة
01:56 KSA · AFTER   · signal     · BANK-USD · pbTrend ▼ 100 · 1h
01:56 KSA · AFTER   · signal     · CRH · sqzExp ▼ 100 · 1d · جلسة ممتدة
01:56 KSA · AFTER   · signal     · HIG · meanRev ▲ 100 · 1d · جلسة ممتدة
01:58 KSA · AFTER   · scanner    · بدء المسح · 1153 رمزاً · الجلسة AFTER
01:58 KSA · AFTER   · signal     · MDT · pbTrend ▲ 57 · 1h · جلسة ممتدة
01:58 KSA · AFTER   · signal     · 牛来-USD · meanRev ▲ 100 · 15m
01:58 KSA · AFTER   · signal     · TRUMP-USD · orb ▲ 64 · 15m
02:00 KSA · AFTER   · scanner    · بدء المسح · 1153 رمزاً · الجلسة AFTER
02:02 KSA · AFTER   · scanner    · بدء المسح · 1153 رمزاً · الجلسة AFTER
02:02 KSA · AFTER   · signal     · V · pbTrend ▲ 76 · 1h · جلسة ممتدة
02:02 KSA · AFTER   · signal     · LRCX · vwapRec ▼ 65 · 15m · جلسة ممتدة
02:02 KSA · AFTER   · signal     · VRT · vwapRec ▼ 65 · 15m · جلسة ممتدة
02:02 KSA · AFTER   · signal     · SOL-USD · vwapRec ▼ 65 · 15m
02:02 KSA · AFTER   · signal     · ARK-USD · orb ▲ 65 · 15m
02:02 KSA · AFTER   · signal     · UNI-USD · orb ▼ 55 · 15m
02:02 KSA · AFTER   · signal     · UNI-USD · brk ▼ 57 · 15m
02:02 KSA · AFTER   · signal     · UNI-USD · sqzExp ▼ 70 · 1h
02:02 KSA · AFTER   · signal     · SUI-USD · sqzExp ▼ 80 · 1h
02:02 KSA · AFTER   · signal     · U-USD · pbTrend ▲ 57 · 1h
02:02 KSA · AFTER   · signal     · TAO-USD · orb ▼ 60 · 15m
02:02 KSA · AFTER   · signal     · TAO-USD · brk ▼ 61 · 15m
02:02 KSA · AFTER   · signal     · TAO-USD · sqzExp ▼ 83 · 1h
02:02 KSA · AFTER   · signal     · THE-USD · brk ▼ 73 · 15m
02:02 KSA · AFTER   · signal     · THE-USD · volSpike ▲ 67 · 15m
02:02 KSA · AFTER   · signal     · TRUMP-USD · brk ▼ 55 · 15m
02:02 KSA · AFTER   · signal     · TRUMP-USD · sqzExp ▼ 57 · 1h
02:02 KSA · AFTER   · signal     · EUR-USD · sqzExp ▼ 68 · 1h
02:02 KSA · AFTER   · signal     · ARB-USD · brk ▼ 55 · 15m
02:02 KSA · AFTER   · signal     · BANK-USD · orb ▼ 78 · 15m
02:02 KSA · AFTER   · signal     · BANK-USD · brk ▼ 55 · 15m
02:02 KSA · AFTER   · signal     · TON-USD · brk ▼ 61 · 15m
02:02 KSA · AFTER   · signal     · SENT-USD · orb ▼ 70 · 15m
02:02 KSA · AFTER   · signal     · SENT-USD · brk ▼ 57 · 15m
02:02 KSA · AFTER   · signal     · PENGU-USD · brk ▼ 57 · 15m
02:02 KSA · AFTER   · signal     · PENGU-USD · sqzExp ▼ 75 · 1h
02:02 KSA · AFTER   · signal     · WLFI-USD · sqzExp ▼ 85 · 1h
02:02 KSA · AFTER   · signal     · ASTER-USD · sqzExp ▼ 88 · 1h
02:04 KSA · AFTER   · scanner    · بدء المسح · 1153 رمزاً · الجلسة AFTER
02:04 KSA · AFTER   · signal     · GOOGL · vwapRec ▲ 79 · 15m · جلسة ممتدة
02:04 KSA · AFTER   · signal     · AMD · orb ▲ 86 · 15m · جلسة ممتدة
02:04 KSA · AFTER   · signal     · JNJ · orb ▲ 82 · 15m · جلسة ممتدة
02:04 KSA · AFTER   · signal     · ABBV · orb ▼ 73 · 15m · جلسة ممتدة
02:04 KSA · AFTER   · signal     · ABBV · brk ▼ 100 · 15m · جلسة ممتدة
02:04 KSA · AFTER   · signal     · GILD · vwapRec ▲ 57 · 15m · جلسة ممتدة
02:04 KSA · AFTER   · signal     · MCD · orb ▲ 100 · 15m · جلسة ممتدة
02:04 KSA · AFTER   · signal     · VRTX · brk ▼ 69 · 15m · جلسة ممتدة
02:04 KSA · AFTER   · signal     · ADP · orb ▼ 100 · 15m · جلسة ممتدة
02:04 KSA · AFTER   · signal     · ADP · brk ▼ 63 · 15m · جلسة ممتدة
02:04 KSA · AFTER   · signal     · INTU · orb ▲ 86 · 15m · جلسة ممتدة
02:04 KSA · AFTER   · signal     · T-USD · brk ▲ 100 · 15m
02:04 KSA · AFTER   · signal     · SUI-USD · orb ▲ 73 · 15m
02:04 KSA · AFTER   · signal     · TRUMP-USD · orb ▲ 65 · 15m
02:04 KSA · AFTER   · signal     · PENGU-USD · orb ▲ 65 · 15m
02:04 KSA · AFTER   · signal     · WLFI-USD · orb ▲ 75 · 15m
02:04 KSA · AFTER   · signal     · ASTER-USD · orb ▲ 60 · 15m
02:07 KSA · AFTER   · scanner    · بدء المسح · 1153 رمزاً · الجلسة AFTER
02:07 KSA · AFTER   · signal     · BLK · meanRev ▲ 100 · 15m · جلسة ممتدة
02:07 KSA · AFTER   · signal     · CAKE-USD · brk ▲ 100 · 15m
02:07 KSA · AFTER   · signal     · T-USD · orb ▼ 64 · 15m
02:07 KSA · AFTER   · signal     · FFIV · meanRev ▼ 100 · 1d · جلسة ممتدة
02:10 KSA · AFTER   · scanner    · بدء المسح · 1153 رمزاً · الجلسة AFTER
02:10 KSA · AFTER   · signal     · LRCX · vwapRec ▼ 68 · 15m · جلسة ممتدة
02:10 KSA · AFTER   · signal     · VRT · vwapRec ▼ 65 · 15m · جلسة ممتدة
02:10 KSA · AFTER   · signal     · ZEC-USD · tfAlign ▲ 89 · 1d
02:10 KSA · AFTER   · signal     · UNI-USD · orb ▼ 55 · 15m
02:10 KSA · AFTER   · signal     · UNI-USD · brk ▼ 57 · 15m
02:10 KSA · AFTER   · signal     · UNI-USD · sqzExp ▼ 70 · 1h
02:10 KSA · AFTER   · signal     · SUI-USD · sqzExp ▼ 80 · 1h
02:10 KSA · AFTER   · signal     · U-USD · pbTrend ▲ 57 · 1h
02:10 KSA · AFTER   · signal     · TAO-USD · orb ▼ 60 · 15m
02:10 KSA · AFTER   · signal     · TAO-USD · brk ▼ 61 · 15m
02:10 KSA · AFTER   · signal     · TAO-USD · sqzExp ▼ 83 · 1h
02:10 KSA · AFTER   · signal     · THE-USD · brk ▼ 73 · 15m
02:10 KSA · AFTER   · signal     · TRUMP-USD · brk ▼ 55 · 15m
02:10 KSA · AFTER   · signal     · TRUMP-USD · sqzExp ▼ 57 · 1h
02:10 KSA · AFTER   · signal     · EUR-USD · sqzExp ▼ 68 · 1h
02:10 KSA · AFTER   · signal     · ARB-USD · brk ▼ 55 · 15m
02:10 KSA · AFTER   · signal     · BANK-USD · orb ▼ 78 · 15m
02:10 KSA · AFTER   · signal     · BANK-USD · brk ▼ 55 · 15m
02:10 KSA · AFTER   · signal     · TON-USD · brk ▼ 61 · 15m
02:10 KSA · AFTER   · signal     · SENT-USD · orb ▼ 70 · 15m
02:10 KSA · AFTER   · signal     · SENT-USD · brk ▼ 57 · 15m
02:10 KSA · AFTER   · signal     · PENGU-USD · brk ▼ 57 · 15m
02:10 KSA · AFTER   · signal     · PENGU-USD · sqzExp ▼ 75 · 1h
02:10 KSA · AFTER   · signal     · WLFI-USD · sqzExp ▼ 85 · 1h
02:10 KSA · AFTER   · signal     · ASTER-USD · sqzExp ▼ 88 · 1h
02:11 KSA · AFTER   · scanner    · بدء المسح · 1153 رمزاً · الجلسة AFTER
02:11 KSA · AFTER   · signal     · GOOGL · vwapRec ▲ 79 · 15m · جلسة ممتدة
02:11 KSA · AFTER   · signal     · AMD · orb ▲ 86 · 15m · جلسة ممتدة
02:11 KSA · AFTER   · signal     · ABBV · orb ▼ 73 · 15m · جلسة ممتدة
02:11 KSA · AFTER   · signal     · ABBV · brk ▼ 100 · 15m · جلسة ممتدة
02:11 KSA · AFTER   · signal     · MCD · orb ▲ 100 · 15m · جلسة ممتدة
02:11 KSA · AFTER   · signal     · ISRG · vwapRec ▲ 57 · 15m · جلسة ممتدة
02:11 KSA · AFTER   · signal     · VRTX · brk ▼ 69 · 15m · جلسة ممتدة
02:11 KSA · AFTER   · signal     · ADP · orb ▼ 82 · 15m · جلسة ممتدة
02:11 KSA · AFTER   · signal     · ADP · brk ▼ 63 · 15m · جلسة ممتدة
02:11 KSA · AFTER   · signal     · HONA · orb ▼ 86 · 15m · جلسة ممتدة
02:11 KSA · AFTER   · signal     · SUI-USD · orb ▲ 73 · 15m
02:11 KSA · AFTER   · signal     · TRUMP-USD · orb ▲ 75 · 15m
02:11 KSA · AFTER   · signal     · WLFI-USD · orb ▲ 75 · 15m
02:11 KSA · AFTER   · signal     · ASTER-USD · orb ▲ 60 · 15m
02:11 KSA · AFTER   · signal     · SPG · sqzExp ▼ 100 · 1d · جلسة ممتدة
02:11 KSA · AFTER   · signal     · CPAY · meanRev ▲ 100 · 1d · جلسة ممتدة
02:13 KSA · AFTER   · scanner    · بدء المسح · 1153 رمزاً · الجلسة AFTER
02:13 KSA · AFTER   · signal     · LRCX · vwapRec ▼ 68 · 15m · جلسة ممتدة
02:13 KSA · AFTER   · signal     · VRT · vwapRec ▼ 65 · 15m · جلسة ممتدة
02:13 KSA · AFTER   · signal     · UNI-USD · orb ▼ 55 · 15m
02:13 KSA · AFTER   · signal     · UNI-USD · brk ▼ 57 · 15m
02:13 KSA · AFTER   · signal     · UNI-USD · sqzExp ▼ 70 · 1h
02:13 KSA · AFTER   · signal     · SUI-USD · sqzExp ▼ 80 · 1h
02:13 KSA · AFTER   · signal     · U-USD · tfAlign ▲ 74 · 1d
02:13 KSA · AFTER   · signal     · TAO-USD · orb ▼ 60 · 15m
02:13 KSA · AFTER   · signal     · TAO-USD · brk ▼ 61 · 15m
02:13 KSA · AFTER   · signal     · TAO-USD · sqzExp ▼ 83 · 1h
02:13 KSA · AFTER   · signal     · THE-USD · brk ▼ 73 · 15m
02:13 KSA · AFTER   · signal     · TRUMP-USD · brk ▼ 55 · 15m
02:13 KSA · AFTER   · signal     · TRUMP-USD · sqzExp ▼ 57 · 1h
02:13 KSA · AFTER   · signal     · EUR-USD · sqzExp ▼ 68 · 1h
02:13 KSA · AFTER   · signal     · ARB-USD · brk ▼ 55 · 15m
02:13 KSA · AFTER   · signal     · BANK-USD · orb ▼ 78 · 15m
02:13 KSA · AFTER   · signal     · BANK-USD · brk ▼ 55 · 15m
02:13 KSA · AFTER   · signal     · TON-USD · brk ▼ 61 · 15m
02:13 KSA · AFTER   · signal     · SENT-USD · orb ▼ 70 · 15m
02:13 KSA · AFTER   · signal     · SENT-USD · brk ▼ 57 · 15m
02:13 KSA · AFTER   · signal     · PENGU-USD · orb ▼ 60 · 15m
02:13 KSA · AFTER   · signal     · PENGU-USD · brk ▼ 57 · 15m
02:13 KSA · AFTER   · signal     · PENGU-USD · sqzExp ▼ 75 · 1h
02:13 KSA · AFTER   · signal     · WLFI-USD · sqzExp ▼ 85 · 1h
02:13 KSA · AFTER   · signal     · ASTER-USD · sqzExp ▼ 88 · 1h
02:14 KSA · AFTER   · scanner    · بدء المسح · 1153 رمزاً · الجلسة AFTER
02:14 KSA · AFTER   · signal     · GOOGL · vwapRec ▲ 79 · 15m · جلسة ممتدة
02:14 KSA · AFTER   · signal     · AMD · orb ▲ 86 · 15m · جلسة ممتدة
02:14 KSA · AFTER   · signal     · MCD · orb ▲ 100 · 15m · جلسة ممتدة
02:14 KSA · AFTER   · signal     · VRTX · brk ▼ 69 · 15m · جلسة ممتدة
02:14 KSA · AFTER   · signal     · ADP · orb ▼ 82 · 15m · جلسة ممتدة
02:14 KSA · AFTER   · signal     · ADP · brk ▼ 63 · 15m · جلسة ممتدة
02:14 KSA · AFTER   · signal     · HONA · orb ▼ 86 · 15m · جلسة ممتدة
02:14 KSA · AFTER   · signal     · LHX · orb ▼ 79 · 15m · جلسة ممتدة
02:14 KSA · AFTER   · signal     · SMCI · orb ▲ 82 · 15m · جلسة ممتدة
02:14 KSA · AFTER   · signal     · SUI-USD · orb ▲ 73 · 15m
02:14 KSA · AFTER   · signal     · TRUMP-USD · orb ▲ 75 · 15m
02:14 KSA · AFTER   · signal     · WLFI-USD · orb ▲ 75 · 15m
02:14 KSA · AFTER   · signal     · ASTER-USD · orb ▲ 60 · 15m
02:16 KSA · AFTER   · scanner    · بدء المسح · 1153 رمزاً · الجلسة AFTER
02:16 KSA · AFTER   · signal     · LIN · vwapRec ▲ 57 · 15m · جلسة ممتدة
02:16 KSA · AFTER   · signal     · DIS · orb ▲ 100 · 15m · جلسة ممتدة
02:16 KSA · AFTER   · signal     · UNI-USD · orb ▲ 100 · 15m
02:16 KSA · AFTER   · signal     · U-USD · pbTrend ▲ 79 · 1h
02:16 KSA · AFTER   · signal     · TAO-USD · orb ▲ 82 · 15m
02:16 KSA · AFTER   · signal     · PENGU-USD · orb ▲ 82 · 15m
02:16 KSA · AFTER   · signal     · AES · meanRev ▼ 100 · 1d · جلسة ممتدة
02:18 KSA · AFTER   · scanner    · بدء المسح · 1153 رمزاً · الجلسة AFTER
02:18 KSA · AFTER   · signal     · ADI · brk ▲ 100 · 15m · جلسة ممتدة
02:18 KSA · AFTER   · signal     · CAKE-USD · meanRev ▼ 100 · 15m
02:18 KSA · AFTER   · signal     · SNXXB-USD · vwapRec ▲ 100 · 15m
02:18 KSA · AFTER   · signal     · ARB-USD · brk ▲ 69 · 15m
02:18 KSA · AFTER   · signal     · WLFI-USD · brk ▲ 100 · 15m
02:18 KSA · AFTER   · signal     · WLFI-USD · meanRev ▼ 100 · 15m
02:18 KSA · AFTER   · signal     · YUM · sqzExp ▼ 100 · 1d · جلسة ممتدة
02:18 KSA · AFTER   · signal     · ONE-USD · brk ▲ 69 · 1d
02:20 KSA · AFTER   · scanner    · بدء المسح · 1153 رمزاً · الجلسة AFTER
02:20 KSA · AFTER   · signal     · HON · orb ▼ 82 · 15m · جلسة ممتدة
02:20 KSA · AFTER   · signal     · OP-USD · brk ▲ 100 · 15m
02:20 KSA · AFTER   · signal     · PENGU-USD · meanRev ▼ 100 · 15m
02:20 KSA · AFTER   · signal     · ONE-USD · meanRev ▼ 100 · 1d
02:24 KSA · AFTER   · scanner    · بدء المسح · 1153 رمزاً · الجلسة AFTER
02:24 KSA · AFTER   · signal     · LRCX · vwapRec ▼ 68 · 15m · جلسة ممتدة
02:24 KSA · AFTER   · signal     · VRT · vwapRec ▼ 65 · 15m · جلسة ممتدة
02:24 KSA · AFTER   · signal     · HON · pbTrend ▼ 55 · 1h · جلسة ممتدة
02:24 KSA · AFTER   · signal     · MCHP · vwapRec ▼ 65 · 15m · جلسة ممتدة
02:24 KSA · AFTER   · signal     · AVAX-USD · momo ▲ 78 · 1h
02:24 KSA · AFTER   · signal     · ICP-USD · momo ▲ 83 · 1h
02:24 KSA · AFTER   · signal     · UNI-USD · sqzExp ▼ 70 · 1h
02:24 KSA · AFTER   · signal     · UNI-USD · momo ▲ 58 · 1h
02:24 KSA · AFTER   · signal     · UNI-USD · tfAlign ▲ 95 · 1d
02:24 KSA · AFTER   · signal     · SUI-USD · sqzExp ▼ 73 · 1h
02:24 KSA · AFTER   · signal     · 牛来-USD · volSpike ▲ 86 · 15m
02:24 KSA · AFTER   · signal     · TAO-USD · sqzExp ▼ 75 · 1h
02:24 KSA · AFTER   · signal     · THE-USD · brk ▼ 73 · 15m
02:24 KSA · AFTER   · signal     · TRUMP-USD · brk ▼ 57 · 15m
02:24 KSA · AFTER   · signal     · TRUMP-USD · sqzExp ▼ 68 · 1h
02:24 KSA · AFTER   · signal     · TRUMP-USD · momo ▲ 56 · 1h
02:24 KSA · AFTER   · signal     · EUR-USD · sqzExp ▼ 60 · 1h
02:24 KSA · AFTER   · signal     · BANK-USD · orb ▼ 65 · 15m
02:24 KSA · AFTER   · signal     · BANK-USD · brk ▼ 57 · 15m
02:24 KSA · AFTER   · signal     · TON-USD · brk ▼ 61 · 15m
02:24 KSA · AFTER   · signal     · SENT-USD · orb ▼ 63 · 15m
02:24 KSA · AFTER   · signal     · PENGU-USD · sqzExp ▼ 85 · 1h
02:24 KSA · AFTER   · signal     · WLFI-USD · sqzExp ▼ 85 · 1h
02:24 KSA · AFTER   · signal     · ASTER-USD · sqzExp ▼ 75 · 1h
02:24 KSA · AFTER   · signal     · ASTER-USD · momo ▲ 72 · 1h
02:24 KSA · AFTER   · signal     · APT-USD · orb ▼ 60 · 15m
02:25 KSA · AFTER   · scanner    · بدء المسح · 1153 رمزاً · الجلسة AFTER
02:25 KSA · AFTER   · signal     · GOOGL · vwapRec ▲ 62 · 15m · جلسة ممتدة
02:25 KSA · AFTER   · signal     · AMZN · orb ▲ 86 · 15m · جلسة ممتدة
02:25 KSA · AFTER   · signal     · AMD · orb ▲ 73 · 15m · جلسة ممتدة
02:25 KSA · AFTER   · signal     · ABBV · orb ▼ 100 · 15m · جلسة ممتدة
02:25 KSA · AFTER   · signal     · GILD · vwapRec ▼ 57 · 15m · جلسة ممتدة
02:25 KSA · AFTER   · signal     · ADI · orb ▲ 73 · 15m · جلسة ممتدة
02:25 KSA · AFTER   · signal     · ADI · brk ▲ 100 · 15m · جلسة ممتدة
02:25 KSA · AFTER   · signal     · UBER · orb ▲ 82 · 15m · جلسة ممتدة
02:25 KSA · AFTER   · signal     · CB · orb ▼ 100 · 15m · جلسة ممتدة
02:25 KSA · AFTER   · signal     · VRTX · brk ▼ 69 · 15m · جلسة ممتدة
02:25 KSA · AFTER   · signal     · ADP · brk ▼ 81 · 15m · جلسة ممتدة
02:25 KSA · AFTER   · signal     · BNB-USD · sqzExp ▲ 100 · 1h
02:25 KSA · AFTER   · signal     · HONA · orb ▼ 86 · 15m · جلسة ممتدة
02:25 KSA · AFTER   · signal     · LTC-USD · orb ▲ 64 · 15m
02:25 KSA · AFTER   · signal     · AVAX-USD · brk ▲ 69 · 15m
02:25 KSA · AFTER   · signal     · IOTA-USD · orb ▲ 82 · 15m
02:25 KSA · AFTER   · signal     · UNI-USD · orb ▲ 65 · 15m
02:25 KSA · AFTER   · signal     · SUI-USD · orb ▲ 65 · 15m
02:25 KSA · AFTER   · signal     · TAO-USD · orb ▲ 68 · 15m
02:25 KSA · AFTER   · signal     · THE-USD · vwapRec ▲ 57 · 15m
02:25 KSA · AFTER   · signal     · TRUMP-USD · orb ▲ 75 · 15m
02:25 KSA · AFTER   · signal     · ARB-USD · brk ▲ 55 · 15m
02:25 KSA · AFTER   · signal     · PENGU-USD · orb ▲ 75 · 15m
02:25 KSA · AFTER   · signal     · PENGU-USD · pbTrend ▼ 57 · 1h
02:25 KSA · AFTER   · signal     · WLFI-USD · orb ▲ 68 · 15m
02:25 KSA · AFTER   · signal     · ASTER-USD · orb ▲ 55 · 15m
02:25 KSA · AFTER   · signal     · ASTER-USD · brk ▲ 61 · 15m
02:31 KSA · AFTER   · scanner    · بدء المسح · 1153 رمزاً · الجلسة AFTER
02:31 KSA · AFTER   · signal     · MU · vwapRec ▼ 57 · 15m · جلسة ممتدة
02:31 KSA · AFTER   · signal     · AMD · vwapRec ▼ 79 · 15m · جلسة ممتدة
02:31 KSA · AFTER   · signal     · ORCL · vwapRec ▼ 79 · 15m · جلسة ممتدة
02:31 KSA · AFTER   · signal     · LRCX · vwapRec ▼ 79 · 15m · جلسة ممتدة
02:31 KSA · AFTER   · signal     · MRVL · vwapRec ▼ 79 · 15m · جلسة ممتدة
02:31 KSA · AFTER   · signal     · ETN · vwapRec ▼ 57 · 15m · جلسة ممتدة
02:31 KSA · AFTER   · signal     · VRT · vwapRec ▼ 57 · 15m · جلسة ممتدة
02:31 KSA · AFTER   · signal     · MCHP · vwapRec ▼ 65 · 15m · جلسة ممتدة
02:31 KSA · AFTER   · signal     · XLM-USD · meanRev ▼ 100 · 15m
02:31 KSA · AFTER   · signal     · BCH-USD · brk ▲ 69 · 15m
02:31 KSA · AFTER   · signal     · LTC-USD · brk ▲ 100 · 15m
02:31 KSA · AFTER   · signal     · AVAX-USD · sqzExp ▲ 100 · 1h
02:31 KSA · AFTER   · signal     · UNI-USD · brk ▲ 100 · 15m
02:31 KSA · AFTER   · signal     · PEPE-USD · orb ▲ 82 · 15m
02:31 KSA · AFTER   · signal     · WLFI-USD · brk ▲ 100 · 15m
02:31 KSA · AFTER   · signal     · APT-USD · orb ▲ 82 · 15m
02:33 KSA · AFTER   · scanner    · بدء المسح · 1153 رمزاً · الجلسة AFTER
02:33 KSA · AFTER   · signal     · XLM-USD · momo ▲ 100 · 1h
02:33 KSA · AFTER   · signal     · ICP-USD · volSpike ▲ 72 · 15m
02:33 KSA · AFTER   · signal     · MSTRB-USD · volSpike ▲ 89 · 15m
02:33 KSA · AFTER   · signal     · UNI-USD · sqzExp ▼ 70 · 1h
02:33 KSA · AFTER   · signal     · SUI-USD · sqzExp ▼ 73 · 1h
02:33 KSA · AFTER   · signal     · U-USD · pbTrend ▲ 57 · 1h
02:33 KSA · AFTER   · signal     · U-USD · meanRev ▲ 60 · 15m
02:33 KSA · AFTER   · signal     · PEPE-USD · brk ▲ 55 · 15m
02:33 KSA · AFTER   · signal     · TAO-USD · sqzExp ▼ 75 · 1h
02:33 KSA · AFTER   · signal     · TAO-USD · momo ▲ 56 · 1h
02:33 KSA · AFTER   · signal     · THE-USD · brk ▼ 64 · 15m
02:33 KSA · AFTER   · signal     · TRUMP-USD · brk ▼ 57 · 15m
02:33 KSA · AFTER   · signal     · TRUMP-USD · sqzExp ▼ 68 · 1h
02:33 KSA · AFTER   · signal     · EUR-USD · sqzExp ▼ 60 · 1h
02:33 KSA · AFTER   · signal     · ARB-USD · orb ▼ 57 · 15m
02:33 KSA · AFTER   · signal     · HOLO-USD · sqzExp ▼ 60 · 1h
02:33 KSA · AFTER   · signal     · BANK-USD · orb ▼ 80 · 15m
02:33 KSA · AFTER   · signal     · BANK-USD · brk ▼ 61 · 15m
02:33 KSA · AFTER   · signal     · TON-USD · brk ▼ 61 · 15m
02:33 KSA · AFTER   · signal     · SENT-USD · orb ▼ 55 · 15m
02:33 KSA · AFTER   · signal     · PENGU-USD · sqzExp ▼ 85 · 1h
02:33 KSA · AFTER   · signal     · WLFI-USD · sqzExp ▼ 85 · 1h
02:33 KSA · AFTER   · signal     · ASTER-USD · sqzExp ▼ 75 · 1h
02:33 KSA · AFTER   · signal     · APT-USD · momo ▲ 56 · 1h
02:34 KSA · AFTER   · scanner    · بدء المسح · 1153 رمزاً · الجلسة AFTER
02:34 KSA · AFTER   · signal     · AMD · orb ▲ 73 · 15m · جلسة ممتدة
02:34 KSA · AFTER   · signal     · TXN · orb ▼ 100 · 15m · جلسة ممتدة
02:34 KSA · AFTER   · signal     · ABT · orb ▲ 73 · 15m · جلسة ممتدة
02:34 KSA · AFTER   · signal     · MCD · orb ▲ 82 · 15m · جلسة ممتدة
02:34 KSA · AFTER   · signal     · ADI · orb ▲ 100 · 15m · جلسة ممتدة
02:34 KSA · AFTER   · signal     · APP · orb ▲ 82 · 15m · جلسة ممتدة
02:34 KSA · AFTER   · signal     · ADP · orb ▼ 100 · 15m · جلسة ممتدة
02:34 KSA · AFTER   · signal     · ADP · brk ▼ 63 · 15m · جلسة ممتدة
02:34 KSA · AFTER   · signal     · HONA · orb ▼ 86 · 15m · جلسة ممتدة
02:34 KSA · AFTER   · signal     · HBAR-USD · vwapRec ▲ 100 · 15m
02:34 KSA · AFTER   · signal     · UNI-USD · orb ▲ 73 · 15m
02:34 KSA · AFTER   · signal     · UNI-USD · brk ▲ 68 · 15m
02:34 KSA · AFTER   · signal     · SUI-USD · orb ▲ 65 · 15m
02:34 KSA · AFTER   · signal     · TAO-USD · orb ▲ 68 · 15m
02:34 KSA · AFTER   · signal     · THE-USD · vwapRec ▲ 57 · 15m
02:34 KSA · AFTER   · signal     · TRUMP-USD · orb ▲ 83 · 15m
02:34 KSA · AFTER   · signal     · ARB-USD · brk ▲ 64 · 15m
02:34 KSA · AFTER   · signal     · BANK-USD · pbTrend ▼ 79 · 1h
02:34 KSA · AFTER   · signal     · PENGU-USD · orb ▲ 75 · 15m
02:34 KSA · AFTER   · signal     · WLFI-USD · orb ▲ 75 · 15m
02:34 KSA · AFTER   · signal     · WLFI-USD · brk ▲ 55 · 15m
02:34 KSA · AFTER   · signal     · ASTER-USD · orb ▲ 63 · 15m
02:34 KSA · AFTER   · signal     · ASTER-USD · brk ▲ 70 · 15m
02:34 KSA · AFTER   · signal     · APT-USD · orb ▲ 90 · 15m
02:37 KSA · AFTER   · scanner    · بدء المسح · 1153 رمزاً · الجلسة AFTER
02:37 KSA · AFTER   · signal     · U-USD · pbTrend ▲ 79 · 1h
02:37 KSA · AFTER   · signal     · HOLO-USD · pbTrend ▼ 100 · 1h
02:38 KSA · AFTER   · scanner    · بدء المسح · 1153 رمزاً · الجلسة AFTER
02:38 KSA · AFTER   · signal     · ABBV · orb ▼ 73 · 15m · جلسة ممتدة
02:38 KSA · AFTER   · signal     · ABBV · brk ▼ 100 · 15m · جلسة ممتدة
02:38 KSA · AFTER   · signal     · ASTER-USD · meanRev ▼ 100 · 15m
02:40 KSA · AFTER   · scanner    · بدء المسح · 1153 رمزاً · الجلسة AFTER
02:40 KSA · AFTER   · signal     · AMGN · orb ▼ 100 · 15m · جلسة ممتدة
02:40 KSA · AFTER   · signal     · TRUMP-USD · sqzExp ▲ 100 · 1h
02:40 KSA · AFTER   · signal     · BANK-USD · orb ▲ 100 · 15m
02:40 KSA · AFTER   · signal     · PENGU-USD · brk ▲ 100 · 15m
02:40 KSA · AFTER   · signal     · PENGU-USD · sqzExp ▲ 100 · 1h
02:42 KSA · AFTER   · scanner    · بدء المسح · 1153 رمزاً · الجلسة AFTER
02:42 KSA · AFTER   · signal     · ORCL · vwapRec ▼ 74 · 15m · جلسة ممتدة
02:42 KSA · AFTER   · signal     · MRK · brk ▲ 81 · 15m · جلسة ممتدة
02:42 KSA · AFTER   · signal     · LRCX · vwapRec ▼ 68 · 15m · جلسة ممتدة
02:42 KSA · AFTER   · signal     · VRT · vwapRec ▼ 65 · 15m · جلسة ممتدة
02:42 KSA · AFTER   · signal     · MCHP · vwapRec ▼ 65 · 15m · جلسة ممتدة
02:42 KSA · AFTER   · signal     · MUB-USD · vwapRec ▲ 60 · 15m
02:42 KSA · AFTER   · signal     · UNI-USD · sqzExp ▼ 70 · 1h
02:42 KSA · AFTER   · signal     · SUI-USD · sqzExp ▼ 73 · 1h
02:42 KSA · AFTER   · signal     · SUI-USD · momo ▲ 56 · 1h
02:42 KSA · AFTER   · signal     · U-USD · tfAlign ▲ 87 · 1d
02:42 KSA · AFTER   · signal     · PEPE-USD · brk ▲ 55 · 15m
02:42 KSA · AFTER   · signal     · TAO-USD · sqzExp ▼ 75 · 1h
02:42 KSA · AFTER   · signal     · THE-USD · brk ▼ 64 · 15m
02:42 KSA · AFTER   · signal     · TRUMP-USD · brk ▼ 57 · 15m
02:42 KSA · AFTER   · signal     · EUR-USD · sqzExp ▼ 60 · 1h
02:42 KSA · AFTER   · signal     · ARB-USD · orb ▼ 57 · 15m
02:42 KSA · AFTER   · signal     · HOLO-USD · sqzExp ▼ 60 · 1h
02:42 KSA · AFTER   · signal     · BANK-USD · brk ▼ 61 · 15m
02:42 KSA · AFTER   · signal     · TON-USD · brk ▼ 61 · 15m
02:42 KSA · AFTER   · signal     · SENT-USD · orb ▼ 55 · 15m
02:42 KSA · AFTER   · signal     · WLFI-USD · sqzExp ▼ 85 · 1h
02:42 KSA · AFTER   · signal     · ASTER-USD · sqzExp ▼ 75 · 1h
02:44 KSA · AFTER   · scanner    · بدء المسح · 1153 رمزاً · الجلسة AFTER
02:44 KSA · AFTER   · signal     · AAPL · orb ▲ 100 · 15m · جلسة ممتدة
02:44 KSA · AFTER   · signal     · AMD · orb ▲ 73 · 15m · جلسة ممتدة
02:44 KSA · AFTER   · signal     · TXN · orb ▲ 100 · 15m · جلسة ممتدة
02:44 KSA · AFTER   · signal     · GILD · vwapRec ▲ 57 · 15m · جلسة ممتدة
02:44 KSA · AFTER   · signal     · ABT · orb ▲ 73 · 15m · جلسة ممتدة
02:44 KSA · AFTER   · signal     · ADP · brk ▼ 81 · 15m · جلسة ممتدة
02:44 KSA · AFTER   · signal     · HONA · orb ▼ 100 · 15m · جلسة ممتدة
02:44 KSA · AFTER   · signal     · GRAM-USD · pbTrend ▼ 100 · 1h
02:44 KSA · AFTER   · signal     · UNI-USD · orb ▲ 65 · 15m
02:44 KSA · AFTER   · signal     · UNI-USD · brk ▲ 61 · 15m
02:44 KSA · AFTER   · signal     · SUI-USD · orb ▲ 60 · 15m
02:44 KSA · AFTER   · signal     · TAO-USD · orb ▲ 68 · 15m
02:44 KSA · AFTER   · signal     · THE-USD · vwapRec ▲ 57 · 15m
02:44 KSA · AFTER   · signal     · TRUMP-USD · orb ▲ 75 · 15m
02:44 KSA · AFTER   · signal     · TRUMP-USD · sqzExp ▲ 68 · 1h
02:44 KSA · AFTER   · signal     · ARB-USD · brk ▲ 64 · 15m
02:44 KSA · AFTER   · signal     · BANK-USD · orb ▲ 95 · 15m
02:44 KSA · AFTER   · signal     · PENGU-USD · orb ▲ 75 · 15m
02:44 KSA · AFTER   · signal     · PENGU-USD · brk ▲ 66 · 15m
02:44 KSA · AFTER   · signal     · PENGU-USD · sqzExp ▲ 85 · 1h
02:44 KSA · AFTER   · signal     · WLFI-USD · orb ▲ 75 · 15m
02:44 KSA · AFTER   · signal     · WLFI-USD · brk ▲ 55 · 15m
02:44 KSA · AFTER   · signal     · ASTER-USD · orb ▲ 63 · 15m
02:44 KSA · AFTER   · signal     · ASTER-USD · brk ▲ 70 · 15m
02:44 KSA · AFTER   · signal     · APT-USD · orb ▲ 90 · 15m
02:44 KSA · AFTER   · signal     · ACM-USD · brk ▼ 69 · 1d
02:46 KSA · AFTER   · scanner    · بدء المسح · 1153 رمزاً · الجلسة AFTER
02:46 KSA · AFTER   · signal     · MRK · orb ▼ 64 · 15m · جلسة ممتدة
02:46 KSA · AFTER   · signal     · BLK · vwapRec ▼ 57 · 15m · جلسة ممتدة
02:46 KSA · AFTER   · signal     · DOT-USD · brk ▲ 69 · 15m
02:46 KSA · AFTER   · signal     · INVH · sqzExp ▼ 100 · 1d · جلسة ممتدة
02:46 KSA · AFTER   · signal     · DVA · meanRev ▼ 100 · 1d · جلسة ممتدة
02:46 KSA · AFTER   · signal     · FRT · meanRev ▲ 100 · 1d · جلسة ممتدة
02:48 KSA · AFTER   · scanner    · بدء المسح · 1153 رمزاً · الجلسة AFTER
02:48 KSA · AFTER   · signal     · IOTA-USD · brk ▲ 100 · 15m
02:50 KSA · AFTER   · scanner    · بدء المسح · 1153 رمزاً · الجلسة AFTER
02:50 KSA · AFTER   · signal     · ABT · vwapRec ▼ 57 · 15m · جلسة ممتدة
02:50 KSA · AFTER   · signal     · ABT · brk ▼ 69 · 15m · جلسة ممتدة
02:50 KSA · AFTER   · signal     · TAO-USD · brk ▲ 69 · 15m
02:50 KSA · AFTER   · signal     · SENT-USD · orb ▲ 82 · 15m
02:50 KSA · AFTER   · signal     · SENT-USD · vwapRec ▲ 100 · 15m
02:52 KSA · AFTER   · scanner    · بدء المسح · 1153 رمزاً · الجلسة AFTER
02:52 KSA · AFTER   · signal     · MSFT · vwapRec ▼ 59 · 15m · جلسة ممتدة
02:52 KSA · AFTER   · signal     · ORCL · vwapRec ▼ 74 · 15m · جلسة ممتدة
02:52 KSA · AFTER   · signal     · CAT · vwapRec ▼ 68 · 15m · جلسة ممتدة
02:52 KSA · AFTER   · signal     · LRCX · vwapRec ▼ 68 · 15m · جلسة ممتدة
02:52 KSA · AFTER   · signal     · VRT · vwapRec ▼ 70 · 15m · جلسة ممتدة
02:52 KSA · AFTER   · signal     · XRP-USD · momo ▲ 58 · 1h
02:52 KSA · AFTER   · signal     · VST · vwapRec ▼ 55 · 15m · جلسة ممتدة
02:52 KSA · AFTER   · signal     · MCHP · vwapRec ▼ 65 · 15m · جلسة ممتدة
02:52 KSA · AFTER   · signal     · LTC-USD · volSpike ▲ 78 · 15m
02:52 KSA · AFTER   · signal     · ONDO-USD · volSpike ▲ 72 · 15m
02:52 KSA · AFTER   · signal     · UNI-USD · sqzExp ▼ 70 · 1h
02:52 KSA · AFTER   · signal     · SUI-USD · sqzExp ▼ 73 · 1h
02:52 KSA · AFTER   · signal     · U-USD · pbTrend ▲ 57 · 1h
02:52 KSA · AFTER   · signal     · U-USD · meanRev ▲ 60 · 15m
02:52 KSA · AFTER   · signal     · TAO-USD · sqzExp ▼ 75 · 1h
02:52 KSA · AFTER   · signal     · THE-USD · orb ▼ 80 · 15m
02:52 KSA · AFTER   · signal     · THE-USD · brk ▼ 73 · 15m
02:52 KSA · AFTER   · signal     · TRUMP-USD · brk ▼ 57 · 15m
02:52 KSA · AFTER   · signal     · EUR-USD · sqzExp ▼ 60 · 1h
02:52 KSA · AFTER   · signal     · ARB-USD · orb ▼ 57 · 15m
02:52 KSA · AFTER   · signal     · HOLO-USD · sqzExp ▼ 60 · 1h
02:52 KSA · AFTER   · signal     · BANK-USD · brk ▼ 61 · 15m
02:52 KSA · AFTER   · signal     · TON-USD · brk ▼ 61 · 15m
02:52 KSA · AFTER   · signal     · WLFI-USD · sqzExp ▼ 85 · 1h
02:52 KSA · AFTER   · signal     · WLFI-USD · volSpike ▼ 78 · 15m
02:52 KSA · AFTER   · signal     · ASTER-USD · sqzExp ▼ 75 · 1h
02:54 KSA · AFTER   · scanner    · بدء المسح · 1153 رمزاً · الجلسة AFTER
02:54 KSA · AFTER   · signal     · META · orb ▲ 73 · 15m · جلسة ممتدة
02:54 KSA · AFTER   · signal     · AMD · orb ▲ 73 · 15m · جلسة ممتدة
02:54 KSA · AFTER   · signal     · ABBV · orb ▼ 100 · 15m · جلسة ممتدة
02:54 KSA · AFTER   · signal     · TMO · vwapRec ▼ 57 · 15m · جلسة ممتدة
02:54 KSA · AFTER   · signal     · TXN · orb ▲ 100 · 15m · جلسة ممتدة
02:54 KSA · AFTER   · signal     · ADP · brk ▼ 81 · 15m · جلسة ممتدة
02:54 KSA · AFTER   · signal     · FCX · orb ▲ 100 · 15m · جلسة ممتدة
02:54 KSA · AFTER   · signal     · CAKE-USD · meanRev ▼ 100 · 15m
02:54 KSA · AFTER   · signal     · CVC-USD · meanRev ▼ 100 · 15m
02:54 KSA · AFTER   · signal     · UNI-USD · orb ▲ 65 · 15m
02:54 KSA · AFTER   · signal     · UNI-USD · brk ▲ 68 · 15m
02:54 KSA · AFTER   · signal     · SUI-USD · orb ▲ 73 · 15m
02:54 KSA · AFTER   · signal     · SUI-USD · pbTrend ▼ 57 · 1h
02:54 KSA · AFTER   · signal     · TAO-USD · orb ▲ 83 · 15m
02:54 KSA · AFTER   · signal     · TAO-USD · brk ▲ 80 · 15m
02:54 KSA · AFTER   · signal     · TRUMP-USD · orb ▲ 75 · 15m
02:54 KSA · AFTER   · signal     · TRUMP-USD · sqzExp ▲ 68 · 1h
02:54 KSA · AFTER   · signal     · BANK-USD · orb ▲ 95 · 15m
02:54 KSA · AFTER   · signal     · PENGU-USD · orb ▲ 83 · 15m
02:54 KSA · AFTER   · signal     · PENGU-USD · brk ▲ 75 · 15m
02:54 KSA · AFTER   · signal     · PENGU-USD · sqzExp ▲ 85 · 1h
02:54 KSA · AFTER   · signal     · WLFI-USD · orb ▲ 75 · 15m
02:54 KSA · AFTER   · signal     · WLFI-USD · brk ▲ 86 · 15m
02:54 KSA · AFTER   · signal     · ASTER-USD · orb ▲ 55 · 15m
02:54 KSA · AFTER   · signal     · APT-USD · orb ▲ 83 · 15m
02:56 KSA · AFTER   · scanner    · بدء المسح · 1153 رمزاً · الجلسة AFTER
02:58 KSA · AFTER   · scanner    · بدء المسح · 1153 رمزاً · الجلسة AFTER
02:58 KSA · AFTER   · signal     · ADI · brk ▲ 100 · 15m · جلسة ممتدة
02:58 KSA · AFTER   · signal     · COHR · brk ▲ 100 · 15m · جلسة ممتدة
02:58 KSA · AFTER   · signal     · ASTER-USD · brk ▲ 69 · 15m
03:00 KSA · CLOSED  · scanner    · بدء المسح · 1153 رمزاً · الجلسة CLOSED
03:00 KSA · CLOSED  · signal     · MA · volSpike ▲ 100 · 15m
03:00 KSA · CLOSED  · signal     · BLK · volSpike ▲ 100 · 15m
03:00 KSA · CLOSED  · signal     · NEM · pbTrend ▲ 57 · 1h
03:00 KSA · CLOSED  · signal     · MDT · volSpike ▼ 100 · 15m
03:02 KSA · CLOSED  · scanner    · بدء المسح · 1153 رمزاً · الجلسة CLOSED
03:02 KSA · CLOSED  · signal     · MRK · brk ▲ 84 · 15m
03:02 KSA · CLOSED  · signal     · UNI-USD · sqzExp ▼ 70 · 1h
03:02 KSA · CLOSED  · signal     · UNI-USD · volSpike ▼ 56 · 15m
03:02 KSA · CLOSED  · signal     · SUI-USD · sqzExp ▼ 73 · 1h
03:02 KSA · CLOSED  · signal     · U-USD · pbTrend ▲ 57 · 1h
03:02 KSA · CLOSED  · signal     · U-USD · tfAlign ▲ 92 · 1d
03:02 KSA · CLOSED  · signal     · TAO-USD · sqzExp ▼ 75 · 1h
03:02 KSA · CLOSED  · signal     · THE-USD · brk ▼ 64 · 15m
03:02 KSA · CLOSED  · signal     · TRUMP-USD · brk ▼ 70 · 15m
03:02 KSA · CLOSED  · signal     · EUR-USD · sqzExp ▼ 60 · 1h
03:02 KSA · CLOSED  · signal     · ARB-USD · brk ▼ 64 · 15m
03:02 KSA · CLOSED  · signal     · HOLO-USD · sqzExp ▼ 60 · 1h
03:02 KSA · CLOSED  · signal     · BANK-USD · brk ▼ 57 · 15m
03:02 KSA · CLOSED  · signal     · TON-USD · brk ▼ 61 · 15m
03:02 KSA · CLOSED  · signal     · SENT-USD · brk ▼ 55 · 15m
03:02 KSA · CLOSED  · signal     · WLFI-USD · sqzExp ▼ 85 · 1h
03:02 KSA · CLOSED  · signal     · ASTER-USD · sqzExp ▼ 75 · 1h
03:04 KSA · CLOSED  · scanner    · بدء المسح · 1153 رمزاً · الجلسة CLOSED
03:04 KSA · CLOSED  · signal     · PLTR · brk ▲ 100 · 15m
03:04 KSA · CLOSED  · signal     · ADI · brk ▲ 100 · 15m
03:04 KSA · CLOSED  · signal     · ADP · brk ▼ 81 · 15m
03:04 KSA · CLOSED  · signal     · TRUMP-USD · sqzExp ▲ 57 · 1h
03:04 KSA · CLOSED  · signal     · PENGU-USD · sqzExp ▲ 75 · 1h
03:04 KSA · CLOSED  · signal     · WLFI-USD · brk ▲ 73 · 15m
03:04 KSA · CLOSED  · signal     · ASTER-USD · brk ▲ 57 · 15m
03:04 KSA · CLOSED  · signal     · EMR · sqzExp ▼ 100 · 1d
03:04 KSA · CLOSED  · signal     · DGB-USD · brk ▼ 69 · 1d
03:07 KSA · CLOSED  · scanner    · بدء المسح · 1153 رمزاً · الجلسة CLOSED
03:07 KSA · CLOSED  · signal     · TAO-USD · brk ▲ 100 · 15m
03:07 KSA · CLOSED  · signal     · TAO-USD · meanRev ▼ 100 · 15m
03:07 KSA · CLOSED  · signal     · ASTER-USD · meanRev ▼ 100 · 15m
03:08 KSA · CLOSED  · scanner    · بدء المسح · 1153 رمزاً · الجلسة CLOSED
03:10 KSA · CLOSED  · scanner    · بدء المسح · 1153 رمزاً · الجلسة CLOSED
03:12 KSA · CLOSED  · scanner    · بدء المسح · 1153 رمزاً · الجلسة CLOSED
03:12 KSA · CLOSED  · signal     · UNI-USD · brk ▼ 68 · 15m
03:12 KSA · CLOSED  · signal     · UNI-USD · sqzExp ▼ 70 · 1h
03:12 KSA · CLOSED  · signal     · SUI-USD · sqzExp ▼ 73 · 1h
03:12 KSA · CLOSED  · signal     · U-USD · brk ▼ 57 · 15m
03:12 KSA · CLOSED  · signal     · U-USD · pbTrend ▲ 57 · 1h
03:12 KSA · CLOSED  · signal     · TAO-USD · sqzExp ▼ 75 · 1h
03:12 KSA · CLOSED  · signal     · THE-USD · brk ▼ 64 · 15m
03:12 KSA · CLOSED  · signal     · TRUMP-USD · brk ▼ 70 · 15m
03:12 KSA · CLOSED  · signal     · EUR-USD · sqzExp ▼ 60 · 1h
03:12 KSA · CLOSED  · signal     · ARB-USD · brk ▼ 64 · 15m
03:12 KSA · CLOSED  · signal     · HOLO-USD · sqzExp ▼ 60 · 1h
03:12 KSA · CLOSED  · signal     · BANK-USD · brk ▼ 57 · 15m
03:12 KSA · CLOSED  · signal     · TON-USD · brk ▼ 61 · 15m
03:12 KSA · CLOSED  · signal     · SENT-USD · brk ▼ 55 · 15m
03:12 KSA · CLOSED  · signal     · PENGU-USD · brk ▼ 66 · 15m
03:12 KSA · CLOSED  · signal     · WLFI-USD · sqzExp ▼ 85 · 1h
03:12 KSA · CLOSED  · signal     · ASTER-USD · sqzExp ▼ 75 · 1h
03:14 KSA · CLOSED  · scanner    · بدء المسح · 1153 رمزاً · الجلسة CLOSED
03:14 KSA · CLOSED  · signal     · ADI · brk ▲ 100 · 15m
03:14 KSA · CLOSED  · signal     · UNP · brk ▼ 69 · 15m
03:14 KSA · CLOSED  · signal     · ADP · brk ▼ 81 · 15m
03:14 KSA · CLOSED  · signal     · TAO-USD · brk ▲ 75 · 15m
03:14 KSA · CLOSED  · signal     · WLFI-USD · brk ▲ 73 · 15m
03:14 KSA · CLOSED  · signal     · ASTER-USD · brk ▲ 68 · 15m
03:16 KSA · CLOSED  · scanner    · بدء المسح · 1153 رمزاً · الجلسة CLOSED
03:16 KSA · CLOSED  · signal     · AAVE-USD · brk ▲ 69 · 15m
03:16 KSA · CLOSED  · signal     · BANK-USD · brk ▲ 100 · 15m
03:18 KSA · CLOSED  · scanner    · بدء المسح · 1153 رمزاً · الجلسة CLOSED
03:20 KSA · CLOSED  · scanner    · بدء المسح · 1153 رمزاً · الجلسة CLOSED
03:20 KSA · CLOSED  · signal     · SOL-USD · brk ▲ 69 · 15m
03:20 KSA · CLOSED  · signal     · PAXG-USD · meanRev ▼ 100 · 15m
03:20 KSA · CLOSED  · signal     · DASH-USD · meanRev ▼ 100 · 15m
03:20 KSA · CLOSED  · signal     · UNI-USD · brk ▲ 100 · 15m
03:23 KSA · CLOSED  · scanner    · بدء المسح · 1153 رمزاً · الجلسة CLOSED
03:23 KSA · CLOSED  · signal     · BNB-USD · tfAlign ▲ 100 · 1d
03:23 KSA · CLOSED  · signal     · LINK-USD · vwapRec ▲ 60 · 15m
03:23 KSA · CLOSED  · signal     · NEAR-USD · vwapRec ▲ 65 · 15m
03:23 KSA · CLOSED  · signal     · AVAX-USD · vwapRec ▲ 63 · 15m
03:23 KSA · CLOSED  · signal     · XAUT-USD · vwapRec ▼ 78 · 15m
03:23 KSA · CLOSED  · signal     · DOT-USD · momo ▲ 83 · 1h
03:23 KSA · CLOSED  · signal     · ONDO-USD · vwapRec ▲ 60 · 15m
03:23 KSA · CLOSED  · signal     · ENA-USD · vwapRec ▲ 80 · 15m
03:23 KSA · CLOSED  · signal     · DASH-USD · vwapRec ▲ 70 · 15m
03:23 KSA · CLOSED  · signal     · DASH-USD · momo ▲ 92 · 1h
03:23 KSA · CLOSED  · signal     · DASH-USD · tfAlign ▲ 92 · 1d
03:23 KSA · CLOSED  · signal     · RAY-USD · vwapRec ▲ 70 · 15m
03:23 KSA · CLOSED  · signal     · RAY-USD · momo ▲ 92 · 1h
03:23 KSA · CLOSED  · signal     · CRCLB-USD · vwapRec ▼ 93 · 15m
03:23 KSA · CLOSED  · signal     · MARSCOIN-USD · brk ▲ 61 · 15m
03:23 KSA · CLOSED  · signal     · T-USD · vwapRec ▲ 65 · 15m
03:23 KSA · CLOSED  · signal     · SOXLB-USD · vwapRec ▼ 78 · 15m
03:23 KSA · CLOSED  · signal     · UNI-USD · sqzExp ▼ 85 · 1h
03:23 KSA · CLOSED  · signal     · SUI-USD · sqzExp ▼ 88 · 1h
03:23 KSA · CLOSED  · signal     · 牛来-USD · vwapRec ▼ 75 · 15m
03:23 KSA · CLOSED  · signal     · TAO-USD · vwapRec ▼ 57 · 15m
03:23 KSA · CLOSED  · signal     · TAO-USD · sqzExp ▼ 93 · 1h
03:23 KSA · CLOSED  · signal     · THE-USD · sqzExp ▼ 68 · 1h
03:23 KSA · CLOSED  · signal     · TRUMP-USD · brk ▼ 70 · 15m
03:23 KSA · CLOSED  · signal     · TRUMP-USD · sqzExp ▼ 75 · 1h
03:23 KSA · CLOSED  · signal     · EUR-USD · sqzExp ▼ 60 · 1h
03:23 KSA · CLOSED  · signal     · ARB-USD · brk ▼ 59 · 15m
03:23 KSA · CLOSED  · signal     · HOLO-USD · sqzExp ▼ 60 · 1h
03:23 KSA · CLOSED  · signal     · TON-USD · brk ▼ 61 · 15m
03:23 KSA · CLOSED  · signal     · PENGU-USD · brk ▼ 57 · 15m
03:23 KSA · CLOSED  · signal     · PENGU-USD · sqzExp ▼ 100 · 1h
03:23 KSA · CLOSED  · signal     · WLFI-USD · sqzExp ▼ 100 · 1h
03:23 KSA · CLOSED  · signal     · ASTER-USD · sqzExp ▼ 75 · 1h
03:23 KSA · CLOSED  · signal     · ASTER-USD · volSpike ▼ 67 · 15m
03:23 KSA · CLOSED  · signal     · ASTER-USD · tfAlign ▲ 66 · 1d
03:23 KSA · CLOSED  · signal     · APT-USD · sqzExp ▼ 57 · 1h
03:24 KSA · CLOSED  · scanner    · بدء المسح · 1153 رمزاً · الجلسة CLOSED
03:24 KSA · CLOSED  · signal     · BTC-USD · vwapRec ▲ 57 · 15m
03:24 KSA · CLOSED  · signal     · BTC-USD · brk ▲ 69 · 15m
03:24 KSA · CLOSED  · signal     · ETH-USD · vwapRec ▲ 57 · 15m
03:24 KSA · CLOSED  · signal     · ADI · brk ▲ 100 · 15m
03:24 KSA · CLOSED  · signal     · ADP · brk ▼ 81 · 15m
03:24 KSA · CLOSED  · signal     · BNB-USD · vwapRec ▲ 57 · 15m
03:24 KSA · CLOSED  · signal     · SOL-USD · vwapRec ▲ 57 · 15m
03:24 KSA · CLOSED  · signal     · XLM-USD · vwapRec ▲ 57 · 15m
03:24 KSA · CLOSED  · signal     · PAXG-USD · vwapRec ▲ 57 · 15m
03:24 KSA · CLOSED  · signal     · ENA-USD · brk ▲ 69 · 15m
03:24 KSA · CLOSED  · signal     · INJ-USD · meanRev ▼ 100 · 15m
03:24 KSA · CLOSED  · signal     · MSTRB-USD · meanRev ▼ 100 · 15m
03:24 KSA · CLOSED  · signal     · MTL-USD · vwapRec ▲ 57 · 15m
03:24 KSA · CLOSED  · signal     · UNI-USD · vwapRec ▲ 60 · 15m
03:24 KSA · CLOSED  · signal     · SUI-USD · vwapRec ▲ 63 · 15m
03:24 KSA · CLOSED  · signal     · TAO-USD · brk ▲ 80 · 15m
03:24 KSA · CLOSED  · signal     · TAO-USD · meanRev ▼ 55 · 15m
03:24 KSA · CLOSED  · signal     · BANK-USD · pbTrend ▼ 57 · 1h
03:24 KSA · CLOSED  · signal     · SENT-USD · vwapRec ▲ 73 · 15m
03:24 KSA · CLOSED  · signal     · SENT-USD · brk ▲ 64 · 15m
03:24 KSA · CLOSED  · signal     · PENGU-USD · vwapRec ▲ 70 · 15m
03:24 KSA · CLOSED  · signal     · WLFI-USD · vwapRec ▲ 60 · 15m
03:24 KSA · CLOSED  · signal     · WLFI-USD · brk ▲ 73 · 15m
03:24 KSA · CLOSED  · signal     · ASTER-USD · vwapRec ▲ 60 · 15m
03:24 KSA · CLOSED  · signal     · ASTER-USD · brk ▲ 86 · 15m
03:24 KSA · CLOSED  · signal     · APT-USD · vwapRec ▲ 70 · 15m
03:26 KSA · CLOSED  · scanner    · بدء المسح · 1153 رمزاً · الجلسة CLOSED
03:26 KSA · CLOSED  · signal     · PENDLE-USD · vwapRec ▼ 79 · 15m
03:26 KSA · CLOSED  · signal     · THE-USD · vwapRec ▲ 57 · 15m
03:26 KSA · CLOSED  · signal     · THE-USD · brk ▲ 69 · 15m
03:26 KSA · CLOSED  · signal     · THE-USD · meanRev ▼ 100 · 15m
03:26 KSA · CLOSED  · signal     · ARB-USD · vwapRec ▲ 79 · 15m
03:26 KSA · CLOSED  · signal     · BANK-USD · vwapRec ▲ 57 · 15m
03:26 KSA · CLOSED  · signal     · BANK-USD · brk ▲ 100 · 15m
03:28 KSA · CLOSED  · scanner    · بدء المسح · 1153 رمزاً · الجلسة CLOSED
03:28 KSA · CLOSED  · signal     · LTC-USD · vwapRec ▼ 57 · 15m
03:30 KSA · CLOSED  · scanner    · بدء المسح · 1153 رمزاً · الجلسة CLOSED
03:30 KSA · CLOSED  · signal     · GRAM-USD · vwapRec ▼ 57 · 15m
03:30 KSA · CLOSED  · signal     · ICP-USD · vwapRec ▼ 57 · 15m
03:30 KSA · CLOSED  · signal     · ETHFI-USD · vwapRec ▲ 79 · 15m
03:30 KSA · CLOSED  · signal     · FET-USD · vwapRec ▼ 57 · 15m
03:30 KSA · CLOSED  · signal     · TRUMP-USD · vwapRec ▼ 57 · 15m
03:32 KSA · CLOSED  · scanner    · بدء المسح · 1153 رمزاً · الجلسة CLOSED
03:32 KSA · CLOSED  · signal     · BCH-USD · vwapRec ▼ 85 · 15m
03:32 KSA · CLOSED  · signal     · ONDO-USD · sqzExp ▲ 90 · 1h
03:32 KSA · CLOSED  · signal     · CAKE-USD · sqzExp ▲ 100 · 1h
03:32 KSA · CLOSED  · signal     · SPCXB-USD · orb ▼ 70 · 15m
03:32 KSA · CLOSED  · signal     · QQQB-USD · orb ▼ 85 · 15m
03:32 KSA · CLOSED  · signal     · UNI-USD · orb ▼ 65 · 15m
03:32 KSA · CLOSED  · signal     · UNI-USD · brk ▼ 68 · 15m
03:32 KSA · CLOSED  · signal     · UNI-USD · sqzExp ▼ 85 · 1h
03:32 KSA · CLOSED  · signal     · SUI-USD · orb ▼ 65 · 15m
03:32 KSA · CLOSED  · signal     · SUI-USD · sqzExp ▼ 88 · 1h
03:32 KSA · CLOSED  · signal     · U-USD · orb ▼ 57 · 15m
03:32 KSA · CLOSED  · signal     · 牛来-USD · orb ▲ 89 · 15m
03:32 KSA · CLOSED  · signal     · PEPE-USD · orb ▲ 55 · 15m
03:32 KSA · CLOSED  · signal     · TAO-USD · orb ▼ 73 · 15m
03:32 KSA · CLOSED  · signal     · TAO-USD · sqzExp ▼ 93 · 1h
03:32 KSA · CLOSED  · signal     · THE-USD · orb ▼ 65 · 15m
03:32 KSA · CLOSED  · signal     · THE-USD · sqzExp ▼ 68 · 1h
03:32 KSA · CLOSED  · signal     · TRUMP-USD · orb ▼ 73 · 15m
03:32 KSA · CLOSED  · signal     · TRUMP-USD · brk ▼ 61 · 15m
03:32 KSA · CLOSED  · signal     · TRUMP-USD · sqzExp ▼ 75 · 1h
03:32 KSA · CLOSED  · signal     · EUR-USD · sqzExp ▼ 60 · 1h
03:32 KSA · CLOSED  · signal     · ARB-USD · brk ▼ 55 · 15m
03:32 KSA · CLOSED  · signal     · HOLO-USD · sqzExp ▼ 60 · 1h
03:32 KSA · CLOSED  · signal     · BANK-USD · orb ▼ 73 · 15m
03:32 KSA · CLOSED  · signal     · TON-USD · brk ▼ 61 · 15m
03:32 KSA · CLOSED  · signal     · SENT-USD · orb ▼ 70 · 15m
03:32 KSA · CLOSED  · signal     · PENGU-USD · orb ▼ 68 · 15m
03:32 KSA · CLOSED  · signal     · PENGU-USD · brk ▼ 57 · 15m
03:32 KSA · CLOSED  · signal     · PENGU-USD · sqzExp ▼ 100 · 1h
03:32 KSA · CLOSED  · signal     · WLFI-USD · orb ▼ 75 · 15m
03:32 KSA · CLOSED  · signal     · WLFI-USD · sqzExp ▼ 100 · 1h
03:32 KSA · CLOSED  · signal     · ASTER-USD · orb ▼ 65 · 15m
03:32 KSA · CLOSED  · signal     · ASTER-USD · sqzExp ▼ 75 · 1h
03:32 KSA · CLOSED  · signal     · ASTER-USD · volSpike ▲ 56 · 15m
03:32 KSA · CLOSED  · signal     · APT-USD · orb ▼ 73 · 15m
03:32 KSA · CLOSED  · signal     · APT-USD · sqzExp ▼ 57 · 1h
03:34 KSA · CLOSED  · scanner    · بدء المسح · 1153 رمزاً · الجلسة CLOSED
03:34 KSA · CLOSED  · signal     · ADI · brk ▲ 100 · 15m
03:34 KSA · CLOSED  · signal     · ADP · brk ▼ 81 · 15m
03:34 KSA · CLOSED  · signal     · UNI-USD · vwapRec ▲ 60 · 15m
03:34 KSA · CLOSED  · signal     · TAO-USD · vwapRec ▲ 70 · 15m
03:34 KSA · CLOSED  · signal     · THE-USD · brk ▲ 75 · 15m
03:34 KSA · CLOSED  · signal     · BANK-USD · vwapRec ▲ 85 · 15m
03:34 KSA · CLOSED  · signal     · BANK-USD · brk ▲ 66 · 15m
03:34 KSA · CLOSED  · signal     · BANK-USD · pbTrend ▼ 57 · 1h
03:34 KSA · CLOSED  · signal     · PENGU-USD · vwapRec ▲ 70 · 15m
03:34 KSA · CLOSED  · signal     · WLFI-USD · vwapRec ▲ 60 · 15m
03:34 KSA · CLOSED  · signal     · WLFI-USD · brk ▲ 66 · 15m
03:34 KSA · CLOSED  · signal     · APT-USD · vwapRec ▲ 70 · 15m
03:34 KSA · CLOSED  · signal     · HUMA-USD · meanRev ▼ 100 · 1d
03:37 KSA · CLOSED  · scanner    · بدء المسح · 1153 رمزاً · الجلسة CLOSED
03:37 KSA · CLOSED  · signal     · CAKE-USD · vwapRec ▼ 75 · 15m
03:37 KSA · CLOSED  · signal     · SUI-USD · vwapRec ▼ 57 · 15m
03:37 KSA · CLOSED  · signal     · ARB-USD · vwapRec ▼ 57 · 15m
03:38 KSA · CLOSED  · scanner    · بدء المسح · 1153 رمزاً · الجلسة CLOSED
03:38 KSA · CLOSED  · signal     · PEPE-USD · vwapRec ▲ 79 · 15m
03:40 KSA · CLOSED  · scanner    · بدء المسح · 1153 رمزاً · الجلسة CLOSED
03:40 KSA · CLOSED  · signal     · INJ-USD · vwapRec ▼ 100 · 15m
03:42 KSA · CLOSED  · scanner    · بدء المسح · 1153 رمزاً · الجلسة CLOSED
03:42 KSA · CLOSED  · signal     · UNI-USD · orb ▼ 65 · 15m
03:42 KSA · CLOSED  · signal     · UNI-USD · brk ▼ 68 · 15m
03:42 KSA · CLOSED  · signal     · UNI-USD · sqzExp ▼ 85 · 1h
03:42 KSA · CLOSED  · signal     · SUI-USD · orb ▼ 65 · 15m
03:42 KSA · CLOSED  · signal     · SUI-USD · sqzExp ▼ 88 · 1h
03:42 KSA · CLOSED  · signal     · U-USD · orb ▼ 57 · 15m
03:42 KSA · CLOSED  · signal     · PEPE-USD · orb ▲ 55 · 15m
03:42 KSA · CLOSED  · signal     · TAO-USD · orb ▼ 73 · 15m
03:42 KSA · CLOSED  · signal     · TAO-USD · brk ▼ 57 · 15m
03:42 KSA · CLOSED  · signal     · TAO-USD · sqzExp ▼ 93 · 1h
03:42 KSA · CLOSED  · signal     · THE-USD · orb ▼ 60 · 15m
03:42 KSA · CLOSED  · signal     · THE-USD · sqzExp ▼ 68 · 1h
03:42 KSA · CLOSED  · signal     · TRUMP-USD · orb ▼ 73 · 15m
03:42 KSA · CLOSED  · signal     · TRUMP-USD · brk ▼ 61 · 15m
03:42 KSA · CLOSED  · signal     · TRUMP-USD · sqzExp ▼ 75 · 1h
03:42 KSA · CLOSED  · signal     · EUR-USD · sqzExp ▼ 60 · 1h
03:42 KSA · CLOSED  · signal     · ARB-USD · brk ▼ 55 · 15m
03:42 KSA · CLOSED  · signal     · HOLO-USD · sqzExp ▼ 60 · 1h
03:42 KSA · CLOSED  · signal     · BANK-USD · orb ▼ 73 · 15m
03:42 KSA · CLOSED  · signal     · TON-USD · brk ▼ 61 · 15m
03:42 KSA · CLOSED  · signal     · SENT-USD · orb ▼ 70 · 15m
03:42 KSA · CLOSED  · signal     · SENT-USD · brk ▼ 57 · 15m
03:42 KSA · CLOSED  · signal     · PENGU-USD · orb ▼ 68 · 15m
03:42 KSA · CLOSED  · signal     · PENGU-USD · brk ▼ 57 · 15m
03:42 KSA · CLOSED  · signal     · PENGU-USD · sqzExp ▼ 100 · 1h
03:42 KSA · CLOSED  · signal     · WLFI-USD · orb ▼ 75 · 15m
03:42 KSA · CLOSED  · signal     · WLFI-USD · sqzExp ▼ 100 · 1h
03:42 KSA · CLOSED  · signal     · ASTER-USD · orb ▼ 65 · 15m
03:42 KSA · CLOSED  · signal     · ASTER-USD · brk ▼ 59 · 15m
03:42 KSA · CLOSED  · signal     · ASTER-USD · sqzExp ▼ 75 · 1h
03:42 KSA · CLOSED  · signal     · APT-USD · orb ▼ 73 · 15m
03:42 KSA · CLOSED  · signal     · APT-USD · sqzExp ▼ 57 · 1h
03:44 KSA · CLOSED  · scanner    · بدء المسح · 1153 رمزاً · الجلسة CLOSED
03:44 KSA · CLOSED  · signal     · ADI · brk ▲ 100 · 15m
03:44 KSA · CLOSED  · signal     · ADP · brk ▼ 81 · 15m
03:44 KSA · CLOSED  · signal     · DASH-USD · orb ▲ 82 · 15m
03:44 KSA · CLOSED  · signal     · DASH-USD · brk ▲ 69 · 15m
03:44 KSA · CLOSED  · signal     · QQQB-USD · orb ▲ 82 · 15m
03:44 KSA · CLOSED  · signal     · TAO-USD · vwapRec ▲ 70 · 15m
03:44 KSA · CLOSED  · signal     · THE-USD · vwapRec ▲ 63 · 15m
03:44 KSA · CLOSED  · signal     · THE-USD · brk ▲ 75 · 15m
03:44 KSA · CLOSED  · signal     · PENGU-USD · vwapRec ▲ 70 · 15m
03:44 KSA · CLOSED  · signal     · WLFI-USD · vwapRec ▲ 60 · 15m
03:44 KSA · CLOSED  · signal     · WLFI-USD · brk ▲ 59 · 15m
03:44 KSA · CLOSED  · signal     · APT-USD · vwapRec ▲ 78 · 15m
03:44 KSA · CLOSED  · signal     · APT-USD · brk ▲ 70 · 15m
03:46 KSA · CLOSED  · scanner    · بدء المسح · 1153 رمزاً · الجلسة CLOSED
03:46 KSA · CLOSED  · signal     · MUB-USD · orb ▼ 82 · 15m
03:46 KSA · CLOSED  · signal     · SNDKB-USD · orb ▼ 100 · 15m
03:46 KSA · CLOSED  · signal     · SNXXB-USD · orb ▼ 64 · 15m
03:46 KSA · CLOSED  · signal     · SUI-USD · vwapRec ▼ 79 · 15m
03:46 KSA · CLOSED  · signal     · TRUMP-USD · vwapRec ▼ 57 · 15m
03:46 KSA · CLOSED  · signal     · SENT-USD · vwapRec ▲ 79 · 15m
03:46 KSA · CLOSED  · signal     · SENT-USD · brk ▲ 69 · 15m
03:48 KSA · CLOSED  · scanner    · بدء المسح · 1153 رمزاً · الجلسة CLOSED
03:50 KSA · CLOSED  · scanner    · بدء المسح · 1153 رمزاً · الجلسة CLOSED
03:50 KSA · CLOSED  · signal     · WLD-USD · vwapRec ▼ 55 · 15m
03:50 KSA · CLOSED  · signal     · SUI-USD · orb ▼ 82 · 15m
03:50 KSA · CLOSED  · signal     · TRUMP-USD · orb ▼ 82 · 15m
03:50 KSA · CLOSED  · signal     · BANK-USD · vwapRec ▲ 78 · 15m
03:50 KSA · CLOSED  · signal     · BANK-USD · brk ▲ 100 · 15m
03:52 KSA · CLOSED  · scanner    · بدء المسح · 1153 رمزاً · الجلسة CLOSED
03:52 KSA · CLOSED  · signal     · ADA-USD · orb ▼ 73 · 15m
03:52 KSA · CLOSED  · signal     · OP-USD · orb ▼ 68 · 15m
03:52 KSA · CLOSED  · signal     · MARSCOIN-USD · momo ▲ 73 · 1h
03:52 KSA · CLOSED  · signal     · UNI-USD · orb ▼ 57 · 15m
03:52 KSA · CLOSED  · signal     · UNI-USD · sqzExp ▼ 85 · 1h
03:52 KSA · CLOSED  · signal     · SUI-USD · sqzExp ▼ 88 · 1h
03:52 KSA · CLOSED  · signal     · PEPE-USD · orb ▲ 63 · 15m
03:52 KSA · CLOSED  · signal     · PEPE-USD · brk ▲ 55 · 15m
03:52 KSA · CLOSED  · signal     · TAO-USD · orb ▼ 80 · 15m
03:52 KSA · CLOSED  · signal     · TAO-USD · brk ▼ 66 · 15m
03:52 KSA · CLOSED  · signal     · TAO-USD · sqzExp ▼ 93 · 1h
03:52 KSA · CLOSED  · signal     · THE-USD · orb ▼ 75 · 15m
03:52 KSA · CLOSED  · signal     · THE-USD · sqzExp ▼ 68 · 1h
03:52 KSA · CLOSED  · signal     · THE-USD · volSpike ▲ 61 · 15m
03:52 KSA · CLOSED  · signal     · TRUMP-USD · brk ▼ 61 · 15m
03:52 KSA · CLOSED  · signal     · TRUMP-USD · sqzExp ▼ 75 · 1h
03:52 KSA · CLOSED  · signal     · EUR-USD · sqzExp ▼ 60 · 1h
03:52 KSA · CLOSED  · signal     · ARB-USD · orb ▼ 65 · 15m
03:52 KSA · CLOSED  · signal     · HOLO-USD · sqzExp ▼ 60 · 1h
03:52 KSA · CLOSED  · signal     · BANK-USD · orb ▼ 80 · 15m
03:52 KSA · CLOSED  · signal     · BANK-USD · volSpike ▼ 78 · 15m
03:52 KSA · CLOSED  · signal     · TON-USD · brk ▼ 61 · 15m
03:52 KSA · CLOSED  · signal     · SENT-USD · orb ▼ 55 · 15m
03:52 KSA · CLOSED  · signal     · PENGU-USD · orb ▼ 68 · 15m
03:52 KSA · CLOSED  · signal     · PENGU-USD · sqzExp ▼ 100 · 1h
03:52 KSA · CLOSED  · signal     · WLFI-USD · orb ▼ 75 · 15m
03:52 KSA · CLOSED  · signal     · WLFI-USD · sqzExp ▼ 100 · 1h
03:52 KSA · CLOSED  · signal     · ASTER-USD · orb ▼ 65 · 15m
03:52 KSA · CLOSED  · signal     · ASTER-USD · brk ▼ 59 · 15m
03:52 KSA · CLOSED  · signal     · ASTER-USD · sqzExp ▼ 75 · 1h
03:52 KSA · CLOSED  · signal     · APT-USD · orb ▼ 73 · 15m
03:52 KSA · CLOSED  · signal     · APT-USD · sqzExp ▼ 57 · 1h
03:54 KSA · CLOSED  · scanner    · بدء المسح · 1153 رمزاً · الجلسة CLOSED
03:54 KSA · CLOSED  · signal     · ADI · brk ▲ 100 · 15m
03:54 KSA · CLOSED  · signal     · ADP · brk ▼ 81 · 15m
03:54 KSA · CLOSED  · signal     · GRAM-USD · orb ▼ 64 · 15m
03:54 KSA · CLOSED  · signal     · TAO-USD · vwapRec ▲ 85 · 15m
03:54 KSA · CLOSED  · signal     · THE-USD · brk ▲ 80 · 15m
03:54 KSA · CLOSED  · signal     · WLFI-USD · vwapRec ▲ 68 · 15m
03:54 KSA · CLOSED  · signal     · WLFI-USD · brk ▲ 73 · 15m
03:54 KSA · CLOSED  · signal     · ASTER-USD · vwapRec ▲ 60 · 15m
03:54 KSA · CLOSED  · signal     · APT-USD · vwapRec ▲ 78 · 15m
03:54 KSA · CLOSED  · signal     · ASR-USD · meanRev ▲ 100 · 1d
03:56 KSA · CLOSED  · scanner    · بدء المسح · 1153 رمزاً · الجلسة CLOSED
03:56 KSA · CLOSED  · signal     · SENT-USD · vwapRec ▲ 79 · 15m
03:56 KSA · CLOSED  · signal     · ASTER-USD · meanRev ▼ 100 · 15m
03:58 KSA · CLOSED  · scanner    · بدء المسح · 1153 رمزاً · الجلسة CLOSED
03:58 KSA · CLOSED  · signal     · THE-USD · vwapRec ▼ 57 · 15m
03:58 KSA · CLOSED  · signal     · ARB-USD · orb ▼ 64 · 15m
03:58 KSA · CLOSED  · signal     · PENGU-USD · vwapRec ▼ 79 · 15m
04:00 KSA · CLOSED  · scanner    · بدء المسح · 1153 رمزاً · الجلسة CLOSED
04:00 KSA · CLOSED  · signal     · WLD-USD · orb ▼ 64 · 15m
04:00 KSA · CLOSED  · signal     · PEPE-USD · vwapRec ▼ 57 · 15m
04:02 KSA · CLOSED  · scanner    · بدء المسح · 1153 رمزاً · الجلسة CLOSED
04:02 KSA · CLOSED  · signal     · ETH-USD · orb ▼ 65 · 15m
04:02 KSA · CLOSED  · signal     · MARSCOIN-USD · volSpike ▲ 94 · 15m
04:02 KSA · CLOSED  · signal     · T-USD · volSpike ▼ 100 · 15m
04:02 KSA · CLOSED  · signal     · UNI-USD · sqzExp ▼ 85 · 1h
04:02 KSA · CLOSED  · signal     · SUI-USD · sqzExp ▼ 88 · 1h
04:02 KSA · CLOSED  · signal     · PEPE-USD · orb ▲ 55 · 15m
04:02 KSA · CLOSED  · signal     · TAO-USD · orb ▼ 80 · 15m
04:02 KSA · CLOSED  · signal     · TAO-USD · brk ▼ 70 · 15m
04:02 KSA · CLOSED  · signal     · TAO-USD · sqzExp ▼ 93 · 1h
04:02 KSA · CLOSED  · signal     · THE-USD · orb ▼ 75 · 15m
04:02 KSA · CLOSED  · signal     · THE-USD · sqzExp ▼ 68 · 1h
04:02 KSA · CLOSED  · signal     · TRUMP-USD · brk ▼ 61 · 15m
04:02 KSA · CLOSED  · signal     · TRUMP-USD · sqzExp ▼ 75 · 1h
04:02 KSA · CLOSED  · signal     · EUR-USD · sqzExp ▼ 60 · 1h
04:02 KSA · CLOSED  · signal     · ARB-USD · brk ▼ 64 · 15m
04:02 KSA · CLOSED  · signal     · HOLO-USD · sqzExp ▼ 60 · 1h
04:02 KSA · CLOSED  · signal     · BANK-USD · orb ▼ 65 · 15m
04:02 KSA · CLOSED  · signal     · BANK-USD · brk ▼ 57 · 15m
04:02 KSA · CLOSED  · signal     · TON-USD · brk ▼ 61 · 15m
04:02 KSA · CLOSED  · signal     · SENT-USD · orb ▼ 70 · 15m
04:02 KSA · CLOSED  · signal     · SENT-USD · brk ▼ 57 · 15m
04:02 KSA · CLOSED  · signal     · PENGU-USD · orb ▼ 60 · 15m
04:02 KSA · CLOSED  · signal     · PENGU-USD · brk ▼ 57 · 15m
04:02 KSA · CLOSED  · signal     · PENGU-USD · sqzExp ▼ 100 · 1h
04:02 KSA · CLOSED  · signal     · WLFI-USD · orb ▼ 75 · 15m
04:02 KSA · CLOSED  · signal     · WLFI-USD · sqzExp ▼ 100 · 1h
04:02 KSA · CLOSED  · signal     · ASTER-USD · orb ▼ 65 · 15m
04:02 KSA · CLOSED  · signal     · ASTER-USD · brk ▼ 73 · 15m
04:02 KSA · CLOSED  · signal     · ASTER-USD · sqzExp ▼ 75 · 1h
04:02 KSA · CLOSED  · signal     · APT-USD · orb ▼ 80 · 15m
04:02 KSA · CLOSED  · signal     · APT-USD · brk ▼ 80 · 15m
04:02 KSA · CLOSED  · signal     · APT-USD · sqzExp ▼ 57 · 1h
04:04 KSA · CLOSED  · scanner    · بدء المسح · 1153 رمزاً · الجلسة CLOSED
04:04 KSA · CLOSED  · signal     · ADI · brk ▲ 100 · 15m
04:04 KSA · CLOSED  · signal     · ADP · brk ▼ 81 · 15m
04:04 KSA · CLOSED  · signal     · CAKE-USD · orb ▼ 64 · 15m
04:04 KSA · CLOSED  · signal     · WLFI-USD · vwapRec ▲ 85 · 15m
04:04 KSA · CLOSED  · signal     · LQTY-USD · brk ▼ 69 · 1d
04:07 KSA · CLOSED  · scanner    · بدء المسح · 1153 رمزاً · الجلسة CLOSED
04:07 KSA · CLOSED  · signal     · RAY-USD · brk ▲ 100 · 15m
04:07 KSA · CLOSED  · signal     · SPCXB-USD · brk ▲ 100 · 15m
04:07 KSA · CLOSED  · signal     · PEPE-USD · vwapRec ▲ 57 · 15m
04:07 KSA · CLOSED  · signal     · TAO-USD · vwapRec ▲ 57 · 15m
04:07 KSA · CLOSED  · signal     · PUMP-USD · orb ▲ 100 · 15m
04:07 KSA · CLOSED  · signal     · ASTER-USD · vwapRec ▲ 79 · 15m
04:08 KSA · CLOSED  · scanner    · بدء المسح · 1153 رمزاً · الجلسة CLOSED
04:08 KSA · CLOSED  · signal     · DASH-USD · sqzExp ▲ 100 · 1h
04:08 KSA · CLOSED  · signal     · BANK-USD · vwapRec ▼ 79 · 15m
04:10 KSA · CLOSED  · scanner    · بدء المسح · 1153 رمزاً · الجلسة CLOSED
04:10 KSA · CLOSED  · signal     · MUB-USD · orb ▲ 64 · 15m
04:10 KSA · CLOSED  · signal     · MUB-USD · brk ▲ 69 · 15m
04:10 KSA · CLOSED  · signal     · PENGU-USD · orb ▼ 82 · 15m
04:10 KSA · CLOSED  · signal     · APT-USD · vwapRec ▼ 79 · 15m
04:12 KSA · CLOSED  · scanner    · بدء المسح · 1153 رمزاً · الجلسة CLOSED
04:12 KSA · CLOSED  · signal     · UNI-USD · sqzExp ▼ 85 · 1h
04:12 KSA · CLOSED  · signal     · SUI-USD · sqzExp ▼ 88 · 1h
04:12 KSA · CLOSED  · signal     · PEPE-USD · orb ▲ 55 · 15m
04:12 KSA · CLOSED  · signal     · TAO-USD · orb ▼ 80 · 15m
04:12 KSA · CLOSED  · signal     · TAO-USD · brk ▼ 70 · 15m
04:12 KSA · CLOSED  · signal     · TAO-USD · sqzExp ▼ 93 · 1h
04:12 KSA · CLOSED  · signal     · THE-USD · orb ▼ 75 · 15m
04:12 KSA · CLOSED  · signal     · THE-USD · brk ▼ 73 · 15m
04:12 KSA · CLOSED  · signal     · THE-USD · sqzExp ▼ 68 · 1h
04:12 KSA · CLOSED  · signal     · TRUMP-USD · brk ▼ 61 · 15m
04:12 KSA · CLOSED  · signal     · TRUMP-USD · sqzExp ▼ 75 · 1h
04:12 KSA · CLOSED  · signal     · EUR-USD · sqzExp ▼ 60 · 1h
04:12 KSA · CLOSED  · signal     · ARB-USD · brk ▼ 64 · 15m
04:12 KSA · CLOSED  · signal     · HOLO-USD · sqzExp ▼ 60 · 1h
04:12 KSA · CLOSED  · signal     · BANK-USD · orb ▼ 65 · 15m
04:12 KSA · CLOSED  · signal     · BANK-USD · brk ▼ 57 · 15m
04:12 KSA · CLOSED  · signal     · TON-USD · brk ▼ 61 · 15m
04:12 KSA · CLOSED  · signal     · SENT-USD · orb ▼ 70 · 15m
04:12 KSA · CLOSED  · signal     · SENT-USD · brk ▼ 57 · 15m
04:12 KSA · CLOSED  · signal     · PENGU-USD · brk ▼ 57 · 15m
04:12 KSA · CLOSED  · signal     · PENGU-USD · sqzExp ▼ 100 · 1h
04:12 KSA · CLOSED  · signal     · WLFI-USD · orb ▼ 75 · 15m
04:12 KSA · CLOSED  · signal     · WLFI-USD · brk ▼ 59 · 15m
04:12 KSA · CLOSED  · signal     · WLFI-USD · sqzExp ▼ 100 · 1h
04:12 KSA · CLOSED  · signal     · ASTER-USD · orb ▼ 65 · 15m
04:12 KSA · CLOSED  · signal     · ASTER-USD · brk ▼ 73 · 15m
04:12 KSA · CLOSED  · signal     · ASTER-USD · sqzExp ▼ 75 · 1h
04:12 KSA · CLOSED  · signal     · APT-USD · orb ▼ 80 · 15m
04:12 KSA · CLOSED  · signal     · APT-USD · brk ▼ 80 · 15m
04:12 KSA · CLOSED  · signal     · APT-USD · sqzExp ▼ 57 · 1h
04:14 KSA · CLOSED  · scanner    · بدء المسح · 1153 رمزاً · الجلسة CLOSED
04:14 KSA · CLOSED  · signal     · ADI · brk ▲ 100 · 15m
04:14 KSA · CLOSED  · signal     · ADP · brk ▼ 81 · 15m
04:14 KSA · CLOSED  · signal     · ENA-USD · orb ▲ 82 · 15m
04:14 KSA · CLOSED  · signal     · TAO-USD · vwapRec ▲ 85 · 15m
04:14 KSA · CLOSED  · signal     · WLFI-USD · vwapRec ▲ 68 · 15m
04:16 KSA · CLOSED  · scanner    · بدء المسح · 1153 رمزاً · الجلسة CLOSED
04:16 KSA · CLOSED  · signal     · MTL-USD · vwapRec ▼ 57 · 15m
04:16 KSA · CLOSED  · signal     · UNI-USD · vwapRec ▲ 79 · 15m
04:18 KSA · CLOSED  · scanner    · بدء المسح · 1153 رمزاً · الجلسة CLOSED
04:18 KSA · CLOSED  · signal     · PEPE-USD · vwapRec ▲ 57 · 15m
04:18 KSA · CLOSED  · signal     · ASTER-USD · vwapRec ▲ 79 · 15m
04:20 KSA · CLOSED  · scanner    · بدء المسح · 1153 رمزاً · الجلسة CLOSED
04:20 KSA · CLOSED  · signal     · ZEC-USD · orb ▲ 82 · 15m
04:20 KSA · CLOSED  · signal     · 牛来-USD · meanRev ▼ 100 · 15m
04:20 KSA · CLOSED  · signal     · WLFI-USD · meanRev ▼ 100 · 15m
04:23 KSA · CLOSED  · scanner    · بدء المسح · 1153 رمزاً · الجلسة CLOSED
04:23 KSA · CLOSED  · signal     · SOL-USD · vwapRec ▼ 65 · 15m
04:23 KSA · CLOSED  · signal     · GRAM-USD · tfAlign ▼ 82 · 1d
04:23 KSA · CLOSED  · signal     · XAUT-USD · volSpike ▲ 78 · 15m
04:23 KSA · CLOSED  · signal     · ONDO-USD · pbTrend ▼ 60 · 1h
04:23 KSA · CLOSED  · signal     · QQQB-USD · momo ▲ 61 · 1h
04:23 KSA · CLOSED  · signal     · UNI-USD · orb ▼ 57 · 15m
04:23 KSA · CLOSED  · signal     · UNI-USD · sqzExp ▼ 90 · 1h
04:23 KSA · CLOSED  · signal     · SUI-USD · sqzExp ▼ 73 · 1h
04:23 KSA · CLOSED  · signal     · U-USD · orb ▼ 57 · 15m
04:23 KSA · CLOSED  · signal     · PEPE-USD · orb ▲ 63 · 15m
04:23 KSA · CLOSED  · signal     · TAO-USD · orb ▼ 65 · 15m
04:23 KSA · CLOSED  · signal     · TAO-USD · sqzExp ▼ 100 · 1h
04:23 KSA · CLOSED  · signal     · THE-USD · orb ▼ 75 · 15m
04:23 KSA · CLOSED  · signal     · THE-USD · vwapRec ▼ 57 · 15m
04:23 KSA · CLOSED  · signal     · THE-USD · brk ▼ 73 · 15m
04:23 KSA · CLOSED  · signal     · THE-USD · sqzExp ▼ 78 · 1h
04:23 KSA · CLOSED  · signal     · TRUMP-USD · brk ▼ 61 · 15m
04:23 KSA · CLOSED  · signal     · TRUMP-USD · sqzExp ▼ 75 · 1h
04:23 KSA · CLOSED  · signal     · EUR-USD · sqzExp ▼ 60 · 1h
04:23 KSA · CLOSED  · signal     · ARB-USD · brk ▼ 64 · 15m
04:23 KSA · CLOSED  · signal     · HOLO-USD · sqzExp ▼ 60 · 1h
04:23 KSA · CLOSED  · signal     · BANK-USD · orb ▼ 65 · 15m
04:23 KSA · CLOSED  · signal     · BANK-USD · brk ▼ 57 · 15m
04:23 KSA · CLOSED  · signal     · BANK-USD · sqzExp ▼ 80 · 1h
04:23 KSA · CLOSED  · signal     · TON-USD · brk ▼ 61 · 15m
04:23 KSA · CLOSED  · signal     · SENT-USD · orb ▼ 63 · 15m
04:23 KSA · CLOSED  · signal     · PENGU-USD · sqzExp ▼ 85 · 1h
04:23 KSA · CLOSED  · signal     · WLFI-USD · orb ▼ 75 · 15m
04:23 KSA · CLOSED  · signal     · WLFI-USD · brk ▼ 59 · 15m
04:23 KSA · CLOSED  · signal     · WLFI-USD · sqzExp ▼ 100 · 1h
04:23 KSA · CLOSED  · signal     · ASTER-USD · orb ▼ 65 · 15m
04:23 KSA · CLOSED  · signal     · ASTER-USD · brk ▼ 66 · 15m
04:23 KSA · CLOSED  · signal     · ASTER-USD · sqzExp ▼ 90 · 1h
04:23 KSA · CLOSED  · signal     · APT-USD · orb ▼ 73 · 15m
04:23 KSA · CLOSED  · signal     · APT-USD · brk ▼ 70 · 15m
04:25 KSA · CLOSED  · scanner    · بدء المسح · 1153 رمزاً · الجلسة CLOSED
04:25 KSA · CLOSED  · signal     · ADI · brk ▲ 100 · 15m
04:25 KSA · CLOSED  · signal     · ADP · brk ▼ 81 · 15m
04:25 KSA · CLOSED  · signal     · PAXG-USD · meanRev ▼ 100 · 15m
04:25 KSA · CLOSED  · signal     · RAY-USD · brk ▲ 100 · 15m
04:25 KSA · CLOSED  · signal     · SPCXB-USD · orb ▲ 100 · 15m
04:25 KSA · CLOSED  · signal     · UNI-USD · vwapRec ▲ 60 · 15m
04:25 KSA · CLOSED  · signal     · TAO-USD · vwapRec ▲ 78 · 15m
04:25 KSA · CLOSED  · signal     · SENT-USD · vwapRec ▲ 65 · 15m
04:25 KSA · CLOSED  · signal     · PENGU-USD · vwapRec ▲ 70 · 15m
04:25 KSA · CLOSED  · signal     · WLFI-USD · vwapRec ▲ 85 · 15m
04:25 KSA · CLOSED  · signal     · ASTER-USD · vwapRec ▲ 60 · 15m
04:26 KSA · CLOSED  · scanner    · بدء المسح · 1153 رمزاً · الجلسة CLOSED
04:26 KSA · CLOSED  · signal     · ETH-USD · orb ▲ 100 · 15m
04:26 KSA · CLOSED  · signal     · BNB-USD · vwapRec ▲ 79 · 15m
04:26 KSA · CLOSED  · signal     · AVAX-USD · vwapRec ▲ 70 · 15m
04:26 KSA · CLOSED  · signal     · SUI-USD · vwapRec ▲ 57 · 15m
04:26 KSA · CLOSED  · signal     · BANK-USD · vwapRec ▲ 79 · 15m
04:26 KSA · CLOSED  · signal     · PENGU-USD · orb ▲ 100 · 15m
04:26 KSA · CLOSED  · signal     · PENGU-USD · brk ▲ 69 · 15m
04:28 KSA · CLOSED  · scanner    · بدء المسح · 1153 رمزاً · الجلسة CLOSED
04:28 KSA · CLOSED  · signal     · LINK-USD · vwapRec ▲ 79 · 15m
04:28 KSA · CLOSED  · signal     · PEPE-USD · orb ▲ 82 · 15m
04:28 KSA · CLOSED  · signal     · PEPE-USD · brk ▲ 100 · 15m
04:28 KSA · CLOSED  · signal     · TAO-USD · orb ▲ 82 · 15m
04:28 KSA · CLOSED  · signal     · THE-USD · vwapRec ▼ 57 · 15m
04:28 KSA · CLOSED  · signal     · ARB-USD · vwapRec ▲ 100 · 15m
04:30 KSA · CLOSED  · scanner    · بدء المسح · 1153 رمزاً · الجلسة CLOSED
04:30 KSA · CLOSED  · signal     · DOGE-USD · meanRev ▼ 100 · 15m
04:30 KSA · CLOSED  · signal     · WLD-USD · orb ▲ 82 · 15m
04:30 KSA · CLOSED  · signal     · XPL-USD · brk ▲ 100 · 15m
04:30 KSA · CLOSED  · signal     · UNI-USD · orb ▲ 82 · 15m
04:30 KSA · CLOSED  · signal     · UNI-USD · brk ▲ 69 · 15m
04:30 KSA · CLOSED  · signal     · SUI-USD · orb ▲ 100 · 15m
04:30 KSA · CLOSED  · signal     · U-USD · orb ▲ 100 · 15m
04:30 KSA · CLOSED  · signal     · U-USD · vwapRec ▲ 57 · 15m
04:30 KSA · CLOSED  · signal     · TAO-USD · brk ▲ 100 · 15m
04:32 KSA · CLOSED  · scanner    · بدء المسح · 1153 رمزاً · الجلسة CLOSED
04:32 KSA · CLOSED  · signal     · UNI-USD · sqzExp ▼ 90 · 1h
04:32 KSA · CLOSED  · signal     · SUI-USD · sqzExp ▼ 73 · 1h
04:32 KSA · CLOSED  · signal     · U-USD · volSpike ▲ 72 · 15m
04:32 KSA · CLOSED  · signal     · PEPE-USD · volSpike ▲ 78 · 15m
04:32 KSA · CLOSED  · signal     · TAO-USD · sqzExp ▼ 100 · 1h
04:32 KSA · CLOSED  · signal     · THE-USD · orb ▼ 75 · 15m
04:32 KSA · CLOSED  · signal     · THE-USD · brk ▼ 73 · 15m
04:32 KSA · CLOSED  · signal     · THE-USD · sqzExp ▼ 78 · 1h
04:32 KSA · CLOSED  · signal     · TRUMP-USD · brk ▼ 57 · 15m
04:32 KSA · CLOSED  · signal     · TRUMP-USD · sqzExp ▼ 75 · 1h
04:32 KSA · CLOSED  · signal     · EUR-USD · sqzExp ▼ 60 · 1h
04:32 KSA · CLOSED  · signal     · ARB-USD · brk ▼ 59 · 15m
04:32 KSA · CLOSED  · signal     · HOLO-USD · sqzExp ▼ 60 · 1h
04:32 KSA · CLOSED  · signal     · BANK-USD · orb ▼ 65 · 15m
04:32 KSA · CLOSED  · signal     · BANK-USD · sqzExp ▼ 80 · 1h
04:32 KSA · CLOSED  · signal     · TON-USD · brk ▼ 61 · 15m
04:32 KSA · CLOSED  · signal     · SENT-USD · orb ▼ 70 · 15m
04:32 KSA · CLOSED  · signal     · PENGU-USD · sqzExp ▼ 85 · 1h
04:32 KSA · CLOSED  · signal     · WLFI-USD · orb ▼ 75 · 15m
04:32 KSA · CLOSED  · signal     · WLFI-USD · brk ▼ 59 · 15m
04:32 KSA · CLOSED  · signal     · WLFI-USD · sqzExp ▼ 100 · 1h
04:32 KSA · CLOSED  · signal     · ASTER-USD · orb ▼ 65 · 15m
04:32 KSA · CLOSED  · signal     · ASTER-USD · brk ▼ 59 · 15m
04:32 KSA · CLOSED  · signal     · ASTER-USD · sqzExp ▼ 90 · 1h
04:32 KSA · CLOSED  · signal     · APT-USD · orb ▼ 65 · 15m
04:34 KSA · CLOSED  · scanner    · بدء المسح · 1153 رمزاً · الجلسة CLOSED
04:34 KSA · CLOSED  · signal     · ADI · brk ▲ 100 · 15m
04:34 KSA · CLOSED  · signal     · ADP · brk ▼ 81 · 15m
04:34 KSA · CLOSED  · signal     · XAUT-USD · pbTrend ▼ 57 · 1h
04:34 KSA · CLOSED  · signal     · ETHFI-USD · brk ▲ 100 · 15m
04:34 KSA · CLOSED  · signal     · MARSCOIN-USD · meanRev ▼ 100 · 15m
04:34 KSA · CLOSED  · signal     · MSTRB-USD · orb ▲ 100 · 15m
04:34 KSA · CLOSED  · signal     · UNI-USD · orb ▲ 80 · 15m
04:34 KSA · CLOSED  · signal     · UNI-USD · brk ▲ 68 · 15m
04:34 KSA · CLOSED  · signal     · SUI-USD · orb ▲ 68 · 15m
04:34 KSA · CLOSED  · signal     · SUI-USD · vwapRec ▲ 70 · 15m
04:34 KSA · CLOSED  · signal     · U-USD · orb ▲ 80 · 15m
04:34 KSA · CLOSED  · signal     · 牛来-USD · brk ▲ 69 · 15m
04:34 KSA · CLOSED  · signal     · TAO-USD · vwapRec ▲ 85 · 15m
04:34 KSA · CLOSED  · signal     · TRUMP-USD · vwapRec ▲ 78 · 15m
04:34 KSA · CLOSED  · signal     · BANK-USD · vwapRec ▲ 70 · 15m
04:34 KSA · CLOSED  · signal     · SENT-USD · vwapRec ▲ 55 · 15m
04:34 KSA · CLOSED  · signal     · SENT-USD · brk ▲ 64 · 15m
04:34 KSA · CLOSED  · signal     · PENGU-USD · orb ▲ 90 · 15m
04:34 KSA · CLOSED  · signal     · PENGU-USD · vwapRec ▲ 78 · 15m
04:34 KSA · CLOSED  · signal     · PENGU-USD · brk ▲ 75 · 15m
04:34 KSA · CLOSED  · signal     · WLFI-USD · vwapRec ▲ 85 · 15m
04:34 KSA · CLOSED  · signal     · APT-USD · vwapRec ▲ 70 · 15m
04:37 KSA · CLOSED  · scanner    · بدء المسح · 1153 رمزاً · الجلسة CLOSED
04:37 KSA · CLOSED  · signal     · SOL-USD · sqzExp ▲ 100 · 1h
04:37 KSA · CLOSED  · signal     · HBAR-USD · orb ▲ 100 · 15m
04:37 KSA · CLOSED  · signal     · PAXG-USD · pbTrend ▼ 57 · 1h
04:37 KSA · CLOSED  · signal     · ONDO-USD · orb ▲ 100 · 15m
04:37 KSA · CLOSED  · signal     · QQQB-USD · orb ▲ 82 · 15m
04:37 KSA · CLOSED  · signal     · SUI-USD · sqzExp ▲ 100 · 1h
04:37 KSA · CLOSED  · signal     · PUMP-USD · brk ▲ 100 · 15m
04:37 KSA · CLOSED  · signal     · ARB-USD · vwapRec ▲ 60 · 15m
04:38 KSA · CLOSED  · scanner    · بدء المسح · 1153 رمزاً · الجلسة CLOSED
04:38 KSA · CLOSED  · signal     · ARB-USD · orb ▲ 82 · 15m
04:40 KSA · CLOSED  · scanner    · بدء المسح · 1153 رمزاً · الجلسة CLOSED
04:42 KSA · CLOSED  · scanner    · بدء المسح · 1153 رمزاً · الجلسة CLOSED
04:42 KSA · CLOSED  · signal     · UNI-USD · sqzExp ▼ 90 · 1h
04:42 KSA · CLOSED  · signal     · TAO-USD · orb ▼ 73 · 15m
04:42 KSA · CLOSED  · signal     · TAO-USD · brk ▼ 57 · 15m
04:42 KSA · CLOSED  · signal     · TAO-USD · sqzExp ▼ 100 · 1h
04:42 KSA · CLOSED  · signal     · THE-USD · orb ▼ 75 · 15m
04:42 KSA · CLOSED  · signal     · THE-USD · brk ▼ 73 · 15m
04:42 KSA · CLOSED  · signal     · THE-USD · sqzExp ▼ 78 · 1h
04:42 KSA · CLOSED  · signal     · TRUMP-USD · orb ▼ 73 · 15m
04:42 KSA · CLOSED  · signal     · TRUMP-USD · brk ▼ 57 · 15m
04:42 KSA · CLOSED  · signal     · TRUMP-USD · sqzExp ▼ 75 · 1h
04:42 KSA · CLOSED  · signal     · EUR-USD · sqzExp ▼ 60 · 1h
04:42 KSA · CLOSED  · signal     · ARB-USD · brk ▼ 59 · 15m
04:42 KSA · CLOSED  · signal     · HOLO-USD · sqzExp ▼ 60 · 1h
04:42 KSA · CLOSED  · signal     · BANK-USD · orb ▼ 65 · 15m
04:42 KSA · CLOSED  · signal     · BANK-USD · sqzExp ▼ 80 · 1h
04:42 KSA · CLOSED  · signal     · TON-USD · brk ▼ 61 · 15m
04:42 KSA · CLOSED  · signal     · SENT-USD · orb ▼ 70 · 15m
04:42 KSA · CLOSED  · signal     · PENGU-USD · sqzExp ▼ 85 · 1h
04:42 KSA · CLOSED  · signal     · WLFI-USD · orb ▼ 75 · 15m
04:42 KSA · CLOSED  · signal     · WLFI-USD · brk ▼ 59 · 15m
04:42 KSA · CLOSED  · signal     · WLFI-USD · sqzExp ▼ 100 · 1h
04:42 KSA · CLOSED  · signal     · ASTER-USD · orb ▼ 65 · 15m
04:42 KSA · CLOSED  · signal     · ASTER-USD · brk ▼ 59 · 15m
04:42 KSA · CLOSED  · signal     · ASTER-USD · sqzExp ▼ 90 · 1h
04:42 KSA · CLOSED  · signal     · APT-USD · orb ▼ 65 · 15m
04:44 KSA · CLOSED  · scanner    · بدء المسح · 1153 رمزاً · الجلسة CLOSED
04:44 KSA · CLOSED  · signal     · ADI · brk ▲ 100 · 15m
04:44 KSA · CLOSED  · signal     · ADP · brk ▼ 81 · 15m
04:44 KSA · CLOSED  · signal     · SOL-USD · vwapRec ▲ 57 · 15m
04:44 KSA · CLOSED  · signal     · BCH-USD · vwapRec ▲ 57 · 15m
04:44 KSA · CLOSED  · signal     · PENDLE-USD · vwapRec ▲ 79 · 15m
04:44 KSA · CLOSED  · signal     · UNI-USD · orb ▲ 80 · 15m
04:44 KSA · CLOSED  · signal     · UNI-USD · brk ▲ 68 · 15m
04:44 KSA · CLOSED  · signal     · SUI-USD · orb ▲ 88 · 15m
04:44 KSA · CLOSED  · signal     · SUI-USD · vwapRec ▲ 70 · 15m
04:44 KSA · CLOSED  · signal     · SUI-USD · sqzExp ▲ 63 · 1h
04:44 KSA · CLOSED  · signal     · U-USD · orb ▲ 80 · 15m
04:44 KSA · CLOSED  · signal     · THE-USD · vwapRec ▲ 85 · 15m
04:44 KSA · CLOSED  · signal     · TRUMP-USD · vwapRec ▲ 78 · 15m
04:44 KSA · CLOSED  · signal     · SENT-USD · vwapRec ▲ 55 · 15m
04:44 KSA · CLOSED  · signal     · SENT-USD · brk ▲ 64 · 15m
04:44 KSA · CLOSED  · signal     · PENGU-USD · orb ▲ 90 · 15m
04:44 KSA · CLOSED  · signal     · PENGU-USD · vwapRec ▲ 78 · 15m
04:44 KSA · CLOSED  · signal     · PENGU-USD · brk ▲ 75 · 15m
04:44 KSA · CLOSED  · signal     · WLFI-USD · vwapRec ▲ 60 · 15m
04:44 KSA · CLOSED  · signal     · ASTER-USD · vwapRec ▲ 60 · 15m
04:44 KSA · CLOSED  · signal     · APT-USD · vwapRec ▲ 70 · 15m
04:46 KSA · CLOSED  · scanner    · بدء المسح · 1153 رمزاً · الجلسة CLOSED
04:46 KSA · CLOSED  · signal     · BANK-USD · vwapRec ▲ 79 · 15m
04:48 KSA · CLOSED  · scanner    · بدء المسح · 1153 رمزاً · الجلسة CLOSED
04:50 KSA · CLOSED  · scanner    · بدء المسح · 1153 رمزاً · الجلسة CLOSED
04:50 KSA · CLOSED  · signal     · SNDKB-USD · orb ▼ 82 · 15m
04:50 KSA · CLOSED  · signal     · ARB-USD · vwapRec ▼ 100 · 15m
04:50 KSA · CLOSED  · signal     · ASTER-USD · orb ▲ 82 · 15m
04:50 KSA · CLOSED  · signal     · ASTER-USD · brk ▲ 69 · 15m
04:52 KSA · CLOSED  · scanner    · بدء المسح · 1153 رمزاً · الجلسة CLOSED
04:52 KSA · CLOSED  · signal     · PAXG-USD · volSpike ▼ 100 · 15m
04:52 KSA · CLOSED  · signal     · RAY-USD · volSpike ▲ 89 · 15m
04:52 KSA · CLOSED  · signal     · UNI-USD · sqzExp ▼ 90 · 1h
04:52 KSA · CLOSED  · signal     · TAO-USD · orb ▼ 80 · 15m
04:52 KSA · CLOSED  · signal     · TAO-USD · vwapRec ▼ 57 · 15m
04:52 KSA · CLOSED  · signal     · TAO-USD · brk ▼ 80 · 15m
04:52 KSA · CLOSED  · signal     · TAO-USD · sqzExp ▼ 100 · 1h
04:52 KSA · CLOSED  · signal     · THE-USD · orb ▼ 75 · 15m
04:52 KSA · CLOSED  · signal     · THE-USD · brk ▼ 66 · 15m
04:52 KSA · CLOSED  · signal     · THE-USD · sqzExp ▼ 78 · 1h
04:52 KSA · CLOSED  · signal     · THE-USD · volSpike ▲ 56 · 15m
04:52 KSA · CLOSED  · signal     · TRUMP-USD · orb ▼ 65 · 15m
04:52 KSA · CLOSED  · signal     · TRUMP-USD · sqzExp ▼ 75 · 1h
04:52 KSA · CLOSED  · signal     · EUR-USD · sqzExp ▼ 60 · 1h
04:52 KSA · CLOSED  · signal     · ARB-USD · orb ▼ 65 · 15m
04:52 KSA · CLOSED  · signal     · ARB-USD · brk ▼ 73 · 15m
04:52 KSA · CLOSED  · signal     · HOLO-USD · sqzExp ▼ 60 · 1h
04:52 KSA · CLOSED  · signal     · BANK-USD · orb ▼ 65 · 15m
04:52 KSA · CLOSED  · signal     · BANK-USD · sqzExp ▼ 80 · 1h
04:52 KSA · CLOSED  · signal     · TON-USD · brk ▼ 61 · 15m
04:52 KSA · CLOSED  · signal     · SENT-USD · orb ▼ 70 · 15m
04:52 KSA · CLOSED  · signal     · PENGU-USD · sqzExp ▼ 85 · 1h
04:52 KSA · CLOSED  · signal     · WLFI-USD · orb ▼ 75 · 15m
04:52 KSA · CLOSED  · signal     · WLFI-USD · brk ▼ 66 · 15m
04:52 KSA · CLOSED  · signal     · WLFI-USD · sqzExp ▼ 100 · 1h
04:52 KSA · CLOSED  · signal     · ASTER-USD · sqzExp ▼ 90 · 1h
04:52 KSA · CLOSED  · signal     · APT-USD · orb ▼ 73 · 15m
04:52 KSA · CLOSED  · signal     · APT-USD · brk ▼ 57 · 15m
04:54 KSA · CLOSED  · scanner    · بدء المسح · 1153 رمزاً · الجلسة CLOSED
04:54 KSA · CLOSED  · signal     · ADI · brk ▲ 100 · 15m
04:54 KSA · CLOSED  · signal     · ADP · brk ▼ 81 · 15m
04:54 KSA · CLOSED  · signal     · SOXLB-USD · orb ▼ 82 · 15m
04:54 KSA · CLOSED  · signal     · UNI-USD · orb ▲ 80 · 15m
04:54 KSA · CLOSED  · signal     · UNI-USD · vwapRec ▲ 60 · 15m
04:54 KSA · CLOSED  · signal     · UNI-USD · brk ▲ 68 · 15m
04:54 KSA · CLOSED  · signal     · SUI-USD · orb ▲ 75 · 15m
04:54 KSA · CLOSED  · signal     · SUI-USD · vwapRec ▲ 93 · 15m
04:54 KSA · CLOSED  · signal     · U-USD · orb ▲ 73 · 15m
04:54 KSA · CLOSED  · signal     · TRUMP-USD · vwapRec ▲ 70 · 15m
04:54 KSA · CLOSED  · signal     · SENT-USD · vwapRec ▲ 63 · 15m
04:54 KSA · CLOSED  · signal     · SENT-USD · brk ▲ 64 · 15m
04:54 KSA · CLOSED  · signal     · PENGU-USD · orb ▲ 90 · 15m
04:54 KSA · CLOSED  · signal     · PENGU-USD · vwapRec ▲ 93 · 15m
04:56 KSA · CLOSED  · scanner    · بدء المسح · 1153 رمزاً · الجلسة CLOSED
04:56 KSA · CLOSED  · signal     · CRCLB-USD · vwapRec ▼ 100 · 15m
04:56 KSA · CLOSED  · signal     · ARB-USD · orb ▼ 82 · 15m
04:58 KSA · CLOSED  · scanner    · بدء المسح · 1153 رمزاً · الجلسة CLOSED
05:00 KSA · CLOSED  · scanner    · بدء المسح · 1153 رمزاً · الجلسة CLOSED
05:00 KSA · CLOSED  · signal     · THE-USD · vwapRec ▲ 85 · 15m
05:00 KSA · CLOSED  · signal     · BANK-USD · vwapRec ▼ 79 · 15m
05:02 KSA · CLOSED  · scanner    · بدء المسح · 1153 رمزاً · الجلسة CLOSED
05:02 KSA · CLOSED  · signal     · QQQB-USD · orb ▼ 85 · 15m
05:02 KSA · CLOSED  · signal     · UNI-USD · sqzExp ▼ 90 · 1h
05:02 KSA · CLOSED  · signal     · SUI-USD · sqzExp ▼ 73 · 1h
05:02 KSA · CLOSED  · signal     · U-USD · brk ▼ 55 · 15m
05:02 KSA · CLOSED  · signal     · TAO-USD · orb ▼ 80 · 15m
05:02 KSA · CLOSED  · signal     · TAO-USD · brk ▼ 64 · 15m
05:02 KSA · CLOSED  · signal     · TAO-USD · sqzExp ▼ 100 · 1h
05:02 KSA · CLOSED  · signal     · THE-USD · orb ▼ 75 · 15m
05:02 KSA · CLOSED  · signal     · THE-USD · brk ▼ 73 · 15m
05:02 KSA · CLOSED  · signal     · THE-USD · sqzExp ▼ 78 · 1h
05:02 KSA · CLOSED  · signal     · TRUMP-USD · orb ▼ 65 · 15m
05:02 KSA · CLOSED  · signal     · TRUMP-USD · brk ▼ 55 · 15m
05:02 KSA · CLOSED  · signal     · TRUMP-USD · sqzExp ▼ 75 · 1h
05:02 KSA · CLOSED  · signal     · EUR-USD · sqzExp ▼ 60 · 1h
05:02 KSA · CLOSED  · signal     · ARB-USD · brk ▼ 55 · 15m
05:02 KSA · CLOSED  · signal     · HOLO-USD · sqzExp ▼ 60 · 1h
05:02 KSA · CLOSED  · signal     · BANK-USD · orb ▼ 73 · 15m
05:02 KSA · CLOSED  · signal     · BANK-USD · brk ▼ 59 · 15m
05:02 KSA · CLOSED  · signal     · BANK-USD · sqzExp ▼ 80 · 1h
05:02 KSA · CLOSED  · signal     · TON-USD · brk ▼ 61 · 15m
05:02 KSA · CLOSED  · signal     · SENT-USD · orb ▼ 70 · 15m
05:02 KSA · CLOSED  · signal     · PENGU-USD · brk ▼ 66 · 15m
05:02 KSA · CLOSED  · signal     · PENGU-USD · sqzExp ▼ 85 · 1h
05:02 KSA · CLOSED  · signal     · WLFI-USD · orb ▼ 75 · 15m
05:02 KSA · CLOSED  · signal     · WLFI-USD · brk ▼ 73 · 15m
05:02 KSA · CLOSED  · signal     · WLFI-USD · sqzExp ▼ 100 · 1h
05:02 KSA · CLOSED  · signal     · ASTER-USD · sqzExp ▼ 90 · 1h
05:02 KSA · CLOSED  · signal     · APT-USD · orb ▼ 65 · 15m
05:02 KSA · CLOSED  · signal     · APT-USD · brk ▼ 55 · 15m
05:04 KSA · CLOSED  · scanner    · بدء المسح · 1153 رمزاً · الجلسة CLOSED
05:04 KSA · CLOSED  · signal     · ADI · brk ▲ 100 · 15m
05:04 KSA · CLOSED  · signal     · ADP · brk ▼ 81 · 15m
05:04 KSA · CLOSED  · signal     · SUI-USD · orb ▲ 68 · 15m
05:04 KSA · CLOSED  · signal     · SUI-USD · vwapRec ▲ 93 · 15m
05:04 KSA · CLOSED  · signal     · U-USD · orb ▲ 80 · 15m
05:04 KSA · CLOSED  · signal     · TRUMP-USD · vwapRec ▲ 70 · 15m
05:04 KSA · CLOSED  · signal     · SENT-USD · vwapRec ▲ 80 · 15m
05:04 KSA · CLOSED  · signal     · PENGU-USD · orb ▲ 90 · 15m
05:04 KSA · CLOSED  · signal     · PENGU-USD · vwapRec ▲ 93 · 15m
05:04 KSA · CLOSED  · signal     · ASTER-USD · orb ▲ 55 · 15m
05:08 KSA · CLOSED  · scanner    · بدء المسح · 1153 رمزاً · الجلسة CLOSED
05:08 KSA · CLOSED  · signal     · UNI-USD · vwapRec ▼ 79 · 15m
05:08 KSA · CLOSED  · signal     · WLFI-USD · vwapRec ▼ 100 · 15m
05:08 KSA · CLOSED  · signal     · APT-USD · vwapRec ▼ 79 · 15m
05:10 KSA · CLOSED  · scanner    · بدء المسح · 1153 رمزاً · الجلسة CLOSED
05:10 KSA · CLOSED  · signal     · WLD-USD · orb ▼ 64 · 15m
05:10 KSA · CLOSED  · signal     · COOKIE-USD · brk ▼ 69 · 1d
05:12 KSA · CLOSED  · scanner    · بدء المسح · 1153 رمزاً · الجلسة CLOSED
05:12 KSA · CLOSED  · signal     · UNI-USD · orb ▼ 57 · 15m
05:12 KSA · CLOSED  · signal     · UNI-USD · brk ▼ 59 · 15m
05:12 KSA · CLOSED  · signal     · UNI-USD · sqzExp ▼ 90 · 1h
05:12 KSA · CLOSED  · signal     · SUI-USD · sqzExp ▼ 73 · 1h
05:12 KSA · CLOSED  · signal     · U-USD · brk ▼ 55 · 15m
05:12 KSA · CLOSED  · signal     · TAO-USD · orb ▼ 80 · 15m
05:12 KSA · CLOSED  · signal     · TAO-USD · brk ▼ 64 · 15m
05:12 KSA · CLOSED  · signal     · TAO-USD · sqzExp ▼ 100 · 1h
05:12 KSA · CLOSED  · signal     · THE-USD · orb ▼ 75 · 15m
05:12 KSA · CLOSED  · signal     · THE-USD · vwapRec ▼ 57 · 15m
05:12 KSA · CLOSED  · signal     · THE-USD · brk ▼ 73 · 15m
05:12 KSA · CLOSED  · signal     · THE-USD · sqzExp ▼ 78 · 1h
05:12 KSA · CLOSED  · signal     · TRUMP-USD · orb ▼ 65 · 15m
05:12 KSA · CLOSED  · signal     · TRUMP-USD · brk ▼ 55 · 15m
05:12 KSA · CLOSED  · signal     · TRUMP-USD · sqzExp ▼ 75 · 1h
05:12 KSA · CLOSED  · signal     · EUR-USD · sqzExp ▼ 60 · 1h
05:12 KSA · CLOSED  · signal     · ARB-USD · brk ▼ 55 · 15m
05:12 KSA · CLOSED  · signal     · HOLO-USD · sqzExp ▼ 60 · 1h
05:12 KSA · CLOSED  · signal     · BANK-USD · orb ▼ 73 · 15m
05:12 KSA · CLOSED  · signal     · BANK-USD · brk ▼ 59 · 15m
05:12 KSA · CLOSED  · signal     · BANK-USD · sqzExp ▼ 80 · 1h
05:12 KSA · CLOSED  · signal     · TON-USD · brk ▼ 61 · 15m
05:12 KSA · CLOSED  · signal     · SENT-USD · orb ▼ 70 · 15m
05:12 KSA · CLOSED  · signal     · SENT-USD · brk ▼ 64 · 15m
05:12 KSA · CLOSED  · signal     · PENGU-USD · brk ▼ 66 · 15m
05:12 KSA · CLOSED  · signal     · PENGU-USD · sqzExp ▼ 85 · 1h
05:12 KSA · CLOSED  · signal     · WLFI-USD · orb ▼ 75 · 15m
05:12 KSA · CLOSED  · signal     · WLFI-USD · brk ▼ 73 · 15m
05:12 KSA · CLOSED  · signal     · WLFI-USD · sqzExp ▼ 100 · 1h
05:12 KSA · CLOSED  · signal     · ASTER-USD · sqzExp ▼ 90 · 1h
05:12 KSA · CLOSED  · signal     · APT-USD · orb ▼ 65 · 15m
05:12 KSA · CLOSED  · signal     · APT-USD · brk ▼ 55 · 15m
05:14 KSA · CLOSED  · scanner    · بدء المسح · 1153 رمزاً · الجلسة CLOSED
05:14 KSA · CLOSED  · signal     · ADI · brk ▲ 100 · 15m
05:14 KSA · CLOSED  · signal     · ADP · brk ▼ 81 · 15m
05:14 KSA · CLOSED  · signal     · LTC-USD · vwapRec ▲ 100 · 15m
05:14 KSA · CLOSED  · signal     · CAKE-USD · orb ▼ 82 · 15m
05:14 KSA · CLOSED  · signal     · U-USD · orb ▲ 80 · 15m
05:14 KSA · CLOSED  · signal     · PENGU-USD · orb ▲ 70 · 15m
05:16 KSA · CLOSED  · scanner    · بدء المسح · 1153 رمزاً · الجلسة CLOSED
05:16 KSA · CLOSED  · signal     · PENGU-USD · vwapRec ▼ 100 · 15m
05:18 KSA · CLOSED  · scanner    · بدء المسح · 1153 رمزاً · الجلسة CLOSED
05:18 KSA · CLOSED  · signal     · THE-USD · vwapRec ▲ 57 · 15m
05:18 KSA · CLOSED  · signal     · TRUMP-USD · vwapRec ▲ 79 · 15m
05:18 KSA · CLOSED  · signal     · BANK-USD · orb ▼ 100 · 15m
05:20 KSA · CLOSED  · scanner    · بدء المسح · 1153 رمزاً · الجلسة CLOSED
05:20 KSA · CLOSED  · signal     · U-USD · vwapRec ▲ 57 · 15m
05:23 KSA · CLOSED  · scanner    · بدء المسح · 1153 رمزاً · الجلسة CLOSED
05:23 KSA · CLOSED  · signal     · MUB-USD · orb ▼ 83 · 15m
05:23 KSA · CLOSED  · signal     · SOXLB-USD · momo ▼ 61 · 1h
05:23 KSA · CLOSED  · signal     · UNI-USD · orb ▼ 65 · 15m
05:23 KSA · CLOSED  · signal     · UNI-USD · brk ▼ 73 · 15m
05:23 KSA · CLOSED  · signal     · UNI-USD · sqzExp ▼ 65 · 1h
05:23 KSA · CLOSED  · signal     · SUI-USD · orb ▼ 65 · 15m
05:23 KSA · CLOSED  · signal     · SUI-USD · sqzExp ▼ 88 · 1h
05:23 KSA · CLOSED  · signal     · PEPE-USD · sqzExp ▲ 63 · 1h
05:23 KSA · CLOSED  · signal     · TAO-USD · orb ▼ 73 · 15m
05:23 KSA · CLOSED  · signal     · TAO-USD · brk ▼ 64 · 15m
05:23 KSA · CLOSED  · signal     · TAO-USD · sqzExp ▼ 100 · 1h
05:23 KSA · CLOSED  · signal     · THE-USD · orb ▼ 75 · 15m
05:23 KSA · CLOSED  · signal     · THE-USD · brk ▼ 66 · 15m
05:23 KSA · CLOSED  · signal     · THE-USD · sqzExp ▼ 88 · 1h
05:23 KSA · CLOSED  · signal     · TRUMP-USD · orb ▼ 65 · 15m
05:23 KSA · CLOSED  · signal     · TRUMP-USD · sqzExp ▼ 68 · 1h
05:23 KSA · CLOSED  · signal     · EUR-USD · sqzExp ▼ 60 · 1h
05:23 KSA · CLOSED  · signal     · BANK-USD · brk ▼ 66 · 15m
05:23 KSA · CLOSED  · signal     · TON-USD · brk ▼ 61 · 15m
05:23 KSA · CLOSED  · signal     · SENT-USD · orb ▼ 63 · 15m
05:23 KSA · CLOSED  · signal     · SENT-USD · brk ▼ 55 · 15m
05:23 KSA · CLOSED  · signal     · PENGU-USD · sqzExp ▼ 100 · 1h
05:23 KSA · CLOSED  · signal     · WLFI-USD · orb ▼ 75 · 15m
05:23 KSA · CLOSED  · signal     · WLFI-USD · brk ▼ 66 · 15m
05:23 KSA · CLOSED  · signal     · WLFI-USD · sqzExp ▼ 100 · 1h
05:23 KSA · CLOSED  · signal     · ASTER-USD · orb ▼ 65 · 15m
05:23 KSA · CLOSED  · signal     · ASTER-USD · brk ▼ 66 · 15m
05:23 KSA · CLOSED  · signal     · ASTER-USD · sqzExp ▼ 83 · 1h
05:23 KSA · CLOSED  · signal     · APT-USD · orb ▼ 80 · 15m
05:23 KSA · CLOSED  · signal     · APT-USD · brk ▼ 73 · 15m
05:25 KSA · CLOSED  · scanner    · بدء المسح · 1153 رمزاً · الجلسة CLOSED
05:25 KSA · CLOSED  · signal     · ADI · brk ▲ 100 · 15m
05:25 KSA · CLOSED  · signal     · ADP · brk ▼ 81 · 15m
05:25 KSA · CLOSED  · signal     · U-USD · orb ▲ 65 · 15m
05:25 KSA · CLOSED  · signal     · TRUMP-USD · vwapRec ▲ 70 · 15m
05:25 KSA · CLOSED  · signal     · SENT-USD · vwapRec ▲ 73 · 15m
05:25 KSA · CLOSED  · signal     · WLFI-USD · vwapRec ▲ 85 · 15m
05:25 KSA · CLOSED  · signal     · ASTER-USD · vwapRec ▲ 68 · 15m
05:26 KSA · CLOSED  · scanner    · بدء المسح · 1153 رمزاً · الجلسة CLOSED
05:26 KSA · CLOSED  · signal     · U-USD · vwapRec ▼ 60 · 15m
05:26 KSA · CLOSED  · signal     · THE-USD · vwapRec ▼ 79 · 15m
05:26 KSA · CLOSED  · signal     · PENGU-USD · orb ▲ 100 · 15m
05:28 KSA · CLOSED  · scanner    · بدء المسح · 1153 رمزاً · الجلسة CLOSED
05:28 KSA · CLOSED  · signal     · BANK-USD · orb ▼ 100 · 15m
05:30 KSA · CLOSED  · scanner    · بدء المسح · 1153 رمزاً · الجلسة CLOSED
05:30 KSA · CLOSED  · signal     · XLM-USD · orb ▼ 100 · 15m
05:30 KSA · CLOSED  · signal     · SUI-USD · vwapRec ▼ 100 · 15m
05:30 KSA · CLOSED  · signal     · U-USD · vwapRec ▼ 60 · 15m
05:32 KSA · CLOSED  · scanner    · بدء المسح · 1153 رمزاً · الجلسة CLOSED
05:32 KSA · CLOSED  · signal     · RAY-USD · volSpike ▲ 83 · 15m
05:32 KSA · CLOSED  · signal     · UNI-USD · orb ▼ 57 · 15m
05:32 KSA · CLOSED  · signal     · UNI-USD · sqzExp ▼ 65 · 1h
05:32 KSA · CLOSED  · signal     · SUI-USD · orb ▼ 65 · 15m
05:32 KSA · CLOSED  · signal     · SUI-USD · sqzExp ▼ 88 · 1h
05:32 KSA · CLOSED  · signal     · U-USD · rsiDiv ▼ 78 · 15m
05:32 KSA · CLOSED  · signal     · PEPE-USD · brk ▲ 66 · 15m
05:32 KSA · CLOSED  · signal     · PEPE-USD · sqzExp ▲ 63 · 1h
05:32 KSA · CLOSED  · signal     · TAO-USD · orb ▼ 65 · 15m
05:32 KSA · CLOSED  · signal     · TAO-USD · sqzExp ▼ 100 · 1h
05:32 KSA · CLOSED  · signal     · THE-USD · orb ▼ 75 · 15m
05:32 KSA · CLOSED  · signal     · THE-USD · brk ▼ 73 · 15m
05:32 KSA · CLOSED  · signal     · THE-USD · sqzExp ▼ 88 · 1h
05:32 KSA · CLOSED  · signal     · TRUMP-USD · orb ▼ 65 · 15m
05:32 KSA · CLOSED  · signal     · TRUMP-USD · sqzExp ▼ 68 · 1h
05:32 KSA · CLOSED  · signal     · EUR-USD · sqzExp ▼ 60 · 1h
05:32 KSA · CLOSED  · signal     · BANK-USD · brk ▼ 57 · 15m
05:32 KSA · CLOSED  · signal     · TON-USD · brk ▼ 61 · 15m
05:32 KSA · CLOSED  · signal     · SENT-USD · orb ▼ 55 · 15m
05:32 KSA · CLOSED  · signal     · PENGU-USD · brk ▼ 66 · 15m
05:32 KSA · CLOSED  · signal     · PENGU-USD · sqzExp ▼ 100 · 1h
05:32 KSA · CLOSED  · signal     · WLFI-USD · orb ▼ 68 · 15m
05:32 KSA · CLOSED  · signal     · WLFI-USD · sqzExp ▼ 100 · 1h
05:32 KSA · CLOSED  · signal     · ASTER-USD · sqzExp ▼ 83 · 1h
05:32 KSA · CLOSED  · signal     · APT-USD · orb ▼ 65 · 15m
05:32 KSA · CLOSED  · signal     · APT-USD · brk ▼ 55 · 15m
05:34 KSA · CLOSED  · scanner    · بدء المسح · 1153 رمزاً · الجلسة CLOSED
05:34 KSA · CLOSED  · signal     · ADI · brk ▲ 100 · 15m
05:34 KSA · CLOSED  · signal     · ADP · brk ▼ 81 · 15m
05:34 KSA · CLOSED  · signal     · U-USD · orb ▲ 65 · 15m
05:34 KSA · CLOSED  · signal     · SENT-USD · vwapRec ▲ 65 · 15m
05:34 KSA · CLOSED  · signal     · PENGU-USD · orb ▲ 90 · 15m
05:34 KSA · CLOSED  · signal     · WLFI-USD · vwapRec ▲ 78 · 15m
05:37 KSA · CLOSED  · scanner    · بدء المسح · 1153 رمزاً · الجلسة CLOSED
05:37 KSA · CLOSED  · signal     · HBAR-USD · orb ▲ 100 · 15m
05:37 KSA · CLOSED  · signal     · SUI-USD · orb ▲ 100 · 15m
05:37 KSA · CLOSED  · signal     · KMNO-USD · meanRev ▼ 100 · 1d
05:38 KSA · CLOSED  · scanner    · بدء المسح · 1153 رمزاً · الجلسة CLOSED
05:38 KSA · CLOSED  · signal     · AVAX-USD · vwapRec ▲ 100 · 15m
05:38 KSA · CLOSED  · signal     · THE-USD · vwapRec ▼ 79 · 15m
05:38 KSA · CLOSED  · signal     · TRUMP-USD · orb ▲ 82 · 15m
05:40 KSA · CLOSED  · scanner    · بدء المسح · 1153 رمزاً · الجلسة CLOSED
05:42 KSA · CLOSED  · scanner    · بدء المسح · 1153 رمزاً · الجلسة CLOSED
05:42 KSA · CLOSED  · signal     · UNI-USD · orb ▼ 57 · 15m
05:42 KSA · CLOSED  · signal     · UNI-USD · sqzExp ▼ 65 · 1h
05:42 KSA · CLOSED  · signal     · SUI-USD · sqzExp ▼ 88 · 1h
05:42 KSA · CLOSED  · signal     · PEPE-USD · brk ▲ 66 · 15m
05:42 KSA · CLOSED  · signal     · PEPE-USD · sqzExp ▲ 63 · 1h
05:42 KSA · CLOSED  · signal     · TAO-USD · orb ▼ 65 · 15m
05:42 KSA · CLOSED  · signal     · TAO-USD · sqzExp ▼ 100 · 1h
05:42 KSA · CLOSED  · signal     · THE-USD · orb ▼ 75 · 15m
05:42 KSA · CLOSED  · signal     · THE-USD · brk ▼ 73 · 15m
05:42 KSA · CLOSED  · signal     · THE-USD · sqzExp ▼ 88 · 1h
05:42 KSA · CLOSED  · signal     · TRUMP-USD · sqzExp ▼ 68 · 1h
05:42 KSA · CLOSED  · signal     · EUR-USD · sqzExp ▼ 60 · 1h
05:42 KSA · CLOSED  · signal     · BANK-USD · brk ▼ 57 · 15m
05:42 KSA · CLOSED  · signal     · TON-USD · brk ▼ 61 · 15m
05:42 KSA · CLOSED  · signal     · SENT-USD · orb ▼ 55 · 15m
05:42 KSA · CLOSED  · signal     · PENGU-USD · vwapRec ▼ 57 · 15m
05:42 KSA · CLOSED  · signal     · PENGU-USD · brk ▼ 66 · 15m
05:42 KSA · CLOSED  · signal     · PENGU-USD · sqzExp ▼ 100 · 1h
05:42 KSA · CLOSED  · signal     · WLFI-USD · orb ▼ 68 · 15m
05:42 KSA · CLOSED  · signal     · WLFI-USD · sqzExp ▼ 100 · 1h
05:42 KSA · CLOSED  · signal     · ASTER-USD · sqzExp ▼ 83 · 1h
05:42 KSA · CLOSED  · signal     · APT-USD · orb ▼ 65 · 15m
05:42 KSA · CLOSED  · signal     · APT-USD · brk ▼ 55 · 15m
05:44 KSA · CLOSED  · scanner    · بدء المسح · 1153 رمزاً · الجلسة CLOSED
05:44 KSA · CLOSED  · signal     · ADI · brk ▲ 100 · 15m
05:44 KSA · CLOSED  · signal     · ADP · brk ▼ 81 · 15m
05:44 KSA · CLOSED  · signal     · MSTRB-USD · orb ▲ 82 · 15m
05:44 KSA · CLOSED  · signal     · SUI-USD · orb ▲ 80 · 15m
05:44 KSA · CLOSED  · signal     · SUI-USD · vwapRec ▲ 78 · 15m
05:44 KSA · CLOSED  · signal     · U-USD · orb ▲ 65 · 15m
05:44 KSA · CLOSED  · signal     · TRUMP-USD · orb ▲ 60 · 15m
05:44 KSA · CLOSED  · signal     · SENT-USD · vwapRec ▲ 65 · 15m
05:44 KSA · CLOSED  · signal     · PENGU-USD · orb ▲ 83 · 15m
05:44 KSA · CLOSED  · signal     · WLFI-USD · vwapRec ▲ 78 · 15m
05:44 KSA · CLOSED  · signal     · ASTER-USD · orb ▲ 65 · 15m
05:44 KSA · CLOSED  · signal     · APT-USD · vwapRec ▲ 63 · 15m
05:46 KSA · CLOSED  · scanner    · بدء المسح · 1153 رمزاً · الجلسة CLOSED
05:48 KSA · CLOSED  · scanner    · بدء المسح · 1153 رمزاً · الجلسة CLOSED
05:48 KSA · CLOSED  · signal     · NEAR-USD · vwapRec ▼ 100 · 15m
05:50 KSA · CLOSED  · scanner    · بدء المسح · 1153 رمزاً · الجلسة CLOSED
05:50 KSA · CLOSED  · signal     · BTC-USD · vwapRec ▲ 100 · 15m
05:50 KSA · CLOSED  · signal     · OP-USD · orb ▲ 100 · 15m
05:52 KSA · CLOSED  · scanner    · بدء المسح · 1153 رمزاً · الجلسة CLOSED
05:52 KSA · CLOSED  · signal     · UNI-USD · orb ▼ 57 · 15m
05:52 KSA · CLOSED  · signal     · UNI-USD · sqzExp ▼ 65 · 1h
05:52 KSA · CLOSED  · signal     · SUI-USD · sqzExp ▼ 88 · 1h
05:52 KSA · CLOSED  · signal     · U-USD · volSpike ▲ 61 · 15m
05:52 KSA · CLOSED  · signal     · PEPE-USD · brk ▲ 57 · 15m
05:52 KSA · CLOSED  · signal     · PEPE-USD · sqzExp ▲ 63 · 1h
05:52 KSA · CLOSED  · signal     · TAO-USD · orb ▼ 73 · 15m
05:52 KSA · CLOSED  · signal     · TAO-USD · sqzExp ▼ 100 · 1h
05:52 KSA · CLOSED  · signal     · THE-USD · orb ▼ 68 · 15m
05:52 KSA · CLOSED  · signal     · THE-USD · sqzExp ▼ 88 · 1h
05:52 KSA · CLOSED  · signal     · TRUMP-USD · brk ▼ 57 · 15m
05:52 KSA · CLOSED  · signal     · TRUMP-USD · sqzExp ▼ 68 · 1h
05:52 KSA · CLOSED  · signal     · EUR-USD · sqzExp ▼ 60 · 1h
05:52 KSA · CLOSED  · signal     · PUMP-USD · volSpike ▲ 88 · 15m
05:52 KSA · CLOSED  · signal     · ARB-USD · brk ▼ 55 · 15m
05:52 KSA · CLOSED  · signal     · BANK-USD · orb ▼ 65 · 15m
05:52 KSA · CLOSED  · signal     · TON-USD · brk ▼ 61 · 15m
05:52 KSA · CLOSED  · signal     · SENT-USD · orb ▼ 55 · 15m
05:52 KSA · CLOSED  · signal     · PENGU-USD · vwapRec ▼ 57 · 15m
05:52 KSA · CLOSED  · signal     · PENGU-USD · brk ▼ 66 · 15m
05:52 KSA · CLOSED  · signal     · PENGU-USD · sqzExp ▼ 100 · 1h
05:52 KSA · CLOSED  · signal     · WLFI-USD · orb ▼ 75 · 15m
05:52 KSA · CLOSED  · signal     · WLFI-USD · brk ▼ 57 · 15m
05:52 KSA · CLOSED  · signal     · WLFI-USD · sqzExp ▼ 100 · 1h
05:52 KSA · CLOSED  · signal     · ASTER-USD · sqzExp ▼ 83 · 1h
05:52 KSA · CLOSED  · signal     · APT-USD · orb ▼ 73 · 15m
05:54 KSA · CLOSED  · scanner    · بدء المسح · 1153 رمزاً · الجلسة CLOSED
05:54 KSA · CLOSED  · signal     · ADI · brk ▲ 100 · 15m
05:54 KSA · CLOSED  · signal     · ADP · brk ▼ 81 · 15m
05:54 KSA · CLOSED  · signal     · SUI-USD · orb ▲ 85 · 15m
05:54 KSA · CLOSED  · signal     · SUI-USD · vwapRec ▲ 93 · 15m
05:54 KSA · CLOSED  · signal     · PENGU-USD · orb ▲ 90 · 15m
05:54 KSA · CLOSED  · signal     · WLFI-USD · vwapRec ▲ 85 · 15m
05:54 KSA · CLOSED  · signal     · APT-USD · vwapRec ▲ 70 · 15m
05:56 KSA · CLOSED  · scanner    · بدء المسح · 1153 رمزاً · الجلسة CLOSED
05:56 KSA · CLOSED  · signal     · THE-USD · vwapRec ▲ 57 · 15m
05:58 KSA · CLOSED  · scanner    · بدء المسح · 1153 رمزاً · الجلسة CLOSED
05:58 KSA · CLOSED  · signal     · BANK-USD · orb ▼ 100 · 15m
06:00 KSA · CLOSED  · scanner    · بدء المسح · 1153 رمزاً · الجلسة CLOSED
06:00 KSA · CLOSED  · signal     · ASTER-USD · orb ▲ 82 · 15m
06:02 KSA · CLOSED  · scanner    · بدء المسح · 1153 رمزاً · الجلسة CLOSED
06:02 KSA · CLOSED  · signal     · UNI-USD · brk ▼ 55 · 15m
06:02 KSA · CLOSED  · signal     · UNI-USD · sqzExp ▼ 65 · 1h
06:02 KSA · CLOSED  · signal     · SUI-USD · sqzExp ▼ 88 · 1h
06:02 KSA · CLOSED  · signal     · U-USD · orb ▼ 65 · 15m
06:02 KSA · CLOSED  · signal     · U-USD · brk ▼ 64 · 15m
06:02 KSA · CLOSED  · signal     · PEPE-USD · sqzExp ▲ 63 · 1h
06:02 KSA · CLOSED  · signal     · TAO-USD · orb ▼ 65 · 15m
06:02 KSA · CLOSED  · signal     · TAO-USD · brk ▼ 61 · 15m
06:02 KSA · CLOSED  · signal     · TAO-USD · sqzExp ▼ 100 · 1h
06:02 KSA · CLOSED  · signal     · THE-USD · orb ▼ 75 · 15m
06:02 KSA · CLOSED  · signal     · THE-USD · brk ▼ 66 · 15m
06:02 KSA · CLOSED  · signal     · THE-USD · sqzExp ▼ 88 · 1h
06:02 KSA · CLOSED  · signal     · TRUMP-USD · orb ▼ 65 · 15m
06:02 KSA · CLOSED  · signal     · TRUMP-USD · brk ▼ 61 · 15m
06:02 KSA · CLOSED  · signal     · TRUMP-USD · sqzExp ▼ 68 · 1h
06:02 KSA · CLOSED  · signal     · EUR-USD · sqzExp ▼ 60 · 1h
06:02 KSA · CLOSED  · signal     · BANK-USD · brk ▼ 57 · 15m
06:02 KSA · CLOSED  · signal     · TON-USD · brk ▼ 61 · 15m
06:02 KSA · CLOSED  · signal     · SENT-USD · orb ▼ 63 · 15m
06:02 KSA · CLOSED  · signal     · PENGU-USD · brk ▼ 61 · 15m
06:02 KSA · CLOSED  · signal     · PENGU-USD · sqzExp ▼ 100 · 1h
06:02 KSA · CLOSED  · signal     · WLFI-USD · orb ▼ 60 · 15m
06:02 KSA · CLOSED  · signal     · WLFI-USD · sqzExp ▼ 100 · 1h
06:02 KSA · CLOSED  · signal     · ASTER-USD · brk ▼ 55 · 15m
06:02 KSA · CLOSED  · signal     · ASTER-USD · sqzExp ▼ 83 · 1h
06:02 KSA · CLOSED  · signal     · APT-USD · orb ▼ 73 · 15m
06:02 KSA · CLOSED  · signal     · APT-USD · brk ▼ 61 · 15m
06:04 KSA · CLOSED  · scanner    · بدء المسح · 1153 رمزاً · الجلسة CLOSED
06:04 KSA · CLOSED  · signal     · ADI · brk ▲ 100 · 15m
06:04 KSA · CLOSED  · signal     · ADP · brk ▼ 81 · 15m
06:04 KSA · CLOSED  · signal     · SUI-USD · orb ▲ 78 · 15m
06:04 KSA · CLOSED  · signal     · SUI-USD · vwapRec ▲ 85 · 15m
06:04 KSA · CLOSED  · signal     · U-USD · vwapRec ▲ 60 · 15m
06:04 KSA · CLOSED  · signal     · THE-USD · vwapRec ▲ 85 · 15m
06:04 KSA · CLOSED  · signal     · PENGU-USD · orb ▲ 75 · 15m
06:04 KSA · CLOSED  · signal     · PENGU-USD · vwapRec ▲ 70 · 15m
06:04 KSA · CLOSED  · signal     · WLFI-USD · vwapRec ▲ 70 · 15m
06:04 KSA · CLOSED  · signal     · ASTER-USD · orb ▲ 55 · 15m
06:07 KSA · CLOSED  · scanner    · بدء المسح · 1153 رمزاً · الجلسة CLOSED
06:08 KSA · CLOSED  · scanner    · بدء المسح · 1153 رمزاً · الجلسة CLOSED
06:08 KSA · CLOSED  · signal     · U-USD · orb ▲ 100 · 15m
06:08 KSA · CLOSED  · signal     · ASTER-USD · brk ▲ 69 · 15m
06:10 KSA · CLOSED  · scanner    · بدء المسح · 1153 رمزاً · الجلسة CLOSED
06:10 KSA · CLOSED  · signal     · UNI-USD · vwapRec ▲ 100 · 15m
06:10 KSA · CLOSED  · signal     · APT-USD · vwapRec ▼ 100 · 15m
06:12 KSA · CLOSED  · scanner    · بدء المسح · 1153 رمزاً · الجلسة CLOSED
06:12 KSA · CLOSED  · signal     · UNI-USD · brk ▼ 55 · 15m
06:12 KSA · CLOSED  · signal     · UNI-USD · sqzExp ▼ 65 · 1h
06:12 KSA · CLOSED  · signal     · SUI-USD · sqzExp ▼ 88 · 1h
06:12 KSA · CLOSED  · signal     · U-USD · brk ▼ 64 · 15m
06:12 KSA · CLOSED  · signal     · PEPE-USD · sqzExp ▲ 63 · 1h
06:12 KSA · CLOSED  · signal     · TAO-USD · orb ▼ 65 · 15m
06:12 KSA · CLOSED  · signal     · TAO-USD · brk ▼ 61 · 15m
06:12 KSA · CLOSED  · signal     · TAO-USD · sqzExp ▼ 100 · 1h
06:12 KSA · CLOSED  · signal     · THE-USD · orb ▼ 75 · 15m
06:12 KSA · CLOSED  · signal     · THE-USD · brk ▼ 66 · 15m
06:12 KSA · CLOSED  · signal     · THE-USD · sqzExp ▼ 88 · 1h
06:12 KSA · CLOSED  · signal     · THE-USD · momo ▲ 56 · 1h
06:12 KSA · CLOSED  · signal     · TRUMP-USD · orb ▼ 65 · 15m
06:12 KSA · CLOSED  · signal     · TRUMP-USD · brk ▼ 61 · 15m
06:12 KSA · CLOSED  · signal     · TRUMP-USD · sqzExp ▼ 68 · 1h
06:12 KSA · CLOSED  · signal     · EUR-USD · sqzExp ▼ 60 · 1h
06:12 KSA · CLOSED  · signal     · BANK-USD · brk ▼ 57 · 15m
06:12 KSA · CLOSED  · signal     · TON-USD · brk ▼ 61 · 15m
06:12 KSA · CLOSED  · signal     · SENT-USD · orb ▼ 63 · 15m
06:12 KSA · CLOSED  · signal     · PENGU-USD · brk ▼ 61 · 15m
06:12 KSA · CLOSED  · signal     · PENGU-USD · sqzExp ▼ 100 · 1h
06:12 KSA · CLOSED  · signal     · WLFI-USD · orb ▼ 60 · 15m
06:12 KSA · CLOSED  · signal     · WLFI-USD · sqzExp ▼ 100 · 1h
06:12 KSA · CLOSED  · signal     · ASTER-USD · sqzExp ▼ 83 · 1h
06:12 KSA · CLOSED  · signal     · APT-USD · orb ▼ 73 · 15m
06:12 KSA · CLOSED  · signal     · APT-USD · brk ▼ 61 · 15m
06:14 KSA · CLOSED  · scanner    · بدء المسح · 1153 رمزاً · الجلسة CLOSED
06:14 KSA · CLOSED  · signal     · ADI · brk ▲ 100 · 15m
06:14 KSA · CLOSED  · signal     · ADP · brk ▼ 81 · 15m
06:14 KSA · CLOSED  · signal     · UNI-USD · vwapRec ▲ 60 · 15m
06:14 KSA · CLOSED  · signal     · SUI-USD · vwapRec ▲ 85 · 15m
06:14 KSA · CLOSED  · signal     · U-USD · orb ▲ 80 · 15m
06:14 KSA · CLOSED  · signal     · U-USD · vwapRec ▲ 60 · 15m
06:14 KSA · CLOSED  · signal     · THE-USD · vwapRec ▲ 78 · 15m
06:14 KSA · CLOSED  · signal     · PENGU-USD · orb ▲ 68 · 15m
06:14 KSA · CLOSED  · signal     · PENGU-USD · vwapRec ▲ 63 · 15m
06:14 KSA · CLOSED  · signal     · ASTER-USD · orb ▲ 65 · 15m
06:14 KSA · CLOSED  · signal     · ASTER-USD · brk ▲ 68 · 15m
06:16 KSA · CLOSED  · scanner    · بدء المسح · 1153 رمزاً · الجلسة CLOSED
06:16 KSA · CLOSED  · signal     · SUI-USD · orb ▲ 82 · 15m
06:16 KSA · CLOSED  · signal     · WLFI-USD · vwapRec ▲ 70 · 15m
06:18 KSA · CLOSED  · scanner    · بدء المسح · 1153 رمزاً · الجلسة CLOSED
06:18 KSA · CLOSED  · signal     · PENGU-USD · brk ▲ 69 · 15m
06:20 KSA · CLOSED  · scanner    · بدء المسح · 1153 رمزاً · الجلسة CLOSED
06:20 KSA · CLOSED  · signal     · U-USD · vwapRec ▲ 60 · 15m
06:23 KSA · CLOSED  · scanner    · بدء المسح · 1153 رمزاً · الجلسة CLOSED
06:23 KSA · CLOSED  · signal     · HBAR-USD · momo ▲ 58 · 1h
06:23 KSA · CLOSED  · signal     · UNI-USD · sqzExp ▼ 57 · 1h
06:23 KSA · CLOSED  · signal     · SUI-USD · sqzExp ▼ 73 · 1h
06:23 KSA · CLOSED  · signal     · U-USD · brk ▼ 55 · 15m
06:23 KSA · CLOSED  · signal     · U-USD · volSpike ▲ 72 · 15m
06:23 KSA · CLOSED  · signal     · PEPE-USD · sqzExp ▲ 55 · 1h
06:23 KSA · CLOSED  · signal     · TAO-USD · orb ▼ 65 · 15m
06:23 KSA · CLOSED  · signal     · TAO-USD · brk ▼ 61 · 15m
06:23 KSA · CLOSED  · signal     · TAO-USD · sqzExp ▼ 85 · 1h
06:23 KSA · CLOSED  · signal     · THE-USD · orb ▼ 68 · 15m
06:23 KSA · CLOSED  · signal     · THE-USD · brk ▼ 64 · 15m
06:23 KSA · CLOSED  · signal     · THE-USD · sqzExp ▼ 88 · 1h
06:23 KSA · CLOSED  · signal     · TRUMP-USD · orb ▼ 65 · 15m
06:23 KSA · CLOSED  · signal     · TRUMP-USD · brk ▼ 55 · 15m
06:23 KSA · CLOSED  · signal     · TRUMP-USD · sqzExp ▼ 60 · 1h
06:23 KSA · CLOSED  · signal     · EUR-USD · sqzExp ▼ 68 · 1h
06:23 KSA · CLOSED  · signal     · PUMP-USD · tfAlign ▲ 74 · 1d
06:23 KSA · CLOSED  · signal     · ARB-USD · brk ▼ 55 · 15m
06:23 KSA · CLOSED  · signal     · HOLO-USD · tfAlign ▼ 68 · 1d
06:23 KSA · CLOSED  · signal     · BANK-USD · brk ▼ 61 · 15m
06:23 KSA · CLOSED  · signal     · TON-USD · brk ▼ 61 · 15m
06:23 KSA · CLOSED  · signal     · SENT-USD · orb ▼ 55 · 15m
06:23 KSA · CLOSED  · signal     · PENGU-USD · sqzExp ▼ 93 · 1h
06:23 KSA · CLOSED  · signal     · PENGU-USD · momo ▲ 56 · 1h
06:23 KSA · CLOSED  · signal     · WLFI-USD · orb ▼ 60 · 15m
06:23 KSA · CLOSED  · signal     · WLFI-USD · brk ▼ 55 · 15m
06:23 KSA · CLOSED  · signal     · WLFI-USD · sqzExp ▼ 100 · 1h
06:23 KSA · CLOSED  · signal     · ASTER-USD · sqzExp ▼ 83 · 1h
06:23 KSA · CLOSED  · signal     · ASTER-USD · momo ▲ 72 · 1h
06:23 KSA · CLOSED  · signal     · APT-USD · orb ▼ 65 · 15m
06:23 KSA · CLOSED  · signal     · APT-USD · brk ▼ 55 · 15m
06:23 KSA · CLOSED  · signal     · APT-USD · sqzExp ▼ 60 · 1h
06:24 KSA · CLOSED  · scanner    · بدء المسح · 1153 رمزاً · الجلسة CLOSED
06:24 KSA · CLOSED  · signal     · ADI · brk ▲ 100 · 15m
06:24 KSA · CLOSED  · signal     · ADP · brk ▼ 81 · 15m
06:24 KSA · CLOSED  · signal     · SUI-USD · orb ▲ 70 · 15m
06:24 KSA · CLOSED  · signal     · SUI-USD · vwapRec ▲ 78 · 15m
06:24 KSA · CLOSED  · signal     · U-USD · orb ▲ 80 · 15m
06:24 KSA · CLOSED  · signal     · U-USD · vwapRec ▲ 60 · 15m
06:24 KSA · CLOSED  · signal     · THE-USD · vwapRec ▲ 85 · 15m
06:24 KSA · CLOSED  · signal     · PENGU-USD · orb ▲ 75 · 15m
06:24 KSA · CLOSED  · signal     · PENGU-USD · vwapRec ▲ 60 · 15m
06:24 KSA · CLOSED  · signal     · WLFI-USD · vwapRec ▲ 70 · 15m
06:24 KSA · CLOSED  · signal     · ASTER-USD · orb ▲ 65 · 15m
06:26 KSA · CLOSED  · scanner    · بدء المسح · 1153 رمزاً · الجلسة CLOSED
06:26 KSA · CLOSED  · signal     · UNI-USD · vwapRec ▲ 79 · 15m
06:26 KSA · CLOSED  · signal     · APT-USD · vwapRec ▲ 79 · 15m
06:28 KSA · CLOSED  · scanner    · بدء المسح · 1153 رمزاً · الجلسة CLOSED
06:28 KSA · CLOSED  · signal     · SENT-USD · vwapRec ▲ 100 · 15m
06:28 KSA · CLOSED  · signal     · PENGU-USD · brk ▲ 100 · 15m
06:30 KSA · CLOSED  · scanner    · بدء المسح · 1153 رمزاً · الجلسة CLOSED
06:30 KSA · CLOSED  · signal     · TAO-USD · vwapRec ▲ 100 · 15m
06:30 KSA · CLOSED  · signal     · THE-USD · brk ▲ 100 · 15m
06:30 KSA · CLOSED  · signal     · THE-USD · sqzExp ▲ 100 · 1h
06:32 KSA · CLOSED  · scanner    · بدء المسح · 1153 رمزاً · الجلسة CLOSED
06:32 KSA · CLOSED  · signal     · BNB-USD · vwapRec ▼ 68 · 15m
06:32 KSA · CLOSED  · signal     · UNI-USD · orb ▼ 57 · 15m
06:32 KSA · CLOSED  · signal     · UNI-USD · brk ▼ 57 · 15m
06:32 KSA · CLOSED  · signal     · UNI-USD · sqzExp ▼ 57 · 1h
06:32 KSA · CLOSED  · signal     · SUI-USD · sqzExp ▼ 73 · 1h
06:32 KSA · CLOSED  · signal     · PEPE-USD · brk ▲ 75 · 15m
06:32 KSA · CLOSED  · signal     · PEPE-USD · sqzExp ▲ 55 · 1h
06:32 KSA · CLOSED  · signal     · TAO-USD · orb ▼ 65 · 15m
06:32 KSA · CLOSED  · signal     · TAO-USD · sqzExp ▼ 85 · 1h
06:32 KSA · CLOSED  · signal     · THE-USD · orb ▼ 68 · 15m
06:32 KSA · CLOSED  · signal     · TRUMP-USD · orb ▼ 65 · 15m
06:32 KSA · CLOSED  · signal     · TRUMP-USD · brk ▼ 55 · 15m
06:32 KSA · CLOSED  · signal     · TRUMP-USD · sqzExp ▼ 60 · 1h
06:32 KSA · CLOSED  · signal     · EUR-USD · sqzExp ▼ 68 · 1h
06:32 KSA · CLOSED  · signal     · BANK-USD · orb ▼ 65 · 15m
06:32 KSA · CLOSED  · signal     · TON-USD · brk ▼ 61 · 15m
06:32 KSA · CLOSED  · signal     · SENT-USD · orb ▼ 70 · 15m
06:32 KSA · CLOSED  · signal     · SENT-USD · brk ▼ 64 · 15m
06:32 KSA · CLOSED  · signal     · PENGU-USD · sqzExp ▼ 93 · 1h
06:32 KSA · CLOSED  · signal     · WLFI-USD · orb ▼ 60 · 15m
06:32 KSA · CLOSED  · signal     · WLFI-USD · sqzExp ▼ 100 · 1h
06:32 KSA · CLOSED  · signal     · ASTER-USD · sqzExp ▼ 83 · 1h
06:32 KSA · CLOSED  · signal     · APT-USD · orb ▼ 65 · 15m
06:32 KSA · CLOSED  · signal     · APT-USD · sqzExp ▼ 60 · 1h
06:34 KSA · CLOSED  · scanner    · بدء المسح · 1153 رمزاً · الجلسة CLOSED
06:34 KSA · CLOSED  · signal     · ADI · brk ▲ 100 · 15m
06:34 KSA · CLOSED  · signal     · ADP · brk ▼ 81 · 15m
06:34 KSA · CLOSED  · signal     · AVAX-USD · orb ▲ 64 · 15m
06:34 KSA · CLOSED  · signal     · INJ-USD · orb ▲ 82 · 15m
06:34 KSA · CLOSED  · signal     · IOTA-USD · brk ▲ 100 · 15m
06:34 KSA · CLOSED  · signal     · SUI-USD · orb ▲ 80 · 15m
06:34 KSA · CLOSED  · signal     · U-USD · orb ▲ 65 · 15m
06:34 KSA · CLOSED  · signal     · TAO-USD · vwapRec ▲ 78 · 15m
06:34 KSA · CLOSED  · signal     · THE-USD · vwapRec ▲ 68 · 15m
06:34 KSA · CLOSED  · signal     · THE-USD · brk ▲ 70 · 15m
06:34 KSA · CLOSED  · signal     · THE-USD · sqzExp ▲ 88 · 1h
06:34 KSA · CLOSED  · signal     · PENGU-USD · orb ▲ 75 · 15m
06:34 KSA · CLOSED  · signal     · PENGU-USD · vwapRec ▲ 68 · 15m
06:34 KSA · CLOSED  · signal     · PENGU-USD · brk ▲ 80 · 15m
06:34 KSA · CLOSED  · signal     · ASTER-USD · orb ▲ 73 · 15m
06:34 KSA · CLOSED  · signal     · APT-USD · vwapRec ▲ 63 · 15m
06:37 KSA · CLOSED  · scanner    · بدء المسح · 1153 رمزاً · الجلسة CLOSED
06:37 KSA · CLOSED  · signal     · THE-USD · meanRev ▼ 100 · 15m
06:37 KSA · CLOSED  · signal     · WLFI-USD · vwapRec ▼ 100 · 15m
06:38 KSA · CLOSED  · scanner    · بدء المسح · 1153 رمزاً · الجلسة CLOSED
06:40 KSA · CLOSED  · scanner    · بدء المسح · 1153 رمزاً · الجلسة CLOSED
06:40 KSA · CLOSED  · signal     · ASTER-USD · brk ▲ 69 · 15m
06:42 KSA · CLOSED  · scanner    · بدء المسح · 1153 رمزاً · الجلسة CLOSED
06:42 KSA · CLOSED  · signal     · BCH-USD · vwapRec ▼ 78 · 15m
06:42 KSA · CLOSED  · signal     · XAUT-USD · vwapRec ▼ 78 · 15m
06:42 KSA · CLOSED  · signal     · QQQB-USD · orb ▼ 65 · 15m
06:42 KSA · CLOSED  · signal     · UNI-USD · orb ▼ 57 · 15m
06:42 KSA · CLOSED  · signal     · UNI-USD · brk ▼ 57 · 15m
06:42 KSA · CLOSED  · signal     · UNI-USD · sqzExp ▼ 57 · 1h
06:42 KSA · CLOSED  · signal     · SUI-USD · sqzExp ▼ 73 · 1h
06:42 KSA · CLOSED  · signal     · PEPE-USD · brk ▲ 75 · 15m
06:42 KSA · CLOSED  · signal     · PEPE-USD · sqzExp ▲ 55 · 1h
06:42 KSA · CLOSED  · signal     · TAO-USD · orb ▼ 65 · 15m
06:42 KSA · CLOSED  · signal     · TAO-USD · sqzExp ▼ 85 · 1h
06:42 KSA · CLOSED  · signal     · THE-USD · orb ▼ 68 · 15m
06:42 KSA · CLOSED  · signal     · TRUMP-USD · orb ▼ 65 · 15m
06:42 KSA · CLOSED  · signal     · TRUMP-USD · brk ▼ 55 · 15m
06:42 KSA · CLOSED  · signal     · TRUMP-USD · sqzExp ▼ 60 · 1h
06:42 KSA · CLOSED  · signal     · EUR-USD · sqzExp ▼ 68 · 1h
06:42 KSA · CLOSED  · signal     · BANK-USD · orb ▼ 65 · 15m
06:42 KSA · CLOSED  · signal     · TON-USD · brk ▼ 61 · 15m
06:42 KSA · CLOSED  · signal     · SENT-USD · orb ▼ 70 · 15m
06:42 KSA · CLOSED  · signal     · SENT-USD · brk ▼ 64 · 15m
06:42 KSA · CLOSED  · signal     · PENGU-USD · sqzExp ▼ 93 · 1h
06:42 KSA · CLOSED  · signal     · WLFI-USD · orb ▼ 60 · 15m
06:42 KSA · CLOSED  · signal     · WLFI-USD · sqzExp ▼ 100 · 1h
06:42 KSA · CLOSED  · signal     · ASTER-USD · sqzExp ▼ 83 · 1h
06:42 KSA · CLOSED  · signal     · APT-USD · orb ▼ 65 · 15m
06:42 KSA · CLOSED  · signal     · APT-USD · sqzExp ▼ 60 · 1h
06:44 KSA · CLOSED  · scanner    · بدء المسح · 1153 رمزاً · الجلسة CLOSED
06:44 KSA · CLOSED  · signal     · ADI · brk ▲ 100 · 15m
06:44 KSA · CLOSED  · signal     · ADP · brk ▼ 81 · 15m
06:44 KSA · CLOSED  · signal     · XAUT-USD · orb ▲ 82 · 15m
06:44 KSA · CLOSED  · signal     · PAXG-USD · orb ▲ 100 · 15m
06:44 KSA · CLOSED  · signal     · SUI-USD · orb ▲ 80 · 15m
06:44 KSA · CLOSED  · signal     · SUI-USD · vwapRec ▲ 63 · 15m
06:44 KSA · CLOSED  · signal     · TAO-USD · vwapRec ▲ 70 · 15m
06:44 KSA · CLOSED  · signal     · THE-USD · vwapRec ▲ 57 · 15m
06:44 KSA · CLOSED  · signal     · THE-USD · brk ▲ 70 · 15m
06:44 KSA · CLOSED  · signal     · THE-USD · sqzExp ▲ 88 · 1h
06:44 KSA · CLOSED  · signal     · PENGU-USD · orb ▲ 83 · 15m
06:44 KSA · CLOSED  · signal     · PENGU-USD · vwapRec ▲ 75 · 15m
06:44 KSA · CLOSED  · signal     · ASTER-USD · orb ▲ 73 · 15m
06:44 KSA · CLOSED  · signal     · APT-USD · vwapRec ▲ 63 · 15m
06:46 KSA · CLOSED  · scanner    · بدء المسح · 1153 رمزاً · الجلسة CLOSED
06:46 KSA · CLOSED  · signal     · U-USD · orb ▲ 100 · 15m
06:48 KSA · CLOSED  · scanner    · بدء المسح · 1153 رمزاً · الجلسة CLOSED
06:48 KSA · CLOSED  · signal     · PENGU-USD · brk ▲ 100 · 15m
06:48 KSA · CLOSED  · signal     · WLFI-USD · vwapRec ▲ 100 · 15m
06:50 KSA · CLOSED  · scanner    · بدء المسح · 1153 رمزاً · الجلسة CLOSED
06:50 KSA · CLOSED  · signal     · APT-USD · orb ▲ 100 · 15m
06:52 KSA · CLOSED  · scanner    · بدء المسح · 1153 رمزاً · الجلسة CLOSED
06:52 KSA · CLOSED  · signal     · UNI-USD · sqzExp ▼ 57 · 1h
06:52 KSA · CLOSED  · signal     · SUI-USD · sqzExp ▼ 73 · 1h
06:52 KSA · CLOSED  · signal     · PEPE-USD · sqzExp ▲ 55 · 1h
06:52 KSA · CLOSED  · signal     · TAO-USD · orb ▼ 65 · 15m
06:52 KSA · CLOSED  · signal     · TAO-USD · sqzExp ▼ 85 · 1h
06:52 KSA · CLOSED  · signal     · THE-USD · orb ▼ 75 · 15m
06:52 KSA · CLOSED  · signal     · TRUMP-USD · orb ▼ 65 · 15m
06:52 KSA · CLOSED  · signal     · TRUMP-USD · sqzExp ▼ 60 · 1h
06:52 KSA · CLOSED  · signal     · EUR-USD · sqzExp ▼ 68 · 1h
06:52 KSA · CLOSED  · signal     · ARB-USD · orb ▼ 65 · 15m
06:52 KSA · CLOSED  · signal     · BANK-USD · orb ▼ 73 · 15m
06:52 KSA · CLOSED  · signal     · TON-USD · brk ▼ 61 · 15m
06:52 KSA · CLOSED  · signal     · SENT-USD · orb ▼ 63 · 15m
06:52 KSA · CLOSED  · signal     · SENT-USD · brk ▼ 55 · 15m
06:52 KSA · CLOSED  · signal     · PENGU-USD · sqzExp ▼ 93 · 1h
06:52 KSA · CLOSED  · signal     · WLFI-USD · orb ▼ 60 · 15m
06:52 KSA · CLOSED  · signal     · WLFI-USD · sqzExp ▼ 100 · 1h
06:52 KSA · CLOSED  · signal     · ASTER-USD · sqzExp ▼ 83 · 1h
06:52 KSA · CLOSED  · signal     · APT-USD · brk ▼ 55 · 15m
06:52 KSA · CLOSED  · signal     · APT-USD · sqzExp ▼ 60 · 1h
06:54 KSA · CLOSED  · scanner    · بدء المسح · 1153 رمزاً · الجلسة CLOSED
06:54 KSA · CLOSED  · signal     · ADI · brk ▲ 100 · 15m
06:54 KSA · CLOSED  · signal     · ADP · brk ▼ 81 · 15m
06:54 KSA · CLOSED  · signal     · UNI-USD · vwapRec ▲ 60 · 15m
06:54 KSA · CLOSED  · signal     · SUI-USD · orb ▲ 80 · 15m
06:54 KSA · CLOSED  · signal     · U-USD · orb ▲ 73 · 15m
06:54 KSA · CLOSED  · signal     · THE-USD · vwapRec ▲ 57 · 15m
06:54 KSA · CLOSED  · signal     · THE-USD · brk ▲ 70 · 15m
06:54 KSA · CLOSED  · signal     · THE-USD · sqzExp ▲ 88 · 1h
06:54 KSA · CLOSED  · signal     · PENGU-USD · orb ▲ 83 · 15m
06:54 KSA · CLOSED  · signal     · WLFI-USD · vwapRec ▲ 70 · 15m
06:54 KSA · CLOSED  · signal     · ASTER-USD · orb ▲ 57 · 15m
06:54 KSA · CLOSED  · signal     · ASTER-USD · brk ▲ 55 · 15m
06:54 KSA · CLOSED  · signal     · APT-USD · vwapRec ▲ 70 · 15m
06:56 KSA · CLOSED  · scanner    · بدء المسح · 1153 رمزاً · الجلسة CLOSED
06:58 KSA · CLOSED  · scanner    · بدء المسح · 1153 رمزاً · الجلسة CLOSED
06:58 KSA · CLOSED  · signal     · QQQB-USD · orb ▲ 82 · 15m
06:58 KSA · CLOSED  · signal     · U-USD · brk ▲ 100 · 15m
06:58 KSA · CLOSED  · signal     · TAO-USD · vwapRec ▲ 100 · 15m
06:58 KSA · CLOSED  · signal     · APT-USD · orb ▲ 82 · 15m
07:00 KSA · CLOSED  · scanner    · بدء المسح · 1153 رمزاً · الجلسة CLOSED
07:00 KSA · CLOSED  · signal     · NDAQ · meanRev ▲ 100 · 1d
07:00 KSA · CLOSED  · signal     · VMC · sqzExp ▼ 100 · 1d
07:00 KSA · CLOSED  · signal     · CLX · sqzExp ▼ 100 · 1d
07:02 KSA · CLOSED  · scanner    · بدء المسح · 1153 رمزاً · الجلسة CLOSED
07:02 KSA · CLOSED  · signal     · UNI-USD · orb ▼ 57 · 15m
07:02 KSA · CLOSED  · signal     · UNI-USD · sqzExp ▼ 57 · 1h
07:02 KSA · CLOSED  · signal     · SUI-USD · sqzExp ▼ 73 · 1h
07:02 KSA · CLOSED  · signal     · PEPE-USD · brk ▲ 59 · 15m
07:02 KSA · CLOSED  · signal     · PEPE-USD · sqzExp ▲ 55 · 1h
07:02 KSA · CLOSED  · signal     · TAO-USD · orb ▼ 65 · 15m
07:02 KSA · CLOSED  · signal     · TAO-USD · brk ▼ 61 · 15m
07:02 KSA · CLOSED  · signal     · TAO-USD · sqzExp ▼ 85 · 1h
07:02 KSA · CLOSED  · signal     · THE-USD · orb ▼ 68 · 15m
07:02 KSA · CLOSED  · signal     · TRUMP-USD · orb ▼ 73 · 15m
07:02 KSA · CLOSED  · signal     · TRUMP-USD · brk ▼ 61 · 15m
07:02 KSA · CLOSED  · signal     · TRUMP-USD · sqzExp ▼ 60 · 1h
07:02 KSA · CLOSED  · signal     · EUR-USD · sqzExp ▼ 68 · 1h
07:02 KSA · CLOSED  · signal     · ARB-USD · orb ▼ 57 · 15m
07:02 KSA · CLOSED  · signal     · BANK-USD · orb ▼ 73 · 15m
07:02 KSA · CLOSED  · signal     · BANK-USD · brk ▼ 61 · 15m
07:02 KSA · CLOSED  · signal     · TON-USD · brk ▼ 61 · 15m
07:02 KSA · CLOSED  · signal     · SENT-USD · orb ▼ 70 · 15m
07:02 KSA · CLOSED  · signal     · PENGU-USD · vwapRec ▼ 57 · 15m
07:02 KSA · CLOSED  · signal     · PENGU-USD · brk ▼ 57 · 15m
07:02 KSA · CLOSED  · signal     · PENGU-USD · sqzExp ▼ 93 · 1h
07:02 KSA · CLOSED  · signal     · WLFI-USD · orb ▼ 60 · 15m
07:02 KSA · CLOSED  · signal     · WLFI-USD · brk ▼ 55 · 15m
07:02 KSA · CLOSED  · signal     · WLFI-USD · sqzExp ▼ 100 · 1h
07:02 KSA · CLOSED  · signal     · ASTER-USD · sqzExp ▼ 83 · 1h
07:02 KSA · CLOSED  · signal     · APT-USD · brk ▼ 55 · 15m
07:02 KSA · CLOSED  · signal     · APT-USD · sqzExp ▼ 60 · 1h
07:04 KSA · CLOSED  · scanner    · بدء المسح · 1153 رمزاً · الجلسة CLOSED
07:04 KSA · CLOSED  · signal     · FET-USD · vwapRec ▼ 100 · 15m
07:04 KSA · CLOSED  · signal     · QQQB-USD · orb ▲ 82 · 15m
07:04 KSA · CLOSED  · signal     · UNI-USD · vwapRec ▲ 68 · 15m
07:04 KSA · CLOSED  · signal     · SUI-USD · orb ▲ 88 · 15m
07:04 KSA · CLOSED  · signal     · U-USD · orb ▲ 73 · 15m
07:04 KSA · CLOSED  · signal     · U-USD · brk ▲ 75 · 15m
07:04 KSA · CLOSED  · signal     · THE-USD · vwapRec ▲ 60 · 15m
07:04 KSA · CLOSED  · signal     · THE-USD · sqzExp ▲ 88 · 1h
07:04 KSA · CLOSED  · signal     · PENGU-USD · orb ▲ 83 · 15m
07:04 KSA · CLOSED  · signal     · ASTER-USD · orb ▲ 80 · 15m
07:04 KSA · CLOSED  · signal     · APT-USD · orb ▲ 80 · 15m
07:04 KSA · CLOSED  · signal     · APT-USD · vwapRec ▲ 70 · 15m
07:07 KSA · CLOSED  · scanner    · بدء المسح · 1153 رمزاً · الجلسة CLOSED
07:07 KSA · CLOSED  · signal     · TAO-USD · vwapRec ▼ 100 · 15m
07:07 KSA · CLOSED  · signal     · TRUMP-USD · vwapRec ▼ 79 · 15m
07:07 KSA · CLOSED  · signal     · WLFI-USD · vwapRec ▼ 100 · 15m
07:08 KSA · CLOSED  · scanner    · بدء المسح · 1153 رمزاً · الجلسة CLOSED
07:08 KSA · CLOSED  · signal     · SENT-USD · vwapRec ▼ 100 · 15m
07:10 KSA · CLOSED  · scanner    · بدء المسح · 1153 رمزاً · الجلسة CLOSED
07:12 KSA · CLOSED  · scanner    · بدء المسح · 1153 رمزاً · الجلسة CLOSED
07:12 KSA · CLOSED  · signal     · ICP-USD · vwapRec ▼ 85 · 15m
07:12 KSA · CLOSED  · signal     · UNI-USD · orb ▼ 57 · 15m
07:12 KSA · CLOSED  · signal     · UNI-USD · sqzExp ▼ 57 · 1h
07:12 KSA · CLOSED  · signal     · SUI-USD · sqzExp ▼ 73 · 1h
07:12 KSA · CLOSED  · signal     · PEPE-USD · brk ▲ 59 · 15m
07:12 KSA · CLOSED  · signal     · PEPE-USD · sqzExp ▲ 55 · 1h
07:12 KSA · CLOSED  · signal     · TAO-USD · orb ▼ 65 · 15m
07:12 KSA · CLOSED  · signal     · TAO-USD · brk ▼ 61 · 15m
07:12 KSA · CLOSED  · signal     · TAO-USD · sqzExp ▼ 85 · 1h
07:12 KSA · CLOSED  · signal     · THE-USD · orb ▼ 68 · 15m
07:12 KSA · CLOSED  · signal     · TRUMP-USD · orb ▼ 73 · 15m
07:12 KSA · CLOSED  · signal     · TRUMP-USD · brk ▼ 61 · 15m
07:12 KSA · CLOSED  · signal     · TRUMP-USD · sqzExp ▼ 60 · 1h
07:12 KSA · CLOSED  · signal     · EUR-USD · sqzExp ▼ 68 · 1h
07:12 KSA · CLOSED  · signal     · ARB-USD · orb ▼ 57 · 15m
07:12 KSA · CLOSED  · signal     · BANK-USD · orb ▼ 73 · 15m
07:12 KSA · CLOSED  · signal     · BANK-USD · brk ▼ 61 · 15m
07:12 KSA · CLOSED  · signal     · TON-USD · brk ▼ 61 · 15m
07:12 KSA · CLOSED  · signal     · SENT-USD · orb ▼ 70 · 15m
07:12 KSA · CLOSED  · signal     · PENGU-USD · vwapRec ▼ 57 · 15m
07:12 KSA · CLOSED  · signal     · PENGU-USD · brk ▼ 57 · 15m
07:12 KSA · CLOSED  · signal     · PENGU-USD · sqzExp ▼ 93 · 1h
07:12 KSA · CLOSED  · signal     · WLFI-USD · orb ▼ 60 · 15m
07:12 KSA · CLOSED  · signal     · WLFI-USD · brk ▼ 55 · 15m
07:12 KSA · CLOSED  · signal     · WLFI-USD · sqzExp ▼ 100 · 1h
07:12 KSA · CLOSED  · signal     · ASTER-USD · brk ▼ 59 · 15m
07:12 KSA · CLOSED  · signal     · ASTER-USD · sqzExp ▼ 83 · 1h
07:12 KSA · CLOSED  · signal     · APT-USD · brk ▼ 55 · 15m
07:12 KSA · CLOSED  · signal     · APT-USD · sqzExp ▼ 60 · 1h
07:14 KSA · CLOSED  · scanner    · بدء المسح · 1153 رمزاً · الجلسة CLOSED
07:14 KSA · CLOSED  · signal     · UNI-USD · vwapRec ▲ 68 · 15m
07:14 KSA · CLOSED  · signal     · U-USD · orb ▲ 80 · 15m
07:14 KSA · CLOSED  · signal     · U-USD · vwapRec ▲ 68 · 15m
07:14 KSA · CLOSED  · signal     · THE-USD · vwapRec ▲ 60 · 15m
07:14 KSA · CLOSED  · signal     · THE-USD · sqzExp ▲ 88 · 1h
07:14 KSA · CLOSED  · signal     · PENGU-USD · orb ▲ 83 · 15m
07:14 KSA · CLOSED  · signal     · ASTER-USD · orb ▲ 80 · 15m
07:14 KSA · CLOSED  · signal     · APT-USD · orb ▲ 80 · 15m
07:14 KSA · CLOSED  · signal     · APT-USD · vwapRec ▲ 70 · 15m
07:16 KSA · CLOSED  · scanner    · بدء المسح · 1153 رمزاً · الجلسة CLOSED
07:18 KSA · CLOSED  · scanner    · بدء المسح · 1153 رمزاً · الجلسة CLOSED
07:18 KSA · CLOSED  · signal     · U-USD · brk ▲ 100 · 15m
07:18 KSA · CLOSED  · signal     · ARB-USD · orb ▼ 82 · 15m
07:20 KSA · CLOSED  · scanner    · بدء المسح · 1153 رمزاً · الجلسة CLOSED
07:20 KSA · CLOSED  · signal     · SUI-USD · vwapRec ▼ 100 · 15m
07:23 KSA · CLOSED  · scanner    · بدء المسح · 1153 رمزاً · الجلسة CLOSED
07:23 KSA · CLOSED  · signal     · UNI-USD · orb ▼ 57 · 15m
07:23 KSA · CLOSED  · signal     · UNI-USD · sqzExp ▼ 57 · 1h
07:23 KSA · CLOSED  · signal     · SUI-USD · orb ▼ 65 · 15m
07:23 KSA · CLOSED  · signal     · SUI-USD · sqzExp ▼ 73 · 1h
07:23 KSA · CLOSED  · signal     · PEPE-USD · brk ▲ 57 · 15m
07:23 KSA · CLOSED  · signal     · PEPE-USD · sqzExp ▲ 70 · 1h
07:23 KSA · CLOSED  · signal     · TAO-USD · orb ▼ 65 · 15m
07:23 KSA · CLOSED  · signal     · TAO-USD · brk ▼ 61 · 15m
07:23 KSA · CLOSED  · signal     · TAO-USD · sqzExp ▼ 85 · 1h
07:23 KSA · CLOSED  · signal     · THE-USD · orb ▼ 63 · 15m
07:23 KSA · CLOSED  · signal     · THE-USD · brk ▼ 57 · 15m
07:23 KSA · CLOSED  · signal     · TRUMP-USD · brk ▼ 61 · 15m
07:23 KSA · CLOSED  · signal     · TRUMP-USD · sqzExp ▼ 60 · 1h
07:23 KSA · CLOSED  · signal     · EUR-USD · sqzExp ▼ 68 · 1h
07:23 KSA · CLOSED  · signal     · BANK-USD · orb ▼ 73 · 15m
07:23 KSA · CLOSED  · signal     · BANK-USD · brk ▼ 61 · 15m
07:23 KSA · CLOSED  · signal     · TON-USD · brk ▼ 61 · 15m
07:23 KSA · CLOSED  · signal     · SENT-USD · orb ▼ 70 · 15m
07:23 KSA · CLOSED  · signal     · SENT-USD · brk ▼ 61 · 15m
07:23 KSA · CLOSED  · signal     · PENGU-USD · brk ▼ 55 · 15m
07:23 KSA · CLOSED  · signal     · PENGU-USD · sqzExp ▼ 100 · 1h
07:23 KSA · CLOSED  · signal     · WLFI-USD · orb ▼ 60 · 15m
07:23 KSA · CLOSED  · signal     · WLFI-USD · sqzExp ▼ 93 · 1h
07:23 KSA · CLOSED  · signal     · ASTER-USD · brk ▼ 57 · 15m
07:23 KSA · CLOSED  · signal     · ASTER-USD · sqzExp ▼ 70 · 1h
07:23 KSA · CLOSED  · signal     · APT-USD · sqzExp ▼ 60 · 1h
07:24 KSA · CLOSED  · scanner    · بدء المسح · 1153 رمزاً · الجلسة CLOSED
07:24 KSA · CLOSED  · signal     · NEAR-USD · vwapRec ▼ 100 · 15m
07:24 KSA · CLOSED  · signal     · U-USD · orb ▲ 57 · 15m
07:24 KSA · CLOSED  · signal     · THE-USD · vwapRec ▲ 60 · 15m
07:24 KSA · CLOSED  · signal     · PENGU-USD · orb ▲ 68 · 15m
07:24 KSA · CLOSED  · signal     · ASTER-USD · orb ▲ 73 · 15m
07:24 KSA · CLOSED  · signal     · APT-USD · vwapRec ▲ 70 · 15m
07:24 KSA · CLOSED  · signal     · APT-USD · pbTrend ▼ 57 · 1h
07:26 KSA · CLOSED  · scanner    · بدء المسح · 1153 رمزاً · الجلسة CLOSED
07:28 KSA · CLOSED  · scanner    · بدء المسح · 1153 رمزاً · الجلسة CLOSED
07:30 KSA · CLOSED  · scanner    · بدء المسح · 1153 رمزاً · الجلسة CLOSED
07:32 KSA · CLOSED  · scanner    · بدء المسح · 1153 رمزاً · الجلسة CLOSED
07:32 KSA · CLOSED  · signal     · ONDO-USD · orb ▼ 60 · 15m
07:32 KSA · CLOSED  · signal     · UNI-USD · orb ▼ 57 · 15m
07:32 KSA · CLOSED  · signal     · UNI-USD · sqzExp ▼ 57 · 1h
07:32 KSA · CLOSED  · signal     · SUI-USD · orb ▼ 65 · 15m
07:32 KSA · CLOSED  · signal     · SUI-USD · sqzExp ▼ 73 · 1h
07:32 KSA · CLOSED  · signal     · U-USD · rsiDiv ▼ 83 · 15m
07:32 KSA · CLOSED  · signal     · PEPE-USD · brk ▲ 57 · 15m
07:32 KSA · CLOSED  · signal     · PEPE-USD · sqzExp ▲ 70 · 1h
07:32 KSA · CLOSED  · signal     · TAO-USD · orb ▼ 65 · 15m
07:32 KSA · CLOSED  · signal     · TAO-USD · brk ▼ 61 · 15m
07:32 KSA · CLOSED  · signal     · TAO-USD · sqzExp ▼ 85 · 1h
07:32 KSA · CLOSED  · signal     · THE-USD · orb ▼ 55 · 15m
07:32 KSA · CLOSED  · signal     · THE-USD · sqzExp ▼ 88 · 1h
07:32 KSA · CLOSED  · signal     · TRUMP-USD · brk ▼ 73 · 15m
07:32 KSA · CLOSED  · signal     · TRUMP-USD · sqzExp ▼ 60 · 1h
07:32 KSA · CLOSED  · signal     · EUR-USD · sqzExp ▼ 68 · 1h
07:32 KSA · CLOSED  · signal     · BANK-USD · orb ▼ 80 · 15m
07:32 KSA · CLOSED  · signal     · BANK-USD · brk ▼ 80 · 15m
07:32 KSA · CLOSED  · signal     · TON-USD · brk ▼ 61 · 15m
07:32 KSA · CLOSED  · signal     · SENT-USD · orb ▼ 63 · 15m
07:32 KSA · CLOSED  · signal     · PENGU-USD · brk ▼ 61 · 15m
07:32 KSA · CLOSED  · signal     · PENGU-USD · sqzExp ▼ 100 · 1h
07:32 KSA · CLOSED  · signal     · WLFI-USD · orb ▼ 60 · 15m
07:32 KSA · CLOSED  · signal     · WLFI-USD · sqzExp ▼ 93 · 1h
07:32 KSA · CLOSED  · signal     · ASTER-USD · brk ▼ 57 · 15m
07:32 KSA · CLOSED  · signal     · ASTER-USD · sqzExp ▼ 70 · 1h
07:32 KSA · CLOSED  · signal     · APT-USD · orb ▼ 73 · 15m
07:32 KSA · CLOSED  · signal     · APT-USD · brk ▼ 61 · 15m
07:32 KSA · CLOSED  · signal     · APT-USD · sqzExp ▼ 60 · 1h
07:34 KSA · CLOSED  · scanner    · بدء المسح · 1153 رمزاً · الجلسة CLOSED
07:34 KSA · CLOSED  · signal     · FIL-USD · pbTrend ▲ 57 · 1h
07:34 KSA · CLOSED  · signal     · FIL-USD · meanRev ▲ 100 · 15m
07:34 KSA · CLOSED  · signal     · U-USD · orb ▲ 65 · 15m
07:34 KSA · CLOSED  · signal     · PENGU-USD · orb ▲ 68 · 15m
07:34 KSA · CLOSED  · signal     · ASTER-USD · orb ▲ 73 · 15m
07:37 KSA · CLOSED  · scanner    · بدء المسح · 1153 رمزاً · الجلسة CLOSED
07:37 KSA · CLOSED  · signal     · SENT-USD · vwapRec ▲ 100 · 15m
07:37 KSA · CLOSED  · signal     · APT-USD · vwapRec ▲ 79 · 15m
07:38 KSA · CLOSED  · scanner    · بدء المسح · 1153 رمزاً · الجلسة CLOSED
07:38 KSA · CLOSED  · signal     · SUI-USD · orb ▲ 82 · 15m
07:38 KSA · CLOSED  · signal     · APT-USD · orb ▲ 82 · 15m
07:40 KSA · CLOSED  · scanner    · بدء المسح · 1153 رمزاً · الجلسة CLOSED
07:40 KSA · CLOSED  · signal     · INJ-USD · orb ▲ 64 · 15m
07:40 KSA · CLOSED  · signal     · XPL-USD · brk ▲ 100 · 15m
07:40 KSA · CLOSED  · signal     · QQQB-USD · orb ▲ 64 · 15m
07:42 KSA · CLOSED  · scanner    · بدء المسح · 1153 رمزاً · الجلسة CLOSED
07:42 KSA · CLOSED  · signal     · BTC-USD · vwapRec ▼ 57 · 15m
07:42 KSA · CLOSED  · signal     · MUB-USD · momo ▲ 61 · 1h
07:42 KSA · CLOSED  · signal     · UNI-USD · orb ▼ 57 · 15m
07:42 KSA · CLOSED  · signal     · UNI-USD · sqzExp ▼ 57 · 1h
07:42 KSA · CLOSED  · signal     · SUI-USD · sqzExp ▼ 73 · 1h
07:42 KSA · CLOSED  · signal     · PEPE-USD · brk ▲ 57 · 15m
07:42 KSA · CLOSED  · signal     · PEPE-USD · sqzExp ▲ 70 · 1h
07:42 KSA · CLOSED  · signal     · TAO-USD · orb ▼ 65 · 15m
07:42 KSA · CLOSED  · signal     · TAO-USD · brk ▼ 61 · 15m
07:42 KSA · CLOSED  · signal     · TAO-USD · sqzExp ▼ 85 · 1h
07:42 KSA · CLOSED  · signal     · THE-USD · orb ▼ 55 · 15m
07:42 KSA · CLOSED  · signal     · THE-USD · sqzExp ▼ 88 · 1h
07:42 KSA · CLOSED  · signal     · TRUMP-USD · orb ▼ 80 · 15m
07:42 KSA · CLOSED  · signal     · TRUMP-USD · brk ▼ 73 · 15m
07:42 KSA · CLOSED  · signal     · TRUMP-USD · sqzExp ▼ 60 · 1h
07:42 KSA · CLOSED  · signal     · EUR-USD · sqzExp ▼ 68 · 1h
07:42 KSA · CLOSED  · signal     · ARB-USD · orb ▼ 57 · 15m
07:42 KSA · CLOSED  · signal     · BANK-USD · orb ▼ 80 · 15m
07:42 KSA · CLOSED  · signal     · BANK-USD · brk ▼ 80 · 15m
07:42 KSA · CLOSED  · signal     · TON-USD · brk ▼ 61 · 15m
07:42 KSA · CLOSED  · signal     · SENT-USD · orb ▼ 63 · 15m
07:42 KSA · CLOSED  · signal     · PENGU-USD · brk ▼ 61 · 15m
07:42 KSA · CLOSED  · signal     · PENGU-USD · sqzExp ▼ 100 · 1h
07:42 KSA · CLOSED  · signal     · WLFI-USD · orb ▼ 60 · 15m
07:42 KSA · CLOSED  · signal     · WLFI-USD · sqzExp ▼ 93 · 1h
07:42 KSA · CLOSED  · signal     · ASTER-USD · brk ▼ 57 · 15m
07:42 KSA · CLOSED  · signal     · ASTER-USD · sqzExp ▼ 70 · 1h
07:42 KSA · CLOSED  · signal     · APT-USD · brk ▼ 61 · 15m
07:42 KSA · CLOSED  · signal     · APT-USD · sqzExp ▼ 60 · 1h
07:44 KSA · CLOSED  · scanner    · بدء المسح · 1153 رمزاً · الجلسة CLOSED
07:44 KSA · CLOSED  · signal     · QQQB-USD · orb ▲ 82 · 15m
07:44 KSA · CLOSED  · signal     · SUI-USD · orb ▲ 80 · 15m
07:44 KSA · CLOSED  · signal     · SUI-USD · vwapRec ▲ 85 · 15m
07:44 KSA · CLOSED  · signal     · U-USD · orb ▲ 65 · 15m
07:44 KSA · CLOSED  · signal     · PENGU-USD · orb ▲ 60 · 15m
07:44 KSA · CLOSED  · signal     · ASTER-USD · orb ▲ 65 · 15m
07:44 KSA · CLOSED  · signal     · APT-USD · orb ▲ 88 · 15m
07:44 KSA · CLOSED  · signal     · APT-USD · vwapRec ▲ 70 · 15m
07:46 KSA · CLOSED  · scanner    · بدء المسح · 1153 رمزاً · الجلسة CLOSED
07:46 KSA · CLOSED  · signal     · HBAR-USD · orb ▲ 82 · 15m
07:46 KSA · CLOSED  · signal     · UNI-USD · orb ▲ 64 · 15m
07:48 KSA · CLOSED  · scanner    · بدء المسح · 1153 رمزاً · الجلسة CLOSED
07:48 KSA · CLOSED  · signal     · MUB-USD · orb ▲ 64 · 15m
07:48 KSA · CLOSED  · signal     · TRUMP-USD · vwapRec ▲ 100 · 15m
07:48 KSA · CLOSED  · signal     · ARB-USD · vwapRec ▲ 100 · 15m
07:48 KSA · CLOSED  · signal     · SENT-USD · vwapRec ▲ 100 · 15m
07:48 KSA · CLOSED  · signal     · PENGU-USD · sqzExp ▲ 100 · 1h
07:48 KSA · CLOSED  · signal     · APT-USD · brk ▲ 69 · 15m
07:50 KSA · CLOSED  · scanner    · بدء المسح · 1153 رمزاً · الجلسة CLOSED
07:50 KSA · CLOSED  · signal     · ASTER-USD · brk ▲ 69 · 15m
07:50 KSA · CLOSED  · signal     · ASTER-USD · meanRev ▼ 100 · 15m
07:52 KSA · CLOSED  · scanner    · بدء المسح · 1153 رمزاً · الجلسة CLOSED
07:52 KSA · CLOSED  · signal     · UNI-USD · brk ▼ 73 · 15m
07:52 KSA · CLOSED  · signal     · UNI-USD · sqzExp ▼ 57 · 1h
07:52 KSA · CLOSED  · signal     · SUI-USD · sqzExp ▼ 73 · 1h
07:52 KSA · CLOSED  · signal     · PEPE-USD · brk ▲ 64 · 15m
07:52 KSA · CLOSED  · signal     · PEPE-USD · sqzExp ▲ 70 · 1h
07:52 KSA · CLOSED  · signal     · TAO-USD · orb ▼ 65 · 15m
07:52 KSA · CLOSED  · signal     · TAO-USD · sqzExp ▼ 85 · 1h
07:52 KSA · CLOSED  · signal     · THE-USD · orb ▼ 55 · 15m
07:52 KSA · CLOSED  · signal     · THE-USD · sqzExp ▼ 88 · 1h
07:52 KSA · CLOSED  · signal     · TRUMP-USD · orb ▼ 65 · 15m
07:52 KSA · CLOSED  · signal     · TRUMP-USD · sqzExp ▼ 60 · 1h
07:52 KSA · CLOSED  · signal     · EUR-USD · sqzExp ▼ 68 · 1h
07:52 KSA · CLOSED  · signal     · ARB-USD · orb ▼ 57 · 15m
07:52 KSA · CLOSED  · signal     · ARB-USD · brk ▼ 55 · 15m
07:52 KSA · CLOSED  · signal     · BANK-USD · orb ▼ 80 · 15m
07:52 KSA · CLOSED  · signal     · BANK-USD · brk ▼ 66 · 15m
07:52 KSA · CLOSED  · signal     · TON-USD · brk ▼ 61 · 15m
07:52 KSA · CLOSED  · signal     · SENT-USD · orb ▼ 55 · 15m
07:52 KSA · CLOSED  · signal     · PENGU-USD · brk ▼ 66 · 15m
07:52 KSA · CLOSED  · signal     · WLFI-USD · orb ▼ 60 · 15m
07:52 KSA · CLOSED  · signal     · WLFI-USD · sqzExp ▼ 93 · 1h
07:52 KSA · CLOSED  · signal     · ASTER-USD · sqzExp ▼ 70 · 1h
07:52 KSA · CLOSED  · signal     · APT-USD · sqzExp ▼ 60 · 1h
07:54 KSA · CLOSED  · scanner    · بدء المسح · 1153 رمزاً · الجلسة CLOSED
07:54 KSA · CLOSED  · signal     · BTC-USD · vwapRec ▲ 100 · 15m
07:54 KSA · CLOSED  · signal     · UNI-USD · orb ▲ 80 · 15m
07:54 KSA · CLOSED  · signal     · SUI-USD · orb ▲ 95 · 15m
07:54 KSA · CLOSED  · signal     · SUI-USD · vwapRec ▲ 78 · 15m
07:54 KSA · CLOSED  · signal     · U-USD · orb ▲ 73 · 15m
07:54 KSA · CLOSED  · signal     · TRUMP-USD · vwapRec ▲ 63 · 15m
07:54 KSA · CLOSED  · signal     · BANK-USD · vwapRec ▲ 93 · 15m
07:54 KSA · CLOSED  · signal     · SENT-USD · vwapRec ▲ 65 · 15m
07:54 KSA · CLOSED  · signal     · PENGU-USD · orb ▲ 75 · 15m
07:54 KSA · CLOSED  · signal     · PENGU-USD · sqzExp ▲ 100 · 1h
07:54 KSA · CLOSED  · signal     · ASTER-USD · brk ▲ 55 · 15m
07:54 KSA · CLOSED  · signal     · APT-USD · orb ▲ 80 · 15m
07:54 KSA · CLOSED  · signal     · APT-USD · brk ▲ 61 · 15m
07:56 KSA · CLOSED  · scanner    · بدء المسح · 1153 رمزاً · الجلسة CLOSED
07:58 KSA · CLOSED  · scanner    · بدء المسح · 1153 رمزاً · الجلسة CLOSED
07:58 KSA · CLOSED  · signal     · TAO-USD · vwapRec ▲ 100 · 15m
07:58 KSA · CLOSED  · signal     · WLFI-USD · vwapRec ▲ 70 · 15m
08:00 KSA · CLOSED  · scanner    · بدء المسح · 1153 رمزاً · الجلسة CLOSED
08:02 KSA · CLOSED  · scanner    · بدء المسح · 1153 رمزاً · الجلسة CLOSED
08:02 KSA · CLOSED  · signal     · ONDO-USD · vwapRec ▼ 75 · 15m
08:02 KSA · CLOSED  · signal     · MARSCOIN-USD · rsiDiv ▼ 86 · 1h
08:02 KSA · CLOSED  · signal     · UNI-USD · sqzExp ▼ 57 · 1h
08:02 KSA · CLOSED  · signal     · SUI-USD · sqzExp ▼ 73 · 1h
08:02 KSA · CLOSED  · signal     · PEPE-USD · brk ▲ 66 · 15m
08:02 KSA · CLOSED  · signal     · PEPE-USD · sqzExp ▲ 70 · 1h
08:02 KSA · CLOSED  · signal     · TAO-USD · orb ▼ 65 · 15m
08:02 KSA · CLOSED  · signal     · TAO-USD · sqzExp ▼ 85 · 1h
08:02 KSA · CLOSED  · signal     · THE-USD · orb ▼ 70 · 15m
08:02 KSA · CLOSED  · signal     · THE-USD · brk ▼ 57 · 15m
08:02 KSA · CLOSED  · signal     · THE-USD · sqzExp ▼ 88 · 1h
08:02 KSA · CLOSED  · signal     · TRUMP-USD · orb ▼ 80 · 15m
08:02 KSA · CLOSED  · signal     · TRUMP-USD · brk ▼ 66 · 15m
08:02 KSA · CLOSED  · signal     · TRUMP-USD · sqzExp ▼ 60 · 1h
08:02 KSA · CLOSED  · signal     · EUR-USD · sqzExp ▼ 68 · 1h
08:02 KSA · CLOSED  · signal     · BANK-USD · orb ▼ 80 · 15m
08:02 KSA · CLOSED  · signal     · BANK-USD · brk ▼ 66 · 15m
08:02 KSA · CLOSED  · signal     · TON-USD · brk ▼ 61 · 15m
08:02 KSA · CLOSED  · signal     · SENT-USD · orb ▼ 55 · 15m
08:02 KSA · CLOSED  · signal     · PENGU-USD · brk ▼ 66 · 15m
08:02 KSA · CLOSED  · signal     · WLFI-USD · orb ▼ 68 · 15m
08:02 KSA · CLOSED  · signal     · WLFI-USD · sqzExp ▼ 93 · 1h
08:02 KSA · CLOSED  · signal     · ASTER-USD · orb ▼ 57 · 15m
08:02 KSA · CLOSED  · signal     · ASTER-USD · sqzExp ▼ 70 · 1h
08:02 KSA · CLOSED  · signal     · APT-USD · sqzExp ▼ 60 · 1h
08:04 KSA · CLOSED  · scanner    · بدء المسح · 1153 رمزاً · الجلسة CLOSED
08:04 KSA · CLOSED  · signal     · OP-USD · orb ▲ 82 · 15m
08:04 KSA · CLOSED  · signal     · MARSCOIN-USD · sqzExp ▲ 100 · 1h
08:04 KSA · CLOSED  · signal     · UNI-USD · orb ▲ 63 · 15m
08:04 KSA · CLOSED  · signal     · SUI-USD · orb ▲ 95 · 15m
08:04 KSA · CLOSED  · signal     · SUI-USD · vwapRec ▲ 60 · 15m
08:04 KSA · CLOSED  · signal     · U-USD · orb ▲ 65 · 15m
08:04 KSA · CLOSED  · signal     · TAO-USD · vwapRec ▲ 85 · 15m
08:04 KSA · CLOSED  · signal     · TRUMP-USD · vwapRec ▲ 78 · 15m
08:04 KSA · CLOSED  · signal     · ARB-USD · orb ▲ 65 · 15m
08:04 KSA · CLOSED  · signal     · ARB-USD · brk ▲ 55 · 15m
08:04 KSA · CLOSED  · signal     · BANK-USD · vwapRec ▲ 93 · 15m
08:04 KSA · CLOSED  · signal     · SENT-USD · vwapRec ▲ 65 · 15m
08:04 KSA · CLOSED  · signal     · PENGU-USD · orb ▲ 75 · 15m
08:04 KSA · CLOSED  · signal     · PENGU-USD · vwapRec ▲ 60 · 15m
08:04 KSA · CLOSED  · signal     · PENGU-USD · pbTrend ▼ 57 · 1h
08:04 KSA · CLOSED  · signal     · PENGU-USD · sqzExp ▲ 90 · 1h
08:04 KSA · CLOSED  · signal     · WLFI-USD · vwapRec ▲ 78 · 15m
08:04 KSA · CLOSED  · signal     · ASTER-USD · brk ▲ 59 · 15m
08:04 KSA · CLOSED  · signal     · APT-USD · orb ▲ 80 · 15m
08:04 KSA · CLOSED  · signal     · APT-USD · brk ▲ 61 · 15m
08:07 KSA · CLOSED  · scanner    · بدء المسح · 1153 رمزاً · الجلسة CLOSED
08:07 KSA · CLOSED  · signal     · LSK-USD · meanRev ▲ 100 · 15m
08:07 KSA · CLOSED  · signal     · RVN-USD · brk ▼ 69 · 1d
08:10 KSA · CLOSED  · scanner    · بدء المسح · 1153 رمزاً · الجلسة CLOSED
08:10 KSA · CLOSED  · signal     · ASTER-USD · meanRev ▼ 100 · 15m
08:12 KSA · CLOSED  · scanner    · بدء المسح · 1153 رمزاً · الجلسة CLOSED
08:12 KSA · CLOSED  · signal     · QQQB-USD · orb ▼ 73 · 15m
08:12 KSA · CLOSED  · signal     · UNI-USD · sqzExp ▼ 57 · 1h
08:12 KSA · CLOSED  · signal     · SUI-USD · sqzExp ▼ 73 · 1h
08:12 KSA · CLOSED  · signal     · PEPE-USD · brk ▲ 66 · 15m
08:12 KSA · CLOSED  · signal     · PEPE-USD · sqzExp ▲ 70 · 1h
08:12 KSA · CLOSED  · signal     · TAO-USD · orb ▼ 65 · 15m
08:12 KSA · CLOSED  · signal     · TAO-USD · sqzExp ▼ 85 · 1h
08:12 KSA · CLOSED  · signal     · THE-USD · orb ▼ 70 · 15m
08:12 KSA · CLOSED  · signal     · THE-USD · brk ▼ 57 · 15m
08:12 KSA · CLOSED  · signal     · THE-USD · sqzExp ▼ 88 · 1h
08:12 KSA · CLOSED  · signal     · TRUMP-USD · orb ▼ 80 · 15m
08:12 KSA · CLOSED  · signal     · TRUMP-USD · brk ▼ 66 · 15m
08:12 KSA · CLOSED  · signal     · TRUMP-USD · sqzExp ▼ 60 · 1h
08:12 KSA · CLOSED  · signal     · EUR-USD · sqzExp ▼ 68 · 1h
08:12 KSA · CLOSED  · signal     · BANK-USD · orb ▼ 80 · 15m
08:12 KSA · CLOSED  · signal     · BANK-USD · brk ▼ 66 · 15m
08:12 KSA · CLOSED  · signal     · TON-USD · brk ▼ 61 · 15m
08:12 KSA · CLOSED  · signal     · SENT-USD · orb ▼ 55 · 15m
08:12 KSA · CLOSED  · signal     · PENGU-USD · brk ▼ 66 · 15m
08:12 KSA · CLOSED  · signal     · WLFI-USD · orb ▼ 68 · 15m
08:12 KSA · CLOSED  · signal     · WLFI-USD · sqzExp ▼ 93 · 1h
08:12 KSA · CLOSED  · signal     · ASTER-USD · orb ▼ 57 · 15m
08:12 KSA · CLOSED  · signal     · ASTER-USD · sqzExp ▼ 70 · 1h
08:12 KSA · CLOSED  · signal     · APT-USD · sqzExp ▼ 60 · 1h
08:14 KSA · CLOSED  · scanner    · بدء المسح · 1153 رمزاً · الجلسة CLOSED
08:14 KSA · CLOSED  · signal     · UNI-USD · orb ▲ 63 · 15m
08:14 KSA · CLOSED  · signal     · SUI-USD · orb ▲ 95 · 15m
08:14 KSA · CLOSED  · signal     · SUI-USD · vwapRec ▲ 85 · 15m
08:14 KSA · CLOSED  · signal     · U-USD · orb ▲ 65 · 15m
08:14 KSA · CLOSED  · signal     · TAO-USD · vwapRec ▲ 85 · 15m
08:14 KSA · CLOSED  · signal     · TRUMP-USD · vwapRec ▲ 93 · 15m
08:14 KSA · CLOSED  · signal     · ARB-USD · orb ▲ 65 · 15m
08:14 KSA · CLOSED  · signal     · ARB-USD · brk ▲ 55 · 15m
08:14 KSA · CLOSED  · signal     · PENGU-USD · orb ▲ 75 · 15m
08:14 KSA · CLOSED  · signal     · PENGU-USD · vwapRec ▲ 75 · 15m
08:14 KSA · CLOSED  · signal     · ASTER-USD · brk ▲ 70 · 15m
08:14 KSA · CLOSED  · signal     · APT-USD · orb ▲ 80 · 15m
08:14 KSA · CLOSED  · signal     · APT-USD · brk ▲ 61 · 15m
08:14 KSA · CLOSED  · signal     · APT-USD · pbTrend ▼ 57 · 1h
08:16 KSA · CLOSED  · scanner    · بدء المسح · 1153 رمزاً · الجلسة CLOSED
08:16 KSA · CLOSED  · signal     · THE-USD · brk ▲ 100 · 15m
08:16 KSA · CLOSED  · signal     · SENT-USD · vwapRec ▼ 100 · 15m
08:18 KSA · CLOSED  · scanner    · بدء المسح · 1153 رمزاً · الجلسة CLOSED
08:18 KSA · CLOSED  · signal     · WLFI-USD · vwapRec ▲ 78 · 15m
08:20 KSA · CLOSED  · scanner    · بدء المسح · 1153 رمزاً · الجلسة CLOSED
08:23 KSA · CLOSED  · scanner    · بدء المسح · 1153 رمزاً · الجلسة CLOSED
08:23 KSA · CLOSED  · signal     · QQQB-USD · orb ▼ 85 · 15m
08:23 KSA · CLOSED  · signal     · UNI-USD · brk ▼ 55 · 15m
08:23 KSA · CLOSED  · signal     · UNI-USD · sqzExp ▼ 65 · 1h
08:23 KSA · CLOSED  · signal     · SUI-USD · brk ▼ 80 · 15m
08:23 KSA · CLOSED  · signal     · SUI-USD · sqzExp ▼ 73 · 1h
08:23 KSA · CLOSED  · signal     · PEPE-USD · sqzExp ▲ 63 · 1h
08:23 KSA · CLOSED  · signal     · TAO-USD · orb ▼ 65 · 15m
08:23 KSA · CLOSED  · signal     · TAO-USD · brk ▼ 55 · 15m
08:23 KSA · CLOSED  · signal     · TAO-USD · sqzExp ▼ 85 · 1h
08:23 KSA · CLOSED  · signal     · THE-USD · orb ▼ 63 · 15m
08:23 KSA · CLOSED  · signal     · THE-USD · sqzExp ▼ 88 · 1h
08:23 KSA · CLOSED  · signal     · THE-USD · momo ▲ 56 · 1h
08:23 KSA · CLOSED  · signal     · TRUMP-USD · orb ▼ 73 · 15m
08:23 KSA · CLOSED  · signal     · TRUMP-USD · brk ▼ 70 · 15m
08:23 KSA · CLOSED  · signal     · TRUMP-USD · sqzExp ▼ 68 · 1h
08:23 KSA · CLOSED  · signal     · EUR-USD · sqzExp ▼ 60 · 1h
08:23 KSA · CLOSED  · signal     · BANK-USD · orb ▼ 80 · 15m
08:23 KSA · CLOSED  · signal     · BANK-USD · brk ▼ 80 · 15m
08:23 KSA · CLOSED  · signal     · BANK-USD · volSpike ▼ 89 · 15m
08:23 KSA · CLOSED  · signal     · TON-USD · brk ▼ 61 · 15m
08:23 KSA · CLOSED  · signal     · SENT-USD · orb ▼ 55 · 15m
08:23 KSA · CLOSED  · signal     · PENGU-USD · brk ▼ 70 · 15m
08:23 KSA · CLOSED  · signal     · PENGU-USD · sqzExp ▼ 100 · 1h
08:23 KSA · CLOSED  · signal     · WLFI-USD · orb ▼ 68 · 15m
08:23 KSA · CLOSED  · signal     · WLFI-USD · sqzExp ▼ 93 · 1h
08:23 KSA · CLOSED  · signal     · ASTER-USD · orb ▼ 57 · 15m
08:23 KSA · CLOSED  · signal     · ASTER-USD · sqzExp ▼ 70 · 1h
08:23 KSA · CLOSED  · signal     · ASTER-USD · momo ▲ 72 · 1h
08:23 KSA · CLOSED  · signal     · APT-USD · sqzExp ▼ 60 · 1h
08:25 KSA · CLOSED  · scanner    · بدء المسح · 1153 رمزاً · الجلسة CLOSED
08:25 KSA · CLOSED  · signal     · ETHFI-USD · brk ▲ 100 · 15m
08:25 KSA · CLOSED  · signal     · XPL-USD · sqzExp ▲ 100 · 1h
08:25 KSA · CLOSED  · signal     · SUI-USD · orb ▲ 95 · 15m
08:25 KSA · CLOSED  · signal     · SUI-USD · vwapRec ▲ 68 · 15m
08:25 KSA · CLOSED  · signal     · U-USD · orb ▲ 57 · 15m
08:25 KSA · CLOSED  · signal     · TAO-USD · vwapRec ▲ 78 · 15m
08:25 KSA · CLOSED  · signal     · THE-USD · brk ▲ 57 · 15m
08:25 KSA · CLOSED  · signal     · TRUMP-USD · vwapRec ▲ 85 · 15m
08:25 KSA · CLOSED  · signal     · ARB-USD · orb ▲ 80 · 15m
08:25 KSA · CLOSED  · signal     · ARB-USD · brk ▲ 73 · 15m
08:25 KSA · CLOSED  · signal     · PENGU-USD · orb ▲ 75 · 15m
08:25 KSA · CLOSED  · signal     · PENGU-USD · vwapRec ▲ 60 · 15m
08:25 KSA · CLOSED  · signal     · ASTER-USD · brk ▲ 64 · 15m
08:25 KSA · CLOSED  · signal     · APT-USD · orb ▲ 80 · 15m
08:25 KSA · CLOSED  · signal     · APT-USD · brk ▲ 70 · 15m
08:26 KSA · CLOSED  · scanner    · بدء المسح · 1153 رمزاً · الجلسة CLOSED
08:28 KSA · CLOSED  · scanner    · بدء المسح · 1153 رمزاً · الجلسة CLOSED
08:28 KSA · CLOSED  · signal     · BANK-USD · vwapRec ▼ 79 · 15m
08:30 KSA · CLOSED  · scanner    · بدء المسح · 1153 رمزاً · الجلسة CLOSED
08:32 KSA · CLOSED  · scanner    · بدء المسح · 1153 رمزاً · الجلسة CLOSED
08:32 KSA · CLOSED  · signal     · QQQB-USD · orb ▼ 90 · 15m
08:32 KSA · CLOSED  · signal     · UNI-USD · orb ▼ 57 · 15m
08:32 KSA · CLOSED  · signal     · UNI-USD · brk ▼ 55 · 15m
08:32 KSA · CLOSED  · signal     · UNI-USD · sqzExp ▼ 65 · 1h
08:32 KSA · CLOSED  · signal     · SUI-USD · brk ▼ 64 · 15m
08:32 KSA · CLOSED  · signal     · SUI-USD · sqzExp ▼ 73 · 1h
08:32 KSA · CLOSED  · signal     · U-USD · brk ▼ 55 · 15m
08:32 KSA · CLOSED  · signal     · PEPE-USD · brk ▲ 64 · 15m
08:32 KSA · CLOSED  · signal     · PEPE-USD · sqzExp ▲ 63 · 1h
08:32 KSA · CLOSED  · signal     · TAO-USD · orb ▼ 65 · 15m
08:32 KSA · CLOSED  · signal     · TAO-USD · brk ▼ 55 · 15m
08:32 KSA · CLOSED  · signal     · TAO-USD · sqzExp ▼ 85 · 1h
08:32 KSA · CLOSED  · signal     · THE-USD · orb ▼ 70 · 15m
08:32 KSA · CLOSED  · signal     · THE-USD · sqzExp ▼ 88 · 1h
08:32 KSA · CLOSED  · signal     · TRUMP-USD · orb ▼ 65 · 15m
08:32 KSA · CLOSED  · signal     · TRUMP-USD · brk ▼ 61 · 15m
08:32 KSA · CLOSED  · signal     · TRUMP-USD · sqzExp ▼ 68 · 1h
08:32 KSA · CLOSED  · signal     · EUR-USD · sqzExp ▼ 60 · 1h
08:32 KSA · CLOSED  · signal     · BANK-USD · orb ▼ 80 · 15m
08:32 KSA · CLOSED  · signal     · BANK-USD · brk ▼ 66 · 15m
08:32 KSA · CLOSED  · signal     · TON-USD · brk ▼ 61 · 15m
08:32 KSA · CLOSED  · signal     · SENT-USD · orb ▼ 55 · 15m
08:32 KSA · CLOSED  · signal     · PENGU-USD · sqzExp ▼ 100 · 1h
08:32 KSA · CLOSED  · signal     · WLFI-USD · orb ▼ 68 · 15m
08:32 KSA · CLOSED  · signal     · WLFI-USD · brk ▼ 57 · 15m
08:32 KSA · CLOSED  · signal     · WLFI-USD · sqzExp ▼ 93 · 1h
08:32 KSA · CLOSED  · signal     · ASTER-USD · orb ▼ 57 · 15m
08:32 KSA · CLOSED  · signal     · ASTER-USD · sqzExp ▼ 70 · 1h
08:32 KSA · CLOSED  · signal     · APT-USD · sqzExp ▼ 60 · 1h
08:34 KSA · CLOSED  · scanner    · بدء المسح · 1153 رمزاً · الجلسة CLOSED
08:34 KSA · CLOSED  · signal     · XAUT-USD · orb ▲ 82 · 15m
08:34 KSA · CLOSED  · signal     · PAXG-USD · orb ▲ 82 · 15m
08:34 KSA · CLOSED  · signal     · SUI-USD · orb ▲ 88 · 15m
08:34 KSA · CLOSED  · signal     · SUI-USD · vwapRec ▲ 70 · 15m
08:34 KSA · CLOSED  · signal     · U-USD · orb ▲ 73 · 15m
08:34 KSA · CLOSED  · signal     · TRUMP-USD · vwapRec ▲ 63 · 15m
08:34 KSA · CLOSED  · signal     · ARB-USD · orb ▲ 80 · 15m
08:34 KSA · CLOSED  · signal     · PENGU-USD · orb ▲ 68 · 15m
08:34 KSA · CLOSED  · signal     · APT-USD · orb ▲ 80 · 15m
08:37 KSA · CLOSED  · scanner    · بدء المسح · 1153 رمزاً · الجلسة CLOSED
08:37 KSA · CLOSED  · signal     · SENT-USD · orb ▲ 82 · 15m
08:37 KSA · CLOSED  · signal     · WLFI-USD · orb ▲ 100 · 15m
08:37 KSA · CLOSED  · signal     · WLFI-USD · vwapRec ▲ 78 · 15m
08:37 KSA · CLOSED  · signal     · AVA-USD · meanRev ▼ 100 · 1d
08:40 KSA · CLOSED  · scanner    · بدء المسح · 1153 رمزاً · الجلسة CLOSED
08:40 KSA · CLOSED  · signal     · TAO-USD · vwapRec ▼ 100 · 15m
08:40 KSA · CLOSED  · signal     · BANK-USD · orb ▼ 100 · 15m
08:40 KSA · CLOSED  · signal     · SENT-USD · vwapRec ▲ 100 · 15m
08:40 KSA · CLOSED  · signal     · APT-USD · brk ▲ 69 · 15m
08:42 KSA · CLOSED  · scanner    · بدء المسح · 1153 رمزاً · الجلسة CLOSED
08:42 KSA · CLOSED  · signal     · QQQB-USD · brk ▼ 59 · 15m
08:42 KSA · CLOSED  · signal     · MUB-USD · orb ▼ 75 · 15m
08:42 KSA · CLOSED  · signal     · UNI-USD · orb ▼ 57 · 15m
08:42 KSA · CLOSED  · signal     · UNI-USD · brk ▼ 55 · 15m
08:42 KSA · CLOSED  · signal     · UNI-USD · sqzExp ▼ 65 · 1h
08:42 KSA · CLOSED  · signal     · SUI-USD · brk ▼ 64 · 15m
08:42 KSA · CLOSED  · signal     · SUI-USD · sqzExp ▼ 73 · 1h
08:42 KSA · CLOSED  · signal     · U-USD · brk ▼ 55 · 15m
08:42 KSA · CLOSED  · signal     · PEPE-USD · brk ▲ 64 · 15m
08:42 KSA · CLOSED  · signal     · PEPE-USD · sqzExp ▲ 63 · 1h
08:42 KSA · CLOSED  · signal     · TAO-USD · orb ▼ 65 · 15m
08:42 KSA · CLOSED  · signal     · TAO-USD · brk ▼ 55 · 15m
08:42 KSA · CLOSED  · signal     · TAO-USD · sqzExp ▼ 85 · 1h
08:42 KSA · CLOSED  · signal     · THE-USD · orb ▼ 70 · 15m
08:42 KSA · CLOSED  · signal     · THE-USD · sqzExp ▼ 88 · 1h
08:42 KSA · CLOSED  · signal     · TRUMP-USD · orb ▼ 65 · 15m
08:42 KSA · CLOSED  · signal     · TRUMP-USD · brk ▼ 61 · 15m
08:42 KSA · CLOSED  · signal     · TRUMP-USD · sqzExp ▼ 68 · 1h
08:42 KSA · CLOSED  · signal     · EUR-USD · sqzExp ▼ 60 · 1h
08:42 KSA · CLOSED  · signal     · ARB-USD · brk ▼ 57 · 15m
08:42 KSA · CLOSED  · signal     · BANK-USD · brk ▼ 66 · 15m
08:42 KSA · CLOSED  · signal     · TON-USD · brk ▼ 61 · 15m
08:42 KSA · CLOSED  · signal     · PENGU-USD · sqzExp ▼ 100 · 1h
08:42 KSA · CLOSED  · signal     · WLFI-USD · brk ▼ 57 · 15m
08:42 KSA · CLOSED  · signal     · WLFI-USD · sqzExp ▼ 93 · 1h
08:42 KSA · CLOSED  · signal     · ASTER-USD · orb ▼ 57 · 15m
08:42 KSA · CLOSED  · signal     · ASTER-USD · brk ▼ 57 · 15m
08:42 KSA · CLOSED  · signal     · ASTER-USD · sqzExp ▼ 70 · 1h
08:42 KSA · CLOSED  · signal     · APT-USD · sqzExp ▼ 60 · 1h
08:44 KSA · CLOSED  · scanner    · بدء المسح · 1153 رمزاً · الجلسة CLOSED
08:44 KSA · CLOSED  · signal     · SUI-USD · orb ▲ 88 · 15m
08:44 KSA · CLOSED  · signal     · SUI-USD · vwapRec ▲ 85 · 15m
08:44 KSA · CLOSED  · signal     · U-USD · orb ▲ 80 · 15m
08:44 KSA · CLOSED  · signal     · TRUMP-USD · vwapRec ▲ 70 · 15m
08:44 KSA · CLOSED  · signal     · ARB-USD · orb ▲ 80 · 15m
08:44 KSA · CLOSED  · signal     · SENT-USD · orb ▲ 70 · 15m
08:44 KSA · CLOSED  · signal     · PENGU-USD · orb ▲ 68 · 15m
08:44 KSA · CLOSED  · signal     · PENGU-USD · vwapRec ▲ 60 · 15m
08:44 KSA · CLOSED  · signal     · APT-USD · orb ▲ 88 · 15m
08:44 KSA · CLOSED  · signal     · APT-USD · vwapRec ▲ 60 · 15m
08:44 KSA · CLOSED  · signal     · SOLV-USD · meanRev ▼ 100 · 1d
08:46 KSA · CLOSED  · scanner    · بدء المسح · 1153 رمزاً · الجلسة CLOSED
08:46 KSA · CLOSED  · signal     · UNI-USD · vwapRec ▲ 100 · 15m
08:46 KSA · CLOSED  · signal     · THE-USD · brk ▲ 100 · 15m
08:46 KSA · CLOSED  · signal     · BANK-USD · vwapRec ▼ 100 · 15m
08:48 KSA · CLOSED  · scanner    · بدء المسح · 1153 رمزاً · الجلسة CLOSED
08:48 KSA · CLOSED  · signal     · AVA-USD · brk ▲ 100 · 1d
08:48 KSA · CLOSED  · signal     · AVA-USD · sqzExp ▲ 100 · 1d
08:50 KSA · CLOSED  · scanner    · بدء المسح · 1153 رمزاً · الجلسة CLOSED
08:50 KSA · CLOSED  · signal     · INJ-USD · vwapRec ▼ 100 · 15m
08:54 KSA · CLOSED  · scanner    · بدء المسح · 1153 رمزاً · الجلسة CLOSED
08:54 KSA · CLOSED  · signal     · MSTRB-USD · rsiDiv ▼ 56 · 15m
08:54 KSA · CLOSED  · signal     · UNI-USD · sqzExp ▼ 65 · 1h
08:54 KSA · CLOSED  · signal     · SUI-USD · brk ▼ 61 · 15m
08:54 KSA · CLOSED  · signal     · SUI-USD · sqzExp ▼ 73 · 1h
08:54 KSA · CLOSED  · signal     · SUI-USD · rsiDiv ▼ 61 · 15m
08:54 KSA · CLOSED  · signal     · PEPE-USD · brk ▲ 57 · 15m
08:54 KSA · CLOSED  · signal     · PEPE-USD · sqzExp ▲ 63 · 1h
08:54 KSA · CLOSED  · signal     · TAO-USD · orb ▼ 65 · 15m
08:54 KSA · CLOSED  · signal     · TAO-USD · brk ▼ 61 · 15m
08:54 KSA · CLOSED  · signal     · TAO-USD · sqzExp ▼ 85 · 1h
08:54 KSA · CLOSED  · signal     · THE-USD · orb ▼ 55 · 15m
08:54 KSA · CLOSED  · signal     · THE-USD · sqzExp ▼ 88 · 1h
08:54 KSA · CLOSED  · signal     · TRUMP-USD · orb ▼ 73 · 15m
08:54 KSA · CLOSED  · signal     · TRUMP-USD · brk ▼ 55 · 15m
08:54 KSA · CLOSED  · signal     · TRUMP-USD · sqzExp ▼ 68 · 1h
08:54 KSA · CLOSED  · signal     · EUR-USD · sqzExp ▼ 60 · 1h
08:54 KSA · CLOSED  · signal     · ARB-USD · brk ▼ 59 · 15m
08:54 KSA · CLOSED  · signal     · BANK-USD · brk ▼ 66 · 15m
08:54 KSA · CLOSED  · signal     · BANK-USD · rsiDiv ▼ 58 · 15m
08:54 KSA · CLOSED  · signal     · TON-USD · brk ▼ 61 · 15m
08:54 KSA · CLOSED  · signal     · SENT-USD · brk ▼ 55 · 15m
08:54 KSA · CLOSED  · signal     · PENGU-USD · brk ▼ 61 · 15m
08:54 KSA · CLOSED  · signal     · PENGU-USD · sqzExp ▼ 100 · 1h
08:54 KSA · CLOSED  · signal     · WLFI-USD · orb ▼ 60 · 15m
08:54 KSA · CLOSED  · signal     · WLFI-USD · brk ▼ 55 · 15m
08:54 KSA · CLOSED  · signal     · WLFI-USD · sqzExp ▼ 93 · 1h
08:54 KSA · CLOSED  · signal     · ASTER-USD · orb ▼ 57 · 15m
08:54 KSA · CLOSED  · signal     · ASTER-USD · brk ▼ 64 · 15m
08:54 KSA · CLOSED  · signal     · ASTER-USD · sqzExp ▼ 70 · 1h
08:54 KSA · CLOSED  · signal     · APT-USD · brk ▼ 80 · 15m
08:54 KSA · CLOSED  · signal     · APT-USD · sqzExp ▼ 60 · 1h
08:55 KSA · CLOSED  · scanner    · بدء المسح · 1153 رمزاً · الجلسة CLOSED
08:55 KSA · CLOSED  · signal     · XPL-USD · meanRev ▼ 100 · 15m
08:55 KSA · CLOSED  · signal     · SUI-USD · orb ▲ 80 · 15m
08:55 KSA · CLOSED  · signal     · U-USD · orb ▲ 65 · 15m
08:55 KSA · CLOSED  · signal     · ARB-USD · vwapRec ▲ 68 · 15m
08:55 KSA · CLOSED  · signal     · SENT-USD · orb ▲ 78 · 15m
08:55 KSA · CLOSED  · signal     · SENT-USD · vwapRec ▲ 55 · 15m
08:55 KSA · CLOSED  · signal     · PENGU-USD · orb ▲ 68 · 15m
08:55 KSA · CLOSED  · signal     · APT-USD · orb ▲ 88 · 15m
08:56 KSA · CLOSED  · scanner    · بدء المسح · 1153 رمزاً · الجلسة CLOSED
08:56 KSA · CLOSED  · signal     · U-USD · vwapRec ▼ 79 · 15m
08:58 KSA · CLOSED  · scanner    · بدء المسح · 1153 رمزاً · الجلسة CLOSED
08:58 KSA · CLOSED  · signal     · UNI-USD · vwapRec ▼ 100 · 15m
08:58 KSA · CLOSED  · signal     · SENT-USD · brk ▲ 100 · 15m
08:58 KSA · CLOSED  · signal     · WLFI-USD · vwapRec ▲ 70 · 15m
09:00 KSA · CLOSED  · scanner    · بدء المسح · 1153 رمزاً · الجلسة CLOSED
09:00 KSA · CLOSED  · signal     · SNXXB-USD · brk ▼ 100 · 15m
09:00 KSA · CLOSED  · signal     · U-USD · orb ▲ 100 · 15m
09:02 KSA · CLOSED  · scanner    · بدء المسح · 1153 رمزاً · الجلسة CLOSED
09:02 KSA · CLOSED  · signal     · MUB-USD · brk ▼ 84 · 15m
09:02 KSA · CLOSED  · signal     · SNDKB-USD · brk ▼ 61 · 15m
09:02 KSA · CLOSED  · signal     · REZ-USD · tfAlign ▲ 71 · 1d
09:02 KSA · CLOSED  · signal     · UNI-USD · brk ▼ 55 · 15m
09:02 KSA · CLOSED  · signal     · UNI-USD · sqzExp ▼ 65 · 1h
09:02 KSA · CLOSED  · signal     · SUI-USD · brk ▼ 73 · 15m
09:02 KSA · CLOSED  · signal     · SUI-USD · sqzExp ▼ 73 · 1h
09:02 KSA · CLOSED  · signal     · U-USD · brk ▼ 61 · 15m
09:02 KSA · CLOSED  · signal     · PEPE-USD · sqzExp ▲ 63 · 1h
09:02 KSA · CLOSED  · signal     · TAO-USD · orb ▼ 65 · 15m
09:02 KSA · CLOSED  · signal     · TAO-USD · brk ▼ 61 · 15m
09:02 KSA · CLOSED  · signal     · TAO-USD · sqzExp ▼ 85 · 1h
09:02 KSA · CLOSED  · signal     · THE-USD · orb ▼ 70 · 15m
09:02 KSA · CLOSED  · signal     · THE-USD · brk ▼ 66 · 15m
09:02 KSA · CLOSED  · signal     · THE-USD · sqzExp ▼ 88 · 1h
09:02 KSA · CLOSED  · signal     · TRUMP-USD · orb ▼ 80 · 15m
09:02 KSA · CLOSED  · signal     · TRUMP-USD · brk ▼ 66 · 15m
09:02 KSA · CLOSED  · signal     · TRUMP-USD · sqzExp ▼ 68 · 1h
09:02 KSA · CLOSED  · signal     · EUR-USD · sqzExp ▼ 60 · 1h
09:02 KSA · CLOSED  · signal     · ARB-USD · orb ▼ 65 · 15m
09:02 KSA · CLOSED  · signal     · ARB-USD · brk ▼ 73 · 15m
09:02 KSA · CLOSED  · signal     · BANK-USD · brk ▼ 80 · 15m
09:02 KSA · CLOSED  · signal     · BANK-USD · volSpike ▼ 78 · 15m
09:02 KSA · CLOSED  · signal     · TON-USD · brk ▼ 61 · 15m
09:02 KSA · CLOSED  · signal     · SENT-USD · brk ▼ 55 · 15m
09:02 KSA · CLOSED  · signal     · PENGU-USD · sqzExp ▼ 100 · 1h
09:02 KSA · CLOSED  · signal     · WLFI-USD · orb ▼ 60 · 15m
09:02 KSA · CLOSED  · signal     · WLFI-USD · sqzExp ▼ 93 · 1h
09:02 KSA · CLOSED  · signal     · ASTER-USD · brk ▼ 55 · 15m
09:02 KSA · CLOSED  · signal     · ASTER-USD · sqzExp ▼ 70 · 1h
09:02 KSA · CLOSED  · signal     · ASTER-USD · rsiDiv ▼ 61 · 15m
09:02 KSA · CLOSED  · signal     · APT-USD · brk ▼ 73 · 15m
09:02 KSA · CLOSED  · signal     · APT-USD · sqzExp ▼ 60 · 1h
09:04 KSA · CLOSED  · scanner    · بدء المسح · 1153 رمزاً · الجلسة CLOSED
09:04 KSA · CLOSED  · signal     · SUI-USD · orb ▲ 95 · 15m
09:04 KSA · CLOSED  · signal     · SENT-USD · orb ▲ 78 · 15m
09:04 KSA · CLOSED  · signal     · SENT-USD · vwapRec ▲ 55 · 15m
09:04 KSA · CLOSED  · signal     · PENGU-USD · orb ▲ 60 · 15m
09:04 KSA · CLOSED  · signal     · WLFI-USD · vwapRec ▲ 78 · 15m
09:04 KSA · CLOSED  · signal     · ASTER-USD · orb ▲ 57 · 15m
09:04 KSA · CLOSED  · signal     · APT-USD · orb ▲ 88 · 15m
09:07 KSA · CLOSED  · scanner    · بدء المسح · 1153 رمزاً · الجلسة CLOSED
09:10 KSA · CLOSED  · scanner    · بدء المسح · 1153 رمزاً · الجلسة CLOSED
09:10 KSA · CLOSED  · signal     · U-USD · orb ▲ 100 · 15m
09:10 KSA · CLOSED  · signal     · U-USD · vwapRec ▲ 60 · 15m
09:10 KSA · CLOSED  · signal     · PENGU-USD · brk ▲ 69 · 15m
09:10 KSA · CLOSED  · signal     · PENGU-USD · meanRev ▼ 100 · 15m
09:12 KSA · CLOSED  · scanner    · بدء المسح · 1153 رمزاً · الجلسة CLOSED
09:12 KSA · CLOSED  · signal     · UNI-USD · brk ▼ 55 · 15m
09:12 KSA · CLOSED  · signal     · UNI-USD · sqzExp ▼ 65 · 1h
09:12 KSA · CLOSED  · signal     · SUI-USD · brk ▼ 73 · 15m
09:12 KSA · CLOSED  · signal     · SUI-USD · sqzExp ▼ 73 · 1h
09:12 KSA · CLOSED  · signal     · U-USD · brk ▼ 61 · 15m
09:12 KSA · CLOSED  · signal     · PEPE-USD · sqzExp ▲ 63 · 1h
09:12 KSA · CLOSED  · signal     · TAO-USD · orb ▼ 65 · 15m
09:12 KSA · CLOSED  · signal     · TAO-USD · brk ▼ 61 · 15m
09:12 KSA · CLOSED  · signal     · TAO-USD · sqzExp ▼ 85 · 1h
09:12 KSA · CLOSED  · signal     · THE-USD · orb ▼ 70 · 15m
09:12 KSA · CLOSED  · signal     · THE-USD · brk ▼ 66 · 15m
09:12 KSA · CLOSED  · signal     · THE-USD · sqzExp ▼ 88 · 1h
09:12 KSA · CLOSED  · signal     · TRUMP-USD · orb ▼ 80 · 15m
09:12 KSA · CLOSED  · signal     · TRUMP-USD · brk ▼ 66 · 15m
09:12 KSA · CLOSED  · signal     · TRUMP-USD · sqzExp ▼ 68 · 1h
09:12 KSA · CLOSED  · signal     · EUR-USD · sqzExp ▼ 60 · 1h
09:12 KSA · CLOSED  · signal     · ARB-USD · orb ▼ 65 · 15m
09:12 KSA · CLOSED  · signal     · ARB-USD · brk ▼ 73 · 15m
09:12 KSA · CLOSED  · signal     · BANK-USD · orb ▼ 80 · 15m
09:12 KSA · CLOSED  · signal     · BANK-USD · brk ▼ 80 · 15m
09:12 KSA · CLOSED  · signal     · TON-USD · brk ▼ 61 · 15m
09:12 KSA · CLOSED  · signal     · SENT-USD · brk ▼ 55 · 15m
09:12 KSA · CLOSED  · signal     · PENGU-USD · sqzExp ▼ 100 · 1h
09:12 KSA · CLOSED  · signal     · WLFI-USD · orb ▼ 60 · 15m
09:12 KSA · CLOSED  · signal     · WLFI-USD · sqzExp ▼ 93 · 1h
09:12 KSA · CLOSED  · signal     · ASTER-USD · brk ▼ 55 · 15m
09:12 KSA · CLOSED  · signal     · ASTER-USD · sqzExp ▼ 70 · 1h
09:12 KSA · CLOSED  · signal     · APT-USD · brk ▼ 73 · 15m
09:12 KSA · CLOSED  · signal     · APT-USD · sqzExp ▼ 60 · 1h
09:14 KSA · CLOSED  · scanner    · بدء المسح · 1153 رمزاً · الجلسة CLOSED
09:14 KSA · CLOSED  · signal     · UNI-USD · vwapRec ▲ 68 · 15m
09:14 KSA · CLOSED  · signal     · SUI-USD · orb ▲ 95 · 15m
09:14 KSA · CLOSED  · signal     · TAO-USD · vwapRec ▲ 78 · 15m
09:14 KSA · CLOSED  · signal     · TRUMP-USD · vwapRec ▲ 60 · 15m
09:14 KSA · CLOSED  · signal     · SENT-USD · orb ▲ 78 · 15m
09:14 KSA · CLOSED  · signal     · SENT-USD · vwapRec ▲ 73 · 15m
09:14 KSA · CLOSED  · signal     · PENGU-USD · orb ▲ 60 · 15m
09:14 KSA · CLOSED  · signal     · PENGU-USD · brk ▲ 61 · 15m
09:14 KSA · CLOSED  · signal     · ASTER-USD · orb ▲ 57 · 15m
09:14 KSA · CLOSED  · signal     · APT-USD · orb ▲ 95 · 15m
09:16 KSA · CLOSED  · scanner    · بدء المسح · 1153 رمزاً · الجلسة CLOSED
09:16 KSA · CLOSED  · signal     · U-USD · orb ▲ 100 · 15m
09:18 KSA · CLOSED  · scanner    · بدء المسح · 1153 رمزاً · الجلسة CLOSED
09:18 KSA · CLOSED  · signal     · U-USD · vwapRec ▼ 79 · 15m
09:18 KSA · CLOSED  · signal     · BANK-USD · orb ▼ 100 · 15m
09:18 KSA · CLOSED  · signal     · PENGU-USD · sqzExp ▲ 100 · 1h
09:20 KSA · CLOSED  · scanner    · بدء المسح · 1153 رمزاً · الجلسة CLOSED
09:20 KSA · CLOSED  · signal     · U-USD · orb ▲ 100 · 15m
09:23 KSA · CLOSED  · scanner    · بدء المسح · 1153 رمزاً · الجلسة CLOSED
09:23 KSA · CLOSED  · signal     · DOT-USD · brk ▼ 70 · 15m
09:23 KSA · CLOSED  · signal     · SUI-USD · brk ▼ 55 · 15m
09:23 KSA · CLOSED  · signal     · SUI-USD · sqzExp ▼ 80 · 1h
09:23 KSA · CLOSED  · signal     · PEPE-USD · sqzExp ▲ 63 · 1h
09:23 KSA · CLOSED  · signal     · TAO-USD · orb ▼ 65 · 15m
09:23 KSA · CLOSED  · signal     · TAO-USD · sqzExp ▼ 85 · 1h
09:23 KSA · CLOSED  · signal     · THE-USD · orb ▼ 70 · 15m
09:23 KSA · CLOSED  · signal     · THE-USD · brk ▼ 59 · 15m
09:23 KSA · CLOSED  · signal     · THE-USD · sqzExp ▼ 88 · 1h
09:23 KSA · CLOSED  · signal     · TRUMP-USD · orb ▼ 80 · 15m
09:23 KSA · CLOSED  · signal     · TRUMP-USD · brk ▼ 73 · 15m
09:23 KSA · CLOSED  · signal     · TRUMP-USD · sqzExp ▼ 60 · 1h
09:23 KSA · CLOSED  · signal     · EUR-USD · sqzExp ▼ 60 · 1h
09:23 KSA · CLOSED  · signal     · ARB-USD · orb ▼ 65 · 15m
09:23 KSA · CLOSED  · signal     · ARB-USD · brk ▼ 66 · 15m
09:23 KSA · CLOSED  · signal     · BANK-USD · brk ▼ 70 · 15m
09:23 KSA · CLOSED  · signal     · BANK-USD · tfAlign ▼ 66 · 1d
09:23 KSA · CLOSED  · signal     · TON-USD · brk ▼ 61 · 15m
09:23 KSA · CLOSED  · signal     · SENT-USD · brk ▼ 68 · 15m
09:23 KSA · CLOSED  · signal     · PENGU-USD · momo ▲ 56 · 1h
09:23 KSA · CLOSED  · signal     · WLFI-USD · orb ▼ 60 · 15m
09:23 KSA · CLOSED  · signal     · WLFI-USD · brk ▼ 55 · 15m
09:23 KSA · CLOSED  · signal     · WLFI-USD · sqzExp ▼ 93 · 1h
09:23 KSA · CLOSED  · signal     · ASTER-USD · sqzExp ▼ 65 · 1h
09:23 KSA · CLOSED  · signal     · APT-USD · brk ▼ 80 · 15m
09:23 KSA · CLOSED  · signal     · APT-USD · sqzExp ▼ 68 · 1h
09:24 KSA · CLOSED  · scanner    · بدء المسح · 1153 رمزاً · الجلسة CLOSED
09:24 KSA · CLOSED  · signal     · CAKE-USD · orb ▼ 82 · 15m
09:24 KSA · CLOSED  · signal     · SUI-USD · orb ▲ 88 · 15m
09:24 KSA · CLOSED  · signal     · TAO-USD · vwapRec ▲ 78 · 15m
09:24 KSA · CLOSED  · signal     · TRUMP-USD · vwapRec ▲ 78 · 15m
09:25 KSA · CLOSED  · signal     · SENT-USD · orb ▲ 78 · 15m
09:25 KSA · CLOSED  · signal     · SENT-USD · vwapRec ▲ 63 · 15m
09:25 KSA · CLOSED  · signal     · PENGU-USD · orb ▲ 75 · 15m
09:25 KSA · CLOSED  · signal     · PENGU-USD · brk ▲ 80 · 15m
09:25 KSA · CLOSED  · signal     · PENGU-USD · sqzExp ▲ 85 · 1h
09:25 KSA · CLOSED  · signal     · APT-USD · orb ▲ 85 · 15m
09:26 KSA · CLOSED  · scanner    · بدء المسح · 1153 رمزاً · الجلسة CLOSED
09:26 KSA · CLOSED  · signal     · XPL-USD · brk ▲ 69 · 15m
09:26 KSA · CLOSED  · signal     · ARB-USD · orb ▼ 82 · 15m
09:26 KSA · CLOSED  · signal     · PENGU-USD · meanRev ▼ 100 · 15m
09:47 KSA · CLOSED  · scanner    · بدء المسح · 1153 رمزاً · الجلسة CLOSED
09:47 KSA · CLOSED  · signal     · LTC-USD · sqzExp ▲ 100 · 1h
09:47 KSA · CLOSED  · signal     · OP-USD · orb ▲ 100 · 15m
09:47 KSA · CLOSED  · signal     · SUI-USD · meanRev ▼ 100 · 15m
09:47 KSA · CLOSED  · signal     · U-USD · orb ▲ 100 · 15m
09:47 KSA · CLOSED  · signal     · TRUMP-USD · orb ▲ 100 · 15m
09:47 KSA · CLOSED  · signal     · TRUMP-USD · brk ▲ 69 · 15m
09:47 KSA · CLOSED  · signal     · BANK-USD · vwapRec ▲ 100 · 15m
09:50 KSA · CLOSED  · scanner    · بدء المسح · 1153 رمزاً · الجلسة CLOSED
09:50 KSA · CLOSED  · signal     · XPL-USD · volSpike ▼ 89 · 15m
09:50 KSA · CLOSED  · signal     · UNI-USD · tfAlign ▲ 100 · 1d
09:50 KSA · CLOSED  · signal     · SUI-USD · sqzExp ▼ 80 · 1h
09:50 KSA · CLOSED  · signal     · PEPE-USD · brk ▲ 57 · 15m
09:50 KSA · CLOSED  · signal     · PEPE-USD · sqzExp ▲ 63 · 1h
09:50 KSA · CLOSED  · signal     · TAO-USD · orb ▼ 65 · 15m
09:50 KSA · CLOSED  · signal     · TAO-USD · sqzExp ▼ 85 · 1h
09:50 KSA · CLOSED  · signal     · THE-USD · orb ▼ 70 · 15m
09:50 KSA · CLOSED  · signal     · THE-USD · brk ▼ 64 · 15m
09:50 KSA · CLOSED  · signal     · THE-USD · sqzExp ▼ 88 · 1h
09:50 KSA · CLOSED  · signal     · TRUMP-USD · sqzExp ▼ 60 · 1h
09:50 KSA · CLOSED  · signal     · EUR-USD · sqzExp ▼ 60 · 1h
09:50 KSA · CLOSED  · signal     · BANK-USD · brk ▼ 73 · 15m
09:50 KSA · CLOSED  · signal     · TON-USD · brk ▼ 61 · 15m
09:50 KSA · CLOSED  · signal     · WLFI-USD · orb ▼ 60 · 15m
09:50 KSA · CLOSED  · signal     · WLFI-USD · sqzExp ▼ 93 · 1h
09:50 KSA · CLOSED  · signal     · ASTER-USD · orb ▼ 57 · 15m
09:50 KSA · CLOSED  · signal     · ASTER-USD · sqzExp ▼ 65 · 1h
09:50 KSA · CLOSED  · signal     · APT-USD · brk ▼ 57 · 15m
09:50 KSA · CLOSED  · signal     · APT-USD · sqzExp ▼ 68 · 1h
09:51 KSA · CLOSED  · scanner    · بدء المسح · 1153 رمزاً · الجلسة CLOSED
09:51 KSA · CLOSED  · signal     · QQQB-USD · orb ▲ 100 · 15m
09:51 KSA · CLOSED  · signal     · SUI-USD · orb ▲ 88 · 15m
09:51 KSA · CLOSED  · signal     · U-USD · orb ▲ 65 · 15m
09:51 KSA · CLOSED  · signal     · TAO-USD · vwapRec ▲ 70 · 15m
09:51 KSA · CLOSED  · signal     · TRUMP-USD · orb ▲ 95 · 15m
09:51 KSA · CLOSED  · signal     · ARB-USD · vwapRec ▲ 60 · 15m
09:51 KSA · CLOSED  · signal     · BANK-USD · vwapRec ▲ 100 · 15m
09:51 KSA · CLOSED  · signal     · SENT-USD · orb ▲ 70 · 15m
09:51 KSA · CLOSED  · signal     · PENGU-USD · orb ▲ 75 · 15m
09:51 KSA · CLOSED  · signal     · PENGU-USD · sqzExp ▲ 85 · 1h
09:51 KSA · CLOSED  · signal     · APT-USD · orb ▲ 80 · 15m
09:54 KSA · CLOSED  · scanner    · بدء المسح · 1153 رمزاً · الجلسة CLOSED
09:54 KSA · CLOSED  · signal     · QQQB-USD · brk ▲ 69 · 15m
09:56 KSA · CLOSED  · scanner    · بدء المسح · 1153 رمزاً · الجلسة CLOSED
09:56 KSA · CLOSED  · signal     · UNI-USD · vwapRec ▲ 100 · 15m
09:58 KSA · CLOSED  · scanner    · بدء المسح · 1153 رمزاً · الجلسة CLOSED
10:00 KSA · CLOSED  · scanner    · بدء المسح · 1153 رمزاً · الجلسة CLOSED
10:00 KSA · CLOSED  · signal     · TRUMP-USD · brk ▲ 69 · 15m
10:00 KSA · CLOSED  · signal     · TRUMP-USD · sqzExp ▲ 100 · 1h
10:02 KSA · CLOSED  · scanner    · بدء المسح · 1153 رمزاً · الجلسة CLOSED
10:02 KSA · CLOSED  · signal     · SUI-USD · brk ▼ 55 · 15m
10:02 KSA · CLOSED  · signal     · SUI-USD · sqzExp ▼ 80 · 1h
10:02 KSA · CLOSED  · signal     · U-USD · orb ▼ 65 · 15m
10:02 KSA · CLOSED  · signal     · U-USD · brk ▼ 68 · 15m
10:02 KSA · CLOSED  · signal     · U-USD · volSpike ▼ 78 · 15m
10:02 KSA · CLOSED  · signal     · PEPE-USD · brk ▲ 64 · 15m
10:02 KSA · CLOSED  · signal     · PEPE-USD · sqzExp ▲ 63 · 1h
10:02 KSA · CLOSED  · signal     · TAO-USD · orb ▼ 73 · 15m
10:02 KSA · CLOSED  · signal     · TAO-USD · brk ▼ 61 · 15m
10:02 KSA · CLOSED  · signal     · TAO-USD · sqzExp ▼ 85 · 1h
10:02 KSA · CLOSED  · signal     · THE-USD · orb ▼ 70 · 15m
10:02 KSA · CLOSED  · signal     · THE-USD · brk ▼ 59 · 15m
10:02 KSA · CLOSED  · signal     · THE-USD · sqzExp ▼ 88 · 1h
10:02 KSA · CLOSED  · signal     · EUR-USD · brk ▼ 73 · 15m
10:02 KSA · CLOSED  · signal     · EUR-USD · sqzExp ▼ 60 · 1h
10:02 KSA · CLOSED  · signal     · ARB-USD · orb ▼ 57 · 15m
10:02 KSA · CLOSED  · signal     · ARB-USD · brk ▼ 64 · 15m
10:02 KSA · CLOSED  · signal     · BANK-USD · orb ▼ 70 · 15m
10:02 KSA · CLOSED  · signal     · BANK-USD · brk ▼ 68 · 15m
10:02 KSA · CLOSED  · signal     · BANK-USD · tfAlign ▼ 66 · 1d
10:02 KSA · CLOSED  · signal     · TON-USD · brk ▼ 61 · 15m
10:02 KSA · CLOSED  · signal     · PENGU-USD · brk ▼ 55 · 15m
10:02 KSA · CLOSED  · signal     · WLFI-USD · orb ▼ 60 · 15m
10:02 KSA · CLOSED  · signal     · WLFI-USD · sqzExp ▼ 93 · 1h
10:02 KSA · CLOSED  · signal     · ASTER-USD · orb ▼ 57 · 15m
10:02 KSA · CLOSED  · signal     · ASTER-USD · brk ▼ 57 · 15m
10:02 KSA · CLOSED  · signal     · ASTER-USD · sqzExp ▼ 65 · 1h
10:02 KSA · CLOSED  · signal     · APT-USD · brk ▼ 57 · 15m
10:02 KSA · CLOSED  · signal     · APT-USD · sqzExp ▼ 68 · 1h
10:04 KSA · CLOSED  · scanner    · بدء المسح · 1153 رمزاً · الجلسة CLOSED
10:04 KSA · CLOSED  · signal     · QQQB-USD · brk ▲ 69 · 15m
10:04 KSA · CLOSED  · signal     · UNI-USD · vwapRec ▲ 60 · 15m
10:04 KSA · CLOSED  · signal     · SUI-USD · orb ▲ 73 · 15m
10:04 KSA · CLOSED  · signal     · 牛来-USD · vwapRec ▼ 100 · 15m
10:04 KSA · CLOSED  · signal     · TAO-USD · vwapRec ▲ 70 · 15m
10:04 KSA · CLOSED  · signal     · TRUMP-USD · orb ▲ 80 · 15m
10:04 KSA · CLOSED  · signal     · TRUMP-USD · sqzExp ▲ 60 · 1h
10:04 KSA · CLOSED  · signal     · SENT-USD · orb ▲ 55 · 15m
10:04 KSA · CLOSED  · signal     · PENGU-USD · orb ▲ 68 · 15m
10:04 KSA · CLOSED  · signal     · PENGU-USD · sqzExp ▲ 85 · 1h
10:04 KSA · CLOSED  · signal     · APT-USD · orb ▲ 80 · 15m
10:08 KSA · CLOSED  · scanner    · بدء المسح · 1153 رمزاً · الجلسة CLOSED
10:08 KSA · CLOSED  · signal     · HBAR-USD · orb ▲ 100 · 15m
10:08 KSA · CLOSED  · signal     · SOXLB-USD · brk ▲ 100 · 15m
10:08 KSA · CLOSED  · signal     · PENGU-USD · brk ▲ 100 · 15m
10:10 KSA · CLOSED  · scanner    · بدء المسح · 1153 رمزاً · الجلسة CLOSED
10:10 KSA · CLOSED  · signal     · ETH-USD · sqzExp ▲ 100 · 1h
10:10 KSA · CLOSED  · signal     · UNI-USD · orb ▲ 100 · 15m
10:10 KSA · CLOSED  · signal     · PEPE-USD · brk ▲ 100 · 15m
10:10 KSA · CLOSED  · signal     · TAO-USD · orb ▲ 82 · 15m
10:10 KSA · CLOSED  · signal     · EUR-USD · brk ▲ 100 · 15m
10:10 KSA · CLOSED  · signal     · APT-USD · brk ▲ 100 · 15m
10:12 KSA · CLOSED  · scanner    · بدء المسح · 1153 رمزاً · الجلسة CLOSED
10:12 KSA · CLOSED  · signal     · SUI-USD · brk ▼ 55 · 15m
10:12 KSA · CLOSED  · signal     · SUI-USD · sqzExp ▼ 80 · 1h
10:12 KSA · CLOSED  · signal     · U-USD · orb ▼ 65 · 15m
10:12 KSA · CLOSED  · signal     · U-USD · brk ▼ 68 · 15m
10:12 KSA · CLOSED  · signal     · TAO-USD · brk ▼ 61 · 15m
10:12 KSA · CLOSED  · signal     · TAO-USD · sqzExp ▼ 85 · 1h
10:12 KSA · CLOSED  · signal     · THE-USD · orb ▼ 70 · 15m
10:12 KSA · CLOSED  · signal     · THE-USD · brk ▼ 59 · 15m
10:12 KSA · CLOSED  · signal     · THE-USD · sqzExp ▼ 88 · 1h
10:12 KSA · CLOSED  · signal     · EUR-USD · sqzExp ▼ 60 · 1h
10:12 KSA · CLOSED  · signal     · PUMP-USD · sqzExp ▲ 60 · 1h
10:12 KSA · CLOSED  · signal     · ARB-USD · orb ▼ 57 · 15m
10:12 KSA · CLOSED  · signal     · ARB-USD · brk ▼ 64 · 15m
10:12 KSA · CLOSED  · signal     · BANK-USD · orb ▼ 70 · 15m
10:12 KSA · CLOSED  · signal     · BANK-USD · brk ▼ 68 · 15m
10:12 KSA · CLOSED  · signal     · TON-USD · brk ▼ 61 · 15m
10:12 KSA · CLOSED  · signal     · WLFI-USD · orb ▼ 60 · 15m
10:12 KSA · CLOSED  · signal     · WLFI-USD · sqzExp ▼ 93 · 1h
10:12 KSA · CLOSED  · signal     · ASTER-USD · orb ▼ 57 · 15m
10:12 KSA · CLOSED  · signal     · ASTER-USD · brk ▼ 57 · 15m
10:12 KSA · CLOSED  · signal     · ASTER-USD · sqzExp ▼ 65 · 1h
10:12 KSA · CLOSED  · signal     · APT-USD · sqzExp ▼ 68 · 1h
10:14 KSA · CLOSED  · scanner    · بدء المسح · 1153 رمزاً · الجلسة CLOSED
10:14 KSA · CLOSED  · signal     · UNI-USD · orb ▲ 65 · 15m
10:14 KSA · CLOSED  · signal     · SUI-USD · orb ▲ 73 · 15m
10:14 KSA · CLOSED  · signal     · TAO-USD · orb ▲ 88 · 15m
10:14 KSA · CLOSED  · signal     · TRUMP-USD · orb ▲ 80 · 15m
10:14 KSA · CLOSED  · signal     · SENT-USD · orb ▲ 55 · 15m
10:14 KSA · CLOSED  · signal     · PENGU-USD · orb ▲ 68 · 15m
10:14 KSA · CLOSED  · signal     · PENGU-USD · brk ▲ 68 · 15m
10:14 KSA · CLOSED  · signal     · PENGU-USD · sqzExp ▲ 85 · 1h
10:14 KSA · CLOSED  · signal     · APT-USD · orb ▲ 73 · 15m
10:14 KSA · CLOSED  · signal     · APT-USD · brk ▲ 70 · 15m
10:16 KSA · CLOSED  · scanner    · بدء المسح · 1153 رمزاً · الجلسة CLOSED
10:16 KSA · CLOSED  · signal     · TAO-USD · meanRev ▼ 100 · 15m
10:16 KSA · CLOSED  · signal     · THE-USD · brk ▲ 100 · 15m
10:16 KSA · CLOSED  · signal     · THE-USD · sqzExp ▲ 100 · 1h
10:16 KSA · CLOSED  · signal     · EUR-USD · brk ▲ 100 · 15m
10:16 KSA · CLOSED  · signal     · PENGU-USD · meanRev ▼ 100 · 15m
10:18 KSA · CLOSED  · scanner    · بدء المسح · 1153 رمزاً · الجلسة CLOSED
10:18 KSA · CLOSED  · signal     · MUB-USD · orb ▲ 82 · 15m
10:18 KSA · CLOSED  · signal     · SNXXB-USD · vwapRec ▲ 100 · 15m
10:20 KSA · CLOSED  · scanner    · بدء المسح · 1153 رمزاً · الجلسة CLOSED
10:20 KSA · CLOSED  · signal     · THE-USD · meanRev ▼ 100 · 15m
10:23 KSA · CLOSED  · scanner    · بدء المسح · 1153 رمزاً · الجلسة CLOSED
10:23 KSA · CLOSED  · signal     · NEAR-USD · volSpike ▲ 78 · 15m
10:23 KSA · CLOSED  · signal     · NEAR-USD · momo ▲ 92 · 1h
10:23 KSA · CLOSED  · signal     · WLD-USD · momo ▲ 69 · 1h
10:23 KSA · CLOSED  · signal     · RAY-USD · volSpike ▲ 78 · 15m
10:23 KSA · CLOSED  · signal     · SOXLB-USD · momo ▲ 61 · 1h
10:23 KSA · CLOSED  · signal     · UNI-USD · brk ▼ 57 · 15m
10:23 KSA · CLOSED  · signal     · SUI-USD · brk ▼ 73 · 15m
10:23 KSA · CLOSED  · signal     · SUI-USD · sqzExp ▼ 73 · 1h
10:23 KSA · CLOSED  · signal     · U-USD · orb ▼ 65 · 15m
10:23 KSA · CLOSED  · signal     · U-USD · brk ▼ 55 · 15m
10:23 KSA · CLOSED  · signal     · PEPE-USD · momo ▲ 81 · 1h
10:23 KSA · CLOSED  · signal     · TAO-USD · brk ▼ 66 · 15m
10:23 KSA · CLOSED  · signal     · TAO-USD · sqzExp ▼ 85 · 1h
10:23 KSA · CLOSED  · signal     · THE-USD · orb ▼ 70 · 15m
10:23 KSA · CLOSED  · signal     · THE-USD · momo ▲ 56 · 1h
10:23 KSA · CLOSED  · signal     · TRUMP-USD · brk ▼ 80 · 15m
10:23 KSA · CLOSED  · signal     · TRUMP-USD · sqzExp ▼ 68 · 1h
10:23 KSA · CLOSED  · signal     · EUR-USD · sqzExp ▼ 65 · 1h
10:23 KSA · CLOSED  · signal     · ARB-USD · orb ▼ 65 · 15m
10:23 KSA · CLOSED  · signal     · ARB-USD · brk ▼ 64 · 15m
10:23 KSA · CLOSED  · signal     · BANK-USD · orb ▼ 70 · 15m
10:23 KSA · CLOSED  · signal     · BANK-USD · brk ▼ 68 · 15m
10:23 KSA · CLOSED  · signal     · TON-USD · brk ▼ 61 · 15m
10:23 KSA · CLOSED  · signal     · SENT-USD · brk ▼ 57 · 15m
10:23 KSA · CLOSED  · signal     · WLFI-USD · orb ▼ 68 · 15m
10:23 KSA · CLOSED  · signal     · WLFI-USD · brk ▼ 57 · 15m
10:23 KSA · CLOSED  · signal     · WLFI-USD · sqzExp ▼ 85 · 1h
10:23 KSA · CLOSED  · signal     · ASTER-USD · orb ▼ 57 · 15m
10:23 KSA · CLOSED  · signal     · APT-USD · sqzExp ▼ 68 · 1h
10:25 KSA · CLOSED  · scanner    · بدء المسح · 1153 رمزاً · الجلسة CLOSED
10:25 KSA · CLOSED  · signal     · GRAM-USD · orb ▲ 82 · 15m
10:25 KSA · CLOSED  · signal     · UNI-USD · orb ▲ 80 · 15m
10:25 KSA · CLOSED  · signal     · SUI-USD · orb ▲ 88 · 15m
10:25 KSA · CLOSED  · signal     · TAO-USD · orb ▲ 95 · 15m
10:25 KSA · CLOSED  · signal     · THE-USD · brk ▲ 73 · 15m
10:25 KSA · CLOSED  · signal     · THE-USD · sqzExp ▲ 88 · 1h
10:25 KSA · CLOSED  · signal     · TRUMP-USD · orb ▲ 95 · 15m
10:25 KSA · CLOSED  · signal     · SENT-USD · orb ▲ 70 · 15m
10:25 KSA · CLOSED  · signal     · PENGU-USD · orb ▲ 75 · 15m
10:25 KSA · CLOSED  · signal     · PENGU-USD · brk ▲ 80 · 15m
10:25 KSA · CLOSED  · signal     · PENGU-USD · sqzExp ▲ 100 · 1h
10:25 KSA · CLOSED  · signal     · APT-USD · orb ▲ 80 · 15m
10:25 KSA · CLOSED  · signal     · APT-USD · brk ▲ 75 · 15m
10:26 KSA · CLOSED  · scanner    · بدء المسح · 1153 رمزاً · الجلسة CLOSED
10:26 KSA · CLOSED  · signal     · MUB-USD · brk ▲ 69 · 15m
10:26 KSA · CLOSED  · signal     · ARB-USD · orb ▼ 82 · 15m
10:28 KSA · CLOSED  · scanner    · بدء المسح · 1153 رمزاً · الجلسة CLOSED
10:28 KSA · CLOSED  · signal     · SENT-USD · brk ▲ 69 · 15m
10:28 KSA · CLOSED  · signal     · ASTER-USD · brk ▲ 100 · 15m
10:28 KSA · CLOSED  · signal     · ASTER-USD · meanRev ▼ 100 · 15m
10:28 KSA · CLOSED  · signal     · ASTER-USD · sqzExp ▲ 100 · 1h
10:30 KSA · CLOSED  · scanner    · بدء المسح · 1153 رمزاً · الجلسة CLOSED
10:30 KSA · CLOSED  · signal     · U-USD · pbTrend ▲ 79 · 1h
10:32 KSA · CLOSED  · scanner    · بدء المسح · 1153 رمزاً · الجلسة CLOSED
10:32 KSA · CLOSED  · signal     · SUI-USD · brk ▼ 80 · 15m
10:32 KSA · CLOSED  · signal     · SUI-USD · sqzExp ▼ 73 · 1h
10:32 KSA · CLOSED  · signal     · U-USD · orb ▼ 65 · 15m
10:32 KSA · CLOSED  · signal     · U-USD · brk ▼ 59 · 15m
10:32 KSA · CLOSED  · signal     · TAO-USD · brk ▼ 73 · 15m
10:32 KSA · CLOSED  · signal     · TAO-USD · sqzExp ▼ 85 · 1h
10:32 KSA · CLOSED  · signal     · THE-USD · orb ▼ 70 · 15m
10:32 KSA · CLOSED  · signal     · TRUMP-USD · brk ▼ 57 · 15m
10:32 KSA · CLOSED  · signal     · TRUMP-USD · sqzExp ▼ 68 · 1h
10:32 KSA · CLOSED  · signal     · EUR-USD · brk ▼ 55 · 15m
10:32 KSA · CLOSED  · signal     · EUR-USD · sqzExp ▼ 65 · 1h
10:32 KSA · CLOSED  · signal     · ARB-USD · brk ▼ 64 · 15m
10:32 KSA · CLOSED  · signal     · BANK-USD · orb ▼ 70 · 15m
10:32 KSA · CLOSED  · signal     · BANK-USD · brk ▼ 68 · 15m
10:32 KSA · CLOSED  · signal     · TON-USD · brk ▼ 61 · 15m
10:32 KSA · CLOSED  · signal     · WLFI-USD · orb ▼ 60 · 15m
10:32 KSA · CLOSED  · signal     · WLFI-USD · sqzExp ▼ 85 · 1h
10:32 KSA · CLOSED  · signal     · ASTER-USD · orb ▼ 65 · 15m
10:32 KSA · CLOSED  · signal     · APT-USD · sqzExp ▼ 68 · 1h
10:34 KSA · CLOSED  · scanner    · بدء المسح · 1153 رمزاً · الجلسة CLOSED
10:34 KSA · CLOSED  · signal     · XAUT-USD · brk ▲ 100 · 15m
10:34 KSA · CLOSED  · signal     · INJ-USD · orb ▲ 64 · 15m
10:34 KSA · CLOSED  · signal     · UNI-USD · orb ▲ 73 · 15m
10:34 KSA · CLOSED  · signal     · SUI-USD · orb ▲ 88 · 15m
10:34 KSA · CLOSED  · signal     · TAO-USD · orb ▲ 95 · 15m
10:34 KSA · CLOSED  · signal     · THE-USD · brk ▲ 80 · 15m
10:34 KSA · CLOSED  · signal     · THE-USD · sqzExp ▲ 88 · 1h
10:34 KSA · CLOSED  · signal     · TRUMP-USD · orb ▲ 88 · 15m
10:34 KSA · CLOSED  · signal     · SENT-USD · orb ▲ 70 · 15m
10:34 KSA · CLOSED  · signal     · PENGU-USD · orb ▲ 75 · 15m
10:34 KSA · CLOSED  · signal     · PENGU-USD · sqzExp ▲ 100 · 1h
10:34 KSA · CLOSED  · signal     · ASTER-USD · brk ▲ 73 · 15m
10:34 KSA · CLOSED  · signal     · APT-USD · orb ▲ 73 · 15m
10:37 KSA · CLOSED  · scanner    · بدء المسح · 1153 رمزاً · الجلسة CLOSED
10:37 KSA · CLOSED  · signal     · MTL-USD · orb ▼ 100 · 15m
10:37 KSA · CLOSED  · signal     · U-USD · pbTrend ▲ 79 · 1h
10:38 KSA · CLOSED  · scanner    · بدء المسح · 1153 رمزاً · الجلسة CLOSED
10:38 KSA · CLOSED  · signal     · RAY-USD · brk ▲ 100 · 15m
10:40 KSA · CLOSED  · scanner    · بدء المسح · 1153 رمزاً · الجلسة CLOSED
10:40 KSA · CLOSED  · signal     · VTHO-USD · meanRev ▼ 100 · 15m
10:42 KSA · CLOSED  · scanner    · بدء المسح · 1153 رمزاً · الجلسة CLOSED
10:42 KSA · CLOSED  · signal     · SUI-USD · brk ▼ 80 · 15m
10:42 KSA · CLOSED  · signal     · SUI-USD · sqzExp ▼ 73 · 1h
10:42 KSA · CLOSED  · signal     · U-USD · orb ▼ 65 · 15m
10:42 KSA · CLOSED  · signal     · U-USD · brk ▼ 59 · 15m
10:42 KSA · CLOSED  · signal     · TAO-USD · brk ▼ 73 · 15m
10:42 KSA · CLOSED  · signal     · TAO-USD · sqzExp ▼ 85 · 1h
10:42 KSA · CLOSED  · signal     · THE-USD · orb ▼ 70 · 15m
10:42 KSA · CLOSED  · signal     · TRUMP-USD · brk ▼ 57 · 15m
10:42 KSA · CLOSED  · signal     · TRUMP-USD · sqzExp ▼ 68 · 1h
10:42 KSA · CLOSED  · signal     · EUR-USD · brk ▼ 55 · 15m
10:42 KSA · CLOSED  · signal     · EUR-USD · sqzExp ▼ 65 · 1h
10:42 KSA · CLOSED  · signal     · ARB-USD · brk ▼ 64 · 15m
10:42 KSA · CLOSED  · signal     · BANK-USD · orb ▼ 70 · 15m
10:42 KSA · CLOSED  · signal     · BANK-USD · brk ▼ 68 · 15m
10:42 KSA · CLOSED  · signal     · TON-USD · brk ▼ 61 · 15m
10:42 KSA · CLOSED  · signal     · SENT-USD · brk ▼ 66 · 15m
10:42 KSA · CLOSED  · signal     · PENGU-USD · brk ▼ 66 · 15m
10:42 KSA · CLOSED  · signal     · WLFI-USD · orb ▼ 60 · 15m
10:42 KSA · CLOSED  · signal     · WLFI-USD · sqzExp ▼ 85 · 1h
10:42 KSA · CLOSED  · signal     · ASTER-USD · orb ▼ 65 · 15m
10:42 KSA · CLOSED  · signal     · APT-USD · brk ▼ 57 · 15m
10:42 KSA · CLOSED  · signal     · APT-USD · sqzExp ▼ 68 · 1h
10:44 KSA · CLOSED  · scanner    · بدء المسح · 1153 رمزاً · الجلسة CLOSED
10:44 KSA · CLOSED  · signal     · UNI-USD · orb ▲ 73 · 15m
10:44 KSA · CLOSED  · signal     · SUI-USD · orb ▲ 88 · 15m
10:44 KSA · CLOSED  · signal     · TAO-USD · orb ▲ 95 · 15m
10:44 KSA · CLOSED  · signal     · THE-USD · brk ▲ 80 · 15m
10:44 KSA · CLOSED  · signal     · THE-USD · sqzExp ▲ 88 · 1h
10:44 KSA · CLOSED  · signal     · TRUMP-USD · orb ▲ 88 · 15m
10:44 KSA · CLOSED  · signal     · SENT-USD · orb ▲ 70 · 15m
10:44 KSA · CLOSED  · signal     · PENGU-USD · orb ▲ 75 · 15m
10:44 KSA · CLOSED  · signal     · PENGU-USD · sqzExp ▲ 90 · 1h
10:44 KSA · CLOSED  · signal     · ASTER-USD · brk ▲ 73 · 15m
10:44 KSA · CLOSED  · signal     · APT-USD · orb ▲ 80 · 15m
10:46 KSA · CLOSED  · scanner    · بدء المسح · 1153 رمزاً · الجلسة CLOSED
10:48 KSA · CLOSED  · scanner    · بدء المسح · 1153 رمزاً · الجلسة CLOSED
10:50 KSA · CLOSED  · scanner    · بدء المسح · 1153 رمزاً · الجلسة CLOSED
10:50 KSA · CLOSED  · signal     · TAO-USD · brk ▲ 100 · 15m
10:50 KSA · CLOSED  · signal     · TAO-USD · sqzExp ▲ 100 · 1h
10:50 KSA · CLOSED  · signal     · ARB-USD · orb ▼ 82 · 15m
10:52 KSA · CLOSED  · scanner    · بدء المسح · 1153 رمزاً · الجلسة CLOSED
10:52 KSA · CLOSED  · signal     · PAXG-USD · volSpike ▼ 78 · 15m
10:52 KSA · CLOSED  · signal     · SUI-USD · brk ▼ 80 · 15m
10:52 KSA · CLOSED  · signal     · SUI-USD · sqzExp ▼ 73 · 1h
10:52 KSA · CLOSED  · signal     · U-USD · orb ▼ 57 · 15m
10:52 KSA · CLOSED  · signal     · THE-USD · orb ▼ 70 · 15m
10:52 KSA · CLOSED  · signal     · TRUMP-USD · brk ▼ 80 · 15m
10:52 KSA · CLOSED  · signal     · TRUMP-USD · sqzExp ▼ 68 · 1h
10:52 KSA · CLOSED  · signal     · EUR-USD · brk ▼ 68 · 15m
10:52 KSA · CLOSED  · signal     · EUR-USD · sqzExp ▼ 65 · 1h
10:52 KSA · CLOSED  · signal     · BANK-USD · orb ▼ 85 · 15m
10:52 KSA · CLOSED  · signal     · BANK-USD · brk ▼ 86 · 15m
10:52 KSA · CLOSED  · signal     · BANK-USD · volSpike ▼ 78 · 15m
10:52 KSA · CLOSED  · signal     · TON-USD · brk ▼ 61 · 15m
10:52 KSA · CLOSED  · signal     · SENT-USD · brk ▼ 66 · 15m
10:52 KSA · CLOSED  · signal     · PENGU-USD · brk ▼ 70 · 15m
10:52 KSA · CLOSED  · signal     · WLFI-USD · orb ▼ 60 · 15m
10:52 KSA · CLOSED  · signal     · WLFI-USD · sqzExp ▼ 85 · 1h
10:52 KSA · CLOSED  · signal     · ASTER-USD · orb ▼ 65 · 15m
10:52 KSA · CLOSED  · signal     · APT-USD · brk ▼ 70 · 15m
10:52 KSA · CLOSED  · signal     · APT-USD · sqzExp ▼ 68 · 1h
10:54 KSA · CLOSED  · scanner    · بدء المسح · 1153 رمزاً · الجلسة CLOSED
10:54 KSA · CLOSED  · signal     · UNI-USD · orb ▲ 55 · 15m
10:54 KSA · CLOSED  · signal     · UNI-USD · vwapRec ▲ 60 · 15m
10:54 KSA · CLOSED  · signal     · SUI-USD · orb ▲ 88 · 15m
10:54 KSA · CLOSED  · signal     · U-USD · vwapRec ▲ 79 · 15m
10:54 KSA · CLOSED  · signal     · TAO-USD · orb ▲ 95 · 15m
10:54 KSA · CLOSED  · signal     · TAO-USD · brk ▲ 75 · 15m
10:54 KSA · CLOSED  · signal     · TAO-USD · sqzExp ▲ 75 · 1h
10:54 KSA · CLOSED  · signal     · THE-USD · sqzExp ▲ 88 · 1h
10:54 KSA · CLOSED  · signal     · TRUMP-USD · orb ▲ 95 · 15m
10:54 KSA · CLOSED  · signal     · SENT-USD · orb ▲ 70 · 15m
10:54 KSA · CLOSED  · signal     · PENGU-USD · orb ▲ 68 · 15m
10:54 KSA · CLOSED  · signal     · PENGU-USD · sqzExp ▲ 90 · 1h
10:54 KSA · CLOSED  · signal     · APT-USD · orb ▲ 88 · 15m
10:56 KSA · CLOSED  · scanner    · بدء المسح · 1153 رمزاً · الجلسة CLOSED
10:58 KSA · CLOSED  · scanner    · بدء المسح · 1153 رمزاً · الجلسة CLOSED
11:00 KSA · PRE     · scanner    · بدء المسح · 1153 رمزاً · الجلسة PRE
11:00 KSA · PRE     · signal     · BAC · brk ▼ 81 · 15m · جلسة ممتدة
11:00 KSA · PRE     · signal     · LRCX · volSpike ▲ 100 · 15m · جلسة ممتدة
11:00 KSA · PRE     · signal     · COHR · brk ▲ 100 · 15m · جلسة ممتدة
11:00 KSA · PRE     · signal     · SMCI · brk ▲ 69 · 15m · جلسة ممتدة
11:00 KSA · PRE     · signal     · WLD-USD · orb ▲ 82 · 15m
11:00 KSA · PRE     · signal     · BANK-USD · orb ▼ 100 · 15m
11:00 KSA · PRE     · signal     · VICI · meanRev ▲ 100 · 1d · جلسة ممتدة
11:00 KSA · PRE     · signal     · GNRC · brk ▲ 100 · 1d · جلسة ممتدة
11:00 KSA · PRE     · signal     · GNRC · sqzExp ▲ 100 · 1d · جلسة ممتدة
11:03 KSA · PRE     · scanner    · بدء المسح · 1153 رمزاً · الجلسة PRE
11:03 KSA · PRE     · signal     · MSFT · pbTrend ▲ 64 · 1h · جلسة ممتدة
11:03 KSA · PRE     · signal     · UNI-USD · brk ▼ 55 · 15m
11:03 KSA · PRE     · signal     · SUI-USD · brk ▼ 70 · 15m
11:03 KSA · PRE     · signal     · SUI-USD · sqzExp ▼ 73 · 1h
11:03 KSA · PRE     · signal     · U-USD · orb ▼ 57 · 15m
11:03 KSA · PRE     · signal     · U-USD · tfAlign ▲ 87 · 1d
11:03 KSA · PRE     · signal     · PEPE-USD · brk ▲ 61 · 15m
11:03 KSA · PRE     · signal     · THE-USD · orb ▼ 70 · 15m
11:03 KSA · PRE     · signal     · THE-USD · brk ▼ 73 · 15m
11:03 KSA · PRE     · signal     · TRUMP-USD · brk ▼ 70 · 15m
11:03 KSA · PRE     · signal     · TRUMP-USD · sqzExp ▼ 68 · 1h
11:03 KSA · PRE     · signal     · EUR-USD · brk ▼ 80 · 15m
11:03 KSA · PRE     · signal     · EUR-USD · sqzExp ▼ 65 · 1h
11:03 KSA · PRE     · signal     · BANK-USD · brk ▼ 86 · 15m
11:03 KSA · PRE     · signal     · TON-USD · brk ▼ 61 · 15m
11:03 KSA · PRE     · signal     · SENT-USD · brk ▼ 64 · 15m
11:03 KSA · PRE     · signal     · PENGU-USD · brk ▼ 55 · 15m
11:03 KSA · PRE     · signal     · WLFI-USD · orb ▼ 60 · 15m
11:03 KSA · PRE     · signal     · WLFI-USD · sqzExp ▼ 85 · 1h
11:03 KSA · PRE     · signal     · ASTER-USD · orb ▼ 65 · 15m
11:03 KSA · PRE     · signal     · ASTER-USD · brk ▼ 73 · 15m
11:03 KSA · PRE     · signal     · APT-USD · brk ▼ 61 · 15m
11:03 KSA · PRE     · signal     · APT-USD · sqzExp ▼ 68 · 1h
11:04 KSA · PRE     · scanner    · بدء المسح · 1153 رمزاً · الجلسة PRE
11:04 KSA · PRE     · signal     · MRVL · brk ▲ 100 · 15m · جلسة ممتدة
11:04 KSA · PRE     · signal     · ADP · brk ▼ 100 · 15m · جلسة ممتدة
11:04 KSA · PRE     · signal     · CDNS · brk ▲ 100 · 15m · جلسة ممتدة
11:04 KSA · PRE     · signal     · SNPS · pbTrend ▼ 100 · 1h · جلسة ممتدة
11:04 KSA · PRE     · signal     · COHR · brk ▲ 100 · 15m · جلسة ممتدة
11:04 KSA · PRE     · signal     · ENA-USD · orb ▲ 82 · 15m
11:04 KSA · PRE     · signal     · SNDKB-USD · brk ▲ 100 · 15m
11:04 KSA · PRE     · signal     · SNXXB-USD · brk ▲ 100 · 15m
11:04 KSA · PRE     · signal     · UNI-USD · orb ▲ 65 · 15m
11:04 KSA · PRE     · signal     · SUI-USD · orb ▲ 80 · 15m
11:04 KSA · PRE     · signal     · TAO-USD · orb ▲ 88 · 15m
11:04 KSA · PRE     · signal     · TAO-USD · brk ▲ 80 · 15m
11:04 KSA · PRE     · signal     · TAO-USD · sqzExp ▲ 75 · 1h
11:04 KSA · PRE     · signal     · THE-USD · sqzExp ▲ 88 · 1h
11:04 KSA · PRE     · signal     · TRUMP-USD · orb ▲ 88 · 15m
11:04 KSA · PRE     · signal     · SENT-USD · orb ▲ 63 · 15m
11:04 KSA · PRE     · signal     · PENGU-USD · orb ▲ 68 · 15m
11:04 KSA · PRE     · signal     · PENGU-USD · sqzExp ▲ 100 · 1h
11:04 KSA · PRE     · signal     · APT-USD · orb ▲ 65 · 15m
11:07 KSA · PRE     · scanner    · بدء المسح · 1153 رمزاً · الجلسة PRE
11:07 KSA · PRE     · signal     · HOOD · meanRev ▼ 100 · 15m · جلسة ممتدة
11:07 KSA · PRE     · signal     · SOXLB-USD · orb ▲ 100 · 15m
11:10 KSA · PRE     · scanner    · بدء المسح · 1153 رمزاً · الجلسة PRE
11:10 KSA · PRE     · signal     · GOOG · brk ▲ 69 · 15m · جلسة ممتدة
11:10 KSA · PRE     · signal     · ORCL · brk ▲ 69 · 15m · جلسة ممتدة
11:10 KSA · PRE     · signal     · MRNA · brk ▲ 69 · 15m · جلسة ممتدة
11:10 KSA · PRE     · signal     · BANK-USD · vwapRec ▲ 100 · 15m
11:12 KSA · PRE     · scanner    · بدء المسح · 1153 رمزاً · الجلسة PRE
11:12 KSA · PRE     · signal     · CRM · pbTrend ▲ 81 · 1h · جلسة ممتدة
11:12 KSA · PRE     · signal     · HPQ · pbTrend ▲ 67 · 1h · جلسة ممتدة
11:12 KSA · PRE     · signal     · UNI-USD · brk ▼ 55 · 15m
11:12 KSA · PRE     · signal     · SUI-USD · brk ▼ 70 · 15m
11:12 KSA · PRE     · signal     · SUI-USD · sqzExp ▼ 73 · 1h
11:12 KSA · PRE     · signal     · U-USD · orb ▼ 57 · 15m
11:12 KSA · PRE     · signal     · PEPE-USD · brk ▲ 61 · 15m
11:12 KSA · PRE     · signal     · THE-USD · orb ▼ 70 · 15m
11:12 KSA · PRE     · signal     · THE-USD · brk ▼ 73 · 15m
11:12 KSA · PRE     · signal     · TRUMP-USD · brk ▼ 70 · 15m
11:12 KSA · PRE     · signal     · TRUMP-USD · sqzExp ▼ 68 · 1h
11:12 KSA · PRE     · signal     · EUR-USD · brk ▼ 80 · 15m
11:12 KSA · PRE     · signal     · EUR-USD · sqzExp ▼ 65 · 1h
11:12 KSA · PRE     · signal     · EUR-USD · tfAlign ▼ 74 · 1d
11:12 KSA · PRE     · signal     · BANK-USD · brk ▼ 86 · 15m
11:12 KSA · PRE     · signal     · TON-USD · brk ▼ 61 · 15m
11:12 KSA · PRE     · signal     · SENT-USD · brk ▼ 64 · 15m
11:12 KSA · PRE     · signal     · PENGU-USD · brk ▼ 55 · 15m
11:12 KSA · PRE     · signal     · WLFI-USD · orb ▼ 60 · 15m
11:12 KSA · PRE     · signal     · WLFI-USD · sqzExp ▼ 85 · 1h
11:12 KSA · PRE     · signal     · ASTER-USD · orb ▼ 65 · 15m
11:12 KSA · PRE     · signal     · ASTER-USD · brk ▼ 73 · 15m
11:12 KSA · PRE     · signal     · APT-USD · brk ▼ 61 · 15m
11:12 KSA · PRE     · signal     · APT-USD · sqzExp ▼ 68 · 1h
11:14 KSA · PRE     · scanner    · بدء المسح · 1153 رمزاً · الجلسة PRE
11:14 KSA · PRE     · signal     · GOOGL · pbTrend ▼ 57 · 1h · جلسة ممتدة
11:14 KSA · PRE     · signal     · GOOG · pbTrend ▼ 57 · 1h · جلسة ممتدة
11:14 KSA · PRE     · signal     · MRVL · brk ▲ 100 · 15m · جلسة ممتدة
11:14 KSA · PRE     · signal     · PWR · brk ▲ 100 · 15m · جلسة ممتدة
11:14 KSA · PRE     · signal     · CDNS · brk ▲ 100 · 15m · جلسة ممتدة
11:14 KSA · PRE     · signal     · CDNS · meanRev ▼ 67 · 15m · جلسة ممتدة
11:14 KSA · PRE     · signal     · SNPS · meanRev ▼ 100 · 15m · جلسة ممتدة
11:14 KSA · PRE     · signal     · MRNA · brk ▲ 100 · 15m · جلسة ممتدة
11:14 KSA · PRE     · signal     · COHR · brk ▲ 100 · 15m · جلسة ممتدة
11:14 KSA · PRE     · signal     · VST · brk ▲ 69 · 15m · جلسة ممتدة
11:14 KSA · PRE     · signal     · UNI-USD · orb ▲ 65 · 15m
11:14 KSA · PRE     · signal     · SUI-USD · orb ▲ 88 · 15m
11:14 KSA · PRE     · signal     · TAO-USD · orb ▲ 95 · 15m
11:14 KSA · PRE     · signal     · THE-USD · sqzExp ▲ 88 · 1h
11:14 KSA · PRE     · signal     · BANK-USD · vwapRec ▲ 100 · 15m
11:14 KSA · PRE     · signal     · SENT-USD · orb ▲ 63 · 15m
11:14 KSA · PRE     · signal     · PENGU-USD · orb ▲ 68 · 15m
11:14 KSA · PRE     · signal     · APT-USD · orb ▲ 73 · 15m
11:16 KSA · PRE     · scanner    · بدء المسح · 1153 رمزاً · الجلسة PRE
11:16 KSA · PRE     · signal     · MA · brk ▲ 100 · 15m · جلسة ممتدة
11:16 KSA · PRE     · signal     · U-USD · orb ▲ 100 · 15m
11:16 KSA · PRE     · signal     · U-USD · vwapRec ▲ 68 · 15m
11:16 KSA · PRE     · signal     · TAO-USD · brk ▲ 100 · 15m
11:16 KSA · PRE     · signal     · TAO-USD · sqzExp ▲ 100 · 1h
11:16 KSA · PRE     · signal     · TRUMP-USD · orb ▲ 82 · 15m
11:16 KSA · PRE     · signal     · WLFI-USD · orb ▲ 64 · 15m
11:16 KSA · PRE     · signal     · CTAS · brk ▼ 100 · 1d · جلسة ممتدة
11:16 KSA · PRE     · signal     · TEL · brk ▼ 69 · 1d · جلسة ممتدة
11:16 KSA · PRE     · signal     · PHM · brk ▼ 63 · 1d · جلسة ممتدة
11:16 KSA · PRE     · signal     · PHM · sqzExp ▼ 100 · 1d · جلسة ممتدة
11:18 KSA · PRE     · scanner    · بدء المسح · 1153 رمزاً · الجلسة PRE
11:18 KSA · PRE     · signal     · ETN · brk ▲ 69 · 15m · جلسة ممتدة
11:18 KSA · PRE     · signal     · FCX · brk ▲ 69 · 15m · جلسة ممتدة
11:18 KSA · PRE     · signal     · SENT-USD · brk ▲ 69 · 15m
11:20 KSA · PRE     · scanner    · بدء المسح · 1153 رمزاً · الجلسة PRE
11:20 KSA · PRE     · signal     · AVAX-USD · orb ▲ 64 · 15m
11:20 KSA · PRE     · signal     · UNI-USD · brk ▲ 69 · 15m
11:20 KSA · PRE     · signal     · UNI-USD · meanRev ▼ 100 · 15m
11:20 KSA · PRE     · signal     · SAGA-USD · brk ▲ 69 · 1d
11:23 KSA · PRE     · scanner    · بدء المسح · 1153 رمزاً · الجلسة PRE
11:23 KSA · PRE     · signal     · WMT · brk ▼ 86 · 15m · جلسة ممتدة
11:23 KSA · PRE     · signal     · BAC · volSpike ▲ 83 · 15m · جلسة ممتدة
11:23 KSA · PRE     · signal     · UNH · volSpike ▼ 83 · 15m · جلسة ممتدة
11:23 KSA · PRE     · signal     · ADI · volSpike ▼ 67 · 15m · جلسة ممتدة
11:23 KSA · PRE     · signal     · BCH-USD · vwapRec ▲ 60 · 15m
11:23 KSA · PRE     · signal     · UNI-USD · momo ▲ 64 · 1h
11:23 KSA · PRE     · signal     · SUI-USD · brk ▼ 80 · 15m
11:23 KSA · PRE     · signal     · SUI-USD · sqzExp ▼ 75 · 1h
11:23 KSA · PRE     · signal     · 牛来-USD · momo ▲ 63 · 1h
11:23 KSA · PRE     · signal     · PEPE-USD · brk ▲ 64 · 15m
11:23 KSA · PRE     · signal     · TAO-USD · momo ▲ 56 · 1h
11:23 KSA · PRE     · signal     · THE-USD · orb ▼ 70 · 15m
11:23 KSA · PRE     · signal     · THE-USD · brk ▼ 73 · 15m
11:23 KSA · PRE     · signal     · THE-USD · volSpike ▼ 100 · 15m
11:23 KSA · PRE     · signal     · TRUMP-USD · brk ▼ 61 · 15m
11:23 KSA · PRE     · signal     · TRUMP-USD · sqzExp ▼ 68 · 1h
11:23 KSA · PRE     · signal     · EUR-USD · brk ▼ 86 · 15m
11:23 KSA · PRE     · signal     · ARB-USD · brk ▼ 55 · 15m
11:23 KSA · PRE     · signal     · BANK-USD · orb ▼ 70 · 15m
11:23 KSA · PRE     · signal     · BANK-USD · brk ▼ 55 · 15m
11:23 KSA · PRE     · signal     · BANK-USD · tfAlign ▼ 66 · 1d
11:23 KSA · PRE     · signal     · TON-USD · brk ▼ 61 · 15m
11:23 KSA · PRE     · signal     · SENT-USD · sqzExp ▼ 78 · 1h
11:23 KSA · PRE     · signal     · PENGU-USD · brk ▼ 70 · 15m
11:23 KSA · PRE     · signal     · PENGU-USD · sqzExp ▼ 88 · 1h
11:23 KSA · PRE     · signal     · WLFI-USD · sqzExp ▼ 85 · 1h
11:23 KSA · PRE     · signal     · ASTER-USD · orb ▼ 65 · 15m
11:23 KSA · PRE     · signal     · ASTER-USD · brk ▼ 59 · 15m
11:23 KSA · PRE     · signal     · ASTER-USD · sqzExp ▼ 65 · 1h
11:23 KSA · PRE     · signal     · ASTER-USD · volSpike ▲ 67 · 15m
11:23 KSA · PRE     · signal     · ASTER-USD · momo ▲ 72 · 1h
11:23 KSA · PRE     · signal     · APT-USD · brk ▼ 61 · 15m
11:23 KSA · PRE     · signal     · APT-USD · sqzExp ▼ 60 · 1h
11:23 KSA · PRE     · signal     · APO · sqzExp ▼ 84 · 1d · جلسة ممتدة
11:23 KSA · PRE     · signal     · AXON · volSpike ▼ 67 · 1d · جلسة ممتدة
11:24 KSA · PRE     · signal     · BF-B · brk ▼ 71 · 1d · جلسة ممتدة
11:24 KSA · PRE     · signal     · BF-B · sqzExp ▼ 66 · 1d · جلسة ممتدة
11:25 KSA · PRE     · scanner    · بدء المسح · 1153 رمزاً · الجلسة PRE
11:25 KSA · PRE     · signal     · ANET · brk ▲ 100 · 15m · جلسة ممتدة
11:25 KSA · PRE     · signal     · MRVL · brk ▲ 100 · 15m · جلسة ممتدة
11:25 KSA · PRE     · signal     · ETN · brk ▲ 100 · 15m · جلسة ممتدة
11:25 KSA · PRE     · signal     · ETN · meanRev ▼ 100 · 15m · جلسة ممتدة
11:25 KSA · PRE     · signal     · FCX · brk ▲ 69 · 15m · جلسة ممتدة
11:25 KSA · PRE     · signal     · PWR · brk ▲ 100 · 15m · جلسة ممتدة
11:25 KSA · PRE     · signal     · CDNS · brk ▲ 100 · 15m · جلسة ممتدة
11:25 KSA · PRE     · signal     · CDNS · pbTrend ▼ 100 · 1h · جلسة ممتدة
11:25 KSA · PRE     · signal     · MRNA · brk ▲ 69 · 15m · جلسة ممتدة
11:25 KSA · PRE     · signal     · COHR · brk ▲ 100 · 15m · جلسة ممتدة
11:25 KSA · PRE     · signal     · VST · brk ▲ 69 · 15m · جلسة ممتدة
11:25 KSA · PRE     · signal     · UNI-USD · orb ▲ 57 · 15m
11:25 KSA · PRE     · signal     · SUI-USD · orb ▲ 88 · 15m
11:25 KSA · PRE     · signal     · 牛来-USD · meanRev ▼ 100 · 15m
11:25 KSA · PRE     · signal     · TAO-USD · orb ▲ 88 · 15m
11:25 KSA · PRE     · signal     · TRUMP-USD · orb ▲ 88 · 15m
11:25 KSA · PRE     · signal     · SENT-USD · orb ▲ 70 · 15m
11:25 KSA · PRE     · signal     · PENGU-USD · orb ▲ 68 · 15m
11:25 KSA · PRE     · signal     · WLFI-USD · orb ▲ 55 · 15m
11:25 KSA · PRE     · signal     · APT-USD · orb ▲ 73 · 15m
11:26 KSA · PRE     · scanner    · بدء المسح · 1153 رمزاً · الجلسة PRE
11:26 KSA · PRE     · signal     · ZEC-USD · meanRev ▼ 100 · 15m
11:26 KSA · PRE     · signal     · UNI-USD · brk ▲ 69 · 15m
11:26 KSA · PRE     · signal     · U-USD · orb ▲ 100 · 15m
11:26 KSA · PRE     · signal     · U-USD · vwapRec ▲ 60 · 15m
11:26 KSA · PRE     · signal     · HUBB · meanRev ▼ 100 · 1d · جلسة ممتدة
11:28 KSA · PRE     · scanner    · بدء المسح · 1153 رمزاً · الجلسة PRE
11:28 KSA · PRE     · signal     · INTC · brk ▲ 69 · 15m · جلسة ممتدة
11:28 KSA · PRE     · signal     · RTX · brk ▲ 100 · 15m · جلسة ممتدة
11:30 KSA · PRE     · scanner    · بدء المسح · 1153 رمزاً · الجلسة PRE
11:30 KSA · PRE     · signal     · ABBV · brk ▼ 100 · 15m · جلسة ممتدة
11:30 KSA · PRE     · signal     · ORCL · brk ▲ 100 · 15m · جلسة ممتدة
11:30 KSA · PRE     · signal     · ABT · brk ▼ 100 · 15m · جلسة ممتدة
11:30 KSA · PRE     · signal     · BANK-USD · vwapRec ▲ 85 · 15m
11:30 KSA · PRE     · signal     · BDX · meanRev ▲ 100 · 1d · جلسة ممتدة
11:33 KSA · PRE     · scanner    · بدء المسح · 1153 رمزاً · الجلسة PRE
11:33 KSA · PRE     · signal     · GOOGL · orb ▼ 75 · 15m · جلسة ممتدة
11:33 KSA · PRE     · signal     · META · orb ▼ 59 · 15m · جلسة ممتدة
11:33 KSA · PRE     · signal     · AVGO · vwapRec ▼ 59 · 15m · جلسة ممتدة
11:33 KSA · PRE     · signal     · AMD · orb ▼ 68 · 15m · جلسة ممتدة
11:33 KSA · PRE     · signal     · V · vwapRec ▼ 55 · 15m · جلسة ممتدة
11:33 KSA · PRE     · signal     · ORCL · vwapRec ▼ 65 · 15m · جلسة ممتدة
11:33 KSA · PRE     · signal     · GE · vwapRec ▼ 65 · 15m · جلسة ممتدة
11:33 KSA · PRE     · signal     · CRWD · vwapRec ▲ 70 · 15m · جلسة ممتدة
11:33 KSA · PRE     · signal     · KLAC · orb ▼ 100 · 15m · جلسة ممتدة
11:33 KSA · PRE     · signal     · KLAC · vwapRec ▼ 59 · 15m · جلسة ممتدة
11:33 KSA · PRE     · signal     · CRM · orb ▼ 85 · 15m · جلسة ممتدة
11:33 KSA · PRE     · signal     · AMGN · vwapRec ▼ 80 · 15m · جلسة ممتدة
11:33 KSA · PRE     · signal     · GLW · orb ▼ 83 · 15m · جلسة ممتدة
11:33 KSA · PRE     · signal     · GLW · vwapRec ▼ 55 · 15m · جلسة ممتدة
11:33 KSA · PRE     · signal     · LMT · vwapRec ▼ 75 · 15m · جلسة ممتدة
11:33 KSA · PRE     · signal     · FCX · vwapRec ▼ 60 · 15m · جلسة ممتدة
11:33 KSA · PRE     · signal     · DDOG · orb ▼ 75 · 15m · جلسة ممتدة
11:33 KSA · PRE     · signal     · CDNS · vwapRec ▼ 60 · 15m · جلسة ممتدة
11:33 KSA · PRE     · signal     · SNPS · orb ▼ 85 · 15m · جلسة ممتدة
11:33 KSA · PRE     · signal     · MPWR · volSpike ▼ 67 · 15m · جلسة ممتدة
11:33 KSA · PRE     · signal     · LHX · vwapRec ▼ 65 · 15m · جلسة ممتدة
11:33 KSA · PRE     · signal     · LHX · volSpike ▲ 89 · 15m · جلسة ممتدة
11:33 KSA · PRE     · signal     · COIN · vwapRec ▼ 59 · 15m · جلسة ممتدة
11:33 KSA · PRE     · signal     · ONDO-USD · vwapRec ▼ 68 · 15m
11:33 KSA · PRE     · signal     · SUI-USD · brk ▼ 64 · 15m
11:33 KSA · PRE     · signal     · SUI-USD · sqzExp ▼ 75 · 1h
11:33 KSA · PRE     · signal     · U-USD · rsiDiv ▲ 64 · 15m
11:33 KSA · PRE     · signal     · PEPE-USD · brk ▲ 61 · 15m
11:33 KSA · PRE     · signal     · PEPE-USD · sqzExp ▲ 78 · 1h
11:33 KSA · PRE     · signal     · TAO-USD · brk ▼ 80 · 15m
11:33 KSA · PRE     · signal     · TAO-USD · sqzExp ▼ 75 · 1h
11:33 KSA · PRE     · signal     · TAO-USD · volSpike ▼ 89 · 15m
11:33 KSA · PRE     · signal     · THE-USD · orb ▼ 70 · 15m
11:33 KSA · PRE     · signal     · THE-USD · brk ▼ 66 · 15m
11:33 KSA · PRE     · signal     · THE-USD · sqzExp ▼ 88 · 1h
11:33 KSA · PRE     · signal     · TRUMP-USD · sqzExp ▼ 68 · 1h
11:33 KSA · PRE     · signal     · EUR-USD · brk ▼ 64 · 15m
11:33 KSA · PRE     · signal     · ARB-USD · brk ▼ 57 · 15m
11:33 KSA · PRE     · signal     · BANK-USD · orb ▼ 85 · 15m
11:33 KSA · PRE     · signal     · BANK-USD · brk ▼ 80 · 15m
11:33 KSA · PRE     · signal     · TON-USD · brk ▼ 61 · 15m
11:33 KSA · PRE     · signal     · SENT-USD · brk ▼ 73 · 15m
11:33 KSA · PRE     · signal     · SENT-USD · sqzExp ▼ 78 · 1h
11:33 KSA · PRE     · signal     · PENGU-USD · brk ▼ 70 · 15m
11:33 KSA · PRE     · signal     · PENGU-USD · sqzExp ▼ 88 · 1h
11:33 KSA · PRE     · signal     · WLFI-USD · sqzExp ▼ 85 · 1h
11:33 KSA · PRE     · signal     · ASTER-USD · orb ▼ 65 · 15m
11:33 KSA · PRE     · signal     · ASTER-USD · brk ▼ 66 · 15m
11:33 KSA · PRE     · signal     · ASTER-USD · sqzExp ▼ 65 · 1h
11:33 KSA · PRE     · signal     · APT-USD · sqzExp ▼ 60 · 1h
11:34 KSA · PRE     · scanner    · بدء المسح · 1153 رمزاً · الجلسة PRE
11:34 KSA · PRE     · signal     · GOOGL · vwapRec ▲ 68 · 15m · جلسة ممتدة
11:34 KSA · PRE     · signal     · TSLA · vwapRec ▲ 65 · 15m · جلسة ممتدة
11:34 KSA · PRE     · signal     · MU · vwapRec ▲ 59 · 15m · جلسة ممتدة
11:34 KSA · PRE     · signal     · ORCL · brk ▲ 69 · 15m · جلسة ممتدة
11:34 KSA · PRE     · signal     · GS · vwapRec ▲ 70 · 15m · جلسة ممتدة
11:34 KSA · PRE     · signal     · RTX · brk ▲ 100 · 15m · جلسة ممتدة
11:34 KSA · PRE     · signal     · ANET · brk ▲ 69 · 15m · جلسة ممتدة
11:34 KSA · PRE     · signal     · MRVL · brk ▲ 100 · 15m · جلسة ممتدة
11:34 KSA · PRE     · signal     · ETN · brk ▲ 100 · 15m · جلسة ممتدة
11:34 KSA · PRE     · signal     · SPGI · brk ▲ 69 · 15m · جلسة ممتدة
11:34 KSA · PRE     · signal     · SPGI · meanRev ▼ 100 · 15m · جلسة ممتدة
11:34 KSA · PRE     · signal     · FCX · brk ▲ 69 · 15m · جلسة ممتدة
11:34 KSA · PRE     · signal     · HOOD · vwapRec ▲ 76 · 15m · جلسة ممتدة
11:34 KSA · PRE     · signal     · PWR · brk ▲ 100 · 15m · جلسة ممتدة
11:34 KSA · PRE     · signal     · VRT · vwapRec ▲ 70 · 15m · جلسة ممتدة
11:34 KSA · PRE     · signal     · CEG · vwapRec ▲ 70 · 15m · جلسة ممتدة
11:34 KSA · PRE     · signal     · CDNS · brk ▲ 100 · 15m · جلسة ممتدة
11:34 KSA · PRE     · signal     · HON · orb ▲ 71 · 15m · جلسة ممتدة
11:34 KSA · PRE     · signal     · MRNA · brk ▲ 69 · 15m · جلسة ممتدة
11:34 KSA · PRE     · signal     · COHR · brk ▲ 100 · 15m · جلسة ممتدة
11:34 KSA · PRE     · signal     · CIEN · vwapRec ▲ 70 · 15m · جلسة ممتدة
11:34 KSA · PRE     · signal     · VST · vwapRec ▲ 70 · 15m · جلسة ممتدة
11:34 KSA · PRE     · signal     · UNI-USD · orb ▲ 73 · 15m
11:34 KSA · PRE     · signal     · UNI-USD · brk ▲ 73 · 15m
11:34 KSA · PRE     · signal     · SUI-USD · orb ▲ 88 · 15m
11:34 KSA · PRE     · signal     · TAO-USD · orb ▲ 88 · 15m
11:34 KSA · PRE     · signal     · TRUMP-USD · orb ▲ 88 · 15m
11:34 KSA · PRE     · signal     · BANK-USD · vwapRec ▲ 100 · 15m
11:34 KSA · PRE     · signal     · SENT-USD · orb ▲ 70 · 15m
11:34 KSA · PRE     · signal     · PENGU-USD · orb ▲ 75 · 15m
11:34 KSA · PRE     · signal     · APT-USD · orb ▲ 73 · 15m
11:37 KSA · PRE     · scanner    · بدء المسح · 1153 رمزاً · الجلسة PRE
11:38 KSA · PRE     · signal     · INTC · brk ▲ 69 · 15m · جلسة ممتدة
11:38 KSA · PRE     · signal     · GE · vwapRec ▲ 57 · 15m · جلسة ممتدة
11:38 KSA · PRE     · signal     · HWM · brk ▲ 69 · 15m · جلسة ممتدة
11:38 KSA · PRE     · signal     · LITE · vwapRec ▲ 79 · 15m · جلسة ممتدة
11:38 KSA · PRE     · signal     · U-USD · orb ▲ 100 · 15m
11:38 KSA · PRE     · signal     · U-USD · vwapRec ▲ 60 · 15m
11:38 KSA · PRE     · signal     · APT-USD · brk ▲ 69 · 15m
11:40 KSA · PRE     · scanner    · بدء المسح · 1153 رمزاً · الجلسة PRE
11:40 KSA · PRE     · signal     · AMD · orb ▲ 82 · 15m · جلسة ممتدة
11:40 KSA · PRE     · signal     · CAT · vwapRec ▲ 60 · 15m · جلسة ممتدة
11:40 KSA · PRE     · signal     · NOW · vwapRec ▲ 79 · 15m · جلسة ممتدة
11:40 KSA · PRE     · signal     · FTNT · brk ▼ 81 · 15m · جلسة ممتدة
11:43 KSA · PRE     · scanner    · بدء المسح · 1153 رمزاً · الجلسة PRE
11:43 KSA · PRE     · signal     · GOOGL · orb ▼ 79 · 15m · جلسة ممتدة
11:43 KSA · PRE     · signal     · META · orb ▼ 59 · 15m · جلسة ممتدة
11:43 KSA · PRE     · signal     · AVGO · vwapRec ▼ 59 · 15m · جلسة ممتدة
11:43 KSA · PRE     · signal     · LLY · orb ▼ 85 · 15m · جلسة ممتدة
11:43 KSA · PRE     · signal     · JPM · orb ▼ 81 · 15m · جلسة ممتدة
11:43 KSA · PRE     · signal     · WMT · brk ▼ 86 · 15m · جلسة ممتدة
11:43 KSA · PRE     · signal     · ORCL · vwapRec ▼ 59 · 15m · جلسة ممتدة
11:43 KSA · PRE     · signal     · CAT · orb ▼ 60 · 15m · جلسة ممتدة
11:43 KSA · PRE     · signal     · KLAC · orb ▼ 100 · 15m · جلسة ممتدة
11:43 KSA · PRE     · signal     · KLAC · vwapRec ▼ 59 · 15m · جلسة ممتدة
11:43 KSA · PRE     · signal     · AMGN · vwapRec ▼ 76 · 15m · جلسة ممتدة
11:43 KSA · PRE     · signal     · MCD · orb ▼ 88 · 15m · جلسة ممتدة
11:43 KSA · PRE     · signal     · GLW · orb ▼ 79 · 15m · جلسة ممتدة
11:43 KSA · PRE     · signal     · DDOG · vwapRec ▼ 59 · 15m · جلسة ممتدة
11:43 KSA · PRE     · signal     · SNPS · orb ▼ 100 · 15m · جلسة ممتدة
11:43 KSA · PRE     · signal     · CIEN · orb ▼ 85 · 15m · جلسة ممتدة
11:43 KSA · PRE     · signal     · VST · orb ▼ 70 · 15m · جلسة ممتدة
11:43 KSA · PRE     · signal     · LHX · orb ▼ 88 · 15m · جلسة ممتدة
11:43 KSA · PRE     · signal     · COIN · vwapRec ▼ 59 · 15m · جلسة ممتدة
11:43 KSA · PRE     · signal     · SUI-USD · brk ▼ 64 · 15m
11:43 KSA · PRE     · signal     · SUI-USD · sqzExp ▼ 75 · 1h
11:43 KSA · PRE     · signal     · PEPE-USD · brk ▲ 61 · 15m
11:43 KSA · PRE     · signal     · PEPE-USD · sqzExp ▲ 78 · 1h
11:43 KSA · PRE     · signal     · TAO-USD · brk ▼ 80 · 15m
11:43 KSA · PRE     · signal     · TAO-USD · sqzExp ▼ 75 · 1h
11:43 KSA · PRE     · signal     · THE-USD · orb ▼ 70 · 15m
11:43 KSA · PRE     · signal     · THE-USD · brk ▼ 66 · 15m
11:43 KSA · PRE     · signal     · THE-USD · sqzExp ▼ 88 · 1h
11:43 KSA · PRE     · signal     · TRUMP-USD · sqzExp ▼ 68 · 1h
11:43 KSA · PRE     · signal     · EUR-USD · brk ▼ 64 · 15m
11:43 KSA · PRE     · signal     · ARB-USD · brk ▼ 57 · 15m
11:43 KSA · PRE     · signal     · BANK-USD · orb ▼ 85 · 15m
11:43 KSA · PRE     · signal     · BANK-USD · brk ▼ 80 · 15m
11:43 KSA · PRE     · signal     · BANK-USD · tfAlign ▼ 66 · 1d
11:43 KSA · PRE     · signal     · TON-USD · brk ▼ 61 · 15m
11:43 KSA · PRE     · signal     · SENT-USD · brk ▼ 73 · 15m
11:43 KSA · PRE     · signal     · SENT-USD · sqzExp ▼ 78 · 1h
11:43 KSA · PRE     · signal     · PENGU-USD · brk ▼ 70 · 15m
11:43 KSA · PRE     · signal     · PENGU-USD · sqzExp ▼ 88 · 1h
11:43 KSA · PRE     · signal     · WLFI-USD · orb ▼ 60 · 15m
11:43 KSA · PRE     · signal     · WLFI-USD · sqzExp ▼ 85 · 1h
11:43 KSA · PRE     · signal     · ASTER-USD · orb ▼ 65 · 15m
11:43 KSA · PRE     · signal     · ASTER-USD · brk ▼ 66 · 15m
11:43 KSA · PRE     · signal     · ASTER-USD · sqzExp ▼ 65 · 1h
11:43 KSA · PRE     · signal     · APT-USD · sqzExp ▼ 60 · 1h
11:43 KSA · PRE     · signal     · CARR · volSpike ▼ 72 · 1d · جلسة ممتدة
11:43 KSA · PRE     · signal     · CCI · volSpike ▲ 67 · 1d · جلسة ممتدة
11:44 KSA · PRE     · scanner    · بدء المسح · 1153 رمزاً · الجلسة PRE
11:44 KSA · PRE     · signal     · GOOGL · vwapRec ▲ 71 · 15m · جلسة ممتدة
11:44 KSA · PRE     · signal     · TSLA · vwapRec ▲ 65 · 15m · جلسة ممتدة
11:44 KSA · PRE     · signal     · MU · vwapRec ▲ 59 · 15m · جلسة ممتدة
11:44 KSA · PRE     · signal     · INTC · brk ▲ 69 · 15m · جلسة ممتدة
11:44 KSA · PRE     · signal     · ORCL · brk ▲ 100 · 15m · جلسة ممتدة
11:44 KSA · PRE     · signal     · CAT · vwapRec ▲ 60 · 15m · جلسة ممتدة
11:44 KSA · PRE     · signal     · GE · vwapRec ▲ 70 · 15m · جلسة ممتدة
11:44 KSA · PRE     · signal     · PANW · orb ▼ 100 · 15m · جلسة ممتدة
11:44 KSA · PRE     · signal     · PANW · brk ▼ 100 · 15m · جلسة ممتدة
11:44 KSA · PRE     · signal     · GS · vwapRec ▲ 70 · 15m · جلسة ممتدة
11:44 KSA · PRE     · signal     · RTX · brk ▲ 100 · 15m · جلسة ممتدة
11:44 KSA · PRE     · signal     · ANET · brk ▲ 69 · 15m · جلسة ممتدة
11:44 KSA · PRE     · signal     · MRVL · brk ▲ 100 · 15m · جلسة ممتدة
11:44 KSA · PRE     · signal     · APH · vwapRec ▲ 57 · 15m · جلسة ممتدة
11:44 KSA · PRE     · signal     · ETN · brk ▲ 81 · 15m · جلسة ممتدة
11:44 KSA · PRE     · signal     · NOW · vwapRec ▲ 62 · 15m · جلسة ممتدة
11:44 KSA · PRE     · signal     · FTNT · vwapRec ▲ 71 · 15m · جلسة ممتدة
11:44 KSA · PRE     · signal     · GLW · vwapRec ▲ 59 · 15m · جلسة ممتدة
11:44 KSA · PRE     · signal     · FCX · brk ▲ 100 · 15m · جلسة ممتدة
11:44 KSA · PRE     · signal     · HOOD · vwapRec ▲ 76 · 15m · جلسة ممتدة
11:44 KSA · PRE     · signal     · VRT · vwapRec ▲ 82 · 15m · جلسة ممتدة
11:44 KSA · PRE     · signal     · CEG · vwapRec ▲ 71 · 15m · جلسة ممتدة
11:44 KSA · PRE     · signal     · HWM · brk ▲ 69 · 15m · جلسة ممتدة
11:44 KSA · PRE     · signal     · CDNS · brk ▲ 100 · 15m · جلسة ممتدة
11:44 KSA · PRE     · signal     · HON · orb ▲ 71 · 15m · جلسة ممتدة
11:44 KSA · PRE     · signal     · MRNA · brk ▲ 69 · 15m · جلسة ممتدة
11:44 KSA · PRE     · signal     · COHR · brk ▲ 100 · 15m · جلسة ممتدة
11:44 KSA · PRE     · signal     · VST · vwapRec ▲ 70 · 15m · جلسة ممتدة
11:44 KSA · PRE     · signal     · PENDLE-USD · vwapRec ▲ 100 · 15m
11:44 KSA · PRE     · signal     · UNI-USD · orb ▲ 65 · 15m
11:44 KSA · PRE     · signal     · UNI-USD · brk ▲ 73 · 15m
11:44 KSA · PRE     · signal     · SUI-USD · orb ▲ 88 · 15m
11:44 KSA · PRE     · signal     · U-USD · orb ▲ 73 · 15m
11:44 KSA · PRE     · signal     · U-USD · vwapRec ▲ 60 · 15m
11:44 KSA · PRE     · signal     · TAO-USD · orb ▲ 88 · 15m
11:44 KSA · PRE     · signal     · TRUMP-USD · orb ▲ 88 · 15m
11:44 KSA · PRE     · signal     · SENT-USD · orb ▲ 70 · 15m
11:44 KSA · PRE     · signal     · PENGU-USD · orb ▲ 75 · 15m
11:44 KSA · PRE     · signal     · APT-USD · orb ▲ 73 · 15m
11:44 KSA · PRE     · signal     · APT-USD · brk ▲ 61 · 15m
11:44 KSA · PRE     · signal     · CPAY · brk ▼ 100 · 1d · جلسة ممتدة
11:46 KSA · PRE     · scanner    · بدء المسح · 1153 رمزاً · الجلسة PRE
11:46 KSA · PRE     · signal     · WMT · orb ▲ 86 · 15m · جلسة ممتدة
11:46 KSA · PRE     · signal     · FTNT · brk ▼ 100 · 15m · جلسة ممتدة
11:46 KSA · PRE     · signal     · VLO · meanRev ▼ 100 · 15m · جلسة ممتدة
11:46 KSA · PRE     · signal     · FCX · meanRev ▼ 100 · 15m · جلسة ممتدة
11:46 KSA · PRE     · signal     · PWR · brk ▲ 100 · 15m · جلسة ممتدة
11:46 KSA · PRE     · signal     · BANK-USD · orb ▼ 100 · 15m
11:48 KSA · PRE     · scanner    · بدء المسح · 1153 رمزاً · الجلسة PRE
11:48 KSA · PRE     · signal     · MSFT · vwapRec ▲ 57 · 15m · جلسة ممتدة
11:48 KSA · PRE     · signal     · AMD · orb ▲ 82 · 15m · جلسة ممتدة
11:48 KSA · PRE     · signal     · LRCX · brk ▲ 100 · 15m · جلسة ممتدة
11:48 KSA · PRE     · signal     · BSX · vwapRec ▲ 57 · 15m · جلسة ممتدة
11:48 KSA · PRE     · signal     · KMB · brk ▲ 100 · 15m · جلسة ممتدة
11:48 KSA · PRE     · signal     · CAKE-USD · orb ▲ 64 · 15m
11:50 KSA · PRE     · scanner    · بدء المسح · 1153 رمزاً · الجلسة PRE
11:50 KSA · PRE     · signal     · AVGO · meanRev ▼ 100 · 15m · جلسة ممتدة
11:52 KSA · PRE     · scanner    · بدء المسح · 1153 رمزاً · الجلسة PRE
11:52 KSA · PRE     · signal     · GOOGL · orb ▼ 79 · 15m · جلسة ممتدة
11:52 KSA · PRE     · signal     · META · orb ▼ 59 · 15m · جلسة ممتدة
11:52 KSA · PRE     · signal     · AVGO · vwapRec ▼ 59 · 15m · جلسة ممتدة
11:52 KSA · PRE     · signal     · LLY · orb ▼ 70 · 15m · جلسة ممتدة
11:52 KSA · PRE     · signal     · WMT · brk ▼ 86 · 15m · جلسة ممتدة
11:52 KSA · PRE     · signal     · ORCL · vwapRec ▼ 59 · 15m · جلسة ممتدة
11:52 KSA · PRE     · signal     · CAT · orb ▼ 60 · 15m · جلسة ممتدة
11:52 KSA · PRE     · signal     · UNH · orb ▼ 85 · 15m · جلسة ممتدة
11:52 KSA · PRE     · signal     · PANW · vwapRec ▲ 91 · 15m · جلسة ممتدة
11:52 KSA · PRE     · signal     · CRWD · vwapRec ▲ 82 · 15m · جلسة ممتدة
11:52 KSA · PRE     · signal     · KLAC · orb ▼ 100 · 15m · جلسة ممتدة
11:52 KSA · PRE     · signal     · KLAC · vwapRec ▼ 59 · 15m · جلسة ممتدة
11:52 KSA · PRE     · signal     · AMGN · vwapRec ▼ 76 · 15m · جلسة ممتدة
11:52 KSA · PRE     · signal     · APH · orb ▼ 83 · 15m · جلسة ممتدة
11:52 KSA · PRE     · signal     · BX · vwapRec ▼ 65 · 15m · جلسة ممتدة
11:52 KSA · PRE     · signal     · BX · volSpike ▲ 78 · 15m · جلسة ممتدة
11:52 KSA · PRE     · signal     · FTNT · vwapRec ▼ 71 · 15m · جلسة ممتدة
11:52 KSA · PRE     · signal     · GLW · orb ▼ 75 · 15m · جلسة ممتدة
11:52 KSA · PRE     · signal     · CDNS · vwapRec ▼ 59 · 15m · جلسة ممتدة
11:52 KSA · PRE     · signal     · SNPS · orb ▼ 100 · 15m · جلسة ممتدة
11:52 KSA · PRE     · signal     · MPWR · volSpike ▼ 67 · 15m · جلسة ممتدة
11:52 KSA · PRE     · signal     · FIX · orb ▼ 62 · 15m · جلسة ممتدة
11:52 KSA · PRE     · signal     · VST · orb ▼ 70 · 15m · جلسة ممتدة
11:52 KSA · PRE     · signal     · COIN · vwapRec ▼ 59 · 15m · جلسة ممتدة
11:52 KSA · PRE     · signal     · ICP-USD · vwapRec ▲ 60 · 15m
11:52 KSA · PRE     · signal     · UNI-USD · volSpike ▲ 61 · 15m
11:52 KSA · PRE     · signal     · SUI-USD · brk ▼ 57 · 15m
11:52 KSA · PRE     · signal     · SUI-USD · sqzExp ▼ 75 · 1h
11:52 KSA · PRE     · signal     · PEPE-USD · brk ▲ 73 · 15m
11:52 KSA · PRE     · signal     · PEPE-USD · sqzExp ▲ 78 · 1h
11:52 KSA · PRE     · signal     · TAO-USD · brk ▼ 73 · 15m
11:52 KSA · PRE     · signal     · TAO-USD · sqzExp ▼ 75 · 1h
11:52 KSA · PRE     · signal     · THE-USD · orb ▼ 63 · 15m
11:52 KSA · PRE     · signal     · THE-USD · brk ▼ 57 · 15m
11:52 KSA · PRE     · signal     · THE-USD · sqzExp ▼ 88 · 1h
11:52 KSA · PRE     · signal     · TRUMP-USD · sqzExp ▼ 68 · 1h
11:52 KSA · PRE     · signal     · EUR-USD · brk ▼ 70 · 15m
11:52 KSA · PRE     · signal     · ARB-USD · orb ▼ 57 · 15m
11:52 KSA · PRE     · signal     · BANK-USD · brk ▼ 61 · 15m
11:52 KSA · PRE     · signal     · TON-USD · brk ▼ 61 · 15m
11:52 KSA · PRE     · signal     · SENT-USD · sqzExp ▼ 78 · 1h
11:52 KSA · PRE     · signal     · PENGU-USD · sqzExp ▼ 88 · 1h
11:52 KSA · PRE     · signal     · WLFI-USD · orb ▼ 60 · 15m
11:52 KSA · PRE     · signal     · WLFI-USD · brk ▼ 55 · 15m
11:52 KSA · PRE     · signal     · WLFI-USD · sqzExp ▼ 85 · 1h
11:52 KSA · PRE     · signal     · ASTER-USD · orb ▼ 57 · 15m
11:52 KSA · PRE     · signal     · ASTER-USD · brk ▼ 57 · 15m
11:52 KSA · PRE     · signal     · ASTER-USD · sqzExp ▼ 65 · 1h
11:52 KSA · PRE     · signal     · APT-USD · sqzExp ▼ 60 · 1h
11:54 KSA · PRE     · scanner    · بدء المسح · 1153 رمزاً · الجلسة PRE
11:54 KSA · PRE     · signal     · NVDA · brk ▲ 69 · 15m · جلسة ممتدة
11:54 KSA · PRE     · signal     · GOOGL · vwapRec ▲ 71 · 15m · جلسة ممتدة
11:54 KSA · PRE     · signal     · MSFT · vwapRec ▲ 76 · 15m · جلسة ممتدة
11:54 KSA · PRE     · signal     · MU · vwapRec ▲ 59 · 15m · جلسة ممتدة
11:54 KSA · PRE     · signal     · AMD · orb ▲ 65 · 15m · جلسة ممتدة
11:54 KSA · PRE     · signal     · INTC · brk ▲ 100 · 15m · جلسة ممتدة
11:54 KSA · PRE     · signal     · ORCL · brk ▲ 100 · 15m · جلسة ممتدة
11:54 KSA · PRE     · signal     · CAT · vwapRec ▲ 68 · 15m · جلسة ممتدة
11:54 KSA · PRE     · signal     · LRCX · brk ▲ 100 · 15m · جلسة ممتدة
11:54 KSA · PRE     · signal     · GE · vwapRec ▲ 82 · 15m · جلسة ممتدة
11:54 KSA · PRE     · signal     · GS · vwapRec ▲ 78 · 15m · جلسة ممتدة
11:54 KSA · PRE     · signal     · ANET · brk ▲ 100 · 15m · جلسة ممتدة
11:54 KSA · PRE     · signal     · MRVL · brk ▲ 100 · 15m · جلسة ممتدة
11:54 KSA · PRE     · signal     · APH · vwapRec ▲ 65 · 15m · جلسة ممتدة
11:54 KSA · PRE     · signal     · APH · brk ▲ 100 · 15m · جلسة ممتدة
11:54 KSA · PRE     · signal     · APH · meanRev ▼ 100 · 15m · جلسة ممتدة
11:54 KSA · PRE     · signal     · ETN · brk ▲ 81 · 15m · جلسة ممتدة
11:54 KSA · PRE     · signal     · NOW · vwapRec ▲ 68 · 15m · جلسة ممتدة
11:54 KSA · PRE     · signal     · GLW · vwapRec ▲ 57 · 15m · جلسة ممتدة
11:54 KSA · PRE     · signal     · FCX · vwapRec ▲ 76 · 15m · جلسة ممتدة
11:54 KSA · PRE     · signal     · FCX · brk ▲ 100 · 15m · جلسة ممتدة
11:54 KSA · PRE     · signal     · HOOD · vwapRec ▲ 65 · 15m · جلسة ممتدة
11:54 KSA · PRE     · signal     · PWR · brk ▲ 100 · 15m · جلسة ممتدة
11:54 KSA · PRE     · signal     · VRT · vwapRec ▲ 60 · 15m · جلسة ممتدة
11:54 KSA · PRE     · signal     · CEG · vwapRec ▲ 82 · 15m · جلسة ممتدة
11:54 KSA · PRE     · signal     · CDNS · brk ▲ 81 · 15m · جلسة ممتدة
11:54 KSA · PRE     · signal     · AON · orb ▲ 57 · 15m · جلسة ممتدة
11:54 KSA · PRE     · signal     · MRNA · brk ▲ 100 · 15m · جلسة ممتدة
11:54 KSA · PRE     · signal     · COHR · brk ▲ 100 · 15m · جلسة ممتدة
11:54 KSA · PRE     · signal     · VST · vwapRec ▲ 70 · 15m · جلسة ممتدة
11:54 KSA · PRE     · signal     · BCH-USD · sqzExp ▲ 100 · 1h
11:54 KSA · PRE     · signal     · HBAR-USD · orb ▲ 64 · 15m
11:54 KSA · PRE     · signal     · UNI-USD · orb ▲ 65 · 15m
11:54 KSA · PRE     · signal     · UNI-USD · brk ▲ 73 · 15m
11:54 KSA · PRE     · signal     · SUI-USD · orb ▲ 88 · 15m
11:54 KSA · PRE     · signal     · TAO-USD · orb ▲ 88 · 15m
11:54 KSA · PRE     · signal     · TRUMP-USD · orb ▲ 80 · 15m
11:54 KSA · PRE     · signal     · SENT-USD · orb ▲ 55 · 15m
11:54 KSA · PRE     · signal     · PENGU-USD · orb ▲ 68 · 15m
11:54 KSA · PRE     · signal     · APT-USD · orb ▲ 80 · 15m
11:54 KSA · PRE     · signal     · APT-USD · brk ▲ 80 · 15m
11:56 KSA · PRE     · scanner    · بدء المسح · 1153 رمزاً · الجلسة PRE
11:56 KSA · PRE     · signal     · CAT · orb ▲ 82 · 15m · جلسة ممتدة
11:56 KSA · PRE     · signal     · GLW · orb ▲ 64 · 15m · جلسة ممتدة
11:56 KSA · PRE     · signal     · U-USD · orb ▲ 100 · 15m
11:56 KSA · PRE     · signal     · U-USD · vwapRec ▲ 60 · 15m
11:58 KSA · PRE     · scanner    · بدء المسح · 1153 رمزاً · الجلسة PRE
11:58 KSA · PRE     · signal     · RTX · brk ▲ 100 · 15m · جلسة ممتدة
11:58 KSA · PRE     · signal     · VST · orb ▲ 64 · 15m · جلسة ممتدة
11:58 KSA · PRE     · signal     · VST · brk ▲ 69 · 15m · جلسة ممتدة
11:58 KSA · PRE     · signal     · RDDT · vwapRec ▼ 57 · 15m · جلسة ممتدة
11:58 KSA · PRE     · signal     · ADA-USD · brk ▲ 69 · 15m
11:58 KSA · PRE     · signal     · SNDKB-USD · orb ▲ 100 · 15m
11:58 KSA · PRE     · signal     · BANK-USD · vwapRec ▲ 85 · 15m
12:00 KSA · PRE     · scanner    · بدء المسح · 1153 رمزاً · الجلسة PRE
12:02 KSA · PRE     · scanner    · بدء المسح · 1153 رمزاً · الجلسة PRE
12:02 KSA · PRE     · signal     · GOOGL · orb ▼ 71 · 15m · جلسة ممتدة
12:02 KSA · PRE     · signal     · META · orb ▼ 59 · 15m · جلسة ممتدة
12:02 KSA · PRE     · signal     · AVGO · vwapRec ▼ 59 · 15m · جلسة ممتدة
12:02 KSA · PRE     · signal     · LLY · orb ▼ 90 · 15m · جلسة ممتدة
12:02 KSA · PRE     · signal     · LLY · vwapRec ▼ 55 · 15m · جلسة ممتدة
12:02 KSA · PRE     · signal     · ORCL · vwapRec ▼ 65 · 15m · جلسة ممتدة
12:02 KSA · PRE     · signal     · MRK · orb ▼ 69 · 15m · جلسة ممتدة
12:02 KSA · PRE     · signal     · MS · vwapRec ▼ 70 · 15m · جلسة ممتدة
12:02 KSA · PRE     · signal     · PANW · vwapRec ▲ 85 · 15m · جلسة ممتدة
12:02 KSA · PRE     · signal     · KLAC · orb ▼ 93 · 15m · جلسة ممتدة
12:02 KSA · PRE     · signal     · KLAC · vwapRec ▼ 57 · 15m · جلسة ممتدة
12:02 KSA · PRE     · signal     · AMGN · vwapRec ▼ 76 · 15m · جلسة ممتدة
12:02 KSA · PRE     · signal     · APH · orb ▼ 83 · 15m · جلسة ممتدة
12:02 KSA · PRE     · signal     · BX · vwapRec ▼ 65 · 15m · جلسة ممتدة
12:02 KSA · PRE     · signal     · BKNG · orb ▼ 100 · 15m · جلسة ممتدة
12:02 KSA · PRE     · signal     · ACN · orb ▼ 77 · 15m · جلسة ممتدة
12:02 KSA · PRE     · signal     · DDOG · orb ▼ 88 · 15m · جلسة ممتدة
12:02 KSA · PRE     · signal     · DDOG · vwapRec ▼ 59 · 15m · جلسة ممتدة
12:02 KSA · PRE     · signal     · SHW · orb ▼ 77 · 15m · جلسة ممتدة
12:02 KSA · PRE     · signal     · CDNS · vwapRec ▼ 65 · 15m · جلسة ممتدة
12:02 KSA · PRE     · signal     · SNPS · orb ▼ 100 · 15m · جلسة ممتدة
12:02 KSA · PRE     · signal     · FIX · orb ▼ 62 · 15m · جلسة ممتدة
12:02 KSA · PRE     · signal     · COIN · vwapRec ▼ 59 · 15m · جلسة ممتدة
12:02 KSA · PRE     · signal     · SUI-USD · brk ▼ 61 · 15m
12:02 KSA · PRE     · signal     · SUI-USD · sqzExp ▼ 75 · 1h
12:02 KSA · PRE     · signal     · PEPE-USD · brk ▲ 61 · 15m
12:02 KSA · PRE     · signal     · PEPE-USD · sqzExp ▲ 78 · 1h
12:02 KSA · PRE     · signal     · TAO-USD · sqzExp ▼ 75 · 1h
12:02 KSA · PRE     · signal     · THE-USD · orb ▼ 63 · 15m
12:02 KSA · PRE     · signal     · THE-USD · brk ▼ 64 · 15m
12:02 KSA · PRE     · signal     · THE-USD · sqzExp ▼ 88 · 1h
12:02 KSA · PRE     · signal     · TRUMP-USD · brk ▼ 55 · 15m
12:02 KSA · PRE     · signal     · TRUMP-USD · sqzExp ▼ 68 · 1h
12:02 KSA · PRE     · signal     · EUR-USD · brk ▼ 80 · 15m
12:02 KSA · PRE     · signal     · ARB-USD · brk ▼ 55 · 15m
12:02 KSA · PRE     · signal     · BANK-USD · orb ▼ 70 · 15m
12:02 KSA · PRE     · signal     · BANK-USD · brk ▼ 55 · 15m
12:02 KSA · PRE     · signal     · TON-USD · brk ▼ 61 · 15m
12:02 KSA · PRE     · signal     · SENT-USD · brk ▼ 73 · 15m
12:02 KSA · PRE     · signal     · SENT-USD · sqzExp ▼ 78 · 1h
12:02 KSA · PRE     · signal     · PENGU-USD · brk ▼ 55 · 15m
12:02 KSA · PRE     · signal     · PENGU-USD · sqzExp ▼ 88 · 1h
12:02 KSA · PRE     · signal     · WLFI-USD · orb ▼ 60 · 15m
12:02 KSA · PRE     · signal     · WLFI-USD · brk ▼ 55 · 15m
12:02 KSA · PRE     · signal     · WLFI-USD · sqzExp ▼ 85 · 1h
12:02 KSA · PRE     · signal     · ASTER-USD · brk ▼ 55 · 15m
12:02 KSA · PRE     · signal     · ASTER-USD · sqzExp ▼ 65 · 1h
12:02 KSA · PRE     · signal     · APT-USD · sqzExp ▼ 60 · 1h
12:07 KSA · PRE     · scanner    · بدء المسح · 1153 رمزاً · الجلسة PRE
12:07 KSA · PRE     · signal     · NVDA · brk ▲ 100 · 15m · جلسة ممتدة
12:07 KSA · PRE     · signal     · GOOG · brk ▲ 69 · 15m · جلسة ممتدة
12:07 KSA · PRE     · signal     · AMD · orb ▲ 65 · 15m · جلسة ممتدة
12:07 KSA · PRE     · signal     · INTC · brk ▲ 100 · 15m · جلسة ممتدة
12:07 KSA · PRE     · signal     · ORCL · brk ▲ 100 · 15m · جلسة ممتدة
12:07 KSA · PRE     · signal     · CAT · vwapRec ▲ 68 · 15m · جلسة ممتدة
12:07 KSA · PRE     · signal     · LRCX · vwapRec ▲ 65 · 15m · جلسة ممتدة
12:07 KSA · PRE     · signal     · LRCX · brk ▲ 69 · 15m · جلسة ممتدة
12:07 KSA · PRE     · signal     · UNH · vwapRec ▲ 80 · 15m · جلسة ممتدة
12:07 KSA · PRE     · signal     · GE · vwapRec ▲ 82 · 15m · جلسة ممتدة
12:07 KSA · PRE     · signal     · GS · vwapRec ▲ 85 · 15m · جلسة ممتدة
12:07 KSA · PRE     · signal     · RTX · brk ▲ 100 · 15m · جلسة ممتدة
12:07 KSA · PRE     · signal     · ANET · brk ▲ 100 · 15m · جلسة ممتدة
12:07 KSA · PRE     · signal     · MRVL · brk ▲ 100 · 15m · جلسة ممتدة
12:07 KSA · PRE     · signal     · APH · vwapRec ▲ 65 · 15m · جلسة ممتدة
12:07 KSA · PRE     · signal     · APH · brk ▲ 100 · 15m · جلسة ممتدة
12:07 KSA · PRE     · signal     · ABT · orb ▲ 71 · 15m · جلسة ممتدة
12:07 KSA · PRE     · signal     · ETN · vwapRec ▲ 60 · 15m · جلسة ممتدة
12:07 KSA · PRE     · signal     · ETN · brk ▲ 100 · 15m · جلسة ممتدة
12:07 KSA · PRE     · signal     · FTNT · orb ▲ 100 · 15m · جلسة ممتدة
12:07 KSA · PRE     · signal     · GLW · orb ▲ 55 · 15m · جلسة ممتدة
12:07 KSA · PRE     · signal     · GLW · vwapRec ▲ 57 · 15m · جلسة ممتدة
12:07 KSA · PRE     · signal     · GLW · brk ▲ 100 · 15m · جلسة ممتدة
12:07 KSA · PRE     · signal     · FCX · vwapRec ▲ 65 · 15m · جلسة ممتدة
12:07 KSA · PRE     · signal     · FCX · brk ▲ 100 · 15m · جلسة ممتدة
12:07 KSA · PRE     · signal     · HOOD · vwapRec ▲ 63 · 15m · جلسة ممتدة
12:07 KSA · PRE     · signal     · VRT · vwapRec ▲ 75 · 15m · جلسة ممتدة
12:07 KSA · PRE     · signal     · CDNS · brk ▲ 81 · 15m · جلسة ممتدة
12:07 KSA · PRE     · signal     · AON · orb ▲ 57 · 15m · جلسة ممتدة
12:07 KSA · PRE     · signal     · BSX · brk ▼ 100 · 15m · جلسة ممتدة
12:07 KSA · PRE     · signal     · MRNA · brk ▲ 100 · 15m · جلسة ممتدة
12:07 KSA · PRE     · signal     · COHR · brk ▲ 100 · 15m · جلسة ممتدة
12:07 KSA · PRE     · signal     · FIX · brk ▲ 100 · 15m · جلسة ممتدة
12:07 KSA · PRE     · signal     · FIX · meanRev ▼ 100 · 15m · جلسة ممتدة
12:07 KSA · PRE     · signal     · TER · vwapRec ▲ 59 · 15m · جلسة ممتدة
12:07 KSA · PRE     · signal     · VST · orb ▲ 85 · 15m · جلسة ممتدة
12:07 KSA · PRE     · signal     · VST · vwapRec ▲ 60 · 15m · جلسة ممتدة
12:07 KSA · PRE     · signal     · VST · brk ▲ 100 · 15m · جلسة ممتدة
12:07 KSA · PRE     · signal     · SNXXB-USD · orb ▲ 82 · 15m
12:07 KSA · PRE     · signal     · UNI-USD · orb ▲ 65 · 15m
12:07 KSA · PRE     · signal     · SUI-USD · orb ▲ 73 · 15m
12:07 KSA · PRE     · signal     · TAO-USD · orb ▲ 65 · 15m
12:07 KSA · PRE     · signal     · TRUMP-USD · orb ▲ 80 · 15m
12:07 KSA · PRE     · signal     · SENT-USD · orb ▲ 70 · 15m
12:07 KSA · PRE     · signal     · PENGU-USD · orb ▲ 60 · 15m
12:07 KSA · PRE     · signal     · APT-USD · orb ▲ 80 · 15m
12:08 KSA · PRE     · scanner    · بدء المسح · 1153 رمزاً · الجلسة PRE
12:08 KSA · PRE     · signal     · NVDA · meanRev ▼ 100 · 15m · جلسة ممتدة
12:08 KSA · PRE     · signal     · CAT · orb ▲ 64 · 15m · جلسة ممتدة
12:08 KSA · PRE     · signal     · BLK · brk ▲ 63 · 15m · جلسة ممتدة
12:08 KSA · PRE     · signal     · BLK · sqzExp ▲ 100 · 1h · جلسة ممتدة
12:08 KSA · PRE     · signal     · ONDO-USD · orb ▲ 82 · 15m
12:08 KSA · PRE     · signal     · U-USD · orb ▲ 100 · 15m
12:08 KSA · PRE     · signal     · BANK-USD · orb ▼ 100 · 15m
12:08 KSA · PRE     · signal     · APT-USD · brk ▲ 69 · 15m
12:10 KSA · PRE     · scanner    · بدء المسح · 1153 رمزاً · الجلسة PRE
12:10 KSA · PRE     · signal     · MSFT · vwapRec ▲ 57 · 15m · جلسة ممتدة
12:10 KSA · PRE     · signal     · NOW · vwapRec ▲ 100 · 15m · جلسة ممتدة
12:10 KSA · PRE     · signal     · HIG · brk ▼ 100 · 1d · جلسة ممتدة
12:12 KSA · PRE     · scanner    · بدء المسح · 1153 رمزاً · الجلسة PRE
12:12 KSA · PRE     · signal     · GOOGL · orb ▼ 79 · 15m · جلسة ممتدة
12:12 KSA · PRE     · signal     · META · orb ▼ 59 · 15m · جلسة ممتدة
12:12 KSA · PRE     · signal     · AVGO · vwapRec ▼ 59 · 15m · جلسة ممتدة
12:12 KSA · PRE     · signal     · LLY · orb ▼ 90 · 15m · جلسة ممتدة
12:12 KSA · PRE     · signal     · LLY · vwapRec ▼ 55 · 15m · جلسة ممتدة
12:12 KSA · PRE     · signal     · ORCL · vwapRec ▼ 59 · 15m · جلسة ممتدة
12:12 KSA · PRE     · signal     · PANW · vwapRec ▲ 91 · 15m · جلسة ممتدة
12:12 KSA · PRE     · signal     · KLAC · orb ▼ 100 · 15m · جلسة ممتدة
12:12 KSA · PRE     · signal     · KLAC · vwapRec ▼ 59 · 15m · جلسة ممتدة
12:12 KSA · PRE     · signal     · AMGN · vwapRec ▼ 76 · 15m · جلسة ممتدة
12:12 KSA · PRE     · signal     · APH · orb ▼ 83 · 15m · جلسة ممتدة
12:12 KSA · PRE     · signal     · BX · vwapRec ▼ 59 · 15m · جلسة ممتدة
12:12 KSA · PRE     · signal     · CEG · vwapRec ▼ 59 · 15m · جلسة ممتدة
12:12 KSA · PRE     · signal     · SHW · orb ▼ 77 · 15m · جلسة ممتدة
12:12 KSA · PRE     · signal     · CDNS · vwapRec ▼ 65 · 15m · جلسة ممتدة
12:12 KSA · PRE     · signal     · SNPS · orb ▼ 100 · 15m · جلسة ممتدة
12:12 KSA · PRE     · signal     · BSX · vwapRec ▼ 71 · 15m · جلسة ممتدة
12:12 KSA · PRE     · signal     · FIX · orb ▼ 62 · 15m · جلسة ممتدة
12:12 KSA · PRE     · signal     · COIN · vwapRec ▼ 59 · 15m · جلسة ممتدة
12:12 KSA · PRE     · signal     · UNI-USD · brk ▼ 66 · 15m
12:12 KSA · PRE     · signal     · SUI-USD · brk ▼ 61 · 15m
12:12 KSA · PRE     · signal     · SUI-USD · sqzExp ▼ 75 · 1h
12:12 KSA · PRE     · signal     · PEPE-USD · brk ▲ 61 · 15m
12:12 KSA · PRE     · signal     · PEPE-USD · sqzExp ▲ 78 · 1h
12:12 KSA · PRE     · signal     · TAO-USD · sqzExp ▼ 75 · 1h
12:12 KSA · PRE     · signal     · THE-USD · orb ▼ 63 · 15m
12:12 KSA · PRE     · signal     · THE-USD · brk ▼ 64 · 15m
12:12 KSA · PRE     · signal     · THE-USD · sqzExp ▼ 88 · 1h
12:12 KSA · PRE     · signal     · TRUMP-USD · brk ▼ 55 · 15m
12:12 KSA · PRE     · signal     · TRUMP-USD · sqzExp ▼ 68 · 1h
12:12 KSA · PRE     · signal     · EUR-USD · brk ▼ 80 · 15m
12:12 KSA · PRE     · signal     · ARB-USD · brk ▼ 55 · 15m
12:12 KSA · PRE     · signal     · BANK-USD · brk ▼ 55 · 15m
12:12 KSA · PRE     · signal     · TON-USD · brk ▼ 61 · 15m
12:12 KSA · PRE     · signal     · SENT-USD · brk ▼ 73 · 15m
12:12 KSA · PRE     · signal     · SENT-USD · sqzExp ▼ 78 · 1h
12:12 KSA · PRE     · signal     · PENGU-USD · brk ▼ 55 · 15m
12:12 KSA · PRE     · signal     · PENGU-USD · sqzExp ▼ 88 · 1h
12:12 KSA · PRE     · signal     · WLFI-USD · orb ▼ 60 · 15m
12:12 KSA · PRE     · signal     · WLFI-USD · brk ▼ 55 · 15m
12:12 KSA · PRE     · signal     · WLFI-USD · sqzExp ▼ 85 · 1h
12:12 KSA · PRE     · signal     · ASTER-USD · brk ▼ 55 · 15m
12:12 KSA · PRE     · signal     · ASTER-USD · sqzExp ▼ 65 · 1h
12:12 KSA · PRE     · signal     · APT-USD · sqzExp ▼ 60 · 1h
12:14 KSA · PRE     · scanner    · بدء المسح · 1153 رمزاً · الجلسة PRE
12:14 KSA · PRE     · signal     · NVDA · brk ▲ 100 · 15m · جلسة ممتدة
12:14 KSA · PRE     · signal     · GOOGL · brk ▲ 69 · 15m · جلسة ممتدة
12:14 KSA · PRE     · signal     · GOOG · brk ▲ 69 · 15m · جلسة ممتدة
12:14 KSA · PRE     · signal     · AMD · orb ▲ 76 · 15m · جلسة ممتدة
12:14 KSA · PRE     · signal     · INTC · brk ▲ 100 · 15m · جلسة ممتدة
12:14 KSA · PRE     · signal     · ABBV · brk ▼ 100 · 15m · جلسة ممتدة
12:14 KSA · PRE     · signal     · ORCL · brk ▲ 100 · 15m · جلسة ممتدة
12:14 KSA · PRE     · signal     · CAT · orb ▲ 76 · 15m · جلسة ممتدة
12:14 KSA · PRE     · signal     · CAT · vwapRec ▲ 71 · 15m · جلسة ممتدة
12:14 KSA · PRE     · signal     · LRCX · vwapRec ▲ 65 · 15m · جلسة ممتدة
12:14 KSA · PRE     · signal     · LRCX · brk ▲ 69 · 15m · جلسة ممتدة
12:14 KSA · PRE     · signal     · GE · vwapRec ▲ 82 · 15m · جلسة ممتدة
12:14 KSA · PRE     · signal     · GS · vwapRec ▲ 91 · 15m · جلسة ممتدة
12:14 KSA · PRE     · signal     · RTX · brk ▲ 100 · 15m · جلسة ممتدة
12:14 KSA · PRE     · signal     · ANET · brk ▲ 100 · 15m · جلسة ممتدة
12:14 KSA · PRE     · signal     · MRVL · brk ▲ 100 · 15m · جلسة ممتدة
12:14 KSA · PRE     · signal     · APH · vwapRec ▲ 65 · 15m · جلسة ممتدة
12:14 KSA · PRE     · signal     · APH · brk ▲ 100 · 15m · جلسة ممتدة
12:14 KSA · PRE     · signal     · ETN · vwapRec ▲ 71 · 15m · جلسة ممتدة
12:14 KSA · PRE     · signal     · ETN · brk ▲ 100 · 15m · جلسة ممتدة
12:14 KSA · PRE     · signal     · NOW · vwapRec ▲ 79 · 15m · جلسة ممتدة
12:14 KSA · PRE     · signal     · FTNT · orb ▲ 100 · 15m · جلسة ممتدة
12:14 KSA · PRE     · signal     · GLW · orb ▲ 88 · 15m · جلسة ممتدة
12:14 KSA · PRE     · signal     · GLW · brk ▲ 100 · 15m · جلسة ممتدة
12:14 KSA · PRE     · signal     · FCX · vwapRec ▲ 65 · 15m · جلسة ممتدة
12:14 KSA · PRE     · signal     · FCX · brk ▲ 100 · 15m · جلسة ممتدة
12:14 KSA · PRE     · signal     · CDNS · brk ▲ 81 · 15m · جلسة ممتدة
12:14 KSA · PRE     · signal     · AON · orb ▲ 57 · 15m · جلسة ممتدة
12:14 KSA · PRE     · signal     · MRNA · brk ▲ 100 · 15m · جلسة ممتدة
12:14 KSA · PRE     · signal     · COHR · brk ▲ 100 · 15m · جلسة ممتدة
12:14 KSA · PRE     · signal     · FIX · brk ▲ 100 · 15m · جلسة ممتدة
12:14 KSA · PRE     · signal     · TER · vwapRec ▲ 59 · 15m · جلسة ممتدة
12:14 KSA · PRE     · signal     · TER · meanRev ▼ 100 · 15m · جلسة ممتدة
12:14 KSA · PRE     · signal     · VST · orb ▲ 100 · 15m · جلسة ممتدة
12:14 KSA · PRE     · signal     · VST · brk ▲ 100 · 15m · جلسة ممتدة
12:14 KSA · PRE     · signal     · MCHP · vwapRec ▲ 63 · 15m · جلسة ممتدة
12:14 KSA · PRE     · signal     · UNI-USD · orb ▲ 73 · 15m
12:14 KSA · PRE     · signal     · SUI-USD · orb ▲ 73 · 15m
12:14 KSA · PRE     · signal     · U-USD · orb ▲ 65 · 15m
12:14 KSA · PRE     · signal     · TAO-USD · orb ▲ 65 · 15m
12:14 KSA · PRE     · signal     · TAO-USD · brk ▲ 61 · 15m
12:14 KSA · PRE     · signal     · TRUMP-USD · orb ▲ 80 · 15m
12:14 KSA · PRE     · signal     · SENT-USD · orb ▲ 70 · 15m
12:14 KSA · PRE     · signal     · PENGU-USD · orb ▲ 60 · 15m
12:14 KSA · PRE     · signal     · APT-USD · orb ▲ 80 · 15m
12:14 KSA · PRE     · signal     · APT-USD · brk ▲ 59 · 15m
12:16 KSA · PRE     · scanner    · بدء المسح · 1153 رمزاً · الجلسة PRE
12:16 KSA · PRE     · signal     · ARB-USD · vwapRec ▼ 100 · 15m
12:18 KSA · PRE     · scanner    · بدء المسح · 1153 رمزاً · الجلسة PRE
12:18 KSA · PRE     · signal     · BTC-USD · brk ▲ 69 · 15m
12:18 KSA · PRE     · signal     · AMGN · vwapRec ▼ 94 · 15m · جلسة ممتدة
12:18 KSA · PRE     · signal     · TAO-USD · meanRev ▼ 100 · 15m
12:18 KSA · PRE     · signal     · WLFI-USD · orb ▲ 82 · 15m
12:20 KSA · PRE     · scanner    · بدء المسح · 1153 رمزاً · الجلسة PRE
12:20 KSA · PRE     · signal     · VLO · orb ▲ 79 · 15m · جلسة ممتدة
12:20 KSA · PRE     · signal     · VLO · sqzExp ▲ 100 · 1h · جلسة ممتدة
12:23 KSA · PRE     · scanner    · بدء المسح · 1153 رمزاً · الجلسة PRE
12:23 KSA · PRE     · signal     · GOOGL · orb ▼ 71 · 15m · جلسة ممتدة
12:23 KSA · PRE     · signal     · META · orb ▼ 59 · 15m · جلسة ممتدة
12:23 KSA · PRE     · signal     · AVGO · vwapRec ▼ 59 · 15m · جلسة ممتدة
12:23 KSA · PRE     · signal     · LLY · orb ▼ 88 · 15m · جلسة ممتدة
12:23 KSA · PRE     · signal     · ORCL · vwapRec ▼ 59 · 15m · جلسة ممتدة
12:23 KSA · PRE     · signal     · PANW · vwapRec ▲ 91 · 15m · جلسة ممتدة
12:23 KSA · PRE     · signal     · KLAC · orb ▼ 100 · 15m · جلسة ممتدة
12:23 KSA · PRE     · signal     · KLAC · vwapRec ▼ 59 · 15m · جلسة ممتدة
12:23 KSA · PRE     · signal     · CRM · orb ▼ 82 · 15m · جلسة ممتدة
12:23 KSA · PRE     · signal     · APH · orb ▼ 60 · 15m · جلسة ممتدة
12:23 KSA · PRE     · signal     · BKNG · orb ▼ 100 · 15m · جلسة ممتدة
12:23 KSA · PRE     · signal     · GLW · vwapRec ▼ 55 · 15m · جلسة ممتدة
12:23 KSA · PRE     · signal     · ACN · orb ▼ 77 · 15m · جلسة ممتدة
12:23 KSA · PRE     · signal     · ADP · orb ▲ 62 · 15m · جلسة ممتدة
12:23 KSA · PRE     · signal     · VRT · vwapRec ▼ 59 · 15m · جلسة ممتدة
12:23 KSA · PRE     · signal     · CEG · vwapRec ▼ 59 · 15m · جلسة ممتدة
12:23 KSA · PRE     · signal     · SHW · orb ▼ 77 · 15m · جلسة ممتدة
12:23 KSA · PRE     · signal     · CDNS · vwapRec ▼ 65 · 15m · جلسة ممتدة
12:23 KSA · PRE     · signal     · SNPS · orb ▼ 100 · 15m · جلسة ممتدة
12:23 KSA · PRE     · signal     · SOL-USD · tfAlign ▲ 79 · 1d
12:23 KSA · PRE     · signal     · FIX · orb ▼ 62 · 15m · جلسة ممتدة
12:23 KSA · PRE     · signal     · COIN · vwapRec ▼ 59 · 15m · جلسة ممتدة
12:23 KSA · PRE     · signal     · TRX-USD · rsiDiv ▲ 56 · 15m
12:23 KSA · PRE     · signal     · BCH-USD · momo ▲ 78 · 1h
12:23 KSA · PRE     · signal     · CAKE-USD · momo ▲ 89 · 1h
12:23 KSA · PRE     · signal     · T-USD · orb ▼ 75 · 15m
12:23 KSA · PRE     · signal     · UNI-USD · brk ▼ 73 · 15m
12:23 KSA · PRE     · signal     · UNI-USD · sqzExp ▼ 65 · 1h
12:23 KSA · PRE     · signal     · SUI-USD · brk ▼ 61 · 15m
12:23 KSA · PRE     · signal     · SUI-USD · sqzExp ▼ 68 · 1h
12:23 KSA · PRE     · signal     · PEPE-USD · brk ▲ 68 · 15m
12:23 KSA · PRE     · signal     · PEPE-USD · sqzExp ▲ 63 · 1h
12:23 KSA · PRE     · signal     · TAO-USD · sqzExp ▼ 68 · 1h
12:23 KSA · PRE     · signal     · THE-USD · orb ▼ 68 · 15m
12:23 KSA · PRE     · signal     · THE-USD · brk ▼ 64 · 15m
12:23 KSA · PRE     · signal     · THE-USD · sqzExp ▼ 88 · 1h
12:23 KSA · PRE     · signal     · TRUMP-USD · brk ▼ 61 · 15m
12:23 KSA · PRE     · signal     · TRUMP-USD · sqzExp ▼ 60 · 1h
12:23 KSA · PRE     · signal     · EUR-USD · brk ▼ 64 · 15m
12:23 KSA · PRE     · signal     · HOLO-USD · volSpike ▼ 78 · 15m
12:23 KSA · PRE     · signal     · BANK-USD · brk ▼ 68 · 15m
12:23 KSA · PRE     · signal     · TON-USD · brk ▼ 61 · 15m
12:23 KSA · PRE     · signal     · SENT-USD · brk ▼ 59 · 15m
12:23 KSA · PRE     · signal     · SENT-USD · sqzExp ▼ 85 · 1h
12:23 KSA · PRE     · signal     · PENGU-USD · brk ▼ 70 · 15m
12:23 KSA · PRE     · signal     · PENGU-USD · sqzExp ▼ 68 · 1h
12:23 KSA · PRE     · signal     · WLFI-USD · sqzExp ▼ 73 · 1h
12:23 KSA · PRE     · signal     · ASTER-USD · orb ▼ 57 · 15m
12:23 KSA · PRE     · signal     · ASTER-USD · sqzExp ▼ 65 · 1h
12:23 KSA · PRE     · signal     · APT-USD · sqzExp ▼ 60 · 1h
12:25 KSA · PRE     · scanner    · بدء المسح · 1153 رمزاً · الجلسة PRE
12:25 KSA · PRE     · signal     · NVDA · brk ▲ 100 · 15m · جلسة ممتدة
12:25 KSA · PRE     · signal     · LLY · vwapRec ▲ 88 · 15m · جلسة ممتدة
12:25 KSA · PRE     · signal     · AMD · orb ▲ 65 · 15m · جلسة ممتدة
12:25 KSA · PRE     · signal     · INTC · brk ▲ 100 · 15m · جلسة ممتدة
12:25 KSA · PRE     · signal     · ORCL · brk ▲ 100 · 15m · جلسة ممتدة
12:25 KSA · PRE     · signal     · CAT · orb ▲ 83 · 15m · جلسة ممتدة
12:25 KSA · PRE     · signal     · CAT · vwapRec ▲ 68 · 15m · جلسة ممتدة
12:25 KSA · PRE     · signal     · LRCX · brk ▲ 69 · 15m · جلسة ممتدة
12:25 KSA · PRE     · signal     · GE · vwapRec ▲ 70 · 15m · جلسة ممتدة
12:25 KSA · PRE     · signal     · GS · vwapRec ▲ 78 · 15m · جلسة ممتدة
12:25 KSA · PRE     · signal     · RTX · brk ▲ 100 · 15m · جلسة ممتدة
12:25 KSA · PRE     · signal     · ANET · brk ▲ 100 · 15m · جلسة ممتدة
12:25 KSA · PRE     · signal     · MRVL · brk ▲ 100 · 15m · جلسة ممتدة
12:25 KSA · PRE     · signal     · APH · brk ▲ 100 · 15m · جلسة ممتدة
12:25 KSA · PRE     · signal     · ETN · brk ▲ 100 · 15m · جلسة ممتدة
12:25 KSA · PRE     · signal     · FTNT · orb ▲ 100 · 15m · جلسة ممتدة
12:25 KSA · PRE     · signal     · GLW · orb ▲ 80 · 15m · جلسة ممتدة
12:25 KSA · PRE     · signal     · GLW · brk ▲ 100 · 15m · جلسة ممتدة
12:25 KSA · PRE     · signal     · FCX · brk ▲ 100 · 15m · جلسة ممتدة
12:25 KSA · PRE     · signal     · CDNS · brk ▲ 81 · 15m · جلسة ممتدة
12:25 KSA · PRE     · signal     · HPE · vwapRec ▲ 60 · 15m · جلسة ممتدة
12:25 KSA · PRE     · signal     · AON · orb ▲ 57 · 15m · جلسة ممتدة
12:25 KSA · PRE     · signal     · MRNA · vwapRec ▲ 59 · 15m · جلسة ممتدة
12:25 KSA · PRE     · signal     · MRNA · brk ▲ 100 · 15m · جلسة ممتدة
12:25 KSA · PRE     · signal     · COHR · brk ▲ 100 · 15m · جلسة ممتدة
12:25 KSA · PRE     · signal     · FIX · brk ▲ 100 · 15m · جلسة ممتدة
12:25 KSA · PRE     · signal     · VST · orb ▲ 78 · 15m · جلسة ممتدة
12:25 KSA · PRE     · signal     · VST · brk ▲ 100 · 15m · جلسة ممتدة
12:25 KSA · PRE     · signal     · MCHP · vwapRec ▲ 82 · 15m · جلسة ممتدة
12:25 KSA · PRE     · signal     · UNI-USD · orb ▲ 73 · 15m
12:25 KSA · PRE     · signal     · SUI-USD · orb ▲ 73 · 15m
12:25 KSA · PRE     · signal     · U-USD · orb ▲ 80 · 15m
12:25 KSA · PRE     · signal     · TAO-USD · orb ▲ 88 · 15m
12:25 KSA · PRE     · signal     · SENT-USD · orb ▲ 70 · 15m
12:25 KSA · PRE     · signal     · PENGU-USD · orb ▲ 68 · 15m
12:25 KSA · PRE     · signal     · APT-USD · orb ▲ 73 · 15m
12:26 KSA · PRE     · scanner    · بدء المسح · 1153 رمزاً · الجلسة PRE
12:26 KSA · PRE     · signal     · MSFT · vwapRec ▲ 76 · 15m · جلسة ممتدة
12:26 KSA · PRE     · signal     · PLTR · vwapRec ▼ 57 · 15m · جلسة ممتدة
12:26 KSA · PRE     · signal     · ETN · vwapRec ▼ 68 · 15m · جلسة ممتدة
12:28 KSA · PRE     · scanner    · بدء المسح · 1153 رمزاً · الجلسة PRE
12:28 KSA · PRE     · signal     · CAT · brk ▲ 100 · 15m · جلسة ممتدة
12:28 KSA · PRE     · signal     · FTNT · vwapRec ▼ 62 · 15m · جلسة ممتدة
12:28 KSA · PRE     · signal     · HWM · brk ▲ 100 · 15m · جلسة ممتدة
12:28 KSA · PRE     · signal     · PENDLE-USD · orb ▼ 64 · 15m
12:28 KSA · PRE     · signal     · ARB-USD · orb ▼ 64 · 15m
12:30 KSA · PRE     · scanner    · بدء المسح · 1153 رمزاً · الجلسة PRE
12:30 KSA · PRE     · signal     · ADI · brk ▲ 69 · 15m · جلسة ممتدة
12:30 KSA · PRE     · signal     · PWR · brk ▲ 100 · 15m · جلسة ممتدة
12:30 KSA · PRE     · signal     · WLFI-USD · orb ▲ 82 · 15m
12:32 KSA · PRE     · scanner    · بدء المسح · 1153 رمزاً · الجلسة PRE
12:32 KSA · PRE     · signal     · GOOGL · orb ▼ 71 · 15m · جلسة ممتدة
12:32 KSA · PRE     · signal     · AVGO · vwapRec ▼ 59 · 15m · جلسة ممتدة
12:32 KSA · PRE     · signal     · LLY · orb ▼ 82 · 15m · جلسة ممتدة
12:32 KSA · PRE     · signal     · PANW · vwapRec ▲ 90 · 15m · جلسة ممتدة
12:32 KSA · PRE     · signal     · CRWD · vwapRec ▲ 74 · 15m · جلسة ممتدة
12:32 KSA · PRE     · signal     · KLAC · orb ▼ 85 · 15m · جلسة ممتدة
12:32 KSA · PRE     · signal     · CRM · orb ▼ 82 · 15m · جلسة ممتدة
12:32 KSA · PRE     · signal     · APH · orb ▼ 60 · 15m · جلسة ممتدة
12:32 KSA · PRE     · signal     · BKNG · orb ▼ 100 · 15m · جلسة ممتدة
12:32 KSA · PRE     · signal     · ACN · orb ▼ 77 · 15m · جلسة ممتدة
12:32 KSA · PRE     · signal     · VRT · vwapRec ▼ 65 · 15m · جلسة ممتدة
12:32 KSA · PRE     · signal     · SHW · orb ▼ 77 · 15m · جلسة ممتدة
12:32 KSA · PRE     · signal     · CDNS · vwapRec ▼ 65 · 15m · جلسة ممتدة
12:32 KSA · PRE     · signal     · CMI · orb ▼ 69 · 15m · جلسة ممتدة
12:32 KSA · PRE     · signal     · SNPS · orb ▼ 85 · 15m · جلسة ممتدة
12:32 KSA · PRE     · signal     · FIX · orb ▼ 62 · 15m · جلسة ممتدة
12:32 KSA · PRE     · signal     · VST · vwapRec ▼ 65 · 15m · جلسة ممتدة
12:32 KSA · PRE     · signal     · COIN · vwapRec ▼ 59 · 15m · جلسة ممتدة
12:32 KSA · PRE     · signal     · HBAR-USD · volSpike ▼ 100 · 15m
12:32 KSA · PRE     · signal     · CVC-USD · volSpike ▼ 94 · 15m
12:32 KSA · PRE     · signal     · UNI-USD · brk ▼ 64 · 15m
12:32 KSA · PRE     · signal     · UNI-USD · sqzExp ▼ 65 · 1h
12:32 KSA · PRE     · signal     · SUI-USD · brk ▼ 61 · 15m
12:32 KSA · PRE     · signal     · SUI-USD · sqzExp ▼ 68 · 1h
12:32 KSA · PRE     · signal     · PEPE-USD · brk ▲ 80 · 15m
12:32 KSA · PRE     · signal     · PEPE-USD · sqzExp ▲ 63 · 1h
12:32 KSA · PRE     · signal     · TAO-USD · brk ▼ 80 · 15m
12:32 KSA · PRE     · signal     · TAO-USD · sqzExp ▼ 68 · 1h
12:32 KSA · PRE     · signal     · THE-USD · orb ▼ 55 · 15m
12:32 KSA · PRE     · signal     · THE-USD · sqzExp ▼ 88 · 1h
12:32 KSA · PRE     · signal     · TRUMP-USD · orb ▼ 80 · 15m
12:32 KSA · PRE     · signal     · TRUMP-USD · brk ▼ 80 · 15m
12:32 KSA · PRE     · signal     · TRUMP-USD · sqzExp ▼ 60 · 1h
12:32 KSA · PRE     · signal     · EUR-USD · brk ▼ 64 · 15m
12:32 KSA · PRE     · signal     · ARB-USD · brk ▼ 55 · 15m
12:32 KSA · PRE     · signal     · BANK-USD · brk ▼ 68 · 15m
12:32 KSA · PRE     · signal     · TON-USD · brk ▼ 61 · 15m
12:32 KSA · PRE     · signal     · SENT-USD · sqzExp ▼ 85 · 1h
12:32 KSA · PRE     · signal     · PENGU-USD · brk ▼ 61 · 15m
12:32 KSA · PRE     · signal     · PENGU-USD · sqzExp ▼ 68 · 1h
12:32 KSA · PRE     · signal     · WLFI-USD · sqzExp ▼ 73 · 1h
12:32 KSA · PRE     · signal     · ASTER-USD · orb ▼ 57 · 15m
12:32 KSA · PRE     · signal     · ASTER-USD · brk ▼ 64 · 15m
12:32 KSA · PRE     · signal     · ASTER-USD · sqzExp ▼ 65 · 1h
12:32 KSA · PRE     · signal     · APT-USD · brk ▼ 57 · 15m
12:32 KSA · PRE     · signal     · APT-USD · sqzExp ▼ 60 · 1h
12:34 KSA · PRE     · scanner    · بدء المسح · 1153 رمزاً · الجلسة PRE
12:34 KSA · PRE     · signal     · NVDA · brk ▲ 100 · 15m · جلسة ممتدة
12:34 KSA · PRE     · signal     · LLY · vwapRec ▲ 68 · 15m · جلسة ممتدة
12:34 KSA · PRE     · signal     · AMD · orb ▲ 76 · 15m · جلسة ممتدة
12:34 KSA · PRE     · signal     · INTC · brk ▲ 100 · 15m · جلسة ممتدة
12:34 KSA · PRE     · signal     · ORCL · brk ▲ 100 · 15m · جلسة ممتدة
12:34 KSA · PRE     · signal     · CAT · orb ▲ 73 · 15m · جلسة ممتدة
12:34 KSA · PRE     · signal     · CAT · vwapRec ▲ 75 · 15m · جلسة ممتدة
12:34 KSA · PRE     · signal     · LRCX · brk ▲ 100 · 15m · جلسة ممتدة
12:34 KSA · PRE     · signal     · GE · vwapRec ▲ 70 · 15m · جلسة ممتدة
12:34 KSA · PRE     · signal     · HD · vwapRec ▲ 78 · 15m · جلسة ممتدة
12:34 KSA · PRE     · signal     · RTX · brk ▲ 100 · 15m · جلسة ممتدة
12:34 KSA · PRE     · signal     · ANET · brk ▲ 100 · 15m · جلسة ممتدة
12:34 KSA · PRE     · signal     · ANET · meanRev ▼ 100 · 15m · جلسة ممتدة
12:34 KSA · PRE     · signal     · KLAC · vwapRec ▲ 60 · 15m · جلسة ممتدة
12:34 KSA · PRE     · signal     · MRVL · brk ▲ 100 · 15m · جلسة ممتدة
12:34 KSA · PRE     · signal     · APH · brk ▲ 100 · 15m · جلسة ممتدة
12:34 KSA · PRE     · signal     · ADI · brk ▲ 69 · 15m · جلسة ممتدة
12:34 KSA · PRE     · signal     · NEE · vwapRec ▲ 63 · 15m · جلسة ممتدة
12:34 KSA · PRE     · signal     · ETN · brk ▲ 100 · 15m · جلسة ممتدة
12:34 KSA · PRE     · signal     · GLW · brk ▲ 69 · 15m · جلسة ممتدة
12:34 KSA · PRE     · signal     · FCX · vwapRec ▲ 55 · 15m · جلسة ممتدة
12:34 KSA · PRE     · signal     · FCX · brk ▲ 100 · 15m · جلسة ممتدة
12:34 KSA · PRE     · signal     · PWR · brk ▲ 100 · 15m · جلسة ممتدة
12:34 KSA · PRE     · signal     · HWM · brk ▲ 100 · 15m · جلسة ممتدة
12:34 KSA · PRE     · signal     · CDNS · brk ▲ 81 · 15m · جلسة ممتدة
12:34 KSA · PRE     · signal     · AON · orb ▲ 57 · 15m · جلسة ممتدة
12:34 KSA · PRE     · signal     · MRNA · vwapRec ▲ 59 · 15m · جلسة ممتدة
12:34 KSA · PRE     · signal     · MRNA · brk ▲ 100 · 15m · جلسة ممتدة
12:34 KSA · PRE     · signal     · COHR · brk ▲ 100 · 15m · جلسة ممتدة
12:34 KSA · PRE     · signal     · FIX · brk ▲ 100 · 15m · جلسة ممتدة
12:34 KSA · PRE     · signal     · MCHP · vwapRec ▲ 82 · 15m · جلسة ممتدة
12:34 KSA · PRE     · signal     · UNI-USD · orb ▲ 73 · 15m
12:34 KSA · PRE     · signal     · SUI-USD · orb ▲ 73 · 15m
12:34 KSA · PRE     · signal     · U-USD · orb ▲ 65 · 15m
12:34 KSA · PRE     · signal     · TAO-USD · orb ▲ 88 · 15m
12:34 KSA · PRE     · signal     · SENT-USD · orb ▲ 63 · 15m
12:34 KSA · PRE     · signal     · PENGU-USD · orb ▲ 60 · 15m
12:34 KSA · PRE     · signal     · WLFI-USD · orb ▲ 73 · 15m
12:34 KSA · PRE     · signal     · APT-USD · orb ▲ 73 · 15m
12:37 KSA · PRE     · scanner    · بدء المسح · 1153 رمزاً · الجلسة PRE
12:37 KSA · PRE     · signal     · GOOG · brk ▲ 69 · 15m · جلسة ممتدة
12:37 KSA · PRE     · signal     · INTC · meanRev ▼ 100 · 15m · جلسة ممتدة
12:37 KSA · PRE     · signal     · CAT · brk ▲ 69 · 15m · جلسة ممتدة
12:37 KSA · PRE     · signal     · LIN · orb ▼ 100 · 15m · جلسة ممتدة
12:37 KSA · PRE     · signal     · AMGN · orb ▲ 100 · 15m · جلسة ممتدة
12:37 KSA · PRE     · signal     · AMGN · brk ▲ 100 · 15m · جلسة ممتدة
12:37 KSA · PRE     · signal     · AMGN · sqzExp ▲ 100 · 1h · جلسة ممتدة
12:37 KSA · PRE     · signal     · INJ-USD · brk ▲ 100 · 15m
12:37 KSA · PRE     · signal     · INJ-USD · meanRev ▼ 100 · 15m
12:37 KSA · PRE     · signal     · THE-USD · vwapRec ▼ 100 · 15m
12:40 KSA · PRE     · scanner    · بدء المسح · 1153 رمزاً · الجلسة PRE
12:40 KSA · PRE     · signal     · KLAC · orb ▲ 100 · 15m · جلسة ممتدة
12:40 KSA · PRE     · signal     · ABT · vwapRec ▲ 57 · 15m · جلسة ممتدة
12:42 KSA · PRE     · scanner    · بدء المسح · 1153 رمزاً · الجلسة PRE
12:42 KSA · PRE     · signal     · GOOGL · orb ▼ 79 · 15m · جلسة ممتدة
12:42 KSA · PRE     · signal     · AVGO · vwapRec ▼ 59 · 15m · جلسة ممتدة
12:42 KSA · PRE     · signal     · LLY · orb ▼ 82 · 15m · جلسة ممتدة
12:42 KSA · PRE     · signal     · ORCL · vwapRec ▼ 59 · 15m · جلسة ممتدة
12:42 KSA · PRE     · signal     · MS · orb ▼ 88 · 15m · جلسة ممتدة
12:42 KSA · PRE     · signal     · MS · vwapRec ▼ 56 · 15m · جلسة ممتدة
12:42 KSA · PRE     · signal     · PANW · vwapRec ▲ 79 · 15m · جلسة ممتدة
12:42 KSA · PRE     · signal     · CRWD · vwapRec ▲ 74 · 15m · جلسة ممتدة
12:42 KSA · PRE     · signal     · CRM · orb ▼ 82 · 15m · جلسة ممتدة
12:42 KSA · PRE     · signal     · AMGN · vwapRec ▼ 68 · 15m · جلسة ممتدة
12:42 KSA · PRE     · signal     · APH · orb ▼ 71 · 15m · جلسة ممتدة
12:42 KSA · PRE     · signal     · GLW · orb ▼ 68 · 15m · جلسة ممتدة
12:42 KSA · PRE     · signal     · ACN · orb ▼ 77 · 15m · جلسة ممتدة
12:42 KSA · PRE     · signal     · VRT · vwapRec ▼ 65 · 15m · جلسة ممتدة
12:42 KSA · PRE     · signal     · CEG · vwapRec ▼ 59 · 15m · جلسة ممتدة
12:42 KSA · PRE     · signal     · SHW · orb ▼ 77 · 15m · جلسة ممتدة
12:42 KSA · PRE     · signal     · CDNS · vwapRec ▼ 65 · 15m · جلسة ممتدة
12:42 KSA · PRE     · signal     · CMI · orb ▼ 81 · 15m · جلسة ممتدة
12:42 KSA · PRE     · signal     · SNPS · orb ▼ 100 · 15m · جلسة ممتدة
12:42 KSA · PRE     · signal     · FIX · orb ▼ 62 · 15m · جلسة ممتدة
12:42 KSA · PRE     · signal     · NKE · orb ▼ 82 · 15m · جلسة ممتدة
12:42 KSA · PRE     · signal     · VST · orb ▼ 78 · 15m · جلسة ممتدة
12:42 KSA · PRE     · signal     · VST · vwapRec ▼ 65 · 15m · جلسة ممتدة
12:42 KSA · PRE     · signal     · COIN · vwapRec ▼ 59 · 15m · جلسة ممتدة
12:42 KSA · PRE     · signal     · UNI-USD · brk ▼ 64 · 15m
12:42 KSA · PRE     · signal     · UNI-USD · sqzExp ▼ 65 · 1h
12:42 KSA · PRE     · signal     · SUI-USD · brk ▼ 61 · 15m
12:42 KSA · PRE     · signal     · SUI-USD · sqzExp ▼ 68 · 1h
12:42 KSA · PRE     · signal     · PEPE-USD · brk ▲ 80 · 15m
12:42 KSA · PRE     · signal     · PEPE-USD · sqzExp ▲ 63 · 1h
12:42 KSA · PRE     · signal     · TAO-USD · brk ▼ 80 · 15m
12:42 KSA · PRE     · signal     · TAO-USD · sqzExp ▼ 68 · 1h
12:42 KSA · PRE     · signal     · THE-USD · orb ▼ 55 · 15m
12:42 KSA · PRE     · signal     · THE-USD · sqzExp ▼ 88 · 1h
12:42 KSA · PRE     · signal     · TRUMP-USD · orb ▼ 80 · 15m
12:42 KSA · PRE     · signal     · TRUMP-USD · brk ▼ 80 · 15m
12:42 KSA · PRE     · signal     · TRUMP-USD · sqzExp ▼ 60 · 1h
12:42 KSA · PRE     · signal     · EUR-USD · brk ▼ 64 · 15m
12:42 KSA · PRE     · signal     · ARB-USD · brk ▼ 55 · 15m
12:42 KSA · PRE     · signal     · BANK-USD · orb ▼ 70 · 15m
12:42 KSA · PRE     · signal     · BANK-USD · brk ▼ 68 · 15m
12:42 KSA · PRE     · signal     · TON-USD · brk ▼ 61 · 15m
12:42 KSA · PRE     · signal     · SENT-USD · sqzExp ▼ 85 · 1h
12:42 KSA · PRE     · signal     · PENGU-USD · brk ▼ 61 · 15m
12:42 KSA · PRE     · signal     · PENGU-USD · sqzExp ▼ 68 · 1h
12:42 KSA · PRE     · signal     · WLFI-USD · sqzExp ▼ 73 · 1h
12:42 KSA · PRE     · signal     · ASTER-USD · orb ▼ 57 · 15m
12:42 KSA · PRE     · signal     · ASTER-USD · brk ▼ 64 · 15m
12:42 KSA · PRE     · signal     · ASTER-USD · sqzExp ▼ 65 · 1h
12:42 KSA · PRE     · signal     · ASTER-USD · tfAlign ▲ 95 · 1d
12:42 KSA · PRE     · signal     · APT-USD · brk ▼ 57 · 15m
12:42 KSA · PRE     · signal     · APT-USD · sqzExp ▼ 60 · 1h
12:44 KSA · PRE     · scanner    · بدء المسح · 1153 رمزاً · الجلسة PRE
12:44 KSA · PRE     · signal     · NVDA · brk ▲ 100 · 15m · جلسة ممتدة
12:44 KSA · PRE     · signal     · GOOGL · brk ▲ 69 · 15m · جلسة ممتدة
12:44 KSA · PRE     · signal     · GOOG · brk ▲ 69 · 15m · جلسة ممتدة
12:44 KSA · PRE     · signal     · MSFT · vwapRec ▲ 68 · 15m · جلسة ممتدة
12:44 KSA · PRE     · signal     · LLY · vwapRec ▲ 88 · 15m · جلسة ممتدة
12:44 KSA · PRE     · signal     · AMD · orb ▲ 65 · 15m · جلسة ممتدة
12:44 KSA · PRE     · signal     · INTC · brk ▲ 100 · 15m · جلسة ممتدة
12:44 KSA · PRE     · signal     · ORCL · brk ▲ 69 · 15m · جلسة ممتدة
12:44 KSA · PRE     · signal     · CAT · orb ▲ 88 · 15m · جلسة ممتدة
12:44 KSA · PRE     · signal     · CAT · vwapRec ▲ 71 · 15m · جلسة ممتدة
12:44 KSA · PRE     · signal     · CAT · brk ▲ 69 · 15m · جلسة ممتدة
12:44 KSA · PRE     · signal     · GE · vwapRec ▲ 78 · 15m · جلسة ممتدة
12:44 KSA · PRE     · signal     · HD · vwapRec ▲ 70 · 15m · جلسة ممتدة
12:44 KSA · PRE     · signal     · RTX · brk ▲ 100 · 15m · جلسة ممتدة
12:44 KSA · PRE     · signal     · RTX · meanRev ▼ 100 · 15m · جلسة ممتدة
12:44 KSA · PRE     · signal     · ANET · brk ▲ 100 · 15m · جلسة ممتدة
12:44 KSA · PRE     · signal     · KLAC · orb ▲ 100 · 15m · جلسة ممتدة
12:44 KSA · PRE     · signal     · MRVL · brk ▲ 100 · 15m · جلسة ممتدة
12:44 KSA · PRE     · signal     · AMGN · orb ▲ 100 · 15m · جلسة ممتدة
12:44 KSA · PRE     · signal     · AMGN · brk ▲ 100 · 15m · جلسة ممتدة
12:44 KSA · PRE     · signal     · AMGN · sqzExp ▲ 100 · 1h · جلسة ممتدة
12:44 KSA · PRE     · signal     · APH · vwapRec ▲ 59 · 15m · جلسة ممتدة
12:44 KSA · PRE     · signal     · APH · brk ▲ 100 · 15m · جلسة ممتدة
12:44 KSA · PRE     · signal     · NEE · vwapRec ▲ 74 · 15m · جلسة ممتدة
12:44 KSA · PRE     · signal     · ETN · vwapRec ▲ 59 · 15m · جلسة ممتدة
12:44 KSA · PRE     · signal     · ETN · brk ▲ 100 · 15m · جلسة ممتدة
12:44 KSA · PRE     · signal     · GLW · brk ▲ 69 · 15m · جلسة ممتدة
12:44 KSA · PRE     · signal     · FCX · vwapRec ▲ 55 · 15m · جلسة ممتدة
12:44 KSA · PRE     · signal     · FCX · brk ▲ 100 · 15m · جلسة ممتدة
12:44 KSA · PRE     · signal     · PWR · brk ▲ 100 · 15m · جلسة ممتدة
12:44 KSA · PRE     · signal     · HWM · brk ▲ 100 · 15m · جلسة ممتدة
12:44 KSA · PRE     · signal     · CDNS · brk ▲ 100 · 15m · جلسة ممتدة
12:44 KSA · PRE     · signal     · HPE · vwapRec ▲ 60 · 15m · جلسة ممتدة
12:44 KSA · PRE     · signal     · AON · orb ▲ 57 · 15m · جلسة ممتدة
12:44 KSA · PRE     · signal     · MRNA · vwapRec ▲ 59 · 15m · جلسة ممتدة
12:44 KSA · PRE     · signal     · MRNA · brk ▲ 100 · 15m · جلسة ممتدة
12:44 KSA · PRE     · signal     · COHR · brk ▲ 100 · 15m · جلسة ممتدة
12:44 KSA · PRE     · signal     · MCHP · vwapRec ▲ 82 · 15m · جلسة ممتدة
12:44 KSA · PRE     · signal     · CAKE-USD · meanRev ▼ 100 · 15m
12:44 KSA · PRE     · signal     · UNI-USD · orb ▲ 73 · 15m
12:44 KSA · PRE     · signal     · SUI-USD · orb ▲ 80 · 15m
12:44 KSA · PRE     · signal     · TAO-USD · orb ▲ 88 · 15m
12:44 KSA · PRE     · signal     · SENT-USD · orb ▲ 63 · 15m
12:44 KSA · PRE     · signal     · PENGU-USD · orb ▲ 60 · 15m
12:44 KSA · PRE     · signal     · APT-USD · orb ▲ 73 · 15m
12:44 KSA · PRE     · signal     · LEN · brk ▼ 69 · 1d · جلسة ممتدة
12:46 KSA · PRE     · scanner    · بدء المسح · 1153 رمزاً · الجلسة PRE
12:46 KSA · PRE     · signal     · LRCX · brk ▲ 69 · 15m · جلسة ممتدة
12:46 KSA · PRE     · signal     · U-USD · orb ▲ 100 · 15m
12:46 KSA · PRE     · signal     · WLFI-USD · orb ▲ 82 · 15m
12:48 KSA · PRE     · scanner    · بدء المسح · 1153 رمزاً · الجلسة PRE
12:48 KSA · PRE     · signal     · VST · orb ▲ 100 · 15m · جلسة ممتدة
12:48 KSA · PRE     · signal     · VST · brk ▲ 100 · 15m · جلسة ممتدة
12:48 KSA · PRE     · signal     · TRUMP-USD · vwapRec ▼ 100 · 15m
12:50 KSA · PRE     · scanner    · بدء المسح · 1153 رمزاً · الجلسة PRE
12:50 KSA · PRE     · signal     · PSX · orb ▲ 79 · 15m · جلسة ممتدة
12:50 KSA · PRE     · signal     · PSX · brk ▲ 100 · 15m · جلسة ممتدة
12:50 KSA · PRE     · signal     · 牛来-USD · vwapRec ▼ 100 · 15m
12:52 KSA · PRE     · scanner    · بدء المسح · 1153 رمزاً · الجلسة PRE
12:52 KSA · PRE     · signal     · GOOGL · orb ▼ 71 · 15m · جلسة ممتدة
12:52 KSA · PRE     · signal     · META · orb ▼ 59 · 15m · جلسة ممتدة
12:52 KSA · PRE     · signal     · AVGO · vwapRec ▼ 59 · 15m · جلسة ممتدة
12:52 KSA · PRE     · signal     · LLY · orb ▼ 82 · 15m · جلسة ممتدة
12:52 KSA · PRE     · signal     · ORCL · vwapRec ▼ 59 · 15m · جلسة ممتدة
12:52 KSA · PRE     · signal     · MS · orb ▼ 88 · 15m · جلسة ممتدة
12:52 KSA · PRE     · signal     · MS · vwapRec ▼ 56 · 15m · جلسة ممتدة
12:52 KSA · PRE     · signal     · PANW · vwapRec ▲ 71 · 15m · جلسة ممتدة
12:52 KSA · PRE     · signal     · CRWD · vwapRec ▲ 74 · 15m · جلسة ممتدة
12:52 KSA · PRE     · signal     · CRM · orb ▼ 82 · 15m · جلسة ممتدة
12:52 KSA · PRE     · signal     · AMGN · vwapRec ▼ 68 · 15m · جلسة ممتدة
12:52 KSA · PRE     · signal     · APH · orb ▼ 60 · 15m · جلسة ممتدة
12:52 KSA · PRE     · signal     · GLW · orb ▼ 71 · 15m · جلسة ممتدة
12:52 KSA · PRE     · signal     · ACN · orb ▼ 77 · 15m · جلسة ممتدة
12:52 KSA · PRE     · signal     · CEG · vwapRec ▼ 59 · 15m · جلسة ممتدة
12:52 KSA · PRE     · signal     · SHW · orb ▼ 77 · 15m · جلسة ممتدة
12:52 KSA · PRE     · signal     · CDNS · vwapRec ▼ 59 · 15m · جلسة ممتدة
12:52 KSA · PRE     · signal     · SNPS · orb ▼ 100 · 15m · جلسة ممتدة
12:52 KSA · PRE     · signal     · FIX · orb ▼ 62 · 15m · جلسة ممتدة
12:52 KSA · PRE     · signal     · NKE · orb ▼ 78 · 15m · جلسة ممتدة
12:52 KSA · PRE     · signal     · VST · vwapRec ▼ 59 · 15m · جلسة ممتدة
12:52 KSA · PRE     · signal     · COIN · vwapRec ▼ 59 · 15m · جلسة ممتدة
12:52 KSA · PRE     · signal     · ZEC-USD · volSpike ▼ 78 · 15m
12:52 KSA · PRE     · signal     · HBAR-USD · volSpike ▲ 56 · 15m
12:52 KSA · PRE     · signal     · ONDO-USD · vwapRec ▼ 60 · 15m
12:52 KSA · PRE     · signal     · QQQB-USD · rsiDiv ▼ 89 · 15m
12:52 KSA · PRE     · signal     · UNI-USD · brk ▼ 64 · 15m
12:52 KSA · PRE     · signal     · UNI-USD · sqzExp ▼ 65 · 1h
12:52 KSA · PRE     · signal     · SUI-USD · brk ▼ 80 · 15m
12:52 KSA · PRE     · signal     · SUI-USD · sqzExp ▼ 68 · 1h
12:52 KSA · PRE     · signal     · PEPE-USD · brk ▲ 55 · 15m
12:52 KSA · PRE     · signal     · PEPE-USD · sqzExp ▲ 63 · 1h
12:52 KSA · PRE     · signal     · TAO-USD · brk ▼ 73 · 15m
12:52 KSA · PRE     · signal     · TAO-USD · sqzExp ▼ 68 · 1h
12:52 KSA · PRE     · signal     · THE-USD · orb ▼ 70 · 15m
12:52 KSA · PRE     · signal     · THE-USD · brk ▼ 73 · 15m
12:52 KSA · PRE     · signal     · THE-USD · sqzExp ▼ 88 · 1h
12:52 KSA · PRE     · signal     · TRUMP-USD · orb ▼ 80 · 15m
12:52 KSA · PRE     · signal     · TRUMP-USD · brk ▼ 80 · 15m
12:52 KSA · PRE     · signal     · TRUMP-USD · sqzExp ▼ 60 · 1h
12:52 KSA · PRE     · signal     · EUR-USD · brk ▼ 80 · 15m
12:52 KSA · PRE     · signal     · HOLO-USD · volSpike ▼ 78 · 15m
12:52 KSA · PRE     · signal     · BANK-USD · brk ▼ 68 · 15m
12:52 KSA · PRE     · signal     · TON-USD · brk ▼ 61 · 15m
12:52 KSA · PRE     · signal     · SENT-USD · brk ▼ 73 · 15m
12:52 KSA · PRE     · signal     · SENT-USD · sqzExp ▼ 85 · 1h
12:52 KSA · PRE     · signal     · PENGU-USD · brk ▼ 64 · 15m
12:52 KSA · PRE     · signal     · PENGU-USD · sqzExp ▼ 68 · 1h
12:52 KSA · PRE     · signal     · WLFI-USD · brk ▼ 55 · 15m
12:52 KSA · PRE     · signal     · WLFI-USD · sqzExp ▼ 73 · 1h
12:52 KSA · PRE     · signal     · ASTER-USD · orb ▼ 57 · 15m
12:52 KSA · PRE     · signal     · ASTER-USD · sqzExp ▼ 65 · 1h
12:52 KSA · PRE     · signal     · APT-USD · brk ▼ 61 · 15m
12:52 KSA · PRE     · signal     · APT-USD · sqzExp ▼ 60 · 1h
12:54 KSA · PRE     · scanner    · بدء المسح · 1153 رمزاً · الجلسة PRE
12:54 KSA · PRE     · signal     · NVDA · brk ▲ 100 · 15m · جلسة ممتدة
12:54 KSA · PRE     · signal     · INTC · brk ▲ 100 · 15m · جلسة ممتدة
12:54 KSA · PRE     · signal     · CAT · orb ▲ 88 · 15m · جلسة ممتدة
12:54 KSA · PRE     · signal     · CAT · vwapRec ▲ 71 · 15m · جلسة ممتدة
12:54 KSA · PRE     · signal     · GE · vwapRec ▲ 60 · 15m · جلسة ممتدة
12:54 KSA · PRE     · signal     · RTX · brk ▲ 69 · 15m · جلسة ممتدة
12:54 KSA · PRE     · signal     · ANET · brk ▲ 100 · 15m · جلسة ممتدة
12:54 KSA · PRE     · signal     · MRVL · brk ▲ 100 · 15m · جلسة ممتدة
12:54 KSA · PRE     · signal     · AMGN · orb ▲ 100 · 15m · جلسة ممتدة
12:54 KSA · PRE     · signal     · AMGN · brk ▲ 100 · 15m · جلسة ممتدة
12:54 KSA · PRE     · signal     · AMGN · sqzExp ▲ 100 · 1h · جلسة ممتدة
12:54 KSA · PRE     · signal     · APH · brk ▲ 100 · 15m · جلسة ممتدة
12:54 KSA · PRE     · signal     · ADI · vwapRec ▲ 57 · 15m · جلسة ممتدة
12:54 KSA · PRE     · signal     · NEE · vwapRec ▲ 82 · 15m · جلسة ممتدة
12:54 KSA · PRE     · signal     · ETN · brk ▲ 100 · 15m · جلسة ممتدة
12:54 KSA · PRE     · signal     · GLW · brk ▲ 69 · 15m · جلسة ممتدة
12:54 KSA · PRE     · signal     · PSX · orb ▼ 100 · 15m · جلسة ممتدة
12:54 KSA · PRE     · signal     · FCX · vwapRec ▲ 55 · 15m · جلسة ممتدة
12:54 KSA · PRE     · signal     · FCX · brk ▲ 100 · 15m · جلسة ممتدة
12:54 KSA · PRE     · signal     · VRT · vwapRec ▲ 85 · 15m · جلسة ممتدة
12:54 KSA · PRE     · signal     · HWM · brk ▲ 100 · 15m · جلسة ممتدة
12:54 KSA · PRE     · signal     · CDNS · brk ▲ 100 · 15m · جلسة ممتدة
12:54 KSA · PRE     · signal     · AON · orb ▲ 57 · 15m · جلسة ممتدة
12:54 KSA · PRE     · signal     · MRNA · brk ▲ 100 · 15m · جلسة ممتدة
12:54 KSA · PRE     · signal     · COHR · brk ▲ 100 · 15m · جلسة ممتدة
12:54 KSA · PRE     · signal     · MCHP · vwapRec ▲ 82 · 15m · جلسة ممتدة
12:54 KSA · PRE     · signal     · UNI-USD · orb ▲ 65 · 15m
12:54 KSA · PRE     · signal     · SUI-USD · orb ▲ 95 · 15m
12:54 KSA · PRE     · signal     · TAO-USD · orb ▲ 95 · 15m
12:54 KSA · PRE     · signal     · SENT-USD · orb ▲ 70 · 15m
12:54 KSA · PRE     · signal     · PENGU-USD · orb ▲ 68 · 15m
12:54 KSA · PRE     · signal     · APT-USD · orb ▲ 65 · 15m
12:56 KSA · PRE     · scanner    · بدء المسح · 1153 رمزاً · الجلسة PRE
12:56 KSA · PRE     · signal     · GOOGL · orb ▲ 100 · 15m · جلسة ممتدة
12:56 KSA · PRE     · signal     · GOOG · brk ▲ 100 · 15m · جلسة ممتدة
12:56 KSA · PRE     · signal     · BANK-USD · orb ▼ 100 · 15m
12:58 KSA · PRE     · scanner    · بدء المسح · 1153 رمزاً · الجلسة PRE
12:58 KSA · PRE     · signal     · ORCL · brk ▲ 69 · 15m · جلسة ممتدة
13:00 KSA · PRE     · scanner    · بدء المسح · 1153 رمزاً · الجلسة PRE
13:00 KSA · PRE     · signal     · CAT · brk ▲ 69 · 15m · جلسة ممتدة
13:00 KSA · PRE     · signal     · HD · vwapRec ▲ 79 · 15m · جلسة ممتدة
13:00 KSA · PRE     · signal     · CRM · orb ▼ 100 · 15m · جلسة ممتدة
13:00 KSA · PRE     · signal     · TMUS · orb ▼ 100 · 15m · جلسة ممتدة
13:00 KSA · PRE     · signal     · VST · orb ▲ 82 · 15m · جلسة ممتدة
13:00 KSA · PRE     · signal     · VST · brk ▲ 100 · 15m · جلسة ممتدة
13:00 KSA · PRE     · signal     · WLD-USD · vwapRec ▼ 100 · 15m
13:00 KSA · PRE     · signal     · U-USD · orb ▲ 100 · 15m
13:02 KSA · PRE     · scanner    · بدء المسح · 1153 رمزاً · الجلسة PRE
13:02 KSA · PRE     · signal     · META · orb ▼ 59 · 15m · جلسة ممتدة
13:02 KSA · PRE     · signal     · AVGO · vwapRec ▼ 59 · 15m · جلسة ممتدة
13:02 KSA · PRE     · signal     · LLY · orb ▼ 75 · 15m · جلسة ممتدة
13:02 KSA · PRE     · signal     · AMD · orb ▼ 68 · 15m · جلسة ممتدة
13:02 KSA · PRE     · signal     · BAC · vwapRec ▼ 73 · 15m · جلسة ممتدة
13:02 KSA · PRE     · signal     · MS · orb ▼ 88 · 15m · جلسة ممتدة
13:02 KSA · PRE     · signal     · PANW · vwapRec ▲ 62 · 15m · جلسة ممتدة
13:02 KSA · PRE     · signal     · RTX · vwapRec ▼ 55 · 15m · جلسة ممتدة
13:02 KSA · PRE     · signal     · CRWD · vwapRec ▲ 63 · 15m · جلسة ممتدة
13:02 KSA · PRE     · signal     · KLAC · orb ▼ 85 · 15m · جلسة ممتدة
13:02 KSA · PRE     · signal     · AMGN · vwapRec ▼ 68 · 15m · جلسة ممتدة
13:02 KSA · PRE     · signal     · APH · orb ▼ 60 · 15m · جلسة ممتدة
13:02 KSA · PRE     · signal     · ADI · volSpike ▼ 67 · 15m · جلسة ممتدة
13:02 KSA · PRE     · signal     · GLW · orb ▼ 60 · 15m · جلسة ممتدة
13:02 KSA · PRE     · signal     · ACN · orb ▼ 77 · 15m · جلسة ممتدة
13:02 KSA · PRE     · signal     · CEG · vwapRec ▼ 59 · 15m · جلسة ممتدة
13:02 KSA · PRE     · signal     · SHW · orb ▼ 77 · 15m · جلسة ممتدة
13:02 KSA · PRE     · signal     · CDNS · vwapRec ▼ 65 · 15m · جلسة ممتدة
13:02 KSA · PRE     · signal     · SNPS · orb ▼ 100 · 15m · جلسة ممتدة
13:02 KSA · PRE     · signal     · FIX · orb ▼ 62 · 15m · جلسة ممتدة
13:02 KSA · PRE     · signal     · NKE · orb ▼ 82 · 15m · جلسة ممتدة
13:02 KSA · PRE     · signal     · COIN · vwapRec ▼ 59 · 15m · جلسة ممتدة
13:02 KSA · PRE     · signal     · UNI-USD · brk ▼ 73 · 15m
13:02 KSA · PRE     · signal     · UNI-USD · sqzExp ▼ 65 · 1h
13:02 KSA · PRE     · signal     · SUI-USD · brk ▼ 66 · 15m
13:02 KSA · PRE     · signal     · SUI-USD · sqzExp ▼ 68 · 1h
13:02 KSA · PRE     · signal     · PEPE-USD · brk ▲ 80 · 15m
13:02 KSA · PRE     · signal     · PEPE-USD · sqzExp ▲ 63 · 1h
13:02 KSA · PRE     · signal     · TAO-USD · brk ▼ 80 · 15m
13:02 KSA · PRE     · signal     · TAO-USD · sqzExp ▼ 68 · 1h
13:02 KSA · PRE     · signal     · THE-USD · orb ▼ 70 · 15m
13:02 KSA · PRE     · signal     · THE-USD · brk ▼ 73 · 15m
13:02 KSA · PRE     · signal     · THE-USD · sqzExp ▼ 88 · 1h
13:02 KSA · PRE     · signal     · TRUMP-USD · orb ▼ 80 · 15m
13:02 KSA · PRE     · signal     · TRUMP-USD · brk ▼ 80 · 15m
13:02 KSA · PRE     · signal     · TRUMP-USD · sqzExp ▼ 60 · 1h
13:02 KSA · PRE     · signal     · EUR-USD · brk ▼ 86 · 15m
13:02 KSA · PRE     · signal     · BANK-USD · brk ▼ 55 · 15m
13:02 KSA · PRE     · signal     · TON-USD · brk ▼ 61 · 15m
13:02 KSA · PRE     · signal     · SENT-USD · brk ▼ 64 · 15m
13:02 KSA · PRE     · signal     · SENT-USD · sqzExp ▼ 85 · 1h
13:02 KSA · PRE     · signal     · PENGU-USD · brk ▼ 64 · 15m
13:02 KSA · PRE     · signal     · PENGU-USD · sqzExp ▼ 68 · 1h
13:02 KSA · PRE     · signal     · WLFI-USD · orb ▼ 75 · 15m
13:02 KSA · PRE     · signal     · WLFI-USD · brk ▼ 64 · 15m
13:02 KSA · PRE     · signal     · WLFI-USD · sqzExp ▼ 73 · 1h
13:02 KSA · PRE     · signal     · ASTER-USD · sqzExp ▼ 65 · 1h
13:02 KSA · PRE     · signal     · APT-USD · brk ▼ 64 · 15m
13:02 KSA · PRE     · signal     · APT-USD · sqzExp ▼ 60 · 1h
13:04 KSA · PRE     · scanner    · بدء المسح · 1153 رمزاً · الجلسة PRE
13:04 KSA · PRE     · signal     · NVDA · brk ▲ 69 · 15m · جلسة ممتدة
13:04 KSA · PRE     · signal     · GOOGL · orb ▲ 76 · 15m · جلسة ممتدة
13:04 KSA · PRE     · signal     · GOOGL · brk ▲ 100 · 15m · جلسة ممتدة
13:04 KSA · PRE     · signal     · GOOG · brk ▲ 100 · 15m · جلسة ممتدة
13:04 KSA · PRE     · signal     · MU · brk ▲ 69 · 15m · جلسة ممتدة
13:04 KSA · PRE     · signal     · LLY · vwapRec ▲ 65 · 15m · جلسة ممتدة
13:04 KSA · PRE     · signal     · INTC · brk ▲ 100 · 15m · جلسة ممتدة
13:04 KSA · PRE     · signal     · CAT · orb ▲ 88 · 15m · جلسة ممتدة
13:04 KSA · PRE     · signal     · CAT · vwapRec ▲ 71 · 15m · جلسة ممتدة
13:04 KSA · PRE     · signal     · CAT · brk ▲ 69 · 15m · جلسة ممتدة
13:04 KSA · PRE     · signal     · HD · vwapRec ▲ 93 · 15m · جلسة ممتدة
13:04 KSA · PRE     · signal     · RTX · brk ▲ 100 · 15m · جلسة ممتدة
13:04 KSA · PRE     · signal     · ANET · brk ▲ 100 · 15m · جلسة ممتدة
13:04 KSA · PRE     · signal     · MRVL · brk ▲ 100 · 15m · جلسة ممتدة
13:04 KSA · PRE     · signal     · AMGN · orb ▲ 100 · 15m · جلسة ممتدة
13:04 KSA · PRE     · signal     · AMGN · brk ▲ 100 · 15m · جلسة ممتدة
13:04 KSA · PRE     · signal     · AMGN · sqzExp ▲ 100 · 1h · جلسة ممتدة
13:04 KSA · PRE     · signal     · APH · brk ▲ 100 · 15m · جلسة ممتدة
13:04 KSA · PRE     · signal     · ADI · vwapRec ▲ 65 · 15m · جلسة ممتدة
13:04 KSA · PRE     · signal     · NEE · vwapRec ▲ 74 · 15m · جلسة ممتدة
13:04 KSA · PRE     · signal     · ETN · brk ▲ 100 · 15m · جلسة ممتدة
13:04 KSA · PRE     · signal     · GLW · brk ▲ 100 · 15m · جلسة ممتدة
13:04 KSA · PRE     · signal     · LMT · brk ▲ 100 · 15m · جلسة ممتدة
13:04 KSA · PRE     · signal     · LMT · sqzExp ▲ 100 · 1h · جلسة ممتدة
13:04 KSA · PRE     · signal     · FCX · vwapRec ▲ 55 · 15m · جلسة ممتدة
13:04 KSA · PRE     · signal     · FCX · brk ▲ 100 · 15m · جلسة ممتدة
13:04 KSA · PRE     · signal     · PWR · brk ▲ 100 · 15m · جلسة ممتدة
13:04 KSA · PRE     · signal     · HWM · brk ▲ 100 · 15m · جلسة ممتدة
13:04 KSA · PRE     · signal     · CDNS · brk ▲ 81 · 15m · جلسة ممتدة
13:04 KSA · PRE     · signal     · AON · orb ▲ 57 · 15m · جلسة ممتدة
13:04 KSA · PRE     · signal     · MRNA · brk ▲ 100 · 15m · جلسة ممتدة
13:04 KSA · PRE     · signal     · COHR · brk ▲ 100 · 15m · جلسة ممتدة
13:04 KSA · PRE     · signal     · VST · orb ▲ 75 · 15m · جلسة ممتدة
13:04 KSA · PRE     · signal     · VST · brk ▲ 69 · 15m · جلسة ممتدة
13:04 KSA · PRE     · signal     · MCHP · vwapRec ▲ 82 · 15m · جلسة ممتدة
13:04 KSA · PRE     · signal     · GRAM-USD · orb ▼ 100 · 15m
13:04 KSA · PRE     · signal     · DASH-USD · meanRev ▲ 100 · 15m
13:04 KSA · PRE     · signal     · MUB-USD · sqzExp ▲ 100 · 1h
13:04 KSA · PRE     · signal     · UNI-USD · orb ▲ 80 · 15m
13:04 KSA · PRE     · signal     · U-USD · orb ▲ 65 · 15m
13:04 KSA · PRE     · signal     · TAO-USD · orb ▲ 95 · 15m
13:04 KSA · PRE     · signal     · SENT-USD · orb ▲ 60 · 15m
13:04 KSA · PRE     · signal     · PENGU-USD · orb ▲ 68 · 15m
13:04 KSA · PRE     · signal     · APT-USD · orb ▲ 73 · 15m
13:08 KSA · PRE     · scanner    · بدء المسح · 1153 رمزاً · الجلسة PRE
13:08 KSA · PRE     · signal     · ETN · vwapRec ▼ 100 · 15m · جلسة ممتدة
13:08 KSA · PRE     · signal     · SUI-USD · orb ▲ 82 · 15m
13:08 KSA · PRE     · signal     · WLFI-USD · orb ▲ 100 · 15m
13:08 KSA · PRE     · signal     · WLFI-USD · vwapRec ▲ 100 · 15m
13:10 KSA · PRE     · scanner    · بدء المسح · 1153 رمزاً · الجلسة PRE
13:10 KSA · PRE     · signal     · UNH · vwapRec ▼ 57 · 15m · جلسة ممتدة
13:10 KSA · PRE     · signal     · REZ-USD · sqzExp ▲ 100 · 1h
13:10 KSA · PRE     · signal     · SUI-USD · vwapRec ▼ 100 · 15m
13:10 KSA · PRE     · signal     · ARB-USD · brk ▼ 69 · 15m
13:12 KSA · PRE     · scanner    · بدء المسح · 1153 رمزاً · الجلسة PRE
13:12 KSA · PRE     · signal     · META · orb ▼ 59 · 15m · جلسة ممتدة
13:12 KSA · PRE     · signal     · AVGO · vwapRec ▼ 59 · 15m · جلسة ممتدة
13:12 KSA · PRE     · signal     · LLY · orb ▼ 70 · 15m · جلسة ممتدة
13:12 KSA · PRE     · signal     · AMD · orb ▼ 68 · 15m · جلسة ممتدة
13:12 KSA · PRE     · signal     · ORCL · vwapRec ▼ 59 · 15m · جلسة ممتدة
13:12 KSA · PRE     · signal     · BAC · vwapRec ▼ 73 · 15m · جلسة ممتدة
13:12 KSA · PRE     · signal     · PANW · vwapRec ▲ 62 · 15m · جلسة ممتدة
13:12 KSA · PRE     · signal     · GS · vwapRec ▼ 59 · 15m · جلسة ممتدة
13:12 KSA · PRE     · signal     · CRWD · vwapRec ▲ 74 · 15m · جلسة ممتدة
13:12 KSA · PRE     · signal     · KLAC · orb ▼ 100 · 15m · جلسة ممتدة
13:12 KSA · PRE     · signal     · AMGN · vwapRec ▼ 68 · 15m · جلسة ممتدة
13:12 KSA · PRE     · signal     · APH · orb ▼ 60 · 15m · جلسة ممتدة
13:12 KSA · PRE     · signal     · GLW · orb ▼ 71 · 15m · جلسة ممتدة
13:12 KSA · PRE     · signal     · LMT · vwapRec ▼ 71 · 15m · جلسة ممتدة
13:12 KSA · PRE     · signal     · ACN · orb ▼ 77 · 15m · جلسة ممتدة
13:12 KSA · PRE     · signal     · ADP · orb ▲ 62 · 15m · جلسة ممتدة
13:12 KSA · PRE     · signal     · VRT · vwapRec ▼ 59 · 15m · جلسة ممتدة
13:12 KSA · PRE     · signal     · CEG · vwapRec ▼ 59 · 15m · جلسة ممتدة
13:12 KSA · PRE     · signal     · SHW · orb ▼ 77 · 15m · جلسة ممتدة
13:12 KSA · PRE     · signal     · CDNS · vwapRec ▼ 59 · 15m · جلسة ممتدة
13:12 KSA · PRE     · signal     · SNPS · orb ▼ 100 · 15m · جلسة ممتدة
13:12 KSA · PRE     · signal     · FIX · orb ▼ 62 · 15m · جلسة ممتدة
13:12 KSA · PRE     · signal     · NKE · orb ▼ 82 · 15m · جلسة ممتدة
13:12 KSA · PRE     · signal     · UNI-USD · brk ▼ 73 · 15m
13:12 KSA · PRE     · signal     · UNI-USD · sqzExp ▼ 65 · 1h
13:12 KSA · PRE     · signal     · SUI-USD · brk ▼ 66 · 15m
13:12 KSA · PRE     · signal     · SUI-USD · sqzExp ▼ 68 · 1h
13:12 KSA · PRE     · signal     · PEPE-USD · brk ▲ 80 · 15m
13:12 KSA · PRE     · signal     · PEPE-USD · sqzExp ▲ 63 · 1h
13:12 KSA · PRE     · signal     · TAO-USD · brk ▼ 80 · 15m
13:12 KSA · PRE     · signal     · TAO-USD · sqzExp ▼ 68 · 1h
13:12 KSA · PRE     · signal     · THE-USD · orb ▼ 70 · 15m
13:12 KSA · PRE     · signal     · THE-USD · brk ▼ 73 · 15m
13:12 KSA · PRE     · signal     · THE-USD · sqzExp ▼ 88 · 1h
13:12 KSA · PRE     · signal     · TRUMP-USD · orb ▼ 80 · 15m
13:12 KSA · PRE     · signal     · TRUMP-USD · brk ▼ 80 · 15m
13:12 KSA · PRE     · signal     · TRUMP-USD · sqzExp ▼ 60 · 1h
13:12 KSA · PRE     · signal     · EUR-USD · brk ▼ 86 · 15m
13:12 KSA · PRE     · signal     · BANK-USD · orb ▼ 70 · 15m
13:12 KSA · PRE     · signal     · BANK-USD · brk ▼ 55 · 15m
13:12 KSA · PRE     · signal     · TON-USD · brk ▼ 61 · 15m
13:12 KSA · PRE     · signal     · SENT-USD · brk ▼ 64 · 15m
13:12 KSA · PRE     · signal     · SENT-USD · sqzExp ▼ 85 · 1h
13:12 KSA · PRE     · signal     · PENGU-USD · brk ▼ 64 · 15m
13:12 KSA · PRE     · signal     · PENGU-USD · sqzExp ▼ 68 · 1h
13:12 KSA · PRE     · signal     · WLFI-USD · brk ▼ 64 · 15m
13:12 KSA · PRE     · signal     · WLFI-USD · sqzExp ▼ 73 · 1h
13:12 KSA · PRE     · signal     · ASTER-USD · sqzExp ▼ 65 · 1h
13:12 KSA · PRE     · signal     · ASTER-USD · tfAlign ▲ 100 · 1d
13:12 KSA · PRE     · signal     · APT-USD · brk ▼ 64 · 15m
13:12 KSA · PRE     · signal     · APT-USD · sqzExp ▼ 60 · 1h
13:14 KSA · PRE     · scanner    · بدء المسح · 1153 رمزاً · الجلسة PRE
13:14 KSA · PRE     · signal     · NVDA · brk ▲ 69 · 15m · جلسة ممتدة
13:14 KSA · PRE     · signal     · GOOGL · brk ▲ 69 · 15m · جلسة ممتدة
13:14 KSA · PRE     · signal     · GOOG · brk ▲ 69 · 15m · جلسة ممتدة
13:14 KSA · PRE     · signal     · MU · brk ▲ 100 · 15m · جلسة ممتدة
13:14 KSA · PRE     · signal     · LLY · vwapRec ▲ 75 · 15m · جلسة ممتدة
13:14 KSA · PRE     · signal     · INTC · brk ▲ 100 · 15m · جلسة ممتدة
13:14 KSA · PRE     · signal     · CAT · orb ▲ 88 · 15m · جلسة ممتدة
13:14 KSA · PRE     · signal     · CAT · brk ▲ 69 · 15m · جلسة ممتدة
13:14 KSA · PRE     · signal     · LRCX · brk ▲ 100 · 15m · جلسة ممتدة
13:14 KSA · PRE     · signal     · RTX · brk ▲ 100 · 15m · جلسة ممتدة
13:14 KSA · PRE     · signal     · ANET · brk ▲ 100 · 15m · جلسة ممتدة
13:14 KSA · PRE     · signal     · MRVL · brk ▲ 100 · 15m · جلسة ممتدة
13:14 KSA · PRE     · signal     · AMGN · orb ▲ 100 · 15m · جلسة ممتدة
13:14 KSA · PRE     · signal     · AMGN · brk ▲ 100 · 15m · جلسة ممتدة
13:14 KSA · PRE     · signal     · AMGN · sqzExp ▲ 100 · 1h · جلسة ممتدة
13:14 KSA · PRE     · signal     · APH · vwapRec ▲ 75 · 15m · جلسة ممتدة
13:14 KSA · PRE     · signal     · ADI · vwapRec ▲ 65 · 15m · جلسة ممتدة
13:14 KSA · PRE     · signal     · GLW · brk ▲ 100 · 15m · جلسة ممتدة
13:14 KSA · PRE     · signal     · LMT · brk ▲ 100 · 15m · جلسة ممتدة
13:14 KSA · PRE     · signal     · LMT · meanRev ▼ 100 · 15m · جلسة ممتدة
13:14 KSA · PRE     · signal     · FCX · brk ▲ 100 · 15m · جلسة ممتدة
13:14 KSA · PRE     · signal     · HOOD · vwapRec ▲ 85 · 15m · جلسة ممتدة
13:14 KSA · PRE     · signal     · HWM · brk ▲ 100 · 15m · جلسة ممتدة
13:14 KSA · PRE     · signal     · CDNS · brk ▲ 81 · 15m · جلسة ممتدة
13:14 KSA · PRE     · signal     · AON · orb ▲ 57 · 15m · جلسة ممتدة
13:14 KSA · PRE     · signal     · MRNA · brk ▲ 100 · 15m · جلسة ممتدة
13:14 KSA · PRE     · signal     · COHR · brk ▲ 100 · 15m · جلسة ممتدة
13:14 KSA · PRE     · signal     · VST · orb ▲ 75 · 15m · جلسة ممتدة
13:14 KSA · PRE     · signal     · VST · brk ▲ 69 · 15m · جلسة ممتدة
13:14 KSA · PRE     · signal     · MCHP · vwapRec ▲ 82 · 15m · جلسة ممتدة
13:14 KSA · PRE     · signal     · UNI-USD · orb ▲ 80 · 15m
13:14 KSA · PRE     · signal     · SUI-USD · orb ▲ 85 · 15m
13:14 KSA · PRE     · signal     · TAO-USD · orb ▲ 95 · 15m
13:14 KSA · PRE     · signal     · SENT-USD · orb ▲ 70 · 15m
13:14 KSA · PRE     · signal     · PENGU-USD · orb ▲ 68 · 15m
13:14 KSA · PRE     · signal     · APT-USD · orb ▲ 73 · 15m
13:16 KSA · PRE     · scanner    · بدء المسح · 1153 رمزاً · الجلسة PRE
13:16 KSA · PRE     · signal     · ETN · brk ▲ 100 · 15m · جلسة ممتدة
13:16 KSA · PRE     · signal     · UNI-USD · vwapRec ▼ 100 · 15m
13:16 KSA · PRE     · signal     · U-USD · orb ▲ 100 · 15m
13:16 KSA · PRE     · signal     · THE-USD · vwapRec ▲ 100 · 15m
13:16 KSA · PRE     · signal     · WLFI-USD · orb ▲ 100 · 15m
13:16 KSA · PRE     · signal     · WLFI-USD · vwapRec ▲ 100 · 15m
13:16 KSA · PRE     · signal     · FDX · brk ▼ 100 · 1d · جلسة ممتدة
13:16 KSA · PRE     · signal     · FDX · sqzExp ▼ 100 · 1d · جلسة ممتدة
13:18 KSA · PRE     · scanner    · بدء المسح · 1153 رمزاً · الجلسة PRE
13:20 KSA · PRE     · scanner    · بدء المسح · 1153 رمزاً · الجلسة PRE
13:20 KSA · PRE     · signal     · APH · brk ▲ 69 · 15m · جلسة ممتدة
13:20 KSA · PRE     · signal     · BANK-USD · orb ▼ 100 · 15m
13:23 KSA · PRE     · scanner    · بدء المسح · 1153 رمزاً · الجلسة PRE
13:23 KSA · PRE     · signal     · GOOGL · orb ▼ 71 · 15m · جلسة ممتدة
13:23 KSA · PRE     · signal     · AVGO · vwapRec ▼ 59 · 15m · جلسة ممتدة
13:23 KSA · PRE     · signal     · LLY · orb ▼ 70 · 15m · جلسة ممتدة
13:23 KSA · PRE     · signal     · AMD · orb ▼ 68 · 15m · جلسة ممتدة
13:23 KSA · PRE     · signal     · ORCL · vwapRec ▼ 59 · 15m · جلسة ممتدة
13:23 KSA · PRE     · signal     · BAC · vwapRec ▼ 76 · 15m · جلسة ممتدة
13:23 KSA · PRE     · signal     · GE · vwapRec ▼ 59 · 15m · جلسة ممتدة
13:23 KSA · PRE     · signal     · PANW · vwapRec ▲ 62 · 15m · جلسة ممتدة
13:23 KSA · PRE     · signal     · HD · vwapRec ▼ 59 · 15m · جلسة ممتدة
13:23 KSA · PRE     · signal     · KLAC · orb ▼ 100 · 15m · جلسة ممتدة
13:23 KSA · PRE     · signal     · AMGN · vwapRec ▼ 68 · 15m · جلسة ممتدة
13:23 KSA · PRE     · signal     · APH · orb ▼ 71 · 15m · جلسة ممتدة
13:23 KSA · PRE     · signal     · BX · vwapRec ▼ 57 · 15m · جلسة ممتدة
13:23 KSA · PRE     · signal     · BKNG · orb ▼ 100 · 15m · جلسة ممتدة
13:23 KSA · PRE     · signal     · GLW · orb ▼ 71 · 15m · جلسة ممتدة
13:23 KSA · PRE     · signal     · LMT · vwapRec ▼ 60 · 15m · جلسة ممتدة
13:23 KSA · PRE     · signal     · ACN · orb ▼ 77 · 15m · جلسة ممتدة
13:23 KSA · PRE     · signal     · ADP · orb ▲ 62 · 15m · جلسة ممتدة
13:23 KSA · PRE     · signal     · VRT · vwapRec ▼ 59 · 15m · جلسة ممتدة
13:23 KSA · PRE     · signal     · CEG · vwapRec ▼ 59 · 15m · جلسة ممتدة
13:23 KSA · PRE     · signal     · SHW · orb ▼ 77 · 15m · جلسة ممتدة
13:23 KSA · PRE     · signal     · SNPS · orb ▼ 100 · 15m · جلسة ممتدة
13:23 KSA · PRE     · signal     · FIX · orb ▼ 62 · 15m · جلسة ممتدة
13:23 KSA · PRE     · signal     · NKE · orb ▼ 82 · 15m · جلسة ممتدة
13:23 KSA · PRE     · signal     · AVAX-USD · volSpike ▲ 78 · 15m
13:23 KSA · PRE     · signal     · UNI-USD · brk ▼ 64 · 15m
13:23 KSA · PRE     · signal     · UNI-USD · sqzExp ▼ 65 · 1h
13:23 KSA · PRE     · signal     · SUI-USD · brk ▼ 80 · 15m
13:23 KSA · PRE     · signal     · SUI-USD · sqzExp ▼ 68 · 1h
13:23 KSA · PRE     · signal     · PEPE-USD · brk ▲ 73 · 15m
13:23 KSA · PRE     · signal     · PEPE-USD · sqzExp ▲ 70 · 1h
13:23 KSA · PRE     · signal     · TAO-USD · brk ▼ 73 · 15m
13:23 KSA · PRE     · signal     · TAO-USD · sqzExp ▼ 68 · 1h
13:23 KSA · PRE     · signal     · THE-USD · orb ▼ 55 · 15m
13:23 KSA · PRE     · signal     · THE-USD · sqzExp ▼ 88 · 1h
13:23 KSA · PRE     · signal     · TRUMP-USD · orb ▼ 70 · 15m
13:23 KSA · PRE     · signal     · TRUMP-USD · brk ▼ 55 · 15m
13:23 KSA · PRE     · signal     · TRUMP-USD · sqzExp ▼ 68 · 1h
13:23 KSA · PRE     · signal     · EUR-USD · brk ▼ 73 · 15m
13:23 KSA · PRE     · signal     · BANK-USD · brk ▼ 55 · 15m
13:23 KSA · PRE     · signal     · TON-USD · brk ▼ 61 · 15m
13:23 KSA · PRE     · signal     · SENT-USD · brk ▼ 55 · 15m
13:23 KSA · PRE     · signal     · SENT-USD · sqzExp ▼ 78 · 1h
13:23 KSA · PRE     · signal     · PENGU-USD · brk ▼ 57 · 15m
13:23 KSA · PRE     · signal     · PENGU-USD · sqzExp ▼ 68 · 1h
13:23 KSA · PRE     · signal     · WLFI-USD · brk ▼ 59 · 15m
13:23 KSA · PRE     · signal     · WLFI-USD · sqzExp ▼ 73 · 1h
13:23 KSA · PRE     · signal     · ASTER-USD · sqzExp ▼ 57 · 1h
13:23 KSA · PRE     · signal     · APT-USD · sqzExp ▼ 60 · 1h
13:24 KSA · PRE     · scanner    · بدء المسح · 1153 رمزاً · الجلسة PRE
13:24 KSA · PRE     · signal     · NVDA · brk ▲ 69 · 15m · جلسة ممتدة
13:24 KSA · PRE     · signal     · MU · brk ▲ 100 · 15m · جلسة ممتدة
13:24 KSA · PRE     · signal     · LLY · vwapRec ▲ 75 · 15m · جلسة ممتدة
13:24 KSA · PRE     · signal     · INTC · brk ▲ 100 · 15m · جلسة ممتدة
13:24 KSA · PRE     · signal     · CAT · orb ▲ 88 · 15m · جلسة ممتدة
13:24 KSA · PRE     · signal     · CAT · brk ▲ 69 · 15m · جلسة ممتدة
13:24 KSA · PRE     · signal     · RTX · brk ▲ 69 · 15m · جلسة ممتدة
13:24 KSA · PRE     · signal     · ANET · brk ▲ 100 · 15m · جلسة ممتدة
13:24 KSA · PRE     · signal     · MRVL · brk ▲ 100 · 15m · جلسة ممتدة
13:24 KSA · PRE     · signal     · APH · brk ▲ 69 · 15m · جلسة ممتدة
13:24 KSA · PRE     · signal     · ADI · vwapRec ▲ 59 · 15m · جلسة ممتدة
13:24 KSA · PRE     · signal     · NEE · vwapRec ▲ 62 · 15m · جلسة ممتدة
13:24 KSA · PRE     · signal     · ETN · brk ▲ 100 · 15m · جلسة ممتدة
13:24 KSA · PRE     · signal     · GLW · brk ▲ 100 · 15m · جلسة ممتدة
13:24 KSA · PRE     · signal     · LMT · brk ▲ 100 · 15m · جلسة ممتدة
13:24 KSA · PRE     · signal     · FCX · brk ▲ 100 · 15m · جلسة ممتدة
13:24 KSA · PRE     · signal     · HOOD · vwapRec ▲ 94 · 15m · جلسة ممتدة
13:24 KSA · PRE     · signal     · CDNS · brk ▲ 100 · 15m · جلسة ممتدة
13:24 KSA · PRE     · signal     · MRNA · brk ▲ 100 · 15m · جلسة ممتدة
13:24 KSA · PRE     · signal     · COHR · brk ▲ 100 · 15m · جلسة ممتدة
13:24 KSA · PRE     · signal     · VST · orb ▲ 75 · 15m · جلسة ممتدة
13:24 KSA · PRE     · signal     · VST · brk ▲ 100 · 15m · جلسة ممتدة
13:24 KSA · PRE     · signal     · ETHFI-USD · orb ▲ 64 · 15m
13:24 KSA · PRE     · signal     · SNXXB-USD · orb ▲ 64 · 15m
13:24 KSA · PRE     · signal     · TAO-USD · orb ▲ 95 · 15m
13:24 KSA · PRE     · signal     · THE-USD · vwapRec ▲ 55 · 15m
13:24 KSA · PRE     · signal     · PENGU-USD · orb ▲ 57 · 15m
13:24 KSA · PRE     · signal     · PENGU-USD · pbTrend ▼ 57 · 1h
13:24 KSA · PRE     · signal     · WLFI-USD · orb ▲ 80 · 15m
13:24 KSA · PRE     · signal     · APT-USD · orb ▲ 73 · 15m
13:26 KSA · PRE     · scanner    · بدء المسح · 1153 رمزاً · الجلسة PRE
13:26 KSA · PRE     · signal     · HWM · brk ▲ 63 · 15m · جلسة ممتدة
13:26 KSA · PRE     · signal     · BANK-USD · vwapRec ▲ 100 · 15m
13:26 KSA · PRE     · signal     · PENGU-USD · vwapRec ▼ 100 · 15m
13:26 KSA · PRE     · signal     · WLFI-USD · vwapRec ▲ 100 · 15m
13:28 KSA · PRE     · scanner    · بدء المسح · 1153 رمزاً · الجلسة PRE
13:28 KSA · PRE     · signal     · LRCX · brk ▲ 100 · 15m · جلسة ممتدة
13:28 KSA · PRE     · signal     · KLAC · brk ▲ 69 · 15m · جلسة ممتدة
13:30 KSA · PRE     · scanner    · بدء المسح · 1153 رمزاً · الجلسة PRE
13:30 KSA · PRE     · signal     · FIX · orb ▲ 79 · 15m · جلسة ممتدة
13:30 KSA · PRE     · signal     · FIX · brk ▲ 100 · 15m · جلسة ممتدة
13:30 KSA · PRE     · signal     · DOT-USD · brk ▲ 100 · 15m
13:33 KSA · PRE     · scanner    · بدء المسح · 1153 رمزاً · الجلسة PRE
13:33 KSA · PRE     · signal     · GOOGL · orb ▼ 71 · 15m · جلسة ممتدة
13:33 KSA · PRE     · signal     · AVGO · vwapRec ▼ 59 · 15m · جلسة ممتدة
13:33 KSA · PRE     · signal     · LLY · orb ▼ 70 · 15m · جلسة ممتدة
13:33 KSA · PRE     · signal     · AMD · orb ▼ 59 · 15m · جلسة ممتدة
13:33 KSA · PRE     · signal     · BAC · vwapRec ▼ 65 · 15m · جلسة ممتدة
13:33 KSA · PRE     · signal     · LRCX · vwapRec ▼ 60 · 15m · جلسة ممتدة
13:33 KSA · PRE     · signal     · GE · vwapRec ▼ 59 · 15m · جلسة ممتدة
13:33 KSA · PRE     · signal     · PANW · vwapRec ▲ 59 · 15m · جلسة ممتدة
13:33 KSA · PRE     · signal     · C · vwapRec ▼ 55 · 15m · جلسة ممتدة
13:33 KSA · PRE     · signal     · KLAC · orb ▼ 100 · 15m · جلسة ممتدة
13:33 KSA · PRE     · signal     · APH · orb ▼ 79 · 15m · جلسة ممتدة
13:33 KSA · PRE     · signal     · BX · vwapRec ▼ 57 · 15m · جلسة ممتدة
13:33 KSA · PRE     · signal     · BKNG · orb ▼ 100 · 15m · جلسة ممتدة
13:33 KSA · PRE     · signal     · GLW · orb ▼ 75 · 15m · جلسة ممتدة
13:33 KSA · PRE     · signal     · GLW · vwapRec ▼ 55 · 15m · جلسة ممتدة
13:33 KSA · PRE     · signal     · LMT · vwapRec ▼ 60 · 15m · جلسة ممتدة
13:33 KSA · PRE     · signal     · ACN · orb ▼ 77 · 15m · جلسة ممتدة
13:33 KSA · PRE     · signal     · ADP · orb ▲ 62 · 15m · جلسة ممتدة
13:33 KSA · PRE     · signal     · VRT · vwapRec ▼ 57 · 15m · جلسة ممتدة
13:33 KSA · PRE     · signal     · DDOG · volSpike ▼ 56 · 15m · جلسة ممتدة
13:33 KSA · PRE     · signal     · SHW · orb ▼ 77 · 15m · جلسة ممتدة
13:33 KSA · PRE     · signal     · CDNS · vwapRec ▼ 59 · 15m · جلسة ممتدة
13:33 KSA · PRE     · signal     · SNPS · orb ▼ 85 · 15m · جلسة ممتدة
13:33 KSA · PRE     · signal     · NKE · orb ▼ 70 · 15m · جلسة ممتدة
13:33 KSA · PRE     · signal     · COIN · vwapRec ▼ 59 · 15m · جلسة ممتدة
13:33 KSA · PRE     · signal     · UNI-USD · orb ▼ 65 · 15m
13:33 KSA · PRE     · signal     · UNI-USD · brk ▼ 73 · 15m
13:33 KSA · PRE     · signal     · UNI-USD · sqzExp ▼ 65 · 1h
13:33 KSA · PRE     · signal     · SUI-USD · orb ▼ 85 · 15m
13:33 KSA · PRE     · signal     · SUI-USD · brk ▼ 86 · 15m
13:33 KSA · PRE     · signal     · SUI-USD · sqzExp ▼ 68 · 1h
13:33 KSA · PRE     · signal     · PEPE-USD · brk ▲ 68 · 15m
13:33 KSA · PRE     · signal     · PEPE-USD · sqzExp ▲ 70 · 1h
13:33 KSA · PRE     · signal     · TAO-USD · sqzExp ▼ 68 · 1h
13:33 KSA · PRE     · signal     · THE-USD · orb ▼ 55 · 15m
13:33 KSA · PRE     · signal     · THE-USD · sqzExp ▼ 88 · 1h
13:33 KSA · PRE     · signal     · TRUMP-USD · orb ▼ 70 · 15m
13:33 KSA · PRE     · signal     · TRUMP-USD · brk ▼ 55 · 15m
13:33 KSA · PRE     · signal     · TRUMP-USD · sqzExp ▼ 68 · 1h
13:33 KSA · PRE     · signal     · EUR-USD · brk ▼ 73 · 15m
13:33 KSA · PRE     · signal     · ARB-USD · brk ▼ 57 · 15m
13:33 KSA · PRE     · signal     · BANK-USD · brk ▼ 73 · 15m
13:33 KSA · PRE     · signal     · TON-USD · brk ▼ 61 · 15m
13:33 KSA · PRE     · signal     · SENT-USD · orb ▼ 70 · 15m
13:33 KSA · PRE     · signal     · SENT-USD · brk ▼ 73 · 15m
13:33 KSA · PRE     · signal     · SENT-USD · sqzExp ▼ 78 · 1h
13:33 KSA · PRE     · signal     · PENGU-USD · brk ▼ 80 · 15m
13:33 KSA · PRE     · signal     · PENGU-USD · sqzExp ▼ 68 · 1h
13:33 KSA · PRE     · signal     · PENGU-USD · volSpike ▼ 78 · 15m
13:33 KSA · PRE     · signal     · WLFI-USD · brk ▼ 55 · 15m
13:33 KSA · PRE     · signal     · WLFI-USD · sqzExp ▼ 73 · 1h
13:33 KSA · PRE     · signal     · ASTER-USD · orb ▼ 65 · 15m
13:33 KSA · PRE     · signal     · ASTER-USD · brk ▼ 73 · 15m
13:33 KSA · PRE     · signal     · ASTER-USD · sqzExp ▼ 57 · 1h
13:33 KSA · PRE     · signal     · APT-USD · brk ▼ 55 · 15m
13:33 KSA · PRE     · signal     · APT-USD · sqzExp ▼ 60 · 1h
13:33 KSA · PRE     · signal     · D · sqzExp ▼ 63 · 1d · جلسة ممتدة
13:34 KSA · PRE     · scanner    · بدء المسح · 1153 رمزاً · الجلسة PRE
13:34 KSA · PRE     · signal     · NVDA · brk ▲ 69 · 15m · جلسة ممتدة
13:34 KSA · PRE     · signal     · MSFT · vwapRec ▲ 68 · 15m · جلسة ممتدة
13:34 KSA · PRE     · signal     · MU · brk ▲ 100 · 15m · جلسة ممتدة
13:34 KSA · PRE     · signal     · LLY · vwapRec ▲ 75 · 15m · جلسة ممتدة
13:34 KSA · PRE     · signal     · INTC · brk ▲ 100 · 15m · جلسة ممتدة
13:34 KSA · PRE     · signal     · MA · vwapRec ▲ 73 · 15m · جلسة ممتدة
13:34 KSA · PRE     · signal     · CAT · orb ▲ 75 · 15m · جلسة ممتدة
13:34 KSA · PRE     · signal     · CAT · vwapRec ▲ 60 · 15m · جلسة ممتدة
13:34 KSA · PRE     · signal     · CAT · brk ▲ 69 · 15m · جلسة ممتدة
13:34 KSA · PRE     · signal     · RTX · brk ▲ 69 · 15m · جلسة ممتدة
13:34 KSA · PRE     · signal     · ANET · brk ▲ 100 · 15m · جلسة ممتدة
13:34 KSA · PRE     · signal     · MRVL · brk ▲ 100 · 15m · جلسة ممتدة
13:34 KSA · PRE     · signal     · APH · brk ▲ 100 · 15m · جلسة ممتدة
13:34 KSA · PRE     · signal     · ADI · vwapRec ▲ 59 · 15m · جلسة ممتدة
13:34 KSA · PRE     · signal     · ETN · brk ▲ 100 · 15m · جلسة ممتدة
13:34 KSA · PRE     · signal     · GLW · brk ▲ 100 · 15m · جلسة ممتدة
13:34 KSA · PRE     · signal     · FCX · brk ▲ 100 · 15m · جلسة ممتدة
13:34 KSA · PRE     · signal     · HWM · pbTrend ▼ 100 · 1h · جلسة ممتدة
13:34 KSA · PRE     · signal     · CDNS · brk ▲ 100 · 15m · جلسة ممتدة
13:34 KSA · PRE     · signal     · MRNA · brk ▲ 100 · 15m · جلسة ممتدة
13:34 KSA · PRE     · signal     · COHR · brk ▲ 100 · 15m · جلسة ممتدة
13:34 KSA · PRE     · signal     · FIX · orb ▲ 85 · 15m · جلسة ممتدة
13:34 KSA · PRE     · signal     · FIX · brk ▲ 100 · 15m · جلسة ممتدة
13:34 KSA · PRE     · signal     · FIX · pbTrend ▼ 57 · 1h · جلسة ممتدة
13:34 KSA · PRE     · signal     · VST · brk ▲ 69 · 15m · جلسة ممتدة
13:34 KSA · PRE     · signal     · TAO-USD · orb ▲ 88 · 15m
13:34 KSA · PRE     · signal     · THE-USD · vwapRec ▲ 55 · 15m
13:34 KSA · PRE     · signal     · BANK-USD · vwapRec ▲ 100 · 15m
13:34 KSA · PRE     · signal     · PENGU-USD · orb ▲ 55 · 15m
13:34 KSA · PRE     · signal     · WLFI-USD · orb ▲ 73 · 15m
13:34 KSA · PRE     · signal     · APT-USD · orb ▲ 65 · 15m
13:34 KSA · PRE     · signal     · GNRC · brk ▲ 100 · 1d · جلسة ممتدة
13:34 KSA · PRE     · signal     · GNRC · sqzExp ▲ 100 · 1d · جلسة ممتدة
13:38 KSA · PRE     · scanner    · بدء المسح · 1153 رمزاً · الجلسة PRE
13:38 KSA · PRE     · signal     · UNI-USD · orb ▲ 64 · 15m
13:38 KSA · PRE     · signal     · U-USD · orb ▲ 100 · 15m
13:38 KSA · PRE     · signal     · WLFI-USD · vwapRec ▲ 100 · 15m
13:38 KSA · PRE     · signal     · WLFI-USD · meanRev ▼ 100 · 15m
13:40 KSA · PRE     · scanner    · بدء المسح · 1153 رمزاً · الجلسة PRE
13:40 KSA · PRE     · signal     · CRWD · orb ▼ 100 · 15m · جلسة ممتدة
13:40 KSA · PRE     · signal     · CRWD · brk ▼ 69 · 15m · جلسة ممتدة
13:40 KSA · PRE     · signal     · COIN · vwapRec ▼ 100 · 15m · جلسة ممتدة
13:40 KSA · PRE     · signal     · SENT-USD · vwapRec ▲ 100 · 15m
13:42 KSA · PRE     · scanner    · بدء المسح · 1153 رمزاً · الجلسة PRE
13:42 KSA · PRE     · signal     · GOOGL · orb ▼ 71 · 15m · جلسة ممتدة
13:42 KSA · PRE     · signal     · META · orb ▼ 59 · 15m · جلسة ممتدة
13:42 KSA · PRE     · signal     · AVGO · vwapRec ▼ 59 · 15m · جلسة ممتدة
13:42 KSA · PRE     · signal     · LLY · orb ▼ 88 · 15m · جلسة ممتدة
13:42 KSA · PRE     · signal     · AMD · orb ▼ 68 · 15m · جلسة ممتدة
13:42 KSA · PRE     · signal     · ORCL · vwapRec ▼ 59 · 15m · جلسة ممتدة
13:42 KSA · PRE     · signal     · BAC · vwapRec ▼ 65 · 15m · جلسة ممتدة
13:42 KSA · PRE     · signal     · GE · vwapRec ▼ 59 · 15m · جلسة ممتدة
13:42 KSA · PRE     · signal     · PANW · vwapRec ▲ 62 · 15m · جلسة ممتدة
13:42 KSA · PRE     · signal     · RTX · vwapRec ▼ 56 · 15m · جلسة ممتدة
13:42 KSA · PRE     · signal     · CRWD · vwapRec ▲ 65 · 15m · جلسة ممتدة
13:42 KSA · PRE     · signal     · KLAC · orb ▼ 100 · 15m · جلسة ممتدة
13:42 KSA · PRE     · signal     · AMGN · vwapRec ▼ 76 · 15m · جلسة ممتدة
13:42 KSA · PRE     · signal     · APH · orb ▼ 79 · 15m · جلسة ممتدة
13:42 KSA · PRE     · signal     · BX · vwapRec ▼ 57 · 15m · جلسة ممتدة
13:42 KSA · PRE     · signal     · BKNG · orb ▼ 100 · 15m · جلسة ممتدة
13:42 KSA · PRE     · signal     · GLW · orb ▼ 71 · 15m · جلسة ممتدة
13:42 KSA · PRE     · signal     · ACN · orb ▼ 77 · 15m · جلسة ممتدة
13:42 KSA · PRE     · signal     · ADP · orb ▲ 62 · 15m · جلسة ممتدة
13:42 KSA · PRE     · signal     · CEG · vwapRec ▼ 59 · 15m · جلسة ممتدة
13:42 KSA · PRE     · signal     · SHW · orb ▼ 77 · 15m · جلسة ممتدة
13:42 KSA · PRE     · signal     · CDNS · vwapRec ▼ 59 · 15m · جلسة ممتدة
13:42 KSA · PRE     · signal     · SNPS · orb ▼ 100 · 15m · جلسة ممتدة
13:42 KSA · PRE     · signal     · NKE · orb ▼ 70 · 15m · جلسة ممتدة
13:42 KSA · PRE     · signal     · VST · orb ▼ 82 · 15m · جلسة ممتدة
13:42 KSA · PRE     · signal     · VST · vwapRec ▼ 59 · 15m · جلسة ممتدة
13:42 KSA · PRE     · signal     · AVAX-USD · vwapRec ▼ 93 · 15m
13:42 KSA · PRE     · signal     · UNI-USD · brk ▼ 73 · 15m
13:42 KSA · PRE     · signal     · UNI-USD · sqzExp ▼ 65 · 1h
13:42 KSA · PRE     · signal     · SUI-USD · orb ▼ 85 · 15m
13:42 KSA · PRE     · signal     · SUI-USD · brk ▼ 86 · 15m
13:42 KSA · PRE     · signal     · SUI-USD · sqzExp ▼ 68 · 1h
13:42 KSA · PRE     · signal     · PEPE-USD · brk ▲ 68 · 15m
13:42 KSA · PRE     · signal     · PEPE-USD · sqzExp ▲ 70 · 1h
13:42 KSA · PRE     · signal     · TAO-USD · sqzExp ▼ 68 · 1h
13:42 KSA · PRE     · signal     · THE-USD · orb ▼ 55 · 15m
13:42 KSA · PRE     · signal     · THE-USD · sqzExp ▼ 88 · 1h
13:42 KSA · PRE     · signal     · TRUMP-USD · orb ▼ 70 · 15m
13:42 KSA · PRE     · signal     · TRUMP-USD · brk ▼ 55 · 15m
13:42 KSA · PRE     · signal     · TRUMP-USD · sqzExp ▼ 68 · 1h
13:42 KSA · PRE     · signal     · EUR-USD · brk ▼ 73 · 15m
13:42 KSA · PRE     · signal     · ARB-USD · brk ▼ 57 · 15m
13:42 KSA · PRE     · signal     · BANK-USD · orb ▼ 85 · 15m
13:42 KSA · PRE     · signal     · BANK-USD · brk ▼ 73 · 15m
13:42 KSA · PRE     · signal     · TON-USD · brk ▼ 61 · 15m
13:42 KSA · PRE     · signal     · SENT-USD · orb ▼ 70 · 15m
13:42 KSA · PRE     · signal     · SENT-USD · brk ▼ 73 · 15m
13:42 KSA · PRE     · signal     · SENT-USD · sqzExp ▼ 78 · 1h
13:42 KSA · PRE     · signal     · PENGU-USD · brk ▼ 80 · 15m
13:42 KSA · PRE     · signal     · PENGU-USD · sqzExp ▼ 68 · 1h
13:42 KSA · PRE     · signal     · WLFI-USD · brk ▼ 55 · 15m
13:42 KSA · PRE     · signal     · WLFI-USD · sqzExp ▼ 73 · 1h
13:42 KSA · PRE     · signal     · ASTER-USD · orb ▼ 65 · 15m
13:42 KSA · PRE     · signal     · ASTER-USD · brk ▼ 73 · 15m
13:42 KSA · PRE     · signal     · ASTER-USD · sqzExp ▼ 57 · 1h
13:42 KSA · PRE     · signal     · ASTER-USD · tfAlign ▲ 89 · 1d
13:42 KSA · PRE     · signal     · APT-USD · brk ▼ 55 · 15m
13:42 KSA · PRE     · signal     · APT-USD · sqzExp ▼ 60 · 1h
13:44 KSA · PRE     · scanner    · بدء المسح · 1153 رمزاً · الجلسة PRE
13:44 KSA · PRE     · signal     · MU · brk ▲ 100 · 15m · جلسة ممتدة
13:44 KSA · PRE     · signal     · LLY · vwapRec ▲ 88 · 15m · جلسة ممتدة
13:44 KSA · PRE     · signal     · INTC · brk ▲ 100 · 15m · جلسة ممتدة
13:44 KSA · PRE     · signal     · CAT · orb ▲ 75 · 15m · جلسة ممتدة
13:44 KSA · PRE     · signal     · CAT · brk ▲ 100 · 15m · جلسة ممتدة
13:44 KSA · PRE     · signal     · LRCX · brk ▲ 100 · 15m · جلسة ممتدة
13:44 KSA · PRE     · signal     · RTX · brk ▲ 63 · 15m · جلسة ممتدة
13:44 KSA · PRE     · signal     · ANET · brk ▲ 100 · 15m · جلسة ممتدة
13:44 KSA · PRE     · signal     · MRVL · brk ▲ 100 · 15m · جلسة ممتدة
13:44 KSA · PRE     · signal     · APH · brk ▲ 100 · 15m · جلسة ممتدة
13:44 KSA · PRE     · signal     · ADI · vwapRec ▲ 59 · 15m · جلسة ممتدة
13:44 KSA · PRE     · signal     · ETN · brk ▲ 100 · 15m · جلسة ممتدة
13:44 KSA · PRE     · signal     · FTNT · brk ▼ 100 · 15m · جلسة ممتدة
13:44 KSA · PRE     · signal     · GLW · brk ▲ 100 · 15m · جلسة ممتدة
13:44 KSA · PRE     · signal     · LMT · brk ▲ 69 · 15m · جلسة ممتدة
13:44 KSA · PRE     · signal     · FCX · brk ▲ 100 · 15m · جلسة ممتدة
13:44 KSA · PRE     · signal     · CDNS · brk ▲ 100 · 15m · جلسة ممتدة
13:44 KSA · PRE     · signal     · NSC · meanRev ▲ 100 · 15m · جلسة ممتدة
13:44 KSA · PRE     · signal     · MRNA · brk ▲ 100 · 15m · جلسة ممتدة
13:44 KSA · PRE     · signal     · COHR · brk ▲ 100 · 15m · جلسة ممتدة
13:44 KSA · PRE     · signal     · FIX · orb ▲ 69 · 15m · جلسة ممتدة
13:44 KSA · PRE     · signal     · FIX · brk ▲ 100 · 15m · جلسة ممتدة
13:44 KSA · PRE     · signal     · VST · brk ▲ 69 · 15m · جلسة ممتدة
13:44 KSA · PRE     · signal     · T-USD · pbTrend ▲ 57 · 1h
13:44 KSA · PRE     · signal     · UNI-USD · orb ▲ 60 · 15m
13:44 KSA · PRE     · signal     · TAO-USD · orb ▲ 88 · 15m
13:44 KSA · PRE     · signal     · THE-USD · vwapRec ▲ 55 · 15m
13:44 KSA · PRE     · signal     · SENT-USD · vwapRec ▲ 65 · 15m
13:44 KSA · PRE     · signal     · PENGU-USD · orb ▲ 55 · 15m
13:44 KSA · PRE     · signal     · WLFI-USD · orb ▲ 83 · 15m
13:44 KSA · PRE     · signal     · WLFI-USD · vwapRec ▲ 78 · 15m
13:44 KSA · PRE     · signal     · APT-USD · orb ▲ 65 · 15m
13:46 KSA · PRE     · scanner    · بدء المسح · 1153 رمزاً · الجلسة PRE
13:46 KSA · PRE     · signal     · ORCL · brk ▲ 69 · 15m · جلسة ممتدة
13:46 KSA · PRE     · signal     · U-USD · orb ▲ 100 · 15m
13:48 KSA · PRE     · scanner    · بدء المسح · 1153 رمزاً · الجلسة PRE
13:48 KSA · PRE     · signal     · KLAC · orb ▲ 100 · 15m · جلسة ممتدة
13:48 KSA · PRE     · signal     · VLO · orb ▲ 79 · 15m · جلسة ممتدة
13:48 KSA · PRE     · signal     · WLD-USD · orb ▼ 64 · 15m
13:50 KSA · PRE     · scanner    · بدء المسح · 1153 رمزاً · الجلسة PRE
13:50 KSA · PRE     · signal     · BANK-USD · vwapRec ▲ 100 · 15m
13:53 KSA · PRE     · scanner    · بدء المسح · 1153 رمزاً · الجلسة PRE
13:53 KSA · PRE     · signal     · GOOGL · orb ▼ 71 · 15m · جلسة ممتدة
13:53 KSA · PRE     · signal     · AVGO · vwapRec ▼ 59 · 15m · جلسة ممتدة
13:53 KSA · PRE     · signal     · BTC-USD · brk ▼ 61 · 15m
13:53 KSA · PRE     · signal     · LLY · orb ▼ 88 · 15m · جلسة ممتدة
13:53 KSA · PRE     · signal     · AMD · orb ▼ 68 · 15m · جلسة ممتدة
13:53 KSA · PRE     · signal     · ORCL · vwapRec ▼ 59 · 15m · جلسة ممتدة
13:53 KSA · PRE     · signal     · BAC · vwapRec ▼ 80 · 15m · جلسة ممتدة
13:53 KSA · PRE     · signal     · GE · vwapRec ▼ 59 · 15m · جلسة ممتدة
13:53 KSA · PRE     · signal     · PANW · vwapRec ▲ 59 · 15m · جلسة ممتدة
13:53 KSA · PRE     · signal     · PM · brk ▼ 77 · 15m · جلسة ممتدة
13:53 KSA · PRE     · signal     · RTX · vwapRec ▼ 56 · 15m · جلسة ممتدة
13:53 KSA · PRE     · signal     · CRWD · vwapRec ▲ 71 · 15m · جلسة ممتدة
13:53 KSA · PRE     · signal     · AMGN · vwapRec ▼ 65 · 15m · جلسة ممتدة
13:53 KSA · PRE     · signal     · APH · orb ▼ 68 · 15m · جلسة ممتدة
13:53 KSA · PRE     · signal     · ETN · vwapRec ▼ 55 · 15m · جلسة ممتدة
13:53 KSA · PRE     · signal     · BX · vwapRec ▼ 59 · 15m · جلسة ممتدة
13:53 KSA · PRE     · signal     · GLW · orb ▼ 60 · 15m · جلسة ممتدة
13:53 KSA · PRE     · signal     · ACN · orb ▼ 85 · 15m · جلسة ممتدة
13:53 KSA · PRE     · signal     · ACN · vwapRec ▼ 68 · 15m · جلسة ممتدة
13:53 KSA · PRE     · signal     · ADP · orb ▲ 62 · 15m · جلسة ممتدة
13:53 KSA · PRE     · signal     · VRT · vwapRec ▼ 57 · 15m · جلسة ممتدة
13:53 KSA · PRE     · signal     · CEG · vwapRec ▼ 59 · 15m · جلسة ممتدة
13:53 KSA · PRE     · signal     · SHW · orb ▼ 77 · 15m · جلسة ممتدة
13:53 KSA · PRE     · signal     · CDNS · vwapRec ▼ 59 · 15m · جلسة ممتدة
13:53 KSA · PRE     · signal     · SNPS · orb ▼ 100 · 15m · جلسة ممتدة
13:53 KSA · PRE     · signal     · NKE · orb ▼ 82 · 15m · جلسة ممتدة
13:53 KSA · PRE     · signal     · VST · orb ▼ 70 · 15m · جلسة ممتدة
13:53 KSA · PRE     · signal     · UNI-USD · sqzExp ▼ 65 · 1h
13:53 KSA · PRE     · signal     · UNI-USD · tfAlign ▲ 89 · 1d
13:53 KSA · PRE     · signal     · SUI-USD · orb ▼ 85 · 15m
13:53 KSA · PRE     · signal     · SUI-USD · brk ▼ 70 · 15m
13:53 KSA · PRE     · signal     · SUI-USD · sqzExp ▼ 68 · 1h
13:53 KSA · PRE     · signal     · PEPE-USD · brk ▲ 80 · 15m
13:53 KSA · PRE     · signal     · PEPE-USD · sqzExp ▲ 70 · 1h
13:53 KSA · PRE     · signal     · TAO-USD · brk ▼ 55 · 15m
13:53 KSA · PRE     · signal     · TAO-USD · sqzExp ▼ 68 · 1h
13:53 KSA · PRE     · signal     · THE-USD · orb ▼ 55 · 15m
13:53 KSA · PRE     · signal     · THE-USD · sqzExp ▼ 88 · 1h
13:53 KSA · PRE     · signal     · TRUMP-USD · orb ▼ 70 · 15m
13:53 KSA · PRE     · signal     · TRUMP-USD · brk ▼ 68 · 15m
13:53 KSA · PRE     · signal     · TRUMP-USD · sqzExp ▼ 68 · 1h
13:53 KSA · PRE     · signal     · EUR-USD · brk ▼ 80 · 15m
13:53 KSA · PRE     · signal     · ARB-USD · brk ▼ 55 · 15m
13:53 KSA · PRE     · signal     · BANK-USD · orb ▼ 78 · 15m
13:53 KSA · PRE     · signal     · BANK-USD · brk ▼ 77 · 15m
13:53 KSA · PRE     · signal     · TON-USD · brk ▼ 61 · 15m
13:53 KSA · PRE     · signal     · SENT-USD · orb ▼ 63 · 15m
13:53 KSA · PRE     · signal     · SENT-USD · sqzExp ▼ 78 · 1h
13:53 KSA · PRE     · signal     · PENGU-USD · brk ▼ 61 · 15m
13:53 KSA · PRE     · signal     · PENGU-USD · sqzExp ▼ 68 · 1h
13:53 KSA · PRE     · signal     · WLFI-USD · brk ▼ 59 · 15m
13:53 KSA · PRE     · signal     · WLFI-USD · sqzExp ▼ 73 · 1h
13:53 KSA · PRE     · signal     · ASTER-USD · sqzExp ▼ 57 · 1h
13:53 KSA · PRE     · signal     · APT-USD · brk ▼ 55 · 15m
13:53 KSA · PRE     · signal     · APT-USD · sqzExp ▼ 60 · 1h
13:53 KSA · PRE     · signal     · BFUSD-USD · brk ▼ 79 · 1d
13:53 KSA · PRE     · signal     · NVDAB-USD · volSpike ▲ 67 · 1d
13:53 KSA · PRE     · signal     · LA-USD · brk ▼ 68 · 1d
13:53 KSA · PRE     · signal     · ALT-USD · rsiDiv ▼ 58 · 1d
13:53 KSA · PRE     · signal     · POL-USD · brk ▼ 63 · 1d
13:53 KSA · PRE     · signal     · SAGA-USD · sqzExp ▼ 94 · 1d
13:53 KSA · PRE     · signal     · SAGA-USD · volSpike ▼ 94 · 1d
13:53 KSA · PRE     · signal     · MORPHO-USD · sqzExp ▼ 59 · 1d
13:53 KSA · PRE     · signal     · AERO-USD · brk ▼ 68 · 1d
13:53 KSA · PRE     · signal     · CHIP-USD · brk ▼ 55 · 1d
13:53 KSA · PRE     · signal     · SOPH-USD · brk ▼ 84 · 1d
13:53 KSA · PRE     · signal     · SOPH-USD · sqzExp ▼ 69 · 1d
13:53 KSA · PRE     · signal     · RED-USD · brk ▼ 66 · 1d
13:53 KSA · PRE     · signal     · STX-USD · sqzExp ▼ 66 · 1d
13:53 KSA · PRE     · signal     · HFT-USD · brk ▼ 84 · 1d
13:53 KSA · PRE     · signal     · HFT-USD · sqzExp ▼ 69 · 1d
13:53 KSA · PRE     · signal     · MET-USD · brk ▲ 66 · 1d
13:53 KSA · PRE     · signal     · BB-USD · brk ▲ 61 · 1d
13:53 KSA · PRE     · signal     · BB-USD · sqzExp ▲ 56 · 1d
13:53 KSA · PRE     · signal     · MEGA-USD · sqzExp ▲ 88 · 1d
13:54 KSA · PRE     · scanner    · بدء المسح · 1153 رمزاً · الجلسة PRE
13:54 KSA · PRE     · signal     · MU · brk ▲ 100 · 15m · جلسة ممتدة
13:54 KSA · PRE     · signal     · LLY · vwapRec ▲ 88 · 15m · جلسة ممتدة
13:54 KSA · PRE     · signal     · WMT · orb ▲ 100 · 15m · جلسة ممتدة
13:54 KSA · PRE     · signal     · INTC · brk ▲ 100 · 15m · جلسة ممتدة
13:54 KSA · PRE     · signal     · CAT · orb ▲ 88 · 15m · جلسة ممتدة
13:54 KSA · PRE     · signal     · CAT · vwapRec ▲ 71 · 15m · جلسة ممتدة
13:54 KSA · PRE     · signal     · RTX · brk ▲ 63 · 15m · جلسة ممتدة
13:54 KSA · PRE     · signal     · ANET · brk ▲ 100 · 15m · جلسة ممتدة
13:54 KSA · PRE     · signal     · KLAC · orb ▲ 100 · 15m · جلسة ممتدة
13:54 KSA · PRE     · signal     · MRVL · brk ▲ 100 · 15m · جلسة ممتدة
13:54 KSA · PRE     · signal     · APH · vwapRec ▲ 57 · 15m · جلسة ممتدة
13:54 KSA · PRE     · signal     · APH · brk ▲ 100 · 15m · جلسة ممتدة
13:54 KSA · PRE     · signal     · ADI · vwapRec ▲ 59 · 15m · جلسة ممتدة
13:54 KSA · PRE     · signal     · NEE · vwapRec ▲ 78 · 15m · جلسة ممتدة
13:54 KSA · PRE     · signal     · ETN · brk ▲ 100 · 15m · جلسة ممتدة
13:54 KSA · PRE     · signal     · GLW · brk ▲ 100 · 15m · جلسة ممتدة
13:54 KSA · PRE     · signal     · VLO · orb ▲ 100 · 15m · جلسة ممتدة
13:54 KSA · PRE     · signal     · FCX · brk ▲ 100 · 15m · جلسة ممتدة
13:54 KSA · PRE     · signal     · CDNS · brk ▲ 100 · 15m · جلسة ممتدة
13:54 KSA · PRE     · signal     · HPE · vwapRec ▲ 75 · 15m · جلسة ممتدة
13:54 KSA · PRE     · signal     · MRNA · brk ▲ 100 · 15m · جلسة ممتدة
13:54 KSA · PRE     · signal     · COHR · brk ▲ 100 · 15m · جلسة ممتدة
13:54 KSA · PRE     · signal     · FIX · brk ▲ 100 · 15m · جلسة ممتدة
13:54 KSA · PRE     · signal     · VST · brk ▲ 69 · 15m · جلسة ممتدة
13:54 KSA · PRE     · signal     · UNI-USD · orb ▲ 70 · 15m
13:54 KSA · PRE     · signal     · U-USD · orb ▲ 65 · 15m
13:54 KSA · PRE     · signal     · TAO-USD · orb ▲ 80 · 15m
13:54 KSA · PRE     · signal     · BANK-USD · vwapRec ▲ 93 · 15m
13:54 KSA · PRE     · signal     · WLFI-USD · orb ▲ 90 · 15m
13:54 KSA · PRE     · signal     · WLFI-USD · vwapRec ▲ 85 · 15m
13:54 KSA · PRE     · signal     · APT-USD · orb ▲ 65 · 15m
13:54 KSA · PRE     · signal     · NFP-USD · brk ▼ 100 · 1d
13:56 KSA · PRE     · scanner    · بدء المسح · 1153 رمزاً · الجلسة PRE
13:56 KSA · PRE     · signal     · GOOGL · vwapRec ▼ 100 · 15m · جلسة ممتدة
13:56 KSA · PRE     · signal     · SNPS · orb ▼ 100 · 15m · جلسة ممتدة
13:56 KSA · PRE     · signal     · GRAM-USD · orb ▲ 100 · 15m
13:56 KSA · PRE     · signal     · UNI-USD · vwapRec ▲ 100 · 15m
13:58 KSA · PRE     · scanner    · بدء المسح · 1153 رمزاً · الجلسة PRE
13:58 KSA · PRE     · signal     · NVDA · brk ▲ 69 · 15m · جلسة ممتدة
13:58 KSA · PRE     · signal     · LMT · brk ▲ 100 · 15m · جلسة ممتدة
13:58 KSA · PRE     · signal     · XPL-USD · meanRev ▼ 100 · 15m
13:58 KSA · PRE     · signal     · SUI-USD · orb ▲ 64 · 15m
14:00 KSA · PRE     · scanner    · بدء المسح · 1153 رمزاً · الجلسة PRE
14:00 KSA · PRE     · signal     · CAT · meanRev ▼ 100 · 15m · جلسة ممتدة
14:00 KSA · PRE     · signal     · CDNS · vwapRec ▼ 100 · 15m · جلسة ممتدة
14:03 KSA · PRE     · scanner    · بدء المسح · 1153 رمزاً · الجلسة PRE
14:03 KSA · PRE     · signal     · GOOGL · orb ▼ 71 · 15m · جلسة ممتدة
14:03 KSA · PRE     · signal     · AVGO · vwapRec ▼ 59 · 15m · جلسة ممتدة
14:03 KSA · PRE     · signal     · LLY · orb ▼ 88 · 15m · جلسة ممتدة
14:03 KSA · PRE     · signal     · WMT · brk ▼ 86 · 15m · جلسة ممتدة
14:03 KSA · PRE     · signal     · AMD · orb ▼ 68 · 15m · جلسة ممتدة
14:03 KSA · PRE     · signal     · ORCL · vwapRec ▼ 59 · 15m · جلسة ممتدة
14:03 KSA · PRE     · signal     · GE · vwapRec ▼ 59 · 15m · جلسة ممتدة
14:03 KSA · PRE     · signal     · PM · brk ▼ 86 · 15m · جلسة ممتدة
14:03 KSA · PRE     · signal     · AMGN · vwapRec ▼ 65 · 15m · جلسة ممتدة
14:03 KSA · PRE     · signal     · APH · orb ▼ 60 · 15m · جلسة ممتدة
14:03 KSA · PRE     · signal     · BX · vwapRec ▼ 59 · 15m · جلسة ممتدة
14:03 KSA · PRE     · signal     · GLW · orb ▼ 71 · 15m · جلسة ممتدة
14:03 KSA · PRE     · signal     · LMT · vwapRec ▼ 75 · 15m · جلسة ممتدة
14:03 KSA · PRE     · signal     · MDT · volSpike ▼ 78 · 15m · جلسة ممتدة
14:03 KSA · PRE     · signal     · ACN · orb ▼ 70 · 15m · جلسة ممتدة
14:03 KSA · PRE     · signal     · ADP · orb ▲ 62 · 15m · جلسة ممتدة
14:03 KSA · PRE     · signal     · CEG · vwapRec ▼ 59 · 15m · جلسة ممتدة
14:03 KSA · PRE     · signal     · SHW · orb ▼ 77 · 15m · جلسة ممتدة
14:03 KSA · PRE     · signal     · SNPS · orb ▼ 100 · 15m · جلسة ممتدة
14:03 KSA · PRE     · signal     · NKE · orb ▼ 82 · 15m · جلسة ممتدة
14:03 KSA · PRE     · signal     · VST · orb ▼ 82 · 15m · جلسة ممتدة
14:03 KSA · PRE     · signal     · VST · vwapRec ▼ 59 · 15m · جلسة ممتدة
14:03 KSA · PRE     · signal     · UNI-USD · sqzExp ▼ 65 · 1h
14:03 KSA · PRE     · signal     · SUI-USD · brk ▼ 55 · 15m
14:03 KSA · PRE     · signal     · SUI-USD · sqzExp ▼ 68 · 1h
14:03 KSA · PRE     · signal     · U-USD · brk ▼ 55 · 15m
14:03 KSA · PRE     · signal     · PEPE-USD · brk ▲ 70 · 15m
14:03 KSA · PRE     · signal     · PEPE-USD · sqzExp ▲ 70 · 1h
14:03 KSA · PRE     · signal     · TAO-USD · sqzExp ▼ 68 · 1h
14:03 KSA · PRE     · signal     · THE-USD · orb ▼ 55 · 15m
14:03 KSA · PRE     · signal     · THE-USD · sqzExp ▼ 88 · 1h
14:03 KSA · PRE     · signal     · TRUMP-USD · orb ▼ 70 · 15m
14:03 KSA · PRE     · signal     · TRUMP-USD · brk ▼ 55 · 15m
14:03 KSA · PRE     · signal     · TRUMP-USD · sqzExp ▼ 68 · 1h
14:03 KSA · PRE     · signal     · EUR-USD · brk ▼ 73 · 15m
14:03 KSA · PRE     · signal     · BANK-USD · orb ▼ 78 · 15m
14:03 KSA · PRE     · signal     · BANK-USD · brk ▼ 70 · 15m
14:03 KSA · PRE     · signal     · TON-USD · brk ▼ 61 · 15m
14:03 KSA · PRE     · signal     · SENT-USD · orb ▼ 55 · 15m
14:03 KSA · PRE     · signal     · SENT-USD · sqzExp ▼ 78 · 1h
14:03 KSA · PRE     · signal     · PENGU-USD · orb ▼ 68 · 15m
14:03 KSA · PRE     · signal     · PENGU-USD · sqzExp ▼ 68 · 1h
14:03 KSA · PRE     · signal     · WLFI-USD · brk ▼ 64 · 15m
14:03 KSA · PRE     · signal     · WLFI-USD · sqzExp ▼ 73 · 1h
14:03 KSA · PRE     · signal     · ASTER-USD · orb ▼ 65 · 15m
14:03 KSA · PRE     · signal     · ASTER-USD · brk ▼ 73 · 15m
14:03 KSA · PRE     · signal     · ASTER-USD · sqzExp ▼ 57 · 1h
14:03 KSA · PRE     · signal     · APT-USD · brk ▼ 55 · 15m
14:03 KSA · PRE     · signal     · APT-USD · sqzExp ▼ 60 · 1h
14:03 KSA · PRE     · signal     · IOTX-USD · brk ▲ 82 · 1d
14:03 KSA · PRE     · signal     · IQ-USD · rsiDiv ▼ 58 · 1d
14:03 KSA · PRE     · signal     · GAL-USD · sqzExp ▼ 75 · 1d
14:03 KSA · PRE     · signal     · SYN-USD · brk ▼ 63 · 1d
14:03 KSA · PRE     · signal     · SYN-USD · meanRev ▲ 70 · 1d
14:03 KSA · PRE     · signal     · SYN-USD · sqzExp ▼ 72 · 1d
14:03 KSA · PRE     · signal     · GIGGLE-USD · sqzExp ▼ 81 · 1d
14:03 KSA · PRE     · signal     · ACE-USD · brk ▼ 58 · 1d
14:03 KSA · PRE     · signal     · POLY-USD · brk ▼ 66 · 1d
14:03 KSA · PRE     · signal     · KAT-USD · sqzExp ▼ 100 · 1d
14:03 KSA · PRE     · signal     · VANA-USD · brk ▲ 74 · 1d
14:03 KSA · PRE     · signal     · SKY-USD · volSpike ▼ 67 · 1d
14:03 KSA · PRE     · signal     · OMNI-USD · brk ▼ 76 · 1d
14:04 KSA · PRE     · scanner    · بدء المسح · 1153 رمزاً · الجلسة PRE
14:04 KSA · PRE     · signal     · NVDA · brk ▲ 100 · 15m · جلسة ممتدة
14:04 KSA · PRE     · signal     · MU · brk ▲ 100 · 15m · جلسة ممتدة
14:04 KSA · PRE     · signal     · INTC · brk ▲ 100 · 15m · جلسة ممتدة
14:04 KSA · PRE     · signal     · CAT · orb ▲ 79 · 15m · جلسة ممتدة
14:04 KSA · PRE     · signal     · CAT · brk ▲ 100 · 15m · جلسة ممتدة
14:04 KSA · PRE     · signal     · LRCX · vwapRec ▲ 74 · 15m · جلسة ممتدة
14:04 KSA · PRE     · signal     · LRCX · brk ▲ 69 · 15m · جلسة ممتدة
14:04 KSA · PRE     · signal     · AMAT · brk ▲ 100 · 15m · جلسة ممتدة
14:04 KSA · PRE     · signal     · AMAT · meanRev ▼ 100 · 15m · جلسة ممتدة
14:04 KSA · PRE     · signal     · RTX · vwapRec ▲ 63 · 15m · جلسة ممتدة
14:04 KSA · PRE     · signal     · RTX · brk ▲ 81 · 15m · جلسة ممتدة
14:04 KSA · PRE     · signal     · ANET · brk ▲ 81 · 15m · جلسة ممتدة
14:04 KSA · PRE     · signal     · SNDK · brk ▲ 69 · 15m · جلسة ممتدة
14:04 KSA · PRE     · signal     · KLAC · orb ▲ 100 · 15m · جلسة ممتدة
14:04 KSA · PRE     · signal     · MRVL · brk ▲ 100 · 15m · جلسة ممتدة
14:04 KSA · PRE     · signal     · APH · brk ▲ 100 · 15m · جلسة ممتدة
14:04 KSA · PRE     · signal     · STX · brk ▲ 100 · 15m · جلسة ممتدة
14:04 KSA · PRE     · signal     · ADI · vwapRec ▲ 59 · 15m · جلسة ممتدة
14:04 KSA · PRE     · signal     · ETN · brk ▲ 81 · 15m · جلسة ممتدة
14:04 KSA · PRE     · signal     · WDC · brk ▲ 100 · 15m · جلسة ممتدة
14:04 KSA · PRE     · signal     · VRTX · orb ▲ 71 · 15m · جلسة ممتدة
14:04 KSA · PRE     · signal     · GLW · brk ▲ 100 · 15m · جلسة ممتدة
14:04 KSA · PRE     · signal     · LMT · brk ▲ 100 · 15m · جلسة ممتدة
14:04 KSA · PRE     · signal     · FCX · brk ▲ 100 · 15m · جلسة ممتدة
14:04 KSA · PRE     · signal     · CDNS · brk ▲ 100 · 15m · جلسة ممتدة
14:04 KSA · PRE     · signal     · NSC · brk ▲ 63 · 15m · جلسة ممتدة
14:04 KSA · PRE     · signal     · NSC · sqzExp ▲ 100 · 1h · جلسة ممتدة
14:04 KSA · PRE     · signal     · MRNA · brk ▲ 81 · 15m · جلسة ممتدة
14:04 KSA · PRE     · signal     · COHR · brk ▲ 100 · 15m · جلسة ممتدة
14:04 KSA · PRE     · signal     · FIX · brk ▲ 100 · 15m · جلسة ممتدة
14:04 KSA · PRE     · signal     · VST · brk ▲ 100 · 15m · جلسة ممتدة
14:04 KSA · PRE     · signal     · REZ-USD · brk ▲ 100 · 15m
14:04 KSA · PRE     · signal     · SOXLB-USD · sqzExp ▲ 100 · 1h
14:04 KSA · PRE     · signal     · UNI-USD · orb ▲ 65 · 15m
14:04 KSA · PRE     · signal     · SUI-USD · orb ▲ 75 · 15m
14:04 KSA · PRE     · signal     · U-USD · orb ▲ 73 · 15m
14:04 KSA · PRE     · signal     · TAO-USD · orb ▲ 73 · 15m
14:04 KSA · PRE     · signal     · THE-USD · brk ▲ 61 · 15m
14:04 KSA · PRE     · signal     · BANK-USD · vwapRec ▲ 78 · 15m
14:04 KSA · PRE     · signal     · PENGU-USD · vwapRec ▲ 70 · 15m
14:04 KSA · PRE     · signal     · WLFI-USD · orb ▲ 83 · 15m
14:04 KSA · PRE     · signal     · WLFI-USD · vwapRec ▲ 78 · 15m
14:04 KSA · PRE     · signal     · APT-USD · orb ▲ 65 · 15m
14:08 KSA · PRE     · scanner    · بدء المسح · 1153 رمزاً · الجلسة PRE
14:08 KSA · PRE     · signal     · PSX · orb ▲ 79 · 15m · جلسة ممتدة
14:08 KSA · PRE     · signal     · PWR · brk ▲ 100 · 15m · جلسة ممتدة
14:08 KSA · PRE     · signal     · SENT-USD · vwapRec ▲ 100 · 15m
14:10 KSA · PRE     · scanner    · بدء المسح · 1153 رمزاً · الجلسة PRE
14:10 KSA · PRE     · signal     · ORCL · vwapRec ▼ 100 · 15m · جلسة ممتدة
14:10 KSA · PRE     · signal     · PAXG-USD · brk ▲ 69 · 15m
14:10 KSA · PRE     · signal     · AWK · meanRev ▲ 100 · 1d · جلسة ممتدة
14:12 KSA · PRE     · scanner    · بدء المسح · 1153 رمزاً · الجلسة PRE
14:12 KSA · PRE     · signal     · GOOGL · orb ▼ 71 · 15m · جلسة ممتدة
14:12 KSA · PRE     · signal     · AVGO · vwapRec ▼ 59 · 15m · جلسة ممتدة
14:12 KSA · PRE     · signal     · LLY · orb ▼ 82 · 15m · جلسة ممتدة
14:12 KSA · PRE     · signal     · AMD · orb ▼ 68 · 15m · جلسة ممتدة
14:12 KSA · PRE     · signal     · GE · vwapRec ▼ 59 · 15m · جلسة ممتدة
14:12 KSA · PRE     · signal     · PM · brk ▼ 86 · 15m · جلسة ممتدة
14:12 KSA · PRE     · signal     · AMGN · vwapRec ▼ 65 · 15m · جلسة ممتدة
14:12 KSA · PRE     · signal     · QCOM · orb ▼ 82 · 15m · جلسة ممتدة
14:12 KSA · PRE     · signal     · APH · orb ▼ 71 · 15m · جلسة ممتدة
14:12 KSA · PRE     · signal     · BX · vwapRec ▼ 59 · 15m · جلسة ممتدة
14:12 KSA · PRE     · signal     · BKNG · orb ▼ 91 · 15m · جلسة ممتدة
14:12 KSA · PRE     · signal     · GLW · orb ▼ 71 · 15m · جلسة ممتدة
14:12 KSA · PRE     · signal     · LMT · vwapRec ▼ 75 · 15m · جلسة ممتدة
14:12 KSA · PRE     · signal     · ADP · orb ▲ 62 · 15m · جلسة ممتدة
14:12 KSA · PRE     · signal     · VRT · orb ▼ 82 · 15m · جلسة ممتدة
14:12 KSA · PRE     · signal     · CEG · vwapRec ▼ 59 · 15m · جلسة ممتدة
14:12 KSA · PRE     · signal     · SHW · orb ▼ 77 · 15m · جلسة ممتدة
14:12 KSA · PRE     · signal     · SNPS · orb ▼ 100 · 15m · جلسة ممتدة
14:12 KSA · PRE     · signal     · MRNA · orb ▼ 76 · 15m · جلسة ممتدة
14:12 KSA · PRE     · signal     · NKE · orb ▼ 82 · 15m · جلسة ممتدة
14:12 KSA · PRE     · signal     · CIEN · orb ▼ 91 · 15m · جلسة ممتدة
14:12 KSA · PRE     · signal     · VST · orb ▼ 82 · 15m · جلسة ممتدة
14:12 KSA · PRE     · signal     · VST · vwapRec ▼ 59 · 15m · جلسة ممتدة
14:12 KSA · PRE     · signal     · UNI-USD · sqzExp ▼ 65 · 1h
14:12 KSA · PRE     · signal     · SUI-USD · brk ▼ 55 · 15m
14:12 KSA · PRE     · signal     · SUI-USD · sqzExp ▼ 68 · 1h
14:12 KSA · PRE     · signal     · U-USD · brk ▼ 55 · 15m
14:12 KSA · PRE     · signal     · PEPE-USD · brk ▲ 70 · 15m
14:12 KSA · PRE     · signal     · PEPE-USD · sqzExp ▲ 70 · 1h
14:12 KSA · PRE     · signal     · TAO-USD · sqzExp ▼ 68 · 1h
14:12 KSA · PRE     · signal     · THE-USD · orb ▼ 55 · 15m
14:12 KSA · PRE     · signal     · THE-USD · sqzExp ▼ 88 · 1h
14:12 KSA · PRE     · signal     · TRUMP-USD · orb ▼ 70 · 15m
14:12 KSA · PRE     · signal     · TRUMP-USD · brk ▼ 55 · 15m
14:12 KSA · PRE     · signal     · TRUMP-USD · sqzExp ▼ 68 · 1h
14:12 KSA · PRE     · signal     · EUR-USD · brk ▼ 73 · 15m
14:12 KSA · PRE     · signal     · BANK-USD · orb ▼ 78 · 15m
14:12 KSA · PRE     · signal     · BANK-USD · brk ▼ 70 · 15m
14:12 KSA · PRE     · signal     · TON-USD · brk ▼ 61 · 15m
14:12 KSA · PRE     · signal     · SENT-USD · orb ▼ 55 · 15m
14:12 KSA · PRE     · signal     · SENT-USD · sqzExp ▼ 78 · 1h
14:12 KSA · PRE     · signal     · PENGU-USD · orb ▼ 68 · 15m
14:12 KSA · PRE     · signal     · PENGU-USD · sqzExp ▼ 68 · 1h
14:12 KSA · PRE     · signal     · WLFI-USD · brk ▼ 64 · 15m
14:12 KSA · PRE     · signal     · WLFI-USD · sqzExp ▼ 73 · 1h
14:12 KSA · PRE     · signal     · ASTER-USD · orb ▼ 65 · 15m
14:12 KSA · PRE     · signal     · ASTER-USD · brk ▼ 73 · 15m
14:12 KSA · PRE     · signal     · ASTER-USD · sqzExp ▼ 57 · 1h
14:12 KSA · PRE     · signal     · APT-USD · brk ▼ 55 · 15m
14:12 KSA · PRE     · signal     · APT-USD · sqzExp ▼ 60 · 1h
14:14 KSA · PRE     · scanner    · بدء المسح · 1153 رمزاً · الجلسة PRE
14:14 KSA · PRE     · signal     · MU · brk ▲ 100 · 15m · جلسة ممتدة
14:14 KSA · PRE     · signal     · INTC · brk ▲ 100 · 15m · جلسة ممتدة
14:14 KSA · PRE     · signal     · CAT · orb ▲ 79 · 15m · جلسة ممتدة
14:14 KSA · PRE     · signal     · CAT · brk ▲ 100 · 15m · جلسة ممتدة
14:14 KSA · PRE     · signal     · LRCX · brk ▲ 69 · 15m · جلسة ممتدة
14:14 KSA · PRE     · signal     · RTX · brk ▲ 69 · 15m · جلسة ممتدة
14:14 KSA · PRE     · signal     · ANET · brk ▲ 81 · 15m · جلسة ممتدة
14:14 KSA · PRE     · signal     · KLAC · orb ▲ 100 · 15m · جلسة ممتدة
14:14 KSA · PRE     · signal     · MRVL · brk ▲ 100 · 15m · جلسة ممتدة
14:14 KSA · PRE     · signal     · CRM · meanRev ▲ 100 · 15m · جلسة ممتدة
14:14 KSA · PRE     · signal     · APH · brk ▲ 81 · 15m · جلسة ممتدة
14:14 KSA · PRE     · signal     · STX · brk ▲ 100 · 15m · جلسة ممتدة
14:14 KSA · PRE     · signal     · ADI · vwapRec ▲ 59 · 15m · جلسة ممتدة
14:14 KSA · PRE     · signal     · ETN · brk ▲ 81 · 15m · جلسة ممتدة
14:14 KSA · PRE     · signal     · WDC · brk ▲ 69 · 15m · جلسة ممتدة
14:14 KSA · PRE     · signal     · GLW · brk ▲ 100 · 15m · جلسة ممتدة
14:14 KSA · PRE     · signal     · LMT · brk ▲ 100 · 15m · جلسة ممتدة
14:14 KSA · PRE     · signal     · FCX · brk ▲ 100 · 15m · جلسة ممتدة
14:14 KSA · PRE     · signal     · PWR · brk ▲ 100 · 15m · جلسة ممتدة
14:14 KSA · PRE     · signal     · CDNS · brk ▲ 100 · 15m · جلسة ممتدة
14:14 KSA · PRE     · signal     · HPE · brk ▲ 69 · 15m · جلسة ممتدة
14:14 KSA · PRE     · signal     · NSC · brk ▲ 63 · 15m · جلسة ممتدة
14:14 KSA · PRE     · signal     · NSC · sqzExp ▲ 100 · 1h · جلسة ممتدة
14:14 KSA · PRE     · signal     · MRNA · brk ▲ 81 · 15m · جلسة ممتدة
14:14 KSA · PRE     · signal     · COHR · brk ▲ 100 · 15m · جلسة ممتدة
14:14 KSA · PRE     · signal     · FIX · vwapRec ▲ 59 · 15m · جلسة ممتدة
14:14 KSA · PRE     · signal     · FIX · brk ▲ 81 · 15m · جلسة ممتدة
14:14 KSA · PRE     · signal     · TER · meanRev ▼ 100 · 15m · جلسة ممتدة
14:14 KSA · PRE     · signal     · VST · brk ▲ 100 · 15m · جلسة ممتدة
14:14 KSA · PRE     · signal     · UNI-USD · orb ▲ 65 · 15m
14:14 KSA · PRE     · signal     · SUI-USD · orb ▲ 85 · 15m
14:14 KSA · PRE     · signal     · SUI-USD · vwapRec ▲ 78 · 15m
14:14 KSA · PRE     · signal     · TAO-USD · orb ▲ 80 · 15m
14:14 KSA · PRE     · signal     · THE-USD · brk ▲ 61 · 15m
14:14 KSA · PRE     · signal     · TRUMP-USD · vwapRec ▲ 100 · 15m
14:14 KSA · PRE     · signal     · BANK-USD · vwapRec ▲ 68 · 15m
14:14 KSA · PRE     · signal     · PENGU-USD · vwapRec ▲ 70 · 15m
14:14 KSA · PRE     · signal     · WLFI-USD · orb ▲ 83 · 15m
14:14 KSA · PRE     · signal     · WLFI-USD · vwapRec ▲ 78 · 15m
14:14 KSA · PRE     · signal     · APT-USD · orb ▲ 65 · 15m
14:14 KSA · PRE     · signal     · UDR · sqzExp ▲ 100 · 1d · جلسة ممتدة
14:16 KSA · PRE     · scanner    · بدء المسح · 1153 رمزاً · الجلسة PRE
14:16 KSA · PRE     · signal     · TSLA · vwapRec ▲ 100 · 15m · جلسة ممتدة
14:16 KSA · PRE     · signal     · PM · brk ▼ 100 · 15m · جلسة ممتدة
14:16 KSA · PRE     · signal     · HWM · brk ▲ 100 · 15m · جلسة ممتدة
14:16 KSA · PRE     · signal     · BANK-USD · brk ▲ 100 · 15m
14:18 KSA · PRE     · scanner    · بدء المسح · 1153 رمزاً · الجلسة PRE
14:18 KSA · PRE     · signal     · MSFT · vwapRec ▲ 100 · 15m · جلسة ممتدة
14:18 KSA · PRE     · signal     · RDDT · brk ▼ 69 · 15m · جلسة ممتدة
14:20 KSA · PRE     · scanner    · بدء المسح · 1153 رمزاً · الجلسة PRE
14:20 KSA · PRE     · signal     · ABBV · brk ▼ 100 · 15m · جلسة ممتدة
14:20 KSA · PRE     · signal     · U-USD · orb ▲ 100 · 15m
14:20 KSA · PRE     · signal     · U-USD · vwapRec ▲ 68 · 15m
14:23 KSA · PRE     · scanner    · بدء المسح · 1153 رمزاً · الجلسة PRE
14:23 KSA · PRE     · signal     · GOOGL · orb ▼ 71 · 15m · جلسة ممتدة
14:23 KSA · PRE     · signal     · AVGO · vwapRec ▼ 59 · 15m · جلسة ممتدة
14:23 KSA · PRE     · signal     · LLY · orb ▼ 90 · 15m · جلسة ممتدة
14:23 KSA · PRE     · signal     · LLY · vwapRec ▼ 55 · 15m · جلسة ممتدة
14:23 KSA · PRE     · signal     · AMD · orb ▼ 59 · 15m · جلسة ممتدة
14:23 KSA · PRE     · signal     · UNH · volSpike ▼ 94 · 15m · جلسة ممتدة
14:23 KSA · PRE     · signal     · GE · vwapRec ▼ 59 · 15m · جلسة ممتدة
14:23 KSA · PRE     · signal     · MS · orb ▼ 90 · 15m · جلسة ممتدة
14:23 KSA · PRE     · signal     · MS · vwapRec ▼ 70 · 15m · جلسة ممتدة
14:23 KSA · PRE     · signal     · PANW · vwapRec ▲ 59 · 15m · جلسة ممتدة
14:23 KSA · PRE     · signal     · AMGN · vwapRec ▼ 70 · 15m · جلسة ممتدة
14:23 KSA · PRE     · signal     · QCOM · orb ▼ 82 · 15m · جلسة ممتدة
14:23 KSA · PRE     · signal     · APH · orb ▼ 75 · 15m · جلسة ممتدة
14:23 KSA · PRE     · signal     · APH · vwapRec ▼ 55 · 15m · جلسة ممتدة
14:23 KSA · PRE     · signal     · BX · vwapRec ▼ 65 · 15m · جلسة ممتدة
14:23 KSA · PRE     · signal     · GLW · orb ▼ 71 · 15m · جلسة ممتدة
14:23 KSA · PRE     · signal     · LMT · vwapRec ▼ 71 · 15m · جلسة ممتدة
14:23 KSA · PRE     · signal     · ADP · orb ▲ 62 · 15m · جلسة ممتدة
14:23 KSA · PRE     · signal     · VRT · orb ▼ 82 · 15m · جلسة ممتدة
14:23 KSA · PRE     · signal     · VRT · vwapRec ▼ 59 · 15m · جلسة ممتدة
14:23 KSA · PRE     · signal     · CEG · vwapRec ▼ 59 · 15m · جلسة ممتدة
14:23 KSA · PRE     · signal     · SHW · orb ▼ 77 · 15m · جلسة ممتدة
14:23 KSA · PRE     · signal     · CMI · vwapRec ▼ 65 · 15m · جلسة ممتدة
14:23 KSA · PRE     · signal     · SNPS · orb ▼ 100 · 15m · جلسة ممتدة
14:23 KSA · PRE     · signal     · HON · vwapRec ▼ 68 · 15m · جلسة ممتدة
14:23 KSA · PRE     · signal     · MRNA · orb ▼ 76 · 15m · جلسة ممتدة
14:23 KSA · PRE     · signal     · MPWR · vwapRec ▼ 65 · 15m · جلسة ممتدة
14:23 KSA · PRE     · signal     · MPWR · volSpike ▼ 67 · 15m · جلسة ممتدة
14:23 KSA · PRE     · signal     · NKE · orb ▼ 82 · 15m · جلسة ممتدة
14:23 KSA · PRE     · signal     · CIEN · orb ▼ 91 · 15m · جلسة ممتدة
14:23 KSA · PRE     · signal     · VST · orb ▼ 82 · 15m · جلسة ممتدة
14:23 KSA · PRE     · signal     · VST · vwapRec ▼ 59 · 15m · جلسة ممتدة
14:23 KSA · PRE     · signal     · XAUT-USD · momo ▲ 69 · 1h
14:23 KSA · PRE     · signal     · PAXG-USD · momo ▲ 69 · 1h
14:23 KSA · PRE     · signal     · DOT-USD · momo ▲ 67 · 1h
14:23 KSA · PRE     · signal     · RAY-USD · rsiDiv ▼ 83 · 1h
14:23 KSA · PRE     · signal     · REZ-USD · volSpike ▲ 83 · 15m
14:23 KSA · PRE     · signal     · UNI-USD · sqzExp ▼ 57 · 1h
14:23 KSA · PRE     · signal     · SUI-USD · brk ▼ 55 · 15m
14:23 KSA · PRE     · signal     · SUI-USD · sqzExp ▼ 55 · 1h
14:23 KSA · PRE     · signal     · PEPE-USD · brk ▲ 61 · 15m
14:23 KSA · PRE     · signal     · PEPE-USD · sqzExp ▲ 63 · 1h
14:23 KSA · PRE     · signal     · TAO-USD · brk ▼ 55 · 15m
14:23 KSA · PRE     · signal     · TAO-USD · sqzExp ▼ 60 · 1h
14:23 KSA · PRE     · signal     · THE-USD · orb ▼ 55 · 15m
14:23 KSA · PRE     · signal     · THE-USD · sqzExp ▼ 73 · 1h
14:23 KSA · PRE     · signal     · THE-USD · momo ▲ 56 · 1h
14:23 KSA · PRE     · signal     · TRUMP-USD · orb ▼ 78 · 15m
14:23 KSA · PRE     · signal     · TRUMP-USD · brk ▼ 64 · 15m
14:23 KSA · PRE     · signal     · EUR-USD · brk ▼ 86 · 15m
14:23 KSA · PRE     · signal     · ARB-USD · orb ▼ 57 · 15m
14:23 KSA · PRE     · signal     · HOLO-USD · tfAlign ▼ 68 · 1d
14:23 KSA · PRE     · signal     · BANK-USD · orb ▼ 85 · 15m
14:23 KSA · PRE     · signal     · TON-USD · brk ▼ 61 · 15m
14:23 KSA · PRE     · signal     · SENT-USD · orb ▼ 55 · 15m
14:23 KSA · PRE     · signal     · SENT-USD · sqzExp ▼ 78 · 1h
14:23 KSA · PRE     · signal     · PENGU-USD · orb ▼ 60 · 15m
14:23 KSA · PRE     · signal     · PENGU-USD · sqzExp ▼ 75 · 1h
14:23 KSA · PRE     · signal     · WLFI-USD · brk ▼ 59 · 15m
14:23 KSA · PRE     · signal     · WLFI-USD · sqzExp ▼ 60 · 1h
14:23 KSA · PRE     · signal     · ASTER-USD · orb ▼ 57 · 15m
14:23 KSA · PRE     · signal     · ASTER-USD · sqzExp ▼ 65 · 1h
14:23 KSA · PRE     · signal     · APT-USD · brk ▼ 64 · 15m
14:23 KSA · PRE     · signal     · APT-USD · sqzExp ▼ 60 · 1h
14:24 KSA · PRE     · signal     · KITE-USD · volSpike ▲ 56 · 1d
14:24 KSA · PRE     · signal     · BETH-USD · sqzExp ▲ 63 · 1d
14:24 KSA · PRE     · signal     · BTG-USD · brk ▼ 84 · 1d
14:24 KSA · PRE     · signal     · BTG-USD · sqzExp ▼ 100 · 1d
14:24 KSA · PRE     · signal     · DNT-USD · brk ▼ 84 · 1d
14:24 KSA · PRE     · signal     · DNT-USD · sqzExp ▼ 100 · 1d
14:24 KSA · PRE     · signal     · BLZ-USD · brk ▼ 79 · 1d
14:24 KSA · PRE     · signal     · BLZ-USD · meanRev ▲ 60 · 1d
14:24 KSA · PRE     · signal     · BLZ-USD · sqzExp ▼ 69 · 1d
14:24 KSA · PRE     · signal     · BEAM-USD · sqzExp ▼ 69 · 1d
14:24 KSA · PRE     · signal     · YFII-USD · brk ▼ 74 · 1d
14:24 KSA · PRE     · signal     · YFII-USD · sqzExp ▼ 100 · 1d
14:24 KSA · PRE     · signal     · PLA-USD · brk ▼ 66 · 1d
14:24 KSA · PRE     · signal     · BOND-USD · brk ▼ 68 · 1d
14:24 KSA · PRE     · signal     · BAKE-USD · brk ▼ 100 · 1d
14:24 KSA · PRE     · signal     · BAKE-USD · sqzExp ▼ 69 · 1d
14:24 KSA · PRE     · signal     · HYPER-USD · brk ▼ 55 · 1d
14:24 KSA · PRE     · signal     · EOS-USD · brk ▼ 55 · 1d
14:24 KSA · PRE     · signal     · HIFI-USD · brk ▼ 100 · 1d
14:24 KSA · PRE     · signal     · HIFI-USD · sqzExp ▼ 69 · 1d
14:24 KSA · PRE     · signal     · KLAY-USD · brk ▼ 67 · 1d
14:24 KSA · PRE     · signal     · KLAY-USD · sqzExp ▼ 92 · 1d
14:24 KSA · PRE     · signal     · LIT-USD · brk ▼ 74 · 1d
14:24 KSA · PRE     · signal     · LIT-USD · sqzExp ▼ 69 · 1d
14:24 KSA · PRE     · signal     · CYBER-USD · sqzExp ▼ 78 · 1d
14:24 KSA · PRE     · signal     · BNX-USD · sqzExp ▲ 69 · 1d
14:24 KSA · PRE     · signal     · MFT-USD · brk ▼ 58 · 1d
14:24 KSA · PRE     · signal     · DAR-USD · brk ▼ 76 · 1d
14:24 KSA · PRE     · signal     · DAR-USD · sqzExp ▼ 56 · 1d
14:24 KSA · PRE     · signal     · IO-USD · brk ▲ 74 · 1d
14:24 KSA · PRE     · signal     · ZK-USD · brk ▲ 74 · 1d
14:25 KSA · PRE     · scanner    · بدء المسح · 1153 رمزاً · الجلسة PRE
14:25 KSA · PRE     · signal     · TSLA · vwapRec ▲ 82 · 15m · جلسة ممتدة
14:25 KSA · PRE     · signal     · MU · brk ▲ 100 · 15m · جلسة ممتدة
14:25 KSA · PRE     · signal     · INTC · brk ▲ 100 · 15m · جلسة ممتدة
14:25 KSA · PRE     · signal     · CAT · orb ▲ 71 · 15m · جلسة ممتدة
14:25 KSA · PRE     · signal     · CAT · vwapRec ▲ 59 · 15m · جلسة ممتدة
14:25 KSA · PRE     · signal     · CAT · brk ▲ 100 · 15m · جلسة ممتدة
14:25 KSA · PRE     · signal     · RTX · brk ▲ 69 · 15m · جلسة ممتدة
14:25 KSA · PRE     · signal     · ANET · brk ▲ 81 · 15m · جلسة ممتدة
14:25 KSA · PRE     · signal     · KLAC · orb ▲ 100 · 15m · جلسة ممتدة
14:25 KSA · PRE     · signal     · MRVL · brk ▲ 100 · 15m · جلسة ممتدة
14:25 KSA · PRE     · signal     · APH · brk ▲ 81 · 15m · جلسة ممتدة
14:25 KSA · PRE     · signal     · STX · brk ▲ 100 · 15m · جلسة ممتدة
14:25 KSA · PRE     · signal     · ADI · vwapRec ▲ 59 · 15m · جلسة ممتدة
14:25 KSA · PRE     · signal     · ETN · brk ▲ 81 · 15m · جلسة ممتدة
14:25 KSA · PRE     · signal     · GLW · brk ▲ 100 · 15m · جلسة ممتدة
14:25 KSA · PRE     · signal     · FCX · brk ▲ 100 · 15m · جلسة ممتدة
14:25 KSA · PRE     · signal     · PWR · brk ▲ 100 · 15m · جلسة ممتدة
14:25 KSA · PRE     · signal     · HWM · brk ▲ 100 · 15m · جلسة ممتدة
14:25 KSA · PRE     · signal     · CDNS · brk ▲ 100 · 15m · جلسة ممتدة
14:25 KSA · PRE     · signal     · HPE · vwapRec ▲ 71 · 15m · جلسة ممتدة
14:25 KSA · PRE     · signal     · NSC · brk ▲ 63 · 15m · جلسة ممتدة
14:25 KSA · PRE     · signal     · NSC · sqzExp ▲ 100 · 1h · جلسة ممتدة
14:25 KSA · PRE     · signal     · MRNA · vwapRec ▲ 59 · 15m · جلسة ممتدة
14:25 KSA · PRE     · signal     · MRNA · brk ▲ 81 · 15m · جلسة ممتدة
14:25 KSA · PRE     · signal     · COHR · brk ▲ 100 · 15m · جلسة ممتدة
14:25 KSA · PRE     · signal     · FIX · vwapRec ▲ 75 · 15m · جلسة ممتدة
14:25 KSA · PRE     · signal     · FIX · brk ▲ 81 · 15m · جلسة ممتدة
14:25 KSA · PRE     · signal     · TER · meanRev ▼ 100 · 15m · جلسة ممتدة
14:25 KSA · PRE     · signal     · VST · brk ▲ 100 · 15m · جلسة ممتدة
14:25 KSA · PRE     · signal     · RDDT · brk ▼ 100 · 15m · جلسة ممتدة
14:25 KSA · PRE     · signal     · UNI-USD · orb ▲ 73 · 15m
14:25 KSA · PRE     · signal     · SUI-USD · orb ▲ 65 · 15m
14:25 KSA · PRE     · signal     · U-USD · orb ▲ 73 · 15m
14:25 KSA · PRE     · signal     · U-USD · vwapRec ▲ 79 · 15m
14:25 KSA · PRE     · signal     · TAO-USD · orb ▲ 80 · 15m
14:25 KSA · PRE     · signal     · BANK-USD · vwapRec ▲ 85 · 15m
14:25 KSA · PRE     · signal     · PENGU-USD · vwapRec ▲ 63 · 15m
14:25 KSA · PRE     · signal     · WLFI-USD · orb ▲ 90 · 15m
14:25 KSA · PRE     · signal     · WLFI-USD · vwapRec ▲ 85 · 15m
14:25 KSA · PRE     · signal     · APT-USD · orb ▲ 73 · 15m
14:25 KSA · PRE     · signal     · PYR-USD · brk ▼ 100 · 1d
14:26 KSA · PRE     · scanner    · بدء المسح · 1153 رمزاً · الجلسة PRE
14:26 KSA · PRE     · signal     · LLY · vwapRec ▲ 90 · 15m · جلسة ممتدة
14:28 KSA · PRE     · scanner    · بدء المسح · 1153 رمزاً · الجلسة PRE
14:28 KSA · PRE     · signal     · MSFT · vwapRec ▲ 100 · 15m · جلسة ممتدة
14:28 KSA · PRE     · signal     · SNDK · brk ▲ 69 · 15m · جلسة ممتدة
14:28 KSA · PRE     · signal     · PENDLE-USD · orb ▲ 82 · 15m
14:30 KSA · PRE     · scanner    · بدء المسح · 1153 رمزاً · الجلسة PRE
14:30 KSA · PRE     · signal     · WDC · brk ▲ 69 · 15m · جلسة ممتدة
14:30 KSA · PRE     · signal     · MCHP · vwapRec ▲ 100 · 15m · جلسة ممتدة
14:30 KSA · PRE     · signal     · SUI-USD · vwapRec ▼ 100 · 15m
14:30 KSA · PRE     · signal     · ARB-USD · vwapRec ▼ 100 · 15m
14:33 KSA · PRE     · scanner    · بدء المسح · 1153 رمزاً · الجلسة PRE
14:33 KSA · PRE     · signal     · GOOGL · orb ▼ 71 · 15m · جلسة ممتدة
14:33 KSA · PRE     · signal     · AVGO · vwapRec ▼ 59 · 15m · جلسة ممتدة
14:33 KSA · PRE     · signal     · LLY · orb ▼ 83 · 15m · جلسة ممتدة
14:33 KSA · PRE     · signal     · AMD · orb ▼ 59 · 15m · جلسة ممتدة
14:33 KSA · PRE     · signal     · GE · vwapRec ▼ 65 · 15m · جلسة ممتدة
14:33 KSA · PRE     · signal     · MS · orb ▼ 80 · 15m · جلسة ممتدة
14:33 KSA · PRE     · signal     · PANW · vwapRec ▲ 59 · 15m · جلسة ممتدة
14:33 KSA · PRE     · signal     · AMGN · vwapRec ▼ 65 · 15m · جلسة ممتدة
14:33 KSA · PRE     · signal     · QCOM · orb ▼ 82 · 15m · جلسة ممتدة
14:33 KSA · PRE     · signal     · APH · orb ▼ 75 · 15m · جلسة ممتدة
14:33 KSA · PRE     · signal     · APH · vwapRec ▼ 55 · 15m · جلسة ممتدة
14:33 KSA · PRE     · signal     · BKNG · orb ▼ 78 · 15m · جلسة ممتدة
14:33 KSA · PRE     · signal     · GLW · orb ▼ 65 · 15m · جلسة ممتدة
14:33 KSA · PRE     · signal     · SYK · volSpike ▼ 78 · 15m · جلسة ممتدة
14:33 KSA · PRE     · signal     · ADP · orb ▲ 62 · 15m · جلسة ممتدة
14:33 KSA · PRE     · signal     · VRT · orb ▼ 85 · 15m · جلسة ممتدة
14:33 KSA · PRE     · signal     · VRT · vwapRec ▼ 65 · 15m · جلسة ممتدة
14:33 KSA · PRE     · signal     · CEG · vwapRec ▼ 65 · 15m · جلسة ممتدة
14:33 KSA · PRE     · signal     · DDOG · volSpike ▼ 56 · 15m · جلسة ممتدة
14:33 KSA · PRE     · signal     · SHW · orb ▼ 77 · 15m · جلسة ممتدة
14:33 KSA · PRE     · signal     · SNPS · orb ▼ 100 · 15m · جلسة ممتدة
14:33 KSA · PRE     · signal     · MRNA · orb ▼ 76 · 15m · جلسة ممتدة
14:33 KSA · PRE     · signal     · MPWR · vwapRec ▼ 59 · 15m · جلسة ممتدة
14:33 KSA · PRE     · signal     · NKE · orb ▼ 82 · 15m · جلسة ممتدة
14:33 KSA · PRE     · signal     · CIEN · orb ▼ 85 · 15m · جلسة ممتدة
14:33 KSA · PRE     · signal     · VST · orb ▼ 78 · 15m · جلسة ممتدة
14:33 KSA · PRE     · signal     · VST · vwapRec ▼ 57 · 15m · جلسة ممتدة
14:33 KSA · PRE     · signal     · KMB · vwapRec ▼ 60 · 15m · جلسة ممتدة
14:33 KSA · PRE     · signal     · LSK-USD · orb ▼ 78 · 15m
14:33 KSA · PRE     · signal     · UNI-USD · sqzExp ▼ 57 · 1h
14:33 KSA · PRE     · signal     · SUI-USD · brk ▼ 61 · 15m
14:33 KSA · PRE     · signal     · SUI-USD · sqzExp ▼ 55 · 1h
14:33 KSA · PRE     · signal     · U-USD · meanRev ▲ 57 · 15m
14:33 KSA · PRE     · signal     · PEPE-USD · brk ▲ 61 · 15m
14:33 KSA · PRE     · signal     · PEPE-USD · sqzExp ▲ 63 · 1h
14:33 KSA · PRE     · signal     · TAO-USD · brk ▼ 70 · 15m
14:33 KSA · PRE     · signal     · TAO-USD · sqzExp ▼ 60 · 1h
14:33 KSA · PRE     · signal     · THE-USD · orb ▼ 55 · 15m
14:33 KSA · PRE     · signal     · THE-USD · brk ▼ 55 · 15m
14:33 KSA · PRE     · signal     · THE-USD · sqzExp ▼ 73 · 1h
14:33 KSA · PRE     · signal     · TRUMP-USD · orb ▼ 70 · 15m
14:33 KSA · PRE     · signal     · TRUMP-USD · brk ▼ 61 · 15m
14:33 KSA · PRE     · signal     · EUR-USD · brk ▼ 61 · 15m
14:33 KSA · PRE     · signal     · ARB-USD · brk ▼ 55 · 15m
14:33 KSA · PRE     · signal     · BANK-USD · orb ▼ 85 · 15m
14:33 KSA · PRE     · signal     · BANK-USD · brk ▼ 86 · 15m
14:33 KSA · PRE     · signal     · TON-USD · brk ▼ 61 · 15m
14:33 KSA · PRE     · signal     · SENT-USD · orb ▼ 55 · 15m
14:33 KSA · PRE     · signal     · SENT-USD · sqzExp ▼ 78 · 1h
14:33 KSA · PRE     · signal     · PENGU-USD · orb ▼ 60 · 15m
14:33 KSA · PRE     · signal     · PENGU-USD · brk ▼ 55 · 15m
14:33 KSA · PRE     · signal     · PENGU-USD · sqzExp ▼ 75 · 1h
14:33 KSA · PRE     · signal     · WLFI-USD · brk ▼ 59 · 15m
14:33 KSA · PRE     · signal     · WLFI-USD · sqzExp ▼ 60 · 1h
14:33 KSA · PRE     · signal     · ASTER-USD · sqzExp ▼ 65 · 1h
14:33 KSA · PRE     · signal     · APT-USD · brk ▼ 55 · 15m
14:33 KSA · PRE     · signal     · APT-USD · sqzExp ▼ 60 · 1h
14:33 KSA · PRE     · signal     · ELF-USD · sqzExp ▼ 84 · 1d
14:33 KSA · PRE     · signal     · GTO-USD · brk ▲ 58 · 1d
14:33 KSA · PRE     · signal     · OMG-USD · brk ▼ 61 · 1d
14:33 KSA · PRE     · signal     · OMG-USD · sqzExp ▼ 59 · 1d
14:33 KSA · PRE     · signal     · ORCLB-USD · volSpike ▲ 78 · 1d
14:33 KSA · PRE     · signal     · ANT-USD · brk ▼ 68 · 1d
14:33 KSA · PRE     · signal     · ANT-USD · sqzExp ▼ 72 · 1d
14:33 KSA · PRE     · signal     · LUNA-USD · brk ▲ 63 · 1d
14:33 KSA · PRE     · signal     · PDA-USD · brk ▼ 84 · 1d
14:33 KSA · PRE     · signal     · VGX-USD · brk ▼ 79 · 1d
14:33 KSA · PRE     · signal     · VGX-USD · meanRev ▲ 60 · 1d
14:33 KSA · PRE     · signal     · VGX-USD · sqzExp ▼ 69 · 1d
14:33 KSA · PRE     · signal     · BTCST-USD · brk ▼ 58 · 1d
14:33 KSA · PRE     · signal     · FRONT-USD · brk ▼ 66 · 1d
14:33 KSA · PRE     · signal     · FRONT-USD · sqzExp ▼ 63 · 1d
14:33 KSA · PRE     · signal     · NBS-USD · brk ▼ 74 · 1d
14:33 KSA · PRE     · signal     · NBS-USD · sqzExp ▼ 69 · 1d
14:33 KSA · PRE     · signal     · NOM-USD · brk ▼ 58 · 1d
14:33 KSA · PRE     · signal     · NEBL-USD · brk ▼ 87 · 1d
14:33 KSA · PRE     · signal     · NEBL-USD · meanRev ▲ 63 · 1d
14:33 KSA · PRE     · signal     · NEBL-USD · sqzExp ▼ 84 · 1d
14:33 KSA · PRE     · signal     · SCR-USD · brk ▼ 55 · 1d
14:33 KSA · PRE     · signal     · SCR-USD · sqzExp ▼ 81 · 1d
14:33 KSA · PRE     · signal     · ERN-USD · brk ▼ 100 · 1d
14:33 KSA · PRE     · signal     · ERN-USD · sqzExp ▼ 88 · 1d
14:33 KSA · PRE     · signal     · MC-USD · brk ▼ 74 · 1d
14:33 KSA · PRE     · signal     · HEI-USD · brk ▼ 76 · 1d
14:33 KSA · PRE     · signal     · HEI-USD · sqzExp ▼ 88 · 1d
14:33 KSA · PRE     · signal     · OM-USD · brk ▼ 63 · 1d
14:33 KSA · PRE     · signal     · MIR-USD · brk ▼ 100 · 1d
14:33 KSA · PRE     · signal     · MIR-USD · sqzExp ▼ 100 · 1d
14:33 KSA · PRE     · signal     · TCT-USD · brk ▼ 74 · 1d
14:33 KSA · PRE     · signal     · TCT-USD · sqzExp ▼ 100 · 1d
14:34 KSA · PRE     · scanner    · بدء المسح · 1153 رمزاً · الجلسة PRE
14:34 KSA · PRE     · signal     · MU · brk ▲ 100 · 15m · جلسة ممتدة
14:34 KSA · PRE     · signal     · INTC · brk ▲ 100 · 15m · جلسة ممتدة
14:34 KSA · PRE     · signal     · CAT · orb ▲ 75 · 15m · جلسة ممتدة
14:34 KSA · PRE     · signal     · CAT · vwapRec ▲ 65 · 15m · جلسة ممتدة
14:34 KSA · PRE     · signal     · CAT · brk ▲ 100 · 15m · جلسة ممتدة
14:34 KSA · PRE     · signal     · LRCX · brk ▲ 100 · 15m · جلسة ممتدة
14:34 KSA · PRE     · signal     · AMAT · brk ▲ 69 · 15m · جلسة ممتدة
14:34 KSA · PRE     · signal     · RTX · brk ▲ 69 · 15m · جلسة ممتدة
14:34 KSA · PRE     · signal     · ANET · brk ▲ 81 · 15m · جلسة ممتدة
14:34 KSA · PRE     · signal     · SNDK · brk ▲ 69 · 15m · جلسة ممتدة
14:34 KSA · PRE     · signal     · KLAC · orb ▲ 91 · 15m · جلسة ممتدة
14:34 KSA · PRE     · signal     · MRVL · brk ▲ 100 · 15m · جلسة ممتدة
14:34 KSA · PRE     · signal     · APH · brk ▲ 81 · 15m · جلسة ممتدة
14:34 KSA · PRE     · signal     · STX · brk ▲ 100 · 15m · جلسة ممتدة
14:34 KSA · PRE     · signal     · STX · meanRev ▼ 100 · 15m · جلسة ممتدة
14:34 KSA · PRE     · signal     · ADI · vwapRec ▲ 59 · 15m · جلسة ممتدة
14:34 KSA · PRE     · signal     · ETN · brk ▲ 81 · 15m · جلسة ممتدة
14:34 KSA · PRE     · signal     · WDC · brk ▲ 69 · 15m · جلسة ممتدة
14:34 KSA · PRE     · signal     · GLW · brk ▲ 100 · 15m · جلسة ممتدة
14:34 KSA · PRE     · signal     · FCX · brk ▲ 100 · 15m · جلسة ممتدة
14:34 KSA · PRE     · signal     · PWR · brk ▲ 81 · 15m · جلسة ممتدة
14:34 KSA · PRE     · signal     · PWR · meanRev ▼ 100 · 15m · جلسة ممتدة
14:34 KSA · PRE     · signal     · HWM · brk ▲ 100 · 15m · جلسة ممتدة
14:34 KSA · PRE     · signal     · MDLZ · orb ▼ 100 · 15m · جلسة ممتدة
14:34 KSA · PRE     · signal     · CDNS · brk ▲ 100 · 15m · جلسة ممتدة
14:34 KSA · PRE     · signal     · HPE · vwapRec ▲ 75 · 15m · جلسة ممتدة
14:34 KSA · PRE     · signal     · NSC · brk ▲ 63 · 15m · جلسة ممتدة
14:34 KSA · PRE     · signal     · NSC · sqzExp ▲ 100 · 1h · جلسة ممتدة
14:34 KSA · PRE     · signal     · MRNA · vwapRec ▲ 71 · 15m · جلسة ممتدة
14:34 KSA · PRE     · signal     · MRNA · brk ▲ 100 · 15m · جلسة ممتدة
14:34 KSA · PRE     · signal     · COHR · brk ▲ 100 · 15m · جلسة ممتدة
14:34 KSA · PRE     · signal     · FIX · brk ▲ 100 · 15m · جلسة ممتدة
14:34 KSA · PRE     · signal     · VST · brk ▲ 100 · 15m · جلسة ممتدة
14:34 KSA · PRE     · signal     · MCHP · vwapRec ▲ 85 · 15m · جلسة ممتدة
14:34 KSA · PRE     · signal     · RDDT · brk ▼ 100 · 15m · جلسة ممتدة
14:34 KSA · PRE     · signal     · REZ-USD · meanRev ▼ 100 · 15m
14:34 KSA · PRE     · signal     · UNI-USD · orb ▲ 55 · 15m
14:34 KSA · PRE     · signal     · SUI-USD · orb ▲ 65 · 15m
14:34 KSA · PRE     · signal     · 牛来-USD · vwapRec ▼ 100 · 15m
14:34 KSA · PRE     · signal     · TAO-USD · orb ▲ 88 · 15m
14:34 KSA · PRE     · signal     · BANK-USD · vwapRec ▲ 57 · 15m
14:34 KSA · PRE     · signal     · WLFI-USD · orb ▲ 90 · 15m
14:34 KSA · PRE     · signal     · WLFI-USD · vwapRec ▲ 78 · 15m
14:34 KSA · PRE     · signal     · APT-USD · orb ▲ 65 · 15m
14:34 KSA · PRE     · signal     · GENIUS-USD · meanRev ▼ 100 · 1d
14:37 KSA · PRE     · scanner    · بدء المسح · 1153 رمزاً · الجلسة PRE
14:37 KSA · PRE     · signal     · MSFT · vwapRec ▲ 88 · 15m · جلسة ممتدة
14:37 KSA · PRE     · signal     · MA · vwapRec ▲ 85 · 15m · جلسة ممتدة
14:37 KSA · PRE     · signal     · UNI-USD · vwapRec ▼ 100 · 15m
14:37 KSA · PRE     · signal     · PENGU-USD · vwapRec ▼ 100 · 15m
14:40 KSA · PRE     · scanner    · بدء المسح · 1153 رمزاً · الجلسة PRE
14:40 KSA · PRE     · signal     · PGR · sqzExp ▼ 100 · 1h · جلسة ممتدة
14:40 KSA · PRE     · signal     · SPGI · brk ▲ 69 · 15m · جلسة ممتدة
14:40 KSA · PRE     · signal     · PH · orb ▲ 79 · 15m · جلسة ممتدة
14:40 KSA · PRE     · signal     · HWM · meanRev ▼ 100 · 15m · جلسة ممتدة
14:40 KSA · PRE     · signal     · INTU · meanRev ▲ 100 · 15m · جلسة ممتدة
14:40 KSA · PRE     · signal     · U-USD · orb ▲ 100 · 15m
14:40 KSA · PRE     · signal     · U-USD · vwapRec ▲ 79 · 15m
14:40 KSA · PRE     · signal     · MMT-USD · meanRev ▲ 100 · 1d
14:43 KSA · PRE     · scanner    · بدء المسح · 1153 رمزاً · الجلسة PRE
14:43 KSA · PRE     · signal     · GOOGL · orb ▼ 71 · 15m · جلسة ممتدة
14:43 KSA · PRE     · signal     · AVGO · vwapRec ▼ 59 · 15m · جلسة ممتدة
14:43 KSA · PRE     · signal     · AMD · orb ▼ 68 · 15m · جلسة ممتدة
14:43 KSA · PRE     · signal     · GE · vwapRec ▼ 65 · 15m · جلسة ممتدة
14:43 KSA · PRE     · signal     · MS · orb ▼ 80 · 15m · جلسة ممتدة
14:43 KSA · PRE     · signal     · PANW · vwapRec ▲ 59 · 15m · جلسة ممتدة
14:43 KSA · PRE     · signal     · CRWD · vwapRec ▲ 62 · 15m · جلسة ممتدة
14:43 KSA · PRE     · signal     · AMGN · vwapRec ▼ 65 · 15m · جلسة ممتدة
14:43 KSA · PRE     · signal     · QCOM · orb ▼ 82 · 15m · جلسة ممتدة
14:43 KSA · PRE     · signal     · APH · orb ▼ 75 · 15m · جلسة ممتدة
14:43 KSA · PRE     · signal     · APH · vwapRec ▼ 55 · 15m · جلسة ممتدة
14:43 KSA · PRE     · signal     · BKNG · orb ▼ 91 · 15m · جلسة ممتدة
14:43 KSA · PRE     · signal     · GLW · orb ▼ 71 · 15m · جلسة ممتدة
14:43 KSA · PRE     · signal     · ACN · orb ▼ 94 · 15m · جلسة ممتدة
14:43 KSA · PRE     · signal     · ADP · orb ▲ 62 · 15m · جلسة ممتدة
14:43 KSA · PRE     · signal     · VRT · orb ▼ 82 · 15m · جلسة ممتدة
14:43 KSA · PRE     · signal     · VRT · vwapRec ▼ 59 · 15m · جلسة ممتدة
14:43 KSA · PRE     · signal     · CEG · vwapRec ▼ 59 · 15m · جلسة ممتدة
14:43 KSA · PRE     · signal     · DDOG · orb ▼ 88 · 15m · جلسة ممتدة
14:43 KSA · PRE     · signal     · SHW · orb ▼ 77 · 15m · جلسة ممتدة
14:43 KSA · PRE     · signal     · SNPS · orb ▼ 100 · 15m · جلسة ممتدة
14:43 KSA · PRE     · signal     · MRNA · orb ▼ 76 · 15m · جلسة ممتدة
14:43 KSA · PRE     · signal     · MPWR · vwapRec ▼ 59 · 15m · جلسة ممتدة
14:43 KSA · PRE     · signal     · NKE · orb ▼ 82 · 15m · جلسة ممتدة
14:43 KSA · PRE     · signal     · CIEN · orb ▼ 85 · 15m · جلسة ممتدة
14:43 KSA · PRE     · signal     · VST · orb ▼ 82 · 15m · جلسة ممتدة
14:43 KSA · PRE     · signal     · VST · vwapRec ▼ 59 · 15m · جلسة ممتدة
14:43 KSA · PRE     · signal     · OP-USD · vwapRec ▼ 63 · 15m
14:43 KSA · PRE     · signal     · UNI-USD · sqzExp ▼ 57 · 1h
14:43 KSA · PRE     · signal     · SUI-USD · brk ▼ 61 · 15m
14:43 KSA · PRE     · signal     · SUI-USD · sqzExp ▼ 55 · 1h
14:43 KSA · PRE     · signal     · U-USD · meanRev ▲ 57 · 15m
14:43 KSA · PRE     · signal     · PEPE-USD · brk ▲ 61 · 15m
14:43 KSA · PRE     · signal     · PEPE-USD · sqzExp ▲ 63 · 1h
14:43 KSA · PRE     · signal     · TAO-USD · brk ▼ 70 · 15m
14:43 KSA · PRE     · signal     · TAO-USD · sqzExp ▼ 60 · 1h
14:43 KSA · PRE     · signal     · THE-USD · orb ▼ 55 · 15m
14:43 KSA · PRE     · signal     · THE-USD · brk ▼ 55 · 15m
14:43 KSA · PRE     · signal     · THE-USD · sqzExp ▼ 73 · 1h
14:43 KSA · PRE     · signal     · TRUMP-USD · orb ▼ 70 · 15m
14:43 KSA · PRE     · signal     · TRUMP-USD · brk ▼ 61 · 15m
14:43 KSA · PRE     · signal     · EUR-USD · brk ▼ 61 · 15m
14:43 KSA · PRE     · signal     · ARB-USD · brk ▼ 55 · 15m
14:43 KSA · PRE     · signal     · BANK-USD · orb ▼ 85 · 15m
14:43 KSA · PRE     · signal     · BANK-USD · brk ▼ 86 · 15m
14:43 KSA · PRE     · signal     · TON-USD · brk ▼ 61 · 15m
14:43 KSA · PRE     · signal     · SENT-USD · orb ▼ 55 · 15m
14:43 KSA · PRE     · signal     · SENT-USD · sqzExp ▼ 78 · 1h
14:43 KSA · PRE     · signal     · PENGU-USD · orb ▼ 60 · 15m
14:43 KSA · PRE     · signal     · PENGU-USD · brk ▼ 55 · 15m
14:43 KSA · PRE     · signal     · PENGU-USD · sqzExp ▼ 75 · 1h
14:43 KSA · PRE     · signal     · WLFI-USD · brk ▼ 59 · 15m
14:43 KSA · PRE     · signal     · WLFI-USD · sqzExp ▼ 60 · 1h
14:43 KSA · PRE     · signal     · ASTER-USD · sqzExp ▼ 65 · 1h
14:43 KSA · PRE     · signal     · APT-USD · brk ▼ 55 · 15m
14:43 KSA · PRE     · signal     · APT-USD · sqzExp ▼ 60 · 1h
14:43 KSA · PRE     · signal     · 1MBABYDOGE-USD · brk ▲ 68 · 1d
14:43 KSA · PRE     · signal     · FXS-USD · brk ▲ 68 · 1d
14:43 KSA · PRE     · signal     · FXS-USD · sqzExp ▲ 94 · 1d
14:43 KSA · PRE     · signal     · WAVES-USD · brk ▼ 61 · 1d
14:43 KSA · PRE     · signal     · WAVES-USD · sqzExp ▼ 59 · 1d
14:43 KSA · PRE     · signal     · TORN-USD · sqzExp ▲ 88 · 1d
14:43 KSA · PRE     · signal     · REP-USD · brk ▼ 68 · 1d
14:43 KSA · PRE     · signal     · REP-USD · sqzExp ▼ 69 · 1d
14:43 KSA · PRE     · signal     · REN-USD · brk ▼ 63 · 1d
14:43 KSA · PRE     · signal     · SRM-USD · brk ▼ 74 · 1d
14:43 KSA · PRE     · signal     · MITH-USD · sqzExp ▼ 69 · 1d
14:43 KSA · PRE     · signal     · SIGN-USD · brk ▼ 66 · 1d
14:43 KSA · PRE     · signal     · STO-USD · brk ▼ 58 · 1d
14:43 KSA · PRE     · signal     · STO-USD · sqzExp ▼ 91 · 1d
14:43 KSA · PRE     · signal     · GRT-USD · brk ▲ 63 · 1d
14:43 KSA · PRE     · signal     · ORN-USD · brk ▼ 63 · 1d
14:43 KSA · PRE     · signal     · ORN-USD · sqzExp ▼ 63 · 1d
14:43 KSA · PRE     · signal     · AUD-USD · brk ▼ 63 · 1d
14:43 KSA · PRE     · signal     · GMT-USD · brk ▲ 74 · 1d
14:43 KSA · PRE     · signal     · MKR-USD · brk ▼ 74 · 1d
14:43 KSA · PRE     · signal     · MKR-USD · meanRev ▲ 70 · 1d
14:43 KSA · PRE     · signal     · ZKC-USD · brk ▼ 55 · 1d
14:45 KSA · PRE     · scanner    · بدء المسح · 1153 رمزاً · الجلسة PRE
14:45 KSA · PRE     · signal     · NVDA · brk ▲ 69 · 15m · جلسة ممتدة
14:45 KSA · PRE     · signal     · MU · brk ▲ 100 · 15m · جلسة ممتدة
14:45 KSA · PRE     · signal     · INTC · brk ▲ 100 · 15m · جلسة ممتدة
14:45 KSA · PRE     · signal     · CAT · orb ▲ 75 · 15m · جلسة ممتدة
14:45 KSA · PRE     · signal     · CAT · vwapRec ▲ 65 · 15m · جلسة ممتدة
14:45 KSA · PRE     · signal     · CAT · brk ▲ 100 · 15m · جلسة ممتدة
14:45 KSA · PRE     · signal     · LRCX · brk ▲ 100 · 15m · جلسة ممتدة
14:45 KSA · PRE     · signal     · RTX · brk ▲ 69 · 15m · جلسة ممتدة
14:45 KSA · PRE     · signal     · ANET · brk ▲ 100 · 15m · جلسة ممتدة
14:45 KSA · PRE     · signal     · KLAC · orb ▲ 100 · 15m · جلسة ممتدة
14:45 KSA · PRE     · signal     · MRVL · brk ▲ 100 · 15m · جلسة ممتدة
14:45 KSA · PRE     · signal     · APH · brk ▲ 100 · 15m · جلسة ممتدة
14:45 KSA · PRE     · signal     · STX · brk ▲ 100 · 15m · جلسة ممتدة
14:45 KSA · PRE     · signal     · ADI · vwapRec ▲ 59 · 15m · جلسة ممتدة
14:45 KSA · PRE     · signal     · ETN · brk ▲ 81 · 15m · جلسة ممتدة
14:45 KSA · PRE     · signal     · GLW · brk ▲ 100 · 15m · جلسة ممتدة
14:45 KSA · PRE     · signal     · SPGI · brk ▲ 69 · 15m · جلسة ممتدة
14:45 KSA · PRE     · signal     · PH · orb ▲ 79 · 15m · جلسة ممتدة
14:45 KSA · PRE     · signal     · PSX · orb ▼ 100 · 15m · جلسة ممتدة
14:45 KSA · PRE     · signal     · FCX · brk ▲ 100 · 15m · جلسة ممتدة
14:45 KSA · PRE     · signal     · PWR · brk ▲ 69 · 15m · جلسة ممتدة
14:45 KSA · PRE     · signal     · HWM · brk ▲ 100 · 15m · جلسة ممتدة
14:45 KSA · PRE     · signal     · CDNS · brk ▲ 100 · 15m · جلسة ممتدة
14:45 KSA · PRE     · signal     · HPE · vwapRec ▲ 71 · 15m · جلسة ممتدة
14:45 KSA · PRE     · signal     · CMI · vwapRec ▲ 78 · 15m · جلسة ممتدة
14:45 KSA · PRE     · signal     · NSC · brk ▲ 63 · 15m · جلسة ممتدة
14:45 KSA · PRE     · signal     · NSC · sqzExp ▲ 100 · 1h · جلسة ممتدة
14:45 KSA · PRE     · signal     · MRNA · brk ▲ 81 · 15m · جلسة ممتدة
14:45 KSA · PRE     · signal     · COHR · brk ▲ 100 · 15m · جلسة ممتدة
14:45 KSA · PRE     · signal     · FIX · brk ▲ 100 · 15m · جلسة ممتدة
14:45 KSA · PRE     · signal     · VST · brk ▲ 100 · 15m · جلسة ممتدة
14:45 KSA · PRE     · signal     · MCHP · vwapRec ▲ 78 · 15m · جلسة ممتدة
14:45 KSA · PRE     · signal     · RDDT · brk ▼ 100 · 15m · جلسة ممتدة
14:45 KSA · PRE     · signal     · U-USD · orb ▲ 65 · 15m
14:45 KSA · PRE     · signal     · U-USD · vwapRec ▲ 79 · 15m
14:45 KSA · PRE     · signal     · BANK-USD · vwapRec ▲ 57 · 15m
14:45 KSA · PRE     · signal     · WLFI-USD · orb ▲ 90 · 15m
14:45 KSA · PRE     · signal     · WLFI-USD · vwapRec ▲ 85 · 15m
14:45 KSA · PRE     · signal     · APT-USD · orb ▲ 65 · 15m
14:45 KSA · PRE     · signal     · GENIUS-USD · brk ▲ 81 · 1d
14:45 KSA · PRE     · signal     · WTC-USD · brk ▼ 100 · 1d
14:45 KSA · PRE     · signal     · WTC-USD · sqzExp ▼ 100 · 1d
14:45 KSA · PRE     · signal     · MBOX-USD · brk ▼ 100 · 1d
14:48 KSA · PRE     · scanner    · بدء المسح · 1153 رمزاً · الجلسة PRE
14:48 KSA · PRE     · signal     · MSFT · vwapRec ▼ 100 · 15m · جلسة ممتدة
14:48 KSA · PRE     · signal     · AMZN · vwapRec ▼ 100 · 15m · جلسة ممتدة
14:48 KSA · PRE     · signal     · BKNG · orb ▲ 100 · 15m · جلسة ممتدة
14:48 KSA · PRE     · signal     · DDOG · vwapRec ▲ 71 · 15m · جلسة ممتدة
14:48 KSA · PRE     · signal     · AON · vwapRec ▲ 79 · 15m · جلسة ممتدة
14:48 KSA · PRE     · signal     · UNI-USD · orb ▲ 64 · 15m
14:48 KSA · PRE     · signal     · TAO-USD · orb ▲ 82 · 15m
14:48 KSA · PRE     · signal     · SYY · sqzExp ▼ 100 · 1d · جلسة ممتدة
14:50 KSA · PRE     · scanner    · بدء المسح · 1153 رمزاً · الجلسة PRE
14:50 KSA · PRE     · signal     · TROW · meanRev ▲ 100 · 1d · جلسة ممتدة
14:53 KSA · PRE     · scanner    · بدء المسح · 1153 رمزاً · الجلسة PRE
14:53 KSA · PRE     · signal     · GOOGL · orb ▼ 71 · 15m · جلسة ممتدة
14:53 KSA · PRE     · signal     · AVGO · vwapRec ▼ 59 · 15m · جلسة ممتدة
14:53 KSA · PRE     · signal     · AMD · orb ▼ 59 · 15m · جلسة ممتدة
14:53 KSA · PRE     · signal     · MS · orb ▼ 94 · 15m · جلسة ممتدة
14:53 KSA · PRE     · signal     · AMGN · vwapRec ▼ 55 · 15m · جلسة ممتدة
14:53 KSA · PRE     · signal     · QCOM · orb ▼ 82 · 15m · جلسة ممتدة
14:53 KSA · PRE     · signal     · APH · orb ▼ 60 · 15m · جلسة ممتدة
14:53 KSA · PRE     · signal     · PFE · vwapRec ▼ 55 · 15m · جلسة ممتدة
14:53 KSA · PRE     · signal     · BX · vwapRec ▼ 57 · 15m · جلسة ممتدة
14:53 KSA · PRE     · signal     · GLW · orb ▼ 75 · 15m · جلسة ممتدة
14:53 KSA · PRE     · signal     · GLW · vwapRec ▼ 55 · 15m · جلسة ممتدة
14:53 KSA · PRE     · signal     · ACN · orb ▼ 80 · 15m · جلسة ممتدة
14:53 KSA · PRE     · signal     · ADP · orb ▲ 62 · 15m · جلسة ممتدة
14:53 KSA · PRE     · signal     · VRT · orb ▼ 82 · 15m · جلسة ممتدة
14:53 KSA · PRE     · signal     · VRT · vwapRec ▼ 59 · 15m · جلسة ممتدة
14:53 KSA · PRE     · signal     · CEG · vwapRec ▼ 59 · 15m · جلسة ممتدة
14:53 KSA · PRE     · signal     · SHW · orb ▼ 77 · 15m · جلسة ممتدة
14:53 KSA · PRE     · signal     · SNPS · orb ▼ 100 · 15m · جلسة ممتدة
14:53 KSA · PRE     · signal     · MRNA · orb ▼ 76 · 15m · جلسة ممتدة
14:53 KSA · PRE     · signal     · MPWR · vwapRec ▼ 59 · 15m · جلسة ممتدة
14:53 KSA · PRE     · signal     · NKE · orb ▼ 82 · 15m · جلسة ممتدة
14:53 KSA · PRE     · signal     · CIEN · orb ▼ 91 · 15m · جلسة ممتدة
14:53 KSA · PRE     · signal     · VST · orb ▼ 82 · 15m · جلسة ممتدة
14:53 KSA · PRE     · signal     · VST · vwapRec ▼ 59 · 15m · جلسة ممتدة
14:53 KSA · PRE     · signal     · LSK-USD · orb ▼ 70 · 15m
14:53 KSA · PRE     · signal     · UNI-USD · brk ▼ 55 · 15m
14:53 KSA · PRE     · signal     · UNI-USD · sqzExp ▼ 57 · 1h
14:53 KSA · PRE     · signal     · SUI-USD · orb ▼ 70 · 15m
14:53 KSA · PRE     · signal     · SUI-USD · brk ▼ 68 · 15m
14:53 KSA · PRE     · signal     · SUI-USD · sqzExp ▼ 55 · 1h
14:53 KSA · PRE     · signal     · PEPE-USD · brk ▲ 64 · 15m
14:53 KSA · PRE     · signal     · PEPE-USD · sqzExp ▲ 63 · 1h
14:53 KSA · PRE     · signal     · TAO-USD · brk ▼ 61 · 15m
14:53 KSA · PRE     · signal     · TAO-USD · sqzExp ▼ 60 · 1h
14:53 KSA · PRE     · signal     · THE-USD · orb ▼ 55 · 15m
14:53 KSA · PRE     · signal     · THE-USD · brk ▼ 55 · 15m
14:53 KSA · PRE     · signal     · THE-USD · sqzExp ▼ 73 · 1h
14:53 KSA · PRE     · signal     · TRUMP-USD · orb ▼ 70 · 15m
14:53 KSA · PRE     · signal     · TRUMP-USD · brk ▼ 68 · 15m
14:53 KSA · PRE     · signal     · EUR-USD · brk ▼ 55 · 15m
14:53 KSA · PRE     · signal     · ARB-USD · brk ▼ 55 · 15m
14:53 KSA · PRE     · signal     · BANK-USD · orb ▼ 85 · 15m
14:53 KSA · PRE     · signal     · BANK-USD · brk ▼ 73 · 15m
14:53 KSA · PRE     · signal     · TON-USD · brk ▼ 61 · 15m
14:53 KSA · PRE     · signal     · SENT-USD · orb ▼ 63 · 15m
14:53 KSA · PRE     · signal     · SENT-USD · sqzExp ▼ 78 · 1h
14:53 KSA · PRE     · signal     · PENGU-USD · orb ▼ 60 · 15m
14:53 KSA · PRE     · signal     · PENGU-USD · brk ▼ 61 · 15m
14:53 KSA · PRE     · signal     · PENGU-USD · sqzExp ▼ 75 · 1h
14:53 KSA · PRE     · signal     · WLFI-USD · sqzExp ▼ 60 · 1h
14:53 KSA · PRE     · signal     · ASTER-USD · sqzExp ▼ 65 · 1h
14:53 KSA · PRE     · signal     · APT-USD · brk ▼ 61 · 15m
14:53 KSA · PRE     · signal     · APT-USD · sqzExp ▼ 60 · 1h
14:53 KSA · PRE     · signal     · SNT-USD · brk ▼ 100 · 1d
14:53 KSA · PRE     · signal     · SNT-USD · sqzExp ▼ 69 · 1d
14:53 KSA · PRE     · signal     · UTK-USD · brk ▲ 89 · 1d
14:53 KSA · PRE     · signal     · EPIC-USD · sqzExp ▼ 69 · 1d
14:53 KSA · PRE     · signal     · ONE-USD · sqzExp ▼ 94 · 1d
14:53 KSA · PRE     · signal     · ONE-USD · volSpike ▲ 61 · 1d
14:53 KSA · PRE     · signal     · CLV-USD · meanRev ▲ 65 · 1d
14:53 KSA · PRE     · signal     · KP3R-USD · meanRev ▲ 65 · 1d
14:53 KSA · PRE     · signal     · KP3R-USD · sqzExp ▼ 59 · 1d
14:53 KSA · PRE     · signal     · UNFI-USD · brk ▼ 71 · 1d
14:53 KSA · PRE     · signal     · IRIS-USD · sqzExp ▼ 59 · 1d
14:53 KSA · PRE     · signal     · MASK-USD · brk ▲ 63 · 1d
14:53 KSA · PRE     · signal     · COMBO-USD · sqzExp ▼ 69 · 1d
14:53 KSA · PRE     · signal     · G-USD · brk ▼ 68 · 1d
14:53 KSA · PRE     · signal     · G-USD · sqzExp ▼ 88 · 1d
14:53 KSA · PRE     · signal     · SXP-USD · sqzExp ▼ 69 · 1d
14:53 KSA · PRE     · signal     · AMB-USD · brk ▲ 84 · 1d
14:53 KSA · PRE     · signal     · AMB-USD · sqzExp ▲ 56 · 1d
14:53 KSA · PRE     · signal     · OPN-USD · sqzExp ▼ 100 · 1d
14:53 KSA · PRE     · signal     · HOME-USD · brk ▲ 66 · 1d
14:53 KSA · PRE     · signal     · HOME-USD · sqzExp ▲ 75 · 1d
14:53 KSA · PRE     · signal     · D-USD · brk ▼ 92 · 1d
14:53 KSA · PRE     · signal     · D-USD · sqzExp ▼ 69 · 1d
14:54 KSA · PRE     · scanner    · بدء المسح · 1153 رمزاً · الجلسة PRE
14:54 KSA · PRE     · signal     · MU · brk ▲ 100 · 15m · جلسة ممتدة
14:54 KSA · PRE     · signal     · INTC · brk ▲ 100 · 15m · جلسة ممتدة
14:54 KSA · PRE     · signal     · CAT · orb ▲ 71 · 15m · جلسة ممتدة
14:54 KSA · PRE     · signal     · CAT · brk ▲ 81 · 15m · جلسة ممتدة
14:54 KSA · PRE     · signal     · LRCX · brk ▲ 100 · 15m · جلسة ممتدة
14:54 KSA · PRE     · signal     · RTX · brk ▲ 69 · 15m · جلسة ممتدة
14:54 KSA · PRE     · signal     · ANET · brk ▲ 100 · 15m · جلسة ممتدة
14:54 KSA · PRE     · signal     · KLAC · orb ▲ 100 · 15m · جلسة ممتدة
14:54 KSA · PRE     · signal     · MRVL · brk ▲ 100 · 15m · جلسة ممتدة
14:54 KSA · PRE     · signal     · APH · brk ▲ 100 · 15m · جلسة ممتدة
14:54 KSA · PRE     · signal     · DE · vwapRec ▲ 75 · 15m · جلسة ممتدة
14:54 KSA · PRE     · signal     · STX · brk ▲ 100 · 15m · جلسة ممتدة
14:54 KSA · PRE     · signal     · ADI · vwapRec ▲ 68 · 15m · جلسة ممتدة
14:54 KSA · PRE     · signal     · PFE · orb ▲ 100 · 15m · جلسة ممتدة
14:54 KSA · PRE     · signal     · ETN · brk ▲ 81 · 15m · جلسة ممتدة
14:54 KSA · PRE     · signal     · BKNG · orb ▲ 85 · 15m · جلسة ممتدة
14:54 KSA · PRE     · signal     · GLW · brk ▲ 100 · 15m · جلسة ممتدة
14:54 KSA · PRE     · signal     · FCX · vwapRec ▲ 94 · 15m · جلسة ممتدة
14:54 KSA · PRE     · signal     · FCX · brk ▲ 100 · 15m · جلسة ممتدة
14:54 KSA · PRE     · signal     · PWR · brk ▲ 69 · 15m · جلسة ممتدة
14:54 KSA · PRE     · signal     · HWM · brk ▲ 100 · 15m · جلسة ممتدة
14:54 KSA · PRE     · signal     · DDOG · vwapRec ▲ 88 · 15m · جلسة ممتدة
14:54 KSA · PRE     · signal     · CDNS · brk ▲ 100 · 15m · جلسة ممتدة
14:54 KSA · PRE     · signal     · CMI · vwapRec ▲ 85 · 15m · جلسة ممتدة
14:54 KSA · PRE     · signal     · NSC · brk ▲ 63 · 15m · جلسة ممتدة
14:54 KSA · PRE     · signal     · NSC · sqzExp ▲ 100 · 1h · جلسة ممتدة
14:54 KSA · PRE     · signal     · AON · vwapRec ▲ 91 · 15m · جلسة ممتدة
14:54 KSA · PRE     · signal     · MRNA · brk ▲ 81 · 15m · جلسة ممتدة
14:54 KSA · PRE     · signal     · COHR · brk ▲ 100 · 15m · جلسة ممتدة
14:54 KSA · PRE     · signal     · FIX · brk ▲ 100 · 15m · جلسة ممتدة
14:54 KSA · PRE     · signal     · TER · meanRev ▼ 100 · 15m · جلسة ممتدة
14:54 KSA · PRE     · signal     · VST · brk ▲ 100 · 15m · جلسة ممتدة
14:54 KSA · PRE     · signal     · MCHP · vwapRec ▲ 78 · 15m · جلسة ممتدة
14:54 KSA · PRE     · signal     · RDDT · brk ▼ 100 · 15m · جلسة ممتدة
14:54 KSA · PRE     · signal     · XAUT-USD · brk ▲ 69 · 15m
14:54 KSA · PRE     · signal     · RAY-USD · vwapRec ▼ 100 · 15m
14:54 KSA · PRE     · signal     · UNI-USD · orb ▲ 65 · 15m
14:54 KSA · PRE     · signal     · U-USD · orb ▲ 65 · 15m
14:54 KSA · PRE     · signal     · TAO-USD · orb ▲ 78 · 15m
14:54 KSA · PRE     · signal     · TAO-USD · vwapRec ▲ 70 · 15m
14:54 KSA · PRE     · signal     · BANK-USD · vwapRec ▲ 60 · 15m
14:54 KSA · PRE     · signal     · BANK-USD · pbTrend ▼ 57 · 1h
14:54 KSA · PRE     · signal     · WLFI-USD · orb ▲ 75 · 15m
14:54 KSA · PRE     · signal     · WLFI-USD · vwapRec ▲ 63 · 15m
14:54 KSA · PRE     · signal     · APT-USD · orb ▲ 65 · 15m
14:54 KSA · PRE     · signal     · ONE-USD · brk ▲ 68 · 1d
14:54 KSA · PRE     · signal     · PIVX-USD · brk ▼ 100 · 1d
14:56 KSA · PRE     · scanner    · بدء المسح · 1153 رمزاً · الجلسة PRE
14:56 KSA · PRE     · signal     · MA · vwapRec ▼ 57 · 15m · جلسة ممتدة
14:56 KSA · PRE     · signal     · ABBV · brk ▼ 100 · 15m · جلسة ممتدة
14:56 KSA · PRE     · signal     · WDC · brk ▲ 69 · 15m · جلسة ممتدة
14:56 KSA · PRE     · signal     · ACN · vwapRec ▼ 79 · 15m · جلسة ممتدة
14:56 KSA · PRE     · signal     · PAXG-USD · brk ▲ 69 · 15m
14:56 KSA · PRE     · signal     · ARB-USD · orb ▼ 82 · 15m
14:56 KSA · PRE     · signal     · SENT-USD · brk ▲ 100 · 15m
14:58 KSA · PRE     · scanner    · بدء المسح · 1153 رمزاً · الجلسة PRE
14:58 KSA · PRE     · signal     · QQQB-USD · sqzExp ▲ 100 · 1h
14:58 KSA · PRE     · signal     · PENGU-USD · vwapRec ▲ 100 · 15m
15:00 KSA · PRE     · scanner    · بدء المسح · 1153 رمزاً · الجلسة PRE
15:00 KSA · PRE     · signal     · BTC-USD · vwapRec ▲ 100 · 15m
15:00 KSA · PRE     · signal     · XOM · meanRev ▲ 100 · 15m · جلسة ممتدة
15:00 KSA · PRE     · signal     · AMAT · brk ▲ 69 · 15m · جلسة ممتدة
15:00 KSA · PRE     · signal     · KLAC · brk ▲ 100 · 15m · جلسة ممتدة
15:00 KSA · PRE     · signal     · HOOD · vwapRec ▲ 85 · 15m · جلسة ممتدة
15:00 KSA · PRE     · signal     · DDOG · orb ▼ 100 · 15m · جلسة ممتدة
15:03 KSA · PRE     · scanner    · بدء المسح · 1153 رمزاً · الجلسة PRE
15:03 KSA · PRE     · signal     · GOOGL · orb ▼ 71 · 15m · جلسة ممتدة
15:03 KSA · PRE     · signal     · LLY · orb ▼ 83 · 15m · جلسة ممتدة
15:03 KSA · PRE     · signal     · LLY · vwapRec ▼ 55 · 15m · جلسة ممتدة
15:03 KSA · PRE     · signal     · AMD · orb ▼ 59 · 15m · جلسة ممتدة
15:03 KSA · PRE     · signal     · CAT · vwapRec ▼ 55 · 15m · جلسة ممتدة
15:03 KSA · PRE     · signal     · UNH · volSpike ▼ 83 · 15m · جلسة ممتدة
15:03 KSA · PRE     · signal     · GE · vwapRec ▼ 57 · 15m · جلسة ممتدة
15:03 KSA · PRE     · signal     · MS · orb ▼ 88 · 15m · جلسة ممتدة
15:03 KSA · PRE     · signal     · HD · vwapRec ▼ 65 · 15m · جلسة ممتدة
15:03 KSA · PRE     · signal     · CRWD · vwapRec ▲ 62 · 15m · جلسة ممتدة
15:03 KSA · PRE     · signal     · AMGN · vwapRec ▼ 63 · 15m · جلسة ممتدة
15:03 KSA · PRE     · signal     · QCOM · orb ▼ 82 · 15m · جلسة ممتدة
15:03 KSA · PRE     · signal     · APH · orb ▼ 75 · 15m · جلسة ممتدة
15:03 KSA · PRE     · signal     · APH · vwapRec ▼ 55 · 15m · جلسة ممتدة
15:03 KSA · PRE     · signal     · COP · vwapRec ▲ 78 · 15m · جلسة ممتدة
15:03 KSA · PRE     · signal     · GLW · orb ▼ 68 · 15m · جلسة ممتدة
15:03 KSA · PRE     · signal     · ACN · orb ▼ 88 · 15m · جلسة ممتدة
15:03 KSA · PRE     · signal     · VRT · orb ▼ 78 · 15m · جلسة ممتدة
15:03 KSA · PRE     · signal     · VRT · vwapRec ▼ 65 · 15m · جلسة ممتدة
15:03 KSA · PRE     · signal     · CEG · vwapRec ▼ 65 · 15m · جلسة ممتدة
15:03 KSA · PRE     · signal     · HWM · vwapRec ▼ 57 · 15m · جلسة ممتدة
15:03 KSA · PRE     · signal     · SHW · orb ▼ 77 · 15m · جلسة ممتدة
15:03 KSA · PRE     · signal     · SNPS · orb ▼ 100 · 15m · جلسة ممتدة
15:03 KSA · PRE     · signal     · MRNA · orb ▼ 76 · 15m · جلسة ممتدة
15:03 KSA · PRE     · signal     · MPWR · vwapRec ▼ 65 · 15m · جلسة ممتدة
15:03 KSA · PRE     · signal     · MPWR · volSpike ▼ 67 · 15m · جلسة ممتدة
15:03 KSA · PRE     · signal     · NKE · orb ▼ 82 · 15m · جلسة ممتدة
15:03 KSA · PRE     · signal     · CIEN · orb ▼ 91 · 15m · جلسة ممتدة
15:03 KSA · PRE     · signal     · VST · orb ▼ 85 · 15m · جلسة ممتدة
15:03 KSA · PRE     · signal     · VST · vwapRec ▼ 65 · 15m · جلسة ممتدة
15:03 KSA · PRE     · signal     · AVAX-USD · orb ▲ 57 · 15m
15:03 KSA · PRE     · signal     · XAUT-USD · volSpike ▲ 56 · 15m
15:03 KSA · PRE     · signal     · CRCLB-USD · vwapRec ▲ 83 · 15m
15:03 KSA · PRE     · signal     · MUB-USD · volSpike ▲ 56 · 15m
15:03 KSA · PRE     · signal     · UNI-USD · sqzExp ▼ 57 · 1h
15:03 KSA · PRE     · signal     · UNI-USD · tfAlign ▲ 100 · 1d
15:03 KSA · PRE     · signal     · SUI-USD · orb ▼ 78 · 15m
15:03 KSA · PRE     · signal     · SUI-USD · brk ▼ 55 · 15m
15:03 KSA · PRE     · signal     · SUI-USD · sqzExp ▼ 55 · 1h
15:03 KSA · PRE     · signal     · U-USD · brk ▼ 55 · 15m
15:03 KSA · PRE     · signal     · PEPE-USD · brk ▲ 80 · 15m
15:03 KSA · PRE     · signal     · PEPE-USD · sqzExp ▲ 63 · 1h
15:03 KSA · PRE     · signal     · TAO-USD · brk ▼ 57 · 15m
15:03 KSA · PRE     · signal     · TAO-USD · sqzExp ▼ 60 · 1h
15:03 KSA · PRE     · signal     · THE-USD · orb ▼ 55 · 15m
15:03 KSA · PRE     · signal     · THE-USD · sqzExp ▼ 73 · 1h
15:03 KSA · PRE     · signal     · TRUMP-USD · orb ▼ 85 · 15m
15:03 KSA · PRE     · signal     · TRUMP-USD · brk ▼ 64 · 15m
15:03 KSA · PRE     · signal     · EUR-USD · brk ▼ 64 · 15m
15:03 KSA · PRE     · signal     · BANK-USD · orb ▼ 85 · 15m
15:03 KSA · PRE     · signal     · BANK-USD · brk ▼ 80 · 15m
15:03 KSA · PRE     · signal     · TON-USD · brk ▼ 61 · 15m
15:03 KSA · PRE     · signal     · SENT-USD · orb ▼ 70 · 15m
15:03 KSA · PRE     · signal     · SENT-USD · sqzExp ▼ 78 · 1h
15:03 KSA · PRE     · signal     · PENGU-USD · orb ▼ 60 · 15m
15:03 KSA · PRE     · signal     · PENGU-USD · sqzExp ▼ 75 · 1h
15:03 KSA · PRE     · signal     · WLFI-USD · sqzExp ▼ 60 · 1h
15:03 KSA · PRE     · signal     · ASTER-USD · sqzExp ▼ 65 · 1h
15:03 KSA · PRE     · signal     · APT-USD · brk ▼ 66 · 15m
15:03 KSA · PRE     · signal     · APT-USD · sqzExp ▼ 60 · 1h
15:03 KSA · PRE     · signal     · XAI-USD · brk ▲ 74 · 1d
15:03 KSA · PRE     · signal     · XAI-USD · sqzExp ▲ 78 · 1d
15:03 KSA · PRE     · signal     · POLS-USD · brk ▼ 63 · 1d
15:03 KSA · PRE     · signal     · XEM-USD · sqzExp ▼ 69 · 1d
15:03 KSA · PRE     · signal     · BTS-USD · brk ▼ 84 · 1d
15:03 KSA · PRE     · signal     · BTS-USD · sqzExp ▼ 69 · 1d
15:03 KSA · PRE     · signal     · FLM-USD · brk ▼ 79 · 1d
15:03 KSA · PRE     · signal     · ID-USD · brk ▼ 66 · 1d
15:03 KSA · PRE     · signal     · CREAM-USD · brk ▼ 100 · 1d
15:03 KSA · PRE     · signal     · CREAM-USD · sqzExp ▼ 69 · 1d
15:03 KSA · PRE     · signal     · CTXC-USD · brk ▼ 79 · 1d
15:03 KSA · PRE     · signal     · CTXC-USD · sqzExp ▼ 84 · 1d
15:03 KSA · PRE     · signal     · STMX-USD · brk ▼ 84 · 1d
15:03 KSA · PRE     · signal     · PNT-USD · sqzExp ▼ 69 · 1d
15:03 KSA · PRE     · signal     · SLF-USD · brk ▼ 100 · 1d
15:03 KSA · PRE     · signal     · SLF-USD · sqzExp ▼ 69 · 1d
15:03 KSA · PRE     · signal     · MOVE-USD · brk ▲ 63 · 1d
15:03 KSA · PRE     · signal     · MDX-USD · brk ▼ 74 · 1d
15:03 KSA · PRE     · signal     · MDX-USD · meanRev ▲ 55 · 1d
15:03 KSA · PRE     · signal     · MMT-USD · sqzExp ▲ 88 · 1d
15:04 KSA · PRE     · scanner    · بدء المسح · 1153 رمزاً · الجلسة PRE
15:04 KSA · PRE     · signal     · NVDA · brk ▲ 100 · 15m · جلسة ممتدة
15:04 KSA · PRE     · signal     · AVGO · brk ▲ 100 · 15m · جلسة ممتدة
15:04 KSA · PRE     · signal     · MU · brk ▲ 100 · 15m · جلسة ممتدة
15:04 KSA · PRE     · signal     · INTC · brk ▲ 100 · 15m · جلسة ممتدة
15:04 KSA · PRE     · signal     · CAT · orb ▲ 75 · 15m · جلسة ممتدة
15:04 KSA · PRE     · signal     · CAT · brk ▲ 81 · 15m · جلسة ممتدة
15:04 KSA · PRE     · signal     · LRCX · brk ▲ 100 · 15m · جلسة ممتدة
15:04 KSA · PRE     · signal     · AMAT · brk ▲ 69 · 15m · جلسة ممتدة
15:04 KSA · PRE     · signal     · RTX · brk ▲ 100 · 15m · جلسة ممتدة
15:04 KSA · PRE     · signal     · ANET · brk ▲ 81 · 15m · جلسة ممتدة
15:04 KSA · PRE     · signal     · TMO · vwapRec ▲ 60 · 15m · جلسة ممتدة
15:04 KSA · PRE     · signal     · KLAC · orb ▲ 91 · 15m · جلسة ممتدة
15:04 KSA · PRE     · signal     · KLAC · brk ▲ 69 · 15m · جلسة ممتدة
15:04 KSA · PRE     · signal     · MRVL · brk ▲ 100 · 15m · جلسة ممتدة
15:04 KSA · PRE     · signal     · APH · brk ▲ 100 · 15m · جلسة ممتدة
15:04 KSA · PRE     · signal     · STX · brk ▲ 100 · 15m · جلسة ممتدة
15:04 KSA · PRE     · signal     · ETN · brk ▲ 81 · 15m · جلسة ممتدة
15:04 KSA · PRE     · signal     · WDC · brk ▲ 69 · 15m · جلسة ممتدة
15:04 KSA · PRE     · signal     · GLW · brk ▲ 100 · 15m · جلسة ممتدة
15:04 KSA · PRE     · signal     · PH · brk ▲ 63 · 15m · جلسة ممتدة
15:04 KSA · PRE     · signal     · FCX · brk ▲ 100 · 15m · جلسة ممتدة
15:04 KSA · PRE     · signal     · HOOD · vwapRec ▲ 94 · 15m · جلسة ممتدة
15:04 KSA · PRE     · signal     · PWR · brk ▲ 100 · 15m · جلسة ممتدة
15:04 KSA · PRE     · signal     · HWM · brk ▲ 100 · 15m · جلسة ممتدة
15:04 KSA · PRE     · signal     · CDNS · brk ▲ 81 · 15m · جلسة ممتدة
15:04 KSA · PRE     · signal     · NSC · brk ▲ 63 · 15m · جلسة ممتدة
15:04 KSA · PRE     · signal     · NSC · sqzExp ▲ 100 · 1h · جلسة ممتدة
15:04 KSA · PRE     · signal     · AON · vwapRec ▲ 91 · 15m · جلسة ممتدة
15:04 KSA · PRE     · signal     · MRNA · brk ▲ 81 · 15m · جلسة ممتدة
15:04 KSA · PRE     · signal     · COHR · brk ▲ 100 · 15m · جلسة ممتدة
15:04 KSA · PRE     · signal     · FIX · brk ▲ 100 · 15m · جلسة ممتدة
15:04 KSA · PRE     · signal     · TER · meanRev ▼ 100 · 15m · جلسة ممتدة
15:04 KSA · PRE     · signal     · VST · brk ▲ 100 · 15m · جلسة ممتدة
15:04 KSA · PRE     · signal     · MCHP · vwapRec ▲ 60 · 15m · جلسة ممتدة
15:04 KSA · PRE     · signal     · RDDT · brk ▼ 100 · 15m · جلسة ممتدة
15:04 KSA · PRE     · signal     · XAUT-USD · meanRev ▼ 100 · 15m
15:04 KSA · PRE     · signal     · SNDKB-USD · sqzExp ▲ 100 · 1h
15:04 KSA · PRE     · signal     · UNI-USD · orb ▲ 57 · 15m
15:04 KSA · PRE     · signal     · TAO-USD · orb ▲ 88 · 15m
15:04 KSA · PRE     · signal     · TAO-USD · vwapRec ▲ 70 · 15m
15:04 KSA · PRE     · signal     · SENT-USD · brk ▲ 64 · 15m
15:04 KSA · PRE     · signal     · PENGU-USD · vwapRec ▲ 63 · 15m
15:04 KSA · PRE     · signal     · WLFI-USD · orb ▲ 90 · 15m
15:04 KSA · PRE     · signal     · WLFI-USD · vwapRec ▲ 78 · 15m
15:04 KSA · PRE     · signal     · APT-USD · orb ▲ 80 · 15m
15:04 KSA · PRE     · signal     · ICX-USD · brk ▼ 100 · 1d
15:04 KSA · PRE     · signal     · DENT-USD · brk ▼ 100 · 1d
15:04 KSA · PRE     · signal     · BETA-USD · brk ▼ 69 · 1d
15:04 KSA · PRE     · signal     · TRU-USD · brk ▼ 100 · 1d
15:08 KSA · PRE     · scanner    · بدء المسح · 1153 رمزاً · الجلسة PRE
15:08 KSA · PRE     · signal     · ORCL · brk ▲ 69 · 15m · جلسة ممتدة
15:08 KSA · PRE     · signal     · GE · vwapRec ▼ 79 · 15m · جلسة ممتدة
15:08 KSA · PRE     · signal     · SNDK · brk ▲ 69 · 15m · جلسة ممتدة
15:08 KSA · PRE     · signal     · DE · vwapRec ▲ 68 · 15m · جلسة ممتدة
15:08 KSA · PRE     · signal     · ADI · brk ▲ 100 · 15m · جلسة ممتدة
15:08 KSA · PRE     · signal     · BKNG · orb ▲ 100 · 15m · جلسة ممتدة
15:08 KSA · PRE     · signal     · FTNT · orb ▲ 82 · 15m · جلسة ممتدة
15:08 KSA · PRE     · signal     · VLO · orb ▼ 86 · 15m · جلسة ممتدة
15:08 KSA · PRE     · signal     · DDOG · vwapRec ▼ 57 · 15m · جلسة ممتدة
15:08 KSA · PRE     · signal     · SUI-USD · vwapRec ▲ 100 · 15m
15:10 KSA · PRE     · scanner    · بدء المسح · 1153 رمزاً · الجلسة PRE
15:10 KSA · PRE     · signal     · WMT · orb ▲ 100 · 15m · جلسة ممتدة
15:10 KSA · PRE     · signal     · KLAC · meanRev ▼ 100 · 15m · جلسة ممتدة
15:10 KSA · PRE     · signal     · HONA · brk ▲ 100 · 15m · جلسة ممتدة
15:10 KSA · PRE     · signal     · U-USD · orb ▲ 100 · 15m
15:10 KSA · PRE     · signal     · U-USD · vwapRec ▲ 68 · 15m
15:10 KSA · PRE     · signal     · VTRS · meanRev ▼ 100 · 1d · جلسة ممتدة
15:13 KSA · PRE     · scanner    · بدء المسح · 1153 رمزاً · الجلسة PRE
15:13 KSA · PRE     · signal     · GOOGL · orb ▼ 71 · 15m · جلسة ممتدة
15:13 KSA · PRE     · signal     · LLY · orb ▼ 83 · 15m · جلسة ممتدة
15:13 KSA · PRE     · signal     · LLY · vwapRec ▼ 55 · 15m · جلسة ممتدة
15:13 KSA · PRE     · signal     · WMT · brk ▼ 86 · 15m · جلسة ممتدة
15:13 KSA · PRE     · signal     · AMD · orb ▼ 68 · 15m · جلسة ممتدة
15:13 KSA · PRE     · signal     · MS · orb ▼ 88 · 15m · جلسة ممتدة
15:13 KSA · PRE     · signal     · HD · vwapRec ▼ 59 · 15m · جلسة ممتدة
15:13 KSA · PRE     · signal     · WFC · pbTrend ▲ 69 · 1h · جلسة ممتدة
15:13 KSA · PRE     · signal     · AMGN · vwapRec ▼ 63 · 15m · جلسة ممتدة
15:13 KSA · PRE     · signal     · QCOM · orb ▼ 82 · 15m · جلسة ممتدة
15:13 KSA · PRE     · signal     · APH · orb ▼ 75 · 15m · جلسة ممتدة
15:13 KSA · PRE     · signal     · APH · vwapRec ▼ 55 · 15m · جلسة ممتدة
15:13 KSA · PRE     · signal     · COP · vwapRec ▲ 78 · 15m · جلسة ممتدة
15:13 KSA · PRE     · signal     · BX · vwapRec ▼ 59 · 15m · جلسة ممتدة
15:13 KSA · PRE     · signal     · GLW · orb ▼ 71 · 15m · جلسة ممتدة
15:13 KSA · PRE     · signal     · ADP · orb ▲ 62 · 15m · جلسة ممتدة
15:13 KSA · PRE     · signal     · VRT · orb ▼ 82 · 15m · جلسة ممتدة
15:13 KSA · PRE     · signal     · CEG · vwapRec ▼ 59 · 15m · جلسة ممتدة
15:13 KSA · PRE     · signal     · SHW · orb ▼ 77 · 15m · جلسة ممتدة
15:13 KSA · PRE     · signal     · SNPS · orb ▼ 100 · 15m · جلسة ممتدة
15:13 KSA · PRE     · signal     · MRNA · orb ▼ 76 · 15m · جلسة ممتدة
15:13 KSA · PRE     · signal     · MPWR · vwapRec ▼ 59 · 15m · جلسة ممتدة
15:13 KSA · PRE     · signal     · NKE · orb ▼ 82 · 15m · جلسة ممتدة
15:13 KSA · PRE     · signal     · CIEN · orb ▼ 91 · 15m · جلسة ممتدة
15:13 KSA · PRE     · signal     · VST · orb ▼ 82 · 15m · جلسة ممتدة
15:13 KSA · PRE     · signal     · VST · vwapRec ▼ 59 · 15m · جلسة ممتدة
15:13 KSA · PRE     · signal     · ICP-USD · vwapRec ▼ 100 · 15m
15:13 KSA · PRE     · signal     · UNI-USD · sqzExp ▼ 57 · 1h
15:13 KSA · PRE     · signal     · SUI-USD · orb ▼ 78 · 15m
15:13 KSA · PRE     · signal     · SUI-USD · brk ▼ 55 · 15m
15:13 KSA · PRE     · signal     · SUI-USD · sqzExp ▼ 55 · 1h
15:13 KSA · PRE     · signal     · U-USD · brk ▼ 55 · 15m
15:13 KSA · PRE     · signal     · PEPE-USD · brk ▲ 80 · 15m
15:13 KSA · PRE     · signal     · PEPE-USD · sqzExp ▲ 63 · 1h
15:13 KSA · PRE     · signal     · TAO-USD · brk ▼ 57 · 15m
15:13 KSA · PRE     · signal     · TAO-USD · sqzExp ▼ 60 · 1h
15:13 KSA · PRE     · signal     · THE-USD · orb ▼ 55 · 15m
15:13 KSA · PRE     · signal     · THE-USD · sqzExp ▼ 73 · 1h
15:13 KSA · PRE     · signal     · TRUMP-USD · orb ▼ 85 · 15m
15:13 KSA · PRE     · signal     · TRUMP-USD · vwapRec ▼ 57 · 15m
15:13 KSA · PRE     · signal     · TRUMP-USD · brk ▼ 64 · 15m
15:13 KSA · PRE     · signal     · EUR-USD · brk ▼ 64 · 15m
15:13 KSA · PRE     · signal     · BANK-USD · orb ▼ 85 · 15m
15:13 KSA · PRE     · signal     · BANK-USD · brk ▼ 80 · 15m
15:13 KSA · PRE     · signal     · TON-USD · brk ▼ 61 · 15m
15:13 KSA · PRE     · signal     · SENT-USD · orb ▼ 70 · 15m
15:13 KSA · PRE     · signal     · SENT-USD · sqzExp ▼ 78 · 1h
15:13 KSA · PRE     · signal     · PENGU-USD · orb ▼ 60 · 15m
15:13 KSA · PRE     · signal     · PENGU-USD · sqzExp ▼ 75 · 1h
15:13 KSA · PRE     · signal     · WLFI-USD · sqzExp ▼ 60 · 1h
15:13 KSA · PRE     · signal     · ASTER-USD · sqzExp ▼ 65 · 1h
15:13 KSA · PRE     · signal     · APT-USD · brk ▼ 66 · 15m
15:13 KSA · PRE     · signal     · APT-USD · sqzExp ▼ 60 · 1h
15:13 KSA · PRE     · signal     · LRC-USD · sqzExp ▼ 63 · 1d
15:13 KSA · PRE     · signal     · TLM-USD · volSpike ▼ 100 · 1d
15:13 KSA · PRE     · signal     · BAL-USD · brk ▼ 84 · 1d
15:13 KSA · PRE     · signal     · BAL-USD · sqzExp ▼ 69 · 1d
15:13 KSA · PRE     · signal     · BADGER-USD · brk ▼ 66 · 1d
15:13 KSA · PRE     · signal     · BADGER-USD · sqzExp ▼ 59 · 1d
15:13 KSA · PRE     · signal     · FIS-USD · brk ▼ 61 · 1d
15:13 KSA · PRE     · signal     · ACM-USD · sqzExp ▼ 100 · 1d
15:13 KSA · PRE     · signal     · ACM-USD · volSpike ▼ 78 · 1d
15:13 KSA · PRE     · signal     · QI-USD · volSpike ▼ 67 · 1d
15:13 KSA · PRE     · signal     · CTK-USD · brk ▼ 76 · 1d
15:13 KSA · PRE     · signal     · CTK-USD · sqzExp ▼ 100 · 1d
15:13 KSA · PRE     · signal     · BIFI-USD · sqzExp ▼ 69 · 1d
15:13 KSA · PRE     · signal     · AT-USD · brk ▼ 63 · 1d
15:13 KSA · PRE     · signal     · MAGIC-USD · sqzExp ▲ 78 · 1d
15:13 KSA · PRE     · signal     · AXL-USD · brk ▼ 76 · 1d
15:13 KSA · PRE     · signal     · VIDT-USD · brk ▲ 84 · 1d
15:13 KSA · PRE     · signal     · VIDT-USD · sqzExp ▲ 56 · 1d
15:14 KSA · PRE     · scanner    · بدء المسح · 1153 رمزاً · الجلسة PRE
15:14 KSA · PRE     · signal     · NVDA · brk ▲ 100 · 15m · جلسة ممتدة
15:14 KSA · PRE     · signal     · AVGO · brk ▲ 100 · 15m · جلسة ممتدة
15:14 KSA · PRE     · signal     · MU · brk ▲ 100 · 15m · جلسة ممتدة
15:14 KSA · PRE     · signal     · WMT · orb ▲ 100 · 15m · جلسة ممتدة
15:14 KSA · PRE     · signal     · AMD · brk ▲ 100 · 15m · جلسة ممتدة
15:14 KSA · PRE     · signal     · INTC · brk ▲ 100 · 15m · جلسة ممتدة
15:14 KSA · PRE     · signal     · ORCL · brk ▲ 69 · 15m · جلسة ممتدة
15:14 KSA · PRE     · signal     · CAT · orb ▲ 71 · 15m · جلسة ممتدة
15:14 KSA · PRE     · signal     · CAT · brk ▲ 81 · 15m · جلسة ممتدة
15:14 KSA · PRE     · signal     · LRCX · brk ▲ 100 · 15m · جلسة ممتدة
15:14 KSA · PRE     · signal     · AMAT · brk ▲ 100 · 15m · جلسة ممتدة
15:14 KSA · PRE     · signal     · ANET · brk ▲ 81 · 15m · جلسة ممتدة
15:14 KSA · PRE     · signal     · SNDK · brk ▲ 100 · 15m · جلسة ممتدة
15:14 KSA · PRE     · signal     · KLAC · orb ▲ 82 · 15m · جلسة ممتدة
15:14 KSA · PRE     · signal     · KLAC · brk ▲ 100 · 15m · جلسة ممتدة
15:14 KSA · PRE     · signal     · MRVL · brk ▲ 81 · 15m · جلسة ممتدة
15:14 KSA · PRE     · signal     · APH · brk ▲ 81 · 15m · جلسة ممتدة
15:14 KSA · PRE     · signal     · STX · brk ▲ 100 · 15m · جلسة ممتدة
15:14 KSA · PRE     · signal     · ADI · vwapRec ▲ 88 · 15m · جلسة ممتدة
15:14 KSA · PRE     · signal     · ETN · brk ▲ 100 · 15m · جلسة ممتدة
15:14 KSA · PRE     · signal     · WDC · brk ▲ 100 · 15m · جلسة ممتدة
15:14 KSA · PRE     · signal     · BKNG · orb ▲ 100 · 15m · جلسة ممتدة
15:14 KSA · PRE     · signal     · NEM · meanRev ▼ 100 · 15m · جلسة ممتدة
15:14 KSA · PRE     · signal     · FTNT · vwapRec ▲ 100 · 15m · جلسة ممتدة
15:14 KSA · PRE     · signal     · GLW · brk ▲ 100 · 15m · جلسة ممتدة
15:14 KSA · PRE     · signal     · FCX · brk ▲ 100 · 15m · جلسة ممتدة
15:14 KSA · PRE     · signal     · HOOD · vwapRec ▲ 76 · 15m · جلسة ممتدة
15:14 KSA · PRE     · signal     · PWR · brk ▲ 81 · 15m · جلسة ممتدة
15:14 KSA · PRE     · signal     · PWR · meanRev ▼ 100 · 15m · جلسة ممتدة
15:14 KSA · PRE     · signal     · HWM · brk ▲ 100 · 15m · جلسة ممتدة
15:14 KSA · PRE     · signal     · CDNS · brk ▲ 81 · 15m · جلسة ممتدة
15:14 KSA · PRE     · signal     · HPE · vwapRec ▲ 71 · 15m · جلسة ممتدة
15:14 KSA · PRE     · signal     · CMI · vwapRec ▲ 91 · 15m · جلسة ممتدة
15:14 KSA · PRE     · signal     · NSC · brk ▲ 63 · 15m · جلسة ممتدة
15:14 KSA · PRE     · signal     · NSC · sqzExp ▲ 100 · 1h · جلسة ممتدة
15:14 KSA · PRE     · signal     · AON · vwapRec ▲ 91 · 15m · جلسة ممتدة
15:14 KSA · PRE     · signal     · MRNA · brk ▲ 63 · 15m · جلسة ممتدة
15:14 KSA · PRE     · signal     · COHR · brk ▲ 81 · 15m · جلسة ممتدة
15:14 KSA · PRE     · signal     · FIX · vwapRec ▲ 59 · 15m · جلسة ممتدة
15:14 KSA · PRE     · signal     · FIX · brk ▲ 81 · 15m · جلسة ممتدة
15:14 KSA · PRE     · signal     · TER · meanRev ▼ 67 · 15m · جلسة ممتدة
15:14 KSA · PRE     · signal     · DVN · orb ▼ 86 · 15m · جلسة ممتدة
15:14 KSA · PRE     · signal     · DVN · sqzExp ▼ 100 · 1h · جلسة ممتدة
15:14 KSA · PRE     · signal     · HONA · brk ▲ 100 · 15m · جلسة ممتدة
15:14 KSA · PRE     · signal     · VST · brk ▲ 81 · 15m · جلسة ممتدة
15:14 KSA · PRE     · signal     · VST · meanRev ▼ 67 · 15m · جلسة ممتدة
15:14 KSA · PRE     · signal     · RDDT · brk ▼ 100 · 15m · جلسة ممتدة
15:14 KSA · PRE     · signal     · SUI-USD · vwapRec ▲ 60 · 15m
15:14 KSA · PRE     · signal     · U-USD · orb ▲ 80 · 15m
15:14 KSA · PRE     · signal     · U-USD · vwapRec ▲ 68 · 15m
15:14 KSA · PRE     · signal     · TAO-USD · orb ▲ 80 · 15m
15:14 KSA · PRE     · signal     · SENT-USD · brk ▲ 64 · 15m
15:14 KSA · PRE     · signal     · PENGU-USD · pbTrend ▼ 57 · 1h
15:14 KSA · PRE     · signal     · WLFI-USD · orb ▲ 90 · 15m
15:14 KSA · PRE     · signal     · WLFI-USD · vwapRec ▲ 78 · 15m
15:14 KSA · PRE     · signal     · APT-USD · orb ▲ 80 · 15m
15:16 KSA · PRE     · scanner    · بدء المسح · 1153 رمزاً · الجلسة PRE
15:16 KSA · PRE     · signal     · BTC-USD · brk ▲ 100 · 15m
15:16 KSA · PRE     · signal     · BTC-USD · sqzExp ▲ 100 · 1h
15:16 KSA · PRE     · signal     · UNH · orb ▲ 86 · 15m · جلسة ممتدة
15:16 KSA · PRE     · signal     · DE · pbTrend ▲ 57 · 1h · جلسة ممتدة
15:16 KSA · PRE     · signal     · SOL-USD · brk ▲ 69 · 15m
15:16 KSA · PRE     · signal     · ADA-USD · brk ▲ 69 · 15m
15:16 KSA · PRE     · signal     · WLD-USD · orb ▲ 100 · 15m
15:16 KSA · PRE     · signal     · TRUMP-USD · orb ▲ 100 · 15m
15:18 KSA · PRE     · scanner    · بدء المسح · 1153 رمزاً · الجلسة PRE
15:18 KSA · PRE     · signal     · BRK-B · orb ▲ 86 · 15m · جلسة ممتدة
15:18 KSA · PRE     · signal     · RTX · vwapRec ▲ 65 · 15m · جلسة ممتدة
15:18 KSA · PRE     · signal     · RTX · brk ▲ 100 · 15m · جلسة ممتدة
15:18 KSA · PRE     · signal     · RTX · meanRev ▼ 100 · 15m · جلسة ممتدة
15:18 KSA · PRE     · signal     · ADI · brk ▲ 100 · 15m · جلسة ممتدة
15:18 KSA · PRE     · signal     · ADI · meanRev ▼ 100 · 15m · جلسة ممتدة
15:18 KSA · PRE     · signal     · HON · vwapRec ▼ 74 · 15m · جلسة ممتدة
15:18 KSA · PRE     · signal     · ARB-USD · orb ▼ 82 · 15m
15:20 KSA · PRE     · scanner    · بدء المسح · 1153 رمزاً · الجلسة PRE
15:20 KSA · PRE     · signal     · GOOGL · brk ▲ 69 · 15m · جلسة ممتدة
15:20 KSA · PRE     · signal     · GOOG · brk ▲ 69 · 15m · جلسة ممتدة
15:20 KSA · PRE     · signal     · LLY · vwapRec ▲ 90 · 15m · جلسة ممتدة
15:20 KSA · PRE     · signal     · TMO · vwapRec ▲ 57 · 15m · جلسة ممتدة
15:20 KSA · PRE     · signal     · DE · vwapRec ▲ 79 · 15m · جلسة ممتدة
15:20 KSA · PRE     · signal     · BKNG · brk ▲ 100 · 15m · جلسة ممتدة
15:20 KSA · PRE     · signal     · NEM · brk ▲ 69 · 15m · جلسة ممتدة
15:20 KSA · PRE     · signal     · EUR-USD · brk ▲ 100 · 15m
15:24 KSA · PRE     · scanner    · بدء المسح · 1153 رمزاً · الجلسة PRE
15:24 KSA · PRE     · signal     · GOOGL · orb ▼ 71 · 15m · جلسة ممتدة
15:24 KSA · PRE     · signal     · LLY · orb ▼ 75 · 15m · جلسة ممتدة
15:24 KSA · PRE     · signal     · WMT · brk ▼ 86 · 15m · جلسة ممتدة
15:24 KSA · PRE     · signal     · AMD · orb ▼ 68 · 15m · جلسة ممتدة
15:24 KSA · PRE     · signal     · CVX · volSpike ▲ 89 · 15m · جلسة ممتدة
15:24 KSA · PRE     · signal     · MS · orb ▼ 94 · 15m · جلسة ممتدة
15:24 KSA · PRE     · signal     · HD · vwapRec ▼ 65 · 15m · جلسة ممتدة
15:24 KSA · PRE     · signal     · CRWD · vwapRec ▲ 62 · 15m · جلسة ممتدة
15:24 KSA · PRE     · signal     · AMGN · vwapRec ▼ 55 · 15m · جلسة ممتدة
15:24 KSA · PRE     · signal     · QCOM · orb ▼ 82 · 15m · جلسة ممتدة
15:24 KSA · PRE     · signal     · APH · orb ▼ 75 · 15m · جلسة ممتدة
15:24 KSA · PRE     · signal     · APH · vwapRec ▼ 55 · 15m · جلسة ممتدة
15:24 KSA · PRE     · signal     · COP · vwapRec ▲ 78 · 15m · جلسة ممتدة
15:24 KSA · PRE     · signal     · BX · vwapRec ▼ 65 · 15m · جلسة ممتدة
15:24 KSA · PRE     · signal     · GLW · orb ▼ 71 · 15m · جلسة ممتدة
15:24 KSA · PRE     · signal     · ADP · orb ▲ 62 · 15m · جلسة ممتدة
15:24 KSA · PRE     · signal     · PWR · orb ▼ 83 · 15m · جلسة ممتدة
15:24 KSA · PRE     · signal     · PWR · vwapRec ▼ 55 · 15m · جلسة ممتدة
15:24 KSA · PRE     · signal     · VRT · orb ▼ 82 · 15m · جلسة ممتدة
15:24 KSA · PRE     · signal     · CEG · vwapRec ▼ 59 · 15m · جلسة ممتدة
15:24 KSA · PRE     · signal     · SHW · orb ▼ 77 · 15m · جلسة ممتدة
15:24 KSA · PRE     · signal     · SNPS · orb ▼ 100 · 15m · جلسة ممتدة
15:24 KSA · PRE     · signal     · HON · vwapRec ▼ 62 · 15m · جلسة ممتدة
15:24 KSA · PRE     · signal     · MRNA · orb ▼ 76 · 15m · جلسة ممتدة
15:24 KSA · PRE     · signal     · NKE · orb ▼ 82 · 15m · جلسة ممتدة
15:24 KSA · PRE     · signal     · CIEN · orb ▼ 91 · 15m · جلسة ممتدة
15:24 KSA · PRE     · signal     · VST · orb ▼ 82 · 15m · جلسة ممتدة
15:24 KSA · PRE     · signal     · VST · vwapRec ▼ 59 · 15m · جلسة ممتدة
15:24 KSA · PRE     · signal     · MCHP · vwapRec ▼ 57 · 15m · جلسة ممتدة
15:24 KSA · PRE     · signal     · KVUE · vwapRec ▼ 59 · 15m · جلسة ممتدة
15:24 KSA · PRE     · signal     · KMB · vwapRec ▼ 71 · 15m · جلسة ممتدة
15:24 KSA · PRE     · signal     · ENA-USD · volSpike ▲ 100 · 15m
15:24 KSA · PRE     · signal     · ETHFI-USD · vwapRec ▲ 60 · 15m
15:24 KSA · PRE     · signal     · ETHFI-USD · tfAlign ▲ 92 · 1d
15:24 KSA · PRE     · signal     · LSK-USD · orb ▼ 63 · 15m
15:24 KSA · PRE     · signal     · SPCXB-USD · sqzExp ▲ 55 · 1h
15:24 KSA · PRE     · signal     · UNI-USD · orb ▼ 65 · 15m
15:24 KSA · PRE     · signal     · UNI-USD · brk ▼ 59 · 15m
15:24 KSA · PRE     · signal     · SUI-USD · orb ▼ 78 · 15m
15:24 KSA · PRE     · signal     · SUI-USD · brk ▼ 55 · 15m
15:24 KSA · PRE     · signal     · U-USD · brk ▼ 64 · 15m
15:24 KSA · PRE     · signal     · U-USD · meanRev ▲ 65 · 15m
15:24 KSA · PRE     · signal     · PEPE-USD · brk ▲ 86 · 15m
15:24 KSA · PRE     · signal     · PEPE-USD · sqzExp ▲ 68 · 1h
15:24 KSA · PRE     · signal     · PEPE-USD · volSpike ▲ 83 · 15m
15:24 KSA · PRE     · signal     · PEPE-USD · momo ▲ 72 · 1h
15:24 KSA · PRE     · signal     · TAO-USD · brk ▼ 57 · 15m
15:24 KSA · PRE     · signal     · THE-USD · orb ▼ 55 · 15m
15:24 KSA · PRE     · signal     · THE-USD · sqzExp ▼ 60 · 1h
15:24 KSA · PRE     · signal     · TRUMP-USD · brk ▼ 73 · 15m
15:24 KSA · PRE     · signal     · BANK-USD · orb ▼ 65 · 15m
15:24 KSA · PRE     · signal     · TON-USD · brk ▼ 61 · 15m
15:24 KSA · PRE     · signal     · SENT-USD · orb ▼ 70 · 15m
15:24 KSA · PRE     · signal     · SENT-USD · sqzExp ▼ 80 · 1h
15:24 KSA · PRE     · signal     · PENGU-USD · orb ▼ 68 · 15m
15:24 KSA · PRE     · signal     · PENGU-USD · brk ▼ 57 · 15m
15:24 KSA · PRE     · signal     · PENGU-USD · sqzExp ▼ 60 · 1h
15:24 KSA · PRE     · signal     · WLFI-USD · brk ▼ 59 · 15m
15:24 KSA · PRE     · signal     · ASTER-USD · orb ▼ 57 · 15m
15:24 KSA · PRE     · signal     · APT-USD · sqzExp ▼ 68 · 1h
15:24 KSA · PRE     · signal     · GENIUS-USD · sqzExp ▲ 81 · 1d
15:24 KSA · PRE     · signal     · IBMB-USD · volSpike ▼ 83 · 1d
15:24 KSA · PRE     · signal     · NULS-USD · meanRev ▲ 60 · 1d
15:24 KSA · PRE     · signal     · NULS-USD · sqzExp ▼ 69 · 1d
15:24 KSA · PRE     · signal     · LINA-USD · brk ▲ 68 · 1d
15:24 KSA · PRE     · signal     · LINA-USD · sqzExp ▲ 56 · 1d
15:24 KSA · PRE     · signal     · CHESS-USD · brk ▲ 76 · 1d
15:24 KSA · PRE     · signal     · CHESS-USD · sqzExp ▲ 56 · 1d
15:24 KSA · PRE     · signal     · CITY-USD · brk ▼ 58 · 1d
15:24 KSA · PRE     · signal     · CITY-USD · sqzExp ▼ 100 · 1d
15:24 KSA · PRE     · signal     · STG-USD · sqzExp ▼ 91 · 1d
15:24 KSA · PRE     · signal     · ACX-USD · brk ▼ 58 · 1d
15:24 KSA · PRE     · signal     · SHELL-USD · sqzExp ▼ 91 · 1d
15:25 KSA · PRE     · scanner    · بدء المسح · 1153 رمزاً · الجلسة PRE
15:25 KSA · PRE     · signal     · NVDA · brk ▲ 100 · 15m · جلسة ممتدة
15:25 KSA · PRE     · signal     · GOOG · brk ▲ 69 · 15m · جلسة ممتدة
15:25 KSA · PRE     · signal     · AVGO · brk ▲ 81 · 15m · جلسة ممتدة
15:25 KSA · PRE     · signal     · MU · brk ▲ 100 · 15m · جلسة ممتدة
15:25 KSA · PRE     · signal     · WMT · orb ▲ 100 · 15m · جلسة ممتدة
15:25 KSA · PRE     · signal     · AMD · brk ▲ 100 · 15m · جلسة ممتدة
15:25 KSA · PRE     · signal     · XOM · sqzExp ▼ 100 · 1h · جلسة ممتدة
15:25 KSA · PRE     · signal     · INTC · brk ▲ 100 · 15m · جلسة ممتدة
15:25 KSA · PRE     · signal     · ORCL · brk ▲ 100 · 15m · جلسة ممتدة
15:25 KSA · PRE     · signal     · CAT · orb ▲ 71 · 15m · جلسة ممتدة
15:25 KSA · PRE     · signal     · CAT · brk ▲ 63 · 15m · جلسة ممتدة
15:25 KSA · PRE     · signal     · LRCX · brk ▲ 81 · 15m · جلسة ممتدة
15:25 KSA · PRE     · signal     · UNH · orb ▲ 94 · 15m · جلسة ممتدة
15:25 KSA · PRE     · signal     · AMAT · vwapRec ▲ 68 · 15m · جلسة ممتدة
15:25 KSA · PRE     · signal     · AMAT · brk ▲ 100 · 15m · جلسة ممتدة
15:25 KSA · PRE     · signal     · RTX · vwapRec ▲ 65 · 15m · جلسة ممتدة
15:25 KSA · PRE     · signal     · RTX · brk ▲ 100 · 15m · جلسة ممتدة
15:25 KSA · PRE     · signal     · ANET · brk ▲ 81 · 15m · جلسة ممتدة
15:25 KSA · PRE     · signal     · C · vwapRec ▲ 88 · 15m · جلسة ممتدة
15:25 KSA · PRE     · signal     · SNDK · brk ▲ 100 · 15m · جلسة ممتدة
15:25 KSA · PRE     · signal     · KLAC · orb ▲ 82 · 15m · جلسة ممتدة
15:25 KSA · PRE     · signal     · KLAC · brk ▲ 100 · 15m · جلسة ممتدة
15:25 KSA · PRE     · signal     · MRVL · brk ▲ 81 · 15m · جلسة ممتدة
15:25 KSA · PRE     · signal     · APH · brk ▲ 81 · 15m · جلسة ممتدة
15:25 KSA · PRE     · signal     · DE · vwapRec ▲ 71 · 15m · جلسة ممتدة
15:25 KSA · PRE     · signal     · STX · brk ▲ 100 · 15m · جلسة ممتدة
15:25 KSA · PRE     · signal     · ADI · brk ▲ 100 · 15m · جلسة ممتدة
15:25 KSA · PRE     · signal     · ETN · brk ▲ 63 · 15m · جلسة ممتدة
15:25 KSA · PRE     · signal     · WDC · brk ▲ 100 · 15m · جلسة ممتدة
15:25 KSA · PRE     · signal     · BKNG · orb ▲ 82 · 15m · جلسة ممتدة
15:25 KSA · PRE     · signal     · BKNG · brk ▲ 100 · 15m · جلسة ممتدة
15:25 KSA · PRE     · signal     · BKNG · meanRev ▼ 100 · 15m · جلسة ممتدة
15:25 KSA · PRE     · signal     · NEM · orb ▲ 73 · 15m · جلسة ممتدة
15:25 KSA · PRE     · signal     · NEM · brk ▲ 100 · 15m · جلسة ممتدة
15:25 KSA · PRE     · signal     · GLW · brk ▲ 100 · 15m · جلسة ممتدة
15:25 KSA · PRE     · signal     · FCX · brk ▲ 81 · 15m · جلسة ممتدة
15:25 KSA · PRE     · signal     · HOOD · vwapRec ▲ 56 · 15m · جلسة ممتدة
15:25 KSA · PRE     · signal     · PWR · brk ▲ 63 · 15m · جلسة ممتدة
15:25 KSA · PRE     · signal     · HWM · brk ▲ 100 · 15m · جلسة ممتدة
15:25 KSA · PRE     · signal     · SHW · brk ▲ 81 · 15m · جلسة ممتدة
15:25 KSA · PRE     · signal     · SHW · sqzExp ▲ 100 · 1h · جلسة ممتدة
15:25 KSA · PRE     · signal     · CDNS · brk ▲ 100 · 15m · جلسة ممتدة
15:25 KSA · PRE     · signal     · CMI · vwapRec ▲ 71 · 15m · جلسة ممتدة
15:25 KSA · PRE     · signal     · NSC · brk ▲ 63 · 15m · جلسة ممتدة
15:25 KSA · PRE     · signal     · NSC · sqzExp ▲ 100 · 1h · جلسة ممتدة
15:25 KSA · PRE     · signal     · AON · vwapRec ▲ 91 · 15m · جلسة ممتدة
15:25 KSA · PRE     · signal     · MRNA · brk ▲ 81 · 15m · جلسة ممتدة
15:25 KSA · PRE     · signal     · COHR · brk ▲ 81 · 15m · جلسة ممتدة
15:25 KSA · PRE     · signal     · FIX · vwapRec ▲ 83 · 15m · جلسة ممتدة
15:25 KSA · PRE     · signal     · FIX · brk ▲ 81 · 15m · جلسة ممتدة
15:25 KSA · PRE     · signal     · DVN · orb ▼ 73 · 15m · جلسة ممتدة
15:25 KSA · PRE     · signal     · HONA · brk ▲ 100 · 15m · جلسة ممتدة
15:25 KSA · PRE     · signal     · VST · brk ▲ 81 · 15m · جلسة ممتدة
15:25 KSA · PRE     · signal     · RDDT · brk ▼ 81 · 15m · جلسة ممتدة
15:25 KSA · PRE     · signal     · LINK-USD · sqzExp ▲ 100 · 1h
15:25 KSA · PRE     · signal     · ADA-USD · meanRev ▼ 100 · 15m
15:25 KSA · PRE     · signal     · XAUT-USD · meanRev ▼ 100 · 15m
15:25 KSA · PRE     · signal     · ONDO-USD · orb ▲ 100 · 15m
15:25 KSA · PRE     · signal     · ETHFI-USD · brk ▲ 100 · 15m
15:25 KSA · PRE     · signal     · SNXXB-USD · sqzExp ▲ 100 · 1h
15:25 KSA · PRE     · signal     · TAO-USD · orb ▲ 80 · 15m
15:25 KSA · PRE     · signal     · TRUMP-USD · orb ▲ 100 · 15m
15:25 KSA · PRE     · signal     · TRUMP-USD · vwapRec ▲ 60 · 15m
15:25 KSA · PRE     · signal     · EUR-USD · brk ▲ 70 · 15m
15:25 KSA · PRE     · signal     · SENT-USD · brk ▲ 73 · 15m
15:25 KSA · PRE     · signal     · WLFI-USD · orb ▲ 90 · 15m
15:25 KSA · PRE     · signal     · APT-USD · orb ▲ 65 · 15m
15:26 KSA · PRE     · scanner    · بدء المسح · 1153 رمزاً · الجلسة PRE
15:26 KSA · PRE     · signal     · GOOGL · brk ▲ 69 · 15m · جلسة ممتدة
15:26 KSA · PRE     · signal     · U-USD · orb ▲ 100 · 15m
15:26 KSA · PRE     · signal     · U-USD · vwapRec ▲ 68 · 15m
15:28 KSA · PRE     · scanner    · بدء المسح · 1153 رمزاً · الجلسة PRE
15:28 KSA · PRE     · signal     · LMT · brk ▲ 69 · 15m · جلسة ممتدة
15:28 KSA · PRE     · signal     · HON · brk ▲ 69 · 15m · جلسة ممتدة
15:28 KSA · PRE     · signal     · XLM-USD · vwapRec ▲ 100 · 15m
15:30 KSA · PRE     · scanner    · بدء المسح · 1153 رمزاً · الجلسة PRE
15:30 KSA · PRE     · signal     · CRWD · orb ▼ 82 · 15m · جلسة ممتدة
15:30 KSA · PRE     · signal     · U-USD · vwapRec ▲ 68 · 15m
15:30 KSA · PRE     · signal     · WLFI-USD · vwapRec ▼ 100 · 15m
15:33 KSA · PRE     · scanner    · بدء المسح · 1153 رمزاً · الجلسة PRE
15:33 KSA · PRE     · signal     · GOOGL · orb ▼ 71 · 15m · جلسة ممتدة
15:33 KSA · PRE     · signal     · META · orb ▼ 59 · 15m · جلسة ممتدة
15:33 KSA · PRE     · signal     · LLY · orb ▼ 83 · 15m · جلسة ممتدة
15:33 KSA · PRE     · signal     · LLY · vwapRec ▼ 55 · 15m · جلسة ممتدة
15:33 KSA · PRE     · signal     · WMT · brk ▼ 86 · 15m · جلسة ممتدة
15:33 KSA · PRE     · signal     · AMD · orb ▼ 68 · 15m · جلسة ممتدة
15:33 KSA · PRE     · signal     · V · vwapRec ▼ 60 · 15m · جلسة ممتدة
15:33 KSA · PRE     · signal     · CAT · vwapRec ▼ 55 · 15m · جلسة ممتدة
15:33 KSA · PRE     · signal     · UNH · vwapRec ▼ 60 · 15m · جلسة ممتدة
15:33 KSA · PRE     · signal     · UNH · volSpike ▼ 94 · 15m · جلسة ممتدة
15:33 KSA · PRE     · signal     · AMAT · orb ▼ 79 · 15m · جلسة ممتدة
15:33 KSA · PRE     · signal     · MS · orb ▼ 94 · 15m · جلسة ممتدة
15:33 KSA · PRE     · signal     · HD · orb ▼ 85 · 15m · جلسة ممتدة
15:33 KSA · PRE     · signal     · HD · vwapRec ▼ 65 · 15m · جلسة ممتدة
15:33 KSA · PRE     · signal     · RTX · volSpike ▲ 83 · 15m · جلسة ممتدة
15:33 KSA · PRE     · signal     · CRWD · vwapRec ▲ 62 · 15m · جلسة ممتدة
15:33 KSA · PRE     · signal     · AMGN · vwapRec ▼ 65 · 15m · جلسة ممتدة
15:33 KSA · PRE     · signal     · QCOM · orb ▼ 82 · 15m · جلسة ممتدة
15:33 KSA · PRE     · signal     · APH · orb ▼ 68 · 15m · جلسة ممتدة
15:33 KSA · PRE     · signal     · APH · vwapRec ▼ 55 · 15m · جلسة ممتدة
15:33 KSA · PRE     · signal     · MCD · orb ▼ 85 · 15m · جلسة ممتدة
15:33 KSA · PRE     · signal     · COP · vwapRec ▲ 83 · 15m · جلسة ممتدة
15:33 KSA · PRE     · signal     · ETN · vwapRec ▼ 55 · 15m · جلسة ممتدة
15:33 KSA · PRE     · signal     · BX · vwapRec ▼ 65 · 15m · جلسة ممتدة
15:33 KSA · PRE     · signal     · NEM · volSpike ▲ 83 · 15m · جلسة ممتدة
15:33 KSA · PRE     · signal     · FTNT · vwapRec ▲ 93 · 15m · جلسة ممتدة
15:33 KSA · PRE     · signal     · FTNT · volSpike ▲ 94 · 15m · جلسة ممتدة
15:33 KSA · PRE     · signal     · GLW · orb ▼ 75 · 15m · جلسة ممتدة
15:33 KSA · PRE     · signal     · GLW · volSpike ▲ 100 · 15m · جلسة ممتدة
15:33 KSA · PRE     · signal     · LMT · volSpike ▼ 67 · 15m · جلسة ممتدة
15:33 KSA · PRE     · signal     · ADP · orb ▲ 57 · 15m · جلسة ممتدة
15:33 KSA · PRE     · signal     · FCX · orb ▼ 80 · 15m · جلسة ممتدة
15:33 KSA · PRE     · signal     · FCX · vwapRec ▼ 60 · 15m · جلسة ممتدة
15:33 KSA · PRE     · signal     · PWR · orb ▼ 68 · 15m · جلسة ممتدة
15:33 KSA · PRE     · signal     · VRT · orb ▼ 82 · 15m · جلسة ممتدة
15:33 KSA · PRE     · signal     · CEG · vwapRec ▼ 59 · 15m · جلسة ممتدة
15:33 KSA · PRE     · signal     · HWM · vwapRec ▼ 59 · 15m · جلسة ممتدة
15:33 KSA · PRE     · signal     · SNPS · orb ▼ 85 · 15m · جلسة ممتدة
15:33 KSA · PRE     · signal     · HON · vwapRec ▼ 68 · 15m · جلسة ممتدة
15:33 KSA · PRE     · signal     · MRNA · orb ▼ 76 · 15m · جلسة ممتدة
15:33 KSA · PRE     · signal     · MPWR · orb ▼ 100 · 15m · جلسة ممتدة
15:33 KSA · PRE     · signal     · NKE · orb ▼ 82 · 15m · جلسة ممتدة
15:33 KSA · PRE     · signal     · NKE · vwapRec ▼ 59 · 15m · جلسة ممتدة
15:33 KSA · PRE     · signal     · CIEN · orb ▼ 85 · 15m · جلسة ممتدة
15:33 KSA · PRE     · signal     · VST · orb ▼ 85 · 15m · جلسة ممتدة
15:33 KSA · PRE     · signal     · VST · vwapRec ▼ 65 · 15m · جلسة ممتدة
15:33 KSA · PRE     · signal     · MCHP · vwapRec ▼ 57 · 15m · جلسة ممتدة
15:33 KSA · PRE     · signal     · KMB · vwapRec ▼ 59 · 15m · جلسة ممتدة
15:33 KSA · PRE     · signal     · BCH-USD · momo ▲ 83 · 1h
15:33 KSA · PRE     · signal     · PAXG-USD · volSpike ▲ 72 · 15m
15:33 KSA · PRE     · signal     · ETHFI-USD · volSpike ▲ 83 · 15m
15:33 KSA · PRE     · signal     · UNI-USD · orb ▼ 57 · 15m
15:33 KSA · PRE     · signal     · UNI-USD · brk ▼ 55 · 15m
15:33 KSA · PRE     · signal     · SUI-USD · orb ▼ 85 · 15m
15:33 KSA · PRE     · signal     · SUI-USD · brk ▼ 73 · 15m
15:33 KSA · PRE     · signal     · PEPE-USD · brk ▲ 86 · 15m
15:33 KSA · PRE     · signal     · PEPE-USD · sqzExp ▲ 68 · 1h
15:33 KSA · PRE     · signal     · TAO-USD · brk ▼ 57 · 15m
15:33 KSA · PRE     · signal     · THE-USD · orb ▼ 55 · 15m
15:33 KSA · PRE     · signal     · THE-USD · brk ▼ 55 · 15m
15:33 KSA · PRE     · signal     · THE-USD · sqzExp ▼ 60 · 1h
15:33 KSA · PRE     · signal     · TRUMP-USD · brk ▼ 64 · 15m
15:33 KSA · PRE     · signal     · BANK-USD · orb ▼ 80 · 15m
15:33 KSA · PRE     · signal     · BANK-USD · brk ▼ 66 · 15m
15:33 KSA · PRE     · signal     · TON-USD · brk ▼ 61 · 15m
15:33 KSA · PRE     · signal     · SENT-USD · orb ▼ 70 · 15m
15:33 KSA · PRE     · signal     · SENT-USD · sqzExp ▼ 80 · 1h
15:33 KSA · PRE     · signal     · PENGU-USD · orb ▼ 68 · 15m
15:33 KSA · PRE     · signal     · PENGU-USD · brk ▼ 55 · 15m
15:33 KSA · PRE     · signal     · PENGU-USD · sqzExp ▼ 60 · 1h
15:33 KSA · PRE     · signal     · WLFI-USD · brk ▼ 73 · 15m
15:33 KSA · PRE     · signal     · ASTER-USD · orb ▼ 57 · 15m
15:33 KSA · PRE     · signal     · ASTER-USD · brk ▼ 55 · 15m
15:33 KSA · PRE     · signal     · APT-USD · brk ▼ 70 · 15m
15:33 KSA · PRE     · signal     · APT-USD · sqzExp ▼ 68 · 1h
15:33 KSA · PRE     · signal     · FRAX-USD · sqzExp ▲ 72 · 1d
15:33 KSA · PRE     · signal     · KGST-USD · sqzExp ▼ 84 · 1d
15:33 KSA · PRE     · signal     · KGST-USD · volSpike ▲ 67 · 1d
15:33 KSA · PRE     · signal     · QUICK-USD · brk ▲ 58 · 1d
15:33 KSA · PRE     · signal     · AERGO-USD · brk ▼ 71 · 1d
15:33 KSA · PRE     · signal     · PERP-USD · brk ▼ 79 · 1d
15:33 KSA · PRE     · signal     · PERP-USD · sqzExp ▼ 69 · 1d
15:33 KSA · PRE     · signal     · AST-USD · brk ▼ 82 · 1d
15:33 KSA · PRE     · signal     · AST-USD · sqzExp ▼ 69 · 1d
15:33 KSA · PRE     · signal     · FLNCB-USD · volSpike ▼ 72 · 1d
15:33 KSA · PRE     · signal     · DF-USD · sqzExp ▼ 69 · 1d
15:33 KSA · PRE     · signal     · COOKIE-USD · sqzExp ▼ 100 · 1d
15:33 KSA · PRE     · signal     · AI-USD · sqzExp ▼ 81 · 1d
15:33 KSA · PRE     · signal     · REI-USD · brk ▲ 58 · 1d
15:33 KSA · PRE     · signal     · REI-USD · sqzExp ▲ 56 · 1d
15:33 KSA · PRE     · signal     · GTC-USD · brk ▼ 58 · 1d
15:34 KSA · PRE     · scanner    · بدء المسح · 1153 رمزاً · الجلسة PRE
15:34 KSA · PRE     · signal     · NVDA · brk ▲ 81 · 15m · جلسة ممتدة
15:34 KSA · PRE     · signal     · GOOGL · brk ▲ 100 · 15m · جلسة ممتدة
15:34 KSA · PRE     · signal     · GOOG · brk ▲ 100 · 15m · جلسة ممتدة
15:34 KSA · PRE     · signal     · MSFT · vwapRec ▲ 56 · 15m · جلسة ممتدة
15:34 KSA · PRE     · signal     · MSFT · brk ▲ 69 · 15m · جلسة ممتدة
15:34 KSA · PRE     · signal     · AVGO · brk ▲ 81 · 15m · جلسة ممتدة
15:34 KSA · PRE     · signal     · MU · brk ▲ 81 · 15m · جلسة ممتدة
15:34 KSA · PRE     · signal     · WMT · orb ▲ 86 · 15m · جلسة ممتدة
15:34 KSA · PRE     · signal     · AMD · brk ▲ 100 · 15m · جلسة ممتدة
15:34 KSA · PRE     · signal     · AMD · meanRev ▼ 100 · 15m · جلسة ممتدة
15:34 KSA · PRE     · signal     · INTC · brk ▲ 81 · 15m · جلسة ممتدة
15:34 KSA · PRE     · signal     · ORCL · brk ▲ 69 · 15m · جلسة ممتدة
15:34 KSA · PRE     · signal     · BAC · orb ▲ 100 · 15m · جلسة ممتدة
15:34 KSA · PRE     · signal     · CAT · orb ▲ 75 · 15m · جلسة ممتدة
15:34 KSA · PRE     · signal     · CAT · brk ▲ 63 · 15m · جلسة ممتدة
15:34 KSA · PRE     · signal     · LRCX · brk ▲ 81 · 15m · جلسة ممتدة
15:34 KSA · PRE     · signal     · UNH · orb ▲ 88 · 15m · جلسة ممتدة
15:34 KSA · PRE     · signal     · AMAT · brk ▲ 81 · 15m · جلسة ممتدة
15:34 KSA · PRE     · signal     · GE · brk ▲ 100 · 15m · جلسة ممتدة
15:34 KSA · PRE     · signal     · RTX · vwapRec ▲ 88 · 15m · جلسة ممتدة
15:34 KSA · PRE     · signal     · RTX · brk ▲ 100 · 15m · جلسة ممتدة
15:34 KSA · PRE     · signal     · ANET · brk ▲ 81 · 15m · جلسة ممتدة
15:34 KSA · PRE     · signal     · SNDK · brk ▲ 100 · 15m · جلسة ممتدة
15:34 KSA · PRE     · signal     · KLAC · orb ▲ 82 · 15m · جلسة ممتدة
15:34 KSA · PRE     · signal     · KLAC · brk ▲ 100 · 15m · جلسة ممتدة
15:34 KSA · PRE     · signal     · LIN · vwapRec ▲ 79 · 15m · جلسة ممتدة
15:34 KSA · PRE     · signal     · MRVL · brk ▲ 81 · 15m · جلسة ممتدة
15:34 KSA · PRE     · signal     · AMGN · orb ▲ 86 · 15m · جلسة ممتدة
15:34 KSA · PRE     · signal     · AMGN · brk ▲ 81 · 15m · جلسة ممتدة
15:34 KSA · PRE     · signal     · AMGN · sqzExp ▲ 100 · 1h · جلسة ممتدة
15:34 KSA · PRE     · signal     · APH · brk ▲ 81 · 15m · جلسة ممتدة
15:34 KSA · PRE     · signal     · STX · brk ▲ 100 · 15m · جلسة ممتدة
15:34 KSA · PRE     · signal     · ADI · brk ▲ 100 · 15m · جلسة ممتدة
15:34 KSA · PRE     · signal     · ETN · brk ▲ 63 · 15m · جلسة ممتدة
15:34 KSA · PRE     · signal     · WDC · brk ▲ 100 · 15m · جلسة ممتدة
15:34 KSA · PRE     · signal     · WDC · meanRev ▼ 100 · 15m · جلسة ممتدة
15:34 KSA · PRE     · signal     · BKNG · orb ▲ 85 · 15m · جلسة ممتدة
15:34 KSA · PRE     · signal     · BKNG · brk ▲ 100 · 15m · جلسة ممتدة
15:34 KSA · PRE     · signal     · NEM · orb ▲ 73 · 15m · جلسة ممتدة
15:34 KSA · PRE     · signal     · NEM · brk ▲ 100 · 15m · جلسة ممتدة
15:34 KSA · PRE     · signal     · GLW · brk ▲ 81 · 15m · جلسة ممتدة
15:34 KSA · PRE     · signal     · LMT · brk ▲ 69 · 15m · جلسة ممتدة
15:34 KSA · PRE     · signal     · FCX · brk ▲ 81 · 15m · جلسة ممتدة
15:34 KSA · PRE     · signal     · HOOD · vwapRec ▲ 56 · 15m · جلسة ممتدة
15:34 KSA · PRE     · signal     · PWR · brk ▲ 63 · 15m · جلسة ممتدة
15:34 KSA · PRE     · signal     · HWM · brk ▲ 100 · 15m · جلسة ممتدة
15:34 KSA · PRE     · signal     · CDNS · brk ▲ 100 · 15m · جلسة ممتدة
15:34 KSA · PRE     · signal     · HPE · brk ▲ 100 · 15m · جلسة ممتدة
15:34 KSA · PRE     · signal     · CMI · vwapRec ▲ 90 · 15m · جلسة ممتدة
15:34 KSA · PRE     · signal     · NSC · brk ▲ 63 · 15m · جلسة ممتدة
15:34 KSA · PRE     · signal     · NSC · sqzExp ▲ 100 · 1h · جلسة ممتدة
15:34 KSA · PRE     · signal     · AON · vwapRec ▲ 91 · 15m · جلسة ممتدة
15:34 KSA · PRE     · signal     · MRNA · brk ▲ 81 · 15m · جلسة ممتدة
15:34 KSA · PRE     · signal     · COHR · brk ▲ 81 · 15m · جلسة ممتدة
15:34 KSA · PRE     · signal     · FIX · vwapRec ▲ 68 · 15m · جلسة ممتدة
15:34 KSA · PRE     · signal     · FIX · brk ▲ 81 · 15m · جلسة ممتدة
15:34 KSA · PRE     · signal     · DVN · orb ▼ 73 · 15m · جلسة ممتدة
15:34 KSA · PRE     · signal     · HONA · brk ▲ 100 · 15m · جلسة ممتدة
15:34 KSA · PRE     · signal     · VST · brk ▲ 81 · 15m · جلسة ممتدة
15:34 KSA · PRE     · signal     · KMB · brk ▲ 69 · 15m · جلسة ممتدة
15:34 KSA · PRE     · signal     · RDDT · brk ▼ 81 · 15m · جلسة ممتدة
15:34 KSA · PRE     · signal     · MUB-USD · meanRev ▼ 100 · 15m
15:34 KSA · PRE     · signal     · SUI-USD · pbTrend ▼ 57 · 1h
15:34 KSA · PRE     · signal     · TAO-USD · orb ▲ 80 · 15m
15:34 KSA · PRE     · signal     · TRUMP-USD · orb ▲ 100 · 15m
15:34 KSA · PRE     · signal     · TRUMP-USD · vwapRec ▲ 60 · 15m
15:34 KSA · PRE     · signal     · EUR-USD · brk ▲ 80 · 15m
15:34 KSA · PRE     · signal     · BANK-USD · pbTrend ▼ 57 · 1h
15:34 KSA · PRE     · signal     · PENGU-USD · pbTrend ▼ 57 · 1h
15:34 KSA · PRE     · signal     · WLFI-USD · orb ▲ 70 · 15m
15:34 KSA · PRE     · signal     · APT-USD · orb ▲ 80 · 15m
15:37 KSA · PRE     · scanner    · بدء المسح · 1153 رمزاً · الجلسة PRE
15:37 KSA · PRE     · signal     · CRWD · orb ▼ 100 · 15m · جلسة ممتدة
15:37 KSA · PRE     · signal     · SPGI · brk ▲ 69 · 15m · جلسة ممتدة
15:37 KSA · PRE     · signal     · PSX · meanRev ▲ 100 · 15m · جلسة ممتدة
15:37 KSA · PRE     · signal     · REZ-USD · vwapRec ▼ 100 · 15m
15:37 KSA · PRE     · signal     · UNI-USD · vwapRec ▲ 100 · 15m
15:37 KSA · PRE     · signal     · U-USD · orb ▲ 100 · 15m
15:37 KSA · PRE     · signal     · U-USD · vwapRec ▲ 68 · 15m
15:40 KSA · PRE     · scanner    · بدء المسح · 1153 رمزاً · الجلسة PRE
15:40 KSA · PRE     · signal     · CVX · sqzExp ▼ 100 · 1h · جلسة ممتدة
15:40 KSA · PRE     · signal     · DE · vwapRec ▼ 62 · 15m · جلسة ممتدة
15:40 KSA · PRE     · signal     · FTNT · brk ▼ 100 · 15m · جلسة ممتدة
15:40 KSA · PRE     · signal     · PSX · brk ▼ 69 · 15m · جلسة ممتدة
15:40 KSA · PRE     · signal     · CMI · brk ▲ 100 · 15m · جلسة ممتدة
15:40 KSA · PRE     · signal     · PUMP-USD · brk ▲ 100 · 15m
15:43 KSA · PRE     · scanner    · بدء المسح · 1153 رمزاً · الجلسة PRE
15:43 KSA · PRE     · signal     · GOOGL · orb ▼ 71 · 15m · جلسة ممتدة
15:43 KSA · PRE     · signal     · META · orb ▼ 59 · 15m · جلسة ممتدة
15:43 KSA · PRE     · signal     · LLY · orb ▼ 79 · 15m · جلسة ممتدة
15:43 KSA · PRE     · signal     · WMT · brk ▼ 86 · 15m · جلسة ممتدة
15:43 KSA · PRE     · signal     · AMD · orb ▼ 68 · 15m · جلسة ممتدة
15:43 KSA · PRE     · signal     · AMAT · orb ▼ 88 · 15m · جلسة ممتدة
15:43 KSA · PRE     · signal     · GE · vwapRec ▼ 59 · 15m · جلسة ممتدة
15:43 KSA · PRE     · signal     · MS · orb ▼ 94 · 15m · جلسة ممتدة
15:43 KSA · PRE     · signal     · HD · orb ▼ 82 · 15m · جلسة ممتدة
15:43 KSA · PRE     · signal     · HD · vwapRec ▼ 59 · 15m · جلسة ممتدة
15:43 KSA · PRE     · signal     · PM · brk ▼ 83 · 15m · جلسة ممتدة
15:43 KSA · PRE     · signal     · C · orb ▼ 79 · 15m · جلسة ممتدة
15:43 KSA · PRE     · signal     · AMGN · vwapRec ▼ 68 · 15m · جلسة ممتدة
15:43 KSA · PRE     · signal     · QCOM · orb ▼ 82 · 15m · جلسة ممتدة
15:43 KSA · PRE     · signal     · APH · orb ▼ 71 · 15m · جلسة ممتدة
15:43 KSA · PRE     · signal     · MCD · orb ▼ 82 · 15m · جلسة ممتدة
15:43 KSA · PRE     · signal     · COP · vwapRec ▲ 71 · 15m · جلسة ممتدة
15:43 KSA · PRE     · signal     · ETN · orb ▼ 71 · 15m · جلسة ممتدة
15:43 KSA · PRE     · signal     · BX · vwapRec ▼ 65 · 15m · جلسة ممتدة
15:43 KSA · PRE     · signal     · FTNT · vwapRec ▲ 91 · 15m · جلسة ممتدة
15:43 KSA · PRE     · signal     · GLW · orb ▼ 71 · 15m · جلسة ممتدة
15:43 KSA · PRE     · signal     · ACN · orb ▼ 78 · 15m · جلسة ممتدة
15:43 KSA · PRE     · signal     · PSX · vwapRec ▲ 91 · 15m · جلسة ممتدة
15:43 KSA · PRE     · signal     · FCX · orb ▼ 76 · 15m · جلسة ممتدة
15:43 KSA · PRE     · signal     · PWR · orb ▼ 68 · 15m · جلسة ممتدة
15:43 KSA · PRE     · signal     · VRT · orb ▼ 82 · 15m · جلسة ممتدة
15:43 KSA · PRE     · signal     · SNPS · orb ▼ 100 · 15m · جلسة ممتدة
15:43 KSA · PRE     · signal     · HON · vwapRec ▼ 62 · 15m · جلسة ممتدة
15:43 KSA · PRE     · signal     · MRNA · orb ▼ 76 · 15m · جلسة ممتدة
15:43 KSA · PRE     · signal     · MPWR · orb ▼ 100 · 15m · جلسة ممتدة
15:43 KSA · PRE     · signal     · NKE · orb ▼ 82 · 15m · جلسة ممتدة
15:43 KSA · PRE     · signal     · NKE · vwapRec ▼ 59 · 15m · جلسة ممتدة
15:43 KSA · PRE     · signal     · CIEN · orb ▼ 91 · 15m · جلسة ممتدة
15:43 KSA · PRE     · signal     · VST · orb ▼ 82 · 15m · جلسة ممتدة
15:43 KSA · PRE     · signal     · VST · vwapRec ▼ 59 · 15m · جلسة ممتدة
15:43 KSA · PRE     · signal     · KVUE · vwapRec ▼ 57 · 15m · جلسة ممتدة
15:43 KSA · PRE     · signal     · KMB · vwapRec ▼ 59 · 15m · جلسة ممتدة
15:43 KSA · PRE     · signal     · UNI-USD · orb ▼ 57 · 15m
15:43 KSA · PRE     · signal     · UNI-USD · brk ▼ 55 · 15m
15:43 KSA · PRE     · signal     · SUI-USD · orb ▼ 85 · 15m
15:43 KSA · PRE     · signal     · SUI-USD · brk ▼ 73 · 15m
15:43 KSA · PRE     · signal     · TAO-USD · brk ▼ 57 · 15m
15:43 KSA · PRE     · signal     · THE-USD · orb ▼ 55 · 15m
15:43 KSA · PRE     · signal     · THE-USD · brk ▼ 55 · 15m
15:43 KSA · PRE     · signal     · THE-USD · sqzExp ▼ 60 · 1h
15:43 KSA · PRE     · signal     · TRUMP-USD · brk ▼ 64 · 15m
15:43 KSA · PRE     · signal     · BANK-USD · orb ▼ 80 · 15m
15:43 KSA · PRE     · signal     · BANK-USD · brk ▼ 66 · 15m
15:43 KSA · PRE     · signal     · TON-USD · brk ▼ 61 · 15m
15:43 KSA · PRE     · signal     · SENT-USD · orb ▼ 70 · 15m
15:43 KSA · PRE     · signal     · SENT-USD · brk ▼ 73 · 15m
15:43 KSA · PRE     · signal     · SENT-USD · sqzExp ▼ 80 · 1h
15:43 KSA · PRE     · signal     · PENGU-USD · orb ▼ 68 · 15m
15:43 KSA · PRE     · signal     · PENGU-USD · brk ▼ 55 · 15m
15:43 KSA · PRE     · signal     · PENGU-USD · sqzExp ▼ 60 · 1h
15:43 KSA · PRE     · signal     · WLFI-USD · brk ▼ 73 · 15m
15:43 KSA · PRE     · signal     · ASTER-USD · orb ▼ 57 · 15m
15:43 KSA · PRE     · signal     · ASTER-USD · brk ▼ 55 · 15m
15:43 KSA · PRE     · signal     · APT-USD · brk ▼ 70 · 15m
15:43 KSA · PRE     · signal     · APT-USD · sqzExp ▼ 68 · 1h
15:43 KSA · PRE     · signal     · MSCI · sqzExp ▼ 66 · 1d · جلسة ممتدة
15:43 KSA · PRE     · signal     · LVS · sqzExp ▼ 78 · 1d · جلسة ممتدة
15:44 KSA · PRE     · scanner    · بدء المسح · 1153 رمزاً · الجلسة PRE
15:44 KSA · PRE     · signal     · NVDA · brk ▲ 81 · 15m · جلسة ممتدة
15:44 KSA · PRE     · signal     · NVDA · meanRev ▼ 67 · 15m · جلسة ممتدة
15:44 KSA · PRE     · signal     · GOOGL · brk ▲ 100 · 15m · جلسة ممتدة
15:44 KSA · PRE     · signal     · GOOG · brk ▲ 100 · 15m · جلسة ممتدة
15:44 KSA · PRE     · signal     · MSFT · vwapRec ▲ 56 · 15m · جلسة ممتدة
15:44 KSA · PRE     · signal     · MSFT · brk ▲ 69 · 15m · جلسة ممتدة
15:44 KSA · PRE     · signal     · AMZN · vwapRec ▲ 56 · 15m · جلسة ممتدة
15:44 KSA · PRE     · signal     · AVGO · brk ▲ 81 · 15m · جلسة ممتدة
15:44 KSA · PRE     · signal     · MU · brk ▲ 81 · 15m · جلسة ممتدة
15:44 KSA · PRE     · signal     · LLY · vwapRec ▲ 68 · 15m · جلسة ممتدة
15:44 KSA · PRE     · signal     · WMT · orb ▲ 86 · 15m · جلسة ممتدة
15:44 KSA · PRE     · signal     · AMD · brk ▲ 100 · 15m · جلسة ممتدة
15:44 KSA · PRE     · signal     · V · vwapRec ▲ 65 · 15m · جلسة ممتدة
15:44 KSA · PRE     · signal     · INTC · brk ▲ 81 · 15m · جلسة ممتدة
15:44 KSA · PRE     · signal     · INTC · meanRev ▼ 100 · 15m · جلسة ممتدة
15:44 KSA · PRE     · signal     · ORCL · brk ▲ 100 · 15m · جلسة ممتدة
15:44 KSA · PRE     · signal     · BAC · orb ▲ 100 · 15m · جلسة ممتدة
15:44 KSA · PRE     · signal     · CAT · orb ▲ 71 · 15m · جلسة ممتدة
15:44 KSA · PRE     · signal     · CAT · brk ▲ 63 · 15m · جلسة ممتدة
15:44 KSA · PRE     · signal     · LRCX · brk ▲ 63 · 15m · جلسة ممتدة
15:44 KSA · PRE     · signal     · UNH · orb ▲ 94 · 15m · جلسة ممتدة
15:44 KSA · PRE     · signal     · UNH · vwapRec ▲ 65 · 15m · جلسة ممتدة
15:44 KSA · PRE     · signal     · AMAT · brk ▲ 81 · 15m · جلسة ممتدة
15:44 KSA · PRE     · signal     · GE · brk ▲ 69 · 15m · جلسة ممتدة
15:44 KSA · PRE     · signal     · RTX · vwapRec ▲ 88 · 15m · جلسة ممتدة
15:44 KSA · PRE     · signal     · RTX · brk ▲ 100 · 15m · جلسة ممتدة
15:44 KSA · PRE     · signal     · ANET · brk ▲ 81 · 15m · جلسة ممتدة
15:44 KSA · PRE     · signal     · CRWD · orb ▼ 82 · 15m · جلسة ممتدة
15:44 KSA · PRE     · signal     · C · vwapRec ▲ 59 · 15m · جلسة ممتدة
15:44 KSA · PRE     · signal     · SNDK · brk ▲ 100 · 15m · جلسة ممتدة
15:44 KSA · PRE     · signal     · KLAC · orb ▲ 82 · 15m · جلسة ممتدة
15:44 KSA · PRE     · signal     · KLAC · brk ▲ 81 · 15m · جلسة ممتدة
15:44 KSA · PRE     · signal     · MRVL · brk ▲ 81 · 15m · جلسة ممتدة
15:44 KSA · PRE     · signal     · AMGN · orb ▲ 100 · 15m · جلسة ممتدة
15:44 KSA · PRE     · signal     · AMGN · brk ▲ 100 · 15m · جلسة ممتدة
15:44 KSA · PRE     · signal     · APH · brk ▲ 63 · 15m · جلسة ممتدة
15:44 KSA · PRE     · signal     · STX · brk ▲ 81 · 15m · جلسة ممتدة
15:44 KSA · PRE     · signal     · ADI · brk ▲ 81 · 15m · جلسة ممتدة
15:44 KSA · PRE     · signal     · ETN · brk ▲ 63 · 15m · جلسة ممتدة
15:44 KSA · PRE     · signal     · WDC · brk ▲ 100 · 15m · جلسة ممتدة
15:44 KSA · PRE     · signal     · DHR · vwapRec ▲ 60 · 15m · جلسة ممتدة
15:44 KSA · PRE     · signal     · BKNG · orb ▲ 82 · 15m · جلسة ممتدة
15:44 KSA · PRE     · signal     · BKNG · brk ▲ 100 · 15m · جلسة ممتدة
15:44 KSA · PRE     · signal     · NEM · orb ▲ 86 · 15m · جلسة ممتدة
15:44 KSA · PRE     · signal     · NEM · brk ▲ 69 · 15m · جلسة ممتدة
15:44 KSA · PRE     · signal     · FTNT · brk ▼ 100 · 15m · جلسة ممتدة
15:44 KSA · PRE     · signal     · GLW · brk ▲ 81 · 15m · جلسة ممتدة
15:44 KSA · PRE     · signal     · LMT · brk ▲ 69 · 15m · جلسة ممتدة
15:44 KSA · PRE     · signal     · FCX · brk ▲ 81 · 15m · جلسة ممتدة
15:44 KSA · PRE     · signal     · HOOD · vwapRec ▲ 56 · 15m · جلسة ممتدة
15:44 KSA · PRE     · signal     · PWR · brk ▲ 63 · 15m · جلسة ممتدة
15:44 KSA · PRE     · signal     · CEG · brk ▲ 63 · 15m · جلسة ممتدة
15:44 KSA · PRE     · signal     · HWM · brk ▲ 100 · 15m · جلسة ممتدة
15:44 KSA · PRE     · signal     · CDNS · brk ▲ 100 · 15m · جلسة ممتدة
15:44 KSA · PRE     · signal     · HPE · brk ▲ 69 · 15m · جلسة ممتدة
15:44 KSA · PRE     · signal     · CMI · vwapRec ▲ 65 · 15m · جلسة ممتدة
15:44 KSA · PRE     · signal     · CMI · brk ▲ 100 · 15m · جلسة ممتدة
15:44 KSA · PRE     · signal     · MRNA · brk ▲ 81 · 15m · جلسة ممتدة
15:44 KSA · PRE     · signal     · COHR · brk ▲ 81 · 15m · جلسة ممتدة
15:44 KSA · PRE     · signal     · FIX · vwapRec ▲ 79 · 15m · جلسة ممتدة
15:44 KSA · PRE     · signal     · FIX · brk ▲ 81 · 15m · جلسة ممتدة
15:44 KSA · PRE     · signal     · TER · pbTrend ▼ 57 · 1h · جلسة ممتدة
15:44 KSA · PRE     · signal     · DVN · orb ▼ 73 · 15m · جلسة ممتدة
15:44 KSA · PRE     · signal     · DVN · meanRev ▲ 67 · 15m · جلسة ممتدة
15:44 KSA · PRE     · signal     · HONA · brk ▲ 69 · 15m · جلسة ممتدة
15:44 KSA · PRE     · signal     · VST · brk ▲ 81 · 15m · جلسة ممتدة
15:44 KSA · PRE     · signal     · KMB · brk ▲ 69 · 15m · جلسة ممتدة
15:44 KSA · PRE     · signal     · RDDT · brk ▼ 100 · 15m · جلسة ممتدة
15:44 KSA · PRE     · signal     · SUI-USD · vwapRec ▲ 60 · 15m
15:44 KSA · PRE     · signal     · U-USD · orb ▲ 80 · 15m
15:44 KSA · PRE     · signal     · U-USD · vwapRec ▲ 68 · 15m
15:44 KSA · PRE     · signal     · TAO-USD · orb ▲ 88 · 15m
15:44 KSA · PRE     · signal     · TRUMP-USD · orb ▲ 100 · 15m
15:44 KSA · PRE     · signal     · TRUMP-USD · vwapRec ▲ 60 · 15m
15:44 KSA · PRE     · signal     · PENGU-USD · vwapRec ▲ 60 · 15m
15:44 KSA · PRE     · signal     · APT-USD · orb ▲ 80 · 15m
15:44 KSA · PRE     · signal     · UDR · brk ▼ 100 · 1d · جلسة ممتدة
15:44 KSA · PRE     · signal     · UDR · sqzExp ▼ 100 · 1d · جلسة ممتدة
15:46 KSA · PRE     · scanner    · بدء المسح · 1153 رمزاً · الجلسة PRE
15:46 KSA · PRE     · signal     · GOOGL · meanRev ▼ 100 · 15m · جلسة ممتدة
15:46 KSA · PRE     · signal     · GOOG · meanRev ▼ 100 · 15m · جلسة ممتدة
15:46 KSA · PRE     · signal     · PEPE-USD · brk ▲ 100 · 15m
15:46 KSA · PRE     · signal     · WLFI-USD · brk ▼ 100 · 15m
15:48 KSA · PRE     · scanner    · بدء المسح · 1153 رمزاً · الجلسة PRE
15:48 KSA · PRE     · signal     · DDOG · brk ▼ 69 · 15m · جلسة ممتدة
15:48 KSA · PRE     · signal     · MARSCOIN-USD · meanRev ▲ 100 · 15m
15:48 KSA · PRE     · signal     · UNI-USD · vwapRec ▲ 100 · 15m
15:50 KSA · PRE     · scanner    · بدء المسح · 1153 رمزاً · الجلسة PRE
15:50 KSA · PRE     · signal     · CRWD · brk ▼ 69 · 15m · جلسة ممتدة
15:50 KSA · PRE     · signal     · ACN · orb ▼ 82 · 15m · جلسة ممتدة
15:53 KSA · PRE     · scanner    · بدء المسح · 1153 رمزاً · الجلسة PRE
15:53 KSA · PRE     · signal     · GOOGL · orb ▼ 71 · 15m · جلسة ممتدة
15:53 KSA · PRE     · signal     · META · orb ▼ 59 · 15m · جلسة ممتدة
15:53 KSA · PRE     · signal     · AVGO · vwapRec ▼ 59 · 15m · جلسة ممتدة
15:53 KSA · PRE     · signal     · LLY · orb ▼ 83 · 15m · جلسة ممتدة
15:53 KSA · PRE     · signal     · JPM · orb ▼ 76 · 15m · جلسة ممتدة
15:53 KSA · PRE     · signal     · WMT · brk ▼ 86 · 15m · جلسة ممتدة
15:53 KSA · PRE     · signal     · AMD · orb ▼ 68 · 15m · جلسة ممتدة
15:53 KSA · PRE     · signal     · AMAT · orb ▼ 88 · 15m · جلسة ممتدة
15:53 KSA · PRE     · signal     · GE · vwapRec ▼ 59 · 15m · جلسة ممتدة
15:53 KSA · PRE     · signal     · MS · orb ▼ 88 · 15m · جلسة ممتدة
15:53 KSA · PRE     · signal     · HD · orb ▼ 82 · 15m · جلسة ممتدة
15:53 KSA · PRE     · signal     · HD · vwapRec ▼ 59 · 15m · جلسة ممتدة
15:53 KSA · PRE     · signal     · CRWD · vwapRec ▲ 62 · 15m · جلسة ممتدة
15:53 KSA · PRE     · signal     · C · orb ▼ 79 · 15m · جلسة ممتدة
15:53 KSA · PRE     · signal     · AMGN · vwapRec ▼ 65 · 15m · جلسة ممتدة
15:53 KSA · PRE     · signal     · QCOM · orb ▼ 82 · 15m · جلسة ممتدة
15:53 KSA · PRE     · signal     · APH · orb ▼ 71 · 15m · جلسة ممتدة
15:53 KSA · PRE     · signal     · MCD · orb ▼ 82 · 15m · جلسة ممتدة
15:53 KSA · PRE     · signal     · ADI · orb ▼ 82 · 15m · جلسة ممتدة
15:53 KSA · PRE     · signal     · BLK · vwapRec ▼ 71 · 15m · جلسة ممتدة
15:53 KSA · PRE     · signal     · UNP · pbTrend ▲ 62 · 1h · جلسة ممتدة
15:53 KSA · PRE     · signal     · COP · vwapRec ▲ 71 · 15m · جلسة ممتدة
15:53 KSA · PRE     · signal     · ETN · orb ▼ 75 · 15m · جلسة ممتدة
15:53 KSA · PRE     · signal     · ETN · vwapRec ▼ 55 · 15m · جلسة ممتدة
15:53 KSA · PRE     · signal     · BX · vwapRec ▼ 65 · 15m · جلسة ممتدة
15:53 KSA · PRE     · signal     · FTNT · vwapRec ▲ 91 · 15m · جلسة ممتدة
15:53 KSA · PRE     · signal     · GLW · orb ▼ 71 · 15m · جلسة ممتدة
15:53 KSA · PRE     · signal     · MPC · vwapRec ▲ 71 · 15m · جلسة ممتدة
15:53 KSA · PRE     · signal     · PSX · vwapRec ▲ 100 · 15m · جلسة ممتدة
15:53 KSA · PRE     · signal     · FCX · orb ▼ 80 · 15m · جلسة ممتدة
15:53 KSA · PRE     · signal     · FCX · vwapRec ▼ 60 · 15m · جلسة ممتدة
15:53 KSA · PRE     · signal     · PWR · orb ▼ 83 · 15m · جلسة ممتدة
15:53 KSA · PRE     · signal     · PWR · vwapRec ▼ 55 · 15m · جلسة ممتدة
15:53 KSA · PRE     · signal     · VRT · orb ▼ 82 · 15m · جلسة ممتدة
15:53 KSA · PRE     · signal     · CEG · orb ▼ 82 · 15m · جلسة ممتدة
15:53 KSA · PRE     · signal     · HWM · vwapRec ▼ 59 · 15m · جلسة ممتدة
15:53 KSA · PRE     · signal     · SHW · vwapRec ▼ 65 · 15m · جلسة ممتدة
15:53 KSA · PRE     · signal     · SNPS · orb ▼ 100 · 15m · جلسة ممتدة
15:53 KSA · PRE     · signal     · HON · vwapRec ▼ 62 · 15m · جلسة ممتدة
15:53 KSA · PRE     · signal     · AON · vwapRec ▼ 71 · 15m · جلسة ممتدة
15:53 KSA · PRE     · signal     · MRNA · orb ▼ 76 · 15m · جلسة ممتدة
15:53 KSA · PRE     · signal     · MPWR · orb ▼ 100 · 15m · جلسة ممتدة
15:53 KSA · PRE     · signal     · NKE · orb ▼ 82 · 15m · جلسة ممتدة
15:53 KSA · PRE     · signal     · NKE · vwapRec ▼ 59 · 15m · جلسة ممتدة
15:53 KSA · PRE     · signal     · CIEN · orb ▼ 91 · 15m · جلسة ممتدة
15:53 KSA · PRE     · signal     · VST · orb ▼ 82 · 15m · جلسة ممتدة
15:53 KSA · PRE     · signal     · VST · vwapRec ▼ 59 · 15m · جلسة ممتدة
15:53 KSA · PRE     · signal     · KVUE · vwapRec ▼ 65 · 15m · جلسة ممتدة
15:53 KSA · PRE     · signal     · KMB · vwapRec ▼ 59 · 15m · جلسة ممتدة
15:53 KSA · PRE     · signal     · LINK-USD · volSpike ▼ 72 · 15m
15:53 KSA · PRE     · signal     · GRAM-USD · volSpike ▼ 100 · 15m
15:53 KSA · PRE     · signal     · IOTA-USD · volSpike ▼ 89 · 15m
15:53 KSA · PRE     · signal     · UNI-USD · orb ▼ 65 · 15m
15:53 KSA · PRE     · signal     · UNI-USD · brk ▼ 73 · 15m
15:53 KSA · PRE     · signal     · SUI-USD · orb ▼ 85 · 15m
15:53 KSA · PRE     · signal     · SUI-USD · brk ▼ 86 · 15m
15:53 KSA · PRE     · signal     · SUI-USD · volSpike ▼ 78 · 15m
15:53 KSA · PRE     · signal     · U-USD · volSpike ▲ 61 · 15m
15:53 KSA · PRE     · signal     · PEPE-USD · sqzExp ▲ 68 · 1h
15:53 KSA · PRE     · signal     · TAO-USD · brk ▼ 80 · 15m
15:53 KSA · PRE     · signal     · THE-USD · orb ▼ 55 · 15m
15:53 KSA · PRE     · signal     · THE-USD · brk ▼ 55 · 15m
15:53 KSA · PRE     · signal     · THE-USD · sqzExp ▼ 60 · 1h
15:53 KSA · PRE     · signal     · TRUMP-USD · brk ▼ 70 · 15m
15:53 KSA · PRE     · signal     · EUR-USD · brk ▼ 80 · 15m
15:53 KSA · PRE     · signal     · ARB-USD · brk ▼ 55 · 15m
15:53 KSA · PRE     · signal     · BANK-USD · orb ▼ 65 · 15m
15:53 KSA · PRE     · signal     · BANK-USD · brk ▼ 61 · 15m
15:53 KSA · PRE     · signal     · TON-USD · brk ▼ 61 · 15m
15:53 KSA · PRE     · signal     · SENT-USD · orb ▼ 70 · 15m
15:53 KSA · PRE     · signal     · SENT-USD · brk ▼ 73 · 15m
15:53 KSA · PRE     · signal     · SENT-USD · sqzExp ▼ 80 · 1h
15:53 KSA · PRE     · signal     · PENGU-USD · orb ▼ 68 · 15m
15:53 KSA · PRE     · signal     · PENGU-USD · brk ▼ 61 · 15m
15:53 KSA · PRE     · signal     · PENGU-USD · sqzExp ▼ 60 · 1h
15:53 KSA · PRE     · signal     · WLFI-USD · orb ▼ 75 · 15m
15:53 KSA · PRE     · signal     · WLFI-USD · volSpike ▼ 78 · 15m
15:53 KSA · PRE     · signal     · APT-USD · brk ▼ 55 · 15m
15:53 KSA · PRE     · signal     · APT-USD · sqzExp ▼ 68 · 1h
15:53 KSA · PRE     · signal     · PNC · brk ▼ 79 · 1d · جلسة ممتدة
15:53 KSA · PRE     · signal     · PNC · meanRev ▲ 85 · 1d · جلسة ممتدة
15:53 KSA · PRE     · signal     · PCAR · sqzExp ▼ 81 · 1d · جلسة ممتدة
15:53 KSA · PRE     · signal     · RVTY · sqzExp ▲ 69 · 1d · جلسة ممتدة
15:53 KSA · PRE     · signal     · ROL · sqzExp ▼ 88 · 1d · جلسة ممتدة
15:54 KSA · PRE     · scanner    · بدء المسح · 1153 رمزاً · الجلسة PRE
15:54 KSA · PRE     · signal     · NVDA · brk ▲ 81 · 15m · جلسة ممتدة
15:54 KSA · PRE     · signal     · GOOGL · vwapRec ▲ 59 · 15m · جلسة ممتدة
15:54 KSA · PRE     · signal     · GOOGL · brk ▲ 100 · 15m · جلسة ممتدة
15:54 KSA · PRE     · signal     · GOOG · brk ▲ 100 · 15m · جلسة ممتدة
15:54 KSA · PRE     · signal     · MSFT · brk ▲ 69 · 15m · جلسة ممتدة
15:54 KSA · PRE     · signal     · AMZN · vwapRec ▲ 56 · 15m · جلسة ممتدة
15:54 KSA · PRE     · signal     · AVGO · brk ▲ 81 · 15m · جلسة ممتدة
15:54 KSA · PRE     · signal     · MU · brk ▲ 81 · 15m · جلسة ممتدة
15:54 KSA · PRE     · signal     · LLY · vwapRec ▲ 65 · 15m · جلسة ممتدة
15:54 KSA · PRE     · signal     · WMT · orb ▲ 73 · 15m · جلسة ممتدة
15:54 KSA · PRE     · signal     · AMD · brk ▲ 100 · 15m · جلسة ممتدة
15:54 KSA · PRE     · signal     · V · vwapRec ▲ 95 · 15m · جلسة ممتدة
15:54 KSA · PRE     · signal     · INTC · brk ▲ 100 · 15m · جلسة ممتدة
15:54 KSA · PRE     · signal     · ORCL · brk ▲ 100 · 15m · جلسة ممتدة
15:54 KSA · PRE     · signal     · CVX · meanRev ▲ 100 · 15m · جلسة ممتدة
15:54 KSA · PRE     · signal     · BAC · orb ▲ 82 · 15m · جلسة ممتدة
15:54 KSA · PRE     · signal     · BAC · vwapRec ▲ 56 · 15m · جلسة ممتدة
15:54 KSA · PRE     · signal     · CAT · orb ▲ 71 · 15m · جلسة ممتدة
15:54 KSA · PRE     · signal     · CAT · brk ▲ 63 · 15m · جلسة ممتدة
15:54 KSA · PRE     · signal     · LRCX · vwapRec ▲ 94 · 15m · جلسة ممتدة
15:54 KSA · PRE     · signal     · LRCX · brk ▲ 81 · 15m · جلسة ممتدة
15:54 KSA · PRE     · signal     · UNH · orb ▲ 94 · 15m · جلسة ممتدة
15:54 KSA · PRE     · signal     · UNH · vwapRec ▲ 94 · 15m · جلسة ممتدة
15:54 KSA · PRE     · signal     · AMAT · brk ▲ 81 · 15m · جلسة ممتدة
15:54 KSA · PRE     · signal     · GE · brk ▲ 100 · 15m · جلسة ممتدة
15:54 KSA · PRE     · signal     · RTX · vwapRec ▲ 85 · 15m · جلسة ممتدة
15:54 KSA · PRE     · signal     · RTX · brk ▲ 100 · 15m · جلسة ممتدة
15:54 KSA · PRE     · signal     · ANET · brk ▲ 81 · 15m · جلسة ممتدة
15:54 KSA · PRE     · signal     · CRWD · orb ▼ 82 · 15m · جلسة ممتدة
15:54 KSA · PRE     · signal     · C · vwapRec ▲ 68 · 15m · جلسة ممتدة
15:54 KSA · PRE     · signal     · SNDK · brk ▲ 100 · 15m · جلسة ممتدة
15:54 KSA · PRE     · signal     · KLAC · orb ▲ 82 · 15m · جلسة ممتدة
15:54 KSA · PRE     · signal     · KLAC · brk ▲ 81 · 15m · جلسة ممتدة
15:54 KSA · PRE     · signal     · MRVL · brk ▲ 81 · 15m · جلسة ممتدة
15:54 KSA · PRE     · signal     · AMGN · orb ▲ 100 · 15m · جلسة ممتدة
15:54 KSA · PRE     · signal     · AMGN · brk ▲ 100 · 15m · جلسة ممتدة
15:54 KSA · PRE     · signal     · APH · brk ▲ 63 · 15m · جلسة ممتدة
15:54 KSA · PRE     · signal     · STX · brk ▲ 81 · 15m · جلسة ممتدة
15:54 KSA · PRE     · signal     · ADI · brk ▲ 100 · 15m · جلسة ممتدة
15:54 KSA · PRE     · signal     · ETN · brk ▲ 63 · 15m · جلسة ممتدة
15:54 KSA · PRE     · signal     · WDC · brk ▲ 100 · 15m · جلسة ممتدة
15:54 KSA · PRE     · signal     · DHR · vwapRec ▲ 60 · 15m · جلسة ممتدة
15:54 KSA · PRE     · signal     · BKNG · orb ▲ 82 · 15m · جلسة ممتدة
15:54 KSA · PRE     · signal     · BKNG · brk ▲ 100 · 15m · جلسة ممتدة
15:54 KSA · PRE     · signal     · NEM · orb ▲ 100 · 15m · جلسة ممتدة
15:54 KSA · PRE     · signal     · GLW · brk ▲ 81 · 15m · جلسة ممتدة
15:54 KSA · PRE     · signal     · LMT · brk ▲ 69 · 15m · جلسة ممتدة
15:54 KSA · PRE     · signal     · FCX · brk ▲ 81 · 15m · جلسة ممتدة
15:54 KSA · PRE     · signal     · HOOD · vwapRec ▲ 56 · 15m · جلسة ممتدة
15:54 KSA · PRE     · signal     · PWR · brk ▲ 63 · 15m · جلسة ممتدة
15:54 KSA · PRE     · signal     · CEG · brk ▲ 63 · 15m · جلسة ممتدة
15:54 KSA · PRE     · signal     · HWM · brk ▲ 63 · 15m · جلسة ممتدة
15:54 KSA · PRE     · signal     · CDNS · brk ▲ 100 · 15m · جلسة ممتدة
15:54 KSA · PRE     · signal     · HPE · vwapRec ▲ 71 · 15m · جلسة ممتدة
15:54 KSA · PRE     · signal     · CMI · vwapRec ▲ 100 · 15m · جلسة ممتدة
15:54 KSA · PRE     · signal     · CMI · brk ▲ 100 · 15m · جلسة ممتدة
15:54 KSA · PRE     · signal     · HON · brk ▲ 100 · 15m · جلسة ممتدة
15:54 KSA · PRE     · signal     · MRNA · brk ▲ 81 · 15m · جلسة ممتدة
15:54 KSA · PRE     · signal     · COHR · brk ▲ 81 · 15m · جلسة ممتدة
15:54 KSA · PRE     · signal     · FIX · brk ▲ 63 · 15m · جلسة ممتدة
15:54 KSA · PRE     · signal     · DVN · orb ▼ 73 · 15m · جلسة ممتدة
15:54 KSA · PRE     · signal     · HONA · brk ▲ 100 · 15m · جلسة ممتدة
15:54 KSA · PRE     · signal     · VST · brk ▲ 81 · 15m · جلسة ممتدة
15:54 KSA · PRE     · signal     · RDDT · brk ▼ 81 · 15m · جلسة ممتدة
15:54 KSA · PRE     · signal     · FET-USD · meanRev ▼ 100 · 15m
15:54 KSA · PRE     · signal     · SOXLB-USD · brk ▲ 100 · 15m
15:54 KSA · PRE     · signal     · UNI-USD · vwapRec ▲ 60 · 15m
15:54 KSA · PRE     · signal     · SUI-USD · vwapRec ▲ 85 · 15m
15:54 KSA · PRE     · signal     · U-USD · orb ▲ 80 · 15m
15:54 KSA · PRE     · signal     · U-USD · vwapRec ▲ 68 · 15m
15:54 KSA · PRE     · signal     · TAO-USD · orb ▲ 95 · 15m
15:54 KSA · PRE     · signal     · TAO-USD · vwapRec ▲ 60 · 15m
15:54 KSA · PRE     · signal     · TRUMP-USD · orb ▲ 100 · 15m
15:54 KSA · PRE     · signal     · TRUMP-USD · vwapRec ▲ 85 · 15m
15:54 KSA · PRE     · signal     · PENGU-USD · vwapRec ▲ 60 · 15m
15:54 KSA · PRE     · signal     · APT-USD · orb ▲ 73 · 15m
15:56 KSA · PRE     · scanner    · بدء المسح · 1153 رمزاً · الجلسة PRE
15:56 KSA · PRE     · signal     · TXN · brk ▲ 100 · 15m · جلسة ممتدة
15:56 KSA · PRE     · signal     · ADI · meanRev ▼ 100 · 15m · جلسة ممتدة
15:56 KSA · PRE     · signal     · INTU · orb ▼ 86 · 15m · جلسة ممتدة
15:56 KSA · PRE     · signal     · ONDO-USD · orb ▲ 86 · 15m
15:58 KSA · PRE     · scanner    · بدء المسح · 1153 رمزاً · الجلسة PRE
15:58 KSA · PRE     · signal     · BNB-USD · orb ▲ 82 · 15m
16:00 KSA · PRE     · scanner    · بدء المسح · 1153 رمزاً · الجلسة PRE
16:00 KSA · PRE     · signal     · WMT · brk ▼ 100 · 15m · جلسة ممتدة
16:00 KSA · PRE     · signal     · DE · meanRev ▼ 100 · 15m · جلسة ممتدة
16:00 KSA · PRE     · signal     · NKE · sqzExp ▲ 100 · 1h · جلسة ممتدة
16:00 KSA · PRE     · signal     · U-USD · vwapRec ▲ 68 · 15m
16:00 KSA · PRE     · signal     · PEPE-USD · brk ▲ 100 · 15m
16:03 KSA · PRE     · scanner    · بدء المسح · 1153 رمزاً · الجلسة PRE
16:03 KSA · PRE     · signal     · GOOGL · orb ▼ 71 · 15m · جلسة ممتدة
16:03 KSA · PRE     · signal     · META · orb ▼ 59 · 15m · جلسة ممتدة
16:03 KSA · PRE     · signal     · AVGO · vwapRec ▼ 59 · 15m · جلسة ممتدة
16:03 KSA · PRE     · signal     · LLY · orb ▼ 83 · 15m · جلسة ممتدة
16:03 KSA · PRE     · signal     · JPM · orb ▼ 88 · 15m · جلسة ممتدة
16:03 KSA · PRE     · signal     · AMD · orb ▼ 68 · 15m · جلسة ممتدة
16:03 KSA · PRE     · signal     · CVX · volSpike ▲ 89 · 15m · جلسة ممتدة
16:03 KSA · PRE     · signal     · CAT · vwapRec ▼ 55 · 15m · جلسة ممتدة
16:03 KSA · PRE     · signal     · AMAT · orb ▼ 88 · 15m · جلسة ممتدة
16:03 KSA · PRE     · signal     · GE · vwapRec ▼ 65 · 15m · جلسة ممتدة
16:03 KSA · PRE     · signal     · MS · orb ▼ 94 · 15m · جلسة ممتدة
16:03 KSA · PRE     · signal     · PANW · vwapRec ▲ 59 · 15m · جلسة ممتدة
16:03 KSA · PRE     · signal     · HD · orb ▼ 85 · 15m · جلسة ممتدة
16:03 KSA · PRE     · signal     · HD · vwapRec ▼ 65 · 15m · جلسة ممتدة
16:03 KSA · PRE     · signal     · C · orb ▼ 83 · 15m · جلسة ممتدة
16:03 KSA · PRE     · signal     · AMGN · vwapRec ▼ 63 · 15m · جلسة ممتدة
16:03 KSA · PRE     · signal     · QCOM · orb ▼ 82 · 15m · جلسة ممتدة
16:03 KSA · PRE     · signal     · APH · orb ▼ 75 · 15m · جلسة ممتدة
16:03 KSA · PRE     · signal     · APH · vwapRec ▼ 55 · 15m · جلسة ممتدة
16:03 KSA · PRE     · signal     · TMUS · volSpike ▼ 67 · 15m · جلسة ممتدة
16:03 KSA · PRE     · signal     · MCD · orb ▼ 85 · 15m · جلسة ممتدة
16:03 KSA · PRE     · signal     · ADI · orb ▼ 82 · 15m · جلسة ممتدة
16:03 KSA · PRE     · signal     · BLK · vwapRec ▼ 59 · 15m · جلسة ممتدة
16:03 KSA · PRE     · signal     · COP · vwapRec ▲ 57 · 15m · جلسة ممتدة
16:03 KSA · PRE     · signal     · ETN · orb ▼ 75 · 15m · جلسة ممتدة
16:03 KSA · PRE     · signal     · ETN · vwapRec ▼ 55 · 15m · جلسة ممتدة
16:03 KSA · PRE     · signal     · GLW · orb ▼ 71 · 15m · جلسة ممتدة
16:03 KSA · PRE     · signal     · MPC · vwapRec ▲ 65 · 15m · جلسة ممتدة
16:03 KSA · PRE     · signal     · PSX · vwapRec ▲ 78 · 15m · جلسة ممتدة
16:03 KSA · PRE     · signal     · FCX · orb ▼ 80 · 15m · جلسة ممتدة
16:03 KSA · PRE     · signal     · FCX · vwapRec ▼ 60 · 15m · جلسة ممتدة
16:03 KSA · PRE     · signal     · HOOD · orb ▼ 85 · 15m · جلسة ممتدة
16:03 KSA · PRE     · signal     · PWR · orb ▼ 83 · 15m · جلسة ممتدة
16:03 KSA · PRE     · signal     · PWR · vwapRec ▼ 55 · 15m · جلسة ممتدة
16:03 KSA · PRE     · signal     · VRT · orb ▼ 85 · 15m · جلسة ممتدة
16:03 KSA · PRE     · signal     · VRT · vwapRec ▼ 57 · 15m · جلسة ممتدة
16:03 KSA · PRE     · signal     · CEG · orb ▼ 82 · 15m · جلسة ممتدة
16:03 KSA · PRE     · signal     · HWM · vwapRec ▼ 59 · 15m · جلسة ممتدة
16:03 KSA · PRE     · signal     · KKR · vwapRec ▼ 57 · 15m · جلسة ممتدة
16:03 KSA · PRE     · signal     · KKR · volSpike ▲ 78 · 15m · جلسة ممتدة
16:03 KSA · PRE     · signal     · SHW · vwapRec ▼ 65 · 15m · جلسة ممتدة
16:03 KSA · PRE     · signal     · SNPS · orb ▼ 85 · 15m · جلسة ممتدة
16:03 KSA · PRE     · signal     · HON · vwapRec ▼ 57 · 15m · جلسة ممتدة
16:03 KSA · PRE     · signal     · AON · vwapRec ▼ 71 · 15m · جلسة ممتدة
16:03 KSA · PRE     · signal     · MRNA · orb ▼ 76 · 15m · جلسة ممتدة
16:03 KSA · PRE     · signal     · MPWR · orb ▼ 100 · 15m · جلسة ممتدة
16:03 KSA · PRE     · signal     · NKE · orb ▼ 82 · 15m · جلسة ممتدة
16:03 KSA · PRE     · signal     · CIEN · orb ▼ 93 · 15m · جلسة ممتدة
16:03 KSA · PRE     · signal     · VST · orb ▼ 82 · 15m · جلسة ممتدة
16:03 KSA · PRE     · signal     · VST · vwapRec ▼ 59 · 15m · جلسة ممتدة
16:03 KSA · PRE     · signal     · CAKE-USD · rsiDiv ▼ 67 · 15m
16:03 KSA · PRE     · signal     · SUI-USD · orb ▼ 78 · 15m
16:03 KSA · PRE     · signal     · SUI-USD · brk ▼ 70 · 15m
16:03 KSA · PRE     · signal     · U-USD · brk ▼ 64 · 15m
16:03 KSA · PRE     · signal     · U-USD · meanRev ▲ 57 · 15m
16:03 KSA · PRE     · signal     · TAO-USD · brk ▼ 64 · 15m
16:03 KSA · PRE     · signal     · THE-USD · orb ▼ 55 · 15m
16:03 KSA · PRE     · signal     · THE-USD · brk ▼ 55 · 15m
16:03 KSA · PRE     · signal     · THE-USD · sqzExp ▼ 60 · 1h
16:03 KSA · PRE     · signal     · TRUMP-USD · brk ▼ 86 · 15m
16:03 KSA · PRE     · signal     · ARB-USD · brk ▼ 64 · 15m
16:03 KSA · PRE     · signal     · BANK-USD · orb ▼ 80 · 15m
16:03 KSA · PRE     · signal     · BANK-USD · brk ▼ 80 · 15m
16:03 KSA · PRE     · signal     · BANK-USD · volSpike ▼ 78 · 15m
16:03 KSA · PRE     · signal     · TON-USD · brk ▼ 61 · 15m
16:03 KSA · PRE     · signal     · SENT-USD · orb ▼ 70 · 15m
16:03 KSA · PRE     · signal     · SENT-USD · brk ▼ 59 · 15m
16:03 KSA · PRE     · signal     · SENT-USD · sqzExp ▼ 80 · 1h
16:03 KSA · PRE     · signal     · PENGU-USD · orb ▼ 60 · 15m
16:03 KSA · PRE     · signal     · PENGU-USD · brk ▼ 55 · 15m
16:03 KSA · PRE     · signal     · PENGU-USD · sqzExp ▼ 60 · 1h
16:03 KSA · PRE     · signal     · WLFI-USD · orb ▼ 75 · 15m
16:03 KSA · PRE     · signal     · ASTER-USD · brk ▼ 55 · 15m
16:03 KSA · PRE     · signal     · APT-USD · brk ▼ 64 · 15m
16:03 KSA · PRE     · signal     · APT-USD · sqzExp ▼ 68 · 1h
16:03 KSA · PRE     · signal     · TPL · sqzExp ▼ 78 · 1d · جلسة ممتدة
16:03 KSA · PRE     · signal     · UHS · sqzExp ▲ 81 · 1d · جلسة ممتدة
16:05 KSA · PRE     · scanner    · بدء المسح · 1153 رمزاً · الجلسة PRE
16:05 KSA · PRE     · signal     · NVDA · brk ▲ 81 · 15m · جلسة ممتدة
16:05 KSA · PRE     · signal     · NVDA · meanRev ▼ 100 · 15m · جلسة ممتدة
16:05 KSA · PRE     · signal     · GOOGL · vwapRec ▲ 59 · 15m · جلسة ممتدة
16:05 KSA · PRE     · signal     · GOOGL · brk ▲ 100 · 15m · جلسة ممتدة
16:05 KSA · PRE     · signal     · GOOG · brk ▲ 100 · 15m · جلسة ممتدة
16:05 KSA · PRE     · signal     · AMZN · brk ▲ 63 · 15m · جلسة ممتدة
16:05 KSA · PRE     · signal     · AVGO · brk ▲ 81 · 15m · جلسة ممتدة
16:05 KSA · PRE     · signal     · MU · brk ▲ 81 · 15m · جلسة ممتدة
16:05 KSA · PRE     · signal     · LLY · vwapRec ▲ 65 · 15m · جلسة ممتدة
16:05 KSA · PRE     · signal     · WMT · orb ▲ 100 · 15m · جلسة ممتدة
16:05 KSA · PRE     · signal     · AMD · brk ▲ 100 · 15m · جلسة ممتدة
16:05 KSA · PRE     · signal     · INTC · brk ▲ 81 · 15m · جلسة ممتدة
16:05 KSA · PRE     · signal     · ORCL · brk ▲ 100 · 15m · جلسة ممتدة
16:05 KSA · PRE     · signal     · BAC · orb ▲ 100 · 15m · جلسة ممتدة
16:05 KSA · PRE     · signal     · BAC · vwapRec ▲ 55 · 15m · جلسة ممتدة
16:05 KSA · PRE     · signal     · CAT · orb ▲ 75 · 15m · جلسة ممتدة
16:05 KSA · PRE     · signal     · CAT · brk ▲ 63 · 15m · جلسة ممتدة
16:05 KSA · PRE     · signal     · LRCX · vwapRec ▲ 82 · 15m · جلسة ممتدة
16:05 KSA · PRE     · signal     · LRCX · brk ▲ 81 · 15m · جلسة ممتدة
16:05 KSA · PRE     · signal     · UNH · orb ▲ 95 · 15m · جلسة ممتدة
16:05 KSA · PRE     · signal     · UNH · vwapRec ▲ 95 · 15m · جلسة ممتدة
16:05 KSA · PRE     · signal     · AMAT · brk ▲ 81 · 15m · جلسة ممتدة
16:05 KSA · PRE     · signal     · GE · brk ▲ 100 · 15m · جلسة ممتدة
16:05 KSA · PRE     · signal     · RTX · vwapRec ▲ 73 · 15m · جلسة ممتدة
16:05 KSA · PRE     · signal     · RTX · brk ▲ 81 · 15m · جلسة ممتدة
16:05 KSA · PRE     · signal     · ANET · brk ▲ 63 · 15m · جلسة ممتدة
16:05 KSA · PRE     · signal     · CRWD · orb ▼ 100 · 15m · جلسة ممتدة
16:05 KSA · PRE     · signal     · C · vwapRec ▲ 65 · 15m · جلسة ممتدة
16:05 KSA · PRE     · signal     · SNDK · brk ▲ 100 · 15m · جلسة ممتدة
16:05 KSA · PRE     · signal     · KLAC · orb ▲ 82 · 15m · جلسة ممتدة
16:05 KSA · PRE     · signal     · KLAC · brk ▲ 81 · 15m · جلسة ممتدة
16:05 KSA · PRE     · signal     · MRVL · brk ▲ 63 · 15m · جلسة ممتدة
16:05 KSA · PRE     · signal     · AMGN · orb ▲ 86 · 15m · جلسة ممتدة
16:05 KSA · PRE     · signal     · AMGN · brk ▲ 81 · 15m · جلسة ممتدة
16:05 KSA · PRE     · signal     · AMGN · sqzExp ▲ 100 · 1h · جلسة ممتدة
16:05 KSA · PRE     · signal     · APH · brk ▲ 63 · 15m · جلسة ممتدة
16:05 KSA · PRE     · signal     · STX · brk ▲ 81 · 15m · جلسة ممتدة
16:05 KSA · PRE     · signal     · ADI · brk ▲ 100 · 15m · جلسة ممتدة
16:05 KSA · PRE     · signal     · ETN · brk ▲ 63 · 15m · جلسة ممتدة
16:05 KSA · PRE     · signal     · WDC · brk ▲ 100 · 15m · جلسة ممتدة
16:05 KSA · PRE     · signal     · BKNG · orb ▲ 85 · 15m · جلسة ممتدة
16:05 KSA · PRE     · signal     · BKNG · brk ▲ 100 · 15m · جلسة ممتدة
16:05 KSA · PRE     · signal     · NEM · orb ▲ 100 · 15m · جلسة ممتدة
16:05 KSA · PRE     · signal     · GLW · brk ▲ 81 · 15m · جلسة ممتدة
16:05 KSA · PRE     · signal     · LMT · brk ▲ 100 · 15m · جلسة ممتدة
16:05 KSA · PRE     · signal     · FCX · brk ▲ 81 · 15m · جلسة ممتدة
16:05 KSA · PRE     · signal     · HOOD · brk ▲ 81 · 15m · جلسة ممتدة
16:05 KSA · PRE     · signal     · PWR · brk ▲ 63 · 15m · جلسة ممتدة
16:05 KSA · PRE     · signal     · CEG · brk ▲ 63 · 15m · جلسة ممتدة
16:05 KSA · PRE     · signal     · HWM · brk ▲ 81 · 15m · جلسة ممتدة
16:05 KSA · PRE     · signal     · HWM · pbTrend ▼ 100 · 1h · جلسة ممتدة
16:05 KSA · PRE     · signal     · CDNS · brk ▲ 100 · 15m · جلسة ممتدة
16:05 KSA · PRE     · signal     · HPE · vwapRec ▲ 68 · 15m · جلسة ممتدة
16:05 KSA · PRE     · signal     · HON · brk ▲ 100 · 15m · جلسة ممتدة
16:05 KSA · PRE     · signal     · HON · sqzExp ▲ 100 · 1h · جلسة ممتدة
16:05 KSA · PRE     · signal     · MRNA · brk ▲ 81 · 15m · جلسة ممتدة
16:05 KSA · PRE     · signal     · COHR · brk ▲ 81 · 15m · جلسة ممتدة
16:05 KSA · PRE     · signal     · FIX · brk ▲ 81 · 15m · جلسة ممتدة
16:05 KSA · PRE     · signal     · NXPI · orb ▲ 73 · 15m · جلسة ممتدة
16:05 KSA · PRE     · signal     · DVN · orb ▼ 73 · 15m · جلسة ممتدة
16:05 KSA · PRE     · signal     · NKE · sqzExp ▲ 100 · 1h · جلسة ممتدة
16:05 KSA · PRE     · signal     · HONA · brk ▲ 100 · 15m · جلسة ممتدة
16:05 KSA · PRE     · signal     · VST · brk ▲ 63 · 15m · جلسة ممتدة
16:05 KSA · PRE     · signal     · KVUE · vwapRec ▲ 70 · 15m · جلسة ممتدة
16:05 KSA · PRE     · signal     · KMB · vwapRec ▲ 78 · 15m · جلسة ممتدة
16:05 KSA · PRE     · signal     · RDDT · brk ▼ 81 · 15m · جلسة ممتدة
16:05 KSA · PRE     · signal     · UNI-USD · orb ▲ 57 · 15m
16:05 KSA · PRE     · signal     · TAO-USD · orb ▲ 80 · 15m
16:05 KSA · PRE     · signal     · TRUMP-USD · orb ▲ 100 · 15m
16:05 KSA · PRE     · signal     · TRUMP-USD · vwapRec ▲ 85 · 15m
16:05 KSA · PRE     · signal     · APT-USD · orb ▲ 73 · 15m
16:05 KSA · PRE     · signal     · IEX · brk ▲ 69 · 1d · جلسة ممتدة
16:05 KSA · PRE     · signal     · IEX · meanRev ▼ 100 · 1d · جلسة ممتدة
16:05 KSA · PRE     · signal     · IEX · sqzExp ▲ 100 · 1d · جلسة ممتدة
16:08 KSA · PRE     · scanner    · بدء المسح · 1153 رمزاً · الجلسة PRE
16:08 KSA · PRE     · signal     · ACN · brk ▼ 69 · 15m · جلسة ممتدة
16:08 KSA · PRE     · signal     · CMI · vwapRec ▲ 75 · 15m · جلسة ممتدة
16:08 KSA · PRE     · signal     · CMI · brk ▲ 81 · 15m · جلسة ممتدة
16:08 KSA · PRE     · signal     · FIX · vwapRec ▲ 100 · 15m · جلسة ممتدة
16:08 KSA · PRE     · signal     · KMB · brk ▲ 69 · 15m · جلسة ممتدة
16:08 KSA · PRE     · signal     · DASH-USD · orb ▲ 64 · 15m
16:10 KSA · PRE     · scanner    · بدء المسح · 1153 رمزاً · الجلسة PRE
16:10 KSA · PRE     · signal     · MSFT · vwapRec ▼ 100 · 15m · جلسة ممتدة
16:10 KSA · PRE     · signal     · V · vwapRec ▼ 79 · 15m · جلسة ممتدة
16:10 KSA · PRE     · signal     · CRWD · brk ▼ 100 · 15m · جلسة ممتدة
16:10 KSA · PRE     · signal     · WLD-USD · vwapRec ▼ 100 · 15m
16:10 KSA · PRE     · signal     · UHS · meanRev ▼ 100 · 1d · جلسة ممتدة
16:12 KSA · PRE     · scanner    · بدء المسح · 1153 رمزاً · الجلسة PRE
16:12 KSA · PRE     · signal     · GOOGL · orb ▼ 71 · 15m · جلسة ممتدة
16:12 KSA · PRE     · signal     · META · orb ▼ 59 · 15m · جلسة ممتدة
16:12 KSA · PRE     · signal     · AVGO · vwapRec ▼ 59 · 15m · جلسة ممتدة
16:12 KSA · PRE     · signal     · LLY · orb ▼ 79 · 15m · جلسة ممتدة
16:12 KSA · PRE     · signal     · JPM · orb ▼ 85 · 15m · جلسة ممتدة
16:12 KSA · PRE     · signal     · WMT · brk ▼ 86 · 15m · جلسة ممتدة
16:12 KSA · PRE     · signal     · AMD · orb ▼ 68 · 15m · جلسة ممتدة
16:12 KSA · PRE     · signal     · CSCO · pbTrend ▲ 60 · 1h · جلسة ممتدة
16:12 KSA · PRE     · signal     · AMAT · orb ▼ 88 · 15m · جلسة ممتدة
16:12 KSA · PRE     · signal     · GE · vwapRec ▼ 65 · 15m · جلسة ممتدة
16:12 KSA · PRE     · signal     · MS · orb ▼ 94 · 15m · جلسة ممتدة
16:12 KSA · PRE     · signal     · HD · orb ▼ 91 · 15m · جلسة ممتدة
16:12 KSA · PRE     · signal     · HD · vwapRec ▼ 59 · 15m · جلسة ممتدة
16:12 KSA · PRE     · signal     · CRWD · vwapRec ▲ 62 · 15m · جلسة ممتدة
16:12 KSA · PRE     · signal     · C · orb ▼ 79 · 15m · جلسة ممتدة
16:12 KSA · PRE     · signal     · AMGN · vwapRec ▼ 63 · 15m · جلسة ممتدة
16:12 KSA · PRE     · signal     · QCOM · orb ▼ 82 · 15m · جلسة ممتدة
16:12 KSA · PRE     · signal     · APH · orb ▼ 79 · 15m · جلسة ممتدة
16:12 KSA · PRE     · signal     · MCD · orb ▼ 82 · 15m · جلسة ممتدة
16:12 KSA · PRE     · signal     · ADI · orb ▼ 82 · 15m · جلسة ممتدة
16:12 KSA · PRE     · signal     · BLK · vwapRec ▼ 59 · 15m · جلسة ممتدة
16:12 KSA · PRE     · signal     · ETN · orb ▼ 71 · 15m · جلسة ممتدة
16:12 KSA · PRE     · signal     · GLW · orb ▼ 71 · 15m · جلسة ممتدة
16:12 KSA · PRE     · signal     · LMT · vwapRec ▼ 59 · 15m · جلسة ممتدة
16:12 KSA · PRE     · signal     · MPC · vwapRec ▲ 65 · 15m · جلسة ممتدة
16:12 KSA · PRE     · signal     · LOW · vwapRec ▼ 59 · 15m · جلسة ممتدة
16:12 KSA · PRE     · signal     · PSX · vwapRec ▲ 85 · 15m · جلسة ممتدة
16:12 KSA · PRE     · signal     · FCX · orb ▼ 76 · 15m · جلسة ممتدة
16:12 KSA · PRE     · signal     · HOOD · orb ▼ 85 · 15m · جلسة ممتدة
16:12 KSA · PRE     · signal     · HOOD · pbTrend ▲ 60 · 1h · جلسة ممتدة
16:12 KSA · PRE     · signal     · PWR · orb ▼ 83 · 15m · جلسة ممتدة
16:12 KSA · PRE     · signal     · PWR · vwapRec ▼ 55 · 15m · جلسة ممتدة
16:12 KSA · PRE     · signal     · VRT · orb ▼ 82 · 15m · جلسة ممتدة
16:12 KSA · PRE     · signal     · CEG · orb ▼ 82 · 15m · جلسة ممتدة
16:12 KSA · PRE     · signal     · HWM · vwapRec ▼ 59 · 15m · جلسة ممتدة
16:12 KSA · PRE     · signal     · SHW · vwapRec ▼ 65 · 15m · جلسة ممتدة
16:12 KSA · PRE     · signal     · SNPS · orb ▼ 100 · 15m · جلسة ممتدة
16:12 KSA · PRE     · signal     · AON · vwapRec ▼ 71 · 15m · جلسة ممتدة
16:12 KSA · PRE     · signal     · MRNA · orb ▼ 76 · 15m · جلسة ممتدة
16:12 KSA · PRE     · signal     · MPWR · orb ▼ 100 · 15m · جلسة ممتدة
16:12 KSA · PRE     · signal     · NKE · orb ▼ 82 · 15m · جلسة ممتدة
16:12 KSA · PRE     · signal     · NKE · vwapRec ▼ 59 · 15m · جلسة ممتدة
16:12 KSA · PRE     · signal     · CIEN · orb ▼ 91 · 15m · جلسة ممتدة
16:12 KSA · PRE     · signal     · VST · orb ▼ 82 · 15m · جلسة ممتدة
16:12 KSA · PRE     · signal     · VST · vwapRec ▼ 59 · 15m · جلسة ممتدة
16:12 KSA · PRE     · signal     · LHX · orb ▼ 85 · 15m · جلسة ممتدة
16:12 KSA · PRE     · signal     · LHX · vwapRec ▼ 59 · 15m · جلسة ممتدة
16:12 KSA · PRE     · signal     · SUI-USD · orb ▼ 78 · 15m
16:12 KSA · PRE     · signal     · SUI-USD · brk ▼ 70 · 15m
16:12 KSA · PRE     · signal     · U-USD · orb ▼ 65 · 15m
16:12 KSA · PRE     · signal     · U-USD · brk ▼ 64 · 15m
16:12 KSA · PRE     · signal     · U-USD · meanRev ▲ 57 · 15m
16:12 KSA · PRE     · signal     · 牛来-USD · vwapRec ▼ 58 · 15m
16:12 KSA · PRE     · signal     · PEPE-USD · sqzExp ▲ 68 · 1h
16:12 KSA · PRE     · signal     · TAO-USD · brk ▼ 64 · 15m
16:12 KSA · PRE     · signal     · THE-USD · orb ▼ 55 · 15m
16:12 KSA · PRE     · signal     · THE-USD · brk ▼ 55 · 15m
16:12 KSA · PRE     · signal     · THE-USD · sqzExp ▼ 60 · 1h
16:12 KSA · PRE     · signal     · TRUMP-USD · brk ▼ 86 · 15m
16:12 KSA · PRE     · signal     · ARB-USD · brk ▼ 64 · 15m
16:12 KSA · PRE     · signal     · BANK-USD · orb ▼ 80 · 15m
16:12 KSA · PRE     · signal     · BANK-USD · brk ▼ 80 · 15m
16:12 KSA · PRE     · signal     · TON-USD · brk ▼ 61 · 15m
16:12 KSA · PRE     · signal     · SENT-USD · orb ▼ 70 · 15m
16:12 KSA · PRE     · signal     · SENT-USD · brk ▼ 59 · 15m
16:12 KSA · PRE     · signal     · SENT-USD · sqzExp ▼ 80 · 1h
16:12 KSA · PRE     · signal     · PENGU-USD · orb ▼ 60 · 15m
16:12 KSA · PRE     · signal     · PENGU-USD · brk ▼ 55 · 15m
16:12 KSA · PRE     · signal     · PENGU-USD · sqzExp ▼ 60 · 1h
16:12 KSA · PRE     · signal     · WLFI-USD · orb ▼ 75 · 15m
16:12 KSA · PRE     · signal     · ASTER-USD · brk ▼ 55 · 15m
16:12 KSA · PRE     · signal     · APT-USD · brk ▼ 64 · 15m
16:12 KSA · PRE     · signal     · APT-USD · sqzExp ▼ 68 · 1h
16:14 KSA · PRE     · scanner    · بدء المسح · 1153 رمزاً · الجلسة PRE
16:14 KSA · PRE     · signal     · NVDA · brk ▲ 81 · 15m · جلسة ممتدة
16:14 KSA · PRE     · signal     · NVDA · meanRev ▼ 67 · 15m · جلسة ممتدة
16:14 KSA · PRE     · signal     · GOOGL · vwapRec ▲ 88 · 15m · جلسة ممتدة
16:14 KSA · PRE     · signal     · GOOGL · brk ▲ 69 · 15m · جلسة ممتدة
16:14 KSA · PRE     · signal     · GOOG · brk ▲ 100 · 15m · جلسة ممتدة
16:14 KSA · PRE     · signal     · AMZN · brk ▲ 81 · 15m · جلسة ممتدة
16:14 KSA · PRE     · signal     · AVGO · brk ▲ 81 · 15m · جلسة ممتدة
16:14 KSA · PRE     · signal     · TSLA · brk ▲ 69 · 15m · جلسة ممتدة
16:14 KSA · PRE     · signal     · MU · brk ▲ 81 · 15m · جلسة ممتدة
16:14 KSA · PRE     · signal     · LLY · vwapRec ▲ 68 · 15m · جلسة ممتدة
16:14 KSA · PRE     · signal     · WMT · orb ▲ 86 · 15m · جلسة ممتدة
16:14 KSA · PRE     · signal     · AMD · brk ▲ 100 · 15m · جلسة ممتدة
16:14 KSA · PRE     · signal     · INTC · brk ▲ 81 · 15m · جلسة ممتدة
16:14 KSA · PRE     · signal     · ORCL · brk ▲ 69 · 15m · جلسة ممتدة
16:14 KSA · PRE     · signal     · BAC · orb ▲ 100 · 15m · جلسة ممتدة
16:14 KSA · PRE     · signal     · CAT · orb ▲ 71 · 15m · جلسة ممتدة
16:14 KSA · PRE     · signal     · CAT · brk ▲ 63 · 15m · جلسة ممتدة
16:14 KSA · PRE     · signal     · LRCX · vwapRec ▲ 94 · 15m · جلسة ممتدة
16:14 KSA · PRE     · signal     · LRCX · brk ▲ 81 · 15m · جلسة ممتدة
16:14 KSA · PRE     · signal     · UNH · orb ▲ 94 · 15m · جلسة ممتدة
16:14 KSA · PRE     · signal     · AMAT · brk ▲ 81 · 15m · جلسة ممتدة
16:14 KSA · PRE     · signal     · GE · brk ▲ 100 · 15m · جلسة ممتدة
16:14 KSA · PRE     · signal     · RTX · vwapRec ▲ 56 · 15m · جلسة ممتدة
16:14 KSA · PRE     · signal     · RTX · brk ▲ 81 · 15m · جلسة ممتدة
16:14 KSA · PRE     · signal     · ANET · brk ▲ 81 · 15m · جلسة ممتدة
16:14 KSA · PRE     · signal     · CRWD · orb ▼ 100 · 15m · جلسة ممتدة
16:14 KSA · PRE     · signal     · CRWD · brk ▼ 100 · 15m · جلسة ممتدة
16:14 KSA · PRE     · signal     · SNDK · brk ▲ 100 · 15m · جلسة ممتدة
16:14 KSA · PRE     · signal     · KLAC · orb ▲ 82 · 15m · جلسة ممتدة
16:14 KSA · PRE     · signal     · KLAC · brk ▲ 81 · 15m · جلسة ممتدة
16:14 KSA · PRE     · signal     · MRVL · brk ▲ 63 · 15m · جلسة ممتدة
16:14 KSA · PRE     · signal     · AMGN · orb ▲ 86 · 15m · جلسة ممتدة
16:14 KSA · PRE     · signal     · AMGN · brk ▲ 81 · 15m · جلسة ممتدة
16:14 KSA · PRE     · signal     · AMGN · sqzExp ▲ 100 · 1h · جلسة ممتدة
16:14 KSA · PRE     · signal     · QCOM · meanRev ▼ 100 · 15m · جلسة ممتدة
16:14 KSA · PRE     · signal     · APH · brk ▲ 81 · 15m · جلسة ممتدة
16:14 KSA · PRE     · signal     · APH · meanRev ▼ 100 · 15m · جلسة ممتدة
16:14 KSA · PRE     · signal     · STX · brk ▲ 81 · 15m · جلسة ممتدة
16:14 KSA · PRE     · signal     · ADI · brk ▲ 100 · 15m · جلسة ممتدة
16:14 KSA · PRE     · signal     · ETN · brk ▲ 63 · 15m · جلسة ممتدة
16:14 KSA · PRE     · signal     · WDC · brk ▲ 100 · 15m · جلسة ممتدة
16:14 KSA · PRE     · signal     · BKNG · orb ▲ 91 · 15m · جلسة ممتدة
16:14 KSA · PRE     · signal     · BKNG · brk ▲ 100 · 15m · جلسة ممتدة
16:14 KSA · PRE     · signal     · NEM · orb ▲ 100 · 15m · جلسة ممتدة
16:14 KSA · PRE     · signal     · FTNT · brk ▼ 81 · 15m · جلسة ممتدة
16:14 KSA · PRE     · signal     · GLW · brk ▲ 81 · 15m · جلسة ممتدة
16:14 KSA · PRE     · signal     · ADBE · brk ▼ 100 · 15m · جلسة ممتدة
16:14 KSA · PRE     · signal     · FCX · brk ▲ 81 · 15m · جلسة ممتدة
16:14 KSA · PRE     · signal     · HOOD · brk ▲ 100 · 15m · جلسة ممتدة
16:14 KSA · PRE     · signal     · PWR · brk ▲ 63 · 15m · جلسة ممتدة
16:14 KSA · PRE     · signal     · CEG · brk ▲ 63 · 15m · جلسة ممتدة
16:14 KSA · PRE     · signal     · HWM · brk ▲ 81 · 15m · جلسة ممتدة
16:14 KSA · PRE     · signal     · KKR · vwapRec ▲ 70 · 15m · جلسة ممتدة
16:14 KSA · PRE     · signal     · CDNS · brk ▲ 100 · 15m · جلسة ممتدة
16:14 KSA · PRE     · signal     · CMI · vwapRec ▲ 71 · 15m · جلسة ممتدة
16:14 KSA · PRE     · signal     · CMI · brk ▲ 81 · 15m · جلسة ممتدة
16:14 KSA · PRE     · signal     · HON · vwapRec ▲ 62 · 15m · جلسة ممتدة
16:14 KSA · PRE     · signal     · HON · brk ▲ 69 · 15m · جلسة ممتدة
16:14 KSA · PRE     · signal     · MRNA · brk ▲ 81 · 15m · جلسة ممتدة
16:14 KSA · PRE     · signal     · COHR · brk ▲ 63 · 15m · جلسة ممتدة
16:14 KSA · PRE     · signal     · FIX · brk ▲ 81 · 15m · جلسة ممتدة
16:14 KSA · PRE     · signal     · NXPI · orb ▲ 73 · 15m · جلسة ممتدة
16:14 KSA · PRE     · signal     · DVN · orb ▼ 73 · 15m · جلسة ممتدة
16:14 KSA · PRE     · signal     · HONA · brk ▲ 100 · 15m · جلسة ممتدة
16:14 KSA · PRE     · signal     · VST · brk ▲ 63 · 15m · جلسة ممتدة
16:14 KSA · PRE     · signal     · KVUE · vwapRec ▲ 70 · 15m · جلسة ممتدة
16:14 KSA · PRE     · signal     · KMB · vwapRec ▲ 71 · 15m · جلسة ممتدة
16:14 KSA · PRE     · signal     · KMB · brk ▲ 100 · 15m · جلسة ممتدة
16:14 KSA · PRE     · signal     · RDDT · brk ▼ 81 · 15m · جلسة ممتدة
16:14 KSA · PRE     · signal     · FIL-USD · orb ▲ 100 · 15m
16:14 KSA · PRE     · signal     · MUB-USD · brk ▲ 100 · 15m
16:14 KSA · PRE     · signal     · U-USD · vwapRec ▲ 68 · 15m
16:14 KSA · PRE     · signal     · TAO-USD · orb ▲ 88 · 15m
16:14 KSA · PRE     · signal     · APT-USD · orb ▲ 73 · 15m
16:17 KSA · PRE     · scanner    · بدء المسح · 1153 رمزاً · الجلسة PRE
16:17 KSA · PRE     · signal     · BLK · vwapRec ▲ 57 · 15m · جلسة ممتدة
16:17 KSA · PRE     · signal     · FIX · vwapRec ▲ 100 · 15m · جلسة ممتدة
16:17 KSA · PRE     · signal     · ADA-USD · sqzExp ▲ 100 · 1h
16:19 KSA · PRE     · scanner    · بدء المسح · 1153 رمزاً · الجلسة PRE
16:19 KSA · PRE     · signal     · GOOGL · orb ▲ 100 · 15m · جلسة ممتدة
16:19 KSA · PRE     · signal     · NEM · brk ▲ 100 · 15m · جلسة ممتدة
16:19 KSA · PRE     · signal     · 牛来-USD · brk ▲ 69 · 15m
16:19 KSA · PRE     · signal     · KEY · meanRev ▲ 100 · 1d · جلسة ممتدة
16:20 KSA · PRE     · scanner    · بدء المسح · 1153 رمزاً · الجلسة PRE
16:20 KSA · PRE     · signal     · SPGI · brk ▲ 100 · 15m · جلسة ممتدة
16:20 KSA · PRE     · signal     · CMI · vwapRec ▲ 91 · 15m · جلسة ممتدة
16:20 KSA · PRE     · signal     · CMI · brk ▲ 81 · 15m · جلسة ممتدة
16:20 KSA · PRE     · signal     · TRUMP-USD · vwapRec ▼ 100 · 15m
16:20 KSA · PRE     · signal     · FITB · meanRev ▲ 100 · 1d · جلسة ممتدة
16:24 KSA · PRE     · scanner    · بدء المسح · 1153 رمزاً · الجلسة PRE
16:24 KSA · PRE     · signal     · AVGO · vwapRec ▼ 59 · 15m · جلسة ممتدة
16:24 KSA · PRE     · signal     · LLY · orb ▼ 83 · 15m · جلسة ممتدة
16:24 KSA · PRE     · signal     · JPM · orb ▼ 76 · 15m · جلسة ممتدة
16:24 KSA · PRE     · signal     · WMT · brk ▼ 86 · 15m · جلسة ممتدة
16:24 KSA · PRE     · signal     · AMD · orb ▼ 68 · 15m · جلسة ممتدة
16:24 KSA · PRE     · signal     · AMAT · orb ▼ 88 · 15m · جلسة ممتدة
16:24 KSA · PRE     · signal     · MS · orb ▼ 95 · 15m · جلسة ممتدة
16:24 KSA · PRE     · signal     · MS · vwapRec ▼ 60 · 15m · جلسة ممتدة
16:24 KSA · PRE     · signal     · HD · orb ▼ 91 · 15m · جلسة ممتدة
16:24 KSA · PRE     · signal     · C · orb ▼ 75 · 15m · جلسة ممتدة
16:24 KSA · PRE     · signal     · QCOM · orb ▼ 82 · 15m · جلسة ممتدة
16:24 KSA · PRE     · signal     · APH · orb ▼ 60 · 15m · جلسة ممتدة
16:24 KSA · PRE     · signal     · ADI · orb ▼ 82 · 15m · جلسة ممتدة
16:24 KSA · PRE     · signal     · ETN · orb ▼ 71 · 15m · جلسة ممتدة
16:24 KSA · PRE     · signal     · BX · vwapRec ▼ 59 · 15m · جلسة ممتدة
16:24 KSA · PRE     · signal     · FTNT · vwapRec ▲ 91 · 15m · جلسة ممتدة
16:24 KSA · PRE     · signal     · GLW · orb ▼ 71 · 15m · جلسة ممتدة
16:24 KSA · PRE     · signal     · MDT · volSpike ▼ 67 · 15m · جلسة ممتدة
16:24 KSA · PRE     · signal     · MPC · vwapRec ▲ 65 · 15m · جلسة ممتدة
16:24 KSA · PRE     · signal     · LOW · vwapRec ▼ 65 · 15m · جلسة ممتدة
16:24 KSA · PRE     · signal     · PSX · vwapRec ▲ 91 · 15m · جلسة ممتدة
16:24 KSA · PRE     · signal     · FCX · orb ▼ 76 · 15m · جلسة ممتدة
16:24 KSA · PRE     · signal     · HOOD · orb ▼ 85 · 15m · جلسة ممتدة
16:24 KSA · PRE     · signal     · PWR · orb ▼ 68 · 15m · جلسة ممتدة
16:24 KSA · PRE     · signal     · VRT · orb ▼ 82 · 15m · جلسة ممتدة
16:24 KSA · PRE     · signal     · CEG · orb ▼ 82 · 15m · جلسة ممتدة
16:24 KSA · PRE     · signal     · HWM · vwapRec ▼ 59 · 15m · جلسة ممتدة
16:24 KSA · PRE     · signal     · SHW · vwapRec ▼ 59 · 15m · جلسة ممتدة
16:24 KSA · PRE     · signal     · SNPS · orb ▼ 85 · 15m · جلسة ممتدة
16:24 KSA · PRE     · signal     · AON · vwapRec ▼ 71 · 15m · جلسة ممتدة
16:24 KSA · PRE     · signal     · MRNA · orb ▼ 76 · 15m · جلسة ممتدة
16:24 KSA · PRE     · signal     · MPWR · orb ▼ 100 · 15m · جلسة ممتدة
16:24 KSA · PRE     · signal     · NKE · orb ▼ 82 · 15m · جلسة ممتدة
16:24 KSA · PRE     · signal     · NKE · vwapRec ▼ 59 · 15m · جلسة ممتدة
16:24 KSA · PRE     · signal     · CIEN · orb ▼ 91 · 15m · جلسة ممتدة
16:24 KSA · PRE     · signal     · VST · orb ▼ 82 · 15m · جلسة ممتدة
16:24 KSA · PRE     · signal     · VST · vwapRec ▼ 59 · 15m · جلسة ممتدة
16:24 KSA · PRE     · signal     · COIN · vwapRec ▼ 59 · 15m · جلسة ممتدة
16:24 KSA · PRE     · signal     · NEAR-USD · rsiDiv ▼ 56 · 15m
16:24 KSA · PRE     · signal     · ONDO-USD · volSpike ▲ 100 · 15m
16:24 KSA · PRE     · signal     · ENA-USD · rsiDiv ▼ 94 · 15m
16:24 KSA · PRE     · signal     · IOTA-USD · rsiDiv ▼ 56 · 15m
16:24 KSA · PRE     · signal     · REZ-USD · volSpike ▼ 67 · 15m
16:24 KSA · PRE     · signal     · UNI-USD · orb ▼ 65 · 15m
16:24 KSA · PRE     · signal     · UNI-USD · brk ▼ 59 · 15m
16:24 KSA · PRE     · signal     · UNI-USD · momo ▲ 64 · 1h
16:24 KSA · PRE     · signal     · SUI-USD · orb ▼ 78 · 15m
16:24 KSA · PRE     · signal     · SUI-USD · brk ▼ 64 · 15m
16:24 KSA · PRE     · signal     · U-USD · orb ▼ 65 · 15m
16:24 KSA · PRE     · signal     · U-USD · brk ▼ 64 · 15m
16:24 KSA · PRE     · signal     · U-USD · volSpike ▼ 67 · 15m
16:24 KSA · PRE     · signal     · PEPE-USD · brk ▲ 80 · 15m
16:24 KSA · PRE     · signal     · TAO-USD · brk ▼ 61 · 15m
16:24 KSA · PRE     · signal     · THE-USD · orb ▼ 55 · 15m
16:24 KSA · PRE     · signal     · THE-USD · sqzExp ▼ 60 · 1h
16:24 KSA · PRE     · signal     · TRUMP-USD · orb ▼ 85 · 15m
16:24 KSA · PRE     · signal     · TRUMP-USD · brk ▼ 86 · 15m
16:24 KSA · PRE     · signal     · EUR-USD · brk ▼ 80 · 15m
16:24 KSA · PRE     · signal     · ARB-USD · brk ▼ 64 · 15m
16:24 KSA · PRE     · signal     · BANK-USD · orb ▼ 80 · 15m
16:24 KSA · PRE     · signal     · BANK-USD · brk ▼ 73 · 15m
16:24 KSA · PRE     · signal     · TON-USD · brk ▼ 61 · 15m
16:24 KSA · PRE     · signal     · SENT-USD · orb ▼ 55 · 15m
16:24 KSA · PRE     · signal     · SENT-USD · brk ▼ 55 · 15m
16:24 KSA · PRE     · signal     · SENT-USD · sqzExp ▼ 95 · 1h
16:24 KSA · PRE     · signal     · PENGU-USD · orb ▼ 65 · 15m
16:24 KSA · PRE     · signal     · PENGU-USD · brk ▼ 61 · 15m
16:24 KSA · PRE     · signal     · PENGU-USD · sqzExp ▼ 68 · 1h
16:24 KSA · PRE     · signal     · WLFI-USD · orb ▼ 80 · 15m
16:24 KSA · PRE     · signal     · WLFI-USD · momo ▼ 72 · 1h
16:24 KSA · PRE     · signal     · ASTER-USD · orb ▼ 65 · 15m
16:24 KSA · PRE     · signal     · ASTER-USD · brk ▼ 66 · 15m
16:24 KSA · PRE     · signal     · APT-USD · brk ▼ 55 · 15m
16:25 KSA · PRE     · scanner    · بدء المسح · 1153 رمزاً · الجلسة PRE
16:25 KSA · PRE     · signal     · NVDA · brk ▲ 81 · 15m · جلسة ممتدة
16:25 KSA · PRE     · signal     · GOOGL · orb ▲ 76 · 15m · جلسة ممتدة
16:25 KSA · PRE     · signal     · GOOGL · brk ▲ 100 · 15m · جلسة ممتدة
16:25 KSA · PRE     · signal     · GOOG · brk ▲ 100 · 15m · جلسة ممتدة
16:25 KSA · PRE     · signal     · AMZN · brk ▲ 81 · 15m · جلسة ممتدة
16:25 KSA · PRE     · signal     · AVGO · brk ▲ 81 · 15m · جلسة ممتدة
16:25 KSA · PRE     · signal     · MU · brk ▲ 81 · 15m · جلسة ممتدة
16:25 KSA · PRE     · signal     · LLY · vwapRec ▲ 90 · 15m · جلسة ممتدة
16:25 KSA · PRE     · signal     · WMT · orb ▲ 100 · 15m · جلسة ممتدة
16:25 KSA · PRE     · signal     · AMD · brk ▲ 100 · 15m · جلسة ممتدة
16:25 KSA · PRE     · signal     · INTC · brk ▲ 81 · 15m · جلسة ممتدة
16:25 KSA · PRE     · signal     · ABBV · vwapRec ▲ 71 · 15m · جلسة ممتدة
16:25 KSA · PRE     · signal     · ORCL · brk ▲ 100 · 15m · جلسة ممتدة
16:25 KSA · PRE     · signal     · BAC · orb ▲ 82 · 15m · جلسة ممتدة
16:25 KSA · PRE     · signal     · CAT · orb ▲ 71 · 15m · جلسة ممتدة
16:25 KSA · PRE     · signal     · CAT · brk ▲ 63 · 15m · جلسة ممتدة
16:25 KSA · PRE     · signal     · LRCX · brk ▲ 81 · 15m · جلسة ممتدة
16:25 KSA · PRE     · signal     · AMAT · brk ▲ 81 · 15m · جلسة ممتدة
16:25 KSA · PRE     · signal     · GE · brk ▲ 100 · 15m · جلسة ممتدة
16:25 KSA · PRE     · signal     · HD · sqzExp ▲ 100 · 1h · جلسة ممتدة
16:25 KSA · PRE     · signal     · RTX · vwapRec ▲ 73 · 15m · جلسة ممتدة
16:25 KSA · PRE     · signal     · RTX · brk ▲ 81 · 15m · جلسة ممتدة
16:25 KSA · PRE     · signal     · ANET · brk ▲ 81 · 15m · جلسة ممتدة
16:25 KSA · PRE     · signal     · CRWD · orb ▼ 100 · 15m · جلسة ممتدة
16:25 KSA · PRE     · signal     · CRWD · vwapRec ▼ 62 · 15m · جلسة ممتدة
16:25 KSA · PRE     · signal     · CRWD · brk ▼ 100 · 15m · جلسة ممتدة
16:25 KSA · PRE     · signal     · SNDK · brk ▲ 100 · 15m · جلسة ممتدة
16:25 KSA · PRE     · signal     · KLAC · orb ▲ 82 · 15m · جلسة ممتدة
16:25 KSA · PRE     · signal     · KLAC · brk ▲ 81 · 15m · جلسة ممتدة
16:25 KSA · PRE     · signal     · KLAC · meanRev ▼ 67 · 15m · جلسة ممتدة
16:25 KSA · PRE     · signal     · MRVL · brk ▲ 81 · 15m · جلسة ممتدة
16:25 KSA · PRE     · signal     · AMGN · orb ▲ 86 · 15m · جلسة ممتدة
16:25 KSA · PRE     · signal     · AMGN · brk ▲ 81 · 15m · جلسة ممتدة
16:25 KSA · PRE     · signal     · AMGN · sqzExp ▲ 100 · 1h · جلسة ممتدة
16:25 KSA · PRE     · signal     · APH · brk ▲ 63 · 15m · جلسة ممتدة
16:25 KSA · PRE     · signal     · STX · brk ▲ 81 · 15m · جلسة ممتدة
16:25 KSA · PRE     · signal     · ADI · brk ▲ 100 · 15m · جلسة ممتدة
16:25 KSA · PRE     · signal     · BLK · vwapRec ▲ 82 · 15m · جلسة ممتدة
16:25 KSA · PRE     · signal     · ETN · brk ▲ 63 · 15m · جلسة ممتدة
16:25 KSA · PRE     · signal     · WDC · brk ▲ 100 · 15m · جلسة ممتدة
16:25 KSA · PRE     · signal     · WDC · meanRev ▼ 100 · 15m · جلسة ممتدة
16:25 KSA · PRE     · signal     · DHR · vwapRec ▲ 68 · 15m · جلسة ممتدة
16:25 KSA · PRE     · signal     · BKNG · orb ▲ 82 · 15m · جلسة ممتدة
16:25 KSA · PRE     · signal     · BKNG · brk ▲ 100 · 15m · جلسة ممتدة
16:25 KSA · PRE     · signal     · NEM · orb ▲ 100 · 15m · جلسة ممتدة
16:25 KSA · PRE     · signal     · NEM · brk ▲ 69 · 15m · جلسة ممتدة
16:25 KSA · PRE     · signal     · GLW · brk ▲ 81 · 15m · جلسة ممتدة
16:25 KSA · PRE     · signal     · ADBE · brk ▼ 69 · 15m · جلسة ممتدة
16:25 KSA · PRE     · signal     · FCX · brk ▲ 81 · 15m · جلسة ممتدة
16:25 KSA · PRE     · signal     · HOOD · brk ▲ 81 · 15m · جلسة ممتدة
16:25 KSA · PRE     · signal     · PWR · brk ▲ 63 · 15m · جلسة ممتدة
16:25 KSA · PRE     · signal     · CEG · brk ▲ 63 · 15m · جلسة ممتدة
16:25 KSA · PRE     · signal     · HWM · brk ▲ 81 · 15m · جلسة ممتدة
16:25 KSA · PRE     · signal     · CDNS · brk ▲ 100 · 15m · جلسة ممتدة
16:25 KSA · PRE     · signal     · CMI · vwapRec ▲ 71 · 15m · جلسة ممتدة
16:25 KSA · PRE     · signal     · CMI · brk ▲ 81 · 15m · جلسة ممتدة
16:25 KSA · PRE     · signal     · MRNA · brk ▲ 81 · 15m · جلسة ممتدة
16:25 KSA · PRE     · signal     · COHR · brk ▲ 81 · 15m · جلسة ممتدة
16:25 KSA · PRE     · signal     · FIX · vwapRec ▲ 88 · 15m · جلسة ممتدة
16:25 KSA · PRE     · signal     · FIX · brk ▲ 63 · 15m · جلسة ممتدة
16:25 KSA · PRE     · signal     · NXPI · orb ▲ 73 · 15m · جلسة ممتدة
16:25 KSA · PRE     · signal     · DVN · orb ▼ 73 · 15m · جلسة ممتدة
16:25 KSA · PRE     · signal     · NKE · sqzExp ▲ 100 · 1h · جلسة ممتدة
16:25 KSA · PRE     · signal     · HONA · brk ▲ 100 · 15m · جلسة ممتدة
16:25 KSA · PRE     · signal     · VST · brk ▲ 81 · 15m · جلسة ممتدة
16:25 KSA · PRE     · signal     · ADSK · orb ▲ 82 · 15m · جلسة ممتدة
16:25 KSA · PRE     · signal     · KVUE · vwapRec ▲ 68 · 15m · جلسة ممتدة
16:25 KSA · PRE     · signal     · KVUE · brk ▲ 69 · 15m · جلسة ممتدة
16:25 KSA · PRE     · signal     · KMB · vwapRec ▲ 100 · 15m · جلسة ممتدة
16:25 KSA · PRE     · signal     · KMB · brk ▲ 100 · 15m · جلسة ممتدة
16:25 KSA · PRE     · signal     · RDDT · brk ▼ 100 · 15m · جلسة ممتدة
16:25 KSA · PRE     · signal     · TAO-USD · orb ▲ 93 · 15m
16:25 KSA · PRE     · signal     · APT-USD · orb ▲ 65 · 15m
16:26 KSA · PRE     · scanner    · بدء المسح · 1153 رمزاً · الجلسة PRE
16:26 KSA · PRE     · signal     · TSLA · brk ▲ 69 · 15m · جلسة ممتدة
16:26 KSA · PRE     · signal     · UNH · orb ▲ 100 · 15m · جلسة ممتدة
16:26 KSA · PRE     · signal     · FTNT · brk ▼ 100 · 15m · جلسة ممتدة
16:26 KSA · PRE     · signal     · KKR · vwapRec ▲ 79 · 15m · جلسة ممتدة
16:26 KSA · PRE     · signal     · MDLZ · orb ▼ 100 · 15m · جلسة ممتدة
16:26 KSA · PRE     · signal     · RJF · meanRev ▲ 100 · 1d · جلسة ممتدة
16:26 KSA · PRE     · signal     · NWS · meanRev ▲ 100 · 1d · جلسة ممتدة
16:28 KSA · PRE     · scanner    · بدء المسح · 1153 رمزاً · الجلسة PRE
16:28 KSA · PRE     · signal     · MSFT · brk ▲ 100 · 15m · جلسة ممتدة
16:28 KSA · PRE     · signal     · MSFT · meanRev ▼ 100 · 15m · جلسة ممتدة
16:28 KSA · PRE     · signal     · STX · vwapRec ▼ 100 · 15m · جلسة ممتدة
16:28 KSA · PRE     · signal     · WDC · vwapRec ▼ 71 · 15m · جلسة ممتدة
16:28 KSA · PRE     · signal     · VRTX · brk ▲ 100 · 15m · جلسة ممتدة
16:28 KSA · PRE     · signal     · WLFI-USD · orb ▼ 82 · 15m
16:28 KSA · PRE     · signal     · CHRW · sqzExp ▲ 100 · 1d · جلسة ممتدة
16:28 KSA · PRE     · signal     · IVZ · meanRev ▲ 100 · 1d · جلسة ممتدة
16:28 KSA · PRE     · signal     · METAB-USD · brk ▲ 69 · 1d
16:30 KSA · REGULAR · scanner    · بدء المسح · 1153 رمزاً · الجلسة REGULAR
16:30 KSA · REGULAR · signal     · PGR · pbTrend ▲ 57 · 1h
16:30 KSA · REGULAR · signal     · CIEN · volSpike ▲ 100 · 15m
16:33 KSA · REGULAR · scanner    · بدء المسح · 1153 رمزاً · الجلسة REGULAR
16:33 KSA · REGULAR · signal     · GOOGL · volSpike ▼ 67 · 15m
16:33 KSA · REGULAR · signal     · GOOG · volSpike ▼ 67 · 15m
16:33 KSA · REGULAR · signal     · AVGO · volSpike ▲ 78 · 15m
16:33 KSA · REGULAR · signal     · MU · volSpike ▲ 83 · 15m
16:33 KSA · REGULAR · signal     · MU · momo ▲ 58 · 1h
16:33 KSA · REGULAR · signal     · JPM · volSpike ▲ 94 · 15m
16:33 KSA · REGULAR · signal     · WMT · brk ▼ 100 · 15m
16:33 KSA · REGULAR · signal     · ORCL · volSpike ▲ 78 · 15m
16:33 KSA · REGULAR · signal     · CSCO · volSpike ▼ 67 · 15m
16:33 KSA · REGULAR · signal     · CVX · volSpike ▲ 67 · 15m
16:33 KSA · REGULAR · signal     · CAT · volSpike ▲ 94 · 15m
16:33 KSA · REGULAR · signal     · LRCX · momo ▲ 64 · 1h
16:33 KSA · REGULAR · signal     · AMAT · volSpike ▲ 100 · 15m
16:33 KSA · REGULAR · signal     · AMAT · momo ▲ 64 · 1h
16:33 KSA · REGULAR · signal     · PM · sqzExp ▼ 80 · 1h
16:33 KSA · REGULAR · signal     · PM · volSpike ▼ 83 · 15m
16:33 KSA · REGULAR · signal     · WFC · volSpike ▲ 100 · 15m
16:33 KSA · REGULAR · signal     · TXN · volSpike ▲ 100 · 15m
16:33 KSA · REGULAR · signal     · SNDK · momo ▲ 64 · 1h
16:33 KSA · REGULAR · signal     · C · volSpike ▲ 100 · 15m
16:33 KSA · REGULAR · signal     · KLAC · volSpike ▲ 100 · 15m
16:33 KSA · REGULAR · signal     · LIN · volSpike ▲ 89 · 15m
16:33 KSA · REGULAR · signal     · VZ · volSpike ▲ 100 · 15m
16:33 KSA · REGULAR · signal     · AMGN · volSpike ▲ 94 · 15m
16:33 KSA · REGULAR · signal     · QCOM · volSpike ▼ 56 · 15m
16:33 KSA · REGULAR · signal     · APH · volSpike ▲ 89 · 15m
16:33 KSA · REGULAR · signal     · APH · momo ▲ 56 · 1h
16:33 KSA · REGULAR · signal     · GILD · volSpike ▲ 89 · 15m
16:33 KSA · REGULAR · signal     · STX · volSpike ▲ 94 · 15m
16:33 KSA · REGULAR · signal     · STX · momo ▲ 64 · 1h
16:33 KSA · REGULAR · signal     · SCHW · volSpike ▲ 83 · 15m
16:33 KSA · REGULAR · signal     · ADI · brk ▲ 82 · 15m
16:33 KSA · REGULAR · signal     · ADI · volSpike ▲ 100 · 15m
16:33 KSA · REGULAR · signal     · T · volSpike ▲ 89 · 15m
16:33 KSA · REGULAR · signal     · COP · volSpike ▼ 78 · 15m
16:33 KSA · REGULAR · signal     · NOW · brk ▼ 82 · 15m
16:33 KSA · REGULAR · signal     · TJX · volSpike ▼ 61 · 15m
16:33 KSA · REGULAR · signal     · NEM · momo ▲ 56 · 1h
16:33 KSA · REGULAR · signal     · GLW · momo ▲ 72 · 1h
16:33 KSA · REGULAR · signal     · BKNG · volSpike ▲ 89 · 15m
16:33 KSA · REGULAR · signal     · LOW · brk ▲ 68 · 15m
16:33 KSA · REGULAR · signal     · LOW · sqzExp ▲ 63 · 1h
16:33 KSA · REGULAR · signal     · SYK · volSpike ▲ 78 · 15m
16:33 KSA · REGULAR · signal     · FCX · brk ▲ 86 · 15m
16:33 KSA · REGULAR · signal     · FCX · momo ▲ 67 · 1h
16:33 KSA · REGULAR · signal     · ADBE · brk ▼ 93 · 15m
16:33 KSA · REGULAR · signal     · PWR · volSpike ▲ 100 · 15m
16:33 KSA · REGULAR · signal     · HWM · rsiDiv ▲ 69 · 1d
16:33 KSA · REGULAR · signal     · HWM · volSpike ▲ 78 · 15m
16:33 KSA · REGULAR · signal     · CMCSA · volSpike ▲ 89 · 15m
16:33 KSA · REGULAR · signal     · DDOG · volSpike ▲ 78 · 15m
16:33 KSA · REGULAR · signal     · SNPS · volSpike ▲ 78 · 15m
16:33 KSA · REGULAR · signal     · SNPS · momo ▲ 64 · 1h
16:33 KSA · REGULAR · signal     · COHR · momo ▲ 89 · 1h
16:33 KSA · REGULAR · signal     · MPWR · volSpike ▲ 89 · 15m
16:33 KSA · REGULAR · signal     · FIX · brk ▲ 82 · 15m
16:33 KSA · REGULAR · signal     · FIX · meanRev ▼ 65 · 15m
16:33 KSA · REGULAR · signal     · FIX · volSpike ▲ 83 · 15m
16:33 KSA · REGULAR · signal     · NXPI · volSpike ▲ 89 · 15m
16:33 KSA · REGULAR · signal     · TER · volSpike ▲ 94 · 15m
16:33 KSA · REGULAR · signal     · CIEN · momo ▲ 72 · 1h
16:33 KSA · REGULAR · signal     · COIN · rsiDiv ▲ 89 · 15m
16:33 KSA · REGULAR · signal     · KMB · brk ▲ 75 · 15m
16:33 KSA · REGULAR · signal     · RDDT · brk ▼ 82 · 15m
16:33 KSA · REGULAR · signal     · GRAM-USD · volSpike ▼ 89 · 15m
16:33 KSA · REGULAR · signal     · WLD-USD · orb ▲ 63 · 15m
16:33 KSA · REGULAR · signal     · UNI-USD · orb ▼ 65 · 15m
16:33 KSA · REGULAR · signal     · UNI-USD · brk ▼ 59 · 15m
16:33 KSA · REGULAR · signal     · SUI-USD · orb ▼ 70 · 15m
16:33 KSA · REGULAR · signal     · SUI-USD · brk ▼ 61 · 15m
16:33 KSA · REGULAR · signal     · U-USD · orb ▼ 65 · 15m
16:33 KSA · REGULAR · signal     · U-USD · brk ▼ 64 · 15m
16:33 KSA · REGULAR · signal     · PEPE-USD · brk ▲ 86 · 15m
16:33 KSA · REGULAR · signal     · PEPE-USD · sqzExp ▲ 70 · 1h
16:33 KSA · REGULAR · signal     · PEPE-USD · volSpike ▲ 94 · 15m
16:33 KSA · REGULAR · signal     · TAO-USD · brk ▼ 68 · 15m
16:33 KSA · REGULAR · signal     · THE-USD · orb ▼ 55 · 15m
16:33 KSA · REGULAR · signal     · THE-USD · sqzExp ▼ 60 · 1h
16:33 KSA · REGULAR · signal     · TRUMP-USD · orb ▼ 78 · 15m
16:33 KSA · REGULAR · signal     · TRUMP-USD · brk ▼ 70 · 15m
16:33 KSA · REGULAR · signal     · EUR-USD · brk ▼ 55 · 15m
16:33 KSA · REGULAR · signal     · ARB-USD · brk ▼ 57 · 15m
16:33 KSA · REGULAR · signal     · BANK-USD · orb ▼ 80 · 15m
16:33 KSA · REGULAR · signal     · BANK-USD · brk ▼ 80 · 15m
16:33 KSA · REGULAR · signal     · BANK-USD · volSpike ▼ 78 · 15m
16:33 KSA · REGULAR · signal     · TON-USD · brk ▼ 61 · 15m
16:33 KSA · REGULAR · signal     · SENT-USD · orb ▼ 70 · 15m
16:33 KSA · REGULAR · signal     · SENT-USD · brk ▼ 73 · 15m
16:33 KSA · REGULAR · signal     · SENT-USD · sqzExp ▼ 95 · 1h
16:33 KSA · REGULAR · signal     · PENGU-USD · orb ▼ 65 · 15m
16:33 KSA · REGULAR · signal     · PENGU-USD · brk ▼ 61 · 15m
16:33 KSA · REGULAR · signal     · PENGU-USD · sqzExp ▼ 68 · 1h
16:33 KSA · REGULAR · signal     · ASTER-USD · orb ▼ 65 · 15m
16:33 KSA · REGULAR · signal     · ASTER-USD · brk ▼ 66 · 15m
16:33 KSA · REGULAR · signal     · APT-USD · brk ▼ 70 · 15m
16:35 KSA · REGULAR · scanner    · بدء المسح · 1153 رمزاً · الجلسة REGULAR
16:35 KSA · REGULAR · signal     · COST · sqzExp ▼ 100 · 1h
16:35 KSA · REGULAR · signal     · CDNS · brk ▲ 69 · 15m
16:35 KSA · REGULAR · signal     · HPE · brk ▲ 100 · 15m
16:35 KSA · REGULAR · signal     · XLM-USD · orb ▼ 82 · 15m
16:35 KSA · REGULAR · signal     · TAO-USD · orb ▲ 85 · 15m
16:35 KSA · REGULAR · signal     · APT-USD · orb ▲ 73 · 15m
16:35 KSA · REGULAR · signal     · USB · meanRev ▲ 100 · 1d
16:35 KSA · REGULAR · signal     · NTRS · meanRev ▲ 100 · 1d
16:35 KSA · REGULAR · signal     · CFG · meanRev ▲ 100 · 1d
16:35 KSA · REGULAR · signal     · HSIC · meanRev ▲ 100 · 1d
16:35 KSA · REGULAR · signal     · ARE · brk ▲ 69 · 1d
16:35 KSA · REGULAR · signal     · ARE · meanRev ▼ 100 · 1d
16:35 KSA · REGULAR · signal     · MRVLB-USD · meanRev ▼ 100 · 1d
16:35 KSA · REGULAR · signal     · MVLLB-USD · meanRev ▼ 100 · 1d
16:35 KSA · REGULAR · signal     · BEB-USD · brk ▲ 69 · 1d
16:38 KSA · REGULAR · scanner    · بدء المسح · 1153 رمزاً · الجلسة REGULAR
16:38 KSA · REGULAR · signal     · NVDA · meanRev ▼ 100 · 15m
16:38 KSA · REGULAR · signal     · BTC-USD · brk ▼ 69 · 15m
16:38 KSA · REGULAR · signal     · ANET · meanRev ▼ 67 · 15m
16:38 KSA · REGULAR · signal     · STX · brk ▲ 100 · 15m
16:38 KSA · REGULAR · signal     · ABT · brk ▼ 100 · 15m
16:38 KSA · REGULAR · signal     · UBER · brk ▼ 69 · 15m
16:38 KSA · REGULAR · signal     · VRTX · brk ▲ 100 · 15m
16:38 KSA · REGULAR · signal     · BKNG · brk ▼ 100 · 15m
16:38 KSA · REGULAR · signal     · LMT · brk ▲ 100 · 15m
16:38 KSA · REGULAR · signal     · LMT · sqzExp ▲ 100 · 1h
16:38 KSA · REGULAR · signal     · BNB-USD · orb ▼ 64 · 15m
16:38 KSA · REGULAR · signal     · BNB-USD · vwapRec ▼ 100 · 15m
16:38 KSA · REGULAR · signal     · TAO-USD · vwapRec ▼ 100 · 15m
16:38 KSA · REGULAR · signal     · ARB-USD · brk ▼ 69 · 15m
16:40 KSA · REGULAR · scanner    · بدء المسح · 1153 رمزاً · الجلسة REGULAR
16:40 KSA · REGULAR · signal     · LLY · brk ▲ 100 · 15m
16:40 KSA · REGULAR · signal     · AMGN · brk ▲ 69 · 15m
16:40 KSA · REGULAR · signal     · COP · meanRev ▲ 100 · 15m
16:40 KSA · REGULAR · signal     · GRAM-USD · vwapRec ▼ 100 · 15m
16:40 KSA · REGULAR · signal     · ICP-USD · pbTrend ▲ 57 · 1h
16:40 KSA · REGULAR · signal     · CAKE-USD · vwapRec ▼ 100 · 15m
16:40 KSA · REGULAR · signal     · XPL-USD · meanRev ▲ 100 · 15m
16:40 KSA · REGULAR · signal     · SPCXB-USD · vwapRec ▼ 100 · 15m
16:40 KSA · REGULAR · signal     · U-USD · orb ▲ 100 · 15m
16:40 KSA · REGULAR · signal     · U-USD · vwapRec ▲ 68 · 15m
16:42 KSA · REGULAR · scanner    · بدء المسح · 1153 رمزاً · الجلسة REGULAR
16:42 KSA · REGULAR · signal     · LOW · momo ▼ 69 · 1h
16:42 KSA · REGULAR · signal     · SHW · volSpike ▲ 78 · 15m
16:42 KSA · REGULAR · signal     · NSC · volSpike ▼ 72 · 15m
16:42 KSA · REGULAR · signal     · TRX-USD · sqzExp ▼ 57 · 1h
16:42 KSA · REGULAR · signal     · AVAX-USD · vwapRec ▼ 55 · 15m
16:42 KSA · REGULAR · signal     · XPL-USD · vwapRec ▼ 63 · 15m
16:42 KSA · REGULAR · signal     · UNI-USD · orb ▼ 65 · 15m
16:42 KSA · REGULAR · signal     · UNI-USD · brk ▼ 59 · 15m
16:42 KSA · REGULAR · signal     · SUI-USD · orb ▼ 70 · 15m
16:42 KSA · REGULAR · signal     · SUI-USD · brk ▼ 61 · 15m
16:42 KSA · REGULAR · signal     · U-USD · brk ▼ 64 · 15m
16:42 KSA · REGULAR · signal     · PEPE-USD · brk ▲ 86 · 15m
16:42 KSA · REGULAR · signal     · PEPE-USD · sqzExp ▲ 70 · 1h
16:42 KSA · REGULAR · signal     · TAO-USD · brk ▼ 68 · 15m
16:42 KSA · REGULAR · signal     · THE-USD · orb ▼ 55 · 15m
16:42 KSA · REGULAR · signal     · THE-USD · sqzExp ▼ 60 · 1h
16:42 KSA · REGULAR · signal     · TRUMP-USD · orb ▼ 78 · 15m
16:42 KSA · REGULAR · signal     · TRUMP-USD · brk ▼ 70 · 15m
16:42 KSA · REGULAR · signal     · EUR-USD · brk ▼ 55 · 15m
16:42 KSA · REGULAR · signal     · BANK-USD · orb ▼ 80 · 15m
16:42 KSA · REGULAR · signal     · BANK-USD · brk ▼ 80 · 15m
16:42 KSA · REGULAR · signal     · TON-USD · brk ▼ 61 · 15m
16:42 KSA · REGULAR · signal     · SENT-USD · orb ▼ 70 · 15m
16:42 KSA · REGULAR · signal     · SENT-USD · brk ▼ 73 · 15m
16:42 KSA · REGULAR · signal     · SENT-USD · sqzExp ▼ 95 · 1h
16:42 KSA · REGULAR · signal     · PENGU-USD · orb ▼ 65 · 15m
16:42 KSA · REGULAR · signal     · PENGU-USD · brk ▼ 61 · 15m
16:42 KSA · REGULAR · signal     · PENGU-USD · sqzExp ▼ 68 · 1h
16:42 KSA · REGULAR · signal     · ASTER-USD · orb ▼ 65 · 15m
16:42 KSA · REGULAR · signal     · ASTER-USD · brk ▼ 66 · 15m
16:42 KSA · REGULAR · signal     · APT-USD · brk ▼ 70 · 15m
16:44 KSA · REGULAR · scanner    · بدء المسح · 1153 رمزاً · الجلسة REGULAR
16:44 KSA · REGULAR · signal     · META · brk ▼ 100 · 15m
16:44 KSA · REGULAR · signal     · NFLX · brk ▼ 100 · 15m
16:44 KSA · REGULAR · signal     · APP · brk ▼ 100 · 15m
16:44 KSA · REGULAR · signal     · GRAM-USD · pbTrend ▼ 57 · 1h
16:44 KSA · REGULAR · signal     · APT-USD · orb ▲ 73 · 15m
16:44 KSA · REGULAR · signal     · CPRT · meanRev ▲ 100 · 1d
16:44 KSA · REGULAR · signal     · BBY · brk ▲ 69 · 1d
16:44 KSA · REGULAR · signal     · LEN · meanRev ▲ 100 · 1d
16:44 KSA · REGULAR · signal     · AMDB-USD · sqzExp ▲ 100 · 1d
16:44 KSA · REGULAR · signal     · RKLBB-USD · meanRev ▼ 100 · 1d
16:46 KSA · REGULAR · scanner    · بدء المسح · 1153 رمزاً · الجلسة REGULAR
16:46 KSA · REGULAR · signal     · GS · meanRev ▲ 100 · 15m
16:46 KSA · REGULAR · signal     · WDC · brk ▲ 100 · 15m
16:46 KSA · REGULAR · signal     · SPGI · brk ▼ 100 · 15m
16:46 KSA · REGULAR · signal     · PWR · brk ▲ 100 · 15m
16:46 KSA · REGULAR · signal     · KVUE · brk ▲ 100 · 15m
16:46 KSA · REGULAR · signal     · VTHO-USD · orb ▼ 100 · 15m
16:46 KSA · REGULAR · signal     · IQV · meanRev ▼ 100 · 1d
16:46 KSA · REGULAR · signal     · MAA · meanRev ▲ 100 · 1d
16:48 KSA · REGULAR · scanner    · بدء المسح · 1153 رمزاً · الجلسة REGULAR
16:48 KSA · REGULAR · signal     · JNJ · brk ▲ 100 · 15m
16:48 KSA · REGULAR · signal     · DELL · brk ▲ 69 · 15m
16:48 KSA · REGULAR · signal     · WFC · meanRev ▲ 100 · 15m
16:48 KSA · REGULAR · signal     · APH · brk ▲ 69 · 15m
16:48 KSA · REGULAR · signal     · NEM · brk ▲ 69 · 15m
16:48 KSA · REGULAR · signal     · HOOD · meanRev ▼ 100 · 15m
16:48 KSA · REGULAR · signal     · LITE · meanRev ▼ 100 · 15m
16:48 KSA · REGULAR · signal     · PEPE-USD · brk ▲ 100 · 15m
16:48 KSA · REGULAR · signal     · TAO-USD · orb ▲ 100 · 15m
16:48 KSA · REGULAR · signal     · WAT · brk ▲ 69 · 1d
16:48 KSA · REGULAR · signal     · ROL · meanRev ▲ 100 · 1d
16:48 KSA · REGULAR · signal     · GNRC · meanRev ▼ 100 · 1d
16:50 KSA · REGULAR · scanner    · بدء المسح · 1153 رمزاً · الجلسة REGULAR
16:50 KSA · REGULAR · signal     · UBER · sqzExp ▼ 100 · 1h
16:50 KSA · REGULAR · signal     · PGR · brk ▼ 100 · 15m
16:50 KSA · REGULAR · signal     · PGR · sqzExp ▼ 100 · 1h
16:50 KSA · REGULAR · signal     · UNI-USD · brk ▲ 100 · 15m
16:50 KSA · REGULAR · signal     · UNI-USD · meanRev ▼ 100 · 15m
16:50 KSA · REGULAR · signal     · HIG · brk ▼ 69 · 1d
16:53 KSA · REGULAR · scanner    · بدء المسح · 1153 رمزاً · الجلسة REGULAR
16:53 KSA · REGULAR · signal     · AMZN · volSpike ▼ 94 · 15m
16:53 KSA · REGULAR · signal     · BRK-B · volSpike ▼ 78 · 15m
16:53 KSA · REGULAR · signal     · JPM · volSpike ▼ 83 · 15m
16:53 KSA · REGULAR · signal     · AMD · vwapRec ▲ 65 · 15m
16:53 KSA · REGULAR · signal     · XOM · volSpike ▲ 89 · 15m
16:53 KSA · REGULAR · signal     · INTC · vwapRec ▲ 60 · 15m
16:53 KSA · REGULAR · signal     · MA · volSpike ▼ 83 · 15m
16:53 KSA · REGULAR · signal     · PLTR · vwapRec ▲ 65 · 15m
16:53 KSA · REGULAR · signal     · CAT · vwapRec ▲ 57 · 15m
16:53 KSA · REGULAR · signal     · CAT · volSpike ▼ 67 · 15m
16:53 KSA · REGULAR · signal     · MRK · vwapRec ▲ 60 · 15m
16:53 KSA · REGULAR · signal     · UNH · vwapRec ▲ 57 · 15m
16:53 KSA · REGULAR · signal     · UNH · volSpike ▲ 83 · 15m
16:53 KSA · REGULAR · signal     · MS · vwapRec ▼ 60 · 15m
16:53 KSA · REGULAR · signal     · PANW · volSpike ▲ 100 · 15m
16:53 KSA · REGULAR · signal     · RTX · vwapRec ▼ 65 · 15m
16:53 KSA · REGULAR · signal     · WFC · volSpike ▼ 83 · 15m
16:53 KSA · REGULAR · signal     · CRWD · vwapRec ▲ 75 · 15m
16:53 KSA · REGULAR · signal     · TMO · vwapRec ▲ 65 · 15m
16:53 KSA · REGULAR · signal     · TXN · volSpike ▼ 89 · 15m
16:53 KSA · REGULAR · signal     · SNDK · volSpike ▲ 94 · 15m
16:53 KSA · REGULAR · signal     · MRVL · vwapRec ▲ 60 · 15m
16:53 KSA · REGULAR · signal     · C · vwapRec ▼ 60 · 15m
16:53 KSA · REGULAR · signal     · C · volSpike ▼ 89 · 15m
16:53 KSA · REGULAR · signal     · LIN · vwapRec ▼ 78 · 15m
16:53 KSA · REGULAR · signal     · QCOM · vwapRec ▼ 68 · 15m
16:53 KSA · REGULAR · signal     · APH · vwapRec ▲ 63 · 15m
16:53 KSA · REGULAR · signal     · PEP · volSpike ▼ 72 · 15m
16:53 KSA · REGULAR · signal     · DE · vwapRec ▲ 63 · 15m
16:53 KSA · REGULAR · signal     · ABT · vwapRec ▼ 73 · 15m
16:53 KSA · REGULAR · signal     · ETN · volSpike ▲ 94 · 15m
16:53 KSA · REGULAR · signal     · PFE · vwapRec ▲ 65 · 15m
16:53 KSA · REGULAR · signal     · DHR · vwapRec ▲ 85 · 15m
16:53 KSA · REGULAR · signal     · CB · brk ▼ 100 · 15m
16:53 KSA · REGULAR · signal     · FTNT · vwapRec ▲ 75 · 15m
16:53 KSA · REGULAR · signal     · FTNT · volSpike ▲ 89 · 15m
16:53 KSA · REGULAR · signal     · BKNG · vwapRec ▼ 65 · 15m
16:53 KSA · REGULAR · signal     · BKNG · volSpike ▼ 89 · 15m
16:53 KSA · REGULAR · signal     · PGR · volSpike ▼ 61 · 15m
16:53 KSA · REGULAR · signal     · SPGI · vwapRec ▼ 65 · 15m
16:53 KSA · REGULAR · signal     · PH · vwapRec ▼ 93 · 15m
16:53 KSA · REGULAR · signal     · ACN · vwapRec ▲ 75 · 15m
16:53 KSA · REGULAR · signal     · MPC · vwapRec ▲ 85 · 15m
16:53 KSA · REGULAR · signal     · APP · volSpike ▼ 94 · 15m
16:53 KSA · REGULAR · signal     · PSX · vwapRec ▲ 75 · 15m
16:53 KSA · REGULAR · signal     · HOOD · brk ▲ 73 · 15m
16:53 KSA · REGULAR · signal     · DDOG · vwapRec ▲ 63 · 15m
16:53 KSA · REGULAR · signal     · HPE · vwapRec ▲ 55 · 15m
16:53 KSA · REGULAR · signal     · CDNS · momo ▲ 58 · 1h
16:53 KSA · REGULAR · signal     · AON · vwapRec ▼ 57 · 15m
16:53 KSA · REGULAR · signal     · BSX · volSpike ▼ 78 · 15m
16:53 KSA · REGULAR · signal     · MRNA · vwapRec ▲ 60 · 15m
16:53 KSA · REGULAR · signal     · MRNA · volSpike ▲ 83 · 15m
16:53 KSA · REGULAR · signal     · RDDT · volSpike ▼ 94 · 15m
16:53 KSA · REGULAR · signal     · SNXXB-USD · volSpike ▲ 78 · 15m
16:53 KSA · REGULAR · signal     · UNI-USD · orb ▼ 65 · 15m
16:53 KSA · REGULAR · signal     · SUI-USD · orb ▼ 78 · 15m
16:53 KSA · REGULAR · signal     · SUI-USD · brk ▼ 70 · 15m
16:53 KSA · REGULAR · signal     · U-USD · orb ▼ 65 · 15m
16:53 KSA · REGULAR · signal     · U-USD · brk ▼ 55 · 15m
16:53 KSA · REGULAR · signal     · U-USD · meanRev ▲ 73 · 15m
16:53 KSA · REGULAR · signal     · TAO-USD · brk ▼ 70 · 15m
16:53 KSA · REGULAR · signal     · THE-USD · orb ▼ 55 · 15m
16:53 KSA · REGULAR · signal     · THE-USD · sqzExp ▼ 60 · 1h
16:53 KSA · REGULAR · signal     · TRUMP-USD · orb ▼ 78 · 15m
16:53 KSA · REGULAR · signal     · TRUMP-USD · brk ▼ 64 · 15m
16:53 KSA · REGULAR · signal     · EUR-USD · brk ▼ 80 · 15m
16:53 KSA · REGULAR · signal     · BANK-USD · orb ▼ 73 · 15m
16:53 KSA · REGULAR · signal     · BANK-USD · brk ▼ 70 · 15m
16:53 KSA · REGULAR · signal     · TON-USD · brk ▼ 61 · 15m
16:53 KSA · REGULAR · signal     · SENT-USD · orb ▼ 63 · 15m
16:53 KSA · REGULAR · signal     · SENT-USD · brk ▼ 64 · 15m
16:53 KSA · REGULAR · signal     · SENT-USD · sqzExp ▼ 95 · 1h
16:53 KSA · REGULAR · signal     · PENGU-USD · orb ▼ 80 · 15m
16:53 KSA · REGULAR · signal     · PENGU-USD · brk ▼ 77 · 15m
16:53 KSA · REGULAR · signal     · PENGU-USD · sqzExp ▼ 68 · 1h
16:53 KSA · REGULAR · signal     · WLFI-USD · orb ▼ 80 · 15m
16:53 KSA · REGULAR · signal     · ASTER-USD · orb ▼ 57 · 15m
16:53 KSA · REGULAR · signal     · ASTER-USD · brk ▼ 64 · 15m
16:53 KSA · REGULAR · signal     · APT-USD · brk ▼ 66 · 15m
16:54 KSA · REGULAR · scanner    · بدء المسح · 1153 رمزاً · الجلسة REGULAR
16:54 KSA · REGULAR · signal     · TSLA · vwapRec ▲ 79 · 15m
16:54 KSA · REGULAR · signal     · MA · brk ▼ 100 · 15m
16:54 KSA · REGULAR · signal     · LIN · brk ▼ 69 · 15m
16:54 KSA · REGULAR · signal     · TMUS · brk ▼ 100 · 15m
16:54 KSA · REGULAR · signal     · T · vwapRec ▼ 57 · 15m
16:54 KSA · REGULAR · signal     · NOW · pbTrend ▲ 100 · 1h
16:54 KSA · REGULAR · signal     · INTU · brk ▼ 69 · 15m
16:54 KSA · REGULAR · signal     · SHW · vwapRec ▼ 57 · 15m
16:54 KSA · REGULAR · signal     · AON · sqzExp ▼ 100 · 1h
16:54 KSA · REGULAR · signal     · INJ-USD · brk ▲ 69 · 15m
16:54 KSA · REGULAR · signal     · SOXLB-USD · brk ▲ 100 · 15m
16:54 KSA · REGULAR · signal     · UNI-USD · brk ▲ 64 · 15m
16:54 KSA · REGULAR · signal     · TAO-USD · orb ▲ 100 · 15m
16:54 KSA · REGULAR · signal     · TAO-USD · vwapRec ▲ 85 · 15m
16:54 KSA · REGULAR · signal     · TRUMP-USD · vwapRec ▲ 85 · 15m
16:54 KSA · REGULAR · signal     · APT-USD · orb ▲ 80 · 15m
16:54 KSA · REGULAR · signal     · MRSH · brk ▼ 69 · 1d
16:54 KSA · REGULAR · signal     · INTCB-USD · brk ▲ 100 · 1d
16:54 KSA · REGULAR · signal     · INTCB-USD · meanRev ▼ 100 · 1d
16:54 KSA · REGULAR · signal     · INTCB-USD · sqzExp ▲ 100 · 1d
16:54 KSA · REGULAR · signal     · AMDB-USD · meanRev ▼ 100 · 1d
16:54 KSA · REGULAR · signal     · INTWB-USD · brk ▲ 69 · 1d
16:54 KSA · REGULAR · signal     · INTWB-USD · meanRev ▼ 100 · 1d
16:54 KSA · REGULAR · signal     · INTWB-USD · sqzExp ▲ 100 · 1d
16:56 KSA · REGULAR · scanner    · بدء المسح · 1153 رمزاً · الجلسة REGULAR
16:56 KSA · REGULAR · signal     · MSFT · vwapRec ▼ 57 · 15m
16:56 KSA · REGULAR · signal     · BTC-USD · vwapRec ▲ 100 · 15m
16:56 KSA · REGULAR · signal     · AMGN · vwapRec ▲ 57 · 15m
16:56 KSA · REGULAR · signal     · MCHP · vwapRec ▼ 57 · 15m
16:56 KSA · REGULAR · signal     · XLM-USD · vwapRec ▲ 100 · 15m
16:58 KSA · REGULAR · scanner    · بدء المسح · 1153 رمزاً · الجلسة REGULAR
16:58 KSA · REGULAR · signal     · GE · vwapRec ▲ 79 · 15m
16:58 KSA · REGULAR · signal     · IBM · vwapRec ▼ 100 · 15m
16:58 KSA · REGULAR · signal     · BX · vwapRec ▼ 79 · 15m
16:58 KSA · REGULAR · signal     · CEG · meanRev ▼ 100 · 15m
16:58 KSA · REGULAR · signal     · COIN · vwapRec ▲ 79 · 15m
17:01 KSA · REGULAR · scanner    · بدء المسح · 1153 رمزاً · الجلسة REGULAR
17:01 KSA · REGULAR · signal     · DELL · meanRev ▼ 100 · 15m
17:01 KSA · REGULAR · signal     · HD · vwapRec ▼ 57 · 15m
17:01 KSA · REGULAR · signal     · RTX · brk ▼ 100 · 15m
17:01 KSA · REGULAR · signal     · GLW · vwapRec ▲ 57 · 15m
17:01 KSA · REGULAR · signal     · HWM · meanRev ▲ 100 · 15m
17:01 KSA · REGULAR · signal     · TRUMP-USD · orb ▲ 64 · 15m
17:01 KSA · REGULAR · signal     · RSG · meanRev ▲ 100 · 1d
17:04 KSA · REGULAR · scanner    · بدء المسح · 1153 رمزاً · الجلسة REGULAR
17:04 KSA · REGULAR · signal     · AAPL · vwapRec ▼ 68 · 15m
17:04 KSA · REGULAR · signal     · INTC · volSpike ▲ 94 · 15m
17:04 KSA · REGULAR · signal     · BAC · vwapRec ▼ 65 · 15m
17:04 KSA · REGULAR · signal     · DELL · orb ▲ 80 · 15m
17:04 KSA · REGULAR · signal     · AMAT · orb ▼ 80 · 15m
17:04 KSA · REGULAR · signal     · GE · volSpike ▼ 89 · 15m
17:04 KSA · REGULAR · signal     · RTX · orb ▼ 95 · 15m
17:04 KSA · REGULAR · signal     · KLAC · orb ▼ 90 · 15m
17:04 KSA · REGULAR · signal     · APH · orb ▼ 85 · 15m
17:04 KSA · REGULAR · signal     · TMUS · orb ▼ 80 · 15m
17:04 KSA · REGULAR · signal     · STX · vwapRec ▼ 83 · 15m
17:04 KSA · REGULAR · signal     · ABT · orb ▼ 80 · 15m
17:04 KSA · REGULAR · signal     · BLK · vwapRec ▼ 85 · 15m
17:04 KSA · REGULAR · signal     · UNP · orb ▼ 88 · 15m
17:04 KSA · REGULAR · signal     · ETN · volSpike ▼ 89 · 15m
17:04 KSA · REGULAR · signal     · DHR · vwapRec ▲ 85 · 15m
17:04 KSA · REGULAR · signal     · LMT · vwapRec ▼ 70 · 15m
17:04 KSA · REGULAR · signal     · PH · orb ▼ 100 · 15m
17:04 KSA · REGULAR · signal     · HOOD · vwapRec ▼ 73 · 15m
17:04 KSA · REGULAR · signal     · PWR · vwapRec ▼ 65 · 15m
17:04 KSA · REGULAR · signal     · VRT · orb ▼ 80 · 15m
17:04 KSA · REGULAR · signal     · VRT · vwapRec ▼ 75 · 15m
17:04 KSA · REGULAR · signal     · HWM · orb ▼ 85 · 15m
17:04 KSA · REGULAR · signal     · HWM · vwapRec ▼ 60 · 15m
17:04 KSA · REGULAR · signal     · HWM · brk ▼ 77 · 15m
17:04 KSA · REGULAR · signal     · CMCSA · volSpike ▼ 83 · 15m
17:04 KSA · REGULAR · signal     · MDLZ · brk ▼ 95 · 15m
17:04 KSA · REGULAR · signal     · MPWR · vwapRec ▼ 85 · 15m
17:04 KSA · REGULAR · signal     · FIX · vwapRec ▼ 75 · 15m
17:04 KSA · REGULAR · signal     · VST · orb ▼ 100 · 15m
17:04 KSA · REGULAR · signal     · VST · vwapRec ▼ 75 · 15m
17:04 KSA · REGULAR · signal     · LHX · orb ▼ 100 · 15m
17:04 KSA · REGULAR · signal     · ETHFI-USD · volSpike ▲ 89 · 15m
17:04 KSA · REGULAR · signal     · UNI-USD · orb ▼ 65 · 15m
17:04 KSA · REGULAR · signal     · UNI-USD · volSpike ▲ 67 · 15m
17:04 KSA · REGULAR · signal     · SUI-USD · orb ▼ 70 · 15m
17:04 KSA · REGULAR · signal     · SUI-USD · brk ▼ 55 · 15m
17:04 KSA · REGULAR · signal     · U-USD · orb ▼ 65 · 15m
17:04 KSA · REGULAR · signal     · U-USD · brk ▼ 57 · 15m
17:04 KSA · REGULAR · signal     · U-USD · meanRev ▲ 73 · 15m
17:04 KSA · REGULAR · signal     · TAO-USD · brk ▼ 64 · 15m
17:04 KSA · REGULAR · signal     · THE-USD · orb ▼ 55 · 15m
17:04 KSA · REGULAR · signal     · THE-USD · brk ▼ 55 · 15m
17:04 KSA · REGULAR · signal     · THE-USD · sqzExp ▼ 60 · 1h
17:04 KSA · REGULAR · signal     · TRUMP-USD · brk ▼ 73 · 15m
17:04 KSA · REGULAR · signal     · EUR-USD · brk ▼ 55 · 15m
17:04 KSA · REGULAR · signal     · PUMP-USD · volSpike ▲ 75 · 15m
17:04 KSA · REGULAR · signal     · BANK-USD · orb ▼ 80 · 15m
17:04 KSA · REGULAR · signal     · BANK-USD · brk ▼ 66 · 15m
17:04 KSA · REGULAR · signal     · TON-USD · brk ▼ 61 · 15m
17:04 KSA · REGULAR · signal     · SENT-USD · orb ▼ 55 · 15m
17:04 KSA · REGULAR · signal     · SENT-USD · sqzExp ▼ 95 · 1h
17:04 KSA · REGULAR · signal     · PENGU-USD · orb ▼ 73 · 15m
17:04 KSA · REGULAR · signal     · PENGU-USD · brk ▼ 64 · 15m
17:04 KSA · REGULAR · signal     · PENGU-USD · sqzExp ▼ 68 · 1h
17:04 KSA · REGULAR · signal     · WLFI-USD · orb ▼ 65 · 15m
17:04 KSA · REGULAR · signal     · ASTER-USD · orb ▼ 65 · 15m
17:04 KSA · REGULAR · signal     · ASTER-USD · brk ▼ 57 · 15m
17:04 KSA · REGULAR · signal     · APT-USD · brk ▼ 66 · 15m
17:08 KSA · REGULAR · scanner    · بدء المسح · 1153 رمزاً · الجلسة REGULAR
17:08 KSA · REGULAR · signal     · AVGO · vwapRec ▲ 57 · 15m
17:08 KSA · REGULAR · signal     · TSLA · orb ▲ 82 · 15m
17:08 KSA · REGULAR · signal     · BRK-B · orb ▼ 82 · 15m
17:08 KSA · REGULAR · signal     · JPM · orb ▼ 100 · 15m
17:08 KSA · REGULAR · signal     · ABBV · orb ▼ 100 · 15m
17:08 KSA · REGULAR · signal     · ABBV · brk ▼ 100 · 15m
17:08 KSA · REGULAR · signal     · CAT · orb ▼ 82 · 15m
17:08 KSA · REGULAR · signal     · NFLX · meanRev ▲ 100 · 15m
17:08 KSA · REGULAR · signal     · PM · orb ▼ 100 · 15m
17:08 KSA · REGULAR · signal     · CRWD · orb ▲ 64 · 15m
17:08 KSA · REGULAR · signal     · C · orb ▼ 100 · 15m
17:08 KSA · REGULAR · signal     · C · brk ▼ 69 · 15m
17:08 KSA · REGULAR · signal     · LIN · orb ▼ 82 · 15m
17:08 KSA · REGULAR · signal     · VZ · sqzExp ▼ 100 · 1h
17:08 KSA · REGULAR · signal     · DIS · orb ▼ 64 · 15m
17:08 KSA · REGULAR · signal     · GILD · orb ▼ 100 · 15m
17:08 KSA · REGULAR · signal     · SCHW · orb ▼ 64 · 15m
17:08 KSA · REGULAR · signal     · ADI · vwapRec ▲ 57 · 15m
17:08 KSA · REGULAR · signal     · T · sqzExp ▼ 100 · 1h
17:08 KSA · REGULAR · signal     · ETN · orb ▼ 100 · 15m
17:08 KSA · REGULAR · signal     · COP · vwapRec ▼ 57 · 15m
17:08 KSA · REGULAR · signal     · VRTX · orb ▼ 100 · 15m
17:08 KSA · REGULAR · signal     · VRTX · brk ▼ 100 · 15m
17:08 KSA · REGULAR · signal     · PWR · orb ▼ 86 · 15m
17:08 KSA · REGULAR · signal     · CEG · orb ▼ 100 · 15m
17:08 KSA · REGULAR · signal     · MDLZ · orb ▼ 82 · 15m
17:08 KSA · REGULAR · signal     · CMI · orb ▼ 82 · 15m
17:08 KSA · REGULAR · signal     · HON · orb ▼ 100 · 15m
17:08 KSA · REGULAR · signal     · FIX · orb ▼ 100 · 15m
17:08 KSA · REGULAR · signal     · NXPI · orb ▲ 100 · 15m
17:08 KSA · REGULAR · signal     · CIEN · vwapRec ▼ 79 · 15m
17:08 KSA · REGULAR · signal     · KMB · vwapRec ▲ 79 · 15m
17:08 KSA · REGULAR · signal     · UNI-USD · brk ▲ 73 · 15m
17:08 KSA · REGULAR · signal     · UNI-USD · meanRev ▼ 57 · 15m
17:08 KSA · REGULAR · signal     · TAO-USD · orb ▲ 93 · 15m
17:08 KSA · REGULAR · signal     · TAO-USD · vwapRec ▲ 78 · 15m
17:08 KSA · REGULAR · signal     · APT-USD · orb ▲ 80 · 15m
17:10 KSA · REGULAR · scanner    · بدء المسح · 1153 رمزاً · الجلسة REGULAR
17:10 KSA · REGULAR · signal     · NVDA · brk ▲ 100 · 15m
17:10 KSA · REGULAR · signal     · MU · vwapRec ▲ 100 · 15m
17:10 KSA · REGULAR · signal     · ORCL · vwapRec ▲ 79 · 15m
17:10 KSA · REGULAR · signal     · CRM · meanRev ▲ 100 · 15m
17:10 KSA · REGULAR · signal     · HON · brk ▼ 69 · 15m
17:10 KSA · REGULAR · signal     · MRNA · orb ▲ 82 · 15m
17:10 KSA · REGULAR · signal     · BSX · orb ▼ 82 · 15m
17:10 KSA · REGULAR · signal     · TER · vwapRec ▼ 100 · 15m
17:10 KSA · REGULAR · signal     · BCH-USD · brk ▲ 100 · 15m
17:10 KSA · REGULAR · signal     · DASH-USD · orb ▲ 64 · 15m
17:10 KSA · REGULAR · signal     · SUI-USD · meanRev ▼ 100 · 15m
17:10 KSA · REGULAR · signal     · TRUMP-USD · orb ▲ 100 · 15m
17:10 KSA · REGULAR · signal     · TRUMP-USD · vwapRec ▲ 100 · 15m
17:10 KSA · REGULAR · signal     · EUR-USD · brk ▲ 100 · 15m
17:13 KSA · REGULAR · scanner    · بدء المسح · 1153 رمزاً · الجلسة REGULAR
17:13 KSA · REGULAR · signal     · LLY · orb ▼ 80 · 15m
17:13 KSA · REGULAR · signal     · CAT · vwapRec ▼ 65 · 15m
17:13 KSA · REGULAR · signal     · UNP · vwapRec ▼ 57 · 15m
17:13 KSA · REGULAR · signal     · GLW · orb ▼ 80 · 15m
17:13 KSA · REGULAR · signal     · CEG · vwapRec ▼ 75 · 15m
17:13 KSA · REGULAR · signal     · CMI · vwapRec ▼ 68 · 15m
17:13 KSA · REGULAR · signal     · NSC · vwapRec ▼ 57 · 15m
17:13 KSA · REGULAR · signal     · CAKE-USD · tfAlign ▲ 95 · 1d
17:13 KSA · REGULAR · signal     · SNDKB-USD · vwapRec ▲ 63 · 15m
17:13 KSA · REGULAR · signal     · UNI-USD · orb ▼ 65 · 15m
17:13 KSA · REGULAR · signal     · SUI-USD · orb ▼ 70 · 15m
17:13 KSA · REGULAR · signal     · SUI-USD · brk ▼ 55 · 15m
17:13 KSA · REGULAR · signal     · U-USD · orb ▼ 65 · 15m
17:13 KSA · REGULAR · signal     · U-USD · brk ▼ 57 · 15m
17:13 KSA · REGULAR · signal     · U-USD · meanRev ▲ 65 · 15m
17:13 KSA · REGULAR · signal     · U-USD · tfAlign ▲ 95 · 1d
17:13 KSA · REGULAR · signal     · TAO-USD · brk ▼ 64 · 15m
17:13 KSA · REGULAR · signal     · THE-USD · orb ▼ 55 · 15m
17:13 KSA · REGULAR · signal     · THE-USD · brk ▼ 55 · 15m
17:13 KSA · REGULAR · signal     · THE-USD · sqzExp ▼ 60 · 1h
17:13 KSA · REGULAR · signal     · TRUMP-USD · brk ▼ 73 · 15m
17:13 KSA · REGULAR · signal     · BANK-USD · orb ▼ 80 · 15m
17:13 KSA · REGULAR · signal     · BANK-USD · brk ▼ 66 · 15m
17:13 KSA · REGULAR · signal     · TON-USD · brk ▼ 61 · 15m
17:13 KSA · REGULAR · signal     · SENT-USD · orb ▼ 55 · 15m
17:13 KSA · REGULAR · signal     · SENT-USD · sqzExp ▼ 95 · 1h
17:13 KSA · REGULAR · signal     · PENGU-USD · orb ▼ 73 · 15m
17:13 KSA · REGULAR · signal     · PENGU-USD · brk ▼ 64 · 15m
17:13 KSA · REGULAR · signal     · PENGU-USD · sqzExp ▼ 68 · 1h
17:13 KSA · REGULAR · signal     · WLFI-USD · orb ▼ 65 · 15m
17:13 KSA · REGULAR · signal     · ASTER-USD · orb ▼ 65 · 15m
17:13 KSA · REGULAR · signal     · ASTER-USD · brk ▼ 57 · 15m
17:13 KSA · REGULAR · signal     · APT-USD · brk ▼ 66 · 15m
17:14 KSA · REGULAR · scanner    · بدء المسح · 1153 رمزاً · الجلسة REGULAR
17:14 KSA · REGULAR · signal     · CRWD · brk ▲ 100 · 15m
17:14 KSA · REGULAR · signal     · TMUS · meanRev ▲ 100 · 15m
17:14 KSA · REGULAR · signal     · TJX · orb ▲ 100 · 15m
17:14 KSA · REGULAR · signal     · HON · pbTrend ▼ 57 · 1h
17:14 KSA · REGULAR · signal     · TER · brk ▲ 69 · 15m
17:14 KSA · REGULAR · signal     · SWKS · brk ▲ 69 · 15m
17:14 KSA · REGULAR · signal     · ENA-USD · orb ▲ 100 · 15m
17:14 KSA · REGULAR · signal     · SPCXB-USD · brk ▲ 81 · 15m
17:14 KSA · REGULAR · signal     · SPCXB-USD · sqzExp ▲ 100 · 1h
17:14 KSA · REGULAR · signal     · MUB-USD · meanRev ▼ 100 · 15m
17:14 KSA · REGULAR · signal     · SOXLB-USD · sqzExp ▲ 100 · 1h
17:14 KSA · REGULAR · signal     · UNI-USD · brk ▲ 66 · 15m
17:14 KSA · REGULAR · signal     · TAO-USD · orb ▲ 85 · 15m
17:14 KSA · REGULAR · signal     · TRUMP-USD · orb ▲ 100 · 15m
17:14 KSA · REGULAR · signal     · TRUMP-USD · vwapRec ▲ 60 · 15m
17:14 KSA · REGULAR · signal     · APT-USD · orb ▲ 80 · 15m
17:16 KSA · REGULAR · scanner    · بدء المسح · 1153 رمزاً · الجلسة REGULAR
17:16 KSA · REGULAR · signal     · BX · orb ▼ 64 · 15m
17:16 KSA · REGULAR · signal     · FTNT · brk ▲ 69 · 15m
17:18 KSA · REGULAR · scanner    · بدء المسح · 1153 رمزاً · الجلسة REGULAR
17:18 KSA · REGULAR · signal     · ORCL · orb ▲ 82 · 15m
17:18 KSA · REGULAR · signal     · FTNT · orb ▲ 100 · 15m
17:18 KSA · REGULAR · signal     · LMT · pbTrend ▼ 57 · 1h
17:18 KSA · REGULAR · signal     · SYK · orb ▼ 100 · 15m
17:18 KSA · REGULAR · signal     · EBAY · brk ▲ 69 · 1d
17:18 KSA · REGULAR · signal     · SOMI-USD · meanRev ▼ 100 · 1d
17:20 KSA · REGULAR · scanner    · بدء المسح · 1153 رمزاً · الجلسة REGULAR
17:20 KSA · REGULAR · signal     · CSCO · brk ▲ 100 · 15m
17:20 KSA · REGULAR · signal     · DDOG · orb ▲ 82 · 15m
17:20 KSA · REGULAR · signal     · DDOG · brk ▲ 69 · 15m
17:20 KSA · REGULAR · signal     · THE-USD · vwapRec ▼ 100 · 15m
17:23 KSA · REGULAR · scanner    · بدء المسح · 1153 رمزاً · الجلسة REGULAR
17:23 KSA · REGULAR · signal     · NVDA · momo ▲ 100 · 1h
17:23 KSA · REGULAR · signal     · NVDA · tfAlign ▲ 63 · 1d
17:23 KSA · REGULAR · signal     · AMZN · vwapRec ▲ 60 · 15m
17:23 KSA · REGULAR · signal     · AVGO · pbTrend ▼ 81 · 1h
17:23 KSA · REGULAR · signal     · TSLA · momo ▲ 78 · 1h
17:23 KSA · REGULAR · signal     · MU · tfAlign ▲ 82 · 1d
17:23 KSA · REGULAR · signal     · BRK-B · pbTrend ▲ 67 · 1h
17:23 KSA · REGULAR · signal     · BRK-B · momo ▼ 83 · 1h
17:23 KSA · REGULAR · signal     · JPM · momo ▼ 69 · 1h
17:23 KSA · REGULAR · signal     · AMD · momo ▲ 100 · 1h
17:23 KSA · REGULAR · signal     · ORCL · pbTrend ▼ 67 · 1h
17:23 KSA · REGULAR · signal     · CSCO · volSpike ▲ 89 · 15m
17:23 KSA · REGULAR · signal     · DELL · momo ▲ 92 · 1h
17:23 KSA · REGULAR · signal     · CAT · pbTrend ▼ 57 · 1h
17:23 KSA · REGULAR · signal     · CAT · momo ▲ 100 · 1h
17:23 KSA · REGULAR · signal     · AMAT · rsiDiv ▲ 56 · 1h
17:23 KSA · REGULAR · signal     · GE · momo ▲ 64 · 1h
17:23 KSA · REGULAR · signal     · MS · momo ▼ 75 · 1h
17:23 KSA · REGULAR · signal     · ETH-USD · tfAlign ▲ 100 · 1d
17:23 KSA · REGULAR · signal     · RTX · volSpike ▼ 67 · 15m
17:23 KSA · REGULAR · signal     · RTX · momo ▼ 78 · 1h
17:23 KSA · REGULAR · signal     · RTX · tfAlign ▼ 76 · 1d
17:23 KSA · REGULAR · signal     · CRWD · rsiDiv ▲ 61 · 15m
17:23 KSA · REGULAR · signal     · TMO · rsiDiv ▼ 89 · 15m
17:23 KSA · REGULAR · signal     · SNDK · volSpike ▼ 67 · 15m
17:23 KSA · REGULAR · signal     · KLAC · volSpike ▲ 56 · 15m
17:23 KSA · REGULAR · signal     · C · momo ▼ 64 · 1h
17:23 KSA · REGULAR · signal     · MRVL · momo ▲ 89 · 1h
17:23 KSA · REGULAR · signal     · LIN · momo ▼ 92 · 1h
17:23 KSA · REGULAR · signal     · AMGN · momo ▲ 64 · 1h
17:23 KSA · REGULAR · signal     · VZ · momo ▼ 81 · 1h
17:23 KSA · REGULAR · signal     · CRM · momo ▼ 72 · 1h
17:23 KSA · REGULAR · signal     · SCHW · momo ▼ 81 · 1h
17:23 KSA · REGULAR · signal     · ADI · momo ▲ 69 · 1h
17:23 KSA · REGULAR · signal     · ABT · momo ▼ 78 · 1h
17:23 KSA · REGULAR · signal     · ETN · momo ▲ 100 · 1h
17:23 KSA · REGULAR · signal     · COP · rsiDiv ▲ 61 · 15m
17:23 KSA · REGULAR · signal     · PFE · momo ▲ 67 · 1h
17:23 KSA · REGULAR · signal     · WDC · momo ▲ 56 · 1h
17:23 KSA · REGULAR · signal     · NEM · tfAlign ▲ 66 · 1d
17:23 KSA · REGULAR · signal     · GLW · pbTrend ▼ 71 · 1h
17:23 KSA · REGULAR · signal     · BKNG · momo ▼ 83 · 1h
17:23 KSA · REGULAR · signal     · ACN · rsiDiv ▲ 86 · 15m
17:23 KSA · REGULAR · signal     · LOW · rsiDiv ▼ 58 · 15m
17:23 KSA · REGULAR · signal     · SYK · momo ▼ 61 · 1h
17:23 KSA · REGULAR · signal     · APP · rsiDiv ▼ 61 · 15m
17:23 KSA · REGULAR · signal     · APP · momo ▼ 94 · 1h
17:23 KSA · REGULAR · signal     · APP · tfAlign ▼ 95 · 1d
17:23 KSA · REGULAR · signal     · VRT · momo ▲ 64 · 1h
17:23 KSA · REGULAR · signal     · DDOG · rsiDiv ▲ 56 · 15m
17:23 KSA · REGULAR · signal     · INTU · rsiDiv ▲ 67 · 15m
17:23 KSA · REGULAR · signal     · CMCSA · momo ▼ 89 · 1h
17:23 KSA · REGULAR · signal     · HPE · momo ▲ 83 · 1h
17:23 KSA · REGULAR · signal     · MDLZ · momo ▼ 64 · 1h
17:23 KSA · REGULAR · signal     · SHW · rsiDiv ▼ 58 · 15m
17:23 KSA · REGULAR · signal     · NSC · rsiDiv ▲ 61 · 1h
17:23 KSA · REGULAR · signal     · HON · rsiDiv ▼ 72 · 15m
17:23 KSA · REGULAR · signal     · MRNA · momo ▲ 83 · 1h
17:23 KSA · REGULAR · signal     · BSX · momo ▼ 86 · 1h
17:23 KSA · REGULAR · signal     · FIX · volSpike ▼ 56 · 15m
17:23 KSA · REGULAR · signal     · TER · momo ▲ 100 · 1h
17:23 KSA · REGULAR · signal     · HONA · volSpike ▲ 89 · 15m
17:23 KSA · REGULAR · signal     · SMCI · tfAlign ▲ 92 · 1d
17:23 KSA · REGULAR · signal     · ZEC-USD · volSpike ▲ 72 · 15m
17:23 KSA · REGULAR · signal     · ADA-USD · volSpike ▲ 72 · 15m
17:23 KSA · REGULAR · signal     · BCH-USD · momo ▲ 72 · 1h
17:23 KSA · REGULAR · signal     · AAVE-USD · tfAlign ▲ 79 · 1d
17:23 KSA · REGULAR · signal     · XPL-USD · rsiDiv ▼ 78 · 1h
17:23 KSA · REGULAR · signal     · SPCXB-USD · vwapRec ▲ 65 · 15m
17:23 KSA · REGULAR · signal     · UNI-USD · orb ▼ 65 · 15m
17:23 KSA · REGULAR · signal     · SUI-USD · orb ▼ 85 · 15m
17:23 KSA · REGULAR · signal     · SUI-USD · brk ▼ 73 · 15m
17:23 KSA · REGULAR · signal     · U-USD · orb ▼ 65 · 15m
17:23 KSA · REGULAR · signal     · U-USD · meanRev ▲ 60 · 15m
17:23 KSA · REGULAR · signal     · U-USD · volSpike ▲ 72 · 15m
17:23 KSA · REGULAR · signal     · PEPE-USD · volSpike ▲ 78 · 15m
17:23 KSA · REGULAR · signal     · PEPE-USD · tfAlign ▲ 71 · 1d
17:23 KSA · REGULAR · signal     · TAO-USD · brk ▼ 73 · 15m
17:23 KSA · REGULAR · signal     · THE-USD · orb ▼ 55 · 15m
17:23 KSA · REGULAR · signal     · THE-USD · brk ▼ 55 · 15m
17:23 KSA · REGULAR · signal     · THE-USD · sqzExp ▼ 60 · 1h
17:23 KSA · REGULAR · signal     · TRUMP-USD · brk ▼ 73 · 15m
17:23 KSA · REGULAR · signal     · EUR-USD · brk ▼ 66 · 15m
17:23 KSA · REGULAR · signal     · ARB-USD · brk ▼ 59 · 15m
17:23 KSA · REGULAR · signal     · BANK-USD · orb ▼ 80 · 15m
17:23 KSA · REGULAR · signal     · BANK-USD · brk ▼ 66 · 15m
17:23 KSA · REGULAR · signal     · BANK-USD · sqzExp ▼ 90 · 1h
17:23 KSA · REGULAR · signal     · BANK-USD · volSpike ▲ 56 · 15m
17:23 KSA · REGULAR · signal     · BANK-USD · momo ▲ 56 · 1h
17:23 KSA · REGULAR · signal     · TON-USD · brk ▼ 61 · 15m
17:23 KSA · REGULAR · signal     · SENT-USD · orb ▼ 55 · 15m
17:23 KSA · REGULAR · signal     · SENT-USD · sqzExp ▼ 95 · 1h
17:23 KSA · REGULAR · signal     · PENGU-USD · orb ▼ 73 · 15m
17:23 KSA · REGULAR · signal     · PENGU-USD · brk ▼ 55 · 15m
17:23 KSA · REGULAR · signal     · WLFI-USD · orb ▼ 73 · 15m
17:23 KSA · REGULAR · signal     · ASTER-USD · orb ▼ 65 · 15m
17:23 KSA · REGULAR · signal     · APT-USD · brk ▼ 66 · 15m
17:25 KSA · REGULAR · scanner    · بدء المسح · 1153 رمزاً · الجلسة REGULAR
17:25 KSA · REGULAR · signal     · GOOGL · vwapRec ▲ 79 · 15m
17:25 KSA · REGULAR · signal     · PEP · orb ▼ 82 · 15m
17:25 KSA · REGULAR · signal     · ABT · meanRev ▲ 100 · 15m
17:25 KSA · REGULAR · signal     · BA · vwapRec ▼ 79 · 15m
17:25 KSA · REGULAR · signal     · PFE · vwapRec ▲ 79 · 15m
17:25 KSA · REGULAR · signal     · BNB-USD · vwapRec ▲ 57 · 15m
17:25 KSA · REGULAR · signal     · KVUE · vwapRec ▼ 79 · 15m
17:25 KSA · REGULAR · signal     · DOGE-USD · meanRev ▼ 100 · 15m
17:25 KSA · REGULAR · signal     · ADA-USD · brk ▲ 100 · 15m
17:25 KSA · REGULAR · signal     · INJ-USD · meanRev ▼ 100 · 15m
17:25 KSA · REGULAR · signal     · UNI-USD · brk ▲ 73 · 15m
17:25 KSA · REGULAR · signal     · SUI-USD · meanRev ▼ 55 · 15m
17:25 KSA · REGULAR · signal     · TAO-USD · orb ▲ 93 · 15m
17:25 KSA · REGULAR · signal     · TRUMP-USD · orb ▲ 93 · 15m
17:25 KSA · REGULAR · signal     · TRUMP-USD · vwapRec ▲ 60 · 15m
17:25 KSA · REGULAR · signal     · APT-USD · orb ▲ 80 · 15m
17:25 KSA · REGULAR · signal     · COTI-USD · meanRev ▼ 100 · 1d
17:26 KSA · REGULAR · scanner    · بدء المسح · 1153 رمزاً · الجلسة REGULAR
17:26 KSA · REGULAR · signal     · AVGO · meanRev ▼ 100 · 15m
17:26 KSA · REGULAR · signal     · MA · vwapRec ▲ 80 · 15m
17:26 KSA · REGULAR · signal     · ABBV · vwapRec ▲ 68 · 15m
17:26 KSA · REGULAR · signal     · PGR · vwapRec ▼ 100 · 15m
17:26 KSA · REGULAR · signal     · ADP · orb ▲ 82 · 15m
17:26 KSA · REGULAR · signal     · APP · vwapRec ▼ 100 · 15m
17:26 KSA · REGULAR · signal     · CMCSA · meanRev ▲ 100 · 15m
17:26 KSA · REGULAR · signal     · ONDO-USD · brk ▲ 69 · 15m
17:26 KSA · REGULAR · signal     · U-USD · pbTrend ▲ 79 · 1h
17:26 KSA · REGULAR · signal     · BANK-USD · meanRev ▼ 100 · 15m
17:26 KSA · REGULAR · signal     · FDXF · meanRev ▲ 100 · 1d
17:28 KSA · REGULAR · scanner    · بدء المسح · 1153 رمزاً · الجلسة REGULAR
17:28 KSA · REGULAR · signal     · WMT · meanRev ▲ 100 · 15m
17:28 KSA · REGULAR · signal     · INTC · orb ▲ 82 · 15m
17:28 KSA · REGULAR · signal     · DE · brk ▲ 69 · 15m
17:28 KSA · REGULAR · signal     · SPCXB-USD · brk ▲ 100 · 15m
17:30 KSA · REGULAR · scanner    · بدء المسح · 1153 رمزاً · الجلسة REGULAR
17:30 KSA · REGULAR · signal     · WMT · orb ▼ 82 · 15m
17:30 KSA · REGULAR · signal     · TMUS · sqzExp ▼ 100 · 1h
17:30 KSA · REGULAR · signal     · UNP · brk ▼ 69 · 15m
17:30 KSA · REGULAR · signal     · TAO-USD · brk ▲ 69 · 15m
17:33 KSA · REGULAR · scanner    · بدء المسح · 1153 رمزاً · الجلسة REGULAR
17:33 KSA · REGULAR · signal     · WMT · sqzExp ▼ 80 · 1h
17:33 KSA · REGULAR · signal     · AMAT · vwapRec ▼ 57 · 15m
17:33 KSA · REGULAR · signal     · PANW · vwapRec ▲ 65 · 15m
17:33 KSA · REGULAR · signal     · TXN · vwapRec ▼ 65 · 15m
17:33 KSA · REGULAR · signal     · KLAC · vwapRec ▼ 75 · 15m
17:33 KSA · REGULAR · signal     · AMGN · rsiDiv ▼ 69 · 15m
17:33 KSA · REGULAR · signal     · TMUS · volSpike ▼ 78 · 15m
17:33 KSA · REGULAR · signal     · LOW · vwapRec ▼ 78 · 15m
17:33 KSA · REGULAR · signal     · MDLZ · sqzExp ▼ 65 · 1h
17:33 KSA · REGULAR · signal     · AON · rsiDiv ▲ 61 · 15m
17:33 KSA · REGULAR · signal     · COHR · rsiDiv ▼ 78 · 15m
17:33 KSA · REGULAR · signal     · SMCI · volSpike ▲ 83 · 15m
17:33 KSA · REGULAR · signal     · LINK-USD · volSpike ▲ 78 · 15m
17:33 KSA · REGULAR · signal     · ICP-USD · volSpike ▲ 78 · 15m
17:33 KSA · REGULAR · signal     · CVC-USD · volSpike ▲ 83 · 15m
17:33 KSA · REGULAR · signal     · SNXXB-USD · volSpike ▼ 89 · 15m
17:33 KSA · REGULAR · signal     · UNI-USD · orb ▼ 65 · 15m
17:33 KSA · REGULAR · signal     · SUI-USD · orb ▼ 85 · 15m
17:33 KSA · REGULAR · signal     · SUI-USD · brk ▼ 64 · 15m
17:33 KSA · REGULAR · signal     · U-USD · orb ▼ 65 · 15m
17:33 KSA · REGULAR · signal     · U-USD · brk ▼ 57 · 15m
17:33 KSA · REGULAR · signal     · U-USD · meanRev ▲ 65 · 15m
17:33 KSA · REGULAR · signal     · U-USD · tfAlign ▲ 79 · 1d
17:33 KSA · REGULAR · signal     · THE-USD · orb ▼ 55 · 15m
17:33 KSA · REGULAR · signal     · THE-USD · sqzExp ▼ 60 · 1h
17:33 KSA · REGULAR · signal     · TRUMP-USD · brk ▼ 73 · 15m
17:33 KSA · REGULAR · signal     · EUR-USD · brk ▼ 61 · 15m
17:33 KSA · REGULAR · signal     · ARB-USD · brk ▼ 66 · 15m
17:33 KSA · REGULAR · signal     · BANK-USD · orb ▼ 80 · 15m
17:33 KSA · REGULAR · signal     · BANK-USD · brk ▼ 66 · 15m
17:33 KSA · REGULAR · signal     · BANK-USD · sqzExp ▼ 90 · 1h
17:33 KSA · REGULAR · signal     · TON-USD · brk ▼ 61 · 15m
17:33 KSA · REGULAR · signal     · SENT-USD · orb ▼ 63 · 15m
17:33 KSA · REGULAR · signal     · SENT-USD · sqzExp ▼ 95 · 1h
17:33 KSA · REGULAR · signal     · PENGU-USD · orb ▼ 73 · 15m
17:33 KSA · REGULAR · signal     · PENGU-USD · brk ▼ 64 · 15m
17:33 KSA · REGULAR · signal     · WLFI-USD · orb ▼ 80 · 15m
17:33 KSA · REGULAR · signal     · APT-USD · brk ▼ 66 · 15m
17:34 KSA · REGULAR · scanner    · بدء المسح · 1153 رمزاً · الجلسة REGULAR
17:34 KSA · REGULAR · signal     · PG · orb ▼ 82 · 15m
17:34 KSA · REGULAR · signal     · NSC · orb ▼ 100 · 15m
17:34 KSA · REGULAR · signal     · SOL-USD · brk ▲ 69 · 15m
17:34 KSA · REGULAR · signal     · MPWR · orb ▼ 64 · 15m
17:34 KSA · REGULAR · signal     · NKE · vwapRec ▲ 100 · 15m
17:34 KSA · REGULAR · signal     · UNI-USD · brk ▲ 73 · 15m
17:34 KSA · REGULAR · signal     · TAO-USD · orb ▲ 93 · 15m
17:34 KSA · REGULAR · signal     · TAO-USD · vwapRec ▲ 60 · 15m
17:34 KSA · REGULAR · signal     · TRUMP-USD · orb ▲ 93 · 15m
17:34 KSA · REGULAR · signal     · TRUMP-USD · vwapRec ▲ 60 · 15m
17:34 KSA · REGULAR · signal     · APT-USD · orb ▲ 80 · 15m
17:38 KSA · REGULAR · scanner    · بدء المسح · 1153 رمزاً · الجلسة REGULAR
17:38 KSA · REGULAR · signal     · SNDK · vwapRec ▲ 60 · 15m
17:38 KSA · REGULAR · signal     · HPE · meanRev ▼ 100 · 15m
17:38 KSA · REGULAR · signal     · AON · orb ▼ 82 · 15m
17:38 KSA · REGULAR · signal     · SMCI · sqzExp ▲ 100 · 1h
17:40 KSA · REGULAR · scanner    · بدء المسح · 1153 رمزاً · الجلسة REGULAR
17:40 KSA · REGULAR · signal     · PGR · orb ▼ 100 · 15m
17:40 KSA · REGULAR · signal     · KKR · orb ▼ 82 · 15m
17:40 KSA · REGULAR · signal     · ADSK · orb ▼ 64 · 15m
17:40 KSA · REGULAR · signal     · MCHP · vwapRec ▼ 79 · 15m
17:40 KSA · REGULAR · signal     · KVUE · orb ▼ 82 · 15m
17:40 KSA · REGULAR · signal     · SNXXB-USD · meanRev ▼ 100 · 15m
17:40 KSA · REGULAR · signal     · WLFI-USD · orb ▼ 82 · 15m
17:43 KSA · REGULAR · scanner    · بدء المسح · 1153 رمزاً · الجلسة REGULAR
17:43 KSA · REGULAR · signal     · MSFT · tfAlign ▲ 84 · 1d
17:43 KSA · REGULAR · signal     · JNJ · tfAlign ▲ 66 · 1d
17:43 KSA · REGULAR · signal     · SNDK · tfAlign ▲ 68 · 1d
17:43 KSA · REGULAR · signal     · GRAM-USD · vwapRec ▲ 57 · 15m
17:43 KSA · REGULAR · signal     · UNI-USD · orb ▼ 65 · 15m
17:43 KSA · REGULAR · signal     · SUI-USD · orb ▼ 85 · 15m
17:43 KSA · REGULAR · signal     · SUI-USD · brk ▼ 64 · 15m
17:43 KSA · REGULAR · signal     · U-USD · orb ▼ 65 · 15m
17:43 KSA · REGULAR · signal     · U-USD · brk ▼ 57 · 15m
17:43 KSA · REGULAR · signal     · U-USD · meanRev ▲ 57 · 15m
17:43 KSA · REGULAR · signal     · TAO-USD · brk ▼ 73 · 15m
17:43 KSA · REGULAR · signal     · THE-USD · orb ▼ 55 · 15m
17:43 KSA · REGULAR · signal     · THE-USD · sqzExp ▼ 60 · 1h
17:43 KSA · REGULAR · signal     · TRUMP-USD · brk ▼ 73 · 15m
17:43 KSA · REGULAR · signal     · EUR-USD · brk ▼ 61 · 15m
17:43 KSA · REGULAR · signal     · ARB-USD · brk ▼ 66 · 15m
17:43 KSA · REGULAR · signal     · BANK-USD · orb ▼ 80 · 15m
17:43 KSA · REGULAR · signal     · BANK-USD · brk ▼ 66 · 15m
17:43 KSA · REGULAR · signal     · BANK-USD · sqzExp ▼ 90 · 1h
17:43 KSA · REGULAR · signal     · TON-USD · brk ▼ 61 · 15m
17:43 KSA · REGULAR · signal     · SENT-USD · orb ▼ 63 · 15m
17:43 KSA · REGULAR · signal     · SENT-USD · sqzExp ▼ 95 · 1h
17:43 KSA · REGULAR · signal     · PENGU-USD · orb ▼ 73 · 15m
17:43 KSA · REGULAR · signal     · PENGU-USD · brk ▼ 64 · 15m
17:43 KSA · REGULAR · signal     · APT-USD · brk ▼ 66 · 15m
17:44 KSA · REGULAR · scanner    · بدء المسح · 1153 رمزاً · الجلسة REGULAR
17:44 KSA · REGULAR · signal     · QCOM · vwapRec ▼ 57 · 15m
17:44 KSA · REGULAR · signal     · APH · vwapRec ▲ 100 · 15m
17:44 KSA · REGULAR · signal     · PSX · orb ▲ 82 · 15m
17:44 KSA · REGULAR · signal     · PSX · brk ▲ 100 · 15m
17:44 KSA · REGULAR · signal     · TAO-USD · orb ▲ 100 · 15m
17:44 KSA · REGULAR · signal     · TAO-USD · vwapRec ▲ 68 · 15m
17:44 KSA · REGULAR · signal     · TRUMP-USD · orb ▲ 100 · 15m
17:44 KSA · REGULAR · signal     · TRUMP-USD · vwapRec ▲ 85 · 15m
17:44 KSA · REGULAR · signal     · APT-USD · orb ▲ 80 · 15m
17:46 KSA · REGULAR · scanner    · بدء المسح · 1153 رمزاً · الجلسة REGULAR
17:46 KSA · REGULAR · signal     · GILD · vwapRec ▼ 100 · 15m
17:46 KSA · REGULAR · signal     · FCX · vwapRec ▲ 79 · 15m
17:46 KSA · REGULAR · signal     · LITE · vwapRec ▼ 100 · 15m
17:46 KSA · REGULAR · signal     · SPCXB-USD · vwapRec ▲ 100 · 15m
17:46 KSA · REGULAR · signal     · UNI-USD · brk ▲ 69 · 15m
17:48 KSA · REGULAR · scanner    · بدء المسح · 1153 رمزاً · الجلسة REGULAR
17:48 KSA · REGULAR · signal     · AAPL · vwapRec ▼ 100 · 15m
17:48 KSA · REGULAR · signal     · ETN · vwapRec ▼ 100 · 15m
17:48 KSA · REGULAR · signal     · MPC · orb ▲ 82 · 15m
17:48 KSA · REGULAR · signal     · SYK · brk ▼ 69 · 15m
17:48 KSA · REGULAR · signal     · APP · orb ▼ 64 · 15m
17:48 KSA · REGULAR · signal     · VRT · pbTrend ▼ 100 · 1h
17:48 KSA · REGULAR · signal     · RAY-USD · brk ▲ 69 · 15m
17:50 KSA · REGULAR · scanner    · بدء المسح · 1153 رمزاً · الجلسة REGULAR
17:50 KSA · REGULAR · signal     · AMGN · orb ▲ 82 · 15m
17:50 KSA · REGULAR · signal     · AMGN · brk ▲ 100 · 15m
17:50 KSA · REGULAR · signal     · SHW · orb ▼ 82 · 15m
17:52 KSA · REGULAR · scanner    · بدء المسح · 1153 رمزاً · الجلسة REGULAR
17:52 KSA · REGULAR · signal     · MRK · tfAlign ▲ 61 · 1d
17:52 KSA · REGULAR · signal     · LRCX · vwapRec ▼ 63 · 15m
17:52 KSA · REGULAR · signal     · WFC · rsiDiv ▲ 72 · 15m
17:52 KSA · REGULAR · signal     · C · rsiDiv ▲ 72 · 15m
17:52 KSA · REGULAR · signal     · SCHW · rsiDiv ▲ 72 · 15m
17:52 KSA · REGULAR · signal     · ADI · orb ▼ 65 · 15m
17:52 KSA · REGULAR · signal     · VRTX · rsiDiv ▲ 89 · 15m
17:52 KSA · REGULAR · signal     · BKNG · rsiDiv ▲ 61 · 15m
17:52 KSA · REGULAR · signal     · PWR · brk ▼ 61 · 15m
17:52 KSA · REGULAR · signal     · HBAR-USD · volSpike ▲ 89 · 15m
17:52 KSA · REGULAR · signal     · ICP-USD · vwapRec ▼ 100 · 15m
17:52 KSA · REGULAR · signal     · ARK-USD · sqzExp ▼ 60 · 1h
17:52 KSA · REGULAR · signal     · SNXXB-USD · volSpike ▲ 78 · 15m
17:52 KSA · REGULAR · signal     · UNI-USD · orb ▼ 65 · 15m
17:52 KSA · REGULAR · signal     · SUI-USD · orb ▼ 78 · 15m
17:52 KSA · REGULAR · signal     · SUI-USD · brk ▼ 68 · 15m
17:52 KSA · REGULAR · signal     · U-USD · orb ▼ 65 · 15m
17:52 KSA · REGULAR · signal     · U-USD · brk ▼ 64 · 15m
17:52 KSA · REGULAR · signal     · U-USD · meanRev ▲ 57 · 15m
17:52 KSA · REGULAR · signal     · U-USD · rsiDiv ▲ 78 · 15m
17:52 KSA · REGULAR · signal     · PEPE-USD · volSpike ▼ 56 · 15m
17:52 KSA · REGULAR · signal     · TAO-USD · brk ▼ 86 · 15m
17:52 KSA · REGULAR · signal     · THE-USD · orb ▼ 55 · 15m
17:52 KSA · REGULAR · signal     · THE-USD · brk ▼ 55 · 15m
17:52 KSA · REGULAR · signal     · THE-USD · sqzExp ▼ 60 · 1h
17:52 KSA · REGULAR · signal     · TRUMP-USD · brk ▼ 77 · 15m
17:52 KSA · REGULAR · signal     · ARB-USD · brk ▼ 64 · 15m
17:52 KSA · REGULAR · signal     · BANK-USD · orb ▼ 80 · 15m
17:52 KSA · REGULAR · signal     · BANK-USD · brk ▼ 80 · 15m
17:52 KSA · REGULAR · signal     · BANK-USD · sqzExp ▼ 90 · 1h
17:52 KSA · REGULAR · signal     · BANK-USD · volSpike ▼ 67 · 15m
17:52 KSA · REGULAR · signal     · TON-USD · brk ▼ 61 · 15m
17:52 KSA · REGULAR · signal     · SENT-USD · orb ▼ 55 · 15m
17:52 KSA · REGULAR · signal     · SENT-USD · brk ▼ 55 · 15m
17:52 KSA · REGULAR · signal     · SENT-USD · sqzExp ▼ 95 · 1h
17:52 KSA · REGULAR · signal     · PENGU-USD · orb ▼ 73 · 15m
17:52 KSA · REGULAR · signal     · PENGU-USD · brk ▼ 68 · 15m
17:52 KSA · REGULAR · signal     · ASTER-USD · orb ▼ 57 · 15m
17:52 KSA · REGULAR · signal     · ASTER-USD · brk ▼ 64 · 15m
17:52 KSA · REGULAR · signal     · APT-USD · brk ▼ 70 · 15m
17:54 KSA · REGULAR · scanner    · بدء المسح · 1153 رمزاً · الجلسة REGULAR
17:54 KSA · REGULAR · signal     · TMO · vwapRec ▲ 79 · 15m
17:54 KSA · REGULAR · signal     · PEP · meanRev ▲ 100 · 15m
17:54 KSA · REGULAR · signal     · BLK · orb ▼ 64 · 15m
17:54 KSA · REGULAR · signal     · CB · orb ▼ 82 · 15m
17:54 KSA · REGULAR · signal     · PWR · meanRev ▲ 100 · 15m
17:54 KSA · REGULAR · signal     · U-USD · vwapRec ▲ 57 · 15m
17:54 KSA · REGULAR · signal     · TAO-USD · orb ▲ 100 · 15m
17:54 KSA · REGULAR · signal     · TAO-USD · vwapRec ▲ 85 · 15m
17:54 KSA · REGULAR · signal     · TRUMP-USD · orb ▲ 80 · 15m
17:54 KSA · REGULAR · signal     · TRUMP-USD · vwapRec ▲ 85 · 15m
17:54 KSA · REGULAR · signal     · APT-USD · orb ▲ 73 · 15m
17:56 KSA · REGULAR · scanner    · بدء المسح · 1153 رمزاً · الجلسة REGULAR
17:56 KSA · REGULAR · signal     · AMD · orb ▲ 64 · 15m
17:56 KSA · REGULAR · signal     · HD · orb ▼ 82 · 15m
17:56 KSA · REGULAR · signal     · LIN · meanRev ▲ 100 · 15m
17:56 KSA · REGULAR · signal     · UNP · sqzExp ▼ 100 · 1h
17:56 KSA · REGULAR · signal     · LMT · brk ▼ 100 · 15m
17:56 KSA · REGULAR · signal     · LOW · orb ▼ 82 · 15m
17:58 KSA · REGULAR · scanner    · بدء المسح · 1153 رمزاً · الجلسة REGULAR
17:58 KSA · REGULAR · signal     · MSTRB-USD · vwapRec ▲ 100 · 15m
17:58 KSA · REGULAR · signal     · THE-USD · vwapRec ▼ 100 · 15m
18:00 KSA · REGULAR · scanner    · بدء المسح · 1153 رمزاً · الجلسة REGULAR
18:03 KSA · REGULAR · scanner    · بدء المسح · 1153 رمزاً · الجلسة REGULAR
18:03 KSA · REGULAR · signal     · BNB-USD · orb ▼ 63 · 15m
18:03 KSA · REGULAR · signal     · HONA · volSpike ▲ 78 · 15m
18:03 KSA · REGULAR · signal     · XLM-USD · rsiDiv ▼ 83 · 15m
18:03 KSA · REGULAR · signal     · FET-USD · rsiDiv ▼ 72 · 15m
18:03 KSA · REGULAR · signal     · MUB-USD · tfAlign ▲ 61 · 1d
18:03 KSA · REGULAR · signal     · UNI-USD · orb ▼ 65 · 15m
18:03 KSA · REGULAR · signal     · UNI-USD · brk ▼ 73 · 15m
18:03 KSA · REGULAR · signal     · SUI-USD · orb ▼ 85 · 15m
18:03 KSA · REGULAR · signal     · SUI-USD · brk ▼ 86 · 15m
18:03 KSA · REGULAR · signal     · U-USD · orb ▼ 65 · 15m
18:03 KSA · REGULAR · signal     · U-USD · brk ▼ 57 · 15m
18:03 KSA · REGULAR · signal     · U-USD · meanRev ▲ 65 · 15m
18:03 KSA · REGULAR · signal     · TAO-USD · brk ▼ 77 · 15m
18:03 KSA · REGULAR · signal     · THE-USD · orb ▼ 55 · 15m
18:03 KSA · REGULAR · signal     · THE-USD · sqzExp ▼ 60 · 1h
18:03 KSA · REGULAR · signal     · TRUMP-USD · brk ▼ 68 · 15m
18:03 KSA · REGULAR · signal     · EUR-USD · brk ▼ 61 · 15m
18:03 KSA · REGULAR · signal     · BANK-USD · orb ▼ 65 · 15m
18:03 KSA · REGULAR · signal     · BANK-USD · sqzExp ▼ 90 · 1h
18:03 KSA · REGULAR · signal     · TON-USD · brk ▼ 61 · 15m
18:03 KSA · REGULAR · signal     · SENT-USD · orb ▼ 55 · 15m
18:03 KSA · REGULAR · signal     · SENT-USD · brk ▼ 55 · 15m
18:03 KSA · REGULAR · signal     · SENT-USD · sqzExp ▼ 95 · 1h
18:03 KSA · REGULAR · signal     · PENGU-USD · orb ▼ 73 · 15m
18:03 KSA · REGULAR · signal     · PENGU-USD · brk ▼ 68 · 15m
18:03 KSA · REGULAR · signal     · APT-USD · brk ▼ 73 · 15m
18:04 KSA · REGULAR · scanner    · بدء المسح · 1153 رمزاً · الجلسة REGULAR
18:04 KSA · REGULAR · signal     · ACN · vwapRec ▼ 57 · 15m
18:04 KSA · REGULAR · signal     · WLD-USD · vwapRec ▼ 100 · 15m
18:04 KSA · REGULAR · signal     · XPL-USD · vwapRec ▼ 100 · 15m
18:04 KSA · REGULAR · signal     · XPL-USD · brk ▼ 69 · 15m
18:04 KSA · REGULAR · signal     · T-USD · orb ▼ 82 · 15m
18:04 KSA · REGULAR · signal     · TAO-USD · orb ▲ 73 · 15m
18:04 KSA · REGULAR · signal     · APT-USD · orb ▲ 80 · 15m
18:04 KSA · REGULAR · signal     · AES · brk ▲ 69 · 1d
18:09 KSA · REGULAR · scanner    · بدء المسح · 1153 رمزاً · الجلسة REGULAR
18:09 KSA · REGULAR · signal     · U-USD · pbTrend ▲ 79 · 1h
18:09 KSA · REGULAR · signal     · PENGU-USD · vwapRec ▼ 100 · 15m
18:10 KSA · REGULAR · scanner    · بدء المسح · 1153 رمزاً · الجلسة REGULAR
18:10 KSA · REGULAR · signal     · PSX · meanRev ▼ 100 · 15m
18:10 KSA · REGULAR · signal     · MCHP · orb ▼ 82 · 15m
18:10 KSA · REGULAR · signal     · INJ-USD · vwapRec ▼ 100 · 15m
18:10 KSA · REGULAR · signal     · INJ-USD · brk ▼ 69 · 15m
18:10 KSA · REGULAR · signal     · 牛来-USD · vwapRec ▼ 100 · 15m
18:10 KSA · REGULAR · signal     · BANK-USD · orb ▲ 100 · 15m
18:10 KSA · REGULAR · signal     · BANK-USD · sqzExp ▲ 100 · 1h
18:12 KSA · REGULAR · scanner    · بدء المسح · 1153 رمزاً · الجلسة REGULAR
18:12 KSA · REGULAR · signal     · HOOD · orb ▼ 60 · 15m
18:12 KSA · REGULAR · signal     · HON · meanRev ▲ 63 · 15m
18:12 KSA · REGULAR · signal     · AVAX-USD · vwapRec ▼ 55 · 15m
18:12 KSA · REGULAR · signal     · UNI-USD · orb ▼ 65 · 15m
18:12 KSA · REGULAR · signal     · UNI-USD · brk ▼ 73 · 15m
18:12 KSA · REGULAR · signal     · SUI-USD · orb ▼ 85 · 15m
18:12 KSA · REGULAR · signal     · SUI-USD · brk ▼ 86 · 15m
18:12 KSA · REGULAR · signal     · U-USD · orb ▼ 65 · 15m
18:12 KSA · REGULAR · signal     · U-USD · brk ▼ 57 · 15m
18:12 KSA · REGULAR · signal     · U-USD · meanRev ▲ 73 · 15m
18:12 KSA · REGULAR · signal     · TAO-USD · brk ▼ 77 · 15m
18:12 KSA · REGULAR · signal     · THE-USD · orb ▼ 55 · 15m
18:12 KSA · REGULAR · signal     · THE-USD · sqzExp ▼ 60 · 1h
18:12 KSA · REGULAR · signal     · TRUMP-USD · orb ▼ 78 · 15m
18:12 KSA · REGULAR · signal     · TRUMP-USD · brk ▼ 68 · 15m
18:12 KSA · REGULAR · signal     · EUR-USD · brk ▼ 61 · 15m
18:12 KSA · REGULAR · signal     · TON-USD · brk ▼ 61 · 15m
18:12 KSA · REGULAR · signal     · SENT-USD · orb ▼ 55 · 15m
18:12 KSA · REGULAR · signal     · SENT-USD · brk ▼ 55 · 15m
18:12 KSA · REGULAR · signal     · SENT-USD · sqzExp ▼ 95 · 1h
18:12 KSA · REGULAR · signal     · PENGU-USD · orb ▼ 73 · 15m
18:12 KSA · REGULAR · signal     · PENGU-USD · brk ▼ 68 · 15m
18:12 KSA · REGULAR · signal     · APT-USD · brk ▼ 73 · 15m
18:14 KSA · REGULAR · scanner    · بدء المسح · 1153 رمزاً · الجلسة REGULAR
18:14 KSA · REGULAR · signal     · APH · orb ▼ 64 · 15m
18:14 KSA · REGULAR · signal     · T-USD · orb ▼ 100 · 15m
18:14 KSA · REGULAR · signal     · TAO-USD · orb ▲ 93 · 15m
18:14 KSA · REGULAR · signal     · BANK-USD · orb ▲ 80 · 15m
18:14 KSA · REGULAR · signal     · BANK-USD · sqzExp ▲ 90 · 1h
18:14 KSA · REGULAR · signal     · APT-USD · orb ▲ 80 · 15m
18:14 KSA · REGULAR · signal     · KSM-USD · meanRev ▼ 100 · 1d
18:16 KSA · REGULAR · scanner    · بدء المسح · 1153 رمزاً · الجلسة REGULAR
18:16 KSA · REGULAR · signal     · REZ-USD · brk ▼ 69 · 15m
18:18 KSA · REGULAR · scanner    · بدء المسح · 1153 رمزاً · الجلسة REGULAR
18:18 KSA · REGULAR · signal     · SENT-USD · vwapRec ▲ 100 · 15m
18:20 KSA · REGULAR · scanner    · بدء المسح · 1153 رمزاً · الجلسة REGULAR
18:20 KSA · REGULAR · signal     · TXN · brk ▼ 69 · 15m
18:20 KSA · REGULAR · signal     · QCOM · orb ▼ 64 · 15m
18:20 KSA · REGULAR · signal     · BNB-USD · vwapRec ▼ 100 · 15m
18:24 KSA · REGULAR · scanner    · بدء المسح · 1153 رمزاً · الجلسة REGULAR
18:24 KSA · REGULAR · signal     · GOOG · tfAlign ▲ 71 · 1d
18:24 KSA · REGULAR · signal     · TSLA · pbTrend ▼ 81 · 1h
18:24 KSA · REGULAR · signal     · LLY · momo ▲ 83 · 1h
18:24 KSA · REGULAR · signal     · CSCO · momo ▲ 64 · 1h
18:24 KSA · REGULAR · signal     · BAC · pbTrend ▲ 69 · 1h
18:24 KSA · REGULAR · signal     · TXN · momo ▼ 72 · 1h
18:24 KSA · REGULAR · signal     · C · pbTrend ▲ 64 · 1h
18:24 KSA · REGULAR · signal     · SCHW · pbTrend ▲ 69 · 1h
18:24 KSA · REGULAR · signal     · T · rsiDiv ▲ 83 · 15m
18:24 KSA · REGULAR · signal     · NEE · rsiDiv ▲ 72 · 1h
18:24 KSA · REGULAR · signal     · LMT · momo ▼ 86 · 1h
18:24 KSA · REGULAR · signal     · LMT · tfAlign ▼ 87 · 1d
18:24 KSA · REGULAR · signal     · MDT · rsiDiv ▲ 61 · 15m
18:24 KSA · REGULAR · signal     · ADBE · pbTrend ▲ 64 · 1h
18:24 KSA · REGULAR · signal     · CEG · pbTrend ▼ 79 · 1h
18:24 KSA · REGULAR · signal     · PWR · momo ▼ 61 · 1h
18:24 KSA · REGULAR · signal     · DDOG · momo ▲ 78 · 1h
18:24 KSA · REGULAR · signal     · DDOG · tfAlign ▲ 82 · 1d
18:24 KSA · REGULAR · signal     · SHW · momo ▼ 72 · 1h
18:24 KSA · REGULAR · signal     · NSC · momo ▼ 78 · 1h
18:24 KSA · REGULAR · signal     · HON · tfAlign ▼ 87 · 1d
18:24 KSA · REGULAR · signal     · VST · pbTrend ▼ 76 · 1h
18:24 KSA · REGULAR · signal     · ONDO-USD · rsiDiv ▼ 100 · 15m
18:24 KSA · REGULAR · signal     · UNI-USD · orb ▼ 65 · 15m
18:24 KSA · REGULAR · signal     · UNI-USD · brk ▼ 66 · 15m
18:24 KSA · REGULAR · signal     · SUI-USD · orb ▼ 85 · 15m
18:24 KSA · REGULAR · signal     · SUI-USD · brk ▼ 86 · 15m
18:24 KSA · REGULAR · signal     · U-USD · orb ▼ 65 · 15m
18:24 KSA · REGULAR · signal     · U-USD · brk ▼ 64 · 15m
18:24 KSA · REGULAR · signal     · U-USD · meanRev ▲ 73 · 15m
18:24 KSA · REGULAR · signal     · U-USD · rsiDiv ▲ 78 · 15m
18:24 KSA · REGULAR · signal     · U-USD · volSpike ▼ 78 · 15m
18:24 KSA · REGULAR · signal     · TAO-USD · brk ▼ 73 · 15m
18:24 KSA · REGULAR · signal     · THE-USD · orb ▼ 55 · 15m
18:24 KSA · REGULAR · signal     · THE-USD · momo ▼ 64 · 1h
18:24 KSA · REGULAR · signal     · TRUMP-USD · orb ▼ 85 · 15m
18:24 KSA · REGULAR · signal     · TRUMP-USD · brk ▼ 70 · 15m
18:24 KSA · REGULAR · signal     · EUR-USD · brk ▼ 86 · 15m
18:24 KSA · REGULAR · signal     · EUR-USD · tfAlign ▼ 68 · 1d
18:24 KSA · REGULAR · signal     · ARB-USD · brk ▼ 70 · 15m
18:24 KSA · REGULAR · signal     · BANK-USD · brk ▼ 73 · 15m
18:24 KSA · REGULAR · signal     · TON-USD · brk ▼ 61 · 15m
18:24 KSA · REGULAR · signal     · SENT-USD · orb ▼ 63 · 15m
18:24 KSA · REGULAR · signal     · SENT-USD · brk ▼ 55 · 15m
18:24 KSA · REGULAR · signal     · SENT-USD · sqzExp ▼ 78 · 1h
18:24 KSA · REGULAR · signal     · PENGU-USD · orb ▼ 73 · 15m
18:24 KSA · REGULAR · signal     · PENGU-USD · brk ▼ 61 · 15m
18:24 KSA · REGULAR · signal     · ASTER-USD · orb ▼ 65 · 15m
18:24 KSA · REGULAR · signal     · ASTER-USD · brk ▼ 59 · 15m
18:24 KSA · REGULAR · signal     · APT-USD · brk ▼ 68 · 15m
18:25 KSA · REGULAR · scanner    · بدء المسح · 1153 رمزاً · الجلسة REGULAR
18:25 KSA · REGULAR · signal     · MA · vwapRec ▲ 100 · 15m
18:25 KSA · REGULAR · signal     · T-USD · orb ▼ 100 · 15m
18:25 KSA · REGULAR · signal     · SUI-USD · pbTrend ▼ 57 · 1h
18:25 KSA · REGULAR · signal     · TAO-USD · orb ▲ 100 · 15m
18:25 KSA · REGULAR · signal     · BANK-USD · pbTrend ▼ 57 · 1h
18:25 KSA · REGULAR · signal     · SENT-USD · vwapRec ▲ 57 · 15m
18:25 KSA · REGULAR · signal     · PENGU-USD · pbTrend ▼ 57 · 1h
18:25 KSA · REGULAR · signal     · APT-USD · orb ▲ 70 · 15m
18:26 KSA · REGULAR · scanner    · بدء المسح · 1153 رمزاً · الجلسة REGULAR
18:28 KSA · REGULAR · scanner    · بدء المسح · 1153 رمزاً · الجلسة REGULAR
18:28 KSA · REGULAR · signal     · U-USD · pbTrend ▲ 79 · 1h
18:30 KSA · REGULAR · scanner    · بدء المسح · 1153 رمزاً · الجلسة REGULAR
18:30 KSA · REGULAR · signal     · DHR · orb ▲ 82 · 15m
18:30 KSA · REGULAR · signal     · XPL-USD · pbTrend ▼ 57 · 1h
18:30 KSA · REGULAR · signal     · THE-USD · vwapRec ▼ 100 · 15m
18:33 KSA · REGULAR · scanner    · بدء المسح · 1153 رمزاً · الجلسة REGULAR
18:33 KSA · REGULAR · signal     · JNJ · volSpike ▼ 89 · 15m
18:33 KSA · REGULAR · signal     · LMT · volSpike ▼ 94 · 15m
18:33 KSA · REGULAR · signal     · MPC · brk ▲ 70 · 15m
18:33 KSA · REGULAR · signal     · UNI-USD · orb ▼ 57 · 15m
18:33 KSA · REGULAR · signal     · SUI-USD · orb ▼ 70 · 15m
18:33 KSA · REGULAR · signal     · SUI-USD · brk ▼ 55 · 15m
18:33 KSA · REGULAR · signal     · U-USD · meanRev ▲ 73 · 15m
18:33 KSA · REGULAR · signal     · PEPE-USD · sqzExp ▲ 65 · 1h
18:33 KSA · REGULAR · signal     · TAO-USD · brk ▼ 55 · 15m
18:33 KSA · REGULAR · signal     · THE-USD · orb ▼ 55 · 15m
18:33 KSA · REGULAR · signal     · TRUMP-USD · orb ▼ 70 · 15m
18:33 KSA · REGULAR · signal     · TRUMP-USD · brk ▼ 55 · 15m
18:33 KSA · REGULAR · signal     · EUR-USD · brk ▼ 61 · 15m
18:33 KSA · REGULAR · signal     · BANK-USD · orb ▼ 65 · 15m
18:33 KSA · REGULAR · signal     · BANK-USD · brk ▼ 61 · 15m
18:33 KSA · REGULAR · signal     · BANK-USD · sqzExp ▼ 90 · 1h
18:33 KSA · REGULAR · signal     · TON-USD · brk ▼ 61 · 15m
18:33 KSA · REGULAR · signal     · SENT-USD · orb ▼ 55 · 15m
18:33 KSA · REGULAR · signal     · SENT-USD · sqzExp ▼ 78 · 1h
18:33 KSA · REGULAR · signal     · PENGU-USD · orb ▼ 65 · 15m
18:33 KSA · REGULAR · signal     · PENGU-USD · brk ▼ 55 · 15m
18:33 KSA · REGULAR · signal     · ASTER-USD · orb ▼ 57 · 15m
18:33 KSA · REGULAR · signal     · APT-USD · brk ▼ 55 · 15m
18:34 KSA · REGULAR · scanner    · بدء المسح · 1153 رمزاً · الجلسة REGULAR
18:34 KSA · REGULAR · signal     · CEG · orb ▲ 100 · 15m
18:34 KSA · REGULAR · signal     · CEG · brk ▲ 100 · 15m
18:34 KSA · REGULAR · signal     · CEG · meanRev ▼ 100 · 15m
18:34 KSA · REGULAR · signal     · T-USD · orb ▼ 82 · 15m
18:34 KSA · REGULAR · signal     · SUI-USD · pbTrend ▼ 57 · 1h
18:34 KSA · REGULAR · signal     · TAO-USD · orb ▲ 85 · 15m
18:34 KSA · REGULAR · signal     · SENT-USD · vwapRec ▲ 57 · 15m
18:34 KSA · REGULAR · signal     · APT-USD · orb ▲ 70 · 15m
18:38 KSA · REGULAR · scanner    · بدء المسح · 1153 رمزاً · الجلسة REGULAR
18:38 KSA · REGULAR · signal     · TMO · orb ▲ 82 · 15m
18:38 KSA · REGULAR · signal     · AMGN · sqzExp ▲ 100 · 1h
18:38 KSA · REGULAR · signal     · VST · meanRev ▼ 100 · 15m
18:38 KSA · REGULAR · signal     · AVAX-USD · orb ▲ 82 · 15m
18:40 KSA · REGULAR · scanner    · بدء المسح · 1153 رمزاً · الجلسة REGULAR
18:40 KSA · REGULAR · signal     · GILD · orb ▲ 64 · 15m
18:40 KSA · REGULAR · signal     · INTU · brk ▲ 69 · 15m
18:40 KSA · REGULAR · signal     · ENA-USD · orb ▲ 82 · 15m
18:40 KSA · REGULAR · signal     · WLD-USD · orb ▲ 64 · 15m
18:40 KSA · REGULAR · signal     · TRUMP-USD · orb ▲ 64 · 15m
18:40 KSA · REGULAR · signal     · TRUMP-USD · vwapRec ▲ 100 · 15m
18:40 KSA · REGULAR · signal     · BANK-USD · orb ▲ 100 · 15m
18:40 KSA · REGULAR · signal     · ASTER-USD · brk ▲ 69 · 15m
18:40 KSA · REGULAR · signal     · PROVE-USD · meanRev ▼ 100 · 1d
18:43 KSA · REGULAR · scanner    · بدء المسح · 1153 رمزاً · الجلسة REGULAR
18:43 KSA · REGULAR · signal     · MRK · orb ▲ 83 · 15m
18:43 KSA · REGULAR · signal     · MRK · sqzExp ▲ 60 · 1h
18:43 KSA · REGULAR · signal     · LMT · meanRev ▲ 65 · 15m
18:43 KSA · REGULAR · signal     · TER · orb ▲ 78 · 15m
18:43 KSA · REGULAR · signal     · CRCLB-USD · vwapRec ▼ 78 · 15m
18:43 KSA · REGULAR · signal     · MSTRB-USD · vwapRec ▼ 93 · 15m
18:43 KSA · REGULAR · signal     · UNI-USD · orb ▼ 57 · 15m
18:43 KSA · REGULAR · signal     · SUI-USD · orb ▼ 70 · 15m
18:43 KSA · REGULAR · signal     · SUI-USD · brk ▼ 55 · 15m
18:43 KSA · REGULAR · signal     · U-USD · meanRev ▲ 73 · 15m
18:43 KSA · REGULAR · signal     · PEPE-USD · sqzExp ▲ 65 · 1h
18:43 KSA · REGULAR · signal     · TAO-USD · brk ▼ 55 · 15m
18:43 KSA · REGULAR · signal     · THE-USD · orb ▼ 55 · 15m
18:43 KSA · REGULAR · signal     · TRUMP-USD · brk ▼ 55 · 15m
18:43 KSA · REGULAR · signal     · EUR-USD · brk ▼ 61 · 15m
18:43 KSA · REGULAR · signal     · BANK-USD · brk ▼ 61 · 15m
18:43 KSA · REGULAR · signal     · BANK-USD · sqzExp ▼ 90 · 1h
18:43 KSA · REGULAR · signal     · TON-USD · brk ▼ 61 · 15m
18:43 KSA · REGULAR · signal     · SENT-USD · orb ▼ 55 · 15m
18:43 KSA · REGULAR · signal     · SENT-USD · sqzExp ▼ 78 · 1h
18:43 KSA · REGULAR · signal     · PENGU-USD · orb ▼ 65 · 15m
18:43 KSA · REGULAR · signal     · PENGU-USD · brk ▼ 55 · 15m
18:43 KSA · REGULAR · signal     · ASTER-USD · orb ▼ 57 · 15m
18:43 KSA · REGULAR · signal     · APT-USD · brk ▼ 55 · 15m
18:44 KSA · REGULAR · scanner    · بدء المسح · 1153 رمزاً · الجلسة REGULAR
18:44 KSA · REGULAR · signal     · GILD · brk ▲ 100 · 15m
18:44 KSA · REGULAR · signal     · PFE · brk ▲ 69 · 15m
18:44 KSA · REGULAR · signal     · T-USD · orb ▼ 100 · 15m
18:44 KSA · REGULAR · signal     · SUI-USD · pbTrend ▼ 57 · 1h
18:44 KSA · REGULAR · signal     · TAO-USD · orb ▲ 78 · 15m
18:44 KSA · REGULAR · signal     · TRUMP-USD · orb ▲ 85 · 15m
18:44 KSA · REGULAR · signal     · TRUMP-USD · vwapRec ▲ 78 · 15m
18:44 KSA · REGULAR · signal     · ARB-USD · vwapRec ▲ 75 · 15m
18:44 KSA · REGULAR · signal     · BANK-USD · orb ▲ 80 · 15m
18:44 KSA · REGULAR · signal     · BANK-USD · pbTrend ▼ 57 · 1h
18:44 KSA · REGULAR · signal     · SENT-USD · vwapRec ▲ 57 · 15m
18:44 KSA · REGULAR · signal     · APT-USD · orb ▲ 70 · 15m
18:46 KSA · REGULAR · scanner    · بدء المسح · 1153 رمزاً · الجلسة REGULAR
18:46 KSA · REGULAR · signal     · WM · brk ▼ 69 · 1d
18:49 KSA · REGULAR · scanner    · بدء المسح · 1153 رمزاً · الجلسة REGULAR
18:49 KSA · REGULAR · signal     · NKE · orb ▼ 82 · 15m
18:49 KSA · REGULAR · signal     · KEYS · meanRev ▼ 100 · 1d
18:50 KSA · REGULAR · scanner    · بدء المسح · 1153 رمزاً · الجلسة REGULAR
18:50 KSA · REGULAR · signal     · AVGO · orb ▲ 64 · 15m
18:50 KSA · REGULAR · signal     · GENIUS-USD · meanRev ▼ 100 · 1d
18:53 KSA · REGULAR · scanner    · بدء المسح · 1153 رمزاً · الجلسة REGULAR
18:53 KSA · REGULAR · signal     · PGR · rsiDiv ▲ 83 · 15m
18:53 KSA · REGULAR · signal     · LMT · volSpike ▲ 78 · 15m
18:53 KSA · REGULAR · signal     · UNI-USD · orb ▼ 57 · 15m
18:53 KSA · REGULAR · signal     · SUI-USD · orb ▼ 78 · 15m
18:53 KSA · REGULAR · signal     · SUI-USD · brk ▼ 55 · 15m
18:53 KSA · REGULAR · signal     · U-USD · meanRev ▲ 65 · 15m
18:53 KSA · REGULAR · signal     · U-USD · tfAlign ▲ 84 · 1d
18:53 KSA · REGULAR · signal     · PEPE-USD · sqzExp ▲ 65 · 1h
18:53 KSA · REGULAR · signal     · TAO-USD · brk ▼ 64 · 15m
18:53 KSA · REGULAR · signal     · THE-USD · orb ▼ 55 · 15m
18:53 KSA · REGULAR · signal     · TRUMP-USD · brk ▼ 64 · 15m
18:53 KSA · REGULAR · signal     · EUR-USD · brk ▼ 86 · 15m
18:53 KSA · REGULAR · signal     · ARB-USD · orb ▼ 70 · 15m
18:53 KSA · REGULAR · signal     · ARB-USD · brk ▼ 66 · 15m
18:53 KSA · REGULAR · signal     · BANK-USD · brk ▼ 57 · 15m
18:53 KSA · REGULAR · signal     · BANK-USD · sqzExp ▼ 90 · 1h
18:53 KSA · REGULAR · signal     · TON-USD · brk ▼ 61 · 15m
18:53 KSA · REGULAR · signal     · SENT-USD · orb ▼ 63 · 15m
18:53 KSA · REGULAR · signal     · SENT-USD · sqzExp ▼ 78 · 1h
18:53 KSA · REGULAR · signal     · PENGU-USD · orb ▼ 65 · 15m
18:53 KSA · REGULAR · signal     · PENGU-USD · brk ▼ 55 · 15m
18:53 KSA · REGULAR · signal     · ASTER-USD · orb ▼ 57 · 15m
18:53 KSA · REGULAR · signal     · APT-USD · brk ▼ 55 · 15m
18:55 KSA · REGULAR · scanner    · بدء المسح · 1153 رمزاً · الجلسة REGULAR
18:55 KSA · REGULAR · signal     · ORCL · brk ▲ 69 · 15m
18:55 KSA · REGULAR · signal     · DASH-USD · brk ▲ 100 · 15m
18:55 KSA · REGULAR · signal     · PENDLE-USD · orb ▲ 82 · 15m
18:55 KSA · REGULAR · signal     · REZ-USD · orb ▲ 64 · 15m
18:55 KSA · REGULAR · signal     · TAO-USD · orb ▲ 85 · 15m
18:55 KSA · REGULAR · signal     · TRUMP-USD · orb ▲ 100 · 15m
18:55 KSA · REGULAR · signal     · TRUMP-USD · vwapRec ▲ 85 · 15m
18:55 KSA · REGULAR · signal     · ARB-USD · vwapRec ▲ 83 · 15m
18:55 KSA · REGULAR · signal     · BANK-USD · orb ▲ 88 · 15m
18:55 KSA · REGULAR · signal     · SENT-USD · vwapRec ▲ 57 · 15m
18:55 KSA · REGULAR · signal     · PENGU-USD · vwapRec ▲ 60 · 15m
18:55 KSA · REGULAR · signal     · APT-USD · orb ▲ 70 · 15m
18:58 KSA · REGULAR · scanner    · بدء المسح · 1153 رمزاً · الجلسة REGULAR
18:58 KSA · REGULAR · signal     · LSK-USD · orb ▼ 64 · 15m
18:58 KSA · REGULAR · signal     · ARB-USD · orb ▲ 100 · 15m
18:58 KSA · REGULAR · signal     · ARB-USD · brk ▲ 100 · 15m
19:00 KSA · REGULAR · scanner    · بدء المسح · 1153 رمزاً · الجلسة REGULAR
19:00 KSA · REGULAR · signal     · NEE · brk ▲ 69 · 15m
19:00 KSA · REGULAR · signal     · ISRG · vwapRec ▲ 100 · 15m
19:00 KSA · REGULAR · signal     · MDLZ · vwapRec ▲ 100 · 15m
19:00 KSA · REGULAR · signal     · ASTER-USD · brk ▲ 69 · 15m
19:00 KSA · REGULAR · signal     · KSM-USD · brk ▲ 100 · 1d
19:03 KSA · REGULAR · scanner    · بدء المسح · 1153 رمزاً · الجلسة REGULAR
19:03 KSA · REGULAR · signal     · TJX · orb ▲ 55 · 15m
19:03 KSA · REGULAR · signal     · UNI-USD · orb ▼ 65 · 15m
19:03 KSA · REGULAR · signal     · UNI-USD · brk ▼ 66 · 15m
19:03 KSA · REGULAR · signal     · SUI-USD · orb ▼ 78 · 15m
19:03 KSA · REGULAR · signal     · SUI-USD · brk ▼ 55 · 15m
19:03 KSA · REGULAR · signal     · U-USD · orb ▼ 57 · 15m
19:03 KSA · REGULAR · signal     · PEPE-USD · sqzExp ▲ 65 · 1h
19:03 KSA · REGULAR · signal     · TAO-USD · brk ▼ 68 · 15m
19:03 KSA · REGULAR · signal     · THE-USD · orb ▼ 55 · 15m
19:03 KSA · REGULAR · signal     · TRUMP-USD · brk ▼ 80 · 15m
19:03 KSA · REGULAR · signal     · EUR-USD · brk ▼ 55 · 15m
19:03 KSA · REGULAR · signal     · BANK-USD · brk ▼ 64 · 15m
19:03 KSA · REGULAR · signal     · BANK-USD · sqzExp ▼ 90 · 1h
19:03 KSA · REGULAR · signal     · TON-USD · brk ▼ 61 · 15m
19:03 KSA · REGULAR · signal     · SENT-USD · orb ▼ 55 · 15m
19:03 KSA · REGULAR · signal     · SENT-USD · sqzExp ▼ 78 · 1h
19:03 KSA · REGULAR · signal     · PENGU-USD · orb ▼ 65 · 15m
19:03 KSA · REGULAR · signal     · PENGU-USD · brk ▼ 55 · 15m
19:03 KSA · REGULAR · signal     · APT-USD · brk ▼ 55 · 15m
19:04 KSA · REGULAR · scanner    · بدء المسح · 1153 رمزاً · الجلسة REGULAR
19:04 KSA · REGULAR · signal     · UNH · vwapRec ▲ 100 · 15m
19:04 KSA · REGULAR · signal     · DOT-USD · brk ▲ 100 · 15m
19:04 KSA · REGULAR · signal     · TAO-USD · orb ▲ 85 · 15m
19:04 KSA · REGULAR · signal     · TRUMP-USD · orb ▲ 100 · 15m
19:04 KSA · REGULAR · signal     · TRUMP-USD · vwapRec ▲ 85 · 15m
19:04 KSA · REGULAR · signal     · ARB-USD · orb ▲ 75 · 15m
19:04 KSA · REGULAR · signal     · ARB-USD · vwapRec ▲ 57 · 15m
19:04 KSA · REGULAR · signal     · ARB-USD · brk ▲ 80 · 15m
19:04 KSA · REGULAR · signal     · BANK-USD · orb ▲ 88 · 15m
19:04 KSA · REGULAR · signal     · APT-USD · orb ▲ 78 · 15m
19:07 KSA · REGULAR · scanner    · بدء المسح · 1153 رمزاً · الجلسة REGULAR
19:10 KSA · REGULAR · scanner    · بدء المسح · 1153 رمزاً · الجلسة REGULAR
19:10 KSA · REGULAR · signal     · AMD · sqzExp ▲ 100 · 1h
19:10 KSA · REGULAR · signal     · ETHFI-USD · brk ▲ 100 · 15m
19:10 KSA · REGULAR · signal     · THE-USD · vwapRec ▲ 100 · 15m
19:10 KSA · REGULAR · signal     · ASTER-USD · meanRev ▼ 100 · 15m
19:13 KSA · REGULAR · scanner    · بدء المسح · 1153 رمزاً · الجلسة REGULAR
19:13 KSA · REGULAR · signal     · KO · pbTrend ▲ 81 · 1h
19:13 KSA · REGULAR · signal     · UNI-USD · orb ▼ 65 · 15m
19:13 KSA · REGULAR · signal     · UNI-USD · brk ▼ 66 · 15m
19:13 KSA · REGULAR · signal     · SUI-USD · orb ▼ 78 · 15m
19:13 KSA · REGULAR · signal     · SUI-USD · brk ▼ 55 · 15m
19:13 KSA · REGULAR · signal     · U-USD · orb ▼ 57 · 15m
19:13 KSA · REGULAR · signal     · U-USD · meanRev ▲ 57 · 15m
19:13 KSA · REGULAR · signal     · PEPE-USD · sqzExp ▲ 65 · 1h
19:13 KSA · REGULAR · signal     · TAO-USD · brk ▼ 68 · 15m
19:13 KSA · REGULAR · signal     · THE-USD · orb ▼ 55 · 15m
19:13 KSA · REGULAR · signal     · TRUMP-USD · brk ▼ 80 · 15m
19:13 KSA · REGULAR · signal     · EUR-USD · brk ▼ 55 · 15m
19:13 KSA · REGULAR · signal     · BANK-USD · brk ▼ 64 · 15m
19:13 KSA · REGULAR · signal     · BANK-USD · sqzExp ▼ 90 · 1h
19:13 KSA · REGULAR · signal     · TON-USD · brk ▼ 61 · 15m
19:13 KSA · REGULAR · signal     · SENT-USD · orb ▼ 55 · 15m
19:13 KSA · REGULAR · signal     · SENT-USD · sqzExp ▼ 78 · 1h
19:13 KSA · REGULAR · signal     · PENGU-USD · orb ▼ 65 · 15m
19:13 KSA · REGULAR · signal     · PENGU-USD · brk ▼ 55 · 15m
19:13 KSA · REGULAR · signal     · ASTER-USD · brk ▼ 55 · 15m
19:13 KSA · REGULAR · signal     · APT-USD · brk ▼ 55 · 15m
19:14 KSA · REGULAR · scanner    · بدء المسح · 1153 رمزاً · الجلسة REGULAR
19:14 KSA · REGULAR · signal     · TAO-USD · orb ▲ 93 · 15m
19:14 KSA · REGULAR · signal     · THE-USD · vwapRec ▲ 55 · 15m
19:14 KSA · REGULAR · signal     · TRUMP-USD · orb ▲ 100 · 15m
19:14 KSA · REGULAR · signal     · TRUMP-USD · vwapRec ▲ 85 · 15m
19:14 KSA · REGULAR · signal     · ARB-USD · orb ▲ 85 · 15m
19:14 KSA · REGULAR · signal     · ARB-USD · brk ▲ 80 · 15m
19:14 KSA · REGULAR · signal     · BANK-USD · orb ▲ 88 · 15m
19:14 KSA · REGULAR · signal     · PENGU-USD · vwapRec ▲ 60 · 15m
19:14 KSA · REGULAR · signal     · APT-USD · orb ▲ 78 · 15m
19:14 KSA · REGULAR · signal     · GSB-USD · meanRev ▲ 100 · 1d
19:16 KSA · REGULAR · scanner    · بدء المسح · 1153 رمزاً · الجلسة REGULAR
19:16 KSA · REGULAR · signal     · AAPL · orb ▲ 82 · 15m
19:16 KSA · REGULAR · signal     · AAPL · brk ▲ 69 · 15m
19:16 KSA · REGULAR · signal     · U-USD · orb ▲ 100 · 15m
19:16 KSA · REGULAR · signal     · U-USD · vwapRec ▲ 57 · 15m
19:19 KSA · REGULAR · scanner    · بدء المسح · 1153 رمزاً · الجلسة REGULAR
19:20 KSA · REGULAR · scanner    · بدء المسح · 1153 رمزاً · الجلسة REGULAR
19:23 KSA · REGULAR · scanner    · بدء المسح · 1153 رمزاً · الجلسة REGULAR
19:23 KSA · REGULAR · signal     · AAPL · momo ▲ 83 · 1h
19:23 KSA · REGULAR · signal     · LRCX · rsiDiv ▼ 67 · 1h
19:23 KSA · REGULAR · signal     · GS · rsiDiv ▲ 67 · 1h
19:23 KSA · REGULAR · signal     · GILD · rsiDiv ▼ 94 · 1d
19:23 KSA · REGULAR · signal     · GILD · momo ▲ 100 · 1h
19:23 KSA · REGULAR · signal     · WDC · rsiDiv ▼ 81 · 1h
19:23 KSA · REGULAR · signal     · LMT · rsiDiv ▼ 58 · 1h
19:23 KSA · REGULAR · signal     · PWR · rsiDiv ▼ 81 · 1h
19:23 KSA · REGULAR · signal     · MPWR · rsiDiv ▼ 58 · 1h
19:23 KSA · REGULAR · signal     · FIX · rsiDiv ▼ 81 · 1h
19:23 KSA · REGULAR · signal     · VST · orb ▲ 55 · 15m
19:23 KSA · REGULAR · signal     · HBAR-USD · momo ▲ 78 · 1h
19:23 KSA · REGULAR · signal     · DOT-USD · volSpike ▼ 78 · 15m
19:23 KSA · REGULAR · signal     · T-USD · momo ▼ 75 · 1h
19:23 KSA · REGULAR · signal     · UNI-USD · orb ▼ 65 · 15m
19:23 KSA · REGULAR · signal     · UNI-USD · brk ▼ 59 · 15m
19:23 KSA · REGULAR · signal     · SUI-USD · orb ▼ 85 · 15m
19:23 KSA · REGULAR · signal     · SUI-USD · brk ▼ 86 · 15m
19:23 KSA · REGULAR · signal     · U-USD · meanRev ▲ 57 · 15m
19:23 KSA · REGULAR · signal     · U-USD · volSpike ▲ 61 · 15m
19:23 KSA · REGULAR · signal     · PEPE-USD · sqzExp ▲ 75 · 1h
19:23 KSA · REGULAR · signal     · PEPE-USD · momo ▲ 89 · 1h
19:23 KSA · REGULAR · signal     · TAO-USD · brk ▼ 68 · 15m
19:23 KSA · REGULAR · signal     · THE-USD · orb ▼ 55 · 15m
19:23 KSA · REGULAR · signal     · TRUMP-USD · brk ▼ 55 · 15m
19:23 KSA · REGULAR · signal     · EUR-USD · brk ▼ 55 · 15m
19:23 KSA · REGULAR · signal     · ARB-USD · sqzExp ▼ 90 · 1h
19:23 KSA · REGULAR · signal     · BANK-USD · sqzExp ▼ 90 · 1h
19:23 KSA · REGULAR · signal     · TON-USD · brk ▼ 61 · 15m
19:23 KSA · REGULAR · signal     · SENT-USD · orb ▼ 55 · 15m
19:23 KSA · REGULAR · signal     · SENT-USD · sqzExp ▼ 78 · 1h
19:23 KSA · REGULAR · signal     · PENGU-USD · orb ▼ 65 · 15m
19:23 KSA · REGULAR · signal     · PENGU-USD · brk ▼ 61 · 15m
19:23 KSA · REGULAR · signal     · ASTER-USD · momo ▲ 56 · 1h
19:23 KSA · REGULAR · signal     · APT-USD · brk ▼ 55 · 15m
19:25 KSA · REGULAR · scanner    · بدء المسح · 1153 رمزاً · الجلسة REGULAR
19:25 KSA · REGULAR · signal     · NVDA · vwapRec ▲ 100 · 15m
19:25 KSA · REGULAR · signal     · HON · vwapRec ▲ 100 · 15m
19:25 KSA · REGULAR · signal     · XLM-USD · orb ▲ 82 · 15m
19:25 KSA · REGULAR · signal     · ENA-USD · brk ▲ 100 · 15m
19:25 KSA · REGULAR · signal     · OP-USD · brk ▲ 100 · 15m
19:25 KSA · REGULAR · signal     · U-USD · orb ▲ 80 · 15m
19:25 KSA · REGULAR · signal     · U-USD · vwapRec ▲ 60 · 15m
19:25 KSA · REGULAR · signal     · TAO-USD · orb ▲ 78 · 15m
19:25 KSA · REGULAR · signal     · TRUMP-USD · orb ▲ 85 · 15m
19:25 KSA · REGULAR · signal     · TRUMP-USD · vwapRec ▲ 70 · 15m
19:25 KSA · REGULAR · signal     · ARB-USD · orb ▲ 73 · 15m
19:25 KSA · REGULAR · signal     · ARB-USD · brk ▲ 73 · 15m
19:25 KSA · REGULAR · signal     · BANK-USD · orb ▲ 80 · 15m
19:25 KSA · REGULAR · signal     · PENGU-USD · vwapRec ▲ 60 · 15m
19:25 KSA · REGULAR · signal     · APT-USD · orb ▲ 73 · 15m
19:26 KSA · REGULAR · scanner    · بدء المسح · 1153 رمزاً · الجلسة REGULAR
19:26 KSA · REGULAR · signal     · FET-USD · meanRev ▼ 100 · 15m
19:28 KSA · REGULAR · scanner    · بدء المسح · 1153 رمزاً · الجلسة REGULAR
19:30 KSA · REGULAR · scanner    · بدء المسح · 1153 رمزاً · الجلسة REGULAR
19:33 KSA · REGULAR · scanner    · بدء المسح · 1153 رمزاً · الجلسة REGULAR
19:33 KSA · REGULAR · signal     · PEP · vwapRec ▲ 60 · 15m
19:33 KSA · REGULAR · signal     · UNI-USD · orb ▼ 65 · 15m
19:33 KSA · REGULAR · signal     · SUI-USD · orb ▼ 70 · 15m
19:33 KSA · REGULAR · signal     · SUI-USD · brk ▼ 61 · 15m
19:33 KSA · REGULAR · signal     · U-USD · meanRev ▲ 57 · 15m
19:33 KSA · REGULAR · signal     · PEPE-USD · sqzExp ▲ 75 · 1h
19:33 KSA · REGULAR · signal     · TAO-USD · brk ▼ 55 · 15m
19:33 KSA · REGULAR · signal     · THE-USD · orb ▼ 55 · 15m
19:33 KSA · REGULAR · signal     · THE-USD · brk ▼ 55 · 15m
19:33 KSA · REGULAR · signal     · TRUMP-USD · brk ▼ 68 · 15m
19:33 KSA · REGULAR · signal     · EUR-USD · brk ▼ 55 · 15m
19:33 KSA · REGULAR · signal     · ARB-USD · sqzExp ▼ 90 · 1h
19:33 KSA · REGULAR · signal     · BANK-USD · brk ▼ 61 · 15m
19:33 KSA · REGULAR · signal     · BANK-USD · sqzExp ▼ 90 · 1h
19:33 KSA · REGULAR · signal     · TON-USD · brk ▼ 61 · 15m
19:33 KSA · REGULAR · signal     · SENT-USD · orb ▼ 55 · 15m
19:33 KSA · REGULAR · signal     · SENT-USD · sqzExp ▼ 78 · 1h
19:33 KSA · REGULAR · signal     · PENGU-USD · orb ▼ 65 · 15m
19:33 KSA · REGULAR · signal     · PENGU-USD · brk ▼ 61 · 15m
19:33 KSA · REGULAR · signal     · ASTER-USD · orb ▼ 65 · 15m
19:33 KSA · REGULAR · signal     · ASTER-USD · brk ▼ 64 · 15m
19:35 KSA · REGULAR · scanner    · بدء المسح · 1153 رمزاً · الجلسة REGULAR
19:35 KSA · REGULAR · signal     · U-USD · orb ▲ 65 · 15m
19:35 KSA · REGULAR · signal     · TAO-USD · orb ▲ 78 · 15m
19:35 KSA · REGULAR · signal     · ARB-USD · orb ▲ 80 · 15m
19:35 KSA · REGULAR · signal     · BANK-USD · orb ▲ 88 · 15m
19:35 KSA · REGULAR · signal     · APT-USD · orb ▲ 73 · 15m
19:38 KSA · REGULAR · scanner    · بدء المسح · 1153 رمزاً · الجلسة REGULAR
19:38 KSA · REGULAR · signal     · INTU · orb ▼ 82 · 15m
19:38 KSA · REGULAR · signal     · U-USD · vwapRec ▼ 60 · 15m
19:40 KSA · REGULAR · scanner    · بدء المسح · 1153 رمزاً · الجلسة REGULAR
19:43 KSA · REGULAR · scanner    · بدء المسح · 1153 رمزاً · الجلسة REGULAR
19:43 KSA · REGULAR · signal     · GILD · vwapRec ▲ 60 · 15m
19:43 KSA · REGULAR · signal     · UNI-USD · orb ▼ 65 · 15m
19:43 KSA · REGULAR · signal     · SUI-USD · orb ▼ 70 · 15m
19:43 KSA · REGULAR · signal     · SUI-USD · brk ▼ 61 · 15m
19:43 KSA · REGULAR · signal     · U-USD · meanRev ▲ 57 · 15m
19:43 KSA · REGULAR · signal     · PEPE-USD · sqzExp ▲ 75 · 1h
19:43 KSA · REGULAR · signal     · TAO-USD · brk ▼ 55 · 15m
19:43 KSA · REGULAR · signal     · THE-USD · orb ▼ 55 · 15m
19:43 KSA · REGULAR · signal     · THE-USD · brk ▼ 55 · 15m
19:43 KSA · REGULAR · signal     · TRUMP-USD · orb ▼ 70 · 15m
19:43 KSA · REGULAR · signal     · TRUMP-USD · brk ▼ 68 · 15m
19:43 KSA · REGULAR · signal     · EUR-USD · brk ▼ 55 · 15m
19:43 KSA · REGULAR · signal     · ARB-USD · brk ▼ 73 · 15m
19:43 KSA · REGULAR · signal     · ARB-USD · sqzExp ▼ 90 · 1h
19:43 KSA · REGULAR · signal     · BANK-USD · brk ▼ 61 · 15m
19:43 KSA · REGULAR · signal     · BANK-USD · sqzExp ▼ 90 · 1h
19:43 KSA · REGULAR · signal     · TON-USD · brk ▼ 61 · 15m
19:43 KSA · REGULAR · signal     · SENT-USD · orb ▼ 55 · 15m
19:43 KSA · REGULAR · signal     · SENT-USD · sqzExp ▼ 78 · 1h
19:43 KSA · REGULAR · signal     · PENGU-USD · orb ▼ 65 · 15m
19:43 KSA · REGULAR · signal     · PENGU-USD · brk ▼ 61 · 15m
19:43 KSA · REGULAR · signal     · ASTER-USD · orb ▼ 65 · 15m
19:43 KSA · REGULAR · signal     · ASTER-USD · brk ▼ 64 · 15m
19:44 KSA · REGULAR · scanner    · بدء المسح · 1153 رمزاً · الجلسة REGULAR
19:44 KSA · REGULAR · signal     · BLK · orb ▲ 82 · 15m
19:44 KSA · REGULAR · signal     · BLK · brk ▲ 69 · 15m
19:44 KSA · REGULAR · signal     · KMB · vwapRec ▲ 100 · 15m
19:44 KSA · REGULAR · signal     · TAO-USD · orb ▲ 78 · 15m
19:44 KSA · REGULAR · signal     · TRUMP-USD · vwapRec ▲ 70 · 15m
19:44 KSA · REGULAR · signal     · ARB-USD · orb ▲ 80 · 15m
19:44 KSA · REGULAR · signal     · BANK-USD · orb ▲ 88 · 15m
19:44 KSA · REGULAR · signal     · BANK-USD · pbTrend ▼ 57 · 1h
19:44 KSA · REGULAR · signal     · APT-USD · orb ▲ 73 · 15m
19:46 KSA · REGULAR · scanner    · بدء المسح · 1153 رمزاً · الجلسة REGULAR
19:46 KSA · REGULAR · signal     · U-USD · orb ▲ 100 · 15m
19:48 KSA · REGULAR · scanner    · بدء المسح · 1153 رمزاً · الجلسة REGULAR
19:48 KSA · REGULAR · signal     · UNI-USD · brk ▲ 100 · 15m
19:48 KSA · REGULAR · signal     · NUE · meanRev ▼ 100 · 1d
19:50 KSA · REGULAR · scanner    · بدء المسح · 1153 رمزاً · الجلسة REGULAR
19:50 KSA · REGULAR · signal     · UNI-USD · meanRev ▼ 100 · 15m
19:50 KSA · REGULAR · signal     · U-USD · vwapRec ▼ 60 · 15m
19:53 KSA · REGULAR · scanner    · بدء المسح · 1153 رمزاً · الجلسة REGULAR
19:53 KSA · REGULAR · signal     · UNI-USD · orb ▼ 57 · 15m
19:53 KSA · REGULAR · signal     · SUI-USD · orb ▼ 85 · 15m
19:53 KSA · REGULAR · signal     · SUI-USD · brk ▼ 64 · 15m
19:53 KSA · REGULAR · signal     · U-USD · meanRev ▲ 57 · 15m
19:53 KSA · REGULAR · signal     · 牛来-USD · vwapRec ▼ 58 · 15m
19:53 KSA · REGULAR · signal     · PEPE-USD · sqzExp ▲ 75 · 1h
19:53 KSA · REGULAR · signal     · TAO-USD · brk ▼ 55 · 15m
19:53 KSA · REGULAR · signal     · THE-USD · orb ▼ 63 · 15m
19:53 KSA · REGULAR · signal     · THE-USD · brk ▼ 57 · 15m
19:53 KSA · REGULAR · signal     · TRUMP-USD · orb ▼ 70 · 15m
19:53 KSA · REGULAR · signal     · TRUMP-USD · brk ▼ 55 · 15m
19:53 KSA · REGULAR · signal     · EUR-USD · brk ▼ 55 · 15m
19:53 KSA · REGULAR · signal     · ARB-USD · brk ▼ 66 · 15m
19:53 KSA · REGULAR · signal     · ARB-USD · sqzExp ▼ 90 · 1h
19:53 KSA · REGULAR · signal     · BANK-USD · sqzExp ▼ 90 · 1h
19:53 KSA · REGULAR · signal     · TON-USD · brk ▼ 61 · 15m
19:53 KSA · REGULAR · signal     · SENT-USD · orb ▼ 63 · 15m
19:53 KSA · REGULAR · signal     · SENT-USD · sqzExp ▼ 78 · 1h
19:53 KSA · REGULAR · signal     · PENGU-USD · orb ▼ 73 · 15m
19:53 KSA · REGULAR · signal     · PENGU-USD · brk ▼ 55 · 15m
19:53 KSA · REGULAR · signal     · ASTER-USD · orb ▼ 57 · 15m
19:53 KSA · REGULAR · signal     · ASTER-USD · brk ▼ 57 · 15m
19:54 KSA · REGULAR · scanner    · بدء المسح · 1153 رمزاً · الجلسة REGULAR
19:54 KSA · REGULAR · signal     · TJX · pbTrend ▼ 100 · 1h
19:54 KSA · REGULAR · signal     · UNI-USD · brk ▲ 64 · 15m
19:54 KSA · REGULAR · signal     · UNI-USD · meanRev ▼ 57 · 15m
19:54 KSA · REGULAR · signal     · U-USD · orb ▲ 80 · 15m
19:54 KSA · REGULAR · signal     · TAO-USD · orb ▲ 78 · 15m
19:54 KSA · REGULAR · signal     · ARB-USD · orb ▲ 80 · 15m
19:54 KSA · REGULAR · signal     · BANK-USD · orb ▲ 73 · 15m
19:54 KSA · REGULAR · signal     · APT-USD · orb ▲ 73 · 15m
19:54 KSA · REGULAR · signal     · NTAP · meanRev ▼ 100 · 1d
19:56 KSA · REGULAR · scanner    · بدء المسح · 1153 رمزاً · الجلسة REGULAR
19:56 KSA · REGULAR · signal     · THE-USD · vwapRec ▼ 100 · 15m
19:58 KSA · REGULAR · scanner    · بدء المسح · 1153 رمزاً · الجلسة REGULAR
19:58 KSA · REGULAR · signal     · TMO · orb ▲ 64 · 15m
19:58 KSA · REGULAR · signal     · REZ-USD · brk ▼ 69 · 15m
19:58 KSA · REGULAR · signal     · U-USD · vwapRec ▼ 75 · 15m
20:00 KSA · REGULAR · scanner    · بدء المسح · 1153 رمزاً · الجلسة REGULAR
20:00 KSA · REGULAR · signal     · PANW · orb ▲ 82 · 15m
20:00 KSA · REGULAR · signal     · BANK-USD · brk ▲ 100 · 15m
20:00 KSA · REGULAR · signal     · BANK-USD · sqzExp ▲ 100 · 1h
20:03 KSA · REGULAR · scanner    · بدء المسح · 1153 رمزاً · الجلسة REGULAR
20:03 KSA · REGULAR · signal     · UNI-USD · orb ▼ 65 · 15m
20:03 KSA · REGULAR · signal     · SUI-USD · orb ▼ 85 · 15m
20:03 KSA · REGULAR · signal     · SUI-USD · brk ▼ 64 · 15m
20:03 KSA · REGULAR · signal     · U-USD · meanRev ▲ 57 · 15m
20:03 KSA · REGULAR · signal     · 牛来-USD · rsiDiv ▼ 68 · 1h
20:03 KSA · REGULAR · signal     · PEPE-USD · sqzExp ▲ 75 · 1h
20:03 KSA · REGULAR · signal     · TAO-USD · brk ▼ 64 · 15m
20:03 KSA · REGULAR · signal     · THE-USD · orb ▼ 55 · 15m
20:03 KSA · REGULAR · signal     · TRUMP-USD · orb ▼ 78 · 15m
20:03 KSA · REGULAR · signal     · TRUMP-USD · brk ▼ 55 · 15m
20:03 KSA · REGULAR · signal     · EUR-USD · brk ▼ 68 · 15m
20:03 KSA · REGULAR · signal     · ARB-USD · brk ▼ 59 · 15m
20:03 KSA · REGULAR · signal     · ARB-USD · sqzExp ▼ 90 · 1h
20:03 KSA · REGULAR · signal     · TON-USD · brk ▼ 61 · 15m
20:03 KSA · REGULAR · signal     · SENT-USD · orb ▼ 70 · 15m
20:03 KSA · REGULAR · signal     · SENT-USD · brk ▼ 59 · 15m
20:03 KSA · REGULAR · signal     · SENT-USD · sqzExp ▼ 78 · 1h
20:03 KSA · REGULAR · signal     · PENGU-USD · orb ▼ 65 · 15m
20:03 KSA · REGULAR · signal     · PENGU-USD · brk ▼ 55 · 15m
20:03 KSA · REGULAR · signal     · ASTER-USD · rsiDiv ▼ 61 · 15m
20:03 KSA · REGULAR · signal     · APT-USD · brk ▼ 57 · 15m
20:05 KSA · REGULAR · scanner    · بدء المسح · 1153 رمزاً · الجلسة REGULAR
20:05 KSA · REGULAR · signal     · BNB-USD · orb ▲ 82 · 15m
20:05 KSA · REGULAR · signal     · MPWR · pbTrend ▼ 100 · 1h
20:05 KSA · REGULAR · signal     · UNI-USD · brk ▲ 66 · 15m
20:05 KSA · REGULAR · signal     · UNI-USD · meanRev ▼ 57 · 15m
20:05 KSA · REGULAR · signal     · TAO-USD · orb ▲ 78 · 15m
20:05 KSA · REGULAR · signal     · ARB-USD · orb ▲ 73 · 15m
20:05 KSA · REGULAR · signal     · BANK-USD · orb ▲ 80 · 15m
20:05 KSA · REGULAR · signal     · APT-USD · orb ▲ 73 · 15m
20:09 KSA · REGULAR · scanner    · بدء المسح · 1153 رمزاً · الجلسة REGULAR
20:09 KSA · REGULAR · signal     · SYK · vwapRec ▲ 100 · 15m
20:09 KSA · REGULAR · signal     · XLM-USD · orb ▲ 82 · 15m
20:09 KSA · REGULAR · signal     · SUI-USD · brk ▲ 69 · 15m
20:09 KSA · REGULAR · signal     · U-USD · orb ▲ 100 · 15m
20:09 KSA · REGULAR · signal     · ROK · meanRev ▲ 100 · 1d
20:10 KSA · REGULAR · scanner    · بدء المسح · 1153 رمزاً · الجلسة REGULAR
20:10 KSA · REGULAR · signal     · DE · brk ▲ 69 · 15m
20:10 KSA · REGULAR · signal     · CEG · vwapRec ▼ 100 · 15m
20:13 KSA · REGULAR · scanner    · بدء المسح · 1153 رمزاً · الجلسة REGULAR
20:13 KSA · REGULAR · signal     · PH · tfAlign ▼ 66 · 1d
20:13 KSA · REGULAR · signal     · SNPS · orb ▼ 70 · 15m
20:13 KSA · REGULAR · signal     · UNI-USD · orb ▼ 65 · 15m
20:13 KSA · REGULAR · signal     · SUI-USD · orb ▼ 85 · 15m
20:13 KSA · REGULAR · signal     · U-USD · meanRev ▲ 57 · 15m
20:13 KSA · REGULAR · signal     · PEPE-USD · sqzExp ▲ 75 · 1h
20:13 KSA · REGULAR · signal     · TAO-USD · brk ▼ 64 · 15m
20:13 KSA · REGULAR · signal     · THE-USD · orb ▼ 55 · 15m
20:13 KSA · REGULAR · signal     · TRUMP-USD · orb ▼ 78 · 15m
20:13 KSA · REGULAR · signal     · TRUMP-USD · brk ▼ 55 · 15m
20:13 KSA · REGULAR · signal     · EUR-USD · brk ▼ 68 · 15m
20:13 KSA · REGULAR · signal     · ARB-USD · brk ▼ 59 · 15m
20:13 KSA · REGULAR · signal     · ARB-USD · sqzExp ▼ 90 · 1h
20:13 KSA · REGULAR · signal     · BANK-USD · sqzExp ▼ 90 · 1h
20:13 KSA · REGULAR · signal     · TON-USD · brk ▼ 61 · 15m
20:13 KSA · REGULAR · signal     · SENT-USD · orb ▼ 70 · 15m
20:13 KSA · REGULAR · signal     · SENT-USD · brk ▼ 59 · 15m
20:13 KSA · REGULAR · signal     · SENT-USD · sqzExp ▼ 78 · 1h
20:13 KSA · REGULAR · signal     · PENGU-USD · orb ▼ 65 · 15m
20:13 KSA · REGULAR · signal     · PENGU-USD · brk ▼ 55 · 15m
20:13 KSA · REGULAR · signal     · APT-USD · brk ▼ 57 · 15m
20:14 KSA · REGULAR · scanner    · بدء المسح · 1153 رمزاً · الجلسة REGULAR
20:14 KSA · REGULAR · signal     · VST · vwapRec ▼ 100 · 15m
20:14 KSA · REGULAR · signal     · UNI-USD · brk ▲ 66 · 15m
20:14 KSA · REGULAR · signal     · UNI-USD · meanRev ▼ 57 · 15m
20:14 KSA · REGULAR · signal     · U-USD · orb ▲ 65 · 15m
20:14 KSA · REGULAR · signal     · TAO-USD · orb ▲ 78 · 15m
20:14 KSA · REGULAR · signal     · ARB-USD · orb ▲ 80 · 15m
20:14 KSA · REGULAR · signal     · BANK-USD · orb ▲ 80 · 15m
20:14 KSA · REGULAR · signal     · APT-USD · orb ▲ 73 · 15m
20:16 KSA · REGULAR · scanner    · بدء المسح · 1153 رمزاً · الجلسة REGULAR
20:16 KSA · REGULAR · signal     · THE-USD · vwapRec ▼ 100 · 15m
20:18 KSA · REGULAR · scanner    · بدء المسح · 1153 رمزاً · الجلسة REGULAR
20:18 KSA · REGULAR · signal     · TER · vwapRec ▼ 100 · 15m
20:18 KSA · REGULAR · signal     · DVN · orb ▲ 82 · 15m
20:18 KSA · REGULAR · signal     · CRCLB-USD · brk ▲ 100 · 15m
20:18 KSA · REGULAR · signal     · U-USD · vwapRec ▼ 60 · 15m
20:20 KSA · REGULAR · scanner    · بدء المسح · 1153 رمزاً · الجلسة REGULAR
20:20 KSA · REGULAR · signal     · PENDLE-USD · orb ▲ 64 · 15m
20:23 KSA · REGULAR · scanner    · بدء المسح · 1153 رمزاً · الجلسة REGULAR
20:23 KSA · REGULAR · signal     · HD · momo ▼ 92 · 1h
20:23 KSA · REGULAR · signal     · ABT · pbTrend ▲ 76 · 1h
20:23 KSA · REGULAR · signal     · DOGE-USD · rsiDiv ▼ 56 · 1h
20:23 KSA · REGULAR · signal     · GRAM-USD · pbTrend ▼ 64 · 1h
20:23 KSA · REGULAR · signal     · AVAX-USD · rsiDiv ▼ 56 · 1h
20:23 KSA · REGULAR · signal     · AAVE-USD · momo ▲ 89 · 1h
20:23 KSA · REGULAR · signal     · WLD-USD · rsiDiv ▼ 61 · 1h
20:23 KSA · REGULAR · signal     · FET-USD · sqzExp ▲ 55 · 1h
20:23 KSA · REGULAR · signal     · UNI-USD · orb ▼ 65 · 15m
20:23 KSA · REGULAR · signal     · UNI-USD · sqzExp ▼ 55 · 1h
20:23 KSA · REGULAR · signal     · UNI-USD · momo ▲ 72 · 1h
20:23 KSA · REGULAR · signal     · SUI-USD · orb ▼ 75 · 15m
20:23 KSA · REGULAR · signal     · SUI-USD · brk ▼ 73 · 15m
20:23 KSA · REGULAR · signal     · U-USD · brk ▼ 55 · 15m
20:23 KSA · REGULAR · signal     · PEPE-USD · sqzExp ▲ 75 · 1h
20:23 KSA · REGULAR · signal     · TAO-USD · brk ▼ 77 · 15m
20:23 KSA · REGULAR · signal     · THE-USD · orb ▼ 55 · 15m
20:23 KSA · REGULAR · signal     · TRUMP-USD · orb ▼ 70 · 15m
20:23 KSA · REGULAR · signal     · TRUMP-USD · brk ▼ 68 · 15m
20:23 KSA · REGULAR · signal     · EUR-USD · brk ▼ 61 · 15m
20:23 KSA · REGULAR · signal     · ARB-USD · sqzExp ▼ 90 · 1h
20:23 KSA · REGULAR · signal     · BANK-USD · brk ▼ 64 · 15m
20:23 KSA · REGULAR · signal     · BANK-USD · sqzExp ▼ 93 · 1h
20:23 KSA · REGULAR · signal     · TON-USD · brk ▼ 61 · 15m
20:23 KSA · REGULAR · signal     · SENT-USD · orb ▼ 70 · 15m
20:23 KSA · REGULAR · signal     · SENT-USD · brk ▼ 57 · 15m
20:23 KSA · REGULAR · signal     · SENT-USD · sqzExp ▼ 78 · 1h
20:23 KSA · REGULAR · signal     · PENGU-USD · orb ▼ 73 · 15m
20:23 KSA · REGULAR · signal     · PENGU-USD · brk ▼ 68 · 15m
20:23 KSA · REGULAR · signal     · ASTER-USD · brk ▼ 55 · 15m
20:23 KSA · REGULAR · signal     · APT-USD · brk ▼ 80 · 15m
20:25 KSA · REGULAR · scanner    · بدء المسح · 1153 رمزاً · الجلسة REGULAR
20:25 KSA · REGULAR · signal     · UNI-USD · brk ▲ 80 · 15m
20:25 KSA · REGULAR · signal     · TAO-USD · orb ▲ 85 · 15m
20:25 KSA · REGULAR · signal     · ARB-USD · orb ▲ 80 · 15m
20:25 KSA · REGULAR · signal     · BANK-USD · orb ▲ 88 · 15m
20:25 KSA · REGULAR · signal     · APT-USD · orb ▲ 80 · 15m
20:25 KSA · REGULAR · signal     · ROK · brk ▼ 69 · 1d
20:26 KSA · REGULAR · scanner    · بدء المسح · 1153 رمزاً · الجلسة REGULAR
20:26 KSA · REGULAR · signal     · U-USD · orb ▲ 100 · 15m
20:28 KSA · REGULAR · scanner    · بدء المسح · 1153 رمزاً · الجلسة REGULAR
20:28 KSA · REGULAR · signal     · CEG · orb ▼ 64 · 15m
20:28 KSA · REGULAR · signal     · DOT-USD · brk ▲ 69 · 15m
20:28 KSA · REGULAR · signal     · REZ-USD · orb ▼ 64 · 15m
20:28 KSA · REGULAR · signal     · U-USD · vwapRec ▼ 68 · 15m
20:30 KSA · REGULAR · scanner    · بدء المسح · 1153 رمزاً · الجلسة REGULAR
20:33 KSA · REGULAR · scanner    · بدء المسح · 1153 رمزاً · الجلسة REGULAR
20:33 KSA · REGULAR · signal     · DELL · rsiDiv ▼ 78 · 15m
20:33 KSA · REGULAR · signal     · UNI-USD · sqzExp ▼ 55 · 1h
20:33 KSA · REGULAR · signal     · SUI-USD · orb ▼ 60 · 15m
20:33 KSA · REGULAR · signal     · PEPE-USD · sqzExp ▲ 75 · 1h
20:33 KSA · REGULAR · signal     · TAO-USD · brk ▼ 55 · 15m
20:33 KSA · REGULAR · signal     · THE-USD · orb ▼ 60 · 15m
20:33 KSA · REGULAR · signal     · TRUMP-USD · orb ▼ 70 · 15m
20:33 KSA · REGULAR · signal     · TRUMP-USD · brk ▼ 55 · 15m
20:33 KSA · REGULAR · signal     · EUR-USD · brk ▼ 61 · 15m
20:33 KSA · REGULAR · signal     · ARB-USD · brk ▼ 55 · 15m
20:33 KSA · REGULAR · signal     · ARB-USD · sqzExp ▼ 90 · 1h
20:33 KSA · REGULAR · signal     · BANK-USD · brk ▼ 55 · 15m
20:33 KSA · REGULAR · signal     · BANK-USD · sqzExp ▼ 93 · 1h
20:33 KSA · REGULAR · signal     · TON-USD · brk ▼ 61 · 15m
20:33 KSA · REGULAR · signal     · SENT-USD · orb ▼ 63 · 15m
20:33 KSA · REGULAR · signal     · SENT-USD · brk ▼ 64 · 15m
20:33 KSA · REGULAR · signal     · SENT-USD · sqzExp ▼ 78 · 1h
20:33 KSA · REGULAR · signal     · PENGU-USD · orb ▼ 65 · 15m
20:33 KSA · REGULAR · signal     · PENGU-USD · brk ▼ 55 · 15m
20:33 KSA · REGULAR · signal     · APT-USD · brk ▼ 55 · 15m
20:35 KSA · REGULAR · scanner    · بدء المسح · 1153 رمزاً · الجلسة REGULAR
20:35 KSA · REGULAR · signal     · CSCO · vwapRec ▼ 100 · 15m
20:35 KSA · REGULAR · signal     · SOL-USD · brk ▲ 100 · 15m
20:35 KSA · REGULAR · signal     · TAO-USD · orb ▲ 78 · 15m
20:35 KSA · REGULAR · signal     · ARB-USD · orb ▲ 65 · 15m
20:35 KSA · REGULAR · signal     · BANK-USD · orb ▲ 80 · 15m
20:35 KSA · REGULAR · signal     · APT-USD · orb ▲ 73 · 15m
20:38 KSA · REGULAR · scanner    · بدء المسح · 1153 رمزاً · الجلسة REGULAR
20:40 KSA · REGULAR · scanner    · بدء المسح · 1153 رمزاً · الجلسة REGULAR
20:42 KSA · REGULAR · scanner    · بدء المسح · 1153 رمزاً · الجلسة REGULAR
20:42 KSA · REGULAR · signal     · DHR · brk ▲ 82 · 15m
20:42 KSA · REGULAR · signal     · UNI-USD · sqzExp ▼ 55 · 1h
20:42 KSA · REGULAR · signal     · SUI-USD · orb ▼ 60 · 15m
20:42 KSA · REGULAR · signal     · PEPE-USD · sqzExp ▲ 75 · 1h
20:42 KSA · REGULAR · signal     · TAO-USD · brk ▼ 55 · 15m
20:42 KSA · REGULAR · signal     · THE-USD · orb ▼ 55 · 15m
20:42 KSA · REGULAR · signal     · TRUMP-USD · orb ▼ 70 · 15m
20:42 KSA · REGULAR · signal     · TRUMP-USD · brk ▼ 55 · 15m
20:42 KSA · REGULAR · signal     · EUR-USD · brk ▼ 61 · 15m
20:42 KSA · REGULAR · signal     · ARB-USD · brk ▼ 55 · 15m
20:42 KSA · REGULAR · signal     · ARB-USD · sqzExp ▼ 90 · 1h
20:42 KSA · REGULAR · signal     · BANK-USD · brk ▼ 55 · 15m
20:42 KSA · REGULAR · signal     · BANK-USD · sqzExp ▼ 93 · 1h
20:42 KSA · REGULAR · signal     · TON-USD · brk ▼ 61 · 15m
20:42 KSA · REGULAR · signal     · SENT-USD · orb ▼ 63 · 15m
20:42 KSA · REGULAR · signal     · SENT-USD · brk ▼ 64 · 15m
20:42 KSA · REGULAR · signal     · SENT-USD · sqzExp ▼ 78 · 1h
20:42 KSA · REGULAR · signal     · PENGU-USD · orb ▼ 65 · 15m
20:42 KSA · REGULAR · signal     · PENGU-USD · brk ▼ 55 · 15m
20:42 KSA · REGULAR · signal     · APT-USD · brk ▼ 55 · 15m
20:44 KSA · REGULAR · scanner    · بدء المسح · 1153 رمزاً · الجلسة REGULAR
20:44 KSA · REGULAR · signal     · TAO-USD · orb ▲ 78 · 15m
20:44 KSA · REGULAR · signal     · ARB-USD · orb ▲ 57 · 15m
20:44 KSA · REGULAR · signal     · BANK-USD · orb ▲ 73 · 15m
20:44 KSA · REGULAR · signal     · APT-USD · orb ▲ 73 · 15m
20:46 KSA · REGULAR · scanner    · بدء المسح · 1153 رمزاً · الجلسة REGULAR
20:46 KSA · REGULAR · signal     · NKE · vwapRec ▲ 100 · 15m
20:46 KSA · REGULAR · signal     · ARB-USD · brk ▲ 100 · 15m
20:46 KSA · REGULAR · signal     · ARB-USD · sqzExp ▲ 100 · 1h
20:48 KSA · REGULAR · scanner    · بدء المسح · 1153 رمزاً · الجلسة REGULAR
20:50 KSA · REGULAR · scanner    · بدء المسح · 1153 رمزاً · الجلسة REGULAR
20:50 KSA · REGULAR · signal     · VST · orb ▼ 64 · 15m
20:50 KSA · REGULAR · signal     · WLFI-USD · pbTrend ▲ 57 · 1h
20:53 KSA · REGULAR · scanner    · بدء المسح · 1153 رمزاً · الجلسة REGULAR
20:53 KSA · REGULAR · signal     · AAVE-USD · rsiDiv ▼ 78 · 15m
20:53 KSA · REGULAR · signal     · UNI-USD · orb ▼ 57 · 15m
20:53 KSA · REGULAR · signal     · UNI-USD · sqzExp ▼ 55 · 1h
20:53 KSA · REGULAR · signal     · SUI-USD · orb ▼ 60 · 15m
20:53 KSA · REGULAR · signal     · SUI-USD · brk ▼ 55 · 15m
20:53 KSA · REGULAR · signal     · U-USD · orb ▼ 65 · 15m
20:53 KSA · REGULAR · signal     · U-USD · brk ▼ 57 · 15m
20:53 KSA · REGULAR · signal     · U-USD · meanRev ▲ 57 · 15m
20:53 KSA · REGULAR · signal     · PEPE-USD · sqzExp ▲ 75 · 1h
20:53 KSA · REGULAR · signal     · TAO-USD · brk ▼ 77 · 15m
20:53 KSA · REGULAR · signal     · THE-USD · orb ▼ 60 · 15m
20:53 KSA · REGULAR · signal     · THE-USD · brk ▼ 55 · 15m
20:53 KSA · REGULAR · signal     · TRUMP-USD · orb ▼ 78 · 15m
20:53 KSA · REGULAR · signal     · TRUMP-USD · brk ▼ 77 · 15m
20:53 KSA · REGULAR · signal     · EUR-USD · brk ▼ 55 · 15m
20:53 KSA · REGULAR · signal     · BANK-USD · sqzExp ▼ 93 · 1h
20:53 KSA · REGULAR · signal     · TON-USD · brk ▼ 61 · 15m
20:53 KSA · REGULAR · signal     · SENT-USD · orb ▼ 63 · 15m
20:53 KSA · REGULAR · signal     · SENT-USD · sqzExp ▼ 78 · 1h
20:53 KSA · REGULAR · signal     · PENGU-USD · orb ▼ 65 · 15m
20:53 KSA · REGULAR · signal     · PENGU-USD · brk ▼ 68 · 15m
20:53 KSA · REGULAR · signal     · APT-USD · brk ▼ 70 · 15m
20:54 KSA · REGULAR · scanner    · بدء المسح · 1153 رمزاً · الجلسة REGULAR
20:54 KSA · REGULAR · signal     · TAO-USD · orb ▲ 85 · 15m
20:54 KSA · REGULAR · signal     · ARB-USD · orb ▲ 65 · 15m
20:54 KSA · REGULAR · signal     · ARB-USD · brk ▲ 73 · 15m
20:54 KSA · REGULAR · signal     · ARB-USD · sqzExp ▲ 90 · 1h
20:54 KSA · REGULAR · signal     · BANK-USD · orb ▲ 80 · 15m
20:54 KSA · REGULAR · signal     · APT-USD · orb ▲ 73 · 15m
20:56 KSA · REGULAR · scanner    · بدء المسح · 1153 رمزاً · الجلسة REGULAR
20:58 KSA · REGULAR · scanner    · بدء المسح · 1153 رمزاً · الجلسة REGULAR
21:00 KSA · REGULAR · scanner    · بدء المسح · 1153 رمزاً · الجلسة REGULAR
21:00 KSA · REGULAR · signal     · WLFI-USD · pbTrend ▲ 57 · 1h
21:03 KSA · REGULAR · scanner    · بدء المسح · 1153 رمزاً · الجلسة REGULAR
21:03 KSA · REGULAR · signal     · TMO · orb ▲ 83 · 15m
21:03 KSA · REGULAR · signal     · DIS · vwapRec ▲ 73 · 15m
21:03 KSA · REGULAR · signal     · ONDO-USD · momo ▲ 89 · 1h
21:03 KSA · REGULAR · signal     · UNI-USD · sqzExp ▼ 55 · 1h
21:03 KSA · REGULAR · signal     · SUI-USD · orb ▼ 60 · 15m
21:03 KSA · REGULAR · signal     · U-USD · meanRev ▲ 57 · 15m
21:03 KSA · REGULAR · signal     · PEPE-USD · sqzExp ▲ 75 · 1h
21:03 KSA · REGULAR · signal     · TAO-USD · brk ▼ 55 · 15m
21:03 KSA · REGULAR · signal     · THE-USD · orb ▼ 75 · 15m
21:03 KSA · REGULAR · signal     · TRUMP-USD · orb ▼ 78 · 15m
21:03 KSA · REGULAR · signal     · TRUMP-USD · brk ▼ 61 · 15m
21:03 KSA · REGULAR · signal     · EUR-USD · brk ▼ 55 · 15m
21:03 KSA · REGULAR · signal     · BANK-USD · brk ▼ 61 · 15m
21:03 KSA · REGULAR · signal     · BANK-USD · sqzExp ▼ 93 · 1h
21:03 KSA · REGULAR · signal     · TON-USD · brk ▼ 61 · 15m
21:03 KSA · REGULAR · signal     · SENT-USD · orb ▼ 70 · 15m
21:03 KSA · REGULAR · signal     · SENT-USD · brk ▼ 73 · 15m
21:03 KSA · REGULAR · signal     · SENT-USD · sqzExp ▼ 78 · 1h
21:03 KSA · REGULAR · signal     · PENGU-USD · orb ▼ 65 · 15m
21:03 KSA · REGULAR · signal     · PENGU-USD · brk ▼ 55 · 15m
21:03 KSA · REGULAR · signal     · APT-USD · brk ▼ 64 · 15m
21:05 KSA · REGULAR · scanner    · بدء المسح · 1153 رمزاً · الجلسة REGULAR
21:05 KSA · REGULAR · signal     · QCOM · vwapRec ▼ 100 · 15m
21:05 KSA · REGULAR · signal     · NOW · vwapRec ▲ 100 · 15m
21:05 KSA · REGULAR · signal     · TAO-USD · orb ▲ 70 · 15m
21:05 KSA · REGULAR · signal     · ARB-USD · orb ▲ 65 · 15m
21:05 KSA · REGULAR · signal     · ARB-USD · brk ▲ 73 · 15m
21:05 KSA · REGULAR · signal     · ARB-USD · sqzExp ▲ 90 · 1h
21:05 KSA · REGULAR · signal     · BANK-USD · orb ▲ 80 · 15m
21:05 KSA · REGULAR · signal     · APT-USD · orb ▲ 80 · 15m
21:08 KSA · REGULAR · scanner    · بدء المسح · 1153 رمزاً · الجلسة REGULAR
21:10 KSA · REGULAR · scanner    · بدء المسح · 1153 رمزاً · الجلسة REGULAR
21:13 KSA · REGULAR · scanner    · بدء المسح · 1153 رمزاً · الجلسة REGULAR
21:13 KSA · REGULAR · signal     · UNI-USD · sqzExp ▼ 55 · 1h
21:13 KSA · REGULAR · signal     · SUI-USD · orb ▼ 60 · 15m
21:13 KSA · REGULAR · signal     · U-USD · meanRev ▲ 57 · 15m
21:13 KSA · REGULAR · signal     · PEPE-USD · sqzExp ▲ 75 · 1h
21:13 KSA · REGULAR · signal     · TAO-USD · brk ▼ 55 · 15m
21:13 KSA · REGULAR · signal     · THE-USD · orb ▼ 75 · 15m
21:13 KSA · REGULAR · signal     · TRUMP-USD · orb ▼ 78 · 15m
21:13 KSA · REGULAR · signal     · TRUMP-USD · brk ▼ 61 · 15m
21:13 KSA · REGULAR · signal     · EUR-USD · brk ▼ 55 · 15m
21:13 KSA · REGULAR · signal     · BANK-USD · brk ▼ 61 · 15m
21:13 KSA · REGULAR · signal     · BANK-USD · sqzExp ▼ 93 · 1h
21:13 KSA · REGULAR · signal     · TON-USD · brk ▼ 61 · 15m
21:13 KSA · REGULAR · signal     · SENT-USD · orb ▼ 70 · 15m
21:13 KSA · REGULAR · signal     · SENT-USD · brk ▼ 73 · 15m
21:13 KSA · REGULAR · signal     · SENT-USD · sqzExp ▼ 78 · 1h
21:13 KSA · REGULAR · signal     · PENGU-USD · orb ▼ 65 · 15m
21:13 KSA · REGULAR · signal     · PENGU-USD · brk ▼ 55 · 15m
21:13 KSA · REGULAR · signal     · APT-USD · brk ▼ 64 · 15m
21:14 KSA · REGULAR · scanner    · بدء المسح · 1153 رمزاً · الجلسة REGULAR
21:14 KSA · REGULAR · signal     · TAO-USD · orb ▲ 70 · 15m
21:14 KSA · REGULAR · signal     · ARB-USD · orb ▲ 65 · 15m
21:14 KSA · REGULAR · signal     · ARB-USD · brk ▲ 73 · 15m
21:14 KSA · REGULAR · signal     · ARB-USD · sqzExp ▲ 90 · 1h
21:14 KSA · REGULAR · signal     · BANK-USD · orb ▲ 80 · 15m
21:14 KSA · REGULAR · signal     · APT-USD · orb ▲ 80 · 15m
21:14 KSA · REGULAR · signal     · XVG-USD · meanRev ▼ 100 · 1d
21:16 KSA · REGULAR · scanner    · بدء المسح · 1153 رمزاً · الجلسة REGULAR
21:16 KSA · REGULAR · signal     · V · orb ▲ 82 · 15m
21:16 KSA · REGULAR · signal     · V · brk ▲ 69 · 15m
21:18 KSA · REGULAR · scanner    · بدء المسح · 1153 رمزاً · الجلسة REGULAR
21:18 KSA · REGULAR · signal     · ICP-USD · brk ▲ 69 · 15m
21:20 KSA · REGULAR · scanner    · بدء المسح · 1153 رمزاً · الجلسة REGULAR
21:20 KSA · REGULAR · signal     · CAKE-USD · meanRev ▼ 100 · 15m
21:23 KSA · REGULAR · scanner    · بدء المسح · 1153 رمزاً · الجلسة REGULAR
21:23 KSA · REGULAR · signal     · FIX · momo ▼ 61 · 1h
21:23 KSA · REGULAR · signal     · CAKE-USD · momo ▲ 81 · 1h
21:23 KSA · REGULAR · signal     · UNI-USD · sqzExp ▼ 55 · 1h
21:23 KSA · REGULAR · signal     · SUI-USD · orb ▼ 70 · 15m
21:23 KSA · REGULAR · signal     · SUI-USD · brk ▼ 55 · 15m
21:23 KSA · REGULAR · signal     · U-USD · pbTrend ▲ 57 · 1h
21:23 KSA · REGULAR · signal     · U-USD · meanRev ▲ 65 · 15m
21:23 KSA · REGULAR · signal     · PEPE-USD · sqzExp ▲ 65 · 1h
21:23 KSA · REGULAR · signal     · TAO-USD · brk ▼ 73 · 15m
21:23 KSA · REGULAR · signal     · THE-USD · orb ▼ 65 · 15m
21:23 KSA · REGULAR · signal     · THE-USD · brk ▼ 55 · 15m
21:23 KSA · REGULAR · signal     · TRUMP-USD · orb ▼ 70 · 15m
21:23 KSA · REGULAR · signal     · TRUMP-USD · brk ▼ 61 · 15m
21:23 KSA · REGULAR · signal     · EUR-USD · brk ▼ 55 · 15m
21:23 KSA · REGULAR · signal     · HOLO-USD · tfAlign ▼ 76 · 1d
21:23 KSA · REGULAR · signal     · BANK-USD · sqzExp ▼ 93 · 1h
21:23 KSA · REGULAR · signal     · TON-USD · brk ▼ 61 · 15m
21:23 KSA · REGULAR · signal     · SENT-USD · orb ▼ 63 · 15m
21:23 KSA · REGULAR · signal     · SENT-USD · sqzExp ▼ 85 · 1h
21:23 KSA · REGULAR · signal     · PENGU-USD · orb ▼ 65 · 15m
21:23 KSA · REGULAR · signal     · PENGU-USD · brk ▼ 61 · 15m
21:23 KSA · REGULAR · signal     · PENGU-USD · momo ▼ 56 · 1h
21:23 KSA · REGULAR · signal     · ASTER-USD · orb ▼ 65 · 15m
21:23 KSA · REGULAR · signal     · ASTER-USD · brk ▼ 66 · 15m
21:23 KSA · REGULAR · signal     · APT-USD · brk ▼ 68 · 15m
21:25 KSA · REGULAR · scanner    · بدء المسح · 1153 رمزاً · الجلسة REGULAR
21:25 KSA · REGULAR · signal     · TAO-USD · orb ▲ 85 · 15m
21:25 KSA · REGULAR · signal     · ARB-USD · orb ▲ 65 · 15m
21:25 KSA · REGULAR · signal     · BANK-USD · orb ▲ 80 · 15m
21:25 KSA · REGULAR · signal     · APT-USD · orb ▲ 70 · 15m
21:26 KSA · REGULAR · scanner    · بدء المسح · 1153 رمزاً · الجلسة REGULAR
21:26 KSA · REGULAR · signal     · THE-USD · meanRev ▲ 100 · 15m
21:28 KSA · REGULAR · scanner    · بدء المسح · 1153 رمزاً · الجلسة REGULAR
21:28 KSA · REGULAR · signal     · TAO-USD · brk ▲ 100 · 15m
21:28 KSA · REGULAR · signal     · TAO-USD · meanRev ▼ 100 · 15m
21:30 KSA · REGULAR · scanner    · بدء المسح · 1153 رمزاً · الجلسة REGULAR
21:30 KSA · REGULAR · signal     · AON · orb ▼ 64 · 15m
21:30 KSA · REGULAR · signal     · NXPI · brk ▲ 69 · 15m
21:30 KSA · REGULAR · signal     · U-USD · pbTrend ▲ 79 · 1h
21:34 KSA · REGULAR · scanner    · بدء المسح · 1153 رمزاً · الجلسة REGULAR
21:34 KSA · REGULAR · signal     · UNI-USD · brk ▼ 55 · 15m
21:34 KSA · REGULAR · signal     · UNI-USD · sqzExp ▼ 55 · 1h
21:34 KSA · REGULAR · signal     · SUI-USD · orb ▼ 70 · 15m
21:34 KSA · REGULAR · signal     · SUI-USD · brk ▼ 61 · 15m
21:34 KSA · REGULAR · signal     · PEPE-USD · sqzExp ▲ 65 · 1h
21:34 KSA · REGULAR · signal     · THE-USD · orb ▼ 73 · 15m
21:34 KSA · REGULAR · signal     · THE-USD · brk ▼ 70 · 15m
21:34 KSA · REGULAR · signal     · TRUMP-USD · orb ▼ 70 · 15m
21:34 KSA · REGULAR · signal     · TRUMP-USD · brk ▼ 55 · 15m
21:34 KSA · REGULAR · signal     · EUR-USD · brk ▼ 61 · 15m
21:34 KSA · REGULAR · signal     · ARB-USD · brk ▼ 73 · 15m
21:34 KSA · REGULAR · signal     · ARB-USD · sqzExp ▼ 90 · 1h
21:34 KSA · REGULAR · signal     · BANK-USD · brk ▼ 80 · 15m
21:34 KSA · REGULAR · signal     · BANK-USD · sqzExp ▼ 93 · 1h
21:34 KSA · REGULAR · signal     · TON-USD · brk ▼ 61 · 15m
21:34 KSA · REGULAR · signal     · SENT-USD · orb ▼ 55 · 15m
21:34 KSA · REGULAR · signal     · SENT-USD · brk ▼ 55 · 15m
21:34 KSA · REGULAR · signal     · SENT-USD · sqzExp ▼ 85 · 1h
21:34 KSA · REGULAR · signal     · PENGU-USD · orb ▼ 65 · 15m
21:34 KSA · REGULAR · signal     · PENGU-USD · brk ▼ 61 · 15m
21:34 KSA · REGULAR · signal     · WLFI-USD · orb ▼ 65 · 15m
21:34 KSA · REGULAR · signal     · APT-USD · brk ▼ 64 · 15m
21:38 KSA · REGULAR · scanner    · بدء المسح · 1153 رمزاً · الجلسة REGULAR
21:38 KSA · REGULAR · signal     · TAO-USD · orb ▲ 85 · 15m
21:38 KSA · REGULAR · signal     · ARB-USD · orb ▲ 73 · 15m
21:38 KSA · REGULAR · signal     · BANK-USD · orb ▲ 88 · 15m
21:38 KSA · REGULAR · signal     · APT-USD · orb ▲ 78 · 15m
21:40 KSA · REGULAR · scanner    · بدء المسح · 1153 رمزاً · الجلسة REGULAR
21:40 KSA · REGULAR · signal     · ACN · vwapRec ▼ 100 · 15m
21:40 KSA · REGULAR · signal     · U-USD · pbTrend ▲ 79 · 1h
21:42 KSA · REGULAR · scanner    · بدء المسح · 1153 رمزاً · الجلسة REGULAR
21:42 KSA · REGULAR · signal     · PEP · tfAlign ▼ 79 · 1d
21:42 KSA · REGULAR · signal     · UNI-USD · brk ▼ 55 · 15m
21:42 KSA · REGULAR · signal     · UNI-USD · sqzExp ▼ 55 · 1h
21:42 KSA · REGULAR · signal     · SUI-USD · orb ▼ 70 · 15m
21:42 KSA · REGULAR · signal     · SUI-USD · brk ▼ 61 · 15m
21:42 KSA · REGULAR · signal     · U-USD · tfAlign ▲ 84 · 1d
21:42 KSA · REGULAR · signal     · PEPE-USD · sqzExp ▲ 65 · 1h
21:42 KSA · REGULAR · signal     · TAO-USD · brk ▼ 73 · 15m
21:42 KSA · REGULAR · signal     · THE-USD · orb ▼ 73 · 15m
21:42 KSA · REGULAR · signal     · THE-USD · brk ▼ 70 · 15m
21:42 KSA · REGULAR · signal     · TRUMP-USD · orb ▼ 70 · 15m
21:42 KSA · REGULAR · signal     · TRUMP-USD · brk ▼ 55 · 15m
21:42 KSA · REGULAR · signal     · EUR-USD · brk ▼ 61 · 15m
21:42 KSA · REGULAR · signal     · ARB-USD · brk ▼ 73 · 15m
21:42 KSA · REGULAR · signal     · ARB-USD · sqzExp ▼ 90 · 1h
21:42 KSA · REGULAR · signal     · BANK-USD · brk ▼ 80 · 15m
21:42 KSA · REGULAR · signal     · BANK-USD · sqzExp ▼ 93 · 1h
21:42 KSA · REGULAR · signal     · TON-USD · brk ▼ 61 · 15m
21:42 KSA · REGULAR · signal     · SENT-USD · orb ▼ 55 · 15m
21:42 KSA · REGULAR · signal     · SENT-USD · brk ▼ 55 · 15m
21:42 KSA · REGULAR · signal     · SENT-USD · sqzExp ▼ 85 · 1h
21:42 KSA · REGULAR · signal     · PENGU-USD · orb ▼ 65 · 15m
21:42 KSA · REGULAR · signal     · PENGU-USD · brk ▼ 61 · 15m
21:42 KSA · REGULAR · signal     · WLFI-USD · orb ▼ 65 · 15m
21:42 KSA · REGULAR · signal     · APT-USD · brk ▼ 64 · 15m
21:44 KSA · REGULAR · scanner    · بدء المسح · 1153 رمزاً · الجلسة REGULAR
21:44 KSA · REGULAR · signal     · SPGI · vwapRec ▼ 100 · 15m
21:44 KSA · REGULAR · signal     · PAXG-USD · pbTrend ▼ 57 · 1h
21:44 KSA · REGULAR · signal     · TAO-USD · orb ▲ 85 · 15m
21:44 KSA · REGULAR · signal     · ARB-USD · orb ▲ 73 · 15m
21:44 KSA · REGULAR · signal     · BANK-USD · orb ▲ 95 · 15m
21:44 KSA · REGULAR · signal     · APT-USD · orb ▲ 78 · 15m
21:44 KSA · REGULAR · signal     · BAX · meanRev ▲ 100 · 1d
21:46 KSA · REGULAR · scanner    · بدء المسح · 1153 رمزاً · الجلسة REGULAR
21:46 KSA · REGULAR · signal     · PAXG-USD · meanRev ▲ 100 · 15m
21:48 KSA · REGULAR · scanner    · بدء المسح · 1153 رمزاً · الجلسة REGULAR
21:50 KSA · REGULAR · scanner    · بدء المسح · 1153 رمزاً · الجلسة REGULAR
21:50 KSA · REGULAR · signal     · PANW · orb ▲ 82 · 15m
21:50 KSA · REGULAR · signal     · THE-USD · meanRev ▲ 100 · 15m
21:52 KSA · REGULAR · scanner    · بدء المسح · 1153 رمزاً · الجلسة REGULAR
21:52 KSA · REGULAR · signal     · IOTA-USD · volSpike ▼ 78 · 15m
21:52 KSA · REGULAR · signal     · UNI-USD · sqzExp ▼ 55 · 1h
21:52 KSA · REGULAR · signal     · SUI-USD · orb ▼ 85 · 15m
21:52 KSA · REGULAR · signal     · SUI-USD · brk ▼ 80 · 15m
21:52 KSA · REGULAR · signal     · U-USD · pbTrend ▲ 57 · 1h
21:52 KSA · REGULAR · signal     · PEPE-USD · sqzExp ▲ 65 · 1h
21:52 KSA · REGULAR · signal     · TAO-USD · brk ▼ 80 · 15m
21:52 KSA · REGULAR · signal     · THE-USD · orb ▼ 65 · 15m
21:52 KSA · REGULAR · signal     · THE-USD · brk ▼ 55 · 15m
21:52 KSA · REGULAR · signal     · TRUMP-USD · orb ▼ 85 · 15m
21:52 KSA · REGULAR · signal     · TRUMP-USD · brk ▼ 70 · 15m
21:52 KSA · REGULAR · signal     · EUR-USD · brk ▼ 61 · 15m
21:52 KSA · REGULAR · signal     · ARB-USD · sqzExp ▼ 90 · 1h
21:52 KSA · REGULAR · signal     · BANK-USD · brk ▼ 70 · 15m
21:52 KSA · REGULAR · signal     · BANK-USD · sqzExp ▼ 93 · 1h
21:52 KSA · REGULAR · signal     · TON-USD · brk ▼ 61 · 15m
21:52 KSA · REGULAR · signal     · SENT-USD · orb ▼ 70 · 15m
21:52 KSA · REGULAR · signal     · SENT-USD · brk ▼ 59 · 15m
21:52 KSA · REGULAR · signal     · SENT-USD · sqzExp ▼ 85 · 1h
21:52 KSA · REGULAR · signal     · PENGU-USD · orb ▼ 65 · 15m
21:52 KSA · REGULAR · signal     · PENGU-USD · brk ▼ 61 · 15m
21:52 KSA · REGULAR · signal     · WLFI-USD · orb ▼ 73 · 15m
21:52 KSA · REGULAR · signal     · APT-USD · brk ▼ 61 · 15m
21:54 KSA · REGULAR · scanner    · بدء المسح · 1153 رمزاً · الجلسة REGULAR
21:54 KSA · REGULAR · signal     · TAO-USD · orb ▲ 85 · 15m
21:54 KSA · REGULAR · signal     · ARB-USD · orb ▲ 57 · 15m
21:54 KSA · REGULAR · signal     · BANK-USD · orb ▲ 88 · 15m
21:54 KSA · REGULAR · signal     · APT-USD · orb ▲ 78 · 15m
21:56 KSA · REGULAR · scanner    · بدء المسح · 1153 رمزاً · الجلسة REGULAR
21:56 KSA · REGULAR · signal     · PENDLE-USD · orb ▼ 82 · 15m
21:58 KSA · REGULAR · scanner    · بدء المسح · 1153 رمزاً · الجلسة REGULAR
21:58 KSA · REGULAR · signal     · U-USD · pbTrend ▲ 79 · 1h
22:00 KSA · REGULAR · scanner    · بدء المسح · 1153 رمزاً · الجلسة REGULAR
22:00 KSA · REGULAR · signal     · NXPI · meanRev ▼ 100 · 15m
22:00 KSA · REGULAR · signal     · NKE · pbTrend ▼ 100 · 1h
22:03 KSA · REGULAR · scanner    · بدء المسح · 1153 رمزاً · الجلسة REGULAR
22:03 KSA · REGULAR · signal     · LLY · vwapRec ▲ 63 · 15m
22:03 KSA · REGULAR · signal     · CMCSA · sqzExp ▼ 68 · 1h
22:03 KSA · REGULAR · signal     · UNI-USD · brk ▼ 55 · 15m
22:03 KSA · REGULAR · signal     · UNI-USD · sqzExp ▼ 55 · 1h
22:03 KSA · REGULAR · signal     · SUI-USD · orb ▼ 70 · 15m
22:03 KSA · REGULAR · signal     · SUI-USD · brk ▼ 68 · 15m
22:03 KSA · REGULAR · signal     · U-USD · tfAlign ▲ 84 · 1d
22:03 KSA · REGULAR · signal     · PEPE-USD · sqzExp ▲ 65 · 1h
22:03 KSA · REGULAR · signal     · TAO-USD · brk ▼ 73 · 15m
22:03 KSA · REGULAR · signal     · THE-USD · orb ▼ 65 · 15m
22:03 KSA · REGULAR · signal     · TRUMP-USD · orb ▼ 78 · 15m
22:03 KSA · REGULAR · signal     · TRUMP-USD · brk ▼ 68 · 15m
22:03 KSA · REGULAR · signal     · EUR-USD · brk ▼ 55 · 15m
22:03 KSA · REGULAR · signal     · ARB-USD · sqzExp ▼ 90 · 1h
22:03 KSA · REGULAR · signal     · BANK-USD · brk ▼ 64 · 15m
22:03 KSA · REGULAR · signal     · BANK-USD · sqzExp ▼ 93 · 1h
22:03 KSA · REGULAR · signal     · TON-USD · brk ▼ 61 · 15m
22:03 KSA · REGULAR · signal     · SENT-USD · orb ▼ 70 · 15m
22:03 KSA · REGULAR · signal     · SENT-USD · brk ▼ 66 · 15m
22:03 KSA · REGULAR · signal     · SENT-USD · sqzExp ▼ 85 · 1h
22:03 KSA · REGULAR · signal     · PENGU-USD · orb ▼ 65 · 15m
22:03 KSA · REGULAR · signal     · PENGU-USD · brk ▼ 68 · 15m
22:03 KSA · REGULAR · signal     · WLFI-USD · orb ▼ 65 · 15m
22:03 KSA · REGULAR · signal     · APT-USD · brk ▼ 70 · 15m
22:04 KSA · REGULAR · scanner    · بدء المسح · 1153 رمزاً · الجلسة REGULAR
22:04 KSA · REGULAR · signal     · TAO-USD · orb ▲ 85 · 15m
22:04 KSA · REGULAR · signal     · BANK-USD · orb ▲ 88 · 15m
22:04 KSA · REGULAR · signal     · APT-USD · orb ▲ 85 · 15m
22:04 KSA · REGULAR · signal     · AAPLB-USD · brk ▲ 69 · 1d
22:08 KSA · REGULAR · scanner    · بدء المسح · 1153 رمزاً · الجلسة REGULAR
22:08 KSA · REGULAR · signal     · VLO · brk ▲ 100 · 15m
22:08 KSA · REGULAR · signal     · ENA-USD · orb ▲ 82 · 15m
22:08 KSA · REGULAR · signal     · U-USD · pbTrend ▲ 79 · 1h
22:10 KSA · REGULAR · scanner    · بدء المسح · 1153 رمزاً · الجلسة REGULAR
22:10 KSA · REGULAR · signal     · IBM · meanRev ▼ 100 · 15m
22:10 KSA · REGULAR · signal     · EL · meanRev ▲ 100 · 1d
22:13 KSA · REGULAR · scanner    · بدء المسح · 1153 رمزاً · الجلسة REGULAR
22:13 KSA · REGULAR · signal     · DE · sqzExp ▲ 70 · 1h
22:13 KSA · REGULAR · signal     · PSX · momo ▲ 89 · 1h
22:13 KSA · REGULAR · signal     · UNI-USD · brk ▼ 55 · 15m
22:13 KSA · REGULAR · signal     · UNI-USD · sqzExp ▼ 55 · 1h
22:13 KSA · REGULAR · signal     · SUI-USD · orb ▼ 70 · 15m
22:13 KSA · REGULAR · signal     · SUI-USD · brk ▼ 68 · 15m
22:13 KSA · REGULAR · signal     · PEPE-USD · sqzExp ▲ 65 · 1h
22:13 KSA · REGULAR · signal     · TAO-USD · brk ▼ 73 · 15m
22:13 KSA · REGULAR · signal     · THE-USD · orb ▼ 65 · 15m
22:13 KSA · REGULAR · signal     · TRUMP-USD · orb ▼ 78 · 15m
22:13 KSA · REGULAR · signal     · TRUMP-USD · brk ▼ 68 · 15m
22:13 KSA · REGULAR · signal     · EUR-USD · brk ▼ 55 · 15m
22:13 KSA · REGULAR · signal     · ARB-USD · sqzExp ▼ 90 · 1h
22:13 KSA · REGULAR · signal     · BANK-USD · brk ▼ 64 · 15m
22:13 KSA · REGULAR · signal     · BANK-USD · sqzExp ▼ 93 · 1h
22:13 KSA · REGULAR · signal     · TON-USD · brk ▼ 61 · 15m
22:13 KSA · REGULAR · signal     · SENT-USD · orb ▼ 70 · 15m
22:13 KSA · REGULAR · signal     · SENT-USD · brk ▼ 66 · 15m
22:13 KSA · REGULAR · signal     · SENT-USD · sqzExp ▼ 85 · 1h
22:13 KSA · REGULAR · signal     · PENGU-USD · orb ▼ 65 · 15m
22:13 KSA · REGULAR · signal     · PENGU-USD · brk ▼ 68 · 15m
22:13 KSA · REGULAR · signal     · WLFI-USD · orb ▼ 65 · 15m
22:13 KSA · REGULAR · signal     · APT-USD · brk ▼ 70 · 15m
22:15 KSA · REGULAR · scanner    · بدء المسح · 1153 رمزاً · الجلسة REGULAR
22:15 KSA · REGULAR · signal     · LMT · pbTrend ▼ 57 · 1h
22:15 KSA · REGULAR · signal     · TAO-USD · orb ▲ 85 · 15m
22:15 KSA · REGULAR · signal     · ARB-USD · orb ▲ 57 · 15m
22:15 KSA · REGULAR · signal     · BANK-USD · orb ▲ 95 · 15m
22:15 KSA · REGULAR · signal     · APT-USD · orb ▲ 85 · 15m
22:16 KSA · REGULAR · scanner    · بدء المسح · 1153 رمزاً · الجلسة REGULAR
22:16 KSA · REGULAR · signal     · XPL-USD · vwapRec ▼ 100 · 15m
22:16 KSA · REGULAR · signal     · COR · meanRev ▲ 100 · 1d
22:18 KSA · REGULAR · scanner    · بدء المسح · 1153 رمزاً · الجلسة REGULAR
22:18 KSA · REGULAR · signal     · CIEN · orb ▼ 82 · 15m
22:18 KSA · REGULAR · signal     · ICP-USD · sqzExp ▲ 100 · 1h
22:20 KSA · REGULAR · scanner    · بدء المسح · 1153 رمزاً · الجلسة REGULAR
22:20 KSA · REGULAR · signal     · TER · meanRev ▲ 100 · 15m
22:20 KSA · REGULAR · signal     · U-USD · pbTrend ▲ 79 · 1h
22:23 KSA · REGULAR · scanner    · بدء المسح · 1153 رمزاً · الجلسة REGULAR
22:23 KSA · REGULAR · signal     · AAPL · volSpike ▲ 83 · 15m
22:23 KSA · REGULAR · signal     · ADBE · volSpike ▲ 78 · 15m
22:23 KSA · REGULAR · signal     · XPL-USD · momo ▼ 56 · 1h
22:23 KSA · REGULAR · signal     · SUI-USD · orb ▼ 70 · 15m
22:23 KSA · REGULAR · signal     · SUI-USD · brk ▼ 68 · 15m
22:23 KSA · REGULAR · signal     · PEPE-USD · sqzExp ▲ 57 · 1h
22:23 KSA · REGULAR · signal     · TAO-USD · brk ▼ 86 · 15m
22:23 KSA · REGULAR · signal     · THE-USD · orb ▼ 60 · 15m
22:23 KSA · REGULAR · signal     · TRUMP-USD · orb ▼ 70 · 15m
22:23 KSA · REGULAR · signal     · TRUMP-USD · brk ▼ 64 · 15m
22:23 KSA · REGULAR · signal     · EUR-USD · brk ▼ 55 · 15m
22:23 KSA · REGULAR · signal     · ARB-USD · brk ▼ 55 · 15m
22:23 KSA · REGULAR · signal     · ARB-USD · sqzExp ▼ 90 · 1h
22:23 KSA · REGULAR · signal     · BANK-USD · brk ▼ 61 · 15m
22:23 KSA · REGULAR · signal     · BANK-USD · sqzExp ▼ 100 · 1h
22:23 KSA · REGULAR · signal     · TON-USD · brk ▼ 61 · 15m
22:23 KSA · REGULAR · signal     · SENT-USD · orb ▼ 70 · 15m
22:23 KSA · REGULAR · signal     · SENT-USD · brk ▼ 73 · 15m
22:23 KSA · REGULAR · signal     · SENT-USD · sqzExp ▼ 73 · 1h
22:23 KSA · REGULAR · signal     · PENGU-USD · orb ▼ 80 · 15m
22:23 KSA · REGULAR · signal     · PENGU-USD · brk ▼ 77 · 15m
22:23 KSA · REGULAR · signal     · WLFI-USD · orb ▼ 60 · 15m
22:23 KSA · REGULAR · signal     · ASTER-USD · brk ▼ 55 · 15m
22:23 KSA · REGULAR · signal     · ASTER-USD · rsiDiv ▼ 61 · 1h
22:23 KSA · REGULAR · signal     · APT-USD · brk ▼ 68 · 15m
22:25 KSA · REGULAR · scanner    · بدء المسح · 1153 رمزاً · الجلسة REGULAR
22:25 KSA · REGULAR · signal     · TAO-USD · orb ▲ 85 · 15m
22:25 KSA · REGULAR · signal     · ARB-USD · orb ▲ 57 · 15m
22:25 KSA · REGULAR · signal     · BANK-USD · orb ▲ 80 · 15m
22:25 KSA · REGULAR · signal     · APT-USD · orb ▲ 70 · 15m
22:25 KSA · REGULAR · signal     · COTI-USD · brk ▲ 69 · 1d
22:26 KSA · REGULAR · scanner    · بدء المسح · 1153 رمزاً · الجلسة REGULAR
22:26 KSA · REGULAR · signal     · THE-USD · vwapRec ▲ 100 · 15m
22:28 KSA · REGULAR · scanner    · بدء المسح · 1153 رمزاً · الجلسة REGULAR
22:28 KSA · REGULAR · signal     · U-USD · pbTrend ▲ 79 · 1h
22:28 KSA · REGULAR · signal     · 牛来-USD · brk ▼ 69 · 15m
22:28 KSA · REGULAR · signal     · THE-USD · meanRev ▼ 100 · 15m
22:28 KSA · REGULAR · signal     · GMEB-USD · meanRev ▼ 100 · 1d
22:30 KSA · REGULAR · scanner    · بدء المسح · 1153 رمزاً · الجلسة REGULAR
22:33 KSA · REGULAR · scanner    · بدء المسح · 1153 رمزاً · الجلسة REGULAR
22:33 KSA · REGULAR · signal     · HOOD · momo ▲ 56 · 1h
22:33 KSA · REGULAR · signal     · CIEN · brk ▼ 100 · 15m
22:33 KSA · REGULAR · signal     · SUI-USD · orb ▼ 70 · 15m
22:33 KSA · REGULAR · signal     · SUI-USD · brk ▼ 55 · 15m
22:33 KSA · REGULAR · signal     · U-USD · meanRev ▲ 65 · 15m
22:33 KSA · REGULAR · signal     · U-USD · tfAlign ▲ 92 · 1d
22:33 KSA · REGULAR · signal     · PEPE-USD · sqzExp ▲ 57 · 1h
22:33 KSA · REGULAR · signal     · TAO-USD · brk ▼ 55 · 15m
22:33 KSA · REGULAR · signal     · THE-USD · orb ▼ 75 · 15m
22:33 KSA · REGULAR · signal     · THE-USD · brk ▼ 59 · 15m
22:33 KSA · REGULAR · signal     · TRUMP-USD · orb ▼ 78 · 15m
22:33 KSA · REGULAR · signal     · TRUMP-USD · brk ▼ 59 · 15m
22:33 KSA · REGULAR · signal     · EUR-USD · brk ▼ 55 · 15m
22:33 KSA · REGULAR · signal     · ARB-USD · sqzExp ▼ 90 · 1h
22:33 KSA · REGULAR · signal     · BANK-USD · brk ▼ 61 · 15m
22:33 KSA · REGULAR · signal     · BANK-USD · sqzExp ▼ 100 · 1h
22:33 KSA · REGULAR · signal     · TON-USD · brk ▼ 61 · 15m
22:33 KSA · REGULAR · signal     · SENT-USD · orb ▼ 63 · 15m
22:33 KSA · REGULAR · signal     · SENT-USD · sqzExp ▼ 73 · 1h
22:33 KSA · REGULAR · signal     · PENGU-USD · orb ▼ 65 · 15m
22:33 KSA · REGULAR · signal     · PENGU-USD · brk ▼ 55 · 15m
22:33 KSA · REGULAR · signal     · WLFI-USD · orb ▼ 60 · 15m
22:33 KSA · REGULAR · signal     · ASTER-USD · tfAlign ▲ 100 · 1d
22:33 KSA · REGULAR · signal     · APT-USD · brk ▼ 55 · 15m
22:34 KSA · REGULAR · scanner    · بدء المسح · 1153 رمزاً · الجلسة REGULAR
22:34 KSA · REGULAR · signal     · INTU · orb ▼ 64 · 15m
22:34 KSA · REGULAR · signal     · TAO-USD · orb ▲ 78 · 15m
22:34 KSA · REGULAR · signal     · THE-USD · vwapRec ▲ 85 · 15m
22:34 KSA · REGULAR · signal     · ARB-USD · orb ▲ 57 · 15m
22:34 KSA · REGULAR · signal     · BANK-USD · orb ▲ 73 · 15m
22:34 KSA · REGULAR · signal     · APT-USD · orb ▲ 70 · 15m
22:38 KSA · REGULAR · scanner    · بدء المسح · 1153 رمزاً · الجلسة REGULAR
22:38 KSA · REGULAR · signal     · ABT · orb ▲ 100 · 15m
22:38 KSA · REGULAR · signal     · MCHP · meanRev ▼ 100 · 15m
22:38 KSA · REGULAR · signal     · U-USD · pbTrend ▲ 79 · 1h
22:40 KSA · REGULAR · scanner    · بدء المسح · 1153 رمزاً · الجلسة REGULAR
22:40 KSA · REGULAR · signal     · REZ-USD · orb ▲ 64 · 15m
22:40 KSA · REGULAR · signal     · WLFI-USD · orb ▼ 100 · 15m
22:43 KSA · REGULAR · scanner    · بدء المسح · 1153 رمزاً · الجلسة REGULAR
22:43 KSA · REGULAR · signal     · MSFT · momo ▲ 64 · 1h
22:43 KSA · REGULAR · signal     · SUI-USD · orb ▼ 70 · 15m
22:43 KSA · REGULAR · signal     · SUI-USD · brk ▼ 55 · 15m
22:43 KSA · REGULAR · signal     · U-USD · meanRev ▲ 65 · 15m
22:43 KSA · REGULAR · signal     · PEPE-USD · sqzExp ▲ 57 · 1h
22:43 KSA · REGULAR · signal     · TAO-USD · brk ▼ 55 · 15m
22:43 KSA · REGULAR · signal     · THE-USD · orb ▼ 75 · 15m
22:43 KSA · REGULAR · signal     · THE-USD · brk ▼ 59 · 15m
22:43 KSA · REGULAR · signal     · TRUMP-USD · orb ▼ 78 · 15m
22:43 KSA · REGULAR · signal     · TRUMP-USD · brk ▼ 59 · 15m
22:43 KSA · REGULAR · signal     · EUR-USD · brk ▼ 55 · 15m
22:43 KSA · REGULAR · signal     · ARB-USD · sqzExp ▼ 90 · 1h
22:43 KSA · REGULAR · signal     · BANK-USD · brk ▼ 61 · 15m
22:43 KSA · REGULAR · signal     · BANK-USD · sqzExp ▼ 100 · 1h
22:43 KSA · REGULAR · signal     · TON-USD · brk ▼ 61 · 15m
22:43 KSA · REGULAR · signal     · SENT-USD · orb ▼ 63 · 15m
22:43 KSA · REGULAR · signal     · SENT-USD · sqzExp ▼ 73 · 1h
22:43 KSA · REGULAR · signal     · PENGU-USD · orb ▼ 65 · 15m
22:43 KSA · REGULAR · signal     · PENGU-USD · brk ▼ 55 · 15m
22:43 KSA · REGULAR · signal     · APT-USD · brk ▼ 55 · 15m
22:45 KSA · REGULAR · scanner    · بدء المسح · 1153 رمزاً · الجلسة REGULAR
22:45 KSA · REGULAR · signal     · INTC · meanRev ▲ 100 · 15m
22:45 KSA · REGULAR · signal     · BNB-USD · brk ▲ 100 · 15m
22:45 KSA · REGULAR · signal     · LITE · brk ▼ 69 · 15m
22:45 KSA · REGULAR · signal     · NSC · orb ▲ 82 · 15m
22:45 KSA · REGULAR · signal     · NSC · brk ▲ 69 · 15m
22:45 KSA · REGULAR · signal     · XAUT-USD · pbTrend ▼ 57 · 1h
22:45 KSA · REGULAR · signal     · TAO-USD · orb ▲ 78 · 15m
22:45 KSA · REGULAR · signal     · THE-USD · vwapRec ▲ 85 · 15m
22:45 KSA · REGULAR · signal     · ARB-USD · orb ▲ 57 · 15m
22:45 KSA · REGULAR · signal     · BANK-USD · orb ▲ 80 · 15m
22:45 KSA · REGULAR · signal     · APT-USD · orb ▲ 70 · 15m
22:46 KSA · REGULAR · scanner    · بدء المسح · 1153 رمزاً · الجلسة REGULAR
22:46 KSA · REGULAR · signal     · CMCSA · meanRev ▲ 100 · 15m
22:46 KSA · REGULAR · signal     · XPL-USD · vwapRec ▲ 100 · 15m
22:46 KSA · REGULAR · signal     · INIT-USD · meanRev ▼ 100 · 1d
22:48 KSA · REGULAR · scanner    · بدء المسح · 1153 رمزاً · الجلسة REGULAR
22:48 KSA · REGULAR · signal     · ABBV · orb ▲ 100 · 15m
22:48 KSA · REGULAR · signal     · ABBV · brk ▲ 100 · 15m
22:48 KSA · REGULAR · signal     · BLK · vwapRec ▼ 100 · 15m
22:48 KSA · REGULAR · signal     · LSK-USD · meanRev ▲ 100 · 15m
22:48 KSA · REGULAR · signal     · BMY · meanRev ▲ 100 · 1d
22:50 KSA · REGULAR · scanner    · بدء المسح · 1153 رمزاً · الجلسة REGULAR
22:50 KSA · REGULAR · signal     · BX · orb ▼ 82 · 15m
22:50 KSA · REGULAR · signal     · BKNG · vwapRec ▼ 100 · 15m
22:50 KSA · REGULAR · signal     · CMI · meanRev ▲ 100 · 15m
22:50 KSA · REGULAR · signal     · U-USD · pbTrend ▲ 79 · 1h
22:50 KSA · REGULAR · signal     · CAH · brk ▼ 69 · 1d
22:52 KSA · REGULAR · scanner    · بدء المسح · 1153 رمزاً · الجلسة REGULAR
22:52 KSA · REGULAR · signal     · AAPL · sqzExp ▲ 73 · 1h
22:52 KSA · REGULAR · signal     · META · brk ▲ 100 · 15m
22:52 KSA · REGULAR · signal     · DE · volSpike ▲ 61 · 15m
22:52 KSA · REGULAR · signal     · SCHW · volSpike ▼ 61 · 15m
22:52 KSA · REGULAR · signal     · CB · brk ▲ 86 · 15m
22:52 KSA · REGULAR · signal     · SUI-USD · orb ▼ 70 · 15m
22:52 KSA · REGULAR · signal     · SUI-USD · brk ▼ 61 · 15m
22:52 KSA · REGULAR · signal     · U-USD · meanRev ▲ 65 · 15m
22:52 KSA · REGULAR · signal     · PEPE-USD · sqzExp ▲ 57 · 1h
22:52 KSA · REGULAR · signal     · TAO-USD · brk ▼ 61 · 15m
22:52 KSA · REGULAR · signal     · THE-USD · orb ▼ 60 · 15m
22:52 KSA · REGULAR · signal     · TRUMP-USD · orb ▼ 85 · 15m
22:52 KSA · REGULAR · signal     · TRUMP-USD · brk ▼ 66 · 15m
22:52 KSA · REGULAR · signal     · EUR-USD · brk ▼ 55 · 15m
22:52 KSA · REGULAR · signal     · ARB-USD · brk ▼ 55 · 15m
22:52 KSA · REGULAR · signal     · ARB-USD · sqzExp ▼ 90 · 1h
22:52 KSA · REGULAR · signal     · BANK-USD · brk ▼ 70 · 15m
22:52 KSA · REGULAR · signal     · BANK-USD · sqzExp ▼ 100 · 1h
22:52 KSA · REGULAR · signal     · TON-USD · brk ▼ 61 · 15m
22:52 KSA · REGULAR · signal     · SENT-USD · orb ▼ 63 · 15m
22:52 KSA · REGULAR · signal     · SENT-USD · brk ▼ 64 · 15m
22:52 KSA · REGULAR · signal     · SENT-USD · sqzExp ▼ 73 · 1h
22:52 KSA · REGULAR · signal     · PENGU-USD · orb ▼ 73 · 15m
22:52 KSA · REGULAR · signal     · PENGU-USD · brk ▼ 70 · 15m
22:52 KSA · REGULAR · signal     · ASTER-USD · orb ▼ 65 · 15m
22:52 KSA · REGULAR · signal     · ASTER-USD · brk ▼ 59 · 15m
22:52 KSA · REGULAR · signal     · ASTER-USD · volSpike ▲ 67 · 15m
22:52 KSA · REGULAR · signal     · APT-USD · brk ▼ 61 · 15m
22:54 KSA · REGULAR · scanner    · بدء المسح · 1153 رمزاً · الجلسة REGULAR
22:54 KSA · REGULAR · signal     · MRK · meanRev ▼ 100 · 15m
22:54 KSA · REGULAR · signal     · ADBE · brk ▲ 69 · 15m
22:54 KSA · REGULAR · signal     · ZEC-USD · meanRev ▼ 100 · 15m
22:54 KSA · REGULAR · signal     · TAO-USD · orb ▲ 70 · 15m
22:54 KSA · REGULAR · signal     · THE-USD · vwapRec ▲ 63 · 15m
22:54 KSA · REGULAR · signal     · ARB-USD · orb ▲ 57 · 15m
22:54 KSA · REGULAR · signal     · BANK-USD · orb ▲ 88 · 15m
22:54 KSA · REGULAR · signal     · APT-USD · orb ▲ 78 · 15m
22:56 KSA · REGULAR · scanner    · بدء المسح · 1153 رمزاً · الجلسة REGULAR
22:56 KSA · REGULAR · signal     · JNJ · brk ▲ 100 · 15m
22:56 KSA · REGULAR · signal     · PG · orb ▲ 82 · 15m
22:56 KSA · REGULAR · signal     · PM · meanRev ▼ 100 · 15m
22:56 KSA · REGULAR · signal     · SNDK · meanRev ▼ 100 · 15m
22:56 KSA · REGULAR · signal     · APH · meanRev ▼ 100 · 15m
22:56 KSA · REGULAR · signal     · VRTX · brk ▲ 100 · 15m
22:56 KSA · REGULAR · signal     · HON · vwapRec ▲ 100 · 15m
22:56 KSA · REGULAR · signal     · SNDKB-USD · meanRev ▼ 100 · 15m
22:56 KSA · REGULAR · signal     · U-USD · pbTrend ▲ 79 · 1h
22:58 KSA · REGULAR · scanner    · بدء المسح · 1153 رمزاً · الجلسة REGULAR
22:58 KSA · REGULAR · signal     · COIN · pbTrend ▼ 100 · 1h
22:58 KSA · REGULAR · signal     · WYNN · meanRev ▲ 100 · 1d
23:00 KSA · AFTER   · scanner    · بدء المسح · 1153 رمزاً · الجلسة AFTER
23:00 KSA · AFTER   · signal     · HD · brk ▼ 69 · 15m · جلسة ممتدة
23:00 KSA · AFTER   · signal     · DIS · meanRev ▲ 100 · 15m · جلسة ممتدة
23:00 KSA · AFTER   · signal     · AON · meanRev ▲ 100 · 15m · جلسة ممتدة
23:03 KSA · AFTER   · scanner    · بدء المسح · 1153 رمزاً · الجلسة AFTER
23:03 KSA · AFTER   · signal     · AMZN · volSpike ▲ 83 · 15m · جلسة ممتدة
23:03 KSA · AFTER   · signal     · LIN · volSpike ▲ 89 · 15m · جلسة ممتدة
23:03 KSA · AFTER   · signal     · STX · volSpike ▲ 100 · 15m · جلسة ممتدة
23:03 KSA · AFTER   · signal     · CEG · volSpike ▲ 89 · 15m · جلسة ممتدة
23:03 KSA · AFTER   · signal     · HWM · volSpike ▲ 67 · 15m · جلسة ممتدة
23:03 KSA · AFTER   · signal     · HON · volSpike ▲ 78 · 15m · جلسة ممتدة
23:03 KSA · AFTER   · signal     · HPQ · volSpike ▲ 89 · 15m · جلسة ممتدة
23:03 KSA · AFTER   · signal     · SUI-USD · orb ▼ 78 · 15m
23:03 KSA · AFTER   · signal     · SUI-USD · brk ▼ 61 · 15m
23:03 KSA · AFTER   · signal     · PEPE-USD · sqzExp ▲ 57 · 1h
23:03 KSA · AFTER   · signal     · TAO-USD · brk ▼ 61 · 15m
23:03 KSA · AFTER   · signal     · THE-USD · orb ▼ 60 · 15m
23:03 KSA · AFTER   · signal     · TRUMP-USD · orb ▼ 78 · 15m
23:03 KSA · AFTER   · signal     · TRUMP-USD · brk ▼ 73 · 15m
23:03 KSA · AFTER   · signal     · EUR-USD · brk ▼ 80 · 15m
23:03 KSA · AFTER   · signal     · ARB-USD · brk ▼ 55 · 15m
23:03 KSA · AFTER   · signal     · ARB-USD · sqzExp ▼ 90 · 1h
23:03 KSA · AFTER   · signal     · BANK-USD · brk ▼ 73 · 15m
23:03 KSA · AFTER   · signal     · BANK-USD · sqzExp ▼ 100 · 1h
23:03 KSA · AFTER   · signal     · TON-USD · brk ▼ 61 · 15m
23:03 KSA · AFTER   · signal     · SENT-USD · orb ▼ 55 · 15m
23:03 KSA · AFTER   · signal     · SENT-USD · sqzExp ▼ 73 · 1h
23:03 KSA · AFTER   · signal     · PENGU-USD · orb ▼ 80 · 15m
23:03 KSA · AFTER   · signal     · PENGU-USD · brk ▼ 80 · 15m
23:03 KSA · AFTER   · signal     · APT-USD · brk ▼ 55 · 15m
23:04 KSA · AFTER   · scanner    · بدء المسح · 1153 رمزاً · الجلسة AFTER
23:04 KSA · AFTER   · signal     · TAO-USD · orb ▲ 78 · 15m
23:04 KSA · AFTER   · signal     · THE-USD · vwapRec ▲ 63 · 15m
23:04 KSA · AFTER   · signal     · ARB-USD · orb ▲ 65 · 15m
23:04 KSA · AFTER   · signal     · BANK-USD · orb ▲ 95 · 15m
23:04 KSA · AFTER   · signal     · APT-USD · orb ▲ 70 · 15m
23:07 KSA · AFTER   · scanner    · بدء المسح · 1153 رمزاً · الجلسة AFTER
23:08 KSA · AFTER   · scanner    · بدء المسح · 1153 رمزاً · الجلسة AFTER
23:10 KSA · AFTER   · scanner    · بدء المسح · 1153 رمزاً · الجلسة AFTER
23:12 KSA · AFTER   · scanner    · بدء المسح · 1153 رمزاً · الجلسة AFTER
23:12 KSA · AFTER   · signal     · CSCO · volSpike ▼ 67 · 15m · جلسة ممتدة
23:12 KSA · AFTER   · signal     · GE · volSpike ▲ 67 · 15m · جلسة ممتدة
23:12 KSA · AFTER   · signal     · GILD · volSpike ▲ 94 · 15m · جلسة ممتدة
23:12 KSA · AFTER   · signal     · SUI-USD · orb ▼ 78 · 15m
23:12 KSA · AFTER   · signal     · SUI-USD · brk ▼ 61 · 15m
23:12 KSA · AFTER   · signal     · U-USD · pbTrend ▲ 57 · 1h
23:12 KSA · AFTER   · signal     · U-USD · tfAlign ▲ 92 · 1d
23:12 KSA · AFTER   · signal     · PEPE-USD · sqzExp ▲ 57 · 1h
23:12 KSA · AFTER   · signal     · TAO-USD · brk ▼ 61 · 15m
23:12 KSA · AFTER   · signal     · THE-USD · orb ▼ 60 · 15m
23:12 KSA · AFTER   · signal     · TRUMP-USD · orb ▼ 78 · 15m
23:12 KSA · AFTER   · signal     · TRUMP-USD · brk ▼ 73 · 15m
23:12 KSA · AFTER   · signal     · EUR-USD · brk ▼ 80 · 15m
23:12 KSA · AFTER   · signal     · ARB-USD · brk ▼ 55 · 15m
23:12 KSA · AFTER   · signal     · ARB-USD · sqzExp ▼ 90 · 1h
23:12 KSA · AFTER   · signal     · BANK-USD · brk ▼ 73 · 15m
23:12 KSA · AFTER   · signal     · BANK-USD · sqzExp ▼ 100 · 1h
23:12 KSA · AFTER   · signal     · TON-USD · brk ▼ 61 · 15m
23:12 KSA · AFTER   · signal     · SENT-USD · orb ▼ 55 · 15m
23:12 KSA · AFTER   · signal     · SENT-USD · sqzExp ▼ 73 · 1h
23:12 KSA · AFTER   · signal     · PENGU-USD · orb ▼ 80 · 15m
23:12 KSA · AFTER   · signal     · PENGU-USD · brk ▼ 80 · 15m
23:12 KSA · AFTER   · signal     · WLFI-USD · orb ▼ 60 · 15m
23:12 KSA · AFTER   · signal     · APT-USD · brk ▼ 55 · 15m
23:14 KSA · AFTER   · scanner    · بدء المسح · 1153 رمزاً · الجلسة AFTER
23:14 KSA · AFTER   · signal     · TAO-USD · orb ▲ 78 · 15m
23:14 KSA · AFTER   · signal     · THE-USD · vwapRec ▲ 63 · 15m
23:14 KSA · AFTER   · signal     · ARB-USD · orb ▲ 65 · 15m
23:14 KSA · AFTER   · signal     · BANK-USD · orb ▲ 95 · 15m
23:14 KSA · AFTER   · signal     · APT-USD · orb ▲ 70 · 15m
23:14 KSA · AFTER   · signal     · SAGA-USD · meanRev ▼ 100 · 1d
23:16 KSA · AFTER   · scanner    · بدء المسح · 1153 رمزاً · الجلسة AFTER
23:16 KSA · AFTER   · signal     · KMB · brk ▲ 100 · 15m · جلسة ممتدة
23:18 KSA · AFTER   · scanner    · بدء المسح · 1153 رمزاً · الجلسة AFTER
23:20 KSA · AFTER   · scanner    · بدء المسح · 1153 رمزاً · الجلسة AFTER
23:24 KSA · AFTER   · scanner    · بدء المسح · 1153 رمزاً · الجلسة AFTER
23:24 KSA · AFTER   · signal     · MA · momo ▼ 83 · 1h · جلسة ممتدة
23:24 KSA · AFTER   · signal     · TJX · volSpike ▼ 67 · 15m · جلسة ممتدة
23:24 KSA · AFTER   · signal     · CB · volSpike ▲ 89 · 15m · جلسة ممتدة
23:24 KSA · AFTER   · signal     · VRTX · momo ▲ 58 · 1h · جلسة ممتدة
23:24 KSA · AFTER   · signal     · LMT · momo ▲ 56 · 1h · جلسة ممتدة
23:24 KSA · AFTER   · signal     · SPGI · momo ▼ 78 · 1h · جلسة ممتدة
23:24 KSA · AFTER   · signal     · SHW · volSpike ▼ 89 · 15m · جلسة ممتدة
23:24 KSA · AFTER   · signal     · SOXLB-USD · pbTrend ▼ 62 · 1h
23:24 KSA · AFTER   · signal     · HEMI-USD · momo ▼ 72 · 1h
23:24 KSA · AFTER   · signal     · SUI-USD · orb ▼ 65 · 15m
23:24 KSA · AFTER   · signal     · TAO-USD · brk ▼ 55 · 15m
23:24 KSA · AFTER   · signal     · THE-USD · orb ▼ 60 · 15m
23:24 KSA · AFTER   · signal     · TRUMP-USD · orb ▼ 70 · 15m
23:24 KSA · AFTER   · signal     · EUR-USD · brk ▼ 57 · 15m
23:24 KSA · AFTER   · signal     · ARB-USD · sqzExp ▼ 83 · 1h
23:24 KSA · AFTER   · signal     · BANK-USD · brk ▼ 55 · 15m
23:24 KSA · AFTER   · signal     · BANK-USD · sqzExp ▼ 93 · 1h
23:24 KSA · AFTER   · signal     · TON-USD · brk ▼ 61 · 15m
23:24 KSA · AFTER   · signal     · SENT-USD · orb ▼ 55 · 15m
23:24 KSA · AFTER   · signal     · SENT-USD · brk ▼ 55 · 15m
23:24 KSA · AFTER   · signal     · SENT-USD · sqzExp ▼ 65 · 1h
23:24 KSA · AFTER   · signal     · PENGU-USD · orb ▼ 65 · 15m
23:24 KSA · AFTER   · signal     · PENGU-USD · brk ▼ 55 · 15m
23:24 KSA · AFTER   · signal     · WLFI-USD · orb ▼ 75 · 15m
23:24 KSA · AFTER   · signal     · APT-USD · brk ▼ 55 · 15m
23:25 KSA · AFTER   · scanner    · بدء المسح · 1153 رمزاً · الجلسة AFTER
23:25 KSA · AFTER   · signal     · TAO-USD · orb ▲ 70 · 15m
23:25 KSA · AFTER   · signal     · ARB-USD · orb ▲ 57 · 15m
23:25 KSA · AFTER   · signal     · HOLO-USD · orb ▲ 73 · 15m
23:25 KSA · AFTER   · signal     · HOLO-USD · brk ▲ 57 · 15m
23:25 KSA · AFTER   · signal     · BANK-USD · orb ▲ 85 · 15m
23:25 KSA · AFTER   · signal     · APT-USD · orb ▲ 78 · 15m
23:26 KSA · AFTER   · scanner    · بدء المسح · 1153 رمزاً · الجلسة AFTER
23:26 KSA · AFTER   · signal     · FTNT · brk ▼ 100 · 15m · جلسة ممتدة
23:26 KSA · AFTER   · signal     · PSX · meanRev ▼ 100 · 15m · جلسة ممتدة
23:26 KSA · AFTER   · signal     · U-USD · pbTrend ▲ 79 · 1h
23:28 KSA · AFTER   · scanner    · بدء المسح · 1153 رمزاً · الجلسة AFTER
23:28 KSA · AFTER   · signal     · DE · meanRev ▲ 100 · 15m · جلسة ممتدة
23:28 KSA · AFTER   · signal     · HWM · meanRev ▼ 100 · 15m · جلسة ممتدة
23:28 KSA · AFTER   · signal     · INJ-USD · brk ▲ 69 · 15m
23:28 KSA · AFTER   · signal     · THE-USD · vwapRec ▼ 63 · 15m
23:30 KSA · AFTER   · scanner    · بدء المسح · 1153 رمزاً · الجلسة AFTER
23:30 KSA · AFTER   · signal     · DE · brk ▲ 100 · 15m · جلسة ممتدة
23:30 KSA · AFTER   · signal     · GENIUS-USD · meanRev ▼ 100 · 1d
23:33 KSA · AFTER   · scanner    · بدء المسح · 1153 رمزاً · الجلسة AFTER
23:33 KSA · AFTER   · signal     · BRK-B · vwapRec ▼ 60 · 15m · جلسة ممتدة
23:33 KSA · AFTER   · signal     · CVX · pbTrend ▲ 81 · 1h · جلسة ممتدة
23:33 KSA · AFTER   · signal     · UNH · vwapRec ▼ 65 · 15m · جلسة ممتدة
23:33 KSA · AFTER   · signal     · UNH · volSpike ▼ 94 · 15m · جلسة ممتدة
23:33 KSA · AFTER   · signal     · VZ · volSpike ▼ 89 · 15m · جلسة ممتدة
23:33 KSA · AFTER   · signal     · DIS · vwapRec ▼ 55 · 15m · جلسة ممتدة
23:33 KSA · AFTER   · signal     · BKNG · vwapRec ▼ 74 · 15m · جلسة ممتدة
23:33 KSA · AFTER   · signal     · VLO · vwapRec ▼ 60 · 15m · جلسة ممتدة
23:33 KSA · AFTER   · signal     · SYK · vwapRec ▼ 55 · 15m · جلسة ممتدة
23:33 KSA · AFTER   · signal     · HOOD · vwapRec ▲ 59 · 15m · جلسة ممتدة
23:33 KSA · AFTER   · signal     · CMCSA · vwapRec ▼ 59 · 15m · جلسة ممتدة
23:33 KSA · AFTER   · signal     · QQQB-USD · rsiDiv ▼ 89 · 15m
23:33 KSA · AFTER   · signal     · UNI-USD · orb ▼ 57 · 15m
23:33 KSA · AFTER   · signal     · SUI-USD · orb ▼ 65 · 15m
23:33 KSA · AFTER   · signal     · TAO-USD · brk ▼ 68 · 15m
23:33 KSA · AFTER   · signal     · THE-USD · orb ▼ 75 · 15m
23:33 KSA · AFTER   · signal     · THE-USD · brk ▼ 66 · 15m
23:33 KSA · AFTER   · signal     · TRUMP-USD · orb ▼ 70 · 15m
23:33 KSA · AFTER   · signal     · EUR-USD · brk ▼ 57 · 15m
23:33 KSA · AFTER   · signal     · ARB-USD · sqzExp ▼ 83 · 1h
23:33 KSA · AFTER   · signal     · BANK-USD · brk ▼ 61 · 15m
23:33 KSA · AFTER   · signal     · BANK-USD · sqzExp ▼ 93 · 1h
23:33 KSA · AFTER   · signal     · TON-USD · brk ▼ 61 · 15m
23:33 KSA · AFTER   · signal     · SENT-USD · orb ▼ 63 · 15m
23:33 KSA · AFTER   · signal     · SENT-USD · brk ▼ 64 · 15m
23:33 KSA · AFTER   · signal     · SENT-USD · sqzExp ▼ 65 · 1h
23:33 KSA · AFTER   · signal     · PENGU-USD · orb ▼ 70 · 15m
23:33 KSA · AFTER   · signal     · PENGU-USD · brk ▼ 55 · 15m
23:33 KSA · AFTER   · signal     · WLFI-USD · orb ▼ 60 · 15m
23:33 KSA · AFTER   · signal     · APT-USD · brk ▼ 55 · 15m
23:34 KSA · AFTER   · scanner    · بدء المسح · 1153 رمزاً · الجلسة AFTER
23:34 KSA · AFTER   · signal     · AAPL · vwapRec ▼ 57 · 15m · جلسة ممتدة
23:34 KSA · AFTER   · signal     · GS · vwapRec ▼ 57 · 15m · جلسة ممتدة
23:34 KSA · AFTER   · signal     · TXN · orb ▼ 100 · 15m · جلسة ممتدة
23:34 KSA · AFTER   · signal     · TXN · meanRev ▲ 100 · 15m · جلسة ممتدة
23:34 KSA · AFTER   · signal     · PFE · vwapRec ▲ 57 · 15m · جلسة ممتدة
23:34 KSA · AFTER   · signal     · FTNT · vwapRec ▲ 57 · 15m · جلسة ممتدة
23:34 KSA · AFTER   · signal     · SNPS · orb ▲ 100 · 15m · جلسة ممتدة
23:34 KSA · AFTER   · signal     · MPWR · vwapRec ▲ 57 · 15m · جلسة ممتدة
23:34 KSA · AFTER   · signal     · KMB · orb ▲ 100 · 15m · جلسة ممتدة
23:34 KSA · AFTER   · signal     · HPQ · vwapRec ▼ 57 · 15m · جلسة ممتدة
23:34 KSA · AFTER   · signal     · TAO-USD · orb ▲ 70 · 15m
23:34 KSA · AFTER   · signal     · HOLO-USD · orb ▲ 73 · 15m
23:34 KSA · AFTER   · signal     · HOLO-USD · brk ▲ 64 · 15m
23:34 KSA · AFTER   · signal     · HOLO-USD · pbTrend ▼ 57 · 1h
23:34 KSA · AFTER   · signal     · BANK-USD · orb ▲ 85 · 15m
23:34 KSA · AFTER   · signal     · APT-USD · orb ▲ 70 · 15m
23:37 KSA · AFTER   · scanner    · بدء المسح · 1153 رمزاً · الجلسة AFTER
23:37 KSA · AFTER   · signal     · GOOGL · orb ▲ 86 · 15m · جلسة ممتدة
23:37 KSA · AFTER   · signal     · KLAC · vwapRec ▼ 57 · 15m · جلسة ممتدة
23:37 KSA · AFTER   · signal     · QCOM · orb ▼ 82 · 15m · جلسة ممتدة
23:37 KSA · AFTER   · signal     · ETN · meanRev ▼ 67 · 15m · جلسة ممتدة
23:37 KSA · AFTER   · signal     · PENDLE-USD · orb ▲ 100 · 15m
23:39 KSA · AFTER   · scanner    · بدء المسح · 1153 رمزاً · الجلسة AFTER
23:39 KSA · AFTER   · signal     · NEE · meanRev ▲ 100 · 15m · جلسة ممتدة
23:39 KSA · AFTER   · signal     · MRNA · orb ▼ 64 · 15m · جلسة ممتدة
23:39 KSA · AFTER   · signal     · SMCI · vwapRec ▼ 57 · 15m · جلسة ممتدة
23:39 KSA · AFTER   · signal     · U-USD · pbTrend ▲ 79 · 1h
23:42 KSA · AFTER   · scanner    · بدء المسح · 1153 رمزاً · الجلسة AFTER
23:42 KSA · AFTER   · signal     · UNI-USD · orb ▼ 57 · 15m
23:42 KSA · AFTER   · signal     · SUI-USD · orb ▼ 65 · 15m
23:42 KSA · AFTER   · signal     · U-USD · tfAlign ▲ 92 · 1d
23:42 KSA · AFTER   · signal     · TAO-USD · brk ▼ 68 · 15m
23:42 KSA · AFTER   · signal     · THE-USD · orb ▼ 75 · 15m
23:42 KSA · AFTER   · signal     · THE-USD · brk ▼ 66 · 15m
23:42 KSA · AFTER   · signal     · TRUMP-USD · orb ▼ 70 · 15m
23:42 KSA · AFTER   · signal     · EUR-USD · brk ▼ 57 · 15m
23:42 KSA · AFTER   · signal     · ARB-USD · sqzExp ▼ 83 · 1h
23:42 KSA · AFTER   · signal     · BANK-USD · brk ▼ 61 · 15m
23:42 KSA · AFTER   · signal     · BANK-USD · sqzExp ▼ 93 · 1h
23:42 KSA · AFTER   · signal     · TON-USD · brk ▼ 61 · 15m
23:42 KSA · AFTER   · signal     · SENT-USD · orb ▼ 63 · 15m
23:42 KSA · AFTER   · signal     · SENT-USD · brk ▼ 64 · 15m
23:42 KSA · AFTER   · signal     · SENT-USD · sqzExp ▼ 65 · 1h
23:42 KSA · AFTER   · signal     · PENGU-USD · orb ▼ 70 · 15m
23:42 KSA · AFTER   · signal     · PENGU-USD · brk ▼ 55 · 15m
23:42 KSA · AFTER   · signal     · WLFI-USD · orb ▼ 60 · 15m
23:42 KSA · AFTER   · signal     · APT-USD · brk ▼ 55 · 15m
23:44 KSA · AFTER   · scanner    · بدء المسح · 1153 رمزاً · الجلسة AFTER
23:44 KSA · AFTER   · signal     · JPM · orb ▼ 64 · 15m · جلسة ممتدة
23:44 KSA · AFTER   · signal     · AMGN · orb ▲ 100 · 15m · جلسة ممتدة
23:44 KSA · AFTER   · signal     · APH · brk ▲ 100 · 15m · جلسة ممتدة
23:44 KSA · AFTER   · signal     · NEE · brk ▲ 100 · 15m · جلسة ممتدة
23:44 KSA · AFTER   · signal     · ETN · orb ▲ 86 · 15m · جلسة ممتدة
23:44 KSA · AFTER   · signal     · VLO · meanRev ▼ 100 · 15m · جلسة ممتدة
23:44 KSA · AFTER   · signal     · HOOD · orb ▼ 64 · 15m · جلسة ممتدة
23:44 KSA · AFTER   · signal     · HONA · orb ▼ 79 · 15m · جلسة ممتدة
23:44 KSA · AFTER   · signal     · RDDT · orb ▲ 82 · 15m · جلسة ممتدة
23:44 KSA · AFTER   · signal     · TAO-USD · orb ▲ 70 · 15m
23:44 KSA · AFTER   · signal     · HOLO-USD · orb ▲ 73 · 15m
23:44 KSA · AFTER   · signal     · HOLO-USD · brk ▲ 64 · 15m
23:44 KSA · AFTER   · signal     · BANK-USD · orb ▲ 85 · 15m
23:44 KSA · AFTER   · signal     · APT-USD · orb ▲ 70 · 15m
23:44 KSA · AFTER   · signal     · CSX · brk ▼ 69 · 1d · جلسة ممتدة
23:46 KSA · AFTER   · scanner    · بدء المسح · 1153 رمزاً · الجلسة AFTER
23:46 KSA · AFTER   · signal     · KLAC · vwapRec ▼ 59 · 15m · جلسة ممتدة
23:46 KSA · AFTER   · signal     · WDC · vwapRec ▲ 57 · 15m · جلسة ممتدة
23:46 KSA · AFTER   · signal     · DOT-USD · brk ▲ 69 · 15m
23:48 KSA · AFTER   · scanner    · بدء المسح · 1153 رمزاً · الجلسة AFTER
23:48 KSA · AFTER   · signal     · META · orb ▲ 100 · 15m · جلسة ممتدة
23:48 KSA · AFTER   · signal     · BAC · vwapRec ▼ 57 · 15m · جلسة ممتدة
23:48 KSA · AFTER   · signal     · U-USD · pbTrend ▲ 79 · 1h
23:50 KSA · AFTER   · scanner    · بدء المسح · 1153 رمزاً · الجلسة AFTER
23:50 KSA · AFTER   · signal     · CMCSA · orb ▲ 82 · 15m · جلسة ممتدة
23:53 KSA · AFTER   · scanner    · بدء المسح · 1153 رمزاً · الجلسة AFTER
23:53 KSA · AFTER   · signal     · XPL-USD · brk ▲ 57 · 15m
23:53 KSA · AFTER   · signal     · MUB-USD · rsiDiv ▼ 78 · 15m
23:53 KSA · AFTER   · signal     · UNI-USD · brk ▼ 55 · 15m
23:53 KSA · AFTER   · signal     · SUI-USD · orb ▼ 65 · 15m
23:53 KSA · AFTER   · signal     · TAO-USD · brk ▼ 68 · 15m
23:53 KSA · AFTER   · signal     · THE-USD · orb ▼ 60 · 15m
23:53 KSA · AFTER   · signal     · THE-USD · brk ▼ 55 · 15m
23:53 KSA · AFTER   · signal     · TRUMP-USD · orb ▼ 70 · 15m
23:53 KSA · AFTER   · signal     · TRUMP-USD · brk ▼ 64 · 15m
23:53 KSA · AFTER   · signal     · ARB-USD · sqzExp ▼ 83 · 1h
23:53 KSA · AFTER   · signal     · BANK-USD · brk ▼ 68 · 15m
23:53 KSA · AFTER   · signal     · BANK-USD · sqzExp ▼ 93 · 1h
23:53 KSA · AFTER   · signal     · TON-USD · brk ▼ 61 · 15m
23:53 KSA · AFTER   · signal     · SENT-USD · orb ▼ 55 · 15m
23:53 KSA · AFTER   · signal     · SENT-USD · brk ▼ 55 · 15m
23:53 KSA · AFTER   · signal     · SENT-USD · sqzExp ▼ 65 · 1h
23:53 KSA · AFTER   · signal     · PENGU-USD · orb ▼ 70 · 15m
23:53 KSA · AFTER   · signal     · PENGU-USD · brk ▼ 68 · 15m
23:53 KSA · AFTER   · signal     · WLFI-USD · orb ▼ 60 · 15m
23:53 KSA · AFTER   · signal     · APT-USD · brk ▼ 73 · 15m
23:54 KSA · AFTER   · scanner    · بدء المسح · 1153 رمزاً · الجلسة AFTER
23:54 KSA · AFTER   · signal     · MSFT · orb ▼ 82 · 15m · جلسة ممتدة
23:54 KSA · AFTER   · signal     · MSFT · vwapRec ▼ 57 · 15m · جلسة ممتدة
23:54 KSA · AFTER   · signal     · PG · orb ▼ 100 · 15m · جلسة ممتدة
23:54 KSA · AFTER   · signal     · MS · vwapRec ▼ 57 · 15m · جلسة ممتدة
23:54 KSA · AFTER   · signal     · C · orb ▲ 64 · 15m · جلسة ممتدة
23:54 KSA · AFTER   · signal     · MCD · orb ▲ 64 · 15m · جلسة ممتدة
23:54 KSA · AFTER   · signal     · ADI · vwapRec ▼ 57 · 15m · جلسة ممتدة
23:54 KSA · AFTER   · signal     · UNP · orb ▼ 86 · 15m · جلسة ممتدة
23:54 KSA · AFTER   · signal     · COP · vwapRec ▲ 57 · 15m · جلسة ممتدة
23:54 KSA · AFTER   · signal     · ETN · orb ▲ 73 · 15m · جلسة ممتدة
23:54 KSA · AFTER   · signal     · HONA · orb ▼ 79 · 15m · جلسة ممتدة
23:54 KSA · AFTER   · signal     · ADSK · orb ▼ 57 · 15m · جلسة ممتدة
23:54 KSA · AFTER   · signal     · HPQ · orb ▲ 82 · 15m · جلسة ممتدة
23:54 KSA · AFTER   · signal     · HPQ · vwapRec ▲ 57 · 15m · جلسة ممتدة
23:54 KSA · AFTER   · signal     · TAO-USD · orb ▲ 70 · 15m
23:54 KSA · AFTER   · signal     · HOLO-USD · orb ▲ 73 · 15m
23:54 KSA · AFTER   · signal     · BANK-USD · orb ▲ 78 · 15m
23:54 KSA · AFTER   · signal     · APT-USD · orb ▲ 85 · 15m
23:56 KSA · AFTER   · scanner    · بدء المسح · 1153 رمزاً · الجلسة AFTER
23:56 KSA · AFTER   · signal     · LIN · orb ▼ 100 · 15m · جلسة ممتدة
23:56 KSA · AFTER   · signal     · BX · brk ▲ 81 · 15m · جلسة ممتدة
23:56 KSA · AFTER   · signal     · BX · sqzExp ▲ 100 · 1h · جلسة ممتدة
23:56 KSA · AFTER   · signal     · PGR · orb ▲ 73 · 15m · جلسة ممتدة
23:56 KSA · AFTER   · signal     · DDOG · brk ▼ 100 · 15m · جلسة ممتدة
23:56 KSA · AFTER   · signal     · MDLZ · orb ▲ 100 · 15m · جلسة ممتدة
23:56 KSA · AFTER   · signal     · CAH · meanRev ▲ 100 · 1d · جلسة ممتدة
23:58 KSA · AFTER   · scanner    · بدء المسح · 1153 رمزاً · الجلسة AFTER
23:58 KSA · AFTER   · signal     · DELL · vwapRec ▼ 57 · 15m · جلسة ممتدة
23:58 KSA · AFTER   · signal     · APH · meanRev ▼ 100 · 15m · جلسة ممتدة
23:58 KSA · AFTER   · signal     · GLW · vwapRec ▼ 57 · 15m · جلسة ممتدة
23:58 KSA · AFTER   · signal     · PGR · pbTrend ▲ 57 · 1h · جلسة ممتدة
23:58 KSA · AFTER   · signal     · TER · orb ▼ 82 · 15m · جلسة ممتدة
