00:00 KSA · AFTER   · scanner    · بدء المسح · 1154 رمزاً · الجلسة AFTER
00:00 KSA · AFTER   · scanner    · ساعة التأكيد مثبَّتة على شمعة 19:45Z (من cbar)
00:01 KSA · AFTER   · scanner    · بدء المسح · 1154 رمزاً · الجلسة AFTER
00:01 KSA · AFTER   · scanner    · ساعة التأكيد مثبَّتة على شمعة 19:45Z (من cbar)
00:02 KSA · AFTER   · scanner    · بدء المسح · 1154 رمزاً · الجلسة AFTER
00:02 KSA · AFTER   · scanner    · ساعة التأكيد مثبَّتة على شمعة 19:45Z (من cbar)
00:04 KSA · AFTER   · scanner    · بدء المسح · 1154 رمزاً · الجلسة AFTER
00:04 KSA · AFTER   · scanner    · ساعة التأكيد مثبَّتة على شمعة 19:45Z (من cbar)
00:06 KSA · AFTER   · scanner    · بدء المسح · 1154 رمزاً · الجلسة AFTER
00:06 KSA · AFTER   · scanner    · ساعة التأكيد مثبَّتة على شمعة 19:45Z (من cbar)
00:08 KSA · AFTER   · scanner    · بدء المسح · 1154 رمزاً · الجلسة AFTER
00:08 KSA · AFTER   · scanner    · ساعة التأكيد مثبَّتة على شمعة 19:45Z (من cbar)
00:10 KSA · AFTER   · scanner    · بدء المسح · 1154 رمزاً · الجلسة AFTER
00:10 KSA · AFTER   · scanner    · ساعة التأكيد مثبَّتة على شمعة 19:45Z (من cbar)
00:12 KSA · AFTER   · scanner    · بدء المسح · 1154 رمزاً · الجلسة AFTER
00:12 KSA · AFTER   · scanner    · ساعة التأكيد مثبَّتة على شمعة 19:45Z (من cbar)
00:14 KSA · AFTER   · scanner    · بدء المسح · 1154 رمزاً · الجلسة AFTER
00:14 KSA · AFTER   · scanner    · ساعة التأكيد مثبَّتة على شمعة 19:45Z (من cbar)
00:15 KSA · AFTER   · scanner    · بدء المسح · 1154 رمزاً · الجلسة AFTER
00:15 KSA · AFTER   · scanner    · ساعة التأكيد مثبَّتة على شمعة 19:45Z (من cbar)
00:16 KSA · AFTER   · scanner    · بدء المسح · 1154 رمزاً · الجلسة AFTER
00:16 KSA · AFTER   · scanner    · ساعة التأكيد مثبَّتة على شمعة 19:45Z (من cbar)
00:18 KSA · AFTER   · scanner    · بدء المسح · 1154 رمزاً · الجلسة AFTER
00:18 KSA · AFTER   · scanner    · ساعة التأكيد مثبَّتة على شمعة 19:45Z (من cbar)
00:20 KSA · AFTER   · scanner    · بدء المسح · 1154 رمزاً · الجلسة AFTER
00:20 KSA · AFTER   · scanner    · ساعة التأكيد مثبَّتة على شمعة 19:45Z (من cbar)
00:22 KSA · AFTER   · scanner    · بدء المسح · 1154 رمزاً · الجلسة AFTER
00:22 KSA · AFTER   · scanner    · ساعة التأكيد مثبَّتة على شمعة 19:45Z (من cbar)
00:23 KSA · AFTER   · scanner    · بدء المسح · 1154 رمزاً · الجلسة AFTER
00:23 KSA · AFTER   · scanner    · ساعة التأكيد مثبَّتة على شمعة 19:45Z (من cbar)
00:24 KSA · AFTER   · scanner    · بدء المسح · 1154 رمزاً · الجلسة AFTER
00:24 KSA · AFTER   · scanner    · ساعة التأكيد مثبَّتة على شمعة 19:45Z (من cbar)
00:26 KSA · AFTER   · scanner    · بدء المسح · 1154 رمزاً · الجلسة AFTER
00:26 KSA · AFTER   · scanner    · ساعة التأكيد مثبَّتة على شمعة 19:45Z (من cbar)
00:28 KSA · AFTER   · scanner    · بدء المسح · 1154 رمزاً · الجلسة AFTER
00:28 KSA · AFTER   · scanner    · ساعة التأكيد مثبَّتة على شمعة 19:45Z (من cbar)
00:30 KSA · AFTER   · scanner    · بدء المسح · 1154 رمزاً · الجلسة AFTER
00:30 KSA · AFTER   · scanner    · ساعة التأكيد مثبَّتة على شمعة 19:45Z (من cbar)
00:31 KSA · AFTER   · scanner    · بدء المسح · 1154 رمزاً · الجلسة AFTER
00:31 KSA · AFTER   · scanner    · ساعة التأكيد مثبَّتة على شمعة 19:45Z (من cbar)
00:32 KSA · AFTER   · scanner    · بدء المسح · 1154 رمزاً · الجلسة AFTER
00:32 KSA · AFTER   · scanner    · ساعة التأكيد مثبَّتة على شمعة 19:45Z (من cbar)
00:34 KSA · AFTER   · scanner    · بدء المسح · 1154 رمزاً · الجلسة AFTER
00:34 KSA · AFTER   · scanner    · ساعة التأكيد مثبَّتة على شمعة 19:45Z (من cbar)
00:38 KSA · AFTER   · scanner    · بدء المسح · 1154 رمزاً · الجلسة AFTER
00:38 KSA · AFTER   · scanner    · ساعة التأكيد مثبَّتة على شمعة 19:45Z (من cbar)
00:40 KSA · AFTER   · scanner    · بدء المسح · 1154 رمزاً · الجلسة AFTER
00:40 KSA · AFTER   · scanner    · ساعة التأكيد مثبَّتة على شمعة 19:45Z (من cbar)
00:42 KSA · AFTER   · scanner    · بدء المسح · 1154 رمزاً · الجلسة AFTER
00:42 KSA · AFTER   · scanner    · ساعة التأكيد مثبَّتة على شمعة 19:45Z (من cbar)
00:44 KSA · AFTER   · scanner    · بدء المسح · 1154 رمزاً · الجلسة AFTER
00:44 KSA · AFTER   · scanner    · ساعة التأكيد مثبَّتة على شمعة 19:45Z (من cbar)
00:45 KSA · AFTER   · scanner    · بدء المسح · 1154 رمزاً · الجلسة AFTER
00:45 KSA · AFTER   · scanner    · ساعة التأكيد مثبَّتة على شمعة 19:45Z (من cbar)
00:46 KSA · AFTER   · scanner    · بدء المسح · 1154 رمزاً · الجلسة AFTER
00:46 KSA · AFTER   · scanner    · ساعة التأكيد مثبَّتة على شمعة 19:45Z (من cbar)
00:48 KSA · AFTER   · scanner    · بدء المسح · 1154 رمزاً · الجلسة AFTER
00:48 KSA · AFTER   · scanner    · ساعة التأكيد مثبَّتة على شمعة 19:45Z (من cbar)
00:51 KSA · AFTER   · scanner    · بدء المسح · 1154 رمزاً · الجلسة AFTER
00:51 KSA · AFTER   · scanner    · ساعة التأكيد مثبَّتة على شمعة 19:45Z (من cbar)
00:53 KSA · AFTER   · scanner    · بدء المسح · 1154 رمزاً · الجلسة AFTER
00:53 KSA · AFTER   · scanner    · ساعة التأكيد مثبَّتة على شمعة 19:45Z (من cbar)
00:54 KSA · AFTER   · scanner    · بدء المسح · 1154 رمزاً · الجلسة AFTER
00:54 KSA · AFTER   · scanner    · ساعة التأكيد مثبَّتة على شمعة 19:45Z (من cbar)
00:56 KSA · AFTER   · scanner    · بدء المسح · 1154 رمزاً · الجلسة AFTER
00:56 KSA · AFTER   · scanner    · ساعة التأكيد مثبَّتة على شمعة 19:45Z (من cbar)
00:58 KSA · AFTER   · scanner    · بدء المسح · 1154 رمزاً · الجلسة AFTER
00:58 KSA · AFTER   · scanner    · ساعة التأكيد مثبَّتة على شمعة 19:45Z (من cbar)
01:00 KSA · AFTER   · scanner    · بدء المسح · 1154 رمزاً · الجلسة AFTER
01:00 KSA · AFTER   · scanner    · ساعة التأكيد مثبَّتة على شمعة 19:45Z (من cbar)
01:01 KSA · AFTER   · scanner    · بدء المسح · 1154 رمزاً · الجلسة AFTER
01:01 KSA · AFTER   · scanner    · ساعة التأكيد مثبَّتة على شمعة 19:45Z (من cbar)
01:02 KSA · AFTER   · scanner    · بدء المسح · 1154 رمزاً · الجلسة AFTER
01:02 KSA · AFTER   · scanner    · ساعة التأكيد مثبَّتة على شمعة 19:45Z (من cbar)
01:04 KSA · AFTER   · scanner    · بدء المسح · 1154 رمزاً · الجلسة AFTER
01:04 KSA · AFTER   · scanner    · ساعة التأكيد مثبَّتة على شمعة 19:45Z (من cbar)
01:08 KSA · AFTER   · scanner    · بدء المسح · 1154 رمزاً · الجلسة AFTER
01:08 KSA · AFTER   · scanner    · ساعة التأكيد مثبَّتة على شمعة 19:45Z (من cbar)
01:10 KSA · AFTER   · scanner    · بدء المسح · 1154 رمزاً · الجلسة AFTER
01:10 KSA · AFTER   · scanner    · ساعة التأكيد مثبَّتة على شمعة 19:45Z (من cbar)
01:12 KSA · AFTER   · scanner    · بدء المسح · 1154 رمزاً · الجلسة AFTER
01:12 KSA · AFTER   · scanner    · ساعة التأكيد مثبَّتة على شمعة 19:45Z (من cbar)
01:14 KSA · AFTER   · scanner    · بدء المسح · 1154 رمزاً · الجلسة AFTER
01:14 KSA · AFTER   · scanner    · ساعة التأكيد مثبَّتة على شمعة 19:45Z (من cbar)
01:15 KSA · AFTER   · scanner    · بدء المسح · 1154 رمزاً · الجلسة AFTER
01:15 KSA · AFTER   · scanner    · ساعة التأكيد مثبَّتة على شمعة 19:45Z (من cbar)
01:16 KSA · AFTER   · scanner    · بدء المسح · 1154 رمزاً · الجلسة AFTER
01:16 KSA · AFTER   · scanner    · ساعة التأكيد مثبَّتة على شمعة 19:45Z (من cbar)
01:18 KSA · AFTER   · scanner    · بدء المسح · 1154 رمزاً · الجلسة AFTER
01:18 KSA · AFTER   · scanner    · ساعة التأكيد مثبَّتة على شمعة 19:45Z (من cbar)
01:21 KSA · AFTER   · scanner    · بدء المسح · 1154 رمزاً · الجلسة AFTER
01:21 KSA · AFTER   · scanner    · ساعة التأكيد مثبَّتة على شمعة 19:45Z (من cbar)
01:23 KSA · AFTER   · scanner    · بدء المسح · 1154 رمزاً · الجلسة AFTER
01:23 KSA · AFTER   · scanner    · ساعة التأكيد مثبَّتة على شمعة 19:45Z (من cbar)
01:24 KSA · AFTER   · scanner    · بدء المسح · 1154 رمزاً · الجلسة AFTER
01:24 KSA · AFTER   · scanner    · ساعة التأكيد مثبَّتة على شمعة 19:45Z (من cbar)
01:26 KSA · AFTER   · scanner    · بدء المسح · 1154 رمزاً · الجلسة AFTER
01:26 KSA · AFTER   · scanner    · ساعة التأكيد مثبَّتة على شمعة 19:45Z (من cbar)
01:28 KSA · AFTER   · scanner    · بدء المسح · 1154 رمزاً · الجلسة AFTER
01:28 KSA · AFTER   · scanner    · ساعة التأكيد مثبَّتة على شمعة 19:45Z (من cbar)
01:30 KSA · AFTER   · scanner    · بدء المسح · 1154 رمزاً · الجلسة AFTER
01:30 KSA · AFTER   · scanner    · ساعة التأكيد مثبَّتة على شمعة 19:45Z (من cbar)
01:31 KSA · AFTER   · scanner    · بدء المسح · 1154 رمزاً · الجلسة AFTER
01:31 KSA · AFTER   · scanner    · ساعة التأكيد مثبَّتة على شمعة 19:45Z (من cbar)
01:32 KSA · AFTER   · scanner    · بدء المسح · 1154 رمزاً · الجلسة AFTER
01:32 KSA · AFTER   · scanner    · ساعة التأكيد مثبَّتة على شمعة 19:45Z (من cbar)
01:34 KSA · AFTER   · scanner    · بدء المسح · 1154 رمزاً · الجلسة AFTER
01:34 KSA · AFTER   · scanner    · ساعة التأكيد مثبَّتة على شمعة 19:45Z (من cbar)
01:38 KSA · AFTER   · scanner    · بدء المسح · 1154 رمزاً · الجلسة AFTER
01:38 KSA · AFTER   · scanner    · ساعة التأكيد مثبَّتة على شمعة 19:45Z (من cbar)
01:40 KSA · AFTER   · scanner    · بدء المسح · 1154 رمزاً · الجلسة AFTER
01:40 KSA · AFTER   · scanner    · ساعة التأكيد مثبَّتة على شمعة 19:45Z (من cbar)
01:42 KSA · AFTER   · scanner    · بدء المسح · 1154 رمزاً · الجلسة AFTER
01:42 KSA · AFTER   · scanner    · ساعة التأكيد مثبَّتة على شمعة 19:45Z (من cbar)
01:44 KSA · AFTER   · scanner    · بدء المسح · 1154 رمزاً · الجلسة AFTER
01:44 KSA · AFTER   · scanner    · ساعة التأكيد مثبَّتة على شمعة 19:45Z (من cbar)
01:45 KSA · AFTER   · scanner    · بدء المسح · 1154 رمزاً · الجلسة AFTER
01:45 KSA · AFTER   · scanner    · ساعة التأكيد مثبَّتة على شمعة 19:45Z (من cbar)
01:46 KSA · AFTER   · scanner    · بدء المسح · 1154 رمزاً · الجلسة AFTER
01:46 KSA · AFTER   · scanner    · ساعة التأكيد مثبَّتة على شمعة 19:45Z (من cbar)
01:48 KSA · AFTER   · scanner    · بدء المسح · 1154 رمزاً · الجلسة AFTER
01:48 KSA · AFTER   · scanner    · ساعة التأكيد مثبَّتة على شمعة 19:45Z (من cbar)
01:52 KSA · AFTER   · scanner    · بدء المسح · 1154 رمزاً · الجلسة AFTER
01:52 KSA · AFTER   · scanner    · ساعة التأكيد مثبَّتة على شمعة 19:45Z (من cbar)
01:53 KSA · AFTER   · scanner    · بدء المسح · 1154 رمزاً · الجلسة AFTER
01:53 KSA · AFTER   · scanner    · ساعة التأكيد مثبَّتة على شمعة 19:45Z (من cbar)
01:54 KSA · AFTER   · scanner    · بدء المسح · 1154 رمزاً · الجلسة AFTER
01:54 KSA · AFTER   · scanner    · ساعة التأكيد مثبَّتة على شمعة 19:45Z (من cbar)
01:56 KSA · AFTER   · scanner    · بدء المسح · 1154 رمزاً · الجلسة AFTER
01:56 KSA · AFTER   · scanner    · ساعة التأكيد مثبَّتة على شمعة 19:45Z (من cbar)
01:58 KSA · AFTER   · scanner    · بدء المسح · 1154 رمزاً · الجلسة AFTER
01:58 KSA · AFTER   · scanner    · ساعة التأكيد مثبَّتة على شمعة 19:45Z (من cbar)
02:00 KSA · AFTER   · scanner    · بدء المسح · 1154 رمزاً · الجلسة AFTER
02:00 KSA · AFTER   · scanner    · ساعة التأكيد مثبَّتة على شمعة 19:45Z (من cbar)
02:01 KSA · AFTER   · scanner    · بدء المسح · 1154 رمزاً · الجلسة AFTER
02:01 KSA · AFTER   · scanner    · ساعة التأكيد مثبَّتة على شمعة 19:45Z (من cbar)
02:02 KSA · AFTER   · scanner    · بدء المسح · 1154 رمزاً · الجلسة AFTER
02:02 KSA · AFTER   · scanner    · ساعة التأكيد مثبَّتة على شمعة 19:45Z (من cbar)
02:04 KSA · AFTER   · scanner    · بدء المسح · 1154 رمزاً · الجلسة AFTER
02:04 KSA · AFTER   · scanner    · ساعة التأكيد مثبَّتة على شمعة 19:45Z (من cbar)
02:08 KSA · AFTER   · scanner    · بدء المسح · 1154 رمزاً · الجلسة AFTER
02:08 KSA · AFTER   · scanner    · ساعة التأكيد مثبَّتة على شمعة 19:45Z (من cbar)
02:10 KSA · AFTER   · scanner    · بدء المسح · 1154 رمزاً · الجلسة AFTER
02:10 KSA · AFTER   · scanner    · ساعة التأكيد مثبَّتة على شمعة 19:45Z (من cbar)
02:12 KSA · AFTER   · scanner    · بدء المسح · 1154 رمزاً · الجلسة AFTER
02:12 KSA · AFTER   · scanner    · ساعة التأكيد مثبَّتة على شمعة 19:45Z (من cbar)
02:14 KSA · AFTER   · scanner    · بدء المسح · 1154 رمزاً · الجلسة AFTER
02:14 KSA · AFTER   · scanner    · ساعة التأكيد مثبَّتة على شمعة 19:45Z (من cbar)
02:15 KSA · AFTER   · scanner    · بدء المسح · 1154 رمزاً · الجلسة AFTER
02:15 KSA · AFTER   · scanner    · ساعة التأكيد مثبَّتة على شمعة 19:45Z (من cbar)
02:16 KSA · AFTER   · scanner    · بدء المسح · 1154 رمزاً · الجلسة AFTER
02:16 KSA · AFTER   · scanner    · ساعة التأكيد مثبَّتة على شمعة 19:45Z (من cbar)
02:18 KSA · AFTER   · scanner    · بدء المسح · 1154 رمزاً · الجلسة AFTER
02:18 KSA · AFTER   · scanner    · ساعة التأكيد مثبَّتة على شمعة 19:45Z (من cbar)
02:21 KSA · AFTER   · scanner    · بدء المسح · 1154 رمزاً · الجلسة AFTER
02:21 KSA · AFTER   · scanner    · ساعة التأكيد مثبَّتة على شمعة 19:45Z (من cbar)
02:23 KSA · AFTER   · scanner    · بدء المسح · 1154 رمزاً · الجلسة AFTER
02:23 KSA · AFTER   · scanner    · ساعة التأكيد مثبَّتة على شمعة 19:45Z (من cbar)
02:24 KSA · AFTER   · scanner    · بدء المسح · 1154 رمزاً · الجلسة AFTER
02:24 KSA · AFTER   · scanner    · ساعة التأكيد مثبَّتة على شمعة 19:45Z (من cbar)
02:26 KSA · AFTER   · scanner    · بدء المسح · 1154 رمزاً · الجلسة AFTER
02:26 KSA · AFTER   · scanner    · ساعة التأكيد مثبَّتة على شمعة 19:45Z (من cbar)
02:28 KSA · AFTER   · scanner    · بدء المسح · 1154 رمزاً · الجلسة AFTER
02:28 KSA · AFTER   · scanner    · ساعة التأكيد مثبَّتة على شمعة 19:45Z (من cbar)
02:30 KSA · AFTER   · scanner    · بدء المسح · 1154 رمزاً · الجلسة AFTER
02:30 KSA · AFTER   · scanner    · ساعة التأكيد مثبَّتة على شمعة 19:45Z (من cbar)
02:31 KSA · AFTER   · scanner    · بدء المسح · 1154 رمزاً · الجلسة AFTER
02:31 KSA · AFTER   · scanner    · ساعة التأكيد مثبَّتة على شمعة 19:45Z (من cbar)
02:32 KSA · AFTER   · scanner    · بدء المسح · 1154 رمزاً · الجلسة AFTER
02:32 KSA · AFTER   · scanner    · ساعة التأكيد مثبَّتة على شمعة 19:45Z (من cbar)
02:34 KSA · AFTER   · scanner    · بدء المسح · 1154 رمزاً · الجلسة AFTER
02:34 KSA · AFTER   · scanner    · ساعة التأكيد مثبَّتة على شمعة 19:45Z (من cbar)
02:38 KSA · AFTER   · scanner    · بدء المسح · 1154 رمزاً · الجلسة AFTER
02:38 KSA · AFTER   · scanner    · ساعة التأكيد مثبَّتة على شمعة 19:45Z (من cbar)
02:40 KSA · AFTER   · scanner    · بدء المسح · 1154 رمزاً · الجلسة AFTER
02:40 KSA · AFTER   · scanner    · ساعة التأكيد مثبَّتة على شمعة 19:45Z (من cbar)
02:42 KSA · AFTER   · scanner    · بدء المسح · 1154 رمزاً · الجلسة AFTER
02:42 KSA · AFTER   · scanner    · ساعة التأكيد مثبَّتة على شمعة 19:45Z (من cbar)
02:44 KSA · AFTER   · scanner    · بدء المسح · 1154 رمزاً · الجلسة AFTER
02:44 KSA · AFTER   · scanner    · ساعة التأكيد مثبَّتة على شمعة 19:45Z (من cbar)
02:45 KSA · AFTER   · scanner    · بدء المسح · 1154 رمزاً · الجلسة AFTER
02:45 KSA · AFTER   · scanner    · ساعة التأكيد مثبَّتة على شمعة 19:45Z (من cbar)
02:46 KSA · AFTER   · scanner    · بدء المسح · 1154 رمزاً · الجلسة AFTER
02:46 KSA · AFTER   · scanner    · ساعة التأكيد مثبَّتة على شمعة 19:45Z (من cbar)
02:48 KSA · AFTER   · scanner    · بدء المسح · 1154 رمزاً · الجلسة AFTER
02:48 KSA · AFTER   · scanner    · ساعة التأكيد مثبَّتة على شمعة 19:45Z (من cbar)
02:50 KSA · AFTER   · scanner    · بدء المسح · 1154 رمزاً · الجلسة AFTER
02:50 KSA · AFTER   · scanner    · ساعة التأكيد مثبَّتة على شمعة 19:45Z (من cbar)
02:52 KSA · AFTER   · scanner    · بدء المسح · 1154 رمزاً · الجلسة AFTER
02:52 KSA · AFTER   · scanner    · ساعة التأكيد مثبَّتة على شمعة 19:45Z (من cbar)
02:53 KSA · AFTER   · scanner    · بدء المسح · 1154 رمزاً · الجلسة AFTER
02:53 KSA · AFTER   · scanner    · ساعة التأكيد مثبَّتة على شمعة 19:45Z (من cbar)
02:54 KSA · AFTER   · scanner    · بدء المسح · 1154 رمزاً · الجلسة AFTER
02:54 KSA · AFTER   · scanner    · ساعة التأكيد مثبَّتة على شمعة 19:45Z (من cbar)
02:56 KSA · AFTER   · scanner    · بدء المسح · 1154 رمزاً · الجلسة AFTER
02:56 KSA · AFTER   · scanner    · ساعة التأكيد مثبَّتة على شمعة 19:45Z (من cbar)
02:58 KSA · AFTER   · scanner    · بدء المسح · 1154 رمزاً · الجلسة AFTER
02:58 KSA · AFTER   · scanner    · ساعة التأكيد مثبَّتة على شمعة 19:45Z (من cbar)
03:00 KSA · CLOSED  · scanner    · بدء المسح · 1154 رمزاً · الجلسة CLOSED
03:00 KSA · CLOSED  · scanner    · ساعة التأكيد مثبَّتة على شمعة 19:45Z (من cbar)
03:01 KSA · CLOSED  · scanner    · بدء المسح · 1154 رمزاً · الجلسة CLOSED
03:01 KSA · CLOSED  · scanner    · ساعة التأكيد مثبَّتة على شمعة 19:45Z (من cbar)
03:01 KSA · CLOSED  · signal     · XRP-USD · rsiDiv ▼ 78 · 1d
03:01 KSA · CLOSED  · signal     · XPL-USD · tfAlign ▲ 84 · 1d
03:02 KSA · CLOSED  · scanner    · بدء المسح · 1154 رمزاً · الجلسة CLOSED
03:02 KSA · CLOSED  · scanner    · ساعة التأكيد مثبَّتة على شمعة 19:45Z (من cbar)
03:04 KSA · CLOSED  · scanner    · بدء المسح · 1154 رمزاً · الجلسة CLOSED
03:04 KSA · CLOSED  · scanner    · ساعة التأكيد مثبَّتة على شمعة 19:45Z (من cbar)
03:06 KSA · CLOSED  · scanner    · بدء المسح · 1154 رمزاً · الجلسة CLOSED
03:06 KSA · CLOSED  · scanner    · ساعة التأكيد مثبَّتة على شمعة 19:45Z (من cbar)
03:09 KSA · CLOSED  · scanner    · بدء المسح · 1154 رمزاً · الجلسة CLOSED
03:09 KSA · CLOSED  · scanner    · ساعة التأكيد مثبَّتة على شمعة 19:45Z (من cbar)
03:10 KSA · CLOSED  · scanner    · بدء المسح · 1154 رمزاً · الجلسة CLOSED
03:10 KSA · CLOSED  · scanner    · ساعة التأكيد مثبَّتة على شمعة 19:45Z (من cbar)
03:12 KSA · CLOSED  · scanner    · بدء المسح · 1154 رمزاً · الجلسة CLOSED
03:12 KSA · CLOSED  · scanner    · ساعة التأكيد مثبَّتة على شمعة 19:45Z (من cbar)
03:14 KSA · CLOSED  · scanner    · بدء المسح · 1154 رمزاً · الجلسة CLOSED
03:14 KSA · CLOSED  · scanner    · ساعة التأكيد مثبَّتة على شمعة 19:45Z (من cbar)
03:15 KSA · CLOSED  · scanner    · بدء المسح · 1154 رمزاً · الجلسة CLOSED
03:15 KSA · CLOSED  · scanner    · ساعة التأكيد مثبَّتة على شمعة 19:45Z (من cbar)
03:16 KSA · CLOSED  · scanner    · بدء المسح · 1154 رمزاً · الجلسة CLOSED
03:16 KSA · CLOSED  · scanner    · ساعة التأكيد مثبَّتة على شمعة 19:45Z (من cbar)
03:18 KSA · CLOSED  · scanner    · بدء المسح · 1154 رمزاً · الجلسة CLOSED
03:18 KSA · CLOSED  · scanner    · ساعة التأكيد مثبَّتة على شمعة 19:45Z (من cbar)
03:20 KSA · CLOSED  · scanner    · بدء المسح · 1154 رمزاً · الجلسة CLOSED
03:20 KSA · CLOSED  · scanner    · ساعة التأكيد مثبَّتة على شمعة 19:45Z (من cbar)
03:23 KSA · CLOSED  · scanner    · بدء المسح · 1154 رمزاً · الجلسة CLOSED
03:23 KSA · CLOSED  · scanner    · ساعة التأكيد مثبَّتة على شمعة 19:45Z (من cbar)
03:25 KSA · CLOSED  · scanner    · بدء المسح · 1154 رمزاً · الجلسة CLOSED
03:25 KSA · CLOSED  · scanner    · ساعة التأكيد مثبَّتة على شمعة 19:45Z (من cbar)
03:26 KSA · CLOSED  · scanner    · بدء المسح · 1154 رمزاً · الجلسة CLOSED
03:26 KSA · CLOSED  · scanner    · ساعة التأكيد مثبَّتة على شمعة 19:45Z (من cbar)
03:28 KSA · CLOSED  · scanner    · بدء المسح · 1154 رمزاً · الجلسة CLOSED
03:28 KSA · CLOSED  · scanner    · ساعة التأكيد مثبَّتة على شمعة 19:45Z (من cbar)
03:30 KSA · CLOSED  · scanner    · بدء المسح · 1154 رمزاً · الجلسة CLOSED
03:30 KSA · CLOSED  · scanner    · ساعة التأكيد مثبَّتة على شمعة 19:45Z (من cbar)
03:31 KSA · CLOSED  · scanner    · بدء المسح · 1154 رمزاً · الجلسة CLOSED
03:31 KSA · CLOSED  · scanner    · ساعة التأكيد مثبَّتة على شمعة 19:45Z (من cbar)
03:32 KSA · CLOSED  · scanner    · بدء المسح · 1154 رمزاً · الجلسة CLOSED
03:32 KSA · CLOSED  · scanner    · ساعة التأكيد مثبَّتة على شمعة 19:45Z (من cbar)
03:34 KSA · CLOSED  · scanner    · بدء المسح · 1154 رمزاً · الجلسة CLOSED
03:34 KSA · CLOSED  · scanner    · ساعة التأكيد مثبَّتة على شمعة 19:45Z (من cbar)
03:36 KSA · CLOSED  · scanner    · بدء المسح · 1154 رمزاً · الجلسة CLOSED
03:36 KSA · CLOSED  · scanner    · ساعة التأكيد مثبَّتة على شمعة 19:45Z (من cbar)
03:39 KSA · CLOSED  · scanner    · بدء المسح · 1154 رمزاً · الجلسة CLOSED
03:39 KSA · CLOSED  · scanner    · ساعة التأكيد مثبَّتة على شمعة 19:45Z (من cbar)
03:41 KSA · CLOSED  · scanner    · بدء المسح · 1154 رمزاً · الجلسة CLOSED
03:41 KSA · CLOSED  · scanner    · ساعة التأكيد مثبَّتة على شمعة 19:45Z (من cbar)
03:42 KSA · CLOSED  · scanner    · بدء المسح · 1154 رمزاً · الجلسة CLOSED
03:42 KSA · CLOSED  · scanner    · ساعة التأكيد مثبَّتة على شمعة 19:45Z (من cbar)
03:44 KSA · CLOSED  · scanner    · بدء المسح · 1154 رمزاً · الجلسة CLOSED
03:44 KSA · CLOSED  · scanner    · ساعة التأكيد مثبَّتة على شمعة 19:45Z (من cbar)
03:45 KSA · CLOSED  · scanner    · بدء المسح · 1154 رمزاً · الجلسة CLOSED
03:45 KSA · CLOSED  · scanner    · ساعة التأكيد مثبَّتة على شمعة 19:45Z (من cbar)
03:46 KSA · CLOSED  · scanner    · بدء المسح · 1154 رمزاً · الجلسة CLOSED
03:46 KSA · CLOSED  · scanner    · ساعة التأكيد مثبَّتة على شمعة 19:45Z (من cbar)
03:48 KSA · CLOSED  · scanner    · بدء المسح · 1154 رمزاً · الجلسة CLOSED
03:48 KSA · CLOSED  · scanner    · ساعة التأكيد مثبَّتة على شمعة 19:45Z (من cbar)
03:50 KSA · CLOSED  · scanner    · بدء المسح · 1154 رمزاً · الجلسة CLOSED
03:50 KSA · CLOSED  · scanner    · ساعة التأكيد مثبَّتة على شمعة 19:45Z (من cbar)
03:51 KSA · CLOSED  · scanner    · بدء المسح · 1154 رمزاً · الجلسة CLOSED
03:51 KSA · CLOSED  · scanner    · ساعة التأكيد مثبَّتة على شمعة 19:45Z (من cbar)
03:52 KSA · CLOSED  · scanner    · بدء المسح · 1154 رمزاً · الجلسة CLOSED
03:52 KSA · CLOSED  · scanner    · ساعة التأكيد مثبَّتة على شمعة 19:45Z (من cbar)
03:54 KSA · CLOSED  · scanner    · بدء المسح · 1154 رمزاً · الجلسة CLOSED
03:54 KSA · CLOSED  · scanner    · ساعة التأكيد مثبَّتة على شمعة 19:45Z (من cbar)
03:56 KSA · CLOSED  · scanner    · بدء المسح · 1154 رمزاً · الجلسة CLOSED
03:56 KSA · CLOSED  · scanner    · ساعة التأكيد مثبَّتة على شمعة 19:45Z (من cbar)
03:58 KSA · CLOSED  · scanner    · بدء المسح · 1154 رمزاً · الجلسة CLOSED
03:58 KSA · CLOSED  · scanner    · ساعة التأكيد مثبَّتة على شمعة 19:45Z (من cbar)
04:00 KSA · CLOSED  · scanner    · بدء المسح · 1154 رمزاً · الجلسة CLOSED
04:00 KSA · CLOSED  · scanner    · ساعة التأكيد مثبَّتة على شمعة 19:45Z (من cbar)
04:01 KSA · CLOSED  · scanner    · بدء المسح · 1154 رمزاً · الجلسة CLOSED
04:01 KSA · CLOSED  · scanner    · ساعة التأكيد مثبَّتة على شمعة 19:45Z (من cbar)
04:02 KSA · CLOSED  · scanner    · بدء المسح · 1154 رمزاً · الجلسة CLOSED
04:02 KSA · CLOSED  · scanner    · ساعة التأكيد مثبَّتة على شمعة 19:45Z (من cbar)
04:04 KSA · CLOSED  · scanner    · بدء المسح · 1154 رمزاً · الجلسة CLOSED
04:04 KSA · CLOSED  · scanner    · ساعة التأكيد مثبَّتة على شمعة 19:45Z (من cbar)
04:06 KSA · CLOSED  · scanner    · بدء المسح · 1154 رمزاً · الجلسة CLOSED
04:06 KSA · CLOSED  · scanner    · ساعة التأكيد مثبَّتة على شمعة 19:45Z (من cbar)
04:09 KSA · CLOSED  · scanner    · بدء المسح · 1154 رمزاً · الجلسة CLOSED
04:09 KSA · CLOSED  · scanner    · ساعة التأكيد مثبَّتة على شمعة 19:45Z (من cbar)
04:10 KSA · CLOSED  · scanner    · بدء المسح · 1154 رمزاً · الجلسة CLOSED
04:10 KSA · CLOSED  · scanner    · ساعة التأكيد مثبَّتة على شمعة 19:45Z (من cbar)
04:12 KSA · CLOSED  · scanner    · بدء المسح · 1154 رمزاً · الجلسة CLOSED
04:12 KSA · CLOSED  · scanner    · ساعة التأكيد مثبَّتة على شمعة 19:45Z (من cbar)
04:14 KSA · CLOSED  · scanner    · بدء المسح · 1154 رمزاً · الجلسة CLOSED
04:14 KSA · CLOSED  · scanner    · ساعة التأكيد مثبَّتة على شمعة 19:45Z (من cbar)
04:15 KSA · CLOSED  · scanner    · بدء المسح · 1154 رمزاً · الجلسة CLOSED
04:15 KSA · CLOSED  · scanner    · ساعة التأكيد مثبَّتة على شمعة 19:45Z (من cbar)
04:16 KSA · CLOSED  · scanner    · بدء المسح · 1154 رمزاً · الجلسة CLOSED
04:16 KSA · CLOSED  · scanner    · ساعة التأكيد مثبَّتة على شمعة 19:45Z (من cbar)
04:18 KSA · CLOSED  · scanner    · بدء المسح · 1154 رمزاً · الجلسة CLOSED
04:18 KSA · CLOSED  · scanner    · ساعة التأكيد مثبَّتة على شمعة 19:45Z (من cbar)
04:20 KSA · CLOSED  · scanner    · بدء المسح · 1154 رمزاً · الجلسة CLOSED
04:20 KSA · CLOSED  · scanner    · ساعة التأكيد مثبَّتة على شمعة 19:45Z (من cbar)
04:22 KSA · CLOSED  · scanner    · بدء المسح · 1154 رمزاً · الجلسة CLOSED
04:22 KSA · CLOSED  · scanner    · ساعة التأكيد مثبَّتة على شمعة 19:45Z (من cbar)
04:23 KSA · CLOSED  · scanner    · بدء المسح · 1154 رمزاً · الجلسة CLOSED
04:23 KSA · CLOSED  · scanner    · ساعة التأكيد مثبَّتة على شمعة 19:45Z (من cbar)
04:24 KSA · CLOSED  · scanner    · بدء المسح · 1154 رمزاً · الجلسة CLOSED
04:24 KSA · CLOSED  · scanner    · ساعة التأكيد مثبَّتة على شمعة 19:45Z (من cbar)
04:26 KSA · CLOSED  · scanner    · بدء المسح · 1154 رمزاً · الجلسة CLOSED
04:26 KSA · CLOSED  · scanner    · ساعة التأكيد مثبَّتة على شمعة 19:45Z (من cbar)
04:28 KSA · CLOSED  · scanner    · بدء المسح · 1154 رمزاً · الجلسة CLOSED
04:28 KSA · CLOSED  · scanner    · ساعة التأكيد مثبَّتة على شمعة 19:45Z (من cbar)
04:30 KSA · CLOSED  · scanner    · بدء المسح · 1154 رمزاً · الجلسة CLOSED
04:30 KSA · CLOSED  · scanner    · ساعة التأكيد مثبَّتة على شمعة 19:45Z (من cbar)
04:31 KSA · CLOSED  · scanner    · بدء المسح · 1154 رمزاً · الجلسة CLOSED
04:31 KSA · CLOSED  · scanner    · ساعة التأكيد مثبَّتة على شمعة 19:45Z (من cbar)
04:32 KSA · CLOSED  · scanner    · بدء المسح · 1154 رمزاً · الجلسة CLOSED
04:32 KSA · CLOSED  · scanner    · ساعة التأكيد مثبَّتة على شمعة 19:45Z (من cbar)
04:34 KSA · CLOSED  · scanner    · بدء المسح · 1154 رمزاً · الجلسة CLOSED
04:34 KSA · CLOSED  · scanner    · ساعة التأكيد مثبَّتة على شمعة 19:45Z (من cbar)
04:36 KSA · CLOSED  · scanner    · بدء المسح · 1154 رمزاً · الجلسة CLOSED
04:36 KSA · CLOSED  · scanner    · ساعة التأكيد مثبَّتة على شمعة 19:45Z (من cbar)
04:38 KSA · CLOSED  · scanner    · بدء المسح · 1154 رمزاً · الجلسة CLOSED
04:38 KSA · CLOSED  · scanner    · ساعة التأكيد مثبَّتة على شمعة 19:45Z (من cbar)
04:40 KSA · CLOSED  · scanner    · بدء المسح · 1154 رمزاً · الجلسة CLOSED
04:40 KSA · CLOSED  · scanner    · ساعة التأكيد مثبَّتة على شمعة 19:45Z (من cbar)
04:42 KSA · CLOSED  · scanner    · بدء المسح · 1154 رمزاً · الجلسة CLOSED
04:42 KSA · CLOSED  · scanner    · ساعة التأكيد مثبَّتة على شمعة 19:45Z (من cbar)
04:44 KSA · CLOSED  · scanner    · بدء المسح · 1154 رمزاً · الجلسة CLOSED
04:44 KSA · CLOSED  · scanner    · ساعة التأكيد مثبَّتة على شمعة 19:45Z (من cbar)
04:45 KSA · CLOSED  · scanner    · بدء المسح · 1154 رمزاً · الجلسة CLOSED
04:45 KSA · CLOSED  · scanner    · ساعة التأكيد مثبَّتة على شمعة 19:45Z (من cbar)
04:46 KSA · CLOSED  · scanner    · بدء المسح · 1154 رمزاً · الجلسة CLOSED
04:46 KSA · CLOSED  · scanner    · ساعة التأكيد مثبَّتة على شمعة 19:45Z (من cbar)
04:48 KSA · CLOSED  · scanner    · بدء المسح · 1154 رمزاً · الجلسة CLOSED
04:48 KSA · CLOSED  · scanner    · ساعة التأكيد مثبَّتة على شمعة 19:45Z (من cbar)
04:51 KSA · CLOSED  · scanner    · بدء المسح · 1154 رمزاً · الجلسة CLOSED
04:51 KSA · CLOSED  · scanner    · ساعة التأكيد مثبَّتة على شمعة 19:45Z (من cbar)
04:53 KSA · CLOSED  · scanner    · بدء المسح · 1154 رمزاً · الجلسة CLOSED
04:53 KSA · CLOSED  · scanner    · ساعة التأكيد مثبَّتة على شمعة 19:45Z (من cbar)
04:54 KSA · CLOSED  · scanner    · بدء المسح · 1154 رمزاً · الجلسة CLOSED
04:54 KSA · CLOSED  · scanner    · ساعة التأكيد مثبَّتة على شمعة 19:45Z (من cbar)
04:56 KSA · CLOSED  · scanner    · بدء المسح · 1154 رمزاً · الجلسة CLOSED
04:56 KSA · CLOSED  · scanner    · ساعة التأكيد مثبَّتة على شمعة 19:45Z (من cbar)
04:58 KSA · CLOSED  · scanner    · بدء المسح · 1154 رمزاً · الجلسة CLOSED
04:58 KSA · CLOSED  · scanner    · ساعة التأكيد مثبَّتة على شمعة 19:45Z (من cbar)
05:00 KSA · CLOSED  · scanner    · بدء المسح · 1154 رمزاً · الجلسة CLOSED
05:00 KSA · CLOSED  · scanner    · ساعة التأكيد مثبَّتة على شمعة 19:45Z (من cbar)
05:01 KSA · CLOSED  · scanner    · بدء المسح · 1154 رمزاً · الجلسة CLOSED
05:01 KSA · CLOSED  · scanner    · ساعة التأكيد مثبَّتة على شمعة 19:45Z (من cbar)
05:02 KSA · CLOSED  · scanner    · بدء المسح · 1154 رمزاً · الجلسة CLOSED
05:02 KSA · CLOSED  · scanner    · ساعة التأكيد مثبَّتة على شمعة 19:45Z (من cbar)
05:04 KSA · CLOSED  · scanner    · بدء المسح · 1154 رمزاً · الجلسة CLOSED
05:04 KSA · CLOSED  · scanner    · ساعة التأكيد مثبَّتة على شمعة 19:45Z (من cbar)
05:08 KSA · CLOSED  · scanner    · بدء المسح · 1154 رمزاً · الجلسة CLOSED
05:08 KSA · CLOSED  · scanner    · ساعة التأكيد مثبَّتة على شمعة 19:45Z (من cbar)
05:10 KSA · CLOSED  · scanner    · بدء المسح · 1154 رمزاً · الجلسة CLOSED
05:10 KSA · CLOSED  · scanner    · ساعة التأكيد مثبَّتة على شمعة 19:45Z (من cbar)
05:12 KSA · CLOSED  · scanner    · بدء المسح · 1154 رمزاً · الجلسة CLOSED
05:12 KSA · CLOSED  · scanner    · ساعة التأكيد مثبَّتة على شمعة 19:45Z (من cbar)
05:14 KSA · CLOSED  · scanner    · بدء المسح · 1154 رمزاً · الجلسة CLOSED
05:14 KSA · CLOSED  · scanner    · ساعة التأكيد مثبَّتة على شمعة 19:45Z (من cbar)
05:15 KSA · CLOSED  · scanner    · بدء المسح · 1154 رمزاً · الجلسة CLOSED
05:15 KSA · CLOSED  · scanner    · ساعة التأكيد مثبَّتة على شمعة 19:45Z (من cbar)
05:16 KSA · CLOSED  · scanner    · بدء المسح · 1154 رمزاً · الجلسة CLOSED
05:16 KSA · CLOSED  · scanner    · ساعة التأكيد مثبَّتة على شمعة 19:45Z (من cbar)
05:18 KSA · CLOSED  · scanner    · بدء المسح · 1154 رمزاً · الجلسة CLOSED
05:18 KSA · CLOSED  · scanner    · ساعة التأكيد مثبَّتة على شمعة 19:45Z (من cbar)
05:21 KSA · CLOSED  · scanner    · بدء المسح · 1154 رمزاً · الجلسة CLOSED
05:21 KSA · CLOSED  · scanner    · ساعة التأكيد مثبَّتة على شمعة 19:45Z (من cbar)
05:23 KSA · CLOSED  · scanner    · بدء المسح · 1154 رمزاً · الجلسة CLOSED
05:23 KSA · CLOSED  · scanner    · ساعة التأكيد مثبَّتة على شمعة 19:45Z (من cbar)
05:24 KSA · CLOSED  · scanner    · بدء المسح · 1154 رمزاً · الجلسة CLOSED
05:24 KSA · CLOSED  · scanner    · ساعة التأكيد مثبَّتة على شمعة 19:45Z (من cbar)
05:26 KSA · CLOSED  · scanner    · بدء المسح · 1154 رمزاً · الجلسة CLOSED
05:26 KSA · CLOSED  · scanner    · ساعة التأكيد مثبَّتة على شمعة 19:45Z (من cbar)
05:28 KSA · CLOSED  · scanner    · بدء المسح · 1154 رمزاً · الجلسة CLOSED
05:28 KSA · CLOSED  · scanner    · ساعة التأكيد مثبَّتة على شمعة 19:45Z (من cbar)
05:30 KSA · CLOSED  · scanner    · بدء المسح · 1154 رمزاً · الجلسة CLOSED
05:30 KSA · CLOSED  · scanner    · ساعة التأكيد مثبَّتة على شمعة 19:45Z (من cbar)
05:31 KSA · CLOSED  · scanner    · بدء المسح · 1154 رمزاً · الجلسة CLOSED
05:31 KSA · CLOSED  · scanner    · ساعة التأكيد مثبَّتة على شمعة 02:15Z (من cbar)
05:31 KSA · CLOSED  · signal     · AAPL · momo ▼ 64 · 1h
05:31 KSA · CLOSED  · signal     · GOOGL · momo ▼ 67 · 1h
05:31 KSA · CLOSED  · signal     · GOOG · momo ▼ 58 · 1h
05:31 KSA · CLOSED  · signal     · AMZN · momo ▼ 67 · 1h
05:31 KSA · CLOSED  · signal     · BRK-B · pbTrend ▲ 60 · 1h
05:31 KSA · CLOSED  · signal     · WMT · tfAlign ▼ 76 · 1d
05:31 KSA · CLOSED  · signal     · NOW · pbTrend ▲ 76 · 1h
05:31 KSA · CLOSED  · signal     · FTNT · momo ▲ 83 · 1h
05:31 KSA · CLOSED  · signal     · PGR · rsiDiv ▲ 78 · 1h
05:31 KSA · CLOSED  · signal     · NSC · tfAlign ▼ 66 · 1d
05:31 KSA · CLOSED  · signal     · XAUT-USD · pbTrend ▼ 86 · 1h
05:31 KSA · CLOSED  · signal     · PAXG-USD · pbTrend ▼ 83 · 1h
05:31 KSA · CLOSED  · signal     · MTL-USD · vwapRec ▲ 78 · 15m
05:31 KSA · CLOSED  · signal     · TAO-USD · rsiDiv ▲ 58 · 1d
05:31 KSA · CLOSED  · signal     · PYTH-USD · volSpike ▼ 56 · 1d
05:31 KSA · CLOSED  · signal     · LDO-USD · rsiDiv ▼ 69 · 1d
05:31 KSA · CLOSED  · signal     · FRAX-USD · volSpike ▼ 72 · 1d
05:31 KSA · CLOSED  · signal     · KAIA-USD · volSpike ▼ 83 · 1d
05:31 KSA · CLOSED  · signal     · BAT-USD · volSpike ▼ 83 · 1d
05:31 KSA · CLOSED  · signal     · EGLD-USD · volSpike ▼ 78 · 1d
05:31 KSA · CLOSED  · signal     · SAND-USD · volSpike ▼ 83 · 1d
05:31 KSA · CLOSED  · signal     · PLUME-USD · meanRev ▼ 78 · 1d
05:31 KSA · CLOSED  · signal     · ALLO-USD · volSpike ▼ 78 · 1d
05:31 KSA · CLOSED  · signal     · WIN-USD · volSpike ▼ 78 · 1d
05:31 KSA · CLOSED  · signal     · EUL-USD · volSpike ▼ 78 · 1d
05:31 KSA · CLOSED  · signal     · OPG-USD · volSpike ▼ 78 · 1d
05:31 KSA · CLOSED  · signal     · FOGO-USD · volSpike ▼ 83 · 1d
05:31 KSA · CLOSED  · signal     · API3-USD · volSpike ▼ 100 · 1d
05:31 KSA · CLOSED  · signal     · ARPA-USD · volSpike ▼ 67 · 1d
05:31 KSA · CLOSED  · signal     · DOLO-USD · volSpike ▼ 67 · 1d
05:31 KSA · CLOSED  · signal     · SXT-USD · volSpike ▼ 89 · 1d
05:31 KSA · CLOSED  · signal     · PORTO-USD · volSpike ▼ 100 · 1d
05:31 KSA · CLOSED  · signal     · IBMB-USD · brk ▼ 76 · 1d
05:31 KSA · CLOSED  · signal     · GSB-USD · sqzExp ▼ 56 · 1d
05:31 KSA · CLOSED  · signal     · STO-USD · volSpike ▼ 81 · 1d
05:31 KSA · CLOSED  · signal     · NOM-USD · brk ▲ 87 · 1d
05:31 KSA · CLOSED  · signal     · FORM-USD · rsiDiv ▼ 78 · 1d
05:31 KSA · CLOSED  · signal     · ACE-USD · volSpike ▼ 75 · 1d
05:31 KSA · CLOSED  · signal     · BROCCOLI714-USD · sqzExp ▲ 69 · 1d
05:31 KSA · CLOSED  · signal     · MOVE-USD · volSpike ▼ 100 · 1d
05:31 KSA · CLOSED  · signal     · BTTC-USD · volSpike ▼ 63 · 1d
05:31 KSA · CLOSED  · signal     · AI-USD · brk ▲ 84 · 1d
05:31 KSA · CLOSED  · signal     · AI-USD · meanRev ▼ 68 · 1d
05:31 KSA · CLOSED  · signal     · AI-USD · volSpike ▼ 56 · 1d
05:32 KSA · CLOSED  · scanner    · بدء المسح · 1154 رمزاً · الجلسة CLOSED
05:32 KSA · CLOSED  · scanner    · ساعة التأكيد مثبَّتة على شمعة 02:15Z (من cbar)
05:34 KSA · CLOSED  · scanner    · بدء المسح · 1154 رمزاً · الجلسة CLOSED
05:34 KSA · CLOSED  · scanner    · ساعة التأكيد مثبَّتة على شمعة 02:15Z (من cbar)
05:38 KSA · CLOSED  · scanner    · بدء المسح · 1154 رمزاً · الجلسة CLOSED
05:38 KSA · CLOSED  · scanner    · ساعة التأكيد مثبَّتة على شمعة 02:15Z (من cbar)
05:40 KSA · CLOSED  · scanner    · بدء المسح · 1154 رمزاً · الجلسة CLOSED
05:40 KSA · CLOSED  · scanner    · ساعة التأكيد مثبَّتة على شمعة 02:15Z (من cbar)
05:42 KSA · CLOSED  · scanner    · بدء المسح · 1154 رمزاً · الجلسة CLOSED
05:42 KSA · CLOSED  · scanner    · ساعة التأكيد مثبَّتة على شمعة 02:15Z (من cbar)
05:44 KSA · CLOSED  · scanner    · بدء المسح · 1154 رمزاً · الجلسة CLOSED
05:44 KSA · CLOSED  · scanner    · ساعة التأكيد مثبَّتة على شمعة 02:15Z (من cbar)
05:45 KSA · CLOSED  · scanner    · بدء المسح · 1154 رمزاً · الجلسة CLOSED
05:45 KSA · CLOSED  · scanner    · ساعة التأكيد مثبَّتة على شمعة 02:30Z (من cbar)
05:46 KSA · CLOSED  · scanner    · بدء المسح · 1154 رمزاً · الجلسة CLOSED
05:46 KSA · CLOSED  · scanner    · ساعة التأكيد مثبَّتة على شمعة 02:30Z (من cbar)
05:48 KSA · CLOSED  · scanner    · بدء المسح · 1154 رمزاً · الجلسة CLOSED
05:48 KSA · CLOSED  · scanner    · ساعة التأكيد مثبَّتة على شمعة 02:30Z (من cbar)
05:51 KSA · CLOSED  · scanner    · بدء المسح · 1154 رمزاً · الجلسة CLOSED
05:51 KSA · CLOSED  · scanner    · ساعة التأكيد مثبَّتة على شمعة 02:30Z (من cbar)
05:53 KSA · CLOSED  · scanner    · بدء المسح · 1154 رمزاً · الجلسة CLOSED
05:53 KSA · CLOSED  · scanner    · ساعة التأكيد مثبَّتة على شمعة 02:30Z (من cbar)
05:54 KSA · CLOSED  · scanner    · بدء المسح · 1154 رمزاً · الجلسة CLOSED
05:54 KSA · CLOSED  · scanner    · ساعة التأكيد مثبَّتة على شمعة 02:30Z (من cbar)
05:56 KSA · CLOSED  · scanner    · بدء المسح · 1154 رمزاً · الجلسة CLOSED
05:56 KSA · CLOSED  · scanner    · ساعة التأكيد مثبَّتة على شمعة 02:30Z (من cbar)
05:58 KSA · CLOSED  · scanner    · بدء المسح · 1154 رمزاً · الجلسة CLOSED
05:58 KSA · CLOSED  · scanner    · ساعة التأكيد مثبَّتة على شمعة 02:30Z (من cbar)
06:00 KSA · CLOSED  · scanner    · بدء المسح · 1154 رمزاً · الجلسة CLOSED
06:00 KSA · CLOSED  · scanner    · ساعة التأكيد مثبَّتة على شمعة 02:45Z (من cbar)
06:00 KSA · CLOSED  · signal     · ETH-USD · orb ▼ 80 · 15m
06:00 KSA · CLOSED  · signal     · BNB-USD · brk ▲ 66 · 15m
06:00 KSA · CLOSED  · signal     · XRP-USD · vwapRec ▲ 85 · 15m
06:00 KSA · CLOSED  · signal     · ZEC-USD · orb ▼ 73 · 15m
06:00 KSA · CLOSED  · signal     · LINK-USD · vwapRec ▲ 78 · 15m
06:00 KSA · CLOSED  · signal     · NEAR-USD · vwapRec ▲ 100 · 15m
06:00 KSA · CLOSED  · signal     · DOT-USD · brk ▲ 64 · 15m
06:00 KSA · CLOSED  · signal     · WLD-USD · orb ▲ 60 · 15m
06:00 KSA · CLOSED  · signal     · DASH-USD · vwapRec ▼ 60 · 15m
06:00 KSA · CLOSED  · signal     · ETHFI-USD · vwapRec ▲ 78 · 15m
06:00 KSA · CLOSED  · signal     · MARSCOIN-USD · meanRev ▲ 91 · 15m
06:00 KSA · CLOSED  · signal     · SPCXB-USD · orb ▼ 60 · 15m
06:00 KSA · CLOSED  · signal     · MTL-USD · orb ▼ 65 · 15m
06:00 KSA · CLOSED  · signal     · MTL-USD · meanRev ▲ 85 · 15m
06:00 KSA · CLOSED  · signal     · BNCB-USD · vwapRec ▲ 83 · 15m
06:00 KSA · CLOSED  · signal     · SNXXB-USD · momo ▲ 81 · 1h
06:00 KSA · CLOSED  · signal     · SUI-USD · orb ▲ 60 · 15m
06:00 KSA · CLOSED  · signal     · SUI-USD · volSpike ▼ 63 · 15m
06:00 KSA · CLOSED  · signal     · 牛来-USD · vwapRec ▼ 83 · 15m
06:00 KSA · CLOSED  · signal     · THE-USD · vwapRec ▲ 73 · 15m
06:00 KSA · CLOSED  · signal     · EUR-USD · tfAlign ▼ 84 · 1d
06:00 KSA · CLOSED  · signal     · HOLO-USD · brk ▲ 59 · 15m
06:00 KSA · CLOSED  · signal     · HOLO-USD · rsiDiv ▼ 92 · 15m
06:00 KSA · CLOSED  · signal     · PENGU-USD · orb ▲ 60 · 15m
06:01 KSA · CLOSED  · scanner    · بدء المسح · 1154 رمزاً · الجلسة CLOSED
06:01 KSA · CLOSED  · scanner    · ساعة التأكيد مثبَّتة على شمعة 02:45Z (من cbar)
06:02 KSA · CLOSED  · scanner    · بدء المسح · 1154 رمزاً · الجلسة CLOSED
06:02 KSA · CLOSED  · scanner    · ساعة التأكيد مثبَّتة على شمعة 02:45Z (من cbar)
06:04 KSA · CLOSED  · scanner    · بدء المسح · 1154 رمزاً · الجلسة CLOSED
06:04 KSA · CLOSED  · scanner    · ساعة التأكيد مثبَّتة على شمعة 02:45Z (من cbar)
06:08 KSA · CLOSED  · scanner    · بدء المسح · 1154 رمزاً · الجلسة CLOSED
06:08 KSA · CLOSED  · scanner    · ساعة التأكيد مثبَّتة على شمعة 02:45Z (من cbar)
06:10 KSA · CLOSED  · scanner    · بدء المسح · 1154 رمزاً · الجلسة CLOSED
06:10 KSA · CLOSED  · scanner    · ساعة التأكيد مثبَّتة على شمعة 02:45Z (من cbar)
06:12 KSA · CLOSED  · scanner    · بدء المسح · 1154 رمزاً · الجلسة CLOSED
06:12 KSA · CLOSED  · scanner    · ساعة التأكيد مثبَّتة على شمعة 02:45Z (من cbar)
06:14 KSA · CLOSED  · scanner    · بدء المسح · 1154 رمزاً · الجلسة CLOSED
06:14 KSA · CLOSED  · scanner    · ساعة التأكيد مثبَّتة على شمعة 02:45Z (من cbar)
06:15 KSA · CLOSED  · scanner    · بدء المسح · 1154 رمزاً · الجلسة CLOSED
06:15 KSA · CLOSED  · scanner    · ساعة التأكيد مثبَّتة على شمعة 03:00Z (من cbar)
06:15 KSA · CLOSED  · signal     · THE-USD · orb ▲ 55 · 15m
06:16 KSA · CLOSED  · scanner    · بدء المسح · 1154 رمزاً · الجلسة CLOSED
06:16 KSA · CLOSED  · scanner    · ساعة التأكيد مثبَّتة على شمعة 03:00Z (من cbar)
06:18 KSA · CLOSED  · scanner    · بدء المسح · 1154 رمزاً · الجلسة CLOSED
06:18 KSA · CLOSED  · scanner    · ساعة التأكيد مثبَّتة على شمعة 03:00Z (من cbar)
06:21 KSA · CLOSED  · scanner    · بدء المسح · 1154 رمزاً · الجلسة CLOSED
06:21 KSA · CLOSED  · scanner    · ساعة التأكيد مثبَّتة على شمعة 03:00Z (من cbar)
06:23 KSA · CLOSED  · scanner    · بدء المسح · 1154 رمزاً · الجلسة CLOSED
06:23 KSA · CLOSED  · scanner    · ساعة التأكيد مثبَّتة على شمعة 03:00Z (من cbar)
06:24 KSA · CLOSED  · scanner    · بدء المسح · 1154 رمزاً · الجلسة CLOSED
06:24 KSA · CLOSED  · scanner    · ساعة التأكيد مثبَّتة على شمعة 03:00Z (من cbar)
06:26 KSA · CLOSED  · scanner    · بدء المسح · 1154 رمزاً · الجلسة CLOSED
06:26 KSA · CLOSED  · scanner    · ساعة التأكيد مثبَّتة على شمعة 03:00Z (من cbar)
06:28 KSA · CLOSED  · scanner    · بدء المسح · 1154 رمزاً · الجلسة CLOSED
06:28 KSA · CLOSED  · scanner    · ساعة التأكيد مثبَّتة على شمعة 03:00Z (من cbar)
06:30 KSA · CLOSED  · scanner    · بدء المسح · 1154 رمزاً · الجلسة CLOSED
06:30 KSA · CLOSED  · scanner    · ساعة التأكيد مثبَّتة على شمعة 03:15Z (من cbar)
06:30 KSA · CLOSED  · signal     · INJ-USD · orb ▼ 60 · 15m
06:30 KSA · CLOSED  · signal     · XPL-USD · rsiDiv ▼ 75 · 15m
06:30 KSA · CLOSED  · signal     · LSK-USD · orb ▼ 83 · 15m
06:31 KSA · CLOSED  · scanner    · بدء المسح · 1154 رمزاً · الجلسة CLOSED
06:31 KSA · CLOSED  · scanner    · ساعة التأكيد مثبَّتة على شمعة 03:15Z (من cbar)
06:32 KSA · CLOSED  · scanner    · بدء المسح · 1154 رمزاً · الجلسة CLOSED
06:32 KSA · CLOSED  · scanner    · ساعة التأكيد مثبَّتة على شمعة 03:15Z (من cbar)
06:34 KSA · CLOSED  · scanner    · بدء المسح · 1154 رمزاً · الجلسة CLOSED
06:34 KSA · CLOSED  · scanner    · ساعة التأكيد مثبَّتة على شمعة 03:15Z (من cbar)
06:38 KSA · CLOSED  · scanner    · بدء المسح · 1154 رمزاً · الجلسة CLOSED
06:38 KSA · CLOSED  · scanner    · ساعة التأكيد مثبَّتة على شمعة 03:15Z (من cbar)
06:40 KSA · CLOSED  · scanner    · بدء المسح · 1154 رمزاً · الجلسة CLOSED
06:40 KSA · CLOSED  · scanner    · ساعة التأكيد مثبَّتة على شمعة 03:15Z (من cbar)
06:42 KSA · CLOSED  · scanner    · بدء المسح · 1154 رمزاً · الجلسة CLOSED
06:42 KSA · CLOSED  · scanner    · ساعة التأكيد مثبَّتة على شمعة 03:15Z (من cbar)
06:44 KSA · CLOSED  · scanner    · بدء المسح · 1154 رمزاً · الجلسة CLOSED
06:44 KSA · CLOSED  · scanner    · ساعة التأكيد مثبَّتة على شمعة 03:15Z (من cbar)
06:45 KSA · CLOSED  · scanner    · بدء المسح · 1154 رمزاً · الجلسة CLOSED
06:45 KSA · CLOSED  · scanner    · ساعة التأكيد مثبَّتة على شمعة 03:30Z (من cbar)
06:45 KSA · CLOSED  · signal     · DASH-USD · vwapRec ▼ 60 · 15m
06:45 KSA · CLOSED  · signal     · REZ-USD · pbTrend ▲ 76 · 1h
06:45 KSA · CLOSED  · signal     · PUMP-USD · orb ▲ 83 · 15m
06:46 KSA · CLOSED  · scanner    · بدء المسح · 1154 رمزاً · الجلسة CLOSED
06:46 KSA · CLOSED  · scanner    · ساعة التأكيد مثبَّتة على شمعة 03:30Z (من cbar)
06:48 KSA · CLOSED  · scanner    · بدء المسح · 1154 رمزاً · الجلسة CLOSED
06:48 KSA · CLOSED  · scanner    · ساعة التأكيد مثبَّتة على شمعة 03:30Z (من cbar)
06:50 KSA · CLOSED  · scanner    · بدء المسح · 1154 رمزاً · الجلسة CLOSED
06:50 KSA · CLOSED  · scanner    · ساعة التأكيد مثبَّتة على شمعة 03:30Z (من cbar)
06:52 KSA · CLOSED  · scanner    · بدء المسح · 1154 رمزاً · الجلسة CLOSED
06:52 KSA · CLOSED  · scanner    · ساعة التأكيد مثبَّتة على شمعة 03:30Z (من cbar)
06:52 KSA · CLOSED  · signal     · ABNB · volSpike ▼ 78 · 1d
06:52 KSA · CLOSED  · signal     · AMT · sqzExp ▼ 88 · 1d
06:52 KSA · CLOSED  · signal     · APO · brk ▼ 76 · 1d
06:52 KSA · CLOSED  · signal     · APO · meanRev ▲ 78 · 1d
06:52 KSA · CLOSED  · signal     · AEP · sqzExp ▼ 88 · 1d
06:52 KSA · CLOSED  · signal     · ALL · volSpike ▼ 83 · 1d
06:52 KSA · CLOSED  · signal     · ARES · sqzExp ▼ 78 · 1d
06:52 KSA · CLOSED  · signal     · BALL · meanRev ▲ 78 · 1d
06:52 KSA · CLOSED  · signal     · BLDR · rsiDiv ▲ 94 · 1d
06:53 KSA · CLOSED  · scanner    · بدء المسح · 1154 رمزاً · الجلسة CLOSED
06:53 KSA · CLOSED  · scanner    · ساعة التأكيد مثبَّتة على شمعة 03:30Z (من cbar)
06:54 KSA · CLOSED  · scanner    · بدء المسح · 1154 رمزاً · الجلسة CLOSED
06:54 KSA · CLOSED  · scanner    · ساعة التأكيد مثبَّتة على شمعة 03:30Z (من cbar)
06:56 KSA · CLOSED  · scanner    · بدء المسح · 1154 رمزاً · الجلسة CLOSED
06:56 KSA · CLOSED  · scanner    · ساعة التأكيد مثبَّتة على شمعة 03:30Z (من cbar)
06:58 KSA · CLOSED  · scanner    · بدء المسح · 1154 رمزاً · الجلسة CLOSED
06:58 KSA · CLOSED  · scanner    · ساعة التأكيد مثبَّتة على شمعة 03:30Z (من cbar)
07:00 KSA · CLOSED  · scanner    · بدء المسح · 1154 رمزاً · الجلسة CLOSED
07:00 KSA · CLOSED  · scanner    · ساعة التأكيد مثبَّتة على شمعة 03:45Z (من cbar)
07:00 KSA · CLOSED  · signal     · TRX-USD · meanRev ▲ 90 · 15m
07:00 KSA · CLOSED  · signal     · LINK-USD · orb ▲ 83 · 15m
07:00 KSA · CLOSED  · signal     · DASH-USD · momo ▲ 83 · 1h
07:00 KSA · CLOSED  · signal     · MTL-USD · rsiDiv ▼ 69 · 1h
07:00 KSA · CLOSED  · signal     · SNDKB-USD · vwapRec ▼ 68 · 15m
07:00 KSA · CLOSED  · signal     · 牛来-USD · vwapRec ▼ 83 · 15m
07:01 KSA · CLOSED  · scanner    · بدء المسح · 1154 رمزاً · الجلسة CLOSED
07:01 KSA · CLOSED  · scanner    · ساعة التأكيد مثبَّتة على شمعة 03:45Z (من cbar)
07:02 KSA · CLOSED  · scanner    · بدء المسح · 1154 رمزاً · الجلسة CLOSED
07:02 KSA · CLOSED  · scanner    · ساعة التأكيد مثبَّتة على شمعة 03:45Z (من cbar)
07:04 KSA · CLOSED  · scanner    · بدء المسح · 1154 رمزاً · الجلسة CLOSED
07:04 KSA · CLOSED  · scanner    · ساعة التأكيد مثبَّتة على شمعة 03:45Z (من cbar)
07:06 KSA · CLOSED  · scanner    · بدء المسح · 1154 رمزاً · الجلسة CLOSED
07:06 KSA · CLOSED  · scanner    · ساعة التأكيد مثبَّتة على شمعة 03:45Z (من cbar)
07:09 KSA · CLOSED  · scanner    · بدء المسح · 1154 رمزاً · الجلسة CLOSED
07:09 KSA · CLOSED  · scanner    · ساعة التأكيد مثبَّتة على شمعة 03:45Z (من cbar)
07:10 KSA · CLOSED  · scanner    · بدء المسح · 1154 رمزاً · الجلسة CLOSED
07:10 KSA · CLOSED  · scanner    · ساعة التأكيد مثبَّتة على شمعة 03:45Z (من cbar)
07:12 KSA · CLOSED  · scanner    · بدء المسح · 1154 رمزاً · الجلسة CLOSED
07:12 KSA · CLOSED  · scanner    · ساعة التأكيد مثبَّتة على شمعة 03:45Z (من cbar)
07:14 KSA · CLOSED  · scanner    · بدء المسح · 1154 رمزاً · الجلسة CLOSED
07:14 KSA · CLOSED  · scanner    · ساعة التأكيد مثبَّتة على شمعة 03:45Z (من cbar)
07:15 KSA · CLOSED  · scanner    · بدء المسح · 1154 رمزاً · الجلسة CLOSED
07:15 KSA · CLOSED  · scanner    · ساعة التأكيد مثبَّتة على شمعة 04:00Z (من cbar)
07:16 KSA · CLOSED  · scanner    · بدء المسح · 1154 رمزاً · الجلسة CLOSED
07:16 KSA · CLOSED  · scanner    · ساعة التأكيد مثبَّتة على شمعة 04:00Z (من cbar)
07:18 KSA · CLOSED  · scanner    · بدء المسح · 1154 رمزاً · الجلسة CLOSED
07:18 KSA · CLOSED  · scanner    · ساعة التأكيد مثبَّتة على شمعة 04:00Z (من cbar)
07:20 KSA · CLOSED  · scanner    · بدء المسح · 1154 رمزاً · الجلسة CLOSED
07:20 KSA · CLOSED  · scanner    · ساعة التأكيد مثبَّتة على شمعة 04:00Z (من cbar)
07:23 KSA · CLOSED  · scanner    · بدء المسح · 1154 رمزاً · الجلسة CLOSED
07:23 KSA · CLOSED  · scanner    · ساعة التأكيد مثبَّتة على شمعة 04:00Z (من cbar)
07:24 KSA · CLOSED  · signal     · DUK · meanRev ▲ 60 · 1d
07:24 KSA · CLOSED  · signal     · DUK · sqzExp ▼ 91 · 1d
07:24 KSA · CLOSED  · signal     · DASH · brk ▼ 58 · 1d
07:24 KSA · CLOSED  · signal     · CI · brk ▼ 79 · 1d
07:24 KSA · CLOSED  · signal     · CI · sqzExp ▼ 66 · 1d
07:24 KSA · CLOSED  · signal     · CL · sqzExp ▼ 59 · 1d
07:24 KSA · CLOSED  · signal     · CRH · sqzExp ▼ 75 · 1d
07:24 KSA · CLOSED  · signal     · D · meanRev ▲ 60 · 1d
07:24 KSA · CLOSED  · signal     · ETR · meanRev ▲ 73 · 1d
07:24 KSA · CLOSED  · signal     · CMG · brk ▼ 79 · 1d
07:24 KSA · CLOSED  · signal     · CCI · brk ▼ 74 · 1d
07:24 KSA · CLOSED  · signal     · CCI · meanRev ▲ 65 · 1d
07:24 KSA · CLOSED  · signal     · CCI · sqzExp ▼ 91 · 1d
07:24 KSA · CLOSED  · signal     · CFG · brk ▼ 100 · 1d
07:24 KSA · CLOSED  · signal     · CTSH · brk ▼ 58 · 1d
07:24 KSA · CLOSED  · signal     · CTSH · sqzExp ▼ 81 · 1d
07:24 KSA · CLOSED  · signal     · CNP · brk ▼ 79 · 1d
07:24 KSA · CLOSED  · signal     · CNP · meanRev ▲ 78 · 1d
07:24 KSA · CLOSED  · signal     · EFX · sqzExp ▼ 84 · 1d
07:24 KSA · CLOSED  · signal     · CF · meanRev ▲ 85 · 1d
07:24 KSA · CLOSED  · signal     · CRL · sqzExp ▲ 88 · 1d
07:24 KSA · CLOSED  · signal     · DVA · sqzExp ▼ 69 · 1d
07:24 KSA · CLOSED  · signal     · CSGP · brk ▼ 76 · 1d
07:24 KSA · CLOSED  · signal     · CLX · brk ▼ 61 · 1d
07:25 KSA · CLOSED  · scanner    · بدء المسح · 1154 رمزاً · الجلسة CLOSED
07:25 KSA · CLOSED  · scanner    · ساعة التأكيد مثبَّتة على شمعة 04:00Z (من cbar)
07:26 KSA · CLOSED  · scanner    · بدء المسح · 1154 رمزاً · الجلسة CLOSED
07:26 KSA · CLOSED  · scanner    · ساعة التأكيد مثبَّتة على شمعة 04:00Z (من cbar)
07:28 KSA · CLOSED  · scanner    · بدء المسح · 1154 رمزاً · الجلسة CLOSED
07:28 KSA · CLOSED  · scanner    · ساعة التأكيد مثبَّتة على شمعة 04:00Z (من cbar)
07:30 KSA · CLOSED  · scanner    · بدء المسح · 1154 رمزاً · الجلسة CLOSED
07:30 KSA · CLOSED  · scanner    · ساعة التأكيد مثبَّتة على شمعة 04:00Z (من cbar)
07:31 KSA · CLOSED  · scanner    · بدء المسح · 1154 رمزاً · الجلسة CLOSED
07:31 KSA · CLOSED  · scanner    · ساعة التأكيد مثبَّتة على شمعة 04:15Z (من cbar)
07:31 KSA · CLOSED  · signal     · BNB-USD · volSpike ▲ 67 · 15m
07:31 KSA · CLOSED  · signal     · PAXG-USD · orb ▲ 60 · 15m
07:31 KSA · CLOSED  · signal     · ASTER-USD · volSpike ▼ 63 · 15m
07:32 KSA · CLOSED  · scanner    · بدء المسح · 1154 رمزاً · الجلسة CLOSED
07:32 KSA · CLOSED  · scanner    · ساعة التأكيد مثبَّتة على شمعة 04:15Z (من cbar)
07:34 KSA · CLOSED  · scanner    · بدء المسح · 1154 رمزاً · الجلسة CLOSED
07:34 KSA · CLOSED  · scanner    · ساعة التأكيد مثبَّتة على شمعة 04:15Z (من cbar)
07:36 KSA · CLOSED  · scanner    · بدء المسح · 1154 رمزاً · الجلسة CLOSED
07:36 KSA · CLOSED  · scanner    · ساعة التأكيد مثبَّتة على شمعة 04:15Z (من cbar)
07:39 KSA · CLOSED  · scanner    · بدء المسح · 1154 رمزاً · الجلسة CLOSED
07:39 KSA · CLOSED  · scanner    · ساعة التأكيد مثبَّتة على شمعة 04:15Z (من cbar)
07:40 KSA · CLOSED  · scanner    · بدء المسح · 1154 رمزاً · الجلسة CLOSED
07:40 KSA · CLOSED  · scanner    · ساعة التأكيد مثبَّتة على شمعة 04:15Z (من cbar)
07:42 KSA · CLOSED  · scanner    · بدء المسح · 1154 رمزاً · الجلسة CLOSED
07:42 KSA · CLOSED  · scanner    · ساعة التأكيد مثبَّتة على شمعة 04:15Z (من cbar)
07:44 KSA · CLOSED  · scanner    · بدء المسح · 1154 رمزاً · الجلسة CLOSED
07:44 KSA · CLOSED  · scanner    · ساعة التأكيد مثبَّتة على شمعة 04:15Z (من cbar)
07:45 KSA · CLOSED  · scanner    · بدء المسح · 1154 رمزاً · الجلسة CLOSED
07:45 KSA · CLOSED  · scanner    · ساعة التأكيد مثبَّتة على شمعة 04:30Z (من cbar)
07:45 KSA · CLOSED  · signal     · LSK-USD · volSpike ▼ 72 · 15m
07:45 KSA · CLOSED  · signal     · TAO-USD · meanRev ▼ 63 · 15m
07:46 KSA · CLOSED  · scanner    · بدء المسح · 1154 رمزاً · الجلسة CLOSED
07:46 KSA · CLOSED  · scanner    · ساعة التأكيد مثبَّتة على شمعة 04:30Z (من cbar)
07:48 KSA · CLOSED  · scanner    · بدء المسح · 1154 رمزاً · الجلسة CLOSED
07:48 KSA · CLOSED  · scanner    · ساعة التأكيد مثبَّتة على شمعة 04:30Z (من cbar)
07:50 KSA · CLOSED  · scanner    · بدء المسح · 1154 رمزاً · الجلسة CLOSED
07:50 KSA · CLOSED  · scanner    · ساعة التأكيد مثبَّتة على شمعة 04:30Z (من cbar)
07:52 KSA · CLOSED  · scanner    · بدء المسح · 1154 رمزاً · الجلسة CLOSED
07:52 KSA · CLOSED  · scanner    · ساعة التأكيد مثبَّتة على شمعة 04:30Z (من cbar)
07:52 KSA · CLOSED  · signal     · GM · meanRev ▲ 78 · 1d
07:52 KSA · CLOSED  · signal     · FDX · sqzExp ▼ 91 · 1d
07:52 KSA · CLOSED  · signal     · GRMN · meanRev ▼ 63 · 1d
07:52 KSA · CLOSED  · signal     · F · brk ▼ 66 · 1d
07:52 KSA · CLOSED  · signal     · F · meanRev ▲ 70 · 1d
07:52 KSA · CLOSED  · signal     · F · sqzExp ▼ 81 · 1d
07:52 KSA · CLOSED  · signal     · FITB · brk ▼ 87 · 1d
07:52 KSA · CLOSED  · signal     · FITB · sqzExp ▼ 88 · 1d
07:52 KSA · CLOSED  · signal     · EXPE · volSpike ▼ 89 · 1d
07:52 KSA · CLOSED  · signal     · EXR · meanRev ▲ 57 · 1d
07:52 KSA · CLOSED  · signal     · EXPD · meanRev ▲ 70 · 1d
07:52 KSA · CLOSED  · signal     · EXPD · sqzExp ▼ 78 · 1d
07:52 KSA · CLOSED  · signal     · ESS · rsiDiv ▲ 78 · 1d
07:52 KSA · CLOSED  · signal     · FSLR · brk ▼ 84 · 1d
07:52 KSA · CLOSED  · signal     · FSLR · meanRev ▲ 70 · 1d
07:52 KSA · CLOSED  · signal     · FSLR · sqzExp ▼ 84 · 1d
07:52 KSA · CLOSED  · signal     · FICO · brk ▼ 95 · 1d
07:52 KSA · CLOSED  · signal     · FICO · sqzExp ▼ 69 · 1d
07:52 KSA · CLOSED  · signal     · FDXF · meanRev ▲ 57 · 1d
07:52 KSA · CLOSED  · signal     · FDXF · sqzExp ▼ 91 · 1d
07:52 KSA · CLOSED  · signal     · BEN · volSpike ▼ 83 · 1d
07:52 KSA · CLOSED  · signal     · GL · meanRev ▲ 78 · 1d
07:54 KSA · CLOSED  · scanner    · بدء المسح · 1154 رمزاً · الجلسة CLOSED
07:54 KSA · CLOSED  · scanner    · ساعة التأكيد مثبَّتة على شمعة 04:30Z (من cbar)
07:56 KSA · CLOSED  · scanner    · بدء المسح · 1154 رمزاً · الجلسة CLOSED
07:56 KSA · CLOSED  · scanner    · ساعة التأكيد مثبَّتة على شمعة 04:30Z (من cbar)
07:58 KSA · CLOSED  · scanner    · بدء المسح · 1154 رمزاً · الجلسة CLOSED
07:58 KSA · CLOSED  · scanner    · ساعة التأكيد مثبَّتة على شمعة 04:30Z (من cbar)
08:00 KSA · CLOSED  · scanner    · بدء المسح · 1154 رمزاً · الجلسة CLOSED
08:00 KSA · CLOSED  · scanner    · ساعة التأكيد مثبَّتة على شمعة 04:30Z (من cbar)
08:01 KSA · CLOSED  · scanner    · بدء المسح · 1154 رمزاً · الجلسة CLOSED
08:01 KSA · CLOSED  · scanner    · ساعة التأكيد مثبَّتة على شمعة 04:45Z (من cbar)
08:01 KSA · CLOSED  · signal     · ETHFI-USD · momo ▲ 69 · 1h
08:01 KSA · CLOSED  · signal     · ARK-USD · volSpike ▲ 78 · 15m
08:01 KSA · CLOSED  · signal     · SUI-USD · rsiDiv ▲ 58 · 1h
08:02 KSA · CLOSED  · scanner    · بدء المسح · 1154 رمزاً · الجلسة CLOSED
08:02 KSA · CLOSED  · scanner    · ساعة التأكيد مثبَّتة على شمعة 04:45Z (من cbar)
08:04 KSA · CLOSED  · scanner    · بدء المسح · 1154 رمزاً · الجلسة CLOSED
08:04 KSA · CLOSED  · scanner    · ساعة التأكيد مثبَّتة على شمعة 04:45Z (من cbar)
08:06 KSA · CLOSED  · scanner    · بدء المسح · 1154 رمزاً · الجلسة CLOSED
08:06 KSA · CLOSED  · scanner    · ساعة التأكيد مثبَّتة على شمعة 04:45Z (من cbar)
08:08 KSA · CLOSED  · scanner    · بدء المسح · 1154 رمزاً · الجلسة CLOSED
08:08 KSA · CLOSED  · scanner    · ساعة التأكيد مثبَّتة على شمعة 04:45Z (من cbar)
08:10 KSA · CLOSED  · scanner    · بدء المسح · 1154 رمزاً · الجلسة CLOSED
08:10 KSA · CLOSED  · scanner    · ساعة التأكيد مثبَّتة على شمعة 04:45Z (من cbar)
08:12 KSA · CLOSED  · scanner    · بدء المسح · 1154 رمزاً · الجلسة CLOSED
08:12 KSA · CLOSED  · scanner    · ساعة التأكيد مثبَّتة على شمعة 04:45Z (من cbar)
08:14 KSA · CLOSED  · scanner    · بدء المسح · 1154 رمزاً · الجلسة CLOSED
08:14 KSA · CLOSED  · scanner    · ساعة التأكيد مثبَّتة على شمعة 04:45Z (من cbar)
08:15 KSA · CLOSED  · scanner    · بدء المسح · 1154 رمزاً · الجلسة CLOSED
08:15 KSA · CLOSED  · scanner    · ساعة التأكيد مثبَّتة على شمعة 05:00Z (من cbar)
08:16 KSA · CLOSED  · scanner    · بدء المسح · 1154 رمزاً · الجلسة CLOSED
08:16 KSA · CLOSED  · scanner    · ساعة التأكيد مثبَّتة على شمعة 05:00Z (من cbar)
08:23 KSA · CLOSED  · scanner    · بدء المسح · 1154 رمزاً · الجلسة CLOSED
08:23 KSA · CLOSED  · scanner    · ساعة التأكيد مثبَّتة على شمعة 05:00Z (من cbar)
08:31 KSA · CLOSED  · scanner    · بدء المسح · 1154 رمزاً · الجلسة CLOSED
08:31 KSA · CLOSED  · scanner    · ساعة التأكيد مثبَّتة على شمعة 05:00Z (من cbar)
08:31 KSA · CLOSED  · signal     · NOC · brk ▼ 58 · 1d
08:31 KSA · CLOSED  · signal     · KEYS · brk ▲ 79 · 1d
08:31 KSA · CLOSED  · signal     · NRG · meanRev ▲ 57 · 1d
08:31 KSA · CLOSED  · signal     · NRG · sqzExp ▼ 81 · 1d
08:31 KSA · CLOSED  · signal     · J · brk ▼ 89 · 1d
08:31 KSA · CLOSED  · signal     · J · meanRev ▲ 57 · 1d
08:31 KSA · CLOSED  · signal     · J · sqzExp ▼ 75 · 1d
08:31 KSA · CLOSED  · signal     · MGM · sqzExp ▼ 69 · 1d
08:37 KSA · CLOSED  · scanner    · بدء المسح · 1154 رمزاً · الجلسة CLOSED
08:37 KSA · CLOSED  · scanner    · ساعة التأكيد مثبَّتة على شمعة 05:15Z (من cbar)
08:37 KSA · CLOSED  · signal     · DASH-USD · orb ▼ 73 · 15m
08:37 KSA · CLOSED  · scanner    · بدء المسح · 1154 رمزاً · الجلسة CLOSED
08:37 KSA · CLOSED  · scanner    · ساعة التأكيد مثبَّتة على شمعة 05:15Z (من cbar)
08:38 KSA · CLOSED  · scanner    · بدء المسح · 1154 رمزاً · الجلسة CLOSED
08:38 KSA · CLOSED  · scanner    · ساعة التأكيد مثبَّتة على شمعة 05:15Z (من cbar)
08:40 KSA · CLOSED  · scanner    · بدء المسح · 1154 رمزاً · الجلسة CLOSED
08:40 KSA · CLOSED  · scanner    · ساعة التأكيد مثبَّتة على شمعة 05:15Z (من cbar)
08:42 KSA · CLOSED  · scanner    · بدء المسح · 1154 رمزاً · الجلسة CLOSED
08:42 KSA · CLOSED  · scanner    · ساعة التأكيد مثبَّتة على شمعة 05:15Z (من cbar)
08:44 KSA · CLOSED  · scanner    · بدء المسح · 1154 رمزاً · الجلسة CLOSED
08:44 KSA · CLOSED  · scanner    · ساعة التأكيد مثبَّتة على شمعة 05:15Z (من cbar)
08:45 KSA · CLOSED  · scanner    · بدء المسح · 1154 رمزاً · الجلسة CLOSED
08:45 KSA · CLOSED  · scanner    · ساعة التأكيد مثبَّتة على شمعة 05:30Z (من cbar)
08:45 KSA · CLOSED  · signal     · PAXG-USD · orb ▲ 65 · 15m
08:45 KSA · CLOSED  · signal     · T-USD · volSpike ▼ 56 · 15m
08:45 KSA · CLOSED  · signal     · CVC-USD · brk ▲ 55 · 15m
08:46 KSA · CLOSED  · scanner    · بدء المسح · 1154 رمزاً · الجلسة CLOSED
08:46 KSA · CLOSED  · scanner    · ساعة التأكيد مثبَّتة على شمعة 05:30Z (من cbar)
08:48 KSA · CLOSED  · scanner    · بدء المسح · 1154 رمزاً · الجلسة CLOSED
08:48 KSA · CLOSED  · scanner    · ساعة التأكيد مثبَّتة على شمعة 05:30Z (من cbar)
08:50 KSA · CLOSED  · scanner    · بدء المسح · 1154 رمزاً · الجلسة CLOSED
08:50 KSA · CLOSED  · scanner    · ساعة التأكيد مثبَّتة على شمعة 05:30Z (من cbar)
08:52 KSA · CLOSED  · scanner    · بدء المسح · 1154 رمزاً · الجلسة CLOSED
08:52 KSA · CLOSED  · scanner    · ساعة التأكيد مثبَّتة على شمعة 05:30Z (من cbar)
08:53 KSA · CLOSED  · scanner    · بدء المسح · 1154 رمزاً · الجلسة CLOSED
08:53 KSA · CLOSED  · scanner    · ساعة التأكيد مثبَّتة على شمعة 05:30Z (من cbar)
08:54 KSA · CLOSED  · scanner    · بدء المسح · 1154 رمزاً · الجلسة CLOSED
08:54 KSA · CLOSED  · scanner    · ساعة التأكيد مثبَّتة على شمعة 05:30Z (من cbar)
08:56 KSA · CLOSED  · scanner    · بدء المسح · 1154 رمزاً · الجلسة CLOSED
08:56 KSA · CLOSED  · scanner    · ساعة التأكيد مثبَّتة على شمعة 05:30Z (من cbar)
08:58 KSA · CLOSED  · scanner    · بدء المسح · 1154 رمزاً · الجلسة CLOSED
08:58 KSA · CLOSED  · scanner    · ساعة التأكيد مثبَّتة على شمعة 05:30Z (من cbar)
09:00 KSA · CLOSED  · scanner    · بدء المسح · 1154 رمزاً · الجلسة CLOSED
09:00 KSA · CLOSED  · scanner    · ساعة التأكيد مثبَّتة على شمعة 05:30Z (من cbar)
09:01 KSA · CLOSED  · scanner    · بدء المسح · 1154 رمزاً · الجلسة CLOSED
09:01 KSA · CLOSED  · scanner    · ساعة التأكيد مثبَّتة على شمعة 05:45Z (من cbar)
09:01 KSA · CLOSED  · signal     · XAUT-USD · volSpike ▲ 56 · 15m
09:01 KSA · CLOSED  · signal     · FET-USD · meanRev ▼ 70 · 15m
09:01 KSA · CLOSED  · signal     · WLFI-USD · tfAlign ▼ 74 · 1d
09:02 KSA · CLOSED  · scanner    · بدء المسح · 1154 رمزاً · الجلسة CLOSED
09:02 KSA · CLOSED  · scanner    · ساعة التأكيد مثبَّتة على شمعة 05:45Z (من cbar)
09:04 KSA · CLOSED  · scanner    · بدء المسح · 1154 رمزاً · الجلسة CLOSED
09:04 KSA · CLOSED  · scanner    · ساعة التأكيد مثبَّتة على شمعة 05:45Z (من cbar)
09:06 KSA · CLOSED  · scanner    · بدء المسح · 1154 رمزاً · الجلسة CLOSED
09:06 KSA · CLOSED  · scanner    · ساعة التأكيد مثبَّتة على شمعة 05:45Z (من cbar)
09:09 KSA · CLOSED  · scanner    · بدء المسح · 1154 رمزاً · الجلسة CLOSED
09:09 KSA · CLOSED  · scanner    · ساعة التأكيد مثبَّتة على شمعة 05:45Z (من cbar)
09:10 KSA · CLOSED  · scanner    · بدء المسح · 1154 رمزاً · الجلسة CLOSED
09:10 KSA · CLOSED  · scanner    · ساعة التأكيد مثبَّتة على شمعة 05:45Z (من cbar)
09:12 KSA · CLOSED  · scanner    · بدء المسح · 1154 رمزاً · الجلسة CLOSED
09:12 KSA · CLOSED  · scanner    · ساعة التأكيد مثبَّتة على شمعة 05:45Z (من cbar)
09:14 KSA · CLOSED  · scanner    · بدء المسح · 1154 رمزاً · الجلسة CLOSED
09:14 KSA · CLOSED  · scanner    · ساعة التأكيد مثبَّتة على شمعة 05:45Z (من cbar)
09:15 KSA · CLOSED  · scanner    · بدء المسح · 1154 رمزاً · الجلسة CLOSED
09:15 KSA · CLOSED  · scanner    · ساعة التأكيد مثبَّتة على شمعة 06:00Z (من cbar)
09:15 KSA · CLOSED  · signal     · ZEC-USD · orb ▼ 65 · 15m
09:15 KSA · CLOSED  · signal     · INJ-USD · orb ▼ 70 · 15m
09:15 KSA · CLOSED  · signal     · FET-USD · volSpike ▼ 56 · 15m
09:15 KSA · CLOSED  · signal     · CVC-USD · brk ▼ 68 · 15m
09:16 KSA · CLOSED  · scanner    · بدء المسح · 1154 رمزاً · الجلسة CLOSED
09:16 KSA · CLOSED  · scanner    · ساعة التأكيد مثبَّتة على شمعة 06:00Z (من cbar)
09:18 KSA · CLOSED  · scanner    · بدء المسح · 1154 رمزاً · الجلسة CLOSED
09:18 KSA · CLOSED  · scanner    · ساعة التأكيد مثبَّتة على شمعة 06:00Z (من cbar)
09:20 KSA · CLOSED  · scanner    · بدء المسح · 1154 رمزاً · الجلسة CLOSED
09:20 KSA · CLOSED  · scanner    · ساعة التأكيد مثبَّتة على شمعة 06:00Z (من cbar)
09:22 KSA · CLOSED  · scanner    · بدء المسح · 1154 رمزاً · الجلسة CLOSED
09:22 KSA · CLOSED  · scanner    · ساعة التأكيد مثبَّتة على شمعة 06:00Z (من cbar)
09:22 KSA · CLOSED  · signal     · PSKY · rsiDiv ▼ 58 · 1d
09:24 KSA · CLOSED  · scanner    · بدء المسح · 1154 رمزاً · الجلسة CLOSED
09:24 KSA · CLOSED  · scanner    · ساعة التأكيد مثبَّتة على شمعة 06:00Z (من cbar)
09:26 KSA · CLOSED  · scanner    · بدء المسح · 1154 رمزاً · الجلسة CLOSED
09:26 KSA · CLOSED  · scanner    · ساعة التأكيد مثبَّتة على شمعة 06:00Z (من cbar)
09:47 KSA · CLOSED  · scanner    · بدء المسح · 1154 رمزاً · الجلسة CLOSED
09:47 KSA · CLOSED  · scanner    · ساعة التأكيد مثبَّتة على شمعة 06:30Z (من cbar)
09:47 KSA · CLOSED  · signal     · ADP · momo ▼ 75 · 1h
09:47 KSA · CLOSED  · signal     · FIL-USD · volSpike ▲ 67 · 15m
09:47 KSA · CLOSED  · signal     · DASH-USD · vwapRec ▼ 68 · 15m
09:47 KSA · CLOSED  · signal     · EUR-USD · brk ▲ 68 · 15m
09:47 KSA · CLOSED  · signal     · WLFI-USD · tfAlign ▼ 74 · 1d
09:48 KSA · CLOSED  · scanner    · بدء المسح · 1154 رمزاً · الجلسة CLOSED
09:48 KSA · CLOSED  · scanner    · ساعة التأكيد مثبَّتة على شمعة 06:30Z (من cbar)
09:50 KSA · CLOSED  · scanner    · بدء المسح · 1154 رمزاً · الجلسة CLOSED
09:50 KSA · CLOSED  · scanner    · ساعة التأكيد مثبَّتة على شمعة 06:30Z (من cbar)
09:52 KSA · CLOSED  · scanner    · بدء المسح · 1154 رمزاً · الجلسة CLOSED
09:52 KSA · CLOSED  · scanner    · ساعة التأكيد مثبَّتة على شمعة 06:30Z (من cbar)
09:52 KSA · CLOSED  · scanner    · بدء المسح · 1154 رمزاً · الجلسة CLOSED
09:52 KSA · CLOSED  · scanner    · ساعة التأكيد مثبَّتة على شمعة 06:30Z (من cbar)
09:52 KSA · CLOSED  · signal     · VICI · brk ▼ 84 · 1d
09:52 KSA · CLOSED  · signal     · VICI · meanRev ▲ 73 · 1d
09:52 KSA · CLOSED  · signal     · XYL · brk ▼ 63 · 1d
09:52 KSA · CLOSED  · signal     · XYL · meanRev ▲ 57 · 1d
09:52 KSA · CLOSED  · signal     · VRSK · brk ▼ 63 · 1d
09:52 KSA · CLOSED  · signal     · VRSK · sqzExp ▼ 72 · 1d
09:52 KSA · CLOSED  · signal     · WY · meanRev ▲ 60 · 1d
09:52 KSA · CLOSED  · signal     · TXT · sqzExp ▼ 88 · 1d
09:52 KSA · CLOSED  · signal     · WYNN · brk ▼ 66 · 1d
09:54 KSA · CLOSED  · scanner    · بدء المسح · 1154 رمزاً · الجلسة CLOSED
09:54 KSA · CLOSED  · scanner    · ساعة التأكيد مثبَّتة على شمعة 06:30Z (من cbar)
09:56 KSA · CLOSED  · scanner    · بدء المسح · 1154 رمزاً · الجلسة CLOSED
09:56 KSA · CLOSED  · scanner    · ساعة التأكيد مثبَّتة على شمعة 06:30Z (من cbar)
09:58 KSA · CLOSED  · scanner    · بدء المسح · 1154 رمزاً · الجلسة CLOSED
09:58 KSA · CLOSED  · scanner    · ساعة التأكيد مثبَّتة على شمعة 06:30Z (من cbar)
10:00 KSA · CLOSED  · scanner    · بدء المسح · 1154 رمزاً · الجلسة CLOSED
10:00 KSA · CLOSED  · scanner    · ساعة التأكيد مثبَّتة على شمعة 06:30Z (من cbar)
10:01 KSA · CLOSED  · scanner    · بدء المسح · 1154 رمزاً · الجلسة CLOSED
10:01 KSA · CLOSED  · scanner    · ساعة التأكيد مثبَّتة على شمعة 06:45Z (من cbar)
10:01 KSA · CLOSED  · signal     · MARSCOIN-USD · brk ▼ 77 · 15m
10:01 KSA · CLOSED  · signal     · 牛来-USD · brk ▼ 73 · 15m
10:01 KSA · CLOSED  · signal     · EUR-USD · pbTrend ▼ 90 · 1h
10:01 KSA · CLOSED  · signal     · WLFI-USD · pbTrend ▼ 76 · 1h
10:01 KSA · CLOSED  · signal     · ASTER-USD · meanRev ▼ 70 · 15m
10:02 KSA · CLOSED  · scanner    · بدء المسح · 1154 رمزاً · الجلسة CLOSED
10:02 KSA · CLOSED  · scanner    · ساعة التأكيد مثبَّتة على شمعة 06:45Z (من cbar)
10:04 KSA · CLOSED  · scanner    · بدء المسح · 1154 رمزاً · الجلسة CLOSED
10:04 KSA · CLOSED  · scanner    · ساعة التأكيد مثبَّتة على شمعة 06:45Z (من cbar)
10:06 KSA · CLOSED  · scanner    · بدء المسح · 1154 رمزاً · الجلسة CLOSED
10:06 KSA · CLOSED  · scanner    · ساعة التأكيد مثبَّتة على شمعة 06:45Z (من cbar)
10:09 KSA · CLOSED  · scanner    · بدء المسح · 1154 رمزاً · الجلسة CLOSED
10:09 KSA · CLOSED  · scanner    · ساعة التأكيد مثبَّتة على شمعة 06:45Z (من cbar)
10:10 KSA · CLOSED  · scanner    · بدء المسح · 1154 رمزاً · الجلسة CLOSED
10:10 KSA · CLOSED  · scanner    · ساعة التأكيد مثبَّتة على شمعة 06:45Z (من cbar)
10:12 KSA · CLOSED  · scanner    · بدء المسح · 1154 رمزاً · الجلسة CLOSED
10:12 KSA · CLOSED  · scanner    · ساعة التأكيد مثبَّتة على شمعة 06:45Z (من cbar)
10:14 KSA · CLOSED  · scanner    · بدء المسح · 1154 رمزاً · الجلسة CLOSED
10:14 KSA · CLOSED  · scanner    · ساعة التأكيد مثبَّتة على شمعة 06:45Z (من cbar)
10:15 KSA · CLOSED  · scanner    · بدء المسح · 1154 رمزاً · الجلسة CLOSED
10:15 KSA · CLOSED  · scanner    · ساعة التأكيد مثبَّتة على شمعة 07:00Z (من cbar)
10:15 KSA · CLOSED  · signal     · DASH-USD · orb ▼ 73 · 15m
10:15 KSA · CLOSED  · signal     · MARSCOIN-USD · meanRev ▲ 91 · 15m
10:15 KSA · CLOSED  · signal     · MSTRB-USD · orb ▼ 57 · 15m
10:15 KSA · CLOSED  · signal     · BANK-USD · volSpike ▼ 81 · 15m
10:16 KSA · CLOSED  · scanner    · بدء المسح · 1154 رمزاً · الجلسة CLOSED
10:16 KSA · CLOSED  · scanner    · ساعة التأكيد مثبَّتة على شمعة 07:00Z (من cbar)
10:18 KSA · CLOSED  · scanner    · بدء المسح · 1154 رمزاً · الجلسة CLOSED
10:18 KSA · CLOSED  · scanner    · ساعة التأكيد مثبَّتة على شمعة 07:00Z (من cbar)
10:20 KSA · CLOSED  · scanner    · بدء المسح · 1154 رمزاً · الجلسة CLOSED
10:20 KSA · CLOSED  · scanner    · ساعة التأكيد مثبَّتة على شمعة 07:00Z (من cbar)
10:22 KSA · CLOSED  · scanner    · بدء المسح · 1154 رمزاً · الجلسة CLOSED
10:22 KSA · CLOSED  · scanner    · ساعة التأكيد مثبَّتة على شمعة 07:00Z (من cbar)
10:22 KSA · CLOSED  · signal     · BONK-USD · brk ▲ 71 · 1d
10:22 KSA · CLOSED  · signal     · METAB-USD · brk ▲ 74 · 1d
10:22 KSA · CLOSED  · signal     · METAB-USD · sqzExp ▲ 69 · 1d
10:22 KSA · CLOSED  · signal     · BB-USD · brk ▲ 74 · 1d
10:22 KSA · CLOSED  · signal     · BB-USD · meanRev ▼ 93 · 1d
10:24 KSA · CLOSED  · scanner    · بدء المسح · 1154 رمزاً · الجلسة CLOSED
10:24 KSA · CLOSED  · scanner    · ساعة التأكيد مثبَّتة على شمعة 07:00Z (من cbar)
10:26 KSA · CLOSED  · scanner    · بدء المسح · 1154 رمزاً · الجلسة CLOSED
10:26 KSA · CLOSED  · scanner    · ساعة التأكيد مثبَّتة على شمعة 07:00Z (من cbar)
10:28 KSA · CLOSED  · scanner    · بدء المسح · 1154 رمزاً · الجلسة CLOSED
10:28 KSA · CLOSED  · scanner    · ساعة التأكيد مثبَّتة على شمعة 07:00Z (من cbar)
10:30 KSA · CLOSED  · scanner    · بدء المسح · 1154 رمزاً · الجلسة CLOSED
10:30 KSA · CLOSED  · scanner    · ساعة التأكيد مثبَّتة على شمعة 07:15Z (من cbar)
10:31 KSA · CLOSED  · scanner    · بدء المسح · 1154 رمزاً · الجلسة CLOSED
10:31 KSA · CLOSED  · scanner    · ساعة التأكيد مثبَّتة على شمعة 07:15Z (من cbar)
10:32 KSA · CLOSED  · scanner    · بدء المسح · 1154 رمزاً · الجلسة CLOSED
10:32 KSA · CLOSED  · scanner    · ساعة التأكيد مثبَّتة على شمعة 07:15Z (من cbar)
10:34 KSA · CLOSED  · scanner    · بدء المسح · 1154 رمزاً · الجلسة CLOSED
10:34 KSA · CLOSED  · scanner    · ساعة التأكيد مثبَّتة على شمعة 07:15Z (من cbar)
10:36 KSA · CLOSED  · scanner    · بدء المسح · 1154 رمزاً · الجلسة CLOSED
10:36 KSA · CLOSED  · scanner    · ساعة التأكيد مثبَّتة على شمعة 07:15Z (من cbar)
10:38 KSA · CLOSED  · scanner    · بدء المسح · 1154 رمزاً · الجلسة CLOSED
10:38 KSA · CLOSED  · scanner    · ساعة التأكيد مثبَّتة على شمعة 07:15Z (من cbar)
10:40 KSA · CLOSED  · scanner    · بدء المسح · 1154 رمزاً · الجلسة CLOSED
10:40 KSA · CLOSED  · scanner    · ساعة التأكيد مثبَّتة على شمعة 07:15Z (من cbar)
10:42 KSA · CLOSED  · scanner    · بدء المسح · 1154 رمزاً · الجلسة CLOSED
10:42 KSA · CLOSED  · scanner    · ساعة التأكيد مثبَّتة على شمعة 07:15Z (من cbar)
10:44 KSA · CLOSED  · scanner    · بدء المسح · 1154 رمزاً · الجلسة CLOSED
10:44 KSA · CLOSED  · scanner    · ساعة التأكيد مثبَّتة على شمعة 07:15Z (من cbar)
10:45 KSA · CLOSED  · scanner    · بدء المسح · 1154 رمزاً · الجلسة CLOSED
10:45 KSA · CLOSED  · scanner    · ساعة التأكيد مثبَّتة على شمعة 07:30Z (من cbar)
10:45 KSA · CLOSED  · signal     · XLM-USD · brk ▼ 61 · 15m
10:45 KSA · CLOSED  · signal     · XPL-USD · volSpike ▼ 67 · 15m
10:45 KSA · CLOSED  · signal     · VTHO-USD · brk ▲ 77 · 15m
10:45 KSA · CLOSED  · signal     · BANK-USD · vwapRec ▼ 80 · 15m
10:46 KSA · CLOSED  · scanner    · بدء المسح · 1154 رمزاً · الجلسة CLOSED
10:46 KSA · CLOSED  · scanner    · ساعة التأكيد مثبَّتة على شمعة 07:30Z (من cbar)
10:48 KSA · CLOSED  · scanner    · بدء المسح · 1154 رمزاً · الجلسة CLOSED
10:48 KSA · CLOSED  · scanner    · ساعة التأكيد مثبَّتة على شمعة 07:30Z (من cbar)
10:50 KSA · CLOSED  · scanner    · بدء المسح · 1154 رمزاً · الجلسة CLOSED
10:50 KSA · CLOSED  · scanner    · ساعة التأكيد مثبَّتة على شمعة 07:30Z (من cbar)
10:52 KSA · CLOSED  · scanner    · بدء المسح · 1154 رمزاً · الجلسة CLOSED
10:52 KSA · CLOSED  · scanner    · ساعة التأكيد مثبَّتة على شمعة 07:30Z (من cbar)
10:53 KSA · CLOSED  · scanner    · بدء المسح · 1154 رمزاً · الجلسة CLOSED
10:53 KSA · CLOSED  · scanner    · ساعة التأكيد مثبَّتة على شمعة 07:30Z (من cbar)
10:54 KSA · CLOSED  · scanner    · بدء المسح · 1154 رمزاً · الجلسة CLOSED
10:54 KSA · CLOSED  · scanner    · ساعة التأكيد مثبَّتة على شمعة 07:30Z (من cbar)
10:56 KSA · CLOSED  · scanner    · بدء المسح · 1154 رمزاً · الجلسة CLOSED
10:56 KSA · CLOSED  · scanner    · ساعة التأكيد مثبَّتة على شمعة 07:30Z (من cbar)
10:58 KSA · CLOSED  · scanner    · بدء المسح · 1154 رمزاً · الجلسة CLOSED
10:58 KSA · CLOSED  · scanner    · ساعة التأكيد مثبَّتة على شمعة 07:30Z (من cbar)
11:00 KSA · PRE     · scanner    · بدء المسح · 1154 رمزاً · الجلسة PRE
11:00 KSA · PRE     · scanner    · ساعة التأكيد مثبَّتة على شمعة 07:45Z (من cbar)
11:00 KSA · PRE     · signal     · WMT · brk ▼ 100 · 15m · جلسة ممتدة
11:00 KSA · PRE     · signal     · JNJ · volSpike ▼ 67 · 15m · جلسة ممتدة
11:00 KSA · PRE     · signal     · MA · meanRev ▼ 93 · 15m · جلسة ممتدة
11:00 KSA · PRE     · signal     · PM · volSpike ▼ 78 · 15m · جلسة ممتدة
11:00 KSA · PRE     · signal     · C · volSpike ▼ 67 · 15m · جلسة ممتدة
11:00 KSA · PRE     · signal     · CMCSA · volSpike ▼ 72 · 15m · جلسة ممتدة
11:00 KSA · PRE     · signal     · SWKS · brk ▼ 66 · 15m · جلسة ممتدة
11:00 KSA · PRE     · signal     · ARK-USD · meanRev ▼ 63 · 15m
11:00 KSA · PRE     · signal     · 牛来-USD · orb ▼ 56 · 15m
11:00 KSA · PRE     · signal     · ASTER-USD · vwapRec ▲ 55 · 15m
11:00 KSA · PRE     · signal     · ASTER-USD · tfAlign ▲ 79 · 1d
11:01 KSA · PRE     · scanner    · بدء المسح · 1154 رمزاً · الجلسة PRE
11:01 KSA · PRE     · scanner    · ساعة التأكيد مثبَّتة على شمعة 07:45Z (من cbar)
11:02 KSA · PRE     · scanner    · بدء المسح · 1154 رمزاً · الجلسة PRE
11:02 KSA · PRE     · scanner    · ساعة التأكيد مثبَّتة على شمعة 07:45Z (من cbar)
11:04 KSA · PRE     · scanner    · بدء المسح · 1154 رمزاً · الجلسة PRE
11:04 KSA · PRE     · scanner    · ساعة التأكيد مثبَّتة على شمعة 07:45Z (من cbar)
11:06 KSA · PRE     · scanner    · بدء المسح · 1154 رمزاً · الجلسة PRE
11:06 KSA · PRE     · scanner    · ساعة التأكيد مثبَّتة على شمعة 07:45Z (من cbar)
11:08 KSA · PRE     · scanner    · بدء المسح · 1154 رمزاً · الجلسة PRE
11:08 KSA · PRE     · scanner    · ساعة التأكيد مثبَّتة على شمعة 07:45Z (من cbar)
11:10 KSA · PRE     · scanner    · بدء المسح · 1154 رمزاً · الجلسة PRE
11:10 KSA · PRE     · scanner    · ساعة التأكيد مثبَّتة على شمعة 07:45Z (من cbar)
11:12 KSA · PRE     · scanner    · بدء المسح · 1154 رمزاً · الجلسة PRE
11:12 KSA · PRE     · scanner    · ساعة التأكيد مثبَّتة على شمعة 07:45Z (من cbar)
11:14 KSA · PRE     · scanner    · بدء المسح · 1154 رمزاً · الجلسة PRE
11:14 KSA · PRE     · scanner    · ساعة التأكيد مثبَّتة على شمعة 07:45Z (من cbar)
11:15 KSA · PRE     · scanner    · بدء المسح · 1154 رمزاً · الجلسة PRE
11:15 KSA · PRE     · scanner    · ساعة التأكيد مثبَّتة على شمعة 08:00Z (من cbar)
11:15 KSA · PRE     · signal     · AVGO · brk ▼ 61 · 15m · جلسة ممتدة
11:15 KSA · PRE     · signal     · BRK-B · brk ▼ 84 · 15m · جلسة ممتدة
11:15 KSA · PRE     · signal     · INTC · meanRev ▼ 55 · 15m · جلسة ممتدة
11:15 KSA · PRE     · signal     · BAC · meanRev ▼ 70 · 15m · جلسة ممتدة
11:15 KSA · PRE     · signal     · KO · brk ▼ 55 · 15m · جلسة ممتدة
11:15 KSA · PRE     · signal     · PG · brk ▼ 77 · 15m · جلسة ممتدة
11:15 KSA · PRE     · signal     · ANET · brk ▲ 57 · 15m · جلسة ممتدة
11:15 KSA · PRE     · signal     · MDT · meanRev ▲ 57 · 15m · جلسة ممتدة
11:15 KSA · PRE     · signal     · INTU · meanRev ▲ 60 · 15m · جلسة ممتدة
11:15 KSA · PRE     · signal     · NKE · brk ▲ 57 · 15m · جلسة ممتدة
11:15 KSA · PRE     · signal     · OP-USD · meanRev ▼ 70 · 15m
11:15 KSA · PRE     · signal     · 牛来-USD · volSpike ▲ 86 · 15m
11:16 KSA · PRE     · scanner    · بدء المسح · 1154 رمزاً · الجلسة PRE
11:16 KSA · PRE     · scanner    · ساعة التأكيد مثبَّتة على شمعة 08:00Z (من cbar)
11:18 KSA · PRE     · scanner    · بدء المسح · 1154 رمزاً · الجلسة PRE
11:18 KSA · PRE     · scanner    · ساعة التأكيد مثبَّتة على شمعة 08:00Z (من cbar)
11:20 KSA · PRE     · scanner    · بدء المسح · 1154 رمزاً · الجلسة PRE
11:20 KSA · PRE     · scanner    · ساعة التأكيد مثبَّتة على شمعة 08:00Z (من cbar)
11:22 KSA · PRE     · scanner    · بدء المسح · 1154 رمزاً · الجلسة PRE
11:22 KSA · PRE     · scanner    · ساعة التأكيد مثبَّتة على شمعة 08:00Z (من cbar)
11:23 KSA · PRE     · scanner    · بدء المسح · 1154 رمزاً · الجلسة PRE
11:23 KSA · PRE     · scanner    · ساعة التأكيد مثبَّتة على شمعة 08:00Z (من cbar)
11:26 KSA · PRE     · scanner    · بدء المسح · 1154 رمزاً · الجلسة PRE
11:26 KSA · PRE     · scanner    · ساعة التأكيد مثبَّتة على شمعة 08:00Z (من cbar)
11:28 KSA · PRE     · scanner    · بدء المسح · 1154 رمزاً · الجلسة PRE
11:28 KSA · PRE     · scanner    · ساعة التأكيد مثبَّتة على شمعة 08:00Z (من cbar)
11:30 KSA · PRE     · scanner    · بدء المسح · 1154 رمزاً · الجلسة PRE
11:30 KSA · PRE     · scanner    · ساعة التأكيد مثبَّتة على شمعة 08:15Z (من cbar)
11:30 KSA · PRE     · signal     · GOOGL · vwapRec ▲ 55 · 15m · جلسة ممتدة
11:30 KSA · PRE     · signal     · GOOG · brk ▲ 75 · 15m · جلسة ممتدة
11:30 KSA · PRE     · signal     · MSFT · volSpike ▼ 89 · 15m · جلسة ممتدة
11:30 KSA · PRE     · signal     · BRK-B · vwapRec ▼ 60 · 15m · جلسة ممتدة
11:30 KSA · PRE     · signal     · COST · vwapRec ▼ 65 · 15m · جلسة ممتدة
11:30 KSA · PRE     · signal     · COST · volSpike ▲ 67 · 15m · جلسة ممتدة
11:30 KSA · PRE     · signal     · LRCX · volSpike ▲ 89 · 15m · جلسة ممتدة
11:30 KSA · PRE     · signal     · DELL · vwapRec ▲ 55 · 15m · جلسة ممتدة
11:30 KSA · PRE     · signal     · TXN · vwapRec ▲ 65 · 15m · جلسة ممتدة
11:30 KSA · PRE     · signal     · APH · vwapRec ▲ 65 · 15m · جلسة ممتدة
11:30 KSA · PRE     · signal     · FTNT · vwapRec ▲ 100 · 15m · جلسة ممتدة
11:30 KSA · PRE     · signal     · XRP-USD · meanRev ▼ 63 · 15m
11:30 KSA · PRE     · signal     · HPE · vwapRec ▲ 65 · 15m · جلسة ممتدة
11:30 KSA · PRE     · signal     · CMCSA · vwapRec ▼ 65 · 15m · جلسة ممتدة
11:30 KSA · PRE     · signal     · MRNA · vwapRec ▲ 60 · 15m · جلسة ممتدة
11:30 KSA · PRE     · signal     · DVN · brk ▲ 73 · 15m · جلسة ممتدة
11:30 KSA · PRE     · signal     · NKE · meanRev ▼ 78 · 15m · جلسة ممتدة
11:30 KSA · PRE     · signal     · VST · brk ▼ 70 · 15m · جلسة ممتدة
11:30 KSA · PRE     · signal     · MCHP · brk ▲ 66 · 15m · جلسة ممتدة
11:30 KSA · PRE     · signal     · SMCI · vwapRec ▲ 65 · 15m · جلسة ممتدة
11:30 KSA · PRE     · signal     · DOGE-USD · vwapRec ▼ 60 · 15m
11:30 KSA · PRE     · signal     · ADA-USD · meanRev ▼ 63 · 15m
11:30 KSA · PRE     · signal     · AVAX-USD · orb ▲ 93 · 15m
11:30 KSA · PRE     · signal     · HBAR-USD · meanRev ▼ 55 · 15m
11:30 KSA · PRE     · signal     · HBAR-USD · rsiDiv ▼ 64 · 15m
11:30 KSA · PRE     · signal     · DASH-USD · vwapRec ▲ 68 · 15m
11:30 KSA · PRE     · signal     · BNCB-USD · meanRev ▼ 82 · 15m
11:30 KSA · PRE     · signal     · UNI-USD · meanRev ▼ 55 · 15m
11:30 KSA · PRE     · signal     · 牛来-USD · orb ▲ 81 · 15m
11:30 KSA · PRE     · signal     · 牛来-USD · brk ▼ 55 · 15m
11:30 KSA · PRE     · signal     · 牛来-USD · meanRev ▼ 82 · 15m
11:30 KSA · PRE     · signal     · TAO-USD · meanRev ▼ 63 · 15m
11:30 KSA · PRE     · signal     · PENGU-USD · vwapRec ▼ 75 · 15m
11:30 KSA · PRE     · signal     · PENGU-USD · meanRev ▼ 63 · 15m
11:31 KSA · PRE     · scanner    · بدء المسح · 1154 رمزاً · الجلسة PRE
11:31 KSA · PRE     · scanner    · ساعة التأكيد مثبَّتة على شمعة 08:15Z (من cbar)
11:32 KSA · PRE     · scanner    · بدء المسح · 1154 رمزاً · الجلسة PRE
11:32 KSA · PRE     · scanner    · ساعة التأكيد مثبَّتة على شمعة 08:15Z (من cbar)
11:34 KSA · PRE     · scanner    · بدء المسح · 1154 رمزاً · الجلسة PRE
11:34 KSA · PRE     · scanner    · ساعة التأكيد مثبَّتة على شمعة 08:15Z (من cbar)
11:36 KSA · PRE     · scanner    · بدء المسح · 1154 رمزاً · الجلسة PRE
11:36 KSA · PRE     · scanner    · ساعة التأكيد مثبَّتة على شمعة 08:15Z (من cbar)
11:38 KSA · PRE     · scanner    · بدء المسح · 1154 رمزاً · الجلسة PRE
11:38 KSA · PRE     · scanner    · ساعة التأكيد مثبَّتة على شمعة 08:15Z (من cbar)
11:40 KSA · PRE     · scanner    · بدء المسح · 1154 رمزاً · الجلسة PRE
11:40 KSA · PRE     · scanner    · ساعة التأكيد مثبَّتة على شمعة 08:15Z (من cbar)
11:42 KSA · PRE     · scanner    · بدء المسح · 1154 رمزاً · الجلسة PRE
11:42 KSA · PRE     · scanner    · ساعة التأكيد مثبَّتة على شمعة 08:15Z (من cbar)
11:44 KSA · PRE     · scanner    · بدء المسح · 1154 رمزاً · الجلسة PRE
11:44 KSA · PRE     · scanner    · ساعة التأكيد مثبَّتة على شمعة 08:15Z (من cbar)
11:45 KSA · PRE     · scanner    · بدء المسح · 1154 رمزاً · الجلسة PRE
11:45 KSA · PRE     · scanner    · ساعة التأكيد مثبَّتة على شمعة 08:30Z (من cbar)
11:45 KSA · PRE     · signal     · LLY · orb ▲ 85 · 15m · جلسة ممتدة
11:45 KSA · PRE     · signal     · AMD · brk ▲ 68 · 15m · جلسة ممتدة
11:45 KSA · PRE     · signal     · COST · brk ▼ 59 · 15m · جلسة ممتدة
11:45 KSA · PRE     · signal     · COST · meanRev ▲ 70 · 15m · جلسة ممتدة
11:45 KSA · PRE     · signal     · T · orb ▲ 75 · 15m · جلسة ممتدة
11:45 KSA · PRE     · signal     · ACN · vwapRec ▼ 85 · 15m · جلسة ممتدة
11:45 KSA · PRE     · signal     · APP · orb ▼ 60 · 15m · جلسة ممتدة
11:45 KSA · PRE     · signal     · LITE · meanRev ▼ 63 · 15m · جلسة ممتدة
11:45 KSA · PRE     · signal     · VST · orb ▲ 55 · 15m · جلسة ممتدة
11:45 KSA · PRE     · signal     · RDDT · vwapRec ▼ 100 · 15m · جلسة ممتدة
11:45 KSA · PRE     · signal     · HPQ · vwapRec ▼ 73 · 15m · جلسة ممتدة
11:45 KSA · PRE     · signal     · ZEC-USD · orb ▲ 93 · 15m
11:45 KSA · PRE     · signal     · PENDLE-USD · brk ▲ 95 · 15m
11:45 KSA · PRE     · signal     · ARK-USD · meanRev ▼ 57 · 15m
11:45 KSA · PRE     · signal     · THE-USD · momo ▲ 75 · 1h
11:46 KSA · PRE     · scanner    · بدء المسح · 1154 رمزاً · الجلسة PRE
11:46 KSA · PRE     · scanner    · ساعة التأكيد مثبَّتة على شمعة 08:30Z (من cbar)
11:48 KSA · PRE     · scanner    · بدء المسح · 1154 رمزاً · الجلسة PRE
11:48 KSA · PRE     · scanner    · ساعة التأكيد مثبَّتة على شمعة 08:30Z (من cbar)
11:50 KSA · PRE     · scanner    · بدء المسح · 1154 رمزاً · الجلسة PRE
11:50 KSA · PRE     · scanner    · ساعة التأكيد مثبَّتة على شمعة 08:30Z (من cbar)
11:52 KSA · PRE     · scanner    · بدء المسح · 1154 رمزاً · الجلسة PRE
11:52 KSA · PRE     · scanner    · ساعة التأكيد مثبَّتة على شمعة 08:30Z (من cbar)
11:52 KSA · PRE     · signal     · KAIA-USD · brk ▲ 71 · 1d
11:52 KSA · PRE     · signal     · 0G-USD · meanRev ▼ 75 · 1d
11:52 KSA · PRE     · signal     · BIO-USD · brk ▲ 66 · 1d
11:54 KSA · PRE     · scanner    · بدء المسح · 1154 رمزاً · الجلسة PRE
11:54 KSA · PRE     · scanner    · ساعة التأكيد مثبَّتة على شمعة 08:30Z (من cbar)
11:56 KSA · PRE     · scanner    · بدء المسح · 1154 رمزاً · الجلسة PRE
11:56 KSA · PRE     · scanner    · ساعة التأكيد مثبَّتة على شمعة 08:30Z (من cbar)
11:58 KSA · PRE     · scanner    · بدء المسح · 1154 رمزاً · الجلسة PRE
11:58 KSA · PRE     · scanner    · ساعة التأكيد مثبَّتة على شمعة 08:30Z (من cbar)
12:00 KSA · PRE     · scanner    · بدء المسح · 1154 رمزاً · الجلسة PRE
12:00 KSA · PRE     · scanner    · ساعة التأكيد مثبَّتة على شمعة 08:45Z (من cbar)
12:00 KSA · PRE     · signal     · AAPL · orb ▲ 70 · 15m · جلسة ممتدة
12:00 KSA · PRE     · signal     · BAC · meanRev ▼ 70 · 15m · جلسة ممتدة
12:00 KSA · PRE     · signal     · AMAT · orb ▲ 93 · 15m · جلسة ممتدة
12:00 KSA · PRE     · signal     · ISRG · volSpike ▼ 83 · 15m · جلسة ممتدة
12:00 KSA · PRE     · signal     · ADSK · brk ▼ 100 · 15m · جلسة ممتدة
12:00 KSA · PRE     · signal     · MCHP · orb ▲ 80 · 15m · جلسة ممتدة
12:00 KSA · PRE     · signal     · WLD-USD · orb ▲ 100 · 15m
12:00 KSA · PRE     · signal     · XPL-USD · momo ▲ 81 · 1h
12:00 KSA · PRE     · signal     · MARSCOIN-USD · momo ▼ 80 · 1h
12:00 KSA · PRE     · signal     · HEMI-USD · meanRev ▼ 85 · 15m
12:00 KSA · PRE     · signal     · ASTER-USD · brk ▲ 82 · 15m
12:01 KSA · PRE     · scanner    · بدء المسح · 1154 رمزاً · الجلسة PRE
12:01 KSA · PRE     · scanner    · ساعة التأكيد مثبَّتة على شمعة 08:45Z (من cbar)
12:02 KSA · PRE     · scanner    · بدء المسح · 1154 رمزاً · الجلسة PRE
12:02 KSA · PRE     · scanner    · ساعة التأكيد مثبَّتة على شمعة 08:45Z (من cbar)
12:04 KSA · PRE     · scanner    · بدء المسح · 1154 رمزاً · الجلسة PRE
12:04 KSA · PRE     · scanner    · ساعة التأكيد مثبَّتة على شمعة 08:45Z (من cbar)
12:06 KSA · PRE     · scanner    · بدء المسح · 1154 رمزاً · الجلسة PRE
12:06 KSA · PRE     · scanner    · ساعة التأكيد مثبَّتة على شمعة 08:45Z (من cbar)
12:08 KSA · PRE     · scanner    · بدء المسح · 1154 رمزاً · الجلسة PRE
12:08 KSA · PRE     · scanner    · ساعة التأكيد مثبَّتة على شمعة 08:45Z (من cbar)
12:10 KSA · PRE     · scanner    · بدء المسح · 1154 رمزاً · الجلسة PRE
12:10 KSA · PRE     · scanner    · ساعة التأكيد مثبَّتة على شمعة 08:45Z (من cbar)
12:12 KSA · PRE     · scanner    · بدء المسح · 1154 رمزاً · الجلسة PRE
12:12 KSA · PRE     · scanner    · ساعة التأكيد مثبَّتة على شمعة 08:45Z (من cbar)
12:14 KSA · PRE     · scanner    · بدء المسح · 1154 رمزاً · الجلسة PRE
12:14 KSA · PRE     · scanner    · ساعة التأكيد مثبَّتة على شمعة 08:45Z (من cbar)
12:15 KSA · PRE     · scanner    · بدء المسح · 1154 رمزاً · الجلسة PRE
12:15 KSA · PRE     · scanner    · ساعة التأكيد مثبَّتة على شمعة 09:00Z (من cbar)
12:15 KSA · PRE     · signal     · GOOGL · brk ▲ 68 · 15m · جلسة ممتدة
12:15 KSA · PRE     · signal     · QCOM · orb ▲ 93 · 15m · جلسة ممتدة
12:15 KSA · PRE     · signal     · ISRG · meanRev ▲ 70 · 15m · جلسة ممتدة
12:15 KSA · PRE     · signal     · LMT · meanRev ▲ 78 · 15m · جلسة ممتدة
12:15 KSA · PRE     · signal     · LITE · orb ▲ 88 · 15m · جلسة ممتدة
12:15 KSA · PRE     · signal     · LINK-USD · volSpike ▼ 56 · 15m
12:15 KSA · PRE     · signal     · MTL-USD · orb ▲ 93 · 15m
12:16 KSA · PRE     · scanner    · بدء المسح · 1154 رمزاً · الجلسة PRE
12:16 KSA · PRE     · scanner    · ساعة التأكيد مثبَّتة على شمعة 09:00Z (من cbar)
12:18 KSA · PRE     · scanner    · بدء المسح · 1154 رمزاً · الجلسة PRE
12:18 KSA · PRE     · scanner    · ساعة التأكيد مثبَّتة على شمعة 09:00Z (من cbar)
12:20 KSA · PRE     · scanner    · بدء المسح · 1154 رمزاً · الجلسة PRE
12:20 KSA · PRE     · scanner    · ساعة التأكيد مثبَّتة على شمعة 09:00Z (من cbar)
12:22 KSA · PRE     · scanner    · بدء المسح · 1154 رمزاً · الجلسة PRE
12:22 KSA · PRE     · scanner    · ساعة التأكيد مثبَّتة على شمعة 09:00Z (من cbar)
12:22 KSA · PRE     · signal     · HON · orb ▼ 77 · 15m · جلسة ممتدة
12:22 KSA · PRE     · signal     · QNT-USD · brk ▲ 63 · 1d
12:22 KSA · PRE     · signal     · QNT-USD · sqzExp ▲ 69 · 1d
12:22 KSA · PRE     · signal     · GRT-USD · brk ▲ 66 · 1d
12:22 KSA · PRE     · signal     · GRT-USD · meanRev ▼ 60 · 1d
12:24 KSA · PRE     · scanner    · بدء المسح · 1154 رمزاً · الجلسة PRE
12:24 KSA · PRE     · scanner    · ساعة التأكيد مثبَّتة على شمعة 09:00Z (من cbar)
12:26 KSA · PRE     · scanner    · بدء المسح · 1154 رمزاً · الجلسة PRE
12:26 KSA · PRE     · scanner    · ساعة التأكيد مثبَّتة على شمعة 09:00Z (من cbar)
12:28 KSA · PRE     · scanner    · بدء المسح · 1154 رمزاً · الجلسة PRE
12:28 KSA · PRE     · scanner    · ساعة التأكيد مثبَّتة على شمعة 09:00Z (من cbar)
12:30 KSA · PRE     · scanner    · بدء المسح · 1154 رمزاً · الجلسة PRE
12:30 KSA · PRE     · scanner    · ساعة التأكيد مثبَّتة على شمعة 09:15Z (من cbar)
12:30 KSA · PRE     · signal     · AMZN · brk ▲ 55 · 15m · جلسة ممتدة
12:30 KSA · PRE     · signal     · ADI · vwapRec ▲ 65 · 15m · جلسة ممتدة
12:30 KSA · PRE     · signal     · ABT · meanRev ▲ 60 · 15m · جلسة ممتدة
12:30 KSA · PRE     · signal     · COP · meanRev ▲ 78 · 15m · جلسة ممتدة
12:30 KSA · PRE     · signal     · PWR · orb ▲ 100 · 15m · جلسة ممتدة
12:30 KSA · PRE     · signal     · SNPS · meanRev ▼ 93 · 15m · جلسة ممتدة
12:30 KSA · PRE     · signal     · CMCSA · orb ▼ 100 · 15m · جلسة ممتدة
12:30 KSA · PRE     · signal     · SMCI · volSpike ▲ 89 · 15m · جلسة ممتدة
12:30 KSA · PRE     · signal     · LINK-USD · meanRev ▼ 60 · 15m
12:30 KSA · PRE     · signal     · ARK-USD · volSpike ▲ 67 · 15m
12:30 KSA · PRE     · signal     · ASTER-USD · volSpike ▼ 63 · 15m
12:31 KSA · PRE     · scanner    · بدء المسح · 1154 رمزاً · الجلسة PRE
12:31 KSA · PRE     · scanner    · ساعة التأكيد مثبَّتة على شمعة 09:15Z (من cbar)
12:32 KSA · PRE     · scanner    · بدء المسح · 1154 رمزاً · الجلسة PRE
12:32 KSA · PRE     · scanner    · ساعة التأكيد مثبَّتة على شمعة 09:15Z (من cbar)
12:34 KSA · PRE     · scanner    · بدء المسح · 1154 رمزاً · الجلسة PRE
12:34 KSA · PRE     · scanner    · ساعة التأكيد مثبَّتة على شمعة 09:15Z (من cbar)
12:38 KSA · PRE     · scanner    · بدء المسح · 1154 رمزاً · الجلسة PRE
12:38 KSA · PRE     · scanner    · ساعة التأكيد مثبَّتة على شمعة 09:15Z (من cbar)
12:40 KSA · PRE     · scanner    · بدء المسح · 1154 رمزاً · الجلسة PRE
12:40 KSA · PRE     · scanner    · ساعة التأكيد مثبَّتة على شمعة 09:15Z (من cbar)
12:42 KSA · PRE     · scanner    · بدء المسح · 1154 رمزاً · الجلسة PRE
12:42 KSA · PRE     · scanner    · ساعة التأكيد مثبَّتة على شمعة 09:15Z (من cbar)
12:44 KSA · PRE     · scanner    · بدء المسح · 1154 رمزاً · الجلسة PRE
12:44 KSA · PRE     · scanner    · ساعة التأكيد مثبَّتة على شمعة 09:15Z (من cbar)
12:45 KSA · PRE     · scanner    · بدء المسح · 1154 رمزاً · الجلسة PRE
12:45 KSA · PRE     · scanner    · ساعة التأكيد مثبَّتة على شمعة 09:30Z (من cbar)
12:45 KSA · PRE     · signal     · TMUS · meanRev ▲ 55 · 15m · جلسة ممتدة
12:45 KSA · PRE     · signal     · DDOG · brk ▲ 93 · 15m · جلسة ممتدة
12:45 KSA · PRE     · signal     · NEAR-USD · volSpike ▲ 78 · 15m
12:45 KSA · PRE     · signal     · MSTRB-USD · orb ▲ 100 · 15m
12:45 KSA · PRE     · signal     · EUR-USD · sqzExp ▼ 73 · 1h
12:46 KSA · PRE     · scanner    · بدء المسح · 1154 رمزاً · الجلسة PRE
12:46 KSA · PRE     · scanner    · ساعة التأكيد مثبَّتة على شمعة 09:30Z (من cbar)
12:48 KSA · PRE     · scanner    · بدء المسح · 1154 رمزاً · الجلسة PRE
12:48 KSA · PRE     · scanner    · ساعة التأكيد مثبَّتة على شمعة 09:30Z (من cbar)
12:50 KSA · PRE     · scanner    · بدء المسح · 1154 رمزاً · الجلسة PRE
12:50 KSA · PRE     · scanner    · ساعة التأكيد مثبَّتة على شمعة 09:30Z (من cbar)
12:52 KSA · PRE     · scanner    · بدء المسح · 1154 رمزاً · الجلسة PRE
12:52 KSA · PRE     · scanner    · ساعة التأكيد مثبَّتة على شمعة 09:30Z (من cbar)
12:52 KSA · PRE     · signal     · TXN · orb ▲ 82 · 15m · جلسة ممتدة
12:52 KSA · PRE     · signal     · LIN · vwapRec ▼ 65 · 15m · جلسة ممتدة
12:52 KSA · PRE     · signal     · 2Z-USD · meanRev ▼ 85 · 1d
12:52 KSA · PRE     · signal     · AMP-USD · brk ▲ 71 · 1d
12:52 KSA · PRE     · signal     · AMP-USD · meanRev ▼ 60 · 1d
12:52 KSA · PRE     · signal     · FLUX-USD · meanRev ▼ 60 · 1d
12:52 KSA · PRE     · signal     · RKLBB-USD · meanRev ▼ 65 · 1d
12:52 KSA · PRE     · signal     · COMP-USD · brk ▲ 74 · 1d
12:52 KSA · PRE     · signal     · COMP-USD · sqzExp ▲ 69 · 1d
12:54 KSA · PRE     · scanner    · بدء المسح · 1154 رمزاً · الجلسة PRE
12:54 KSA · PRE     · scanner    · ساعة التأكيد مثبَّتة على شمعة 09:30Z (من cbar)
12:56 KSA · PRE     · scanner    · بدء المسح · 1154 رمزاً · الجلسة PRE
12:56 KSA · PRE     · scanner    · ساعة التأكيد مثبَّتة على شمعة 09:30Z (من cbar)
12:58 KSA · PRE     · scanner    · بدء المسح · 1154 رمزاً · الجلسة PRE
12:58 KSA · PRE     · scanner    · ساعة التأكيد مثبَّتة على شمعة 09:30Z (من cbar)
13:00 KSA · PRE     · scanner    · بدء المسح · 1154 رمزاً · الجلسة PRE
13:00 KSA · PRE     · scanner    · ساعة التأكيد مثبَّتة على شمعة 09:45Z (من cbar)
13:00 KSA · PRE     · signal     · ETH-USD · orb ▲ 100 · 15m
13:00 KSA · PRE     · signal     · VLO · vwapRec ▲ 85 · 15m · جلسة ممتدة
13:00 KSA · PRE     · signal     · DDOG · meanRev ▼ 57 · 15m · جلسة ممتدة
13:00 KSA · PRE     · signal     · ADSK · brk ▼ 72 · 15m · جلسة ممتدة
13:00 KSA · PRE     · signal     · TRX-USD · sqzExp ▲ 73 · 1h
13:00 KSA · PRE     · signal     · PUMP-USD · sqzExp ▲ 78 · 1h
13:01 KSA · PRE     · scanner    · بدء المسح · 1154 رمزاً · الجلسة PRE
13:01 KSA · PRE     · scanner    · ساعة التأكيد مثبَّتة على شمعة 09:45Z (من cbar)
13:02 KSA · PRE     · scanner    · بدء المسح · 1154 رمزاً · الجلسة PRE
13:02 KSA · PRE     · scanner    · ساعة التأكيد مثبَّتة على شمعة 09:45Z (من cbar)
13:04 KSA · PRE     · scanner    · بدء المسح · 1154 رمزاً · الجلسة PRE
13:04 KSA · PRE     · scanner    · ساعة التأكيد مثبَّتة على شمعة 09:45Z (من cbar)
13:06 KSA · PRE     · scanner    · بدء المسح · 1154 رمزاً · الجلسة PRE
13:06 KSA · PRE     · scanner    · ساعة التأكيد مثبَّتة على شمعة 09:45Z (من cbar)
13:08 KSA · PRE     · scanner    · بدء المسح · 1154 رمزاً · الجلسة PRE
13:08 KSA · PRE     · scanner    · ساعة التأكيد مثبَّتة على شمعة 09:45Z (من cbar)
13:10 KSA · PRE     · scanner    · بدء المسح · 1154 رمزاً · الجلسة PRE
13:10 KSA · PRE     · scanner    · ساعة التأكيد مثبَّتة على شمعة 09:45Z (من cbar)
13:12 KSA · PRE     · scanner    · بدء المسح · 1154 رمزاً · الجلسة PRE
13:12 KSA · PRE     · scanner    · ساعة التأكيد مثبَّتة على شمعة 09:45Z (من cbar)
13:14 KSA · PRE     · scanner    · بدء المسح · 1154 رمزاً · الجلسة PRE
13:14 KSA · PRE     · scanner    · ساعة التأكيد مثبَّتة على شمعة 09:45Z (من cbar)
13:15 KSA · PRE     · scanner    · بدء المسح · 1154 رمزاً · الجلسة PRE
13:15 KSA · PRE     · scanner    · ساعة التأكيد مثبَّتة على شمعة 10:00Z (من cbar)
13:15 KSA · PRE     · signal     · MDLZ · brk ▼ 89 · 15m · جلسة ممتدة
13:15 KSA · PRE     · signal     · NXPI · meanRev ▼ 70 · 15m · جلسة ممتدة
13:15 KSA · PRE     · signal     · TRX-USD · volSpike ▼ 72 · 15m
13:15 KSA · PRE     · signal     · LINK-USD · volSpike ▼ 67 · 15m
13:15 KSA · PRE     · signal     · DASH-USD · vwapRec ▲ 93 · 15m
13:16 KSA · PRE     · scanner    · بدء المسح · 1154 رمزاً · الجلسة PRE
13:16 KSA · PRE     · scanner    · ساعة التأكيد مثبَّتة على شمعة 10:00Z (من cbar)
13:18 KSA · PRE     · scanner    · بدء المسح · 1154 رمزاً · الجلسة PRE
13:18 KSA · PRE     · scanner    · ساعة التأكيد مثبَّتة على شمعة 10:00Z (من cbar)
13:20 KSA · PRE     · scanner    · بدء المسح · 1154 رمزاً · الجلسة PRE
13:20 KSA · PRE     · scanner    · ساعة التأكيد مثبَّتة على شمعة 10:00Z (من cbar)
13:22 KSA · PRE     · scanner    · بدء المسح · 1154 رمزاً · الجلسة PRE
13:22 KSA · PRE     · scanner    · ساعة التأكيد مثبَّتة على شمعة 10:00Z (من cbar)
13:22 KSA · PRE     · signal     · SNX-USD · brk ▲ 79 · 1d
13:24 KSA · PRE     · scanner    · بدء المسح · 1154 رمزاً · الجلسة PRE
13:24 KSA · PRE     · scanner    · ساعة التأكيد مثبَّتة على شمعة 10:00Z (من cbar)
13:26 KSA · PRE     · scanner    · بدء المسح · 1154 رمزاً · الجلسة PRE
13:26 KSA · PRE     · scanner    · ساعة التأكيد مثبَّتة على شمعة 10:00Z (من cbar)
13:28 KSA · PRE     · scanner    · بدء المسح · 1154 رمزاً · الجلسة PRE
13:28 KSA · PRE     · scanner    · ساعة التأكيد مثبَّتة على شمعة 10:00Z (من cbar)
13:30 KSA · PRE     · scanner    · بدء المسح · 1154 رمزاً · الجلسة PRE
13:30 KSA · PRE     · scanner    · ساعة التأكيد مثبَّتة على شمعة 10:15Z (من cbar)
13:30 KSA · PRE     · signal     · INTC · vwapRec ▲ 70 · 15m · جلسة ممتدة
13:30 KSA · PRE     · signal     · ADSK · brk ▼ 72 · 15m · جلسة ممتدة
13:30 KSA · PRE     · signal     · MSTRB-USD · orb ▲ 85 · 15m
13:30 KSA · PRE     · signal     · HEMI-USD · meanRev ▼ 73 · 15m
13:31 KSA · PRE     · scanner    · بدء المسح · 1154 رمزاً · الجلسة PRE
13:31 KSA · PRE     · scanner    · ساعة التأكيد مثبَّتة على شمعة 10:15Z (من cbar)
13:32 KSA · PRE     · scanner    · بدء المسح · 1154 رمزاً · الجلسة PRE
13:32 KSA · PRE     · scanner    · ساعة التأكيد مثبَّتة على شمعة 10:15Z (من cbar)
13:34 KSA · PRE     · scanner    · بدء المسح · 1154 رمزاً · الجلسة PRE
13:34 KSA · PRE     · scanner    · ساعة التأكيد مثبَّتة على شمعة 10:15Z (من cbar)
13:36 KSA · PRE     · scanner    · بدء المسح · 1154 رمزاً · الجلسة PRE
13:36 KSA · PRE     · scanner    · ساعة التأكيد مثبَّتة على شمعة 10:15Z (من cbar)
13:38 KSA · PRE     · scanner    · بدء المسح · 1154 رمزاً · الجلسة PRE
13:38 KSA · PRE     · scanner    · ساعة التأكيد مثبَّتة على شمعة 10:15Z (من cbar)
13:40 KSA · PRE     · scanner    · بدء المسح · 1154 رمزاً · الجلسة PRE
13:40 KSA · PRE     · scanner    · ساعة التأكيد مثبَّتة على شمعة 10:15Z (من cbar)
13:42 KSA · PRE     · scanner    · بدء المسح · 1154 رمزاً · الجلسة PRE
13:42 KSA · PRE     · scanner    · ساعة التأكيد مثبَّتة على شمعة 10:15Z (من cbar)
13:44 KSA · PRE     · scanner    · بدء المسح · 1154 رمزاً · الجلسة PRE
13:44 KSA · PRE     · scanner    · ساعة التأكيد مثبَّتة على شمعة 10:15Z (من cbar)
13:45 KSA · PRE     · scanner    · بدء المسح · 1154 رمزاً · الجلسة PRE
13:45 KSA · PRE     · scanner    · ساعة التأكيد مثبَّتة على شمعة 10:30Z (من cbar)
13:45 KSA · PRE     · signal     · SNPS · volSpike ▲ 94 · 15m · جلسة ممتدة
13:45 KSA · PRE     · signal     · NKE · orb ▼ 85 · 15m · جلسة ممتدة
13:45 KSA · PRE     · signal     · NKE · brk ▼ 86 · 15m · جلسة ممتدة
13:45 KSA · PRE     · signal     · NKE · meanRev ▲ 55 · 15m · جلسة ممتدة
13:45 KSA · PRE     · signal     · CIEN · brk ▲ 55 · 15m · جلسة ممتدة
13:45 KSA · PRE     · signal     · REZ-USD · orb ▲ 85 · 15m
13:45 KSA · PRE     · signal     · REZ-USD · volSpike ▲ 78 · 15m
13:46 KSA · PRE     · scanner    · بدء المسح · 1154 رمزاً · الجلسة PRE
13:46 KSA · PRE     · scanner    · ساعة التأكيد مثبَّتة على شمعة 10:30Z (من cbar)
13:48 KSA · PRE     · scanner    · بدء المسح · 1154 رمزاً · الجلسة PRE
13:48 KSA · PRE     · scanner    · ساعة التأكيد مثبَّتة على شمعة 10:30Z (من cbar)
13:52 KSA · PRE     · scanner    · بدء المسح · 1154 رمزاً · الجلسة PRE
13:52 KSA · PRE     · scanner    · ساعة التأكيد مثبَّتة على شمعة 10:30Z (من cbar)
13:52 KSA · PRE     · signal     · NXPI · meanRev ▼ 70 · 15m · جلسة ممتدة
13:52 KSA · PRE     · signal     · DYM-USD · brk ▲ 79 · 1d
13:52 KSA · PRE     · signal     · DYM-USD · meanRev ▼ 75 · 1d
13:52 KSA · PRE     · signal     · DYM-USD · sqzExp ▲ 94 · 1d
13:52 KSA · PRE     · signal     · XAI-USD · brk ▲ 71 · 1d
13:52 KSA · PRE     · signal     · XAI-USD · meanRev ▼ 60 · 1d
13:52 KSA · PRE     · signal     · XAI-USD · sqzExp ▲ 100 · 1d
13:53 KSA · PRE     · scanner    · بدء المسح · 1154 رمزاً · الجلسة PRE
13:53 KSA · PRE     · scanner    · ساعة التأكيد مثبَّتة على شمعة 10:30Z (من cbar)
13:54 KSA · PRE     · scanner    · بدء المسح · 1154 رمزاً · الجلسة PRE
13:54 KSA · PRE     · scanner    · ساعة التأكيد مثبَّتة على شمعة 10:30Z (من cbar)
13:56 KSA · PRE     · scanner    · بدء المسح · 1154 رمزاً · الجلسة PRE
13:56 KSA · PRE     · scanner    · ساعة التأكيد مثبَّتة على شمعة 10:30Z (من cbar)
13:58 KSA · PRE     · scanner    · بدء المسح · 1154 رمزاً · الجلسة PRE
13:58 KSA · PRE     · scanner    · ساعة التأكيد مثبَّتة على شمعة 10:30Z (من cbar)
14:00 KSA · PRE     · scanner    · بدء المسح · 1154 رمزاً · الجلسة PRE
14:00 KSA · PRE     · scanner    · ساعة التأكيد مثبَّتة على شمعة 10:45Z (من cbar)
14:00 KSA · PRE     · signal     · APH · brk ▲ 91 · 15m · جلسة ممتدة
14:00 KSA · PRE     · signal     · APP · orb ▲ 55 · 15m · جلسة ممتدة
14:00 KSA · PRE     · signal     · MPWR · meanRev ▼ 55 · 15m · جلسة ممتدة
14:00 KSA · PRE     · signal     · ADSK · orb ▲ 62 · 15m · جلسة ممتدة
14:00 KSA · PRE     · signal     · MCHP · vwapRec ▲ 65 · 15m · جلسة ممتدة
14:00 KSA · PRE     · signal     · ARK-USD · momo ▲ 92 · 1h
14:00 KSA · PRE     · signal     · REZ-USD · sqzExp ▼ 70 · 1h
14:00 KSA · PRE     · signal     · EUR-USD · sqzExp ▼ 80 · 1h
14:01 KSA · PRE     · scanner    · بدء المسح · 1154 رمزاً · الجلسة PRE
14:01 KSA · PRE     · scanner    · ساعة التأكيد مثبَّتة على شمعة 10:45Z (من cbar)
14:02 KSA · PRE     · scanner    · بدء المسح · 1154 رمزاً · الجلسة PRE
14:02 KSA · PRE     · scanner    · ساعة التأكيد مثبَّتة على شمعة 10:45Z (من cbar)
14:04 KSA · PRE     · scanner    · بدء المسح · 1154 رمزاً · الجلسة PRE
14:04 KSA · PRE     · scanner    · ساعة التأكيد مثبَّتة على شمعة 10:45Z (من cbar)
14:06 KSA · PRE     · scanner    · بدء المسح · 1154 رمزاً · الجلسة PRE
14:06 KSA · PRE     · scanner    · ساعة التأكيد مثبَّتة على شمعة 10:45Z (من cbar)
14:09 KSA · PRE     · scanner    · بدء المسح · 1154 رمزاً · الجلسة PRE
14:09 KSA · PRE     · scanner    · ساعة التأكيد مثبَّتة على شمعة 10:45Z (من cbar)
14:10 KSA · PRE     · scanner    · بدء المسح · 1154 رمزاً · الجلسة PRE
14:10 KSA · PRE     · scanner    · ساعة التأكيد مثبَّتة على شمعة 10:45Z (من cbar)
14:12 KSA · PRE     · scanner    · بدء المسح · 1154 رمزاً · الجلسة PRE
14:12 KSA · PRE     · scanner    · ساعة التأكيد مثبَّتة على شمعة 10:45Z (من cbar)
14:14 KSA · PRE     · scanner    · بدء المسح · 1154 رمزاً · الجلسة PRE
14:14 KSA · PRE     · scanner    · ساعة التأكيد مثبَّتة على شمعة 10:45Z (من cbar)
14:15 KSA · PRE     · scanner    · بدء المسح · 1154 رمزاً · الجلسة PRE
14:15 KSA · PRE     · scanner    · ساعة التأكيد مثبَّتة على شمعة 11:00Z (من cbar)
14:15 KSA · PRE     · signal     · TMUS · orb ▼ 78 · 15m · جلسة ممتدة
14:15 KSA · PRE     · signal     · FTNT · vwapRec ▲ 60 · 15m · جلسة ممتدة
14:15 KSA · PRE     · signal     · PWR · brk ▲ 68 · 15m · جلسة ممتدة
14:15 KSA · PRE     · signal     · BSX · volSpike ▼ 67 · 15m · جلسة ممتدة
14:15 KSA · PRE     · signal     · NXPI · meanRev ▼ 70 · 15m · جلسة ممتدة
14:15 KSA · PRE     · signal     · XLM-USD · brk ▼ 57 · 15m
14:15 KSA · PRE     · signal     · UNI-USD · meanRev ▼ 60 · 15m
14:15 KSA · PRE     · signal     · PENGU-USD · meanRev ▼ 60 · 15m
14:16 KSA · PRE     · scanner    · بدء المسح · 1154 رمزاً · الجلسة PRE
14:16 KSA · PRE     · scanner    · ساعة التأكيد مثبَّتة على شمعة 11:00Z (من cbar)
14:18 KSA · PRE     · scanner    · بدء المسح · 1154 رمزاً · الجلسة PRE
14:18 KSA · PRE     · scanner    · ساعة التأكيد مثبَّتة على شمعة 11:00Z (من cbar)
14:22 KSA · PRE     · scanner    · بدء المسح · 1154 رمزاً · الجلسة PRE
14:22 KSA · PRE     · scanner    · ساعة التأكيد مثبَّتة على شمعة 11:00Z (من cbar)
14:22 KSA · PRE     · signal     · CTK-USD · brk ▲ 71 · 1d
14:22 KSA · PRE     · signal     · CTK-USD · sqzExp ▲ 81 · 1d
14:23 KSA · PRE     · scanner    · بدء المسح · 1154 رمزاً · الجلسة PRE
14:23 KSA · PRE     · scanner    · ساعة التأكيد مثبَّتة على شمعة 11:00Z (من cbar)
14:24 KSA · PRE     · scanner    · بدء المسح · 1154 رمزاً · الجلسة PRE
14:24 KSA · PRE     · scanner    · ساعة التأكيد مثبَّتة على شمعة 11:00Z (من cbar)
14:26 KSA · PRE     · scanner    · بدء المسح · 1154 رمزاً · الجلسة PRE
14:26 KSA · PRE     · scanner    · ساعة التأكيد مثبَّتة على شمعة 11:00Z (من cbar)
14:28 KSA · PRE     · scanner    · بدء المسح · 1154 رمزاً · الجلسة PRE
14:28 KSA · PRE     · scanner    · ساعة التأكيد مثبَّتة على شمعة 11:00Z (من cbar)
14:30 KSA · PRE     · scanner    · بدء المسح · 1154 رمزاً · الجلسة PRE
14:30 KSA · PRE     · scanner    · ساعة التأكيد مثبَّتة على شمعة 11:15Z (من cbar)
14:30 KSA · PRE     · signal     · COST · orb ▼ 100 · 15m · جلسة ممتدة
14:30 KSA · PRE     · signal     · KLAC · vwapRec ▲ 55 · 15m · جلسة ممتدة
14:30 KSA · PRE     · signal     · VZ · volSpike ▼ 61 · 15m · جلسة ممتدة
14:30 KSA · PRE     · signal     · FIX · vwapRec ▲ 57 · 15m · جلسة ممتدة
14:30 KSA · PRE     · signal     · DVN · orb ▲ 60 · 15m · جلسة ممتدة
14:30 KSA · PRE     · signal     · KVUE · brk ▼ 66 · 15m · جلسة ممتدة
14:30 KSA · PRE     · signal     · RAY-USD · volSpike ▼ 67 · 15m
14:30 KSA · PRE     · signal     · SUI-USD · volSpike ▲ 75 · 15m
14:30 KSA · PRE     · signal     · TAO-USD · volSpike ▲ 88 · 15m
14:31 KSA · PRE     · scanner    · بدء المسح · 1154 رمزاً · الجلسة PRE
14:31 KSA · PRE     · scanner    · ساعة التأكيد مثبَّتة على شمعة 11:15Z (من cbar)
14:32 KSA · PRE     · scanner    · بدء المسح · 1154 رمزاً · الجلسة PRE
14:32 KSA · PRE     · scanner    · ساعة التأكيد مثبَّتة على شمعة 11:15Z (من cbar)
14:34 KSA · PRE     · scanner    · بدء المسح · 1154 رمزاً · الجلسة PRE
14:34 KSA · PRE     · scanner    · ساعة التأكيد مثبَّتة على شمعة 11:15Z (من cbar)
14:38 KSA · PRE     · scanner    · بدء المسح · 1154 رمزاً · الجلسة PRE
14:38 KSA · PRE     · scanner    · ساعة التأكيد مثبَّتة على شمعة 11:15Z (من cbar)
14:40 KSA · PRE     · scanner    · بدء المسح · 1154 رمزاً · الجلسة PRE
14:40 KSA · PRE     · scanner    · ساعة التأكيد مثبَّتة على شمعة 11:15Z (من cbar)
14:42 KSA · PRE     · scanner    · بدء المسح · 1154 رمزاً · الجلسة PRE
14:42 KSA · PRE     · scanner    · ساعة التأكيد مثبَّتة على شمعة 11:15Z (من cbar)
14:44 KSA · PRE     · scanner    · بدء المسح · 1154 رمزاً · الجلسة PRE
14:44 KSA · PRE     · scanner    · ساعة التأكيد مثبَّتة على شمعة 11:15Z (من cbar)
14:45 KSA · PRE     · scanner    · بدء المسح · 1154 رمزاً · الجلسة PRE
14:45 KSA · PRE     · scanner    · ساعة التأكيد مثبَّتة على شمعة 11:30Z (من cbar)
14:45 KSA · PRE     · signal     · CSCO · orb ▲ 88 · 15m · جلسة ممتدة
14:45 KSA · PRE     · signal     · ABT · vwapRec ▼ 65 · 15m · جلسة ممتدة
14:45 KSA · PRE     · signal     · ETN · brk ▲ 68 · 15m · جلسة ممتدة
14:45 KSA · PRE     · signal     · MPWR · vwapRec ▼ 75 · 15m · جلسة ممتدة
14:45 KSA · PRE     · signal     · AZO · meanRev ▲ 55 · 15m · جلسة ممتدة
14:45 KSA · PRE     · signal     · DASH-USD · brk ▲ 70 · 15m
14:45 KSA · PRE     · signal     · INJ-USD · orb ▲ 93 · 15m
14:45 KSA · PRE     · signal     · MARSCOIN-USD · brk ▼ 55 · 15m
14:46 KSA · PRE     · scanner    · بدء المسح · 1154 رمزاً · الجلسة PRE
14:46 KSA · PRE     · scanner    · ساعة التأكيد مثبَّتة على شمعة 11:30Z (من cbar)
14:48 KSA · PRE     · scanner    · بدء المسح · 1154 رمزاً · الجلسة PRE
14:48 KSA · PRE     · scanner    · ساعة التأكيد مثبَّتة على شمعة 11:30Z (من cbar)
14:52 KSA · PRE     · scanner    · بدء المسح · 1154 رمزاً · الجلسة PRE
14:52 KSA · PRE     · scanner    · ساعة التأكيد مثبَّتة على شمعة 11:30Z (من cbar)
14:52 KSA · PRE     · signal     · TKO-USD · meanRev ▼ 57 · 1d
14:52 KSA · PRE     · signal     · INTWB-USD · meanRev ▼ 60 · 1d
14:52 KSA · PRE     · signal     · SHELL-USD · brk ▲ 61 · 1d
14:53 KSA · PRE     · scanner    · بدء المسح · 1154 رمزاً · الجلسة PRE
14:53 KSA · PRE     · scanner    · ساعة التأكيد مثبَّتة على شمعة 11:30Z (من cbar)
14:54 KSA · PRE     · scanner    · بدء المسح · 1154 رمزاً · الجلسة PRE
14:54 KSA · PRE     · scanner    · ساعة التأكيد مثبَّتة على شمعة 11:30Z (من cbar)
14:56 KSA · PRE     · scanner    · بدء المسح · 1154 رمزاً · الجلسة PRE
14:56 KSA · PRE     · scanner    · ساعة التأكيد مثبَّتة على شمعة 11:30Z (من cbar)
14:58 KSA · PRE     · scanner    · بدء المسح · 1154 رمزاً · الجلسة PRE
14:58 KSA · PRE     · scanner    · ساعة التأكيد مثبَّتة على شمعة 11:30Z (من cbar)
15:00 KSA · PRE     · scanner    · بدء المسح · 1154 رمزاً · الجلسة PRE
15:00 KSA · PRE     · scanner    · ساعة التأكيد مثبَّتة على شمعة 11:45Z (من cbar)
15:00 KSA · PRE     · signal     · HD · volSpike ▲ 78 · 15m · جلسة ممتدة
15:00 KSA · PRE     · signal     · ISRG · orb ▲ 88 · 15m · جلسة ممتدة
15:00 KSA · PRE     · signal     · UBER · volSpike ▼ 56 · 15m · جلسة ممتدة
15:00 KSA · PRE     · signal     · XRP-USD · meanRev ▼ 60 · 15m
15:00 KSA · PRE     · signal     · XRP-USD · sqzExp ▼ 60 · 1h
15:00 KSA · PRE     · signal     · XLM-USD · momo ▲ 83 · 1h
15:00 KSA · PRE     · signal     · HBAR-USD · sqzExp ▼ 55 · 1h
15:00 KSA · PRE     · signal     · DASH-USD · momo ▲ 83 · 1h
15:00 KSA · PRE     · signal     · ETHFI-USD · sqzExp ▼ 70 · 1h
15:00 KSA · PRE     · signal     · IOTA-USD · sqzExp ▲ 70 · 1h
15:00 KSA · PRE     · signal     · MSTRB-USD · sqzExp ▲ 63 · 1h
15:00 KSA · PRE     · signal     · UNI-USD · sqzExp ▲ 95 · 1h
15:00 KSA · PRE     · signal     · SENT-USD · sqzExp ▼ 65 · 1h
15:00 KSA · PRE     · signal     · PENGU-USD · sqzExp ▼ 57 · 1h
15:00 KSA · PRE     · signal     · WLFI-USD · pbTrend ▼ 67 · 1h
15:01 KSA · PRE     · scanner    · بدء المسح · 1154 رمزاً · الجلسة PRE
15:01 KSA · PRE     · scanner    · ساعة التأكيد مثبَّتة على شمعة 11:45Z (من cbar)
15:02 KSA · PRE     · scanner    · بدء المسح · 1154 رمزاً · الجلسة PRE
15:02 KSA · PRE     · scanner    · ساعة التأكيد مثبَّتة على شمعة 11:45Z (من cbar)
15:04 KSA · PRE     · scanner    · بدء المسح · 1154 رمزاً · الجلسة PRE
15:04 KSA · PRE     · scanner    · ساعة التأكيد مثبَّتة على شمعة 11:45Z (من cbar)
15:08 KSA · PRE     · scanner    · بدء المسح · 1154 رمزاً · الجلسة PRE
15:08 KSA · PRE     · scanner    · ساعة التأكيد مثبَّتة على شمعة 11:45Z (من cbar)
15:10 KSA · PRE     · scanner    · بدء المسح · 1154 رمزاً · الجلسة PRE
15:10 KSA · PRE     · scanner    · ساعة التأكيد مثبَّتة على شمعة 11:45Z (من cbar)
15:12 KSA · PRE     · scanner    · بدء المسح · 1154 رمزاً · الجلسة PRE
15:12 KSA · PRE     · scanner    · ساعة التأكيد مثبَّتة على شمعة 11:45Z (من cbar)
15:14 KSA · PRE     · scanner    · بدء المسح · 1154 رمزاً · الجلسة PRE
15:14 KSA · PRE     · scanner    · ساعة التأكيد مثبَّتة على شمعة 11:45Z (من cbar)
15:15 KSA · PRE     · scanner    · بدء المسح · 1154 رمزاً · الجلسة PRE
15:15 KSA · PRE     · scanner    · ساعة التأكيد مثبَّتة على شمعة 12:00Z (من cbar)
15:15 KSA · PRE     · signal     · C · brk ▲ 64 · 15m · جلسة ممتدة
15:15 KSA · PRE     · signal     · LOW · meanRev ▼ 57 · 15m · جلسة ممتدة
15:15 KSA · PRE     · signal     · CIEN · vwapRec ▲ 55 · 15m · جلسة ممتدة
15:15 KSA · PRE     · signal     · OP-USD · volSpike ▼ 56 · 15m
15:15 KSA · PRE     · signal     · ARK-USD · rsiDiv ▼ 56 · 15m
15:15 KSA · PRE     · signal     · TAO-USD · brk ▼ 55 · 15m
15:16 KSA · PRE     · scanner    · بدء المسح · 1154 رمزاً · الجلسة PRE
15:16 KSA · PRE     · scanner    · ساعة التأكيد مثبَّتة على شمعة 12:00Z (من cbar)
15:22 KSA · PRE     · scanner    · بدء المسح · 50 رمزاً · الجلسة PRE
15:22 KSA · PRE     · scanner    · ساعة التأكيد مثبَّتة على شمعة 19:45Z (من cbar)
15:22 KSA · PRE     · signal     · TSM · tfAlign ▲ 89 · 1d · جلسة ممتدة
15:22 KSA · PRE     · signal     · AMAT · pbTrend ▼ 55 · 1h · جلسة ممتدة
15:22 KSA · PRE     · signal     · STX · momo ▼ 64 · 1h · جلسة ممتدة
15:22 KSA · PRE     · signal     · SNPS · pbTrend ▼ 57 · 1h · جلسة ممتدة
15:22 KSA · PRE     · signal     · MSTR · rsiDiv ▼ 75 · 1d · جلسة ممتدة
15:22 KSA · PRE     · signal     · MSTR · tfAlign ▲ 87 · 1d · جلسة ممتدة
15:22 KSA · PRE     · signal     · NBIS · rsiDiv ▼ 61 · 15m · جلسة ممتدة
15:22 KSA · PRE     · signal     · CRWV · pbTrend ▼ 74 · 1h · جلسة ممتدة
15:22 KSA · PRE     · signal     · CRWV · rsiDiv ▼ 61 · 1h · جلسة ممتدة
15:22 KSA · PRE     · signal     · CRWV · momo ▲ 67 · 1h · جلسة ممتدة
15:22 KSA · PRE     · signal     · CRDO · pbTrend ▼ 55 · 1h · جلسة ممتدة
15:22 KSA · PRE     · signal     · CRDO · rsiDiv ▼ 78 · 1h · جلسة ممتدة
15:22 KSA · PRE     · signal     · FSLR · tfAlign ▼ 89 · 1d · جلسة ممتدة
15:29 KSA · PRE     · scanner    · بدء المسح · 50 رمزاً · الجلسة PRE
15:29 KSA · PRE     · scanner    · ساعة التأكيد مثبَّتة على شمعة 19:45Z (من cbar)
15:29 KSA · PRE     · signal     · GEV · pbTrend ▼ 64 · 1h · جلسة ممتدة
15:29 KSA · PRE     · signal     · ALAB · tfAlign ▲ 84 · 1d · جلسة ممتدة
15:29 KSA · PRE     · signal     · RDDT · tfAlign ▼ 79 · 1d · جلسة ممتدة
15:30 KSA · PRE     · scanner    · بدء المسح · 50 رمزاً · الجلسة PRE
15:30 KSA · PRE     · scanner    · ساعة التأكيد مثبَّتة على شمعة 19:45Z (من cbar)
15:30 KSA · PRE     · scanner    · بدء المسح · 50 رمزاً · الجلسة PRE
15:30 KSA · PRE     · scanner    · ساعة التأكيد مثبَّتة على شمعة 19:45Z (من cbar)
15:32 KSA · PRE     · scanner    · بدء المسح · 50 رمزاً · الجلسة PRE
15:32 KSA · PRE     · scanner    · ساعة التأكيد مثبَّتة على شمعة 19:45Z (من cbar)
15:34 KSA · PRE     · scanner    · بدء المسح · 50 رمزاً · الجلسة PRE
15:34 KSA · PRE     · scanner    · ساعة التأكيد مثبَّتة على شمعة 19:45Z (من cbar)
15:36 KSA · PRE     · scanner    · بدء المسح · 50 رمزاً · الجلسة PRE
15:36 KSA · PRE     · scanner    · ساعة التأكيد مثبَّتة على شمعة 19:45Z (من cbar)
15:38 KSA · PRE     · scanner    · بدء المسح · 50 رمزاً · الجلسة PRE
15:38 KSA · PRE     · scanner    · ساعة التأكيد مثبَّتة على شمعة 19:45Z (من cbar)
15:40 KSA · PRE     · scanner    · بدء المسح · 50 رمزاً · الجلسة PRE
15:40 KSA · PRE     · scanner    · ساعة التأكيد مثبَّتة على شمعة 19:45Z (من cbar)
15:42 KSA · PRE     · scanner    · بدء المسح · 50 رمزاً · الجلسة PRE
15:42 KSA · PRE     · scanner    · ساعة التأكيد مثبَّتة على شمعة 19:45Z (من cbar)
15:44 KSA · PRE     · scanner    · بدء المسح · 50 رمزاً · الجلسة PRE
15:44 KSA · PRE     · scanner    · ساعة التأكيد مثبَّتة على شمعة 19:45Z (من cbar)
15:46 KSA · PRE     · scanner    · بدء المسح · 50 رمزاً · الجلسة PRE
15:46 KSA · PRE     · scanner    · ساعة التأكيد مثبَّتة على شمعة 19:45Z (من cbar)
15:46 KSA · PRE     · scanner    · بدء المسح · 50 رمزاً · الجلسة PRE
15:46 KSA · PRE     · scanner    · ساعة التأكيد مثبَّتة على شمعة 19:45Z (من cbar)
15:48 KSA · PRE     · scanner    · بدء المسح · 50 رمزاً · الجلسة PRE
15:48 KSA · PRE     · scanner    · ساعة التأكيد مثبَّتة على شمعة 19:45Z (من cbar)
15:50 KSA · PRE     · scanner    · بدء المسح · 50 رمزاً · الجلسة PRE
15:50 KSA · PRE     · scanner    · ساعة التأكيد مثبَّتة على شمعة 19:45Z (من cbar)
15:51 KSA · PRE     · scanner    · بدء المسح · 50 رمزاً · الجلسة PRE
15:51 KSA · PRE     · scanner    · ساعة التأكيد مثبَّتة على شمعة 19:45Z (من cbar)
15:52 KSA · PRE     · scanner    · بدء المسح · 50 رمزاً · الجلسة PRE
15:52 KSA · PRE     · scanner    · ساعة التأكيد مثبَّتة على شمعة 19:45Z (من cbar)
15:54 KSA · PRE     · scanner    · بدء المسح · 50 رمزاً · الجلسة PRE
15:54 KSA · PRE     · scanner    · ساعة التأكيد مثبَّتة على شمعة 19:45Z (من cbar)
15:56 KSA · PRE     · scanner    · بدء المسح · 50 رمزاً · الجلسة PRE
15:56 KSA · PRE     · scanner    · ساعة التأكيد مثبَّتة على شمعة 19:45Z (من cbar)
15:58 KSA · PRE     · scanner    · بدء المسح · 50 رمزاً · الجلسة PRE
15:58 KSA · PRE     · scanner    · ساعة التأكيد مثبَّتة على شمعة 19:45Z (من cbar)
16:00 KSA · PRE     · scanner    · بدء المسح · 50 رمزاً · الجلسة PRE
16:00 KSA · PRE     · scanner    · ساعة التأكيد مثبَّتة على شمعة 19:45Z (من cbar)
16:01 KSA · PRE     · scanner    · بدء المسح · 50 رمزاً · الجلسة PRE
16:01 KSA · PRE     · scanner    · ساعة التأكيد مثبَّتة على شمعة 19:45Z (من cbar)
16:02 KSA · PRE     · scanner    · بدء المسح · 50 رمزاً · الجلسة PRE
16:02 KSA · PRE     · scanner    · ساعة التأكيد مثبَّتة على شمعة 19:45Z (من cbar)
16:04 KSA · PRE     · scanner    · بدء المسح · 50 رمزاً · الجلسة PRE
16:04 KSA · PRE     · scanner    · ساعة التأكيد مثبَّتة على شمعة 19:45Z (من cbar)
16:06 KSA · PRE     · scanner    · بدء المسح · 50 رمزاً · الجلسة PRE
16:06 KSA · PRE     · scanner    · ساعة التأكيد مثبَّتة على شمعة 19:45Z (من cbar)
16:08 KSA · PRE     · scanner    · بدء المسح · 50 رمزاً · الجلسة PRE
16:08 KSA · PRE     · scanner    · ساعة التأكيد مثبَّتة على شمعة 19:45Z (من cbar)
16:10 KSA · PRE     · scanner    · بدء المسح · 50 رمزاً · الجلسة PRE
16:10 KSA · PRE     · scanner    · ساعة التأكيد مثبَّتة على شمعة 19:45Z (من cbar)
16:12 KSA · PRE     · scanner    · بدء المسح · 50 رمزاً · الجلسة PRE
16:12 KSA · PRE     · scanner    · ساعة التأكيد مثبَّتة على شمعة 19:45Z (من cbar)
16:14 KSA · PRE     · scanner    · بدء المسح · 50 رمزاً · الجلسة PRE
16:14 KSA · PRE     · scanner    · ساعة التأكيد مثبَّتة على شمعة 19:45Z (من cbar)
16:16 KSA · PRE     · scanner    · بدء المسح · 50 رمزاً · الجلسة PRE
16:16 KSA · PRE     · scanner    · ساعة التأكيد مثبَّتة على شمعة 19:45Z (من cbar)
16:16 KSA · PRE     · scanner    · بدء المسح · 50 رمزاً · الجلسة PRE
16:16 KSA · PRE     · scanner    · ساعة التأكيد مثبَّتة على شمعة 19:45Z (من cbar)
16:18 KSA · PRE     · scanner    · بدء المسح · 50 رمزاً · الجلسة PRE
16:18 KSA · PRE     · scanner    · ساعة التأكيد مثبَّتة على شمعة 19:45Z (من cbar)
16:20 KSA · PRE     · scanner    · بدء المسح · 50 رمزاً · الجلسة PRE
16:20 KSA · PRE     · scanner    · ساعة التأكيد مثبَّتة على شمعة 19:45Z (من cbar)
16:20 KSA · PRE     · scanner    · بدء المسح · 50 رمزاً · الجلسة PRE
16:20 KSA · PRE     · scanner    · ساعة التأكيد مثبَّتة على شمعة 19:45Z (من cbar)
16:22 KSA · PRE     · scanner    · بدء المسح · 50 رمزاً · الجلسة PRE
16:22 KSA · PRE     · scanner    · ساعة التأكيد مثبَّتة على شمعة 19:45Z (من cbar)
16:24 KSA · PRE     · scanner    · بدء المسح · 50 رمزاً · الجلسة PRE
16:24 KSA · PRE     · scanner    · ساعة التأكيد مثبَّتة على شمعة 19:45Z (من cbar)
16:26 KSA · PRE     · scanner    · بدء المسح · 50 رمزاً · الجلسة PRE
16:26 KSA · PRE     · scanner    · ساعة التأكيد مثبَّتة على شمعة 19:45Z (من cbar)
16:28 KSA · PRE     · scanner    · بدء المسح · 50 رمزاً · الجلسة PRE
16:28 KSA · PRE     · scanner    · ساعة التأكيد مثبَّتة على شمعة 19:45Z (من cbar)
16:30 KSA · REGULAR · scanner    · بدء المسح · 50 رمزاً · الجلسة REGULAR
16:30 KSA · REGULAR · scanner    · ساعة التأكيد مثبَّتة على شمعة 19:45Z (من cbar)
16:31 KSA · REGULAR · scanner    · بدء المسح · 50 رمزاً · الجلسة REGULAR
16:31 KSA · REGULAR · scanner    · ساعة التأكيد مثبَّتة على شمعة 19:45Z (من cbar)
16:31 KSA · REGULAR · signal     · CSCO · rsiDiv ▲ 58 · 1d · جلسة ممتدة
16:32 KSA · REGULAR · scanner    · بدء المسح · 50 رمزاً · الجلسة REGULAR
16:32 KSA · REGULAR · scanner    · ساعة التأكيد مثبَّتة على شمعة 19:45Z (من cbar)
16:33 KSA · REGULAR · scanner    · بدء المسح · 50 رمزاً · الجلسة REGULAR
16:33 KSA · REGULAR · scanner    · ساعة التأكيد مثبَّتة على شمعة 19:45Z (من cbar)
16:34 KSA · REGULAR · scanner    · بدء المسح · 50 رمزاً · الجلسة REGULAR
16:34 KSA · REGULAR · scanner    · ساعة التأكيد مثبَّتة على شمعة 19:45Z (من cbar)
16:36 KSA · REGULAR · scanner    · بدء المسح · 50 رمزاً · الجلسة REGULAR
16:36 KSA · REGULAR · scanner    · ساعة التأكيد مثبَّتة على شمعة 19:45Z (من cbar)
16:38 KSA · REGULAR · scanner    · بدء المسح · 50 رمزاً · الجلسة REGULAR
16:38 KSA · REGULAR · scanner    · ساعة التأكيد مثبَّتة على شمعة 19:45Z (من cbar)
16:40 KSA · REGULAR · scanner    · بدء المسح · 50 رمزاً · الجلسة REGULAR
16:40 KSA · REGULAR · scanner    · ساعة التأكيد مثبَّتة على شمعة 19:45Z (من cbar)
16:42 KSA · REGULAR · scanner    · بدء المسح · 50 رمزاً · الجلسة REGULAR
16:42 KSA · REGULAR · scanner    · ساعة التأكيد مثبَّتة على شمعة 19:45Z (من cbar)
16:44 KSA · REGULAR · scanner    · بدء المسح · 50 رمزاً · الجلسة REGULAR
16:44 KSA · REGULAR · scanner    · ساعة التأكيد مثبَّتة على شمعة 19:45Z (من cbar)
16:46 KSA · REGULAR · scanner    · بدء المسح · 50 رمزاً · الجلسة REGULAR
16:46 KSA · REGULAR · scanner    · ساعة التأكيد مثبَّتة على شمعة 13:30Z (من cbar)
16:46 KSA · REGULAR · signal     · MSFT · brk ▲ 73 · 15m
16:46 KSA · REGULAR · signal     · MSFT · meanRev ▼ 73 · 15m
16:46 KSA · REGULAR · signal     · MSFT · volSpike ▼ 67 · 15m
16:46 KSA · REGULAR · signal     · TSM · volSpike ▲ 100 · 15m
16:46 KSA · REGULAR · signal     · AVGO · brk ▲ 80 · 15m
16:46 KSA · REGULAR · signal     · AVGO · meanRev ▼ 60 · 15m
16:46 KSA · REGULAR · signal     · TSLA · brk ▼ 86 · 15m
16:46 KSA · REGULAR · signal     · BRK-B · volSpike ▼ 72 · 15m
16:46 KSA · REGULAR · signal     · WMT · volSpike ▼ 94 · 15m
16:46 KSA · REGULAR · signal     · COST · brk ▲ 57 · 15m
16:46 KSA · REGULAR · signal     · COST · meanRev ▼ 73 · 15m
16:46 KSA · REGULAR · signal     · AMAT · meanRev ▼ 85 · 15m
16:46 KSA · REGULAR · signal     · CAT · brk ▲ 70 · 15m
16:46 KSA · REGULAR · signal     · CAT · meanRev ▼ 68 · 15m
16:46 KSA · REGULAR · signal     · CAT · volSpike ▲ 83 · 15m
16:46 KSA · REGULAR · signal     · DELL · meanRev ▼ 57 · 15m
16:46 KSA · REGULAR · signal     · PANW · volSpike ▼ 83 · 15m
16:46 KSA · REGULAR · signal     · CRWD · volSpike ▼ 78 · 15m
16:46 KSA · REGULAR · signal     · ANET · momo ▲ 78 · 1h
16:46 KSA · REGULAR · signal     · GEV · momo ▲ 78 · 1h
16:46 KSA · REGULAR · signal     · KLAC · meanRev ▼ 78 · 15m
16:46 KSA · REGULAR · signal     · STX · volSpike ▲ 89 · 15m
16:46 KSA · REGULAR · signal     · WDC · rsiDiv ▲ 56 · 15m
16:46 KSA · REGULAR · signal     · ALAB · volSpike ▼ 56 · 15m
16:46 KSA · REGULAR · signal     · MSTR · meanRev ▲ 93 · 15m
16:46 KSA · REGULAR · signal     · MSTR · volSpike ▼ 78 · 15m
16:46 KSA · REGULAR · signal     · CRWV · volSpike ▼ 89 · 15m
16:46 KSA · REGULAR · signal     · CRDO · brk ▲ 66 · 15m
16:46 KSA · REGULAR · signal     · CRDO · meanRev ▼ 65 · 15m
16:46 KSA · REGULAR · signal     · RDDT · volSpike ▲ 78 · 15m
16:46 KSA · REGULAR · scanner    · بدء المسح · 50 رمزاً · الجلسة REGULAR
16:46 KSA · REGULAR · scanner    · ساعة التأكيد مثبَّتة على شمعة 13:30Z (من cbar)
16:48 KSA · REGULAR · scanner    · بدء المسح · 50 رمزاً · الجلسة REGULAR
16:48 KSA · REGULAR · scanner    · ساعة التأكيد مثبَّتة على شمعة 13:30Z (من cbar)
16:50 KSA · REGULAR · scanner    · بدء المسح · 50 رمزاً · الجلسة REGULAR
16:50 KSA · REGULAR · scanner    · ساعة التأكيد مثبَّتة على شمعة 13:30Z (من cbar)
16:50 KSA · REGULAR · scanner    · بدء المسح · 50 رمزاً · الجلسة REGULAR
16:50 KSA · REGULAR · scanner    · ساعة التأكيد مثبَّتة على شمعة 13:30Z (من cbar)
16:52 KSA · REGULAR · scanner    · بدء المسح · 50 رمزاً · الجلسة REGULAR
16:52 KSA · REGULAR · scanner    · ساعة التأكيد مثبَّتة على شمعة 13:30Z (من cbar)
16:54 KSA · REGULAR · scanner    · بدء المسح · 50 رمزاً · الجلسة REGULAR
16:54 KSA · REGULAR · scanner    · ساعة التأكيد مثبَّتة على شمعة 13:30Z (من cbar)
16:56 KSA · REGULAR · scanner    · بدء المسح · 50 رمزاً · الجلسة REGULAR
16:56 KSA · REGULAR · scanner    · ساعة التأكيد مثبَّتة على شمعة 13:30Z (من cbar)
16:58 KSA · REGULAR · scanner    · بدء المسح · 50 رمزاً · الجلسة REGULAR
16:58 KSA · REGULAR · scanner    · ساعة التأكيد مثبَّتة على شمعة 13:30Z (من cbar)
17:00 KSA · REGULAR · scanner    · بدء المسح · 50 رمزاً · الجلسة REGULAR
17:00 KSA · REGULAR · scanner    · ساعة التأكيد مثبَّتة على شمعة 13:30Z (من cbar)
17:02 KSA · REGULAR · scanner    · بدء المسح · 50 رمزاً · الجلسة REGULAR
17:02 KSA · REGULAR · scanner    · ساعة التأكيد مثبَّتة على شمعة 13:30Z (من cbar)
17:03 KSA · REGULAR · scanner    · بدء المسح · 50 رمزاً · الجلسة REGULAR
17:03 KSA · REGULAR · scanner    · ساعة التأكيد مثبَّتة على شمعة 13:45Z (من cbar)
17:03 KSA · REGULAR · signal     · AMZN · volSpike ▼ 78 · 15m
17:03 KSA · REGULAR · signal     · TSM · vwapRec ▲ 65 · 15m
17:03 KSA · REGULAR · signal     · TSM · brk ▲ 86 · 15m
17:03 KSA · REGULAR · signal     · TSM · meanRev ▼ 65 · 15m
17:03 KSA · REGULAR · signal     · META · volSpike ▼ 78 · 15m
17:03 KSA · REGULAR · signal     · COST · volSpike ▲ 89 · 15m
17:03 KSA · REGULAR · signal     · AMAT · volSpike ▲ 89 · 15m
17:03 KSA · REGULAR · signal     · ANET · vwapRec ▼ 60 · 15m
17:03 KSA · REGULAR · signal     · APP · volSpike ▲ 78 · 15m
17:03 KSA · REGULAR · signal     · MSTR · vwapRec ▼ 60 · 15m
17:03 KSA · REGULAR · signal     · ALAB · vwapRec ▼ 60 · 15m
17:03 KSA · REGULAR · signal     · NBIS · volSpike ▼ 78 · 15m
17:03 KSA · REGULAR · signal     · CRWV · vwapRec ▼ 63 · 15m
17:03 KSA · REGULAR · signal     · CRDO · vwapRec ▼ 65 · 15m
17:03 KSA · REGULAR · signal     · FSLR · vwapRec ▲ 60 · 15m
17:03 KSA · REGULAR · signal     · FSLR · rsiDiv ▲ 78 · 15m
17:04 KSA · REGULAR · scanner    · بدء المسح · 50 رمزاً · الجلسة REGULAR
17:04 KSA · REGULAR · scanner    · ساعة التأكيد مثبَّتة على شمعة 13:45Z (من cbar)
17:06 KSA · REGULAR · scanner    · بدء المسح · 50 رمزاً · الجلسة REGULAR
17:06 KSA · REGULAR · scanner    · ساعة التأكيد مثبَّتة على شمعة 13:45Z (من cbar)
17:08 KSA · REGULAR · scanner    · بدء المسح · 50 رمزاً · الجلسة REGULAR
17:08 KSA · REGULAR · scanner    · ساعة التأكيد مثبَّتة على شمعة 13:45Z (من cbar)
17:10 KSA · REGULAR · scanner    · بدء المسح · 50 رمزاً · الجلسة REGULAR
17:10 KSA · REGULAR · scanner    · ساعة التأكيد مثبَّتة على شمعة 13:45Z (من cbar)
17:12 KSA · REGULAR · scanner    · بدء المسح · 50 رمزاً · الجلسة REGULAR
17:12 KSA · REGULAR · scanner    · ساعة التأكيد مثبَّتة على شمعة 13:45Z (من cbar)
17:14 KSA · REGULAR · scanner    · بدء المسح · 50 رمزاً · الجلسة REGULAR
17:14 KSA · REGULAR · scanner    · ساعة التأكيد مثبَّتة على شمعة 13:45Z (من cbar)
17:16 KSA · REGULAR · scanner    · بدء المسح · 50 رمزاً · الجلسة REGULAR
17:16 KSA · REGULAR · scanner    · ساعة التأكيد مثبَّتة على شمعة 13:45Z (من cbar)
17:18 KSA · REGULAR · scanner    · بدء المسح · 50 رمزاً · الجلسة REGULAR
17:18 KSA · REGULAR · scanner    · ساعة التأكيد مثبَّتة على شمعة 14:00Z (من cbar)
17:18 KSA · REGULAR · signal     · GOOGL · orb ▼ 70 · 15m
17:18 KSA · REGULAR · signal     · AMZN · vwapRec ▼ 60 · 15m
17:18 KSA · REGULAR · signal     · LLY · orb ▼ 80 · 15m
17:18 KSA · REGULAR · signal     · ANET · orb ▼ 80 · 15m
17:18 KSA · REGULAR · signal     · CRWD · orb ▼ 70 · 15m
17:18 KSA · REGULAR · signal     · MSTR · orb ▼ 75 · 15m
17:18 KSA · REGULAR · signal     · NBIS · orb ▼ 80 · 15m
17:18 KSA · REGULAR · signal     · NBIS · brk ▼ 73 · 15m
17:18 KSA · REGULAR · signal     · NBIS · meanRev ▲ 68 · 15m
17:18 KSA · REGULAR · signal     · CRWV · orb ▼ 90 · 15m
17:18 KSA · REGULAR · signal     · CRDO · volSpike ▼ 78 · 15m
17:18 KSA · REGULAR · scanner    · بدء المسح · 50 رمزاً · الجلسة REGULAR
17:18 KSA · REGULAR · scanner    · ساعة التأكيد مثبَّتة على شمعة 14:00Z (من cbar)
17:20 KSA · REGULAR · scanner    · بدء المسح · 50 رمزاً · الجلسة REGULAR
17:20 KSA · REGULAR · scanner    · ساعة التأكيد مثبَّتة على شمعة 14:00Z (من cbar)
17:20 KSA · REGULAR · scanner    · بدء المسح · 50 رمزاً · الجلسة REGULAR
17:20 KSA · REGULAR · scanner    · ساعة التأكيد مثبَّتة على شمعة 14:00Z (من cbar)
17:22 KSA · REGULAR · scanner    · بدء المسح · 50 رمزاً · الجلسة REGULAR
17:22 KSA · REGULAR · scanner    · ساعة التأكيد مثبَّتة على شمعة 14:00Z (من cbar)
17:24 KSA · REGULAR · scanner    · بدء المسح · 50 رمزاً · الجلسة REGULAR
17:24 KSA · REGULAR · scanner    · ساعة التأكيد مثبَّتة على شمعة 14:00Z (من cbar)
17:26 KSA · REGULAR · scanner    · بدء المسح · 50 رمزاً · الجلسة REGULAR
17:26 KSA · REGULAR · scanner    · ساعة التأكيد مثبَّتة على شمعة 14:00Z (من cbar)
17:28 KSA · REGULAR · scanner    · بدء المسح · 50 رمزاً · الجلسة REGULAR
17:28 KSA · REGULAR · scanner    · ساعة التأكيد مثبَّتة على شمعة 14:00Z (من cbar)
17:30 KSA · REGULAR · scanner    · بدء المسح · 50 رمزاً · الجلسة REGULAR
17:30 KSA · REGULAR · scanner    · ساعة التأكيد مثبَّتة على شمعة 14:00Z (من cbar)
17:32 KSA · REGULAR · scanner    · بدء المسح · 50 رمزاً · الجلسة REGULAR
17:32 KSA · REGULAR · scanner    · ساعة التأكيد مثبَّتة على شمعة 14:00Z (من cbar)
17:33 KSA · REGULAR · scanner    · بدء المسح · 50 رمزاً · الجلسة REGULAR
17:33 KSA · REGULAR · scanner    · ساعة التأكيد مثبَّتة على شمعة 14:15Z (من cbar)
17:33 KSA · REGULAR · signal     · MSFT · vwapRec ▲ 73 · 15m
17:33 KSA · REGULAR · signal     · MSFT · meanRev ▼ 68 · 15m
17:33 KSA · REGULAR · signal     · MSFT · sqzExp ▲ 93 · 1h
17:33 KSA · REGULAR · signal     · MSFT · volSpike ▼ 56 · 15m
17:33 KSA · REGULAR · signal     · MSFT · momo ▲ 81 · 1h
17:33 KSA · REGULAR · signal     · AMZN · orb ▼ 70 · 15m
17:33 KSA · REGULAR · signal     · TSM · orb ▼ 80 · 15m
17:33 KSA · REGULAR · signal     · TSLA · rsiDiv ▼ 58 · 15m
17:33 KSA · REGULAR · signal     · WMT · vwapRec ▲ 68 · 15m
17:33 KSA · REGULAR · signal     · XOM · pbTrend ▲ 71 · 1h
17:33 KSA · REGULAR · signal     · CSCO · sqzExp ▲ 73 · 1h
17:33 KSA · REGULAR · signal     · ORCL · rsiDiv ▼ 56 · 15m
17:33 KSA · REGULAR · signal     · COST · pbTrend ▼ 60 · 1h
17:33 KSA · REGULAR · signal     · COST · sqzExp ▲ 85 · 1h
17:33 KSA · REGULAR · signal     · CAT · vwapRec ▲ 85 · 15m
17:33 KSA · REGULAR · signal     · MRK · rsiDiv ▼ 86 · 15m
17:33 KSA · REGULAR · signal     · PANW · pbTrend ▲ 90 · 1h
17:33 KSA · REGULAR · signal     · ANET · sqzExp ▲ 93 · 1h
17:33 KSA · REGULAR · signal     · QCOM · vwapRec ▲ 73 · 15m
17:33 KSA · REGULAR · signal     · APP · rsiDiv ▲ 89 · 15m
17:33 KSA · REGULAR · signal     · SNPS · sqzExp ▲ 73 · 1h
17:33 KSA · REGULAR · signal     · SNPS · momo ▲ 72 · 1h
17:33 KSA · REGULAR · signal     · MSTR · pbTrend ▲ 90 · 1h
17:33 KSA · REGULAR · signal     · MSTR · momo ▼ 72 · 1h
17:33 KSA · REGULAR · signal     · CRDO · sqzExp ▲ 83 · 1h
17:33 KSA · REGULAR · signal     · SMCI · sqzExp ▲ 85 · 1h
17:33 KSA · REGULAR · signal     · SMCI · momo ▲ 83 · 1h
17:34 KSA · REGULAR · scanner    · بدء المسح · 50 رمزاً · الجلسة REGULAR
17:34 KSA · REGULAR · scanner    · ساعة التأكيد مثبَّتة على شمعة 14:15Z (من cbar)
17:36 KSA · REGULAR · scanner    · بدء المسح · 50 رمزاً · الجلسة REGULAR
17:36 KSA · REGULAR · scanner    · ساعة التأكيد مثبَّتة على شمعة 14:15Z (من cbar)
17:38 KSA · REGULAR · scanner    · بدء المسح · 50 رمزاً · الجلسة REGULAR
17:38 KSA · REGULAR · scanner    · ساعة التأكيد مثبَّتة على شمعة 14:15Z (من cbar)
17:40 KSA · REGULAR · scanner    · بدء المسح · 50 رمزاً · الجلسة REGULAR
17:40 KSA · REGULAR · scanner    · ساعة التأكيد مثبَّتة على شمعة 14:15Z (من cbar)
17:42 KSA · REGULAR · scanner    · بدء المسح · 50 رمزاً · الجلسة REGULAR
17:42 KSA · REGULAR · scanner    · ساعة التأكيد مثبَّتة على شمعة 14:15Z (من cbar)
17:44 KSA · REGULAR · scanner    · بدء المسح · 50 رمزاً · الجلسة REGULAR
17:44 KSA · REGULAR · scanner    · ساعة التأكيد مثبَّتة على شمعة 14:15Z (من cbar)
17:46 KSA · REGULAR · scanner    · بدء المسح · 50 رمزاً · الجلسة REGULAR
17:46 KSA · REGULAR · scanner    · ساعة التأكيد مثبَّتة على شمعة 14:15Z (من cbar)
17:48 KSA · REGULAR · scanner    · بدء المسح · 50 رمزاً · الجلسة REGULAR
17:48 KSA · REGULAR · scanner    · ساعة التأكيد مثبَّتة على شمعة 14:30Z (من cbar)
17:48 KSA · REGULAR · signal     · TSM · vwapRec ▼ 68 · 15m
17:48 KSA · REGULAR · signal     · META · orb ▼ 73 · 15m
17:48 KSA · REGULAR · signal     · TSLA · sqzExp ▼ 85 · 1h
17:48 KSA · REGULAR · scanner    · بدء المسح · 50 رمزاً · الجلسة REGULAR
17:48 KSA · REGULAR · scanner    · ساعة التأكيد مثبَّتة على شمعة 14:30Z (من cbar)
17:50 KSA · REGULAR · scanner    · بدء المسح · 50 رمزاً · الجلسة REGULAR
17:50 KSA · REGULAR · scanner    · ساعة التأكيد مثبَّتة على شمعة 14:30Z (من cbar)
17:50 KSA · REGULAR · scanner    · بدء المسح · 50 رمزاً · الجلسة REGULAR
17:50 KSA · REGULAR · scanner    · ساعة التأكيد مثبَّتة على شمعة 14:30Z (من cbar)
17:52 KSA · REGULAR · scanner    · بدء المسح · 50 رمزاً · الجلسة REGULAR
17:52 KSA · REGULAR · scanner    · ساعة التأكيد مثبَّتة على شمعة 14:30Z (من cbar)
17:54 KSA · REGULAR · scanner    · بدء المسح · 50 رمزاً · الجلسة REGULAR
17:54 KSA · REGULAR · scanner    · ساعة التأكيد مثبَّتة على شمعة 14:30Z (من cbar)
17:56 KSA · REGULAR · scanner    · بدء المسح · 50 رمزاً · الجلسة REGULAR
17:56 KSA · REGULAR · scanner    · ساعة التأكيد مثبَّتة على شمعة 14:30Z (من cbar)
17:58 KSA · REGULAR · scanner    · بدء المسح · 50 رمزاً · الجلسة REGULAR
17:58 KSA · REGULAR · scanner    · ساعة التأكيد مثبَّتة على شمعة 14:30Z (من cbar)
18:00 KSA · REGULAR · scanner    · بدء المسح · 50 رمزاً · الجلسة REGULAR
18:00 KSA · REGULAR · scanner    · ساعة التأكيد مثبَّتة على شمعة 14:30Z (من cbar)
18:02 KSA · REGULAR · scanner    · بدء المسح · 50 رمزاً · الجلسة REGULAR
18:02 KSA · REGULAR · scanner    · ساعة التأكيد مثبَّتة على شمعة 14:30Z (من cbar)
18:03 KSA · REGULAR · scanner    · بدء المسح · 50 رمزاً · الجلسة REGULAR
18:03 KSA · REGULAR · scanner    · ساعة التأكيد مثبَّتة على شمعة 14:45Z (من cbar)
18:03 KSA · REGULAR · signal     · AAPL · vwapRec ▲ 75 · 15m
18:03 KSA · REGULAR · signal     · LLY · brk ▼ 66 · 15m
18:03 KSA · REGULAR · signal     · CSCO · vwapRec ▲ 63 · 15m
18:03 KSA · REGULAR · signal     · KLAC · rsiDiv ▼ 89 · 15m
18:04 KSA · REGULAR · scanner    · بدء المسح · 50 رمزاً · الجلسة REGULAR
18:04 KSA · REGULAR · scanner    · ساعة التأكيد مثبَّتة على شمعة 14:45Z (من cbar)
18:06 KSA · REGULAR · scanner    · بدء المسح · 50 رمزاً · الجلسة REGULAR
18:06 KSA · REGULAR · scanner    · ساعة التأكيد مثبَّتة على شمعة 14:45Z (من cbar)
18:08 KSA · REGULAR · scanner    · بدء المسح · 50 رمزاً · الجلسة REGULAR
18:08 KSA · REGULAR · scanner    · ساعة التأكيد مثبَّتة على شمعة 14:45Z (من cbar)
18:10 KSA · REGULAR · scanner    · بدء المسح · 50 رمزاً · الجلسة REGULAR
18:10 KSA · REGULAR · scanner    · ساعة التأكيد مثبَّتة على شمعة 14:45Z (من cbar)
18:12 KSA · REGULAR · scanner    · بدء المسح · 50 رمزاً · الجلسة REGULAR
18:12 KSA · REGULAR · scanner    · ساعة التأكيد مثبَّتة على شمعة 14:45Z (من cbar)
18:14 KSA · REGULAR · scanner    · بدء المسح · 50 رمزاً · الجلسة REGULAR
18:14 KSA · REGULAR · scanner    · ساعة التأكيد مثبَّتة على شمعة 14:45Z (من cbar)
18:16 KSA · REGULAR · scanner    · بدء المسح · 50 رمزاً · الجلسة REGULAR
18:16 KSA · REGULAR · scanner    · ساعة التأكيد مثبَّتة على شمعة 14:45Z (من cbar)
18:18 KSA · REGULAR · scanner    · بدء المسح · 50 رمزاً · الجلسة REGULAR
18:18 KSA · REGULAR · scanner    · ساعة التأكيد مثبَّتة على شمعة 15:00Z (من cbar)
18:18 KSA · REGULAR · signal     · AMZN · vwapRec ▼ 75 · 15m
18:18 KSA · REGULAR · scanner    · بدء المسح · 50 رمزاً · الجلسة REGULAR
18:18 KSA · REGULAR · scanner    · ساعة التأكيد مثبَّتة على شمعة 15:00Z (من cbar)
18:20 KSA · REGULAR · scanner    · بدء المسح · 50 رمزاً · الجلسة REGULAR
18:20 KSA · REGULAR · scanner    · ساعة التأكيد مثبَّتة على شمعة 15:00Z (من cbar)
18:20 KSA · REGULAR · scanner    · بدء المسح · 50 رمزاً · الجلسة REGULAR
18:20 KSA · REGULAR · scanner    · ساعة التأكيد مثبَّتة على شمعة 15:00Z (من cbar)
18:22 KSA · REGULAR · scanner    · بدء المسح · 50 رمزاً · الجلسة REGULAR
18:22 KSA · REGULAR · scanner    · ساعة التأكيد مثبَّتة على شمعة 15:00Z (من cbar)
18:24 KSA · REGULAR · scanner    · بدء المسح · 50 رمزاً · الجلسة REGULAR
18:24 KSA · REGULAR · scanner    · ساعة التأكيد مثبَّتة على شمعة 15:00Z (من cbar)
18:26 KSA · REGULAR · scanner    · بدء المسح · 50 رمزاً · الجلسة REGULAR
18:26 KSA · REGULAR · scanner    · ساعة التأكيد مثبَّتة على شمعة 15:00Z (من cbar)
18:28 KSA · REGULAR · scanner    · بدء المسح · 50 رمزاً · الجلسة REGULAR
18:28 KSA · REGULAR · scanner    · ساعة التأكيد مثبَّتة على شمعة 15:00Z (من cbar)
18:30 KSA · REGULAR · scanner    · بدء المسح · 50 رمزاً · الجلسة REGULAR
18:30 KSA · REGULAR · scanner    · ساعة التأكيد مثبَّتة على شمعة 15:00Z (من cbar)
18:32 KSA · REGULAR · scanner    · بدء المسح · 50 رمزاً · الجلسة REGULAR
18:32 KSA · REGULAR · scanner    · ساعة التأكيد مثبَّتة على شمعة 15:00Z (من cbar)
18:33 KSA · REGULAR · scanner    · بدء المسح · 50 رمزاً · الجلسة REGULAR
18:33 KSA · REGULAR · scanner    · ساعة التأكيد مثبَّتة على شمعة 15:15Z (من cbar)
18:33 KSA · REGULAR · signal     · PANW · vwapRec ▲ 85 · 15m
18:33 KSA · REGULAR · signal     · CRWD · pbTrend ▲ 81 · 1h
18:33 KSA · REGULAR · signal     · QCOM · momo ▲ 78 · 1h
18:33 KSA · REGULAR · signal     · CRDO · momo ▲ 72 · 1h
18:34 KSA · REGULAR · scanner    · بدء المسح · 50 رمزاً · الجلسة REGULAR
18:34 KSA · REGULAR · scanner    · ساعة التأكيد مثبَّتة على شمعة 15:15Z (من cbar)
18:36 KSA · REGULAR · scanner    · بدء المسح · 50 رمزاً · الجلسة REGULAR
18:36 KSA · REGULAR · scanner    · ساعة التأكيد مثبَّتة على شمعة 15:15Z (من cbar)
18:38 KSA · REGULAR · scanner    · بدء المسح · 50 رمزاً · الجلسة REGULAR
18:38 KSA · REGULAR · scanner    · ساعة التأكيد مثبَّتة على شمعة 15:15Z (من cbar)
18:40 KSA · REGULAR · scanner    · بدء المسح · 50 رمزاً · الجلسة REGULAR
18:40 KSA · REGULAR · scanner    · ساعة التأكيد مثبَّتة على شمعة 15:15Z (من cbar)
18:42 KSA · REGULAR · scanner    · بدء المسح · 50 رمزاً · الجلسة REGULAR
18:42 KSA · REGULAR · scanner    · ساعة التأكيد مثبَّتة على شمعة 15:15Z (من cbar)
18:44 KSA · REGULAR · scanner    · بدء المسح · 50 رمزاً · الجلسة REGULAR
18:44 KSA · REGULAR · scanner    · ساعة التأكيد مثبَّتة على شمعة 15:15Z (من cbar)
18:46 KSA · REGULAR · scanner    · بدء المسح · 50 رمزاً · الجلسة REGULAR
18:46 KSA · REGULAR · scanner    · ساعة التأكيد مثبَّتة على شمعة 15:15Z (من cbar)
18:48 KSA · REGULAR · scanner    · بدء المسح · 50 رمزاً · الجلسة REGULAR
18:48 KSA · REGULAR · scanner    · ساعة التأكيد مثبَّتة على شمعة 15:30Z (من cbar)
18:48 KSA · REGULAR · signal     · ANET · orb ▼ 63 · 15m
18:48 KSA · REGULAR · signal     · MSTR · orb ▼ 75 · 15m
18:48 KSA · REGULAR · scanner    · بدء المسح · 50 رمزاً · الجلسة REGULAR
18:48 KSA · REGULAR · scanner    · ساعة التأكيد مثبَّتة على شمعة 15:30Z (من cbar)
18:50 KSA · REGULAR · scanner    · بدء المسح · 50 رمزاً · الجلسة REGULAR
18:50 KSA · REGULAR · scanner    · ساعة التأكيد مثبَّتة على شمعة 15:30Z (من cbar)
18:50 KSA · REGULAR · scanner    · بدء المسح · 50 رمزاً · الجلسة REGULAR
18:50 KSA · REGULAR · scanner    · ساعة التأكيد مثبَّتة على شمعة 15:30Z (من cbar)
18:52 KSA · REGULAR · scanner    · بدء المسح · 50 رمزاً · الجلسة REGULAR
18:52 KSA · REGULAR · scanner    · ساعة التأكيد مثبَّتة على شمعة 15:30Z (من cbar)
18:54 KSA · REGULAR · scanner    · بدء المسح · 50 رمزاً · الجلسة REGULAR
18:54 KSA · REGULAR · scanner    · ساعة التأكيد مثبَّتة على شمعة 15:30Z (من cbar)
18:56 KSA · REGULAR · scanner    · بدء المسح · 50 رمزاً · الجلسة REGULAR
18:56 KSA · REGULAR · scanner    · ساعة التأكيد مثبَّتة على شمعة 15:30Z (من cbar)
18:58 KSA · REGULAR · scanner    · بدء المسح · 50 رمزاً · الجلسة REGULAR
18:58 KSA · REGULAR · scanner    · ساعة التأكيد مثبَّتة على شمعة 15:30Z (من cbar)
19:00 KSA · REGULAR · scanner    · بدء المسح · 50 رمزاً · الجلسة REGULAR
19:00 KSA · REGULAR · scanner    · ساعة التأكيد مثبَّتة على شمعة 15:30Z (من cbar)
19:02 KSA · REGULAR · scanner    · بدء المسح · 50 رمزاً · الجلسة REGULAR
19:02 KSA · REGULAR · scanner    · ساعة التأكيد مثبَّتة على شمعة 15:30Z (من cbar)
19:03 KSA · REGULAR · scanner    · بدء المسح · 50 رمزاً · الجلسة REGULAR
19:03 KSA · REGULAR · scanner    · ساعة التأكيد مثبَّتة على شمعة 15:45Z (من cbar)
19:03 KSA · REGULAR · signal     · ALAB · meanRev ▼ 63 · 15m
19:03 KSA · REGULAR · signal     · FSLR · orb ▲ 73 · 15m
19:04 KSA · REGULAR · scanner    · بدء المسح · 50 رمزاً · الجلسة REGULAR
19:04 KSA · REGULAR · scanner    · ساعة التأكيد مثبَّتة على شمعة 15:45Z (من cbar)
19:06 KSA · REGULAR · scanner    · بدء المسح · 50 رمزاً · الجلسة REGULAR
19:06 KSA · REGULAR · scanner    · ساعة التأكيد مثبَّتة على شمعة 15:45Z (من cbar)
19:08 KSA · REGULAR · scanner    · بدء المسح · 50 رمزاً · الجلسة REGULAR
19:08 KSA · REGULAR · scanner    · ساعة التأكيد مثبَّتة على شمعة 15:45Z (من cbar)
19:10 KSA · REGULAR · scanner    · بدء المسح · 50 رمزاً · الجلسة REGULAR
19:10 KSA · REGULAR · scanner    · ساعة التأكيد مثبَّتة على شمعة 15:45Z (من cbar)
19:12 KSA · REGULAR · scanner    · بدء المسح · 50 رمزاً · الجلسة REGULAR
19:12 KSA · REGULAR · scanner    · ساعة التأكيد مثبَّتة على شمعة 15:45Z (من cbar)
19:14 KSA · REGULAR · scanner    · بدء المسح · 50 رمزاً · الجلسة REGULAR
19:14 KSA · REGULAR · scanner    · ساعة التأكيد مثبَّتة على شمعة 15:45Z (من cbar)
19:16 KSA · REGULAR · scanner    · بدء المسح · 50 رمزاً · الجلسة REGULAR
19:16 KSA · REGULAR · scanner    · ساعة التأكيد مثبَّتة على شمعة 15:45Z (من cbar)
19:18 KSA · REGULAR · scanner    · بدء المسح · 50 رمزاً · الجلسة REGULAR
19:18 KSA · REGULAR · scanner    · ساعة التأكيد مثبَّتة على شمعة 16:00Z (من cbar)
19:18 KSA · REGULAR · signal     · GOOGL · meanRev ▼ 60 · 15m
19:18 KSA · REGULAR · signal     · AMZN · brk ▲ 57 · 15m
19:18 KSA · REGULAR · signal     · WMT · orb ▲ 63 · 15m
19:18 KSA · REGULAR · signal     · PANW · vwapRec ▲ 78 · 15m
19:18 KSA · REGULAR · signal     · ALAB · orb ▲ 93 · 15m
19:18 KSA · REGULAR · signal     · ALAB · brk ▲ 82 · 15m
19:18 KSA · REGULAR · signal     · CRDO · vwapRec ▼ 75 · 15m
19:18 KSA · REGULAR · scanner    · بدء المسح · 50 رمزاً · الجلسة REGULAR
19:18 KSA · REGULAR · scanner    · ساعة التأكيد مثبَّتة على شمعة 16:00Z (من cbar)
19:20 KSA · REGULAR · scanner    · بدء المسح · 50 رمزاً · الجلسة REGULAR
19:20 KSA · REGULAR · scanner    · ساعة التأكيد مثبَّتة على شمعة 16:00Z (من cbar)
19:20 KSA · REGULAR · scanner    · بدء المسح · 50 رمزاً · الجلسة REGULAR
19:20 KSA · REGULAR · scanner    · ساعة التأكيد مثبَّتة على شمعة 16:00Z (من cbar)
19:22 KSA · REGULAR · scanner    · بدء المسح · 50 رمزاً · الجلسة REGULAR
19:22 KSA · REGULAR · scanner    · ساعة التأكيد مثبَّتة على شمعة 16:00Z (من cbar)
19:24 KSA · REGULAR · scanner    · بدء المسح · 50 رمزاً · الجلسة REGULAR
19:24 KSA · REGULAR · scanner    · ساعة التأكيد مثبَّتة على شمعة 16:00Z (من cbar)
19:26 KSA · REGULAR · scanner    · بدء المسح · 50 رمزاً · الجلسة REGULAR
19:26 KSA · REGULAR · scanner    · ساعة التأكيد مثبَّتة على شمعة 16:00Z (من cbar)
19:28 KSA · REGULAR · scanner    · بدء المسح · 50 رمزاً · الجلسة REGULAR
19:28 KSA · REGULAR · scanner    · ساعة التأكيد مثبَّتة على شمعة 16:00Z (من cbar)
19:30 KSA · REGULAR · scanner    · بدء المسح · 50 رمزاً · الجلسة REGULAR
19:30 KSA · REGULAR · scanner    · ساعة التأكيد مثبَّتة على شمعة 16:00Z (من cbar)
19:32 KSA · REGULAR · scanner    · بدء المسح · 50 رمزاً · الجلسة REGULAR
19:32 KSA · REGULAR · scanner    · ساعة التأكيد مثبَّتة على شمعة 16:00Z (من cbar)
19:33 KSA · REGULAR · scanner    · بدء المسح · 50 رمزاً · الجلسة REGULAR
19:33 KSA · REGULAR · scanner    · ساعة التأكيد مثبَّتة على شمعة 16:15Z (من cbar)
19:33 KSA · REGULAR · signal     · COST · momo ▲ 78 · 1h
19:33 KSA · REGULAR · signal     · DELL · brk ▲ 77 · 15m
19:33 KSA · REGULAR · signal     · MRVL · brk ▲ 89 · 15m
19:33 KSA · REGULAR · signal     · SNPS · pbTrend ▼ 69 · 1h
19:33 KSA · REGULAR · signal     · CRWV · momo ▼ 56 · 1h
19:33 KSA · REGULAR · signal     · CRDO · orb ▲ 93 · 15m
19:33 KSA · REGULAR · signal     · CRDO · brk ▲ 86 · 15m
19:34 KSA · REGULAR · scanner    · بدء المسح · 50 رمزاً · الجلسة REGULAR
19:34 KSA · REGULAR · scanner    · ساعة التأكيد مثبَّتة على شمعة 16:15Z (من cbar)
19:36 KSA · REGULAR · scanner    · بدء المسح · 50 رمزاً · الجلسة REGULAR
19:36 KSA · REGULAR · scanner    · ساعة التأكيد مثبَّتة على شمعة 16:15Z (من cbar)
19:38 KSA · REGULAR · scanner    · بدء المسح · 50 رمزاً · الجلسة REGULAR
19:38 KSA · REGULAR · scanner    · ساعة التأكيد مثبَّتة على شمعة 16:15Z (من cbar)
19:40 KSA · REGULAR · scanner    · بدء المسح · 50 رمزاً · الجلسة REGULAR
19:40 KSA · REGULAR · scanner    · ساعة التأكيد مثبَّتة على شمعة 16:15Z (من cbar)
19:42 KSA · REGULAR · scanner    · بدء المسح · 50 رمزاً · الجلسة REGULAR
19:42 KSA · REGULAR · scanner    · ساعة التأكيد مثبَّتة على شمعة 16:15Z (من cbar)
19:44 KSA · REGULAR · scanner    · بدء المسح · 50 رمزاً · الجلسة REGULAR
19:44 KSA · REGULAR · scanner    · ساعة التأكيد مثبَّتة على شمعة 16:15Z (من cbar)
19:46 KSA · REGULAR · scanner    · بدء المسح · 50 رمزاً · الجلسة REGULAR
19:46 KSA · REGULAR · scanner    · ساعة التأكيد مثبَّتة على شمعة 16:15Z (من cbar)
19:48 KSA · REGULAR · scanner    · بدء المسح · 50 رمزاً · الجلسة REGULAR
19:48 KSA · REGULAR · scanner    · ساعة التأكيد مثبَّتة على شمعة 16:30Z (من cbar)
19:48 KSA · REGULAR · signal     · LRCX · momo ▲ 83 · 1h
19:48 KSA · REGULAR · signal     · DELL · sqzExp ▲ 75 · 1h
19:48 KSA · REGULAR · signal     · NBIS · tfAlign ▲ 84 · 1d
19:48 KSA · REGULAR · scanner    · بدء المسح · 50 رمزاً · الجلسة REGULAR
19:48 KSA · REGULAR · scanner    · ساعة التأكيد مثبَّتة على شمعة 16:30Z (من cbar)
19:50 KSA · REGULAR · scanner    · بدء المسح · 50 رمزاً · الجلسة REGULAR
19:50 KSA · REGULAR · scanner    · ساعة التأكيد مثبَّتة على شمعة 16:30Z (من cbar)
19:50 KSA · REGULAR · scanner    · بدء المسح · 50 رمزاً · الجلسة REGULAR
19:50 KSA · REGULAR · scanner    · ساعة التأكيد مثبَّتة على شمعة 16:30Z (من cbar)
19:52 KSA · REGULAR · scanner    · بدء المسح · 50 رمزاً · الجلسة REGULAR
19:52 KSA · REGULAR · scanner    · ساعة التأكيد مثبَّتة على شمعة 16:30Z (من cbar)
19:54 KSA · REGULAR · scanner    · بدء المسح · 50 رمزاً · الجلسة REGULAR
19:54 KSA · REGULAR · scanner    · ساعة التأكيد مثبَّتة على شمعة 16:30Z (من cbar)
19:56 KSA · REGULAR · scanner    · بدء المسح · 50 رمزاً · الجلسة REGULAR
19:56 KSA · REGULAR · scanner    · ساعة التأكيد مثبَّتة على شمعة 16:30Z (من cbar)
19:58 KSA · REGULAR · scanner    · بدء المسح · 50 رمزاً · الجلسة REGULAR
19:58 KSA · REGULAR · scanner    · ساعة التأكيد مثبَّتة على شمعة 16:30Z (من cbar)
20:00 KSA · REGULAR · scanner    · بدء المسح · 50 رمزاً · الجلسة REGULAR
20:00 KSA · REGULAR · scanner    · ساعة التأكيد مثبَّتة على شمعة 16:30Z (من cbar)
20:02 KSA · REGULAR · scanner    · بدء المسح · 50 رمزاً · الجلسة REGULAR
20:02 KSA · REGULAR · scanner    · ساعة التأكيد مثبَّتة على شمعة 16:30Z (من cbar)
20:03 KSA · REGULAR · scanner    · بدء المسح · 50 رمزاً · الجلسة REGULAR
20:03 KSA · REGULAR · scanner    · ساعة التأكيد مثبَّتة على شمعة 16:45Z (من cbar)
20:04 KSA · REGULAR · scanner    · بدء المسح · 50 رمزاً · الجلسة REGULAR
20:04 KSA · REGULAR · scanner    · ساعة التأكيد مثبَّتة على شمعة 16:45Z (من cbar)
20:06 KSA · REGULAR · scanner    · بدء المسح · 50 رمزاً · الجلسة REGULAR
20:06 KSA · REGULAR · scanner    · ساعة التأكيد مثبَّتة على شمعة 16:45Z (من cbar)
20:08 KSA · REGULAR · scanner    · بدء المسح · 50 رمزاً · الجلسة REGULAR
20:08 KSA · REGULAR · scanner    · ساعة التأكيد مثبَّتة على شمعة 16:45Z (من cbar)
20:10 KSA · REGULAR · scanner    · بدء المسح · 50 رمزاً · الجلسة REGULAR
20:10 KSA · REGULAR · scanner    · ساعة التأكيد مثبَّتة على شمعة 16:45Z (من cbar)
20:12 KSA · REGULAR · scanner    · بدء المسح · 50 رمزاً · الجلسة REGULAR
20:12 KSA · REGULAR · scanner    · ساعة التأكيد مثبَّتة على شمعة 16:45Z (من cbar)
20:14 KSA · REGULAR · scanner    · بدء المسح · 50 رمزاً · الجلسة REGULAR
20:14 KSA · REGULAR · scanner    · ساعة التأكيد مثبَّتة على شمعة 16:45Z (من cbar)
20:16 KSA · REGULAR · scanner    · بدء المسح · 50 رمزاً · الجلسة REGULAR
20:16 KSA · REGULAR · scanner    · ساعة التأكيد مثبَّتة على شمعة 16:45Z (من cbar)
20:18 KSA · REGULAR · scanner    · بدء المسح · 50 رمزاً · الجلسة REGULAR
20:18 KSA · REGULAR · scanner    · ساعة التأكيد مثبَّتة على شمعة 17:00Z (من cbar)
20:18 KSA · REGULAR · scanner    · بدء المسح · 50 رمزاً · الجلسة REGULAR
20:18 KSA · REGULAR · scanner    · ساعة التأكيد مثبَّتة على شمعة 17:00Z (من cbar)
20:20 KSA · REGULAR · scanner    · بدء المسح · 50 رمزاً · الجلسة REGULAR
20:20 KSA · REGULAR · scanner    · ساعة التأكيد مثبَّتة على شمعة 17:00Z (من cbar)
20:20 KSA · REGULAR · scanner    · بدء المسح · 50 رمزاً · الجلسة REGULAR
20:20 KSA · REGULAR · scanner    · ساعة التأكيد مثبَّتة على شمعة 17:00Z (من cbar)
20:22 KSA · REGULAR · scanner    · بدء المسح · 50 رمزاً · الجلسة REGULAR
20:22 KSA · REGULAR · scanner    · ساعة التأكيد مثبَّتة على شمعة 17:00Z (من cbar)
20:24 KSA · REGULAR · scanner    · بدء المسح · 50 رمزاً · الجلسة REGULAR
20:24 KSA · REGULAR · scanner    · ساعة التأكيد مثبَّتة على شمعة 17:00Z (من cbar)
20:26 KSA · REGULAR · scanner    · بدء المسح · 50 رمزاً · الجلسة REGULAR
20:26 KSA · REGULAR · scanner    · ساعة التأكيد مثبَّتة على شمعة 17:00Z (من cbar)
20:28 KSA · REGULAR · scanner    · بدء المسح · 50 رمزاً · الجلسة REGULAR
20:28 KSA · REGULAR · scanner    · ساعة التأكيد مثبَّتة على شمعة 17:00Z (من cbar)
20:30 KSA · REGULAR · scanner    · بدء المسح · 50 رمزاً · الجلسة REGULAR
20:30 KSA · REGULAR · scanner    · ساعة التأكيد مثبَّتة على شمعة 17:00Z (من cbar)
20:32 KSA · REGULAR · scanner    · بدء المسح · 50 رمزاً · الجلسة REGULAR
20:32 KSA · REGULAR · scanner    · ساعة التأكيد مثبَّتة على شمعة 17:00Z (من cbar)
20:33 KSA · REGULAR · scanner    · بدء المسح · 50 رمزاً · الجلسة REGULAR
20:33 KSA · REGULAR · scanner    · ساعة التأكيد مثبَّتة على شمعة 17:15Z (من cbar)
20:33 KSA · REGULAR · signal     · AMZN · orb ▲ 65 · 15m
20:33 KSA · REGULAR · signal     · TSM · rsiDiv ▼ 67 · 1h
20:33 KSA · REGULAR · signal     · INTC · vwapRec ▼ 60 · 15m
20:33 KSA · REGULAR · signal     · CRDO · tfAlign ▲ 95 · 1d
20:34 KSA · REGULAR · scanner    · بدء المسح · 50 رمزاً · الجلسة REGULAR
20:34 KSA · REGULAR · scanner    · ساعة التأكيد مثبَّتة على شمعة 17:15Z (من cbar)
20:36 KSA · REGULAR · scanner    · بدء المسح · 50 رمزاً · الجلسة REGULAR
20:36 KSA · REGULAR · scanner    · ساعة التأكيد مثبَّتة على شمعة 17:15Z (من cbar)
20:38 KSA · REGULAR · scanner    · بدء المسح · 50 رمزاً · الجلسة REGULAR
20:38 KSA · REGULAR · scanner    · ساعة التأكيد مثبَّتة على شمعة 17:15Z (من cbar)
20:40 KSA · REGULAR · scanner    · بدء المسح · 50 رمزاً · الجلسة REGULAR
20:40 KSA · REGULAR · scanner    · ساعة التأكيد مثبَّتة على شمعة 17:15Z (من cbar)
20:42 KSA · REGULAR · scanner    · بدء المسح · 50 رمزاً · الجلسة REGULAR
20:42 KSA · REGULAR · scanner    · ساعة التأكيد مثبَّتة على شمعة 17:15Z (من cbar)
20:44 KSA · REGULAR · scanner    · بدء المسح · 50 رمزاً · الجلسة REGULAR
20:44 KSA · REGULAR · scanner    · ساعة التأكيد مثبَّتة على شمعة 17:15Z (من cbar)
20:46 KSA · REGULAR · scanner    · بدء المسح · 50 رمزاً · الجلسة REGULAR
20:46 KSA · REGULAR · scanner    · ساعة التأكيد مثبَّتة على شمعة 17:15Z (من cbar)
20:48 KSA · REGULAR · scanner    · بدء المسح · 50 رمزاً · الجلسة REGULAR
20:48 KSA · REGULAR · scanner    · ساعة التأكيد مثبَّتة على شمعة 17:15Z (من cbar)
20:48 KSA · REGULAR · scanner    · بدء المسح · 50 رمزاً · الجلسة REGULAR
20:48 KSA · REGULAR · scanner    · ساعة التأكيد مثبَّتة على شمعة 17:30Z (من cbar)
20:48 KSA · REGULAR · signal     · MSFT · rsiDiv ▼ 89 · 15m
20:48 KSA · REGULAR · signal     · SNDK · tfAlign ▲ 79 · 1d
20:50 KSA · REGULAR · scanner    · بدء المسح · 50 رمزاً · الجلسة REGULAR
20:50 KSA · REGULAR · scanner    · ساعة التأكيد مثبَّتة على شمعة 17:30Z (من cbar)
20:50 KSA · REGULAR · scanner    · بدء المسح · 50 رمزاً · الجلسة REGULAR
20:50 KSA · REGULAR · scanner    · ساعة التأكيد مثبَّتة على شمعة 17:30Z (من cbar)
20:52 KSA · REGULAR · scanner    · بدء المسح · 50 رمزاً · الجلسة REGULAR
20:52 KSA · REGULAR · scanner    · ساعة التأكيد مثبَّتة على شمعة 17:30Z (من cbar)
20:54 KSA · REGULAR · scanner    · بدء المسح · 50 رمزاً · الجلسة REGULAR
20:54 KSA · REGULAR · scanner    · ساعة التأكيد مثبَّتة على شمعة 17:30Z (من cbar)
20:56 KSA · REGULAR · scanner    · بدء المسح · 50 رمزاً · الجلسة REGULAR
20:56 KSA · REGULAR · scanner    · ساعة التأكيد مثبَّتة على شمعة 17:30Z (من cbar)
20:58 KSA · REGULAR · scanner    · بدء المسح · 50 رمزاً · الجلسة REGULAR
20:58 KSA · REGULAR · scanner    · ساعة التأكيد مثبَّتة على شمعة 17:30Z (من cbar)
21:00 KSA · REGULAR · scanner    · بدء المسح · 50 رمزاً · الجلسة REGULAR
21:00 KSA · REGULAR · scanner    · ساعة التأكيد مثبَّتة على شمعة 17:30Z (من cbar)
21:02 KSA · REGULAR · scanner    · بدء المسح · 50 رمزاً · الجلسة REGULAR
21:02 KSA · REGULAR · scanner    · ساعة التأكيد مثبَّتة على شمعة 17:30Z (من cbar)
21:03 KSA · REGULAR · scanner    · بدء المسح · 50 رمزاً · الجلسة REGULAR
21:03 KSA · REGULAR · scanner    · ساعة التأكيد مثبَّتة على شمعة 17:45Z (من cbar)
21:04 KSA · REGULAR · scanner    · بدء المسح · 50 رمزاً · الجلسة REGULAR
21:04 KSA · REGULAR · scanner    · ساعة التأكيد مثبَّتة على شمعة 17:45Z (من cbar)
21:06 KSA · REGULAR · scanner    · بدء المسح · 50 رمزاً · الجلسة REGULAR
21:06 KSA · REGULAR · scanner    · ساعة التأكيد مثبَّتة على شمعة 17:45Z (من cbar)
21:08 KSA · REGULAR · scanner    · بدء المسح · 50 رمزاً · الجلسة REGULAR
21:08 KSA · REGULAR · scanner    · ساعة التأكيد مثبَّتة على شمعة 17:45Z (من cbar)
21:10 KSA · REGULAR · scanner    · بدء المسح · 50 رمزاً · الجلسة REGULAR
21:10 KSA · REGULAR · scanner    · ساعة التأكيد مثبَّتة على شمعة 17:45Z (من cbar)
21:12 KSA · REGULAR · scanner    · بدء المسح · 50 رمزاً · الجلسة REGULAR
21:12 KSA · REGULAR · scanner    · ساعة التأكيد مثبَّتة على شمعة 17:45Z (من cbar)
21:14 KSA · REGULAR · scanner    · بدء المسح · 50 رمزاً · الجلسة REGULAR
21:14 KSA · REGULAR · scanner    · ساعة التأكيد مثبَّتة على شمعة 17:45Z (من cbar)
21:16 KSA · REGULAR · scanner    · بدء المسح · 50 رمزاً · الجلسة REGULAR
21:16 KSA · REGULAR · scanner    · ساعة التأكيد مثبَّتة على شمعة 17:45Z (من cbar)
21:18 KSA · REGULAR · scanner    · بدء المسح · 50 رمزاً · الجلسة REGULAR
21:18 KSA · REGULAR · scanner    · ساعة التأكيد مثبَّتة على شمعة 17:45Z (من cbar)
21:18 KSA · REGULAR · scanner    · بدء المسح · 50 رمزاً · الجلسة REGULAR
21:18 KSA · REGULAR · scanner    · ساعة التأكيد مثبَّتة على شمعة 18:00Z (من cbar)
21:18 KSA · REGULAR · signal     · MSFT · orb ▲ 65 · 15m
21:18 KSA · REGULAR · signal     · MRK · vwapRec ▲ 70 · 15m
21:20 KSA · REGULAR · scanner    · بدء المسح · 50 رمزاً · الجلسة REGULAR
21:20 KSA · REGULAR · scanner    · ساعة التأكيد مثبَّتة على شمعة 18:00Z (من cbar)
21:21 KSA · REGULAR · scanner    · بدء المسح · 50 رمزاً · الجلسة REGULAR
21:21 KSA · REGULAR · scanner    · ساعة التأكيد مثبَّتة على شمعة 18:00Z (من cbar)
21:22 KSA · REGULAR · scanner    · بدء المسح · 50 رمزاً · الجلسة REGULAR
21:22 KSA · REGULAR · scanner    · ساعة التأكيد مثبَّتة على شمعة 18:00Z (من cbar)
21:24 KSA · REGULAR · scanner    · بدء المسح · 50 رمزاً · الجلسة REGULAR
21:24 KSA · REGULAR · scanner    · ساعة التأكيد مثبَّتة على شمعة 18:00Z (من cbar)
21:26 KSA · REGULAR · scanner    · بدء المسح · 50 رمزاً · الجلسة REGULAR
21:26 KSA · REGULAR · scanner    · ساعة التأكيد مثبَّتة على شمعة 18:00Z (من cbar)
21:28 KSA · REGULAR · scanner    · بدء المسح · 50 رمزاً · الجلسة REGULAR
21:28 KSA · REGULAR · scanner    · ساعة التأكيد مثبَّتة على شمعة 18:00Z (من cbar)
21:30 KSA · REGULAR · scanner    · بدء المسح · 50 رمزاً · الجلسة REGULAR
21:30 KSA · REGULAR · scanner    · ساعة التأكيد مثبَّتة على شمعة 18:00Z (من cbar)
21:32 KSA · REGULAR · scanner    · بدء المسح · 50 رمزاً · الجلسة REGULAR
21:32 KSA · REGULAR · scanner    · ساعة التأكيد مثبَّتة على شمعة 18:00Z (من cbar)
21:33 KSA · REGULAR · scanner    · بدء المسح · 50 رمزاً · الجلسة REGULAR
21:33 KSA · REGULAR · scanner    · ساعة التأكيد مثبَّتة على شمعة 18:15Z (من cbar)
21:33 KSA · REGULAR · signal     · AAPL · momo ▲ 81 · 1h
21:33 KSA · REGULAR · signal     · RDDT · orb ▼ 65 · 15m
21:34 KSA · REGULAR · scanner    · بدء المسح · 50 رمزاً · الجلسة REGULAR
21:34 KSA · REGULAR · scanner    · ساعة التأكيد مثبَّتة على شمعة 18:15Z (من cbar)
21:36 KSA · REGULAR · scanner    · بدء المسح · 50 رمزاً · الجلسة REGULAR
21:36 KSA · REGULAR · scanner    · ساعة التأكيد مثبَّتة على شمعة 18:15Z (من cbar)
21:38 KSA · REGULAR · scanner    · بدء المسح · 50 رمزاً · الجلسة REGULAR
21:38 KSA · REGULAR · scanner    · ساعة التأكيد مثبَّتة على شمعة 18:15Z (من cbar)
21:40 KSA · REGULAR · scanner    · بدء المسح · 50 رمزاً · الجلسة REGULAR
21:40 KSA · REGULAR · scanner    · ساعة التأكيد مثبَّتة على شمعة 18:15Z (من cbar)
21:42 KSA · REGULAR · scanner    · بدء المسح · 50 رمزاً · الجلسة REGULAR
21:42 KSA · REGULAR · scanner    · ساعة التأكيد مثبَّتة على شمعة 18:15Z (من cbar)
21:44 KSA · REGULAR · scanner    · بدء المسح · 50 رمزاً · الجلسة REGULAR
21:44 KSA · REGULAR · scanner    · ساعة التأكيد مثبَّتة على شمعة 18:15Z (من cbar)
21:46 KSA · REGULAR · scanner    · بدء المسح · 50 رمزاً · الجلسة REGULAR
21:46 KSA · REGULAR · scanner    · ساعة التأكيد مثبَّتة على شمعة 18:15Z (من cbar)
21:48 KSA · REGULAR · scanner    · بدء المسح · 50 رمزاً · الجلسة REGULAR
21:48 KSA · REGULAR · scanner    · ساعة التأكيد مثبَّتة على شمعة 18:15Z (من cbar)
21:48 KSA · REGULAR · scanner    · بدء المسح · 50 رمزاً · الجلسة REGULAR
21:48 KSA · REGULAR · scanner    · ساعة التأكيد مثبَّتة على شمعة 18:30Z (من cbar)
21:50 KSA · REGULAR · scanner    · بدء المسح · 50 رمزاً · الجلسة REGULAR
21:50 KSA · REGULAR · scanner    · ساعة التأكيد مثبَّتة على شمعة 18:30Z (من cbar)
21:51 KSA · REGULAR · scanner    · بدء المسح · 50 رمزاً · الجلسة REGULAR
21:51 KSA · REGULAR · scanner    · ساعة التأكيد مثبَّتة على شمعة 18:30Z (من cbar)
21:52 KSA · REGULAR · scanner    · بدء المسح · 50 رمزاً · الجلسة REGULAR
21:52 KSA · REGULAR · scanner    · ساعة التأكيد مثبَّتة على شمعة 18:30Z (من cbar)
21:54 KSA · REGULAR · scanner    · بدء المسح · 50 رمزاً · الجلسة REGULAR
21:54 KSA · REGULAR · scanner    · ساعة التأكيد مثبَّتة على شمعة 18:30Z (من cbar)
21:56 KSA · REGULAR · scanner    · بدء المسح · 50 رمزاً · الجلسة REGULAR
21:56 KSA · REGULAR · scanner    · ساعة التأكيد مثبَّتة على شمعة 18:30Z (من cbar)
21:58 KSA · REGULAR · scanner    · بدء المسح · 50 رمزاً · الجلسة REGULAR
21:58 KSA · REGULAR · scanner    · ساعة التأكيد مثبَّتة على شمعة 18:30Z (من cbar)
22:00 KSA · REGULAR · scanner    · بدء المسح · 50 رمزاً · الجلسة REGULAR
22:00 KSA · REGULAR · scanner    · ساعة التأكيد مثبَّتة على شمعة 18:30Z (من cbar)
22:02 KSA · REGULAR · scanner    · بدء المسح · 50 رمزاً · الجلسة REGULAR
22:02 KSA · REGULAR · scanner    · ساعة التأكيد مثبَّتة على شمعة 18:30Z (من cbar)
22:03 KSA · REGULAR · scanner    · بدء المسح · 50 رمزاً · الجلسة REGULAR
22:03 KSA · REGULAR · scanner    · ساعة التأكيد مثبَّتة على شمعة 18:45Z (من cbar)
22:03 KSA · REGULAR · signal     · TSM · volSpike ▲ 67 · 15m
22:03 KSA · REGULAR · signal     · ANET · orb ▼ 65 · 15m
22:04 KSA · REGULAR · scanner    · بدء المسح · 50 رمزاً · الجلسة REGULAR
22:04 KSA · REGULAR · scanner    · ساعة التأكيد مثبَّتة على شمعة 18:45Z (من cbar)
22:06 KSA · REGULAR · scanner    · بدء المسح · 50 رمزاً · الجلسة REGULAR
22:06 KSA · REGULAR · scanner    · ساعة التأكيد مثبَّتة على شمعة 18:45Z (من cbar)
22:08 KSA · REGULAR · scanner    · بدء المسح · 50 رمزاً · الجلسة REGULAR
22:08 KSA · REGULAR · scanner    · ساعة التأكيد مثبَّتة على شمعة 18:45Z (من cbar)
22:10 KSA · REGULAR · scanner    · بدء المسح · 50 رمزاً · الجلسة REGULAR
22:10 KSA · REGULAR · scanner    · ساعة التأكيد مثبَّتة على شمعة 18:45Z (من cbar)
22:12 KSA · REGULAR · scanner    · بدء المسح · 50 رمزاً · الجلسة REGULAR
22:12 KSA · REGULAR · scanner    · ساعة التأكيد مثبَّتة على شمعة 18:45Z (من cbar)
22:14 KSA · REGULAR · scanner    · بدء المسح · 50 رمزاً · الجلسة REGULAR
22:14 KSA · REGULAR · scanner    · ساعة التأكيد مثبَّتة على شمعة 18:45Z (من cbar)
22:16 KSA · REGULAR · scanner    · بدء المسح · 50 رمزاً · الجلسة REGULAR
22:16 KSA · REGULAR · scanner    · ساعة التأكيد مثبَّتة على شمعة 18:45Z (من cbar)
22:18 KSA · REGULAR · scanner    · بدء المسح · 50 رمزاً · الجلسة REGULAR
22:18 KSA · REGULAR · scanner    · ساعة التأكيد مثبَّتة على شمعة 19:00Z (من cbar)
22:18 KSA · REGULAR · signal     · CRWD · orb ▼ 68 · 15m
22:18 KSA · REGULAR · scanner    · بدء المسح · 50 رمزاً · الجلسة REGULAR
22:18 KSA · REGULAR · scanner    · ساعة التأكيد مثبَّتة على شمعة 19:00Z (من cbar)
22:20 KSA · REGULAR · scanner    · بدء المسح · 50 رمزاً · الجلسة REGULAR
22:20 KSA · REGULAR · scanner    · ساعة التأكيد مثبَّتة على شمعة 19:00Z (من cbar)
22:21 KSA · REGULAR · scanner    · بدء المسح · 50 رمزاً · الجلسة REGULAR
22:21 KSA · REGULAR · scanner    · ساعة التأكيد مثبَّتة على شمعة 19:00Z (من cbar)
22:22 KSA · REGULAR · scanner    · بدء المسح · 50 رمزاً · الجلسة REGULAR
22:22 KSA · REGULAR · scanner    · ساعة التأكيد مثبَّتة على شمعة 19:00Z (من cbar)
22:24 KSA · REGULAR · scanner    · بدء المسح · 50 رمزاً · الجلسة REGULAR
22:24 KSA · REGULAR · scanner    · ساعة التأكيد مثبَّتة على شمعة 19:00Z (من cbar)
22:26 KSA · REGULAR · scanner    · بدء المسح · 50 رمزاً · الجلسة REGULAR
22:26 KSA · REGULAR · scanner    · ساعة التأكيد مثبَّتة على شمعة 19:00Z (من cbar)
22:28 KSA · REGULAR · scanner    · بدء المسح · 50 رمزاً · الجلسة REGULAR
22:28 KSA · REGULAR · scanner    · ساعة التأكيد مثبَّتة على شمعة 19:00Z (من cbar)
22:30 KSA · REGULAR · scanner    · بدء المسح · 50 رمزاً · الجلسة REGULAR
22:30 KSA · REGULAR · scanner    · ساعة التأكيد مثبَّتة على شمعة 19:00Z (من cbar)
22:32 KSA · REGULAR · scanner    · بدء المسح · 50 رمزاً · الجلسة REGULAR
22:32 KSA · REGULAR · scanner    · ساعة التأكيد مثبَّتة على شمعة 19:00Z (من cbar)
22:33 KSA · REGULAR · scanner    · بدء المسح · 50 رمزاً · الجلسة REGULAR
22:33 KSA · REGULAR · scanner    · ساعة التأكيد مثبَّتة على شمعة 19:15Z (من cbar)
22:33 KSA · REGULAR · signal     · COST · rsiDiv ▲ 56 · 1h
22:34 KSA · REGULAR · scanner    · بدء المسح · 50 رمزاً · الجلسة REGULAR
22:34 KSA · REGULAR · scanner    · ساعة التأكيد مثبَّتة على شمعة 19:15Z (من cbar)
22:36 KSA · REGULAR · scanner    · بدء المسح · 50 رمزاً · الجلسة REGULAR
22:36 KSA · REGULAR · scanner    · ساعة التأكيد مثبَّتة على شمعة 19:15Z (من cbar)
22:38 KSA · REGULAR · scanner    · بدء المسح · 50 رمزاً · الجلسة REGULAR
22:38 KSA · REGULAR · scanner    · ساعة التأكيد مثبَّتة على شمعة 19:15Z (من cbar)
22:40 KSA · REGULAR · scanner    · بدء المسح · 50 رمزاً · الجلسة REGULAR
22:40 KSA · REGULAR · scanner    · ساعة التأكيد مثبَّتة على شمعة 19:15Z (من cbar)
22:42 KSA · REGULAR · scanner    · بدء المسح · 50 رمزاً · الجلسة REGULAR
22:42 KSA · REGULAR · scanner    · ساعة التأكيد مثبَّتة على شمعة 19:15Z (من cbar)
22:44 KSA · REGULAR · scanner    · بدء المسح · 50 رمزاً · الجلسة REGULAR
22:44 KSA · REGULAR · scanner    · ساعة التأكيد مثبَّتة على شمعة 19:15Z (من cbar)
22:46 KSA · REGULAR · scanner    · بدء المسح · 50 رمزاً · الجلسة REGULAR
22:46 KSA · REGULAR · scanner    · ساعة التأكيد مثبَّتة على شمعة 19:15Z (من cbar)
22:48 KSA · REGULAR · scanner    · بدء المسح · 50 رمزاً · الجلسة REGULAR
22:48 KSA · REGULAR · scanner    · ساعة التأكيد مثبَّتة على شمعة 19:30Z (من cbar)
22:48 KSA · REGULAR · signal     · COST · orb ▲ 57 · 15m
22:48 KSA · REGULAR · signal     · ALAB · vwapRec ▲ 93 · 15m
22:48 KSA · REGULAR · signal     · RDDT · brk ▼ 91 · 15m
22:48 KSA · REGULAR · scanner    · بدء المسح · 50 رمزاً · الجلسة REGULAR
22:48 KSA · REGULAR · scanner    · ساعة التأكيد مثبَّتة على شمعة 19:30Z (من cbar)
22:50 KSA · REGULAR · scanner    · بدء المسح · 50 رمزاً · الجلسة REGULAR
22:50 KSA · REGULAR · scanner    · ساعة التأكيد مثبَّتة على شمعة 19:30Z (من cbar)
22:51 KSA · REGULAR · scanner    · بدء المسح · 50 رمزاً · الجلسة REGULAR
22:51 KSA · REGULAR · scanner    · ساعة التأكيد مثبَّتة على شمعة 19:30Z (من cbar)
22:52 KSA · REGULAR · scanner    · بدء المسح · 50 رمزاً · الجلسة REGULAR
22:52 KSA · REGULAR · scanner    · ساعة التأكيد مثبَّتة على شمعة 19:30Z (من cbar)
22:54 KSA · REGULAR · scanner    · بدء المسح · 50 رمزاً · الجلسة REGULAR
22:54 KSA · REGULAR · scanner    · ساعة التأكيد مثبَّتة على شمعة 19:30Z (من cbar)
22:56 KSA · REGULAR · scanner    · بدء المسح · 50 رمزاً · الجلسة REGULAR
22:56 KSA · REGULAR · scanner    · ساعة التأكيد مثبَّتة على شمعة 19:30Z (من cbar)
22:58 KSA · REGULAR · scanner    · بدء المسح · 50 رمزاً · الجلسة REGULAR
22:58 KSA · REGULAR · scanner    · ساعة التأكيد مثبَّتة على شمعة 19:30Z (من cbar)
23:00 KSA · AFTER   · scanner    · بدء المسح · 50 رمزاً · الجلسة AFTER
23:00 KSA · AFTER   · scanner    · ساعة التأكيد مثبَّتة على شمعة 19:30Z (من cbar)
23:02 KSA · AFTER   · scanner    · بدء المسح · 50 رمزاً · الجلسة AFTER
23:02 KSA · AFTER   · scanner    · ساعة التأكيد مثبَّتة على شمعة 19:30Z (من cbar)
23:03 KSA · AFTER   · scanner    · بدء المسح · 50 رمزاً · الجلسة AFTER
23:03 KSA · AFTER   · scanner    · ساعة التأكيد مثبَّتة على شمعة 19:45Z (من cbar)
23:03 KSA · AFTER   · signal     · GOOGL · volSpike ▲ 100 · 15m · جلسة ممتدة
23:03 KSA · AFTER   · signal     · INTC · meanRev ▲ 85 · 15m · جلسة ممتدة
23:03 KSA · AFTER   · signal     · ORCL · meanRev ▲ 65 · 15m · جلسة ممتدة
23:04 KSA · AFTER   · scanner    · بدء المسح · 50 رمزاً · الجلسة AFTER
23:04 KSA · AFTER   · scanner    · ساعة التأكيد مثبَّتة على شمعة 19:45Z (من cbar)
23:06 KSA · AFTER   · scanner    · بدء المسح · 50 رمزاً · الجلسة AFTER
23:06 KSA · AFTER   · scanner    · ساعة التأكيد مثبَّتة على شمعة 19:45Z (من cbar)
23:08 KSA · AFTER   · scanner    · بدء المسح · 50 رمزاً · الجلسة AFTER
23:08 KSA · AFTER   · scanner    · ساعة التأكيد مثبَّتة على شمعة 19:45Z (من cbar)
23:10 KSA · AFTER   · scanner    · بدء المسح · 50 رمزاً · الجلسة AFTER
23:10 KSA · AFTER   · scanner    · ساعة التأكيد مثبَّتة على شمعة 19:45Z (من cbar)
23:12 KSA · AFTER   · scanner    · بدء المسح · 50 رمزاً · الجلسة AFTER
23:12 KSA · AFTER   · scanner    · ساعة التأكيد مثبَّتة على شمعة 19:45Z (من cbar)
23:14 KSA · AFTER   · scanner    · بدء المسح · 50 رمزاً · الجلسة AFTER
23:14 KSA · AFTER   · scanner    · ساعة التأكيد مثبَّتة على شمعة 19:45Z (من cbar)
23:16 KSA · AFTER   · scanner    · بدء المسح · 50 رمزاً · الجلسة AFTER
23:16 KSA · AFTER   · scanner    · ساعة التأكيد مثبَّتة على شمعة 19:45Z (من cbar)
23:18 KSA · AFTER   · scanner    · بدء المسح · 50 رمزاً · الجلسة AFTER
23:18 KSA · AFTER   · scanner    · ساعة التأكيد مثبَّتة على شمعة 19:45Z (من cbar)
23:18 KSA · AFTER   · scanner    · بدء المسح · 50 رمزاً · الجلسة AFTER
23:18 KSA · AFTER   · scanner    · ساعة التأكيد مثبَّتة على شمعة 19:45Z (من cbar)
23:20 KSA · AFTER   · scanner    · بدء المسح · 50 رمزاً · الجلسة AFTER
23:20 KSA · AFTER   · scanner    · ساعة التأكيد مثبَّتة على شمعة 19:45Z (من cbar)
23:21 KSA · AFTER   · scanner    · بدء المسح · 50 رمزاً · الجلسة AFTER
23:21 KSA · AFTER   · scanner    · ساعة التأكيد مثبَّتة على شمعة 19:45Z (من cbar)
23:22 KSA · AFTER   · scanner    · بدء المسح · 50 رمزاً · الجلسة AFTER
23:22 KSA · AFTER   · scanner    · ساعة التأكيد مثبَّتة على شمعة 19:45Z (من cbar)
23:24 KSA · AFTER   · scanner    · بدء المسح · 50 رمزاً · الجلسة AFTER
23:24 KSA · AFTER   · scanner    · ساعة التأكيد مثبَّتة على شمعة 19:45Z (من cbar)
23:26 KSA · AFTER   · scanner    · بدء المسح · 50 رمزاً · الجلسة AFTER
23:26 KSA · AFTER   · scanner    · ساعة التأكيد مثبَّتة على شمعة 19:45Z (من cbar)
23:28 KSA · AFTER   · scanner    · بدء المسح · 50 رمزاً · الجلسة AFTER
23:28 KSA · AFTER   · scanner    · ساعة التأكيد مثبَّتة على شمعة 19:45Z (من cbar)
23:30 KSA · AFTER   · scanner    · بدء المسح · 50 رمزاً · الجلسة AFTER
23:30 KSA · AFTER   · scanner    · ساعة التأكيد مثبَّتة على شمعة 19:45Z (من cbar)
23:32 KSA · AFTER   · scanner    · بدء المسح · 50 رمزاً · الجلسة AFTER
23:32 KSA · AFTER   · scanner    · ساعة التأكيد مثبَّتة على شمعة 19:45Z (من cbar)
23:33 KSA · AFTER   · scanner    · بدء المسح · 50 رمزاً · الجلسة AFTER
23:33 KSA · AFTER   · scanner    · ساعة التأكيد مثبَّتة على شمعة 19:45Z (من cbar)
23:34 KSA · AFTER   · scanner    · بدء المسح · 50 رمزاً · الجلسة AFTER
23:34 KSA · AFTER   · scanner    · ساعة التأكيد مثبَّتة على شمعة 19:45Z (من cbar)
23:36 KSA · AFTER   · scanner    · بدء المسح · 50 رمزاً · الجلسة AFTER
23:36 KSA · AFTER   · scanner    · ساعة التأكيد مثبَّتة على شمعة 19:45Z (من cbar)
23:38 KSA · AFTER   · scanner    · بدء المسح · 50 رمزاً · الجلسة AFTER
23:38 KSA · AFTER   · scanner    · ساعة التأكيد مثبَّتة على شمعة 19:45Z (من cbar)
23:40 KSA · AFTER   · scanner    · بدء المسح · 50 رمزاً · الجلسة AFTER
23:40 KSA · AFTER   · scanner    · ساعة التأكيد مثبَّتة على شمعة 19:45Z (من cbar)
23:42 KSA · AFTER   · scanner    · بدء المسح · 50 رمزاً · الجلسة AFTER
23:42 KSA · AFTER   · scanner    · ساعة التأكيد مثبَّتة على شمعة 19:45Z (من cbar)
23:44 KSA · AFTER   · scanner    · بدء المسح · 50 رمزاً · الجلسة AFTER
23:44 KSA · AFTER   · scanner    · ساعة التأكيد مثبَّتة على شمعة 19:45Z (من cbar)
23:46 KSA · AFTER   · scanner    · بدء المسح · 50 رمزاً · الجلسة AFTER
23:46 KSA · AFTER   · scanner    · ساعة التأكيد مثبَّتة على شمعة 19:45Z (من cbar)
23:48 KSA · AFTER   · scanner    · بدء المسح · 50 رمزاً · الجلسة AFTER
23:48 KSA · AFTER   · scanner    · ساعة التأكيد مثبَّتة على شمعة 19:45Z (من cbar)
23:48 KSA · AFTER   · scanner    · بدء المسح · 50 رمزاً · الجلسة AFTER
23:48 KSA · AFTER   · scanner    · ساعة التأكيد مثبَّتة على شمعة 19:45Z (من cbar)
23:50 KSA · AFTER   · scanner    · بدء المسح · 50 رمزاً · الجلسة AFTER
23:50 KSA · AFTER   · scanner    · ساعة التأكيد مثبَّتة على شمعة 19:45Z (من cbar)
23:51 KSA · AFTER   · scanner    · بدء المسح · 50 رمزاً · الجلسة AFTER
23:51 KSA · AFTER   · scanner    · ساعة التأكيد مثبَّتة على شمعة 19:45Z (من cbar)
23:52 KSA · AFTER   · scanner    · بدء المسح · 50 رمزاً · الجلسة AFTER
23:52 KSA · AFTER   · scanner    · ساعة التأكيد مثبَّتة على شمعة 19:45Z (من cbar)
23:54 KSA · AFTER   · scanner    · بدء المسح · 50 رمزاً · الجلسة AFTER
23:54 KSA · AFTER   · scanner    · ساعة التأكيد مثبَّتة على شمعة 19:45Z (من cbar)
23:56 KSA · AFTER   · scanner    · بدء المسح · 50 رمزاً · الجلسة AFTER
23:56 KSA · AFTER   · scanner    · ساعة التأكيد مثبَّتة على شمعة 19:45Z (من cbar)
23:58 KSA · AFTER   · scanner    · بدء المسح · 50 رمزاً · الجلسة AFTER
23:58 KSA · AFTER   · scanner    · ساعة التأكيد مثبَّتة على شمعة 19:45Z (من cbar)
